token_id,speaker,tu_id,unit,id,span,form,lemma,upos,jefferson_feats
0-0,BOR005,0,0,1,allora,allora,allora,ADV,_
1-0,BOR005,1,1,1,inizio,inizio,iniziare,VERB,_
1-1,BOR005,1,1,2,subito,subito,subito,ADV,_
1-2,BOR005,1,1,3-4,chiedendole,chiedendole,_,_,_
1-2a,_,_,1,3,_,chiedendo,chiedere,VERB,_
1-2b,_,_,1,4,_,le,le,PRON,_
1-3,BOR005,1,1,5,{P},{P},_,_,_
1-4,BOR005,1,1,6,in,in,in,ADP,_
1-5,BOR005,1,1,7,che,che,che,DET,_
1-6,BOR005,1,1,8,quartiere,quartiere,quartiere,NOUN,_
1-7,BOR005,1,1,9,di,di,di,ADP,_
1-8,BOR005,1,1,10,bologna,bologna,Bologna,PROPN,_
1-9,BOR005,1,1,11,vive?,vive,vivere,VERB,Intonation=rising
2-0,BOI019,2,2,1,quartiere,quartiere,quartiere,NOUN,_
2-1,BOI019,2,2,2,saragozza,saragozza,Saragozza,PROPN,_
3-0,BOI019,3,3,1,attualmente,attualmente,attualmente,ADV,_
3-1,BOI019,3,3,2,si,si,si,PRON,_
3-2,BOI019,3,3,3,dice,dice,dire,VERB,_
3-3,BOI019,3,3,4,saragozza,saragozza,Saragozza,PROPN,_
3-4,BOI019,3,3,5,porto,porto,Porto,PROPN,_
3-5,BOI019,3,3,6,perché,perché,perché,SCONJ,_
4-0,BOI019,4,4,1,questo,questo,questo,DET,_
4-1,BOI019,4,4,2,quartiere,quartiere,quartiere,NOUN,_
4-2,BOI019,4,4,3,è,è,essere,AUX,_
4-3,BOI019,4,4,4,diventato,diventato,diventare,VERB,_
4-4,BOI019,4,4,5,ancora,ancora,ancora,ADV,_
4-5,BOI019,4,4,6,più,più,più,ADV,_
4-6,BOI019,4,4,7,gra:nde,grande,grande,ADJ,_
4-7,BOI019,4,4,8,credo,credo,credere,VERB,_
4-8,BOI019,4,4,9,che,che,che,SCONJ,_
4-9,BOI019,4,4,10,abbia,abbia,avere,VERB,_
4-10,BOI019,4,4,11,più,più,più,ADV,_
4-11,BOI019,4,4,12,di,di,di,ADP,_
4-12,BOI019,4,4,13,sessantamila,sessantamila,sessantamila,NUM,_
4-13,BOI019,4,4,14,,,,,_
4-14,BOI019,4,4,15,persone,persone,persona,NOUN,_
5-0,BOR005,5,5,1,ah,ah,ah,INTJ,_
5-1,BOR005,5,5,2,mo:lte,molte,molto,PRON,_
5-2,BOR005,5,5,3,quind[i],quindi,quindi,ADV,_
6-0,BOI019,6,6,1,[s]ì,sì,sì,ADV,_
7-0,BOR005,7,7,1,e,e,e,CCONJ,_
7-1,BOR005,7,7,2,[si,si,si,PRON,_
7-2,BOR005,7,7,3,trova,trova,trovare,VERB,_
7-3,BOR005,7,7,4,bene,bene,bene,ADV,_
7-4,BOR005,7,7,5,qua]?,qua,qua,ADV,Intonation=rising
8-0,BOI019,8,8,1,[quindi,quindi,quindi,ADV,_
8-1,BOI019,8,8,2,sa]ragozza,saragozza,Saragozza,PROPN,_
8-2,BOI019,8,8,3,porto,porto,Porto,PROPN,_
9-0,BOI019,9,9,1,benissimo,benissimo,bene,ADV,_
9-1,BOI019,9,9,2,son,sono,essere,VERB,_
9-2,BOI019,9,9,3,cinquant',cinquant',cinquanta,NUM,SpaceAfter=No
9-3,BOI019,9,9,4,anni,anni,anno,NOUN,_
9-4,BOI019,9,9,5,che,che,che,PRON,_
9-5,BOI019,9,9,6,abi~,abito,abitare,VERB,Interrupted=Yes
9-6,BOI019,9,9,7,sessant',sessant',sessanta,NUM,SpaceAfter=No
9-7,BOI019,9,9,8,anni,anni,anno,NOUN,_
10-0,BOI019,10,10,1,che,che,che,SCONJ,_
10-1,BOI019,10,10,2,abito,abito,abitare,VERB,_
10-2,BOI019,10,10,3,in,in,in,ADP,_
10-3,BOI019,10,10,4,questo,questo,questo,DET,_
10-4,BOI019,10,10,5,quartie:re,quartiere,quartiere,NOUN,_
11-0,BOR005,11,11,1,mhmh,mhmh,mhmh,INTJ,_
12-0,BOI019,12,12,1,un,un,uno,DET,_
12-1,BOI019,12,12,2,quartiere,quartiere,quartiere,NOUN,_
12-2,BOI019,12,12,3,che:,che,che,PRON,_
12-3,BOI019,12,12,4,{P},{P},_,_,_
12-4,BOI019,12,12,5,è,è,essere,AUX,_
12-5,BOI019,12,12,6,diventato,diventato,diventare,VERB,_
12-6,BOI019,12,12,7,anche,anche,anche,ADV,_
12-7,BOI019,12,12,8,direi,direi,dire,VERB,_
13-0,BOI019,13,13,1,eh,eh,eh,INTJ,_
13-1,BOI019,13,13,2,più,più,più,ADV,_
13-2,BOI019,13,13,3,abitato,abitato,abitare,VERB,_
13-3,BOI019,13,13,4,di,di,di,ADP,_
13-4,BOI019,13,13,5,quando,quando,quando,SCONJ,_
13-5,BOI019,13,13,6,io,io,io,PRON,_
13-6,BOI019,13,13,7,abitavo,abitavo,abitare,VERB,_
13-7,BOI019,13,13,8,qui,qui,qui,ADV,_
14-0,BOI019,14,14,1,perché,perché,perché,SCONJ,_
14-1,BOI019,14,14,2,son,son,essere,AUX,_
14-2,BOI019,14,14,3,state,state,essere,AUX,_
14-3,BOI019,14,14,4,costruite,costruite,costruire,VERB,_
14-4,BOI019,14,14,5,poi,poi,poi,ADV,_
14-5,BOI019,14,14,6,ta:nte,tante,tanto,DET,_
14-6,BOI019,14,14,7,case,case,casa,NOUN,_
14-7,BOI019,14,14,8,eh,eh,eh,INTJ,_
15-0,BOI019,15,15,1,quando,quando,quando,SCONJ,_
15-1,BOI019,15,15,2,sono,sono,essere,AUX,_
15-2,BOI019,15,15,3,arrivata,arrivata,arrivare,VERB,_
15-3,BOI019,15,15,4,questa,questa,questo,DET,_
15-4,BOI019,15,15,5,mia,mia,mio,ADJ,_
15-5,BOI019,15,15,6,casa,casa,casa,NOUN,_
15-6,BOI019,15,15,7,non,non,non,ADV,_
15-7,BOI019,15,15,8,c',c',ci,PRON,SpaceAfter=No
15-8,BOI019,15,15,9,e:ra,era,essere,VERB,_
15-9,BOI019,15,15,10,per,per,per,ADP,_
15-10,BOI019,15,15,11,esemp[io],esempio,esempio,NOUN,_
16-0,BOR005,16,16,1,[ah]:,ah,ah,INTJ,_
17-0,BOI019,17,17,1,non,non,non,ADV,_
17-1,BOI019,17,17,2,c',c',ci,PRON,SpaceAfter=No
17-2,BOI019,17,17,3,era,era,essere,VERB,_
18-0,BOR005,18,18,1,[ed,ed,e,CCONJ,_
18-1,BOR005,18,18,2,è,è,essere,AUX,_
18-2,BOR005,18,18,3,cambiato],cambiato,cambiare,VERB,_
19-0,BOI019,19,19,1-2,[negli,negli,_,_,_
19-0a,_,_,19,1,_,in,in,ADP,_
19-0b,_,_,19,2,_,gli,il,DET,_
19-1,BOI019,19,19,3,a~,anni,anno,NOUN,Interrupted=Yes
19-2,BOI019,19,19,4,gli,gli,il,DET,_
19-3,BOI019,19,19,5,an]ni,anni,anno,NOUN,_
19-4,BOI019,19,19,6,sessanta,sessanta,sessanta,NUM,_
19-5,BOI019,19,19,7-8,negli,negli,_,_,_
19-5a,_,_,19,7,_,in,in,ADP,_
19-5b,_,_,19,8,_,gli,il,DET,_
19-6,BOI019,19,19,9,anni,anni,anno,NOUN,_
19-7,BOI019,19,19,10,sessanta,sessanta,sessanta,NUM,_
19-8,BOI019,19,19,11,questa,questa,questo,DET,_
19-9,BOI019,19,19,12,casa,casa,casa,NOUN,_
19-10,BOI019,19,19,13,non,non,non,ADV,_
19-11,BOI019,19,19,14,c',c',ci,PRON,SpaceAfter=No
19-12,BOI019,19,19,15,era,era,essere,VERB,_
19-13,BOI019,19,19,16,{P},{P},_,_,_
19-14,BOI019,19,19,17,c',c',ci,PRON,SpaceAfter=No
19-15,BOI019,19,19,18,erano,erano,essere,VERB,_
19-16,BOI019,19,19,19,due,due,due,NUM,_
19-17,BOI019,19,19,20,villette,villette,villetta,NOUN,_
20-0,BOR005,20,20,1,e,e,e,CCONJ,_
20-1,BOR005,20,20,2,basta,basta,bastare,VERB,_
20-2,BOR005,20,20,3,{ride},{ride},_,_,_
21-0,BOI019,21,21,1,e,e,e,CCONJ,_
21-1,BOI019,21,21,2,basta,basta,bastare,VERB,_
21-2,BOI019,21,21,3,c',c',ci,PRON,SpaceAfter=No
21-3,BOI019,21,21,4,è,è,essere,AUX,_
21-4,BOI019,21,21,5,rimasta,rimasta,rimanere,VERB,_
21-5,BOI019,21,21,6,la,la,il,DET,_
21-6,BOI019,21,21,7,testimonianza,testimonianza,testimonianza,NOUN,_
21-7,BOI019,21,21,8,di,di,di,ADP,_
21-8,BOI019,21,21,9,un,un,uno,DET,_
21-9,BOI019,21,21,10,abete,abete,abete,NOUN,_
21-10,BOI019,21,21,11,bellissimo,bellissimo,bello,ADJ,_
22-0,BOR005,22,22,1,e,e,e,CCONJ,_
22-1,BOR005,22,22,2,quindi,quindi,quindi,ADV,_
22-2,BOR005,22,22,3,il,il,il,DET,_
22-3,BOR005,22,22,4,quartiere,quartiere,quartiere,NOUN,_
22-4,BOR005,22,22,5,è,è,essere,AUX,_
22-5,BOR005,22,22,6,cambiato,cambiato,cambiare,VERB,_
22-6,BOR005,22,22,7,molto,molto,molto,ADV,_
22-7,BOR005,22,22,8,in,in,in,ADP,_
22-8,BOR005,22,22,9,que[sti,questi,questo,DET,_
22-9,BOR005,22,22,10,anni],anni,anno,NOUN,_
23-0,BOI019,23,23,1,[il,il,il,DET,_
23-1,BOI019,23,23,2,cambiere],cambiere,cambiere,NOUN,_
23-2,BOI019,23,23,3,è,è,essere,AUX,_
23-3,BOI019,23,23,4,cambiato,cambiato,cambiare,VERB,_
23-4,BOI019,23,23,5,molto,molto,molto,ADV,_
24-0,BOR005,24,24,1,ma,ma,ma,CCONJ,_
24-1,BOR005,24,24,2,solo,solo,solo,ADV,_
24-2,BOR005,24,24,3,a,a,a,ADP,_
24-3,BOR005,24,24,4,livello,livello,livello,NOUN,_
24-4,BOR005,24,24,5,diciamo,diciamo,dire,VERB,_
24-5,BOR005,24,24,6,di,di,di,ADP,_
24-6,BOR005,24,24,7,struttura,struttura,struttura,NOUN,_
24-7,BOR005,24,24,8,o,o,o,CCONJ,_
24-8,BOR005,24,24,9,anche,anche,anche,ADV,_
24-9,BOR005,24,24,10,di,di,di,ADP,_
24-10,BOR005,24,24,11,persone,persone,persona,NOUN,_
24-11,BOR005,24,24,12,che,che,che,PRON,_
24-12,BOR005,24,24,13,la,la,la,PRON,_
24-13,BOR005,24,24,14,abitano,abitano,abitare,VERB,_
24-14,BOR005,24,24,15,che,che,che,SCONJ,_
24-15,BOR005,24,24,16,ci,ci,ci,PRON,_
24-16,BOR005,24,24,17,lavorano:,lavorano,lavorare,VERB,_
25-0,BOR005,25,25,1,lo,lo,lo,PRON,_
25-1,BOR005,25,25,2,vede,vede,vedere,VERB,_
25-2,BOR005,25,25,3,molto,molto,molto,ADV,_
25-3,BOR005,25,25,4,cambiato,cambiato,cambiare,VERB,_
25-4,BOR005,25,25,5,questo,questo,questo,DET,_
25-5,BOR005,25,25,6,quartiere?,quartiere,quartiere,NOUN,Intonation=rising
26-0,BOI019,26,26,1,mah,mah,mah,INTJ,_
26-1,BOI019,26,26,2,ehm,ehm,ehm,INTJ,_
27-0,BOI019,27,27,1,io,io,io,PRON,_
27-1,BOI019,27,27,2,penso,penso,pensare,VERB,_
27-2,BOI019,27,27,3,che,che,che,SCONJ,_
27-3,BOI019,27,27,4,c',c',ci,PRON,SpaceAfter=No
27-4,BOI019,27,27,5,era,era,essere,AUX,_
27-5,BOI019,27,27,6,più,più,più,ADV,_
27-6,BOI019,27,27,7,artigianato,artigianato,artigianato,NOUN,_
27-7,BOI019,27,27,8,una,una,uno,DET,_
27-8,BOI019,27,27,9,[vol]ta,volta,volta,NOUN,_
28-0,BOR005,28,28,1,[mh],mh,mh,INTJ,_
29-0,BOR005,29,29,1,probabile,probabile,probabile,ADJ,_
29-1,BOR005,29,29,2,sì,sì,sì,ADV,_
30-0,BOI019,30,30,1,sì,sì,sì,ADV,_
30-1,BOI019,30,30,2,anche,anche,anche,ADV,_
30-2,BOI019,30,30,3,i,i,il,DET,_
30-3,BOI019,30,30,4,portici,portici,portico,NOUN,_
30-4,BOI019,30,30,5,me,me,me,PRON,_
30-5,BOI019,30,30,6,li,li,li,PRON,_
30-6,BOI019,30,30,7,ricordo,ricordo,ricordare,VERB,_
30-7,BOI019,30,30,8,abita:ti,abitati,abitare,VERB,_
31-0,BOI019,31,31,1,abitati,abitati,abitare,VERB,_
31-1,BOI019,31,31,2,da,da,da,ADP,_
31-2,BOI019,31,31,3,da:,da,da,ADP,_
31-3,BOI019,31,31,4,calzolai,calzolai,calzolaio,NOUN,_
31-4,BOI019,31,31,5,e::h,eh,eh,INTJ,_
31-5,BOI019,31,31,6,sarti?,sarti,sarto,NOUN,Intonation=rising
32-0,BOI019,32,32,1,e::h,eh,eh,INTJ,_
33-0,BOI019,33,33,1,queste,queste,questo,DET,_
33-1,BOI019,33,33,2,queste,queste,questo,DET,_
33-2,BOI019,33,33,3,figure,figure,figura,NOUN,_
33-3,BOI019,33,33,4,sono,sono,essere,AUX,_
33-4,BOI019,33,33,5,sparite,sparite,sparire,VERB,_
33-5,BOI019,33,33,6,{P},{P},_,_,_
33-6,BOI019,33,33,7,gli,gli,il,DET,_
33-7,BOI019,33,33,8,artigiani,artigiani,artigiano,NOUN,_
33-8,BOI019,33,33,9,non,non,non,ADV,_
33-9,BOI019,33,33,10,esistono,esistono,esistere,VERB,_
33-10,BOI019,33,33,11,più,più,più,ADV,_
34-0,BOI019,34,34,1,ma,ma,ma,CCONJ,_
34-1,BOI019,34,34,2-3,negli,negli,_,_,_
34-1a,_,_,34,2,_,in,in,ADP,_
34-1b,_,_,34,3,_,gli,il,DET,_
34-2,BOI019,34,34,4,anni,anni,anno,NOUN,_
34-3,BOI019,34,34,5,sessanta,sessanta,sessanta,NUM,_
34-4,BOI019,34,34,6,c',c',ci,PRON,SpaceAfter=No
34-5,BOI019,34,34,7,erano,erano,essere,AUX,_
34-6,BOI019,34,34,8,ancora,ancora,ancora,ADV,_
35-0,BOR005,35,35,1,ad,ad,a,ADP,_
35-1,BOR005,35,35,2,esempio,esempio,esempio,NOUN,_
35-2,BOR005,35,35,3,quali,quali,quale,DET,_
35-3,BOR005,35,35,4,{P},{P},_,_,_
35-4,BOR005,35,35,5,questi,questi,questo,DET,_
35-5,BOR005,35,35,6,artigiani,artigiani,artigiano,NOUN,_
35-6,BOR005,35,35,7,che,che,che,PRON,_
35-7,BOR005,35,35,8,mestieri,mestieri,mestiere,NOUN,_
35-8,BOR005,35,35,9,facevano,facevano,fare,VERB,_
35-9,BOR005,35,35,10,cioè,cioè,cioè,ADV,_
35-10,BOR005,35,35,11,magari,magari,magari,ADV,_
35-11,BOR005,35,35,12,"falegnami,",falegnami,falegname,NOUN,Intonation=weakly_rising
35-12,BOR005,35,35,13,[arrotini]?,arrotini,arrotino,NOUN,Intonation=rising
36-0,BOI019,36,36,1,[sì,sì,sì,ADV,_
36-1,BOI019,36,36,2,sì,sì,sì,ADV,_
36-2,BOI019,36,36,3,sì],sì,sì,ADV,_
36-3,BOI019,36,36,4,sì,sì,sì,ADV,_
36-4,BOI019,36,36,5,c',c',ci,PRON,SpaceAfter=No
36-5,BOI019,36,36,6,erano,erano,essere,AUX,_
36-6,BOI019,36,36,7,c',c',ci,PRON,SpaceAfter=No
36-7,BOI019,36,36,8,erano,erano,essere,VERB,_
37-0,BOR005,37,37,1,ah,ah,ah,INTJ,_
37-1,BOR005,37,37,2,okay,okay,okay,INTJ,_
37-2,BOR005,37,37,3,e:h,eh,eh,INTJ,_
38-0,BOI019,38,38,1,sono,sono,essere,AUX,_
38-1,BOI019,38,38,2,partita,partita,partire,NOUN,_
38-2,BOI019,38,38,3,sono,sono,essere,AUX,_
38-3,BOI019,38,38,4,sono,sono,essere,AUX,_
39-0,BOI019,39,39,1,e,e,e,CCONJ,_
39-1,BOI019,39,39,2,poi,poi,poi,ADV,_
39-2,BOI019,39,39,3,da:,da,da,ADP,_
39-3,BOI019,39,39,4,da:,da,da,ADP,_
39-4,BOI019,39,39,5,da,da,da,ADP,_
39-5,BOI019,39,39,6,oltre,oltre,oltre,ADV,_
39-6,BOI019,39,39,7,dieci,dieci,dieci,NUM,_
39-7,BOI019,39,39,8,anni,anni,anno,NOUN,_
39-8,BOI019,39,39,9,dieci,dieci,dieci,NUM,_
39-9,BOI019,39,39,10,anni,anni,anno,NOUN,_
40-0,BOI019,40,40,1,sono,sono,essere,AUX,_
40-1,BOI019,40,40,2,sparite,sparite,sparire,VERB,_
40-2,BOI019,40,40,3,anche,anche,anche,ADV,_
40-3,BOI019,40,40,4,le,le,il,DET,_
40-4,BOI019,40,40,5,piccole,piccole,piccolo,ADJ,_
40-5,BOI019,40,40,6,botteghe,botteghe,bottega,NOUN,_
41-0,BOR005,41,41,1,mh,mh,mh,INTJ,_
42-0,BOI019,42,42,1,le,le,il,DET,_
42-1,BOI019,42,42,2,piccole,piccole,piccolo,ADJ,_
42-2,BOI019,42,42,3,b~,b~,b~,X,Interrupted=Yes
42-3,BOI019,42,42,4,il,il,il,DET,_
42-4,BOI019,42,42,5,"lattaio,",lattaio,lattaio,NOUN,Intonation=weakly_rising
43-0,BOI019,43,43,1,il,il,il,DET,_
43-1,BOI019,43,43,2,fornaio,fornaio,fornaio,NOUN,_
44-0,BOR005,44,44,1,ah,ah,ah,INTJ,_
44-1,BOR005,44,44,2,quindi,quindi,quindi,ADV,_
44-2,BOR005,44,44,3,anche::,anche,anche,ADV,_
45-0,BOR005,45,45,1,cioè,cioè,cioè,ADV,_
45-1,BOR005,45,45,2,tutte,tutte,tutto,PRON,_
45-2,BOR005,45,45,3,per,per,per,ADP,_
45-3,BOR005,45,45,4,le,le,il,DET,_
45-4,BOR005,45,45,5,piccole,piccole,piccolo,ADJ,_
45-5,BOR005,45,45,6,botteghe,botteghe,bottega,NOUN,_
45-6,BOR005,45,45,7,proprio,proprio,proprio,ADV,_
46-0,BOI019,46,46,1,que~,que~,que~,X,Interrupted=Yes
46-1,BOI019,46,46,2,questo,questo,questo,PRON,_
46-2,BOI019,46,46,3-4,nella,nella,_,_,_
46-2a,_,_,46,3,_,in,in,ADP,_
46-2b,_,_,46,4,_,la,il,DET,_
46-3,BOI019,46,46,5,zona,zona,zona,NOUN,_
47-0,BOI019,47,47,1,saragozza,saragozza,Saragozza,PROPN,_
48-0,BOR005,48,48,1,mhmh,mhmh,mhmh,INTJ,_
49-0,BOI019,49,49,1,perché,perché,perché,SCONJ,_
49-1,BOI019,49,49,2,vedo,vedo,vedere,VERB,_
49-2,BOI019,49,49,3,invece,invece,invece,ADV,_
49-3,BOI019,49,49,4,che,che,che,SCONJ,_
49-4,BOI019,49,49,5,in,in,in,ADP,_
49-5,BOI019,49,49,6,via,via,via,NOUN,_
49-6,BOI019,49,49,7,andrea,andrea,Andrea,PROPN,_
49-7,BOI019,49,49,8,costa,costa,Costa,PROPN,_
50-0,BOR005,50,50,1,mhmh,mhmh,mhmh,INTJ,_
51-0,BOI019,51,51,1,che,che,che,SCONJ,_
51-1,BOI019,51,51,2,diciamo:,diciamo,dire,VERB,_
51-2,BOI019,51,51,3,la,la,il,DET,_
51-3,BOI019,51,51,4,parallela,parallela,parallela,NOUN,_
51-4,BOI019,51,51,5,a,a,a,ADP,_
51-5,BOI019,51,51,6,saragozza,saragozza,Saragozza,PROPN,_
52-0,BOI019,52,52,1,sono,sono,essere,AUX,_
52-1,BOI019,52,52,2,ancora,ancora,ancora,ADV,_
52-2,BOI019,52,52,3,molto,molto,molto,ADV,_
52-3,BOI019,52,52,4,presenti,presenti,presente,ADJ,_
52-4,BOI019,52,52,5,queste,queste,questo,PRON,_
53-0,BOR005,53,53,1,sì,sì,sì,ADV,_
53-1,BOR005,53,53,2,sì,sì,sì,ADV,_
53-2,BOR005,53,53,3,anche,anche,anche,ADV,_
53-3,BOR005,53,53,4,in,in,in,ADP,_
53-4,BOR005,53,53,5,via,via,via,NOUN,_
53-5,BOR005,53,53,6,saffi,saffi,Saffi,PROPN,_
53-6,BOR005,53,53,7,le::,le,il,PRON,_
53-7,BOR005,53,53,8,ancora,ancora,ancora,ADV,_
53-8,BOR005,53,53,9,ce,ce,ce,PRON,_
53-9,BOR005,53,53,10,ne,ne,ne,PRON,_
53-10,BOR005,53,53,11,sono,sono,essere,AUX,_
54-0,BOI019,54,54,1,sì,sì,sì,ADV,_
55-0,BOR005,55,55,1,quindi,quindi,quindi,ADV,_
55-1,BOR005,55,55,2,ecco,ecco,ecco,ADV,_
55-2,BOR005,55,55,3,è,è,essere,AUX,_
55-3,BOR005,55,55,4,una,una,uno,DET,_
55-4,BOR005,55,55,5,cosa,cosa,cosa,NOUN,_
55-5,BOR005,55,55,6,più,più,più,ADV,_
55-6,BOR005,55,55,7,legata,legata,legare,VERB,_
55-7,BOR005,55,55,8,qua,qua,qua,ADV,_
55-8,BOR005,55,55,9-10,al,al,_,_,_
55-8a,_,_,55,9,_,a,a,ADP,_
55-8b,_,_,55,10,_,il,il,DET,_
55-9,BOR005,55,55,11,quartiere,quartiere,quartiere,NOUN,_
55-10,BOR005,55,55,12,più,più,più,ADV,_
55-11,BOR005,55,55,13,[che,che,che,SCONJ,_
55-12,BOR005,55,55,14,a,a,a,ADP,_
55-13,BOR005,55,55,15,questa,questa,questo,DET,_
55-14,BOR005,55,55,16,via],via,via,NOUN,_
55-15,BOR005,55,55,17,anzi,anzi,anzi,ADV,_
56-0,BOI019,56,56,1,[sì,sì,sì,ADV,_
56-1,BOI019,56,56,2,sì,sì,sì,ADV,_
56-2,BOI019,56,56,3,sì,sì,sì,ADV,_
56-3,BOI019,56,56,4,sì],sì,sì,ADV,_
57-0,BOI019,57,57,1,sì,sì,sì,ADV,_
57-1,BOI019,57,57,2,sì,sì,sì,ADV,_
57-2,BOI019,57,57,3,direi,direi,dire,VERB,_
57-3,BOI019,57,57,4,un,un,un,DET,_
57-4,BOI019,57,57,5,po',po',po',NOUN,_
57-5,BOI019,57,57,6,di,di,di,ADP,_
57-6,BOI019,57,57,7,meno,meno,meno,ADV,_
57-7,BOI019,57,57,8,da,da,da,ADP,_
57-8,BOI019,57,57,9,noi,noi,noi,PRON,_
57-9,BOI019,57,57,10,un,un,un,DET,_
57-10,BOI019,57,57,11,po',po',poco,ADV,_
57-11,BOI019,57,57,12,di,di,di,ADP,_
57-12,BOI019,57,57,13,meno,meno,meno,ADV,_
58-0,BOI019,58,58,1,comunque,comunque,comunque,ADV,_
58-1,BOI019,58,58,2,è,è,essere,AUX,_
58-2,BOI019,58,58,3,un,un,un,DET,_
58-3,BOI019,58,58,4,un,un,un,DET,_
58-4,BOI019,58,58,5,quartiere,quartiere,quartiere,NOUN,_
58-5,BOI019,58,58,6,molto,molto,molto,ADV,_
58-6,BOI019,58,58,7,vivo,vivo,vivo,ADJ,_
58-7,BOI019,58,58,8,perché,perché,perché,SCONJ,_
59-0,BOI019,59,59,1,e::h,eh,eh,INTJ,_
59-1,BOI019,59,59,2-3,coi,coi,_,_,_
59-1a,_,_,59,2,_,con,con,ADP,_
59-1b,_,_,59,3,_,i,il,DET,_
59-2,BOI019,59,59,4,portici,portici,portico,NOUN,_
60-0,BOR005,60,60,1,sì,sì,sì,ADV,_
61-0,BOI019,61,61,1,diventa,diventa,diventare,VERB,_
61-1,BOI019,61,61,2,una,una,uno,DET,_
61-2,BOI019,61,61,3,una,una,uno,DET,_
61-3,BOI019,61,61,4,congiunzione,congiunzione,congiunzione,NOUN,_
62-0,BOR005,62,62,1,mhmh,mhmh,mhmh,INTJ,_
63-0,BOI019,63,63,1,con,con,con,ADP,_
63-1,BOI019,63,63,2,con,con,con,ADP,_
63-2,BOI019,63,63,3,la,la,il,DET,_
63-3,BOI019,63,63,4,città,città,città,NOUN,_
64-0,BOR005,64,64,1,anche,anche,anche,ADV,_
64-1,BOR005,64,64,2,xx,x,x,X,_
65-0,BOI019,65,65,1,con,con,con,ADP,_
65-1,BOI019,65,65,2,la,la,il,DET,_
65-2,BOI019,65,65,3,città:,città,città,NOUN,_
65-3,_,_,65,4,_,da,da,ADP,_
65-3,_,_,65,5,_,da,da,ADP,_
65-3,BOI019,65,65,6,dal,dal,-,-,_
,,,,,-,da,da,ADP,
65-4,_,_,65,7,_,il,il,DET,_
65-4,BOI019,65,65,8,da,da,da,ADP,_
65-5,BOI019,65,65,9-9,dal,dal,-,ADP,_
65-5a,,,,,,da,da,ADP,
65-5b,_,_,65,9,_,il,il,DET,_
65-6,BOI019,65,65,10-10,dal,dal,_,_,_
65-6a,_,_,65,10,_,da,da,ADP,_
65-6b,,,,,-,il,il,DET,
65-7,BOI019,65,65,11-11,dal,dal,-,ADP,_
65-7a,,,,,,da,da,ADP,
65-7b,_,_,65,11,_,il,il,DET,_
65-8,BOI019,65,65,12,centro,centro,centro,NOUN,_
66-0,BOI019,66,66,1-2,alla,alla,_,_,_
66-0a,_,_,66,1,_,a,a,ADP,_
66-0b,_,_,66,2,_,la,il,DET,_
66-1,BOI019,66,66,3,periferia,periferia,periferia,NOUN,_
67-0,BOI019,67,67,1-2,dal,dal,_,_,_
67-0a,_,_,67,1,_,da,da,ADP,_
67-0b,_,_,67,2,_,il,il,DET,_
67-1,BOI019,67,67,3,centro,centro,centro,NOUN,_
67-2,BOI019,67,67,4,abitato,abitato,abitare,VERB,_
68-0,BOI019,68,68,1-2,alla::,alla,_,_,_
68-0a,_,_,68,1,_,a,a,ADP,_
68-0b,_,_,68,2,_,la,il,DET,_
69-0,BOI019,69,69,1,direi,direi,dire,VERB,_
69-1,BOI019,69,69,2,quasi,quasi,quasi,ADV,_
70-0,BOI019,70,70,1,anche,anche,anche,ADV,_
70-1,BOI019,70,70,2-3,alla,alla,_,_,_
70-1a,_,_,70,2,_,a,a,ADP,_
70-1b,_,_,70,3,_,la,il,DET,_
70-2,BOI019,70,70,4,"collina,",collina,collina,NOUN,Intonation=weakly_rising
70-3,BOI019,70,70,5,la,la,il,DET,_
70-4,BOI019,70,70,6,co~,co~,co~,X,Interrupted=Yes
70-5,BOI019,70,70,7,la,la,il,DET,_
70-6,BOI019,70,70,8,campagna,campagna,campagna,NOUN,_
71-0,BOR005,71,71,1,però,però,però,ADV,_
71-1,BOR005,71,71,2,adesso,adesso,adesso,ADV,_
71-2,BOR005,71,71,3,che,che,che,SCONJ,_
71-3,BOR005,71,71,4,ha,ha,avere,AUX,_
71-4,BOR005,71,71,5,parlato,parlato,parlare,VERB,_
71-5,BOR005,71,71,6,di,di,di,ADP,_
71-6,BOR005,71,71,7,portici:,portici,portico,NOUN,_
71-7,BOR005,71,71,8,lei,lei,lei,PRON,_
71-8,BOR005,71,71,9,scusi,scusi,scusare,VERB,_
71-9,BOR005,71,71,10,da,da,da,ADP,_
71-10,BOR005,71,71,11,quanti,quanti,quanto,DET,_
71-11,BOR005,71,71,12,anni,anni,anno,NOUN,_
71-12,BOR005,71,71,13,è,è,essere,VERB,_
71-13,BOR005,71,71,14,che,che,che,SCONJ,_
71-14,BOR005,71,71,15,{P},{P},_,_,_
71-15,BOR005,71,71,16,abita,abita,abitare,VERB,_
71-16,BOR005,71,71,17,a,a,a,ADP,_
71-17,BOR005,71,71,18,bologna,bologna,Bologna,PROPN,_
71-18,BOR005,71,71,19-20,dagli,dagli,_,_,_
71-18a,_,_,71,19,_,da,da,ADP,_
71-18b,_,_,71,20,_,gli,il,DET,_
71-19,BOR005,71,71,21,anni,anni,anno,NOUN,_
71-20,BOR005,71,71,22,sessanta,sessanta,sessanta,NUM,_
71-21,BOR005,71,71,23,giusto?,giusto,giusto,ADJ,Intonation=rising
72-0,BOI019,72,72,1,no,no,no,ADV,_
72-1,BOI019,72,72,2,no,no,no,ADV,_
72-2,BOI019,72,72,3-4,dagli,dagli,_,_,_
72-2a,_,_,72,3,_,da,da,ADP,_
72-2b,_,_,72,4,_,gli,il,DET,_
72-3,BOI019,72,72,5,anni,anni,anno,NOUN,_
72-4,BOI019,72,72,6,cinquanta,cinquanta,cinquanta,NUM,_
73-0,BOR005,73,73,1,ah,ah,ah,INTJ,_
73-1,BOR005,73,73,2-3,dagli,dagli,_,_,_
73-1a,_,_,73,2,_,da,da,ADP,_
73-1b,_,_,73,3,_,gli,il,DET,_
73-2,BOR005,73,73,4,anni,anni,anno,NOUN,_
73-3,BOR005,73,73,5,cinquanta,cinquanta,cinquanta,NUM,_
74-0,BOR005,74,74,1,visto,visto,vedere,VERB,_
74-1,BOR005,74,74,2,che,che,che,SCONJ,_
74-2,BOR005,74,74,3,i,i,il,DET,_
74-3,BOR005,74,74,4,portici,portici,portico,NOUN,_
74-4,BOR005,74,74,5,tra,tra,tra,ADP,_
74-5,BOR005,74,74,6,l',l',il,DET,SpaceAfter=No
74-6,BOR005,74,74,7,altro,altro,altro,PRON,_
74-7,BOR005,74,74,8,{P},{P},_,_,_
74-8,BOR005,74,74,9-10,dall',dall',_,_,SpaceAfter=No
74-8a,_,_,74,9,_,da,da,ADP,_
74-8b,_,_,74,10,_,l',il,DET,_
74-9,BOR005,74,74,11,anno,anno,anno,NOUN,_
74-10,BOR005,74,74,12,scorso,scorso,scorso,ADJ,_
74-11,BOR005,74,74,13,mi,mi,mi,PRON,_
74-12,BOR005,74,74,14,sembra,sembra,sembrare,VERB,_
74-13,BOR005,74,74,15,mi,mi,mi,PRON,_
74-14,BOR005,74,74,16,son,son,essere,AUX,_
74-15,BOR005,74,74,17,diventati,diventati,diventare,VERB,_
74-16,BOR005,74,74,18,patrimonio,patrimonio,patrimonio,NOUN,_
74-17,BOR005,74,74,19-20,dell',dell',_,_,SpaceAfter=No
74-17a,_,_,74,19,_,di,di,ADP,_
74-17b,_,_,74,20,_,l',il,DET,_
74-18,BOR005,74,74,21,unesco,unesco,Unesco,PROPN,_
75-0,BOI019,75,75,1,sì,sì,sì,ADV,_
75-1,BOI019,75,75,2,sì,sì,sì,ADV,_
76-0,BOR005,76,76,1,lei,lei,lei,PRON,_
76-1,BOR005,76,76,2,per,per,per,ADP,_
76-2,BOR005,76,76,3,caso,caso,caso,NOUN,_
76-3,BOR005,76,76,4,ha::,ha,avere,VERB,_
77-0,BOR005,77,77,1,qualche,qualche,qualche,DET,_
77-1,BOR005,77,77,2,aneddoto:,aneddoto,aneddoto,NOUN,_
77-2,BOR005,77,77,3,qualcosa,qualcosa,qualcosa,PRON,_
77-3,BOR005,77,77,4,che,che,che,PRON,_
77-4,BOR005,77,77,5,magari,magari,magari,ADV,_
77-5,BOR005,77,77,6,le,le,gli,PRON,_
77-6,BOR005,77,77,7,è,è,essere,AUX,_
77-7,BOR005,77,77,8,capitato,capitato,capitare,VERB,_
77-8,BOR005,77,77,9,mentre,mentre,mentre,SCONJ,_
77-9,BOR005,77,77,10,passeggiava,passeggiava,passeggiare,VERB,_
77-10,BOR005,77,77,11,sotto,sotto,sotto,ADP,_
77-11,BOR005,77,77,12,i,i,il,DET,_
77-12,BOR005,77,77,13,portici,portici,portico,NOUN,_
77-13,BOR005,77,77,14,che,che,che,PRON,_
77-14,BOR005,77,77,15,le,le,gli,PRON,_
77-15,BOR005,77,77,16,è,è,essere,AUX,_
77-16,BOR005,77,77,17,rimasto,rimasto,rimanere,VERB,_
77-17,BOR005,77,77,18,impresso?,impresso,imprimere,VERB,Intonation=rising
77-18,BOR005,77,77,19,qualcosa,qualcosa,qualcosa,PRON,_
77-19,BOR005,77,77,20,che,che,che,PRON,_
77-20,BOR005,77,77,21,ha,ha,avere,AUX,_
77-21,BOR005,77,77,22,visto?,visto,vedere,VERB,Intonation=rising
78-0,BOR005,78,78,1-2,sui,sui,_,_,_
78-0a,_,_,78,1,_,su,su,ADP,_
78-0b,_,_,78,2,_,i,il,DET,_
78-1,BOR005,78,78,3,portici,portici,portico,NOUN,_
78-2,BOR005,78,78,4,o,o,o,CCONJ,_
79-0,BOR005,79,79,1,camminando,camminando,camminare,VERB,_
79-1,BOR005,79,79,2,sotto,sotto,sotto,ADP,_
79-2,BOR005,79,79,3,i,i,il,DET,_
79-3,BOR005,79,79,4,portici:,portici,portico,NOUN,_
80-0,BOI019,80,80,1,io,io,io,PRON,_
80-1,BOI019,80,80,2,ti,ti,ti,PRON,_
80-2,BOI019,80,80,3,po~,posso,potere,VERB,Interrupted=Yes
80-3,BOI019,80,80,4,io,io,io,PRON,_
80-4,BOI019,80,80,5,ti,ti,ti,PRON,_
80-5,BOI019,80,80,6,posso,posso,potere,AUX,_
80-6,BOI019,80,80,7,dire,dire,dire,VERB,_
80-7,BOI019,80,80,8,che,che,che,SCONJ,_
81-0,BOI019,81,81,1,e:h,eh,eh,INTJ,_
82-0,BOI019,82,82,1,ho,ho,avere,VERB,_
82-1,BOI019,82,82,2,vi,vi,vi,ADV,_
83-0,BOI019,83,83,1,innanzitutto,innanzitutto,innanzitutto,ADV,_
83-1,BOI019,83,83,2,sì,sì,sì,INTJ,_
83-2,BOI019,83,83,3,i,i,il,DET,_
83-3,BOI019,83,83,4,portici,portici,portico,NOUN,_
83-4,BOI019,83,83,5,secondo,secondo,secondo,ADP,_
83-5,BOI019,83,83,6,me::,me,me,PRON,_
84-0,BOI019,84,84,1,sono,sono,essere,AUX,_
84-1,BOI019,84,84,2,m:h,mh,mh,INTJ,_
84-2,BOI019,84,84,3,danno,danno,dare,VERB,_
84-3,BOI019,84,84,4,la,la,il,DET,_
84-4,BOI019,84,84,5,possibilità,possibilità,possibilità,NOUN,_
85-0,BOI019,85,85,1,e::h,eh,eh,INTJ,_
85-1,BOI019,85,85,2-3,degli,degli,_,_,_
85-1a,_,_,85,2,_,di,di,ADP,_
85-1b,_,_,85,3,_,gli,il,DET,_
85-2,BOI019,85,85,4,incontri,incontri,incontro,NOUN,_
86-0,BOI019,86,86,1-2,delle,delle,_,_,_
86-0a,_,_,86,1,_,di,di,ADP,_
86-0b,_,_,86,2,_,le,il,DET,_
86-1,BOI019,86,86,3,relazioni,relazioni,relazione,NOUN,_
87-0,BOI019,87,87,1,addirittura,addirittura,addirittura,ADV,_
87-1,BOI019,87,87,2-3,all',all',_,_,SpaceAfter=No
87-1a,_,_,87,2,_,a,a,ADP,_
87-1b,_,_,87,3,_,l',il,DET,_
87-2,BOI019,87,87,4,inizio,inizio,inizio,NOUN,_
87-3,BOI019,87,87,5-6,del,del,_,_,_
87-3a,_,_,87,5,_,di,di,ADP,_
87-3b,_,_,87,6,_,il,il,DET,_
87-4,BOI019,87,87,7,portico,portico,portico,NOUN,_
88-0,BOI019,88,88,1,e::hm,ehm,ehm,INTJ,_
88-1,BOI019,88,88,2,{P},{P},_,_,_
88-2,BOI019,88,88,3,c',c',ci,PRON,SpaceAfter=No
88-3,BOI019,88,88,4,era,era,essere,VERB,_
89-0,BOI019,89,89,1,u~,una,uno,DET,Interrupted=Yes
89-1,BOI019,89,89,2,una,una,uno,DET,_
89-2,BOI019,89,89,3,signora,signora,signore,NOUN,_
89-3,BOI019,89,89,4,che,che,che,PRON,_
89-4,BOI019,89,89,5,faceva,faceva,fare,VERB,_
89-5,BOI019,89,89,6,le,le,il,DET,_
89-6,BOI019,89,89,7,caldearroste,caldearroste,caldearrosta,NOUN,_
89-7,BOI019,89,89,8,durante,durante,durante,ADP,_
90-0,BOI019,90,90,1,durante:,durante,durante,ADP,_
90-1,BOI019,90,90,2,l',l',il,DET,SpaceAfter=No
90-2,BOI019,90,90,3,inverno,inverno,inverno,NOUN,_
91-0,BOI019,91,91,1,adesso,adesso,adesso,ADV,_
91-1,BOI019,91,91,2,m:h,mh,mh,INTJ,_
91-2,BOI019,91,91,3,c',c',ci,PRON,SpaceAfter=No
91-3,BOI019,91,91,4,è,è,essere,VERB,_
91-4,BOI019,91,91,5,una,una,uno,DET,_
91-5,BOI019,91,91,6,pasticceria,pasticceria,pasticceria,NOUN,_
92-0,BOI019,92,92,1,che,che,che,PRON,_
92-1,BOI019,92,92,2,è,è,essere,AUX,_
92-2,BOI019,92,92,3,da,da,da,ADP,_
92-3,BOI019,92,92,4,tanto,tanto,tanto,DET,_
92-4,BOI019,92,92,5,tempo,tempo,tempo,NOUN,_
92-5,BOI019,92,92,6,che,che,che,PRON,_
92-6,BOI019,92,92,7,c',c',ci,PRON,SpaceAfter=No
92-7,BOI019,92,92,8,è,è,essere,VERB,_
92-8,BOI019,92,92,9,la,la,il,DET,_
92-9,BOI019,92,92,10,pasticceria,pasticceria,pasticceria,NOUN,_
92-10,BOI019,92,92,11,neri,neri,Neri,PROPN,_
93-0,BOI019,93,93,1,proprio,proprio,proprio,ADV,_
93-1,BOI019,93,93,2-3,all',all',_,_,SpaceAfter=No
93-1a,_,_,93,2,_,a,a,ADP,_
93-1b,_,_,93,3,_,l',il,DET,_
93-2,BOI019,93,93,4,inizio,inizio,inizio,NOUN,_
94-0,BOI019,94,94,1-2,del,del,_,_,_
94-0a,_,_,94,1,_,di,di,ADP,_
94-0b,_,_,94,2,_,il,il,DET,_
94-1,BOI019,94,94,3,portico,portico,portico,NOUN,_
94-2,BOI019,94,94,4,saragozza,saragozza,Saragozza,PROPN,_
95-0,BOI019,95,95,1,eh,eh,eh,INTJ,_
95-1,BOI019,95,95,2,e,e,e,CCONJ,_
95-2,BOI019,95,95,3,quindi,quindi,quindi,ADV,_
95-3,BOI019,95,95,4,anche,anche,anche,ADV,_
95-4,BOI019,95,95,5,lì,lì,lì,ADV,_
96-0,BOI019,96,96,1,comincia,comincia,cominciare,VERB,_
96-1,BOI019,96,96,2,già:,già,già,ADV,_
96-2,BOI019,96,96,3,l',l',il,DET,SpaceAfter=No
96-3,BOI019,96,96,4,incontro,incontro,incontro,NOUN,_
97-0,BOI019,97,97,1,con,con,con,ADP,_
97-1,BOI019,97,97,2,tante,tante,tanto,DET,_
97-2,BOI019,97,97,3,persone,persone,persona,NOUN,_
97-3,BOI019,97,97,4,proprio,proprio,proprio,ADV,_
97-4,BOI019,97,97,5,se,se,se,SCONJ,_
97-5,BOI019,97,97,6,tu,tu,tu,PRON,_
98-0,BOI019,98,98,1,se,se,se,SCONJ,_
98-1,BOI019,98,98,2,tu,tu,tu,PRON,_
98-2,BOI019,98,98,3,vai,vai,andare,VERB,_
98-3,BOI019,98,98,4,anche,anche,anche,ADV,_
98-4,BOI019,98,98,5,adesso,adesso,adesso,ADV,_
98-5,BOI019,98,98,6,tu,tu,tu,PRON,_
98-6,BOI019,98,98,7,vedi,vedi,vedere,VERB,_
98-7,BOI019,98,98,8,la,la,il,DET,_
98-8,BOI019,98,98,9,pasticceria,pasticceria,pasticceria,NOUN,_
98-9,BOI019,98,98,10,neri,neri,Neri,PROPN,_
99-0,BOI019,99,99,1,è,è,essere,AUX,_
99-1,BOI019,99,99,2,sempre,sempre,sempre,ADV,_
99-2,BOI019,99,99,3,pienissi[ma],pienissima,pieno,ADJ,_
100-0,BOR005,100,100,1,[mh],mh,mh,INTJ,_
101-0,BOI019,101,101,1,perché,perché,perché,SCONJ,_
101-1,BOI019,101,101,2,c',c',ci,PRON,SpaceAfter=No
101-2,BOI019,101,101,3,è,è,essere,VERB,_
101-3,BOI019,101,101,4,un,un,uno,DET,_
101-4,BOI019,101,101,5,buon,buon,buono,ADJ,_
101-5,BOI019,101,101,6,caffè:,caffè,caffè,NOUN,_
102-0,BOI019,102,102,1,e,e,e,CCONJ,_
102-1,BOI019,102,102,2,c',c',ci,PRON,SpaceAfter=No
102-2,BOI019,102,102,3,è,è,essere,VERB,_
102-3,BOI019,102,102,4,il,il,il,DET,_
102-4,BOI019,102,102,5,motivo,motivo,motivo,NOUN,_
102-5,BOI019,102,102,6,proprio,proprio,proprio,ADV,_
102-6,BOI019,102,102,7-8,della,della,_,_,_
102-6a,_,_,102,7,_,di,di,ADP,_
102-6b,_,_,102,8,_,la,il,DET,_
102-7,BOI019,102,102,9,relazione,relazione,relazione,NOUN,_
102-8,BOI019,102,102,10,non,non,non,ADV,_
102-9,BOI019,102,102,11,solo,solo,solo,ADV,_
103-0,BOI019,103,103,1,poi,poi,poi,ADV,_
103-1,BOI019,103,103,2,dopo,dopo,dopo,ADP,_
103-2,BOI019,103,103,3,lì,lì,lì,ADV,_
104-0,BOI019,104,104,1,c',c',ci,PRON,SpaceAfter=No
104-1,BOI019,104,104,2,è,è,essere,VERB,_
104-2,BOI019,104,104,3,anche,anche,anche,ADV,_
104-3,BOI019,104,104,4,l',l',il,DET,SpaceAfter=No
104-4,BOI019,104,104,5,università,università,università,NOUN,_
105-0,BOR005,105,105,1,c',c',ci,PRON,SpaceAfter=No
105-1,BOR005,105,105,2,è,è,essere,VERB,_
105-2,BOR005,105,105,3,ingegneria,ingegneria,ingegneria,NOUN,_
105-3,BOR005,105,105,4,vero?,vero,vero,ADJ,Intonation=rising
106-0,BOI019,106,106,1,i~,ingegneria,ingegneria,NOUN,Interrupted=Yes
106-1,BOI019,106,106,2,ingegneria,ingegneria,ingegneria,NOUN,_
107-0,BOI019,107,107,1,sì,sì,sì,ADV,_
107-1,BOI019,107,107,2,{P},{P},_,_,_
107-2,BOI019,107,107,3,i,i,il,DET,_
107-3,BOI019,107,107,4,giardini,giardini,giardino,NOUN,_
107-4,BOI019,107,107,5,bellissimi,bellissimi,bello,ADJ,_
108-0,BOI019,108,108,1,i,i,il,DET,_
108-1,BOI019,108,108,2,giardini,giardini,giardino,NOUN,_
108-2,BOI019,108,108,3,di,di,di,ADP,_
108-3,BOI019,108,108,4,porta,porta,porta,NOUN,_
108-4,BOI019,108,108,5,saragozza,saragozza,Saragozza,PROPN,_
109-0,BOI019,109,109,1,poi,poi,poi,ADV,_
109-1,BOI019,109,109,2,e,e,e,CCONJ,_
109-2,BOI019,109,109,3,poi,poi,poi,ADV,_
109-3,BOI019,109,109,4,c',c',ci,PRON,SpaceAfter=No
109-4,BOI019,109,109,5,è:,è,essere,VERB,_
110-0,BOI019,110,110,1,c',c',ci,PRON,SpaceAfter=No
110-1,BOI019,110,110,2,è,è,essere,VERB,_
110-2,BOI019,110,110,3,il,il,il,DET,_
110-3,BOI019,110,110,4,righi,righi,Righi,PROPN,_
110-4,BOI019,110,110,5,sopra,sopra,sopra,ADV,_
110-5,BOI019,110,110,6,di,di,di,ADP,_
110-6,BOI019,110,110,7,lì,lì,lì,ADV,_
111-0,BOI019,111,111,1,questa,questa,questo,PRON,_
112-0,BOI019,112,112,1,ec~,ec~,ec~,X,Interrupted=Yes
112-1,BOI019,112,112,2,c,c,c,X,_
113-0,BOI019,113,113,1,questa,questa,questo,DET,_
113-1,BOI019,113,113,2,presenza,presenza,presenza,NOUN,_
113-2,BOI019,113,113,3,diciamo,diciamo,dire,VERB,_
114-0,BOI019,114,114,1,scolastica,scolastica,scolastico,ADJ,_
115-0,BOI019,115,115,1,il,il,il,DET,_
115-1,BOI019,115,115,2,"righi,",righi,Righi,PROPN,Intonation=weakly_rising
115-2,BOI019,115,115,3,l',l',il,DET,SpaceAfter=No
115-3,BOI019,115,115,4,"ingegneria,",ingegneria,ingegneria,NOUN,Intonation=weakly_rising
116-0,BOI019,116,116,1,poi,poi,poi,ADV,_
116-1,BOI019,116,116,2,dopo,dopo,dopo,ADV,_
116-2,BOI019,116,116,3,ci,ci,ci,PRON,_
116-3,BOI019,116,116,4,sono,sono,essere,VERB,_
116-4,BOI019,116,116,5,tante,tante,tanto,DET,_
116-5,BOI019,116,116,6,altre,altre,altro,ADJ,_
116-6,BOI019,116,116,7,"scuole,",scuole,scuola,NOUN,Intonation=weakly_rising
116-7,BOI019,116,116,8,ci,ci,ci,PRON,_
116-8,BOI019,116,116,9,sono,sono,essere,VERB,_
116-9,BOI019,116,116,10,le,le,il,DET,_
116-10,BOI019,116,116,11,scuole,scuole,scuola,NOUN,_
116-11,BOI019,116,116,12,le,le,il,DET,_
116-12,BOI019,116,116,13,scuole,scuole,scuola,NOUN,_
116-13,BOI019,116,116,14,bombicci,bombicci,Bombicci,PROPN,_
116-14,BOI019,116,116,15,un,un,uno,DET,_
116-15,BOI019,116,116,16,po',po',poco,ADV,_
116-16,BOI019,116,116,17,più,più,più,ADV,_
116-17,BOI019,116,116,18,avanti,avanti,avanti,ADV,_
117-0,BOI019,117,117,1,fanno,fanno,fare,VERB,_
117-1,BOI019,117,117,2,di,di,di,ADP,_
117-2,BOI019,117,117,3,questo,questo,questo,DET,_
117-3,BOI019,117,117,4,quartiere,quartiere,quartiere,NOUN,_
117-4,BOI019,117,117,5,un,un,uno,DET,_
117-5,BOI019,117,117,6,quartiere,quartiere,quartiere,NOUN,_
117-6,BOI019,117,117,7,scolarizzato,scolarizzato,scolarizzato,ADJ,_
118-0,BOI019,118,118,1,per,per,per,ADP,_
118-1,BOI019,118,118,2,cui,cui,cui,PRON,_
118-2,BOI019,118,118,3,anche,anche,anche,ADV,_
118-3,BOI019,118,118,4,quando,quando,quando,SCONJ,_
118-4,BOI019,118,118,5,il,il,il,DET,_
118-5,BOI019,118,118,6,comune,comune,comune,NOUN,_
119-0,BOI019,119,119,1,istituì,istituì,istituire,VERB,_
119-1,BOI019,119,119,2,le,le,il,DET,_
119-2,BOI019,119,119,3,biblioteche,biblioteche,biblioteca,NOUN,_
120-0,BOI019,120,120,1,non,non,non,ADV,_
120-1,BOI019,120,120,2,fu,fu,essere,AUX,_
120-2,BOI019,120,120,3,uno,uno,uno,PRON,_
120-3,BOI019,120,120,4-5,dei,dei,_,_,_
120-3a,_,_,120,4,_,di,di,ADP,_
120-3b,_,_,120,5,_,i,il,DET,_
121-0,BOI019,121,121,1-2,dei,dei,_,_,_
121-0a,_,_,121,1,_,di,di,ADP,_
121-0b,_,_,121,2,_,i,il,DET,_
121-1,BOI019,121,121,3,primi,primi,primo,ADJ,_
121-2,BOI019,121,121,4,{P},{P},_,_,_
121-3,BOI019,121,121,5,quartieri,quartieri,quartiere,NOUN,_
122-0,BOI019,122,122,1,dove,dove,dove,ADV,_
122-1,BOI019,122,122,2,nacque,nacque,nascere,VERB,_
122-2,BOI019,122,122,3,la,la,il,DET,_
122-3,BOI019,122,122,4,biblioteca,biblioteca,biblioteca,NOUN,_
122-4,BOI019,122,122,5,perché,perché,perché,SCONJ,_
122-5,BOI019,122,122,6,non,non,non,ADV,_
122-6,BOI019,122,122,7,c',c',ci,PRON,SpaceAfter=No
122-7,BOI019,122,122,8,era,era,essere,VERB,_
122-8,BOI019,122,122,9,questo,questo,questo,PRON,_
123-0,BOI019,123,123,1,secondo,secondo,secondo,ADP,_
123-1,BOI019,123,123,2,il,il,il,DET,_
123-2,BOI019,123,123,3,comune,comune,comune,NOUN,_
123-3,BOI019,123,123,4,ed,ed,e,CCONJ,_
123-4,BOI019,123,123,5,era,era,essere,AUX,_
123-5,BOI019,123,123,6,giusto,giusto,giusto,ADJ,_
123-6,BOI019,123,123,7,era,era,essere,AUX,_
123-7,BOI019,123,123,8,giusto,giusto,giusto,ADJ,_
124-0,BOI019,124,124,1,non,non,non,ADV,_
124-1,BOI019,124,124,2,c',c',ci,PRON,SpaceAfter=No
124-2,BOI019,124,124,3,era,era,essere,VERB,_
124-3,BOI019,124,124,4,bisogno,bisogno,bisogno,NOUN,_
124-4,BOI019,124,124,5,di,di,di,ADP,_
124-5,BOI019,124,124,6,mettere,mettere,mettere,VERB,_
124-6,BOI019,124,124,7,una,una,uno,DET,_
124-7,BOI019,124,124,8,biblioteca,biblioteca,biblioteca,NOUN,_
125-0,BOI019,125,125,1,dove,dove,dove,ADV,_
125-1,BOI019,125,125,2,c',c',ci,PRON,SpaceAfter=No
125-2,BOI019,125,125,3,erano,erano,essere,VERB,_
125-3,BOI019,125,125,4,già,già,già,ADV,_
125-4,BOI019,125,125,5,le,le,il,DET,_
125-5,BOI019,125,125,6,biblioteche,biblioteche,biblioteca,NOUN,_
125-6,BOI019,125,125,7-8,negli,negli,_,_,_
125-6a,_,_,125,7,_,in,in,ADP,_
125-6b,_,_,125,8,_,gli,il,DET,_
125-7,BOI019,125,125,9,edifici,edifici,edificio,NOUN,_
126-0,BOI019,126,126,1,anche,anche,anche,ADV,_
126-1,BOI019,126,126,2,se,se,se,SCONJ,_
126-2,BOI019,126,126,3,non,non,non,ADV,_
126-3,BOI019,126,126,4,erano,erano,essere,AUX,_
126-4,BOI019,126,126,5,organizzate,organizzate,organizzare,VERB,_
126-5,BOI019,126,126,6,eh,eh,eh,INTJ,_
126-6,BOI019,126,126,7,perché,perché,perché,SCONJ,_
126-7,BOI019,126,126,8,io,io,io,PRON,_
126-8,BOI019,126,126,9,ricordo,ricordo,ricordare,VERB,_
126-9,BOI019,126,126,10,quando,quando,quando,SCONJ,_
126-10,BOI019,126,126,11,son,son,essere,AUX,_
126-11,BOI019,126,126,12,venuta,venuta,venire,VERB,_
126-12,BOI019,126,126,13,io,io,io,PRON,_
127-0,BOI019,127,127,1,dopo,dopo,dopo,ADP,_
127-1,BOI019,127,127,2,{P},{P},_,_,_
127-2,BOI019,127,127,3,anche,anche,anche,ADV,_
127-3,BOI019,127,127,4,il,il,il,DET,_
127-4,BOI019,127,127,5,righi,righi,Righi,PROPN,_
128-0,BOI019,128,128,1,anche,anche,anche,ADV,_
128-1,BOI019,128,128,2,le,le,il,DET,_
128-2,BOI019,128,128,3,biblioteche,biblioteche,biblioteca,NOUN,_
128-3,BOI019,128,128,4,scolastiche,scolastiche,scolastico,ADJ,_
129-0,BOI019,129,129,1,si,si,si,PRON,_
129-1,BOI019,129,129,2,sono,sono,essere,AUX,_
129-2,BOI019,129,129,3,un,un,uno,DET,_
129-3,BOI019,129,129,4,po',po',poco,ADV,_
130-0,BOI019,130,130,1,organizzate,organizzate,organizzare,VERB,_
130-1,BOI019,130,130,2,grazie,grazie,grazie,INTJ,_
130-2,BOI019,130,130,3-4,alla,alla,_,_,_
130-2a,_,_,130,3,_,a,a,ADP,_
130-2b,_,_,130,4,_,la,il,DET,_
130-3,BOI019,130,130,5,presenza,presenza,presenza,NOUN,_
130-4,BOI019,130,130,6-7,della,della,_,_,_
130-4a,_,_,130,6,_,di,di,ADP,_
130-4b,_,_,130,7,_,la,il,DET,_
130-5,BOI019,130,130,8,biblioteca,biblioteca,biblioteca,NOUN,_
130-6,BOI019,130,130,9,questo,questo,questo,PRON,_
130-7,BOI019,130,130,10,lo,lo,il,PRON,_
130-8,BOI019,130,130,11,devo,devo,dovere,AUX,_
130-9,BOI019,130,130,12,dire,dire,dire,VERB,_
130-10,BOI019,130,130,13,perché,perché,perché,SCONJ,_
130-11,BOI019,130,130,14,è,è,essere,AUX,_
130-12,BOI019,130,130,15,la,la,il,DET,_
130-13,BOI019,130,130,16,verità,verità,verità,NOUN,_
130-14,BOI019,130,130,17,venivano,venivano,venire,VERB,_
131-0,BOI019,131,131,1,da,da,da,ADP,_
131-1,BOI019,131,131,2,me,me,me,PRON,_
131-2,BOI019,131,131,3,le,le,il,DET,_
131-3,BOI019,131,131,4,persone,persone,persona,NOUN,_
131-4,BOI019,131,131,5,a,a,a,ADP,_
131-5,BOI019,131,131,6-7,prepararsi,prepararsi,_,_,_
131-5a,_,_,131,6,_,preparar,preparare,VERB,_
131-5b,_,_,131,7,_,si,si,PRON,_
131-6,BOI019,131,131,8,come,come,come,ADP,_
131-7,BOI019,131,131,9,organizzare,organizzare,organizzare,VERB,_
131-8,BOI019,131,131,10,le,le,il,DET,_
131-9,BOI019,131,131,11,biblioteche,biblioteche,biblioteca,NOUN,_
131-10,BOI019,131,131,12,interne,interne,interno,ADJ,_
131-11,BOI019,131,131,13,il,il,il,DET,_
131-12,BOI019,131,131,14,righi,righi,Righi,PROPN,_
131-13,BOI019,131,131,15,in,in,in,ADP,_
131-14,BOI019,131,131,16,particolare,particolare,particolare,NOUN,_
132-0,BOI019,132,132,1,mi,mi,mi,PRON,_
132-1,BOI019,132,132,2,ricordo,ricordo,ricordare,VERB,_
133-0,BOI019,133,133,0,{tossisce},{tossisce},_,X,_
134-0,BOI019,134,134,1,e,e,e,CCONJ,_
134-1,BOI019,134,134,2,quindi,quindi,quindi,ADV,_
134-2,BOI019,134,134,3,il,il,il,DET,_
134-3,BOI019,134,134,4,comune,comune,comune,NOUN,_
134-4,BOI019,134,134,5,poi,poi,poi,ADV,_
134-5,BOI019,134,134,6,fece,fece,fare,VERB,_
134-6,BOI019,134,134,7,le,le,il,DET,_
134-7,BOI019,134,134,8,biblioteche,biblioteche,biblioteca,NOUN,_
135-0,BOI019,135,135,1-2,negli,negli,_,_,_
135-0a,_,_,135,1,_,in,in,ADP,_
135-0b,_,_,135,2,_,gli,il,DET,_
135-1,BOI019,135,135,3,altri,altri,altro,ADJ,_
135-2,BOI019,135,135,4,quartieri,quartieri,quartiere,NOUN,_
136-0,BOR005,136,136,1,mh,mh,mh,INTJ,_
137-0,BOI019,137,137,1,come,come,come,ADP,_
137-1,BOI019,137,137,2,punto,punto,punto,NOUN,_
137-2,BOI019,137,137,3,culturale,culturale,culturale,ADJ,_
138-0,BOI019,138,138,1,qui,qui,qui,ADV,_
138-1,BOI019,138,138,2,la,la,il,DET,_
138-2,BOI019,138,138,3,nostra,nostra,nostro,ADJ,_
138-3,BOI019,138,138,4,biblioteca,biblioteca,biblioteca,NOUN,_
138-4,BOI019,138,138,5,è,è,essere,AUX,_
138-5,BOI019,138,138,6,nata:,nata,nascere,VERB,_
139-0,BOI019,139,139,1,ma,ma,ma,CCONJ,_
139-1,BOI019,139,139,2,tu,tu,tu,PRON,_
139-2,BOI019,139,139,3,mi,mi,mi,PRON,_
139-3,BOI019,139,139,4,devi,devi,dovere,AUX,_
139-4,BOI019,139,139,5,far,far,fare,VERB,_
139-5,BOI019,139,139,6,le,le,il,DET,_
139-6,BOI019,139,139,7,domande,domande,domanda,NOUN,_
139-7,BOI019,139,139,8,queste,queste,questo,PRON,_
140-0,BOR005,140,140,1,si,si,si,PRON,_
140-1,BOR005,140,140,2,infatti,infatti,infatti,ADV,_
140-2,BOR005,140,140,3,la,la,la,PRON,_
140-3,BOR005,140,140,4,prendevo,prendevo,prendere,VERB,_
140-4,BOR005,140,140,5,proprio,proprio,proprio,ADV,_
140-5,BOR005,140,140,6,come,come,come,ADP,_
140-6,BOR005,140,140,7,un,un,uno,DET,_
140-7,BOR005,140,140,8,punto,punto,punto,NOUN,_
140-8,BOR005,140,140,9,di,di,di,ADP,_
140-9,BOR005,140,140,10,partenza,partenza,partenza,NOUN,_
140-10,BOR005,140,140,11,perché,perché,perché,SCONJ,_
140-11,BOR005,140,140,12,appunto,appunto,appunto,ADV,_
140-12,BOR005,140,140,13,parlava,parlava,parlare,VERB,_
140-13,BOR005,140,140,14-15,delle,delle,_,_,_
140-13a,_,_,140,14,_,di,di,ADP,_
140-13b,_,_,140,15,_,le,il,DET,_
140-14,BOR005,140,140,16,biblioteche,biblioteche,biblioteca,NOUN,_
140-15,BOR005,140,140,17,appunto,appunto,appunto,ADV,_
141-0,BOR005,141,141,1,lei,lei,lei,PRON,_
141-1,BOR005,141,141,2,ha,ha,avere,AUX,_
141-2,BOR005,141,141,3,fatto,fatto,fare,VERB,_
141-3,BOR005,141,141,4,la,la,il,DET,_
141-4,BOR005,141,141,5,bibliotecaria,bibliotecaria,bibliotecaria,NOUN,_
141-5,BOR005,141,141,6,ha,ha,avere,AUX,_
141-6,BOR005,141,141,7,detto,detto,dire,VERB,_
141-7,BOR005,141,141,8,per,per,per,ADP,_
141-8,BOR005,141,141,9,[più,più,più,ADV,_
141-9,BOR005,141,141,10,di,di,di,ADP,_
141-10,BOR005,141,141,11,venti,venti,venti,NUM,_
141-11,BOR005,141,141,12,anni],anni,anno,NOUN,_
142-0,BOI019,142,142,1,[sì,sì,sì,ADV,_
142-1,BOI019,142,142,2,sì,sì,sì,ADV,_
142-2,BOI019,142,142,3,sì,sì,sì,ADV,_
142-3,BOI019,142,142,4,sì,sì,sì,ADV,_
142-4,BOI019,142,142,5,sì],sì,sì,ADV,_
143-0,BOR005,143,143,1,e,e,e,CCONJ,_
143-1,BOR005,143,143,2,{P},{P},_,_,_
143-2,BOR005,143,143,3,in,in,in,ADP,_
143-3,BOR005,143,143,4,quale,quale,quale,DET,_
143-4,BOR005,143,143,5,biblioteca,biblioteca,biblioteca,NOUN,_
143-5,BOR005,143,143,6,cioè,cioè,cioè,ADV,_
143-6,BOR005,143,143,7,è,è,essere,AUX,_
143-7,BOR005,143,143,8,stata,stata,essere,AUX,_
143-8,BOR005,143,143,9,in,in,in,ADP,_
143-9,BOR005,143,143,10,una,una,uno,DET,_
143-10,BOR005,143,143,11,sola,sola,solo,ADJ,_
143-11,BOR005,143,143,12,biblioteca,biblioteca,biblioteca,NOUN,_
143-12,BOR005,143,143,13,o,o,o,CCONJ,_
143-13,BOR005,143,143,14,in,in,in,ADP,_
143-14,BOR005,143,143,15,più,più,più,ADV,_
143-15,BOR005,143,143,16,biblioteche?,biblioteche,biblioteca,NOUN,Intonation=rising
144-0,BOI019,144,144,1,no,no,no,ADV,_
144-1,BOI019,144,144,2,io,io,io,PRON,_
144-2,BOI019,144,144,3,addirittura,addirittura,addirittura,ADV,_
144-3,BOI019,144,144,4,addirittura,addirittura,addirittura,ADV,_
144-4,BOI019,144,144,5,sono,sono,essere,AUX,_
144-5,BOI019,144,144,6,partita,partita,partere,VERB,_
145-0,BOI019,145,145,1-2,nell',nell',_,_,SpaceAfter=No
145-0a,_,_,145,1,_,in,in,ADP,_
145-0b,_,_,145,2,_,l',il,DET,_
145-1,BOI019,145,145,3,ufficio,ufficio,ufficio,NOUN,_
145-2,BOI019,145,145,4-5,della,della,_,_,_
145-2a,_,_,145,4,_,di,di,ADP,_
145-2b,_,_,145,5,_,la,il,DET,_
145-3,BOI019,145,145,6,direzione,direzione,direzione,NOUN,_
145-4,BOI019,145,145,7-8,delle,delle,_,_,_
145-4a,_,_,145,7,_,di,di,ADP,_
145-4b,_,_,145,8,_,le,il,DET,_
145-5,BOI019,145,145,9,biblioteche,biblioteche,biblioteca,NOUN,_
146-0,BOR005,146,146,1,mh,mh,mh,INTJ,_
147-0,BOI019,147,147,1,e,e,e,CCONJ,_
147-1,BOI019,147,147,2,le,le,il,DET,_
147-2,BOI019,147,147,3,biblioteche,biblioteche,biblioteca,NOUN,_
147-3,BOI019,147,147,4,di,di,di,ADP,_
147-4,BOI019,147,147,5,quartiere,quartiere,quartiere,NOUN,_
148-0,BOI019,148,148,1,e,e,e,CCONJ,_
148-1,BOI019,148,148,2,sono::,sono,essere,AUX,_
149-0,BOI019,149,149,1,subito,subito,subito,ADV,_
150-0,BOI019,150,150,1,entrata,entrata,entrare,VERB,_
150-1,BOI019,150,150,2,diciamo,diciamo,dire,VERB,_
151-0,BOI019,151,151,1,in:,in,in,ADP,_
151-1,BOI019,151,151,2,eh,eh,eh,INTJ,_
151-2,BOI019,151,151,3,in,in,in,ADP,_
151-3,BOI019,151,151,4,collaborazione,collaborazione,collaborazione,NOUN,_
151-4,BOI019,151,151,5-6,col,col,_,_,_
151-4a,_,_,151,5,_,con,con,ADP,_
151-4b,_,_,151,6,_,il,il,DET,_
151-5,BOI019,151,151,7,direttore,direttore,direttore,NOUN,_
151-6,BOI019,151,151,8-9,delle,delle,_,_,_
151-6a,_,_,151,8,_,di,di,ADP,_
151-6b,_,_,151,9,_,le,il,DET,_
151-7,BOI019,151,151,10,biblioteche,biblioteche,biblioteca,NOUN,_
151-8,BOI019,151,151,11,che,che,che,PRON,_
151-9,BOI019,151,151,12,è,è,essere,AUX,_
151-10,BOI019,151,151,13,il,il,il,DET,_
151-11,BOI019,151,151,14,direttore,direttore,direttore,NOUN,_
151-12,BOI019,151,151,15,rossi,rossi,Rossi,PROPN,_
152-0,BOI019,152,152,1,il,il,il,DET,_
152-1,BOI019,152,152,2,dottor,dottor,dottore,NOUN,_
152-2,BOI019,152,152,3,rossi,rossi,rosso,ADJ,_
153-0,BOI019,153,153,1,quindi,quindi,quindi,ADV,_
153-1,BOI019,153,153,2,io,io,io,PRON,_
153-2,BOI019,153,153,3,ho,ho,avere,AUX,_
153-3,BOI019,153,153,4,lavorato,lavorato,lavorare,VERB,_
153-4,BOI019,153,153,5-6,alla,alla,_,_,_
153-4a,_,_,153,5,_,a,a,ADP,_
153-4b,_,_,153,6,_,la,il,DET,_
153-5,BOI019,153,153,7,direzione,direzione,direzione,NOUN,_
153-6,BOI019,153,153,8-9,delle,delle,_,_,_
153-6a,_,_,153,8,_,di,di,ADP,_
153-6b,_,_,153,9,_,le,il,DET,_
153-7,BOI019,153,153,10,bibliote[che],biblioteche,biblioteca,NOUN,_
154-0,BOR005,154,154,1,[mh]mh,mhmh,mhmh,INTJ,_
155-0,BOI019,155,155,1,quindi,quindi,quindi,ADV,_
156-0,BOI019,156,156,1,subito,subito,subito,ADV,_
157-0,BOI019,157,157,1-2,nelle,nelle,_,_,_
157-0a,_,_,157,1,_,in,in,ADP,_
157-0b,_,_,157,2,_,le,il,DET,_
157-1,BOI019,157,157,3,istituzioni,istituzioni,istituzione,NOUN,_
157-2,BOI019,157,157,4,proprio,proprio,proprio,ADV,_
157-3,BOI019,157,157,5-6,delle,delle,_,_,_
157-3a,_,_,157,5,_,di,di,ADP,_
157-3b,_,_,157,6,_,le,il,DET,_
157-4,BOI019,157,157,7,nuove,nuove,nuovo,ADJ,_
157-5,BOI019,157,157,8,sedi,sedi,sede,NOUN,_
158-0,BOR005,158,158,1,mhmh,mhmh,mhmh,INTJ,_
159-0,BOI019,159,159,1,e,e,e,CCONJ,_
159-1,BOI019,159,159,2,partiamo::,partiamo,partire,VERB,_
160-0,BOI019,160,160,1,partiamo,partiamo,partire,VERB,_
160-1,BOI019,160,160,2-3,dalla,dalla,_,_,_
160-1a,_,_,160,2,_,da,da,ADP,_
160-1b,_,_,160,3,_,la,il,DET,_
160-2,BOI019,160,160,4,biblioteca:,biblioteca,biblioteca,NOUN,_
161-0,BOI019,161,161,1,bolognina,bolognina,Bolognina,PROPN,_
162-0,BOI019,162,162,1-2,dalla,dalla,_,_,_
162-0a,_,_,162,1,_,da,da,ADP,_
162-0b,_,_,162,2,_,la,il,DET,_
162-1,BOI019,162,162,3,biblioteca,biblioteca,biblioteca,NOUN,_
163-0,BOI019,163,163,1,che,che,che,SCONJ,_
163-1,BOI019,163,163,2,poi,poi,poi,ADV,_
163-2,BOI019,163,163,3,dopo,dopo,dopo,ADP,_
163-3,BOI019,163,163,4,diventa,diventa,diventare,VERB,_
163-4,BOI019,163,163,5,corticella,corticella,Corticella,PROPN,_
164-0,BOI019,164,164,1,in,in,in,ADP,_
164-1,BOI019,164,164,2,particolare,particolare,particolare,NOUN,_
164-2,BOI019,164,164,3,la,la,il,DET,_
164-3,BOI019,164,164,4,biblioteca:,biblioteca,biblioteca,NOUN,_
165-0,BOI019,165,165,1,dove,dove,dove,ADV,_
165-1,BOI019,165,165,2,ho,ho,avere,AUX,_
165-2,BOI019,165,165,3,collaborato,collaborato,collaborare,VERB,_
165-3,BOI019,165,165,4,direttamente,direttamente,direttamente,ADV,_
165-4,BOI019,165,165,5,la,la,il,DET,_
165-5,BOI019,165,165,6,biblioteca:,biblioteca,biblioteca,NOUN,_
166-0,BOI019,166,166,1-2,del,del,_,_,_
166-0a,_,_,166,1,_,di,di,ADP,_
166-0b,_,_,166,2,_,il,il,DET,_
166-1,BOI019,166,166,3,quartiere,quartiere,quartiere,NOUN,_
166-2,BOI019,166,166,4,mazzini,mazzini,Mazzini,PROPN,_
167-0,BOR005,167,167,1,okay,okay,ok,INTJ,_
168-0,BOI019,168,168,1,quartiere,quartiere,quartiere,NOUN,_
168-1,BOI019,168,168,2,mazzini,mazzini,Mazzini,PROPN,_
169-0,BOI019,169,169,1,però,però,però,ADV,_
169-1,BOI019,169,169,2,era,era,essere,AUX,_
169-2,BOI019,169,169,3,già,già,già,ADV,_
169-3,BOI019,169,169,4,nata,nata,nascere,VERB,_
169-4,BOI019,169,169,5,la,la,il,DET,_
169-5,BOI019,169,169,6,biblioteca,biblioteca,biblioteca,NOUN,_
169-6,BOI019,169,169,7,san,san,Santo,PROPN,_
169-7,BOI019,169,169,8,donato,donato,Donato,PROPN,_
170-0,BOR005,170,170,1,mhmh,mhmh,mhmh,INTJ,_
171-0,BOI019,171,171,1,poi,poi,poi,ADV,_
171-1,BOI019,171,171,2,dopo,dopo,dopo,ADV,_
171-2,BOI019,171,171,3,è,è,essere,AUX,_
171-3,BOI019,171,171,4,arrivata,arrivata,arrivare,VERB,_
171-4,BOI019,171,171,5,la,la,il,DET,_
171-5,BOI019,171,171,6,biblioteca,biblioteca,biblioteca,NOUN,_
171-6,BOI019,171,171,7,lame,lame,Lame,PROPN,_
172-0,BOI019,172,172,1,poi,poi,poi,ADV,_
172-1,BOI019,172,172,2,è,è,essere,AUX,_
172-2,BOI019,172,172,3,arriva~,arrivata,arrivare,VERB,Interrupted=Yes
172-3,BOI019,172,172,4,sono,sono,essere,AUX,_
172-4,BOI019,172,172,5,arrivate,arrivate,arrivare,VERB,_
172-5,BOI019,172,172,6,tante,tante,tanto,DET,_
172-6,BOI019,172,172,7,biblioteche,biblioteche,biblioteca,NOUN,_
173-0,BOI019,173,173,1,biblioteca,biblioteca,biblioteca,NOUN,_
173-1,BOI019,173,173,2,di,di,di,ADP,_
173-2,BOI019,173,173,3,borgo,borgo,Borgo,PROPN,_
173-3,BOI019,173,173,4,panigale,panigale,Panigale,PROPN,_
174-0,BOR005,174,174,1,mhmh,mhmh,mhmh,INTJ,_
175-0,BOI019,175,175,1,la,la,il,DET,_
175-1,BOI019,175,175,2,barca,barca,Barca,PROPN,_
176-0,BOI019,176,176,1,saragozza,saragozza,Saragozza,PROPN,_
176-1,BOI019,176,176,2,è,è,essere,AUX,_
176-2,BOI019,176,176,3,stata,stata,essere,AUX,_
176-3,BOI019,176,176,4,una,una,uno,PRON,_
176-4,BOI019,176,176,5-6,delle,delle,_,_,_
176-4a,_,_,176,5,_,di,di,ADP,_
176-4b,_,_,176,6,_,le,il,DET,_
176-5,BOI019,176,176,7,ultime,ultime,ultimo,ADJ,_
176-6,BOI019,176,176,8,biblioteche,biblioteche,biblioteca,NOUN,_
177-0,BOR005,177,177,1,comunque,comunque,comunque,ADV,_
177-1,BOR005,177,177,2,là,là,là,ADV,_
177-2,BOR005,177,177,3,di,di,di,ADP,_
177-3,BOR005,177,177,4,villa,villa,villa ,NOUN,_
177-4,BOR005,177,177,5,spada?,spada,Spada,PROPN,Intonation=rising
178-0,BOI019,178,178,1,villa,villa,villa ,NOUN,_
178-1,BOI019,178,178,2,spada,spada,Spada,PROPN,_
178-2,BOI019,178,178,3-4,negli,negli,_,_,_
178-2a,_,_,178,3,_,in,in,ADP,_
178-2b,_,_,178,4,_,gli,il,DET,_
178-3,BOI019,178,178,5,anni,anni,anno,NOUN,_
178-4,BOI019,178,178,6,novanta,novanta,novanta,NUM,_
178-5,BOI019,178,178,7,addirittura,addirittura,addirittura,ADV,_
179-0,BOR005,179,179,1,ah,ah,ah,INTJ,_
179-1,BOR005,179,179,2,però,però,però,ADV,_
179-2,BOR005,179,179,3,così,così,così,ADV,_
179-3,BOR005,179,179,4,[tardi:],tardi,tardi,ADV,_
180-0,BOI019,180,180,1,[eh,eh,eh,INTJ,_
180-1,BOI019,180,180,2,sì],sì,sì,ADV,_
181-0,BOI019,181,181,1,sì,sì,sì,ADV,_
181-1,BOI019,181,181,2,sì,sì,sì,ADV,_
181-2,BOI019,181,181,3,sì,sì,sì,ADV,_
181-3,BOI019,181,181,4,sì,sì,sì,ADV,_
181-4,BOI019,181,181,5,{P},{P},_,_,_
181-5,BOI019,181,181,6,perché?,perché,perché,SCONJ,Intonation=rising
181-6,BOI019,181,181,7,perché,perché,perché,SCONJ,_
181-7,BOI019,181,181,8,prima,prima,prima,ADV,_
182-0,BOI019,182,182,1,a,a,a,ADP,_
182-1,BOI019,182,182,2,fine,fine,fine,NOUN,_
182-2,BOI019,182,182,3-4,degli,degli,_,_,_
182-2a,_,_,182,3,_,di,di,ADP,_
182-2b,_,_,182,4,_,gli,il,DET,_
182-3,BOI019,182,182,5,anni,anni,anno,NOUN,_
182-4,BOI019,182,182,6,settanta,settanta,settanta,NUM,_
183-0,BOI019,183,183,1,c',c',ci,PRON,SpaceAfter=No
183-1,BOI019,183,183,2,è,è,essere,VERB,_
183-2,BOI019,183,183,3,la,la,il,DET,_
183-3,BOI019,183,183,4,biblioteca,biblioteca,biblioteca,NOUN,_
184-0,BOI019,184,184,1-2,del,del,_,_,_
184-0a,_,_,184,1,_,di,di,ADP,_
184-0b,_,_,184,2,_,il,il,DET,_
184-1,BOI019,184,184,3,quartiere,quartiere,quartiere,NOUN,_
185-0,BOI019,185,185,1,saragozza,saragozza,Saragozza,PROPN,_
186-0,BOI019,186,186,1,era,era,essere,AUX,_
187-0,BOI019,187,187,1,in,in,in,ADP,_
187-1,BOI019,187,187,2,via,via,via,ADV,_
187-2,BOI019,187,187,3,ventun,ventun,Ventuno,PROPN,_
187-3,BOI019,187,187,4,aprile,aprile,Aprile,PROPN,_
188-0,BOI019,188,188,1,in,in,in,ADP,_
188-1,BOI019,188,188,2,un,un,uno,DET,_
188-2,BOI019,188,188,3,piccolo,piccolo,piccolo,ADJ,_
188-3,BOI019,188,188,4,negozietto,negozietto,negozio,NOUN,_
189-0,BOI019,189,189,1,dove,dove,dove,ADV,_
189-1,BOI019,189,189,2,adesso,adesso,adesso,ADV,_
190-0,BOI019,190,190,1,c',c',ci,PRON,SpaceAfter=No
190-1,BOI019,190,190,2,è,è,essere,VERB,_
190-2,BOI019,190,190,3,{P},{P},_,_,_
190-3,BOI019,190,190,4,il,il,il,DET,_
190-4,BOI019,190,190,5,negozio,negozio,negozio,NOUN,_
190-5,BOI019,190,190,6-7,del,del,_,_,_
190-5a,_,_,190,6,_,di,di,ADP,_
190-5b,_,_,190,7,_,il,il,DET,_
190-6,BOI019,190,190,8,meccanico,meccanico,meccanico,NOUN,_
190-7,BOI019,190,190,9-10,delle,delle,_,_,_
190-7a,_,_,190,9,_,di,di,ADP,_
190-7b,_,_,190,10,_,le,il,DET,_
190-8,BOI019,190,190,11,biciclette,biciclette,bicicletta,NOUN,_
190-9,BOI019,190,190,12,ma,ma,ma,CCONJ,_
190-10,BOI019,190,190,13,è,è,essere,AUX,_
190-11,BOI019,190,190,14,un,un,uno,DET,_
190-12,BOI019,190,190,15,picc~,picc~,picc~,X,Interrupted=Yes
190-13,BOI019,190,190,16,è,è,essere,AUX,_
190-14,BOI019,190,190,17,una,una,uno,DET,_
190-15,BOI019,190,190,18,stanzina,stanzina,stanza,NOUN,_
191-0,BOR005,191,191,1,mhmh,mhmh,mhmh,INTJ,_
192-0,BOI019,192,192,1,ma,ma,ma,CCONJ,_
192-1,BOI019,192,192,2,fu,fu,essere,AUX,_
192-2,BOI019,192,192,3,un,un,uno,DET,_
192-3,BOI019,192,192,4,manifesto,manifesto,manifesto,NOUN,_
193-0,BOI019,193,193,1,in,in,in,ADP,_
193-1,BOI019,193,193,2,questo,questo,questo,DET,_
193-2,BOI019,193,193,3,quartiere,quartiere,quartiere,NOUN,_
193-3,BOI019,193,193,4,però,però,però,ADV,_
193-4,BOI019,193,193,5,c',c',ci,PRON,SpaceAfter=No
193-5,BOI019,193,193,6,era,era,essere,VERB,_
193-6,BOI019,193,193,7,già,già,già,ADV,_
193-7,BOI019,193,193,8,una,una,uno,DET,_
193-8,BOI019,193,193,9,biblioteca,biblioteca,biblioteca,NOUN,_
193-9,BOI019,193,193,10,era,era,essere,AUX,_
193-10,BOI019,193,193,11,la,la,il,DET,_
193-11,BOI019,193,193,12,biblioteca,biblioteca,biblioteca,NOUN,_
193-12,BOI019,193,193,13,malpighi,malpighi,Malpighi,PROPN,_
194-0,BOI019,194,194,1,un,un,uno,DET,_
194-1,BOI019,194,194,2,pochino,pochino,pochino,NOUN,_
194-2,BOI019,194,194,3,più,più,più,ADV,_
194-3,BOI019,194,194,4,verso,verso,verso,ADP,_
194-4,BOI019,194,194,5,il,il,il,DET,_
194-5,BOI019,194,194,6,centro,centro,centro,NOUN,_
195-0,BOI019,195,195,1,perché,perché,perché,SCONJ,_
195-1,BOI019,195,195,2,il,il,il,DET,_
195-2,BOI019,195,195,3,quartiere,quartiere,quartiere,NOUN,_
195-3,BOI019,195,195,4,era,era,essere,AUX,_
195-4,BOI019,195,195,5,malpighi,malpighi,Malpighi,PROPN,_
195-5,BOI019,195,195,6,saragozza,saragozza,Saragozza,PROPN,_
196-0,BOI019,196,196,1,ma,ma,ma,CCONJ,_
196-1,BOI019,196,196,2,proprio,proprio,proprio,ADV,_
196-2,BOI019,196,196,3,saragozza,saragozza,Saragozza,PROPN,_
196-3,BOI019,196,196,4,qui,qui,qui,ADV,_
197-0,BOI019,197,197,1,è,è,essere,AUX,_
197-1,BOI019,197,197,2,nata,nata,nascere,VERB,_
197-2,BOI019,197,197,3-4,alla,alla,_,_,_
197-2a,_,_,197,3,_,a,a,ADP,_
197-2b,_,_,197,4,_,la,il,DET,_
197-3,BOI019,197,197,5,fine,fine,fine,NOUN,_
197-4,BOI019,197,197,6-7,degli,degli,_,_,_
197-4a,_,_,197,6,_,di,di,ADP,_
197-4b,_,_,197,7,_,gli,il,DET,_
197-5,BOI019,197,197,8,anni,anni,anno,NOUN,_
197-6,BOI019,197,197,9,settanta,settanta,settanta,NUM,_
198-0,BOR005,198,198,1,come,come,come,ADP,_
198-1,BOR005,198,198,2,mai,mai,mai,ADV,_
198-2,BOR005,198,198,3,ha,ha,avere,AUX,_
198-3,BOR005,198,198,4,scelto,scelto,scegliere,VERB,_
198-4,BOR005,198,198,5,proprio,proprio,proprio,ADV,_
198-5,BOR005,198,198,6,il,il,il,DET,_
198-6,BOR005,198,198,7,lavoro,lavoro,lavoro,NOUN,_
198-7,BOR005,198,198,8,di,di,di,ADP,_
198-8,BOR005,198,198,9,bibliotecaria?,bibliotecaria,bibliotecaria,NOUN,Intonation=rising
199-0,BOI019,199,199,1,e:h,eh,eh,INTJ,_
200-0,BOI019,200,200,1,ho,ho,avere,AUX,_
200-1,BOI019,200,200,2,scelto,scelto,scegliere,VERB,_
200-2,BOI019,200,200,3,il,il,il,DET,_
200-3,BOI019,200,200,4,lavoro,lavoro,lavoro,NOUN,_
200-4,BOI019,200,200,5,di,di,di,ADP,_
200-5,BOI019,200,200,6,bibliotecaria,bibliotecaria,bibliotecaria,NOUN,_
200-6,BOI019,200,200,7,perché,perché,perché,SCONJ,_
201-0,BOI019,201,201,1,mi,mi,mi,PRON,_
201-1,BOI019,201,201,2,piaceva,piaceva,piacere,VERB,_
201-2,BOI019,201,201,3,anche,anche,anche,ADV,_
201-3,BOI019,201,201,4,l',l',il,DET,SpaceAfter=No
201-4,BOI019,201,201,5,insegnamento,insegnamento,insegnamento,NOUN,_
201-5,BOI019,201,201,6,però,però,però,ADV,_
202-0,BOI019,202,202,1,io,io,io,PRON,_
202-1,BOI019,202,202,2,amavo,amavo,amare,VERB,_
202-2,BOI019,202,202,3,<molto>,molto,molto,ADV,_
202-3,BOI019,202,202,4,i,i,il,DET,_
202-4,BOI019,202,202,5,libri,libri,libro,NOUN,_
203-0,BOI019,203,203,1,avevo,avevo,avere,AUX,_
203-1,BOI019,203,203,2,avuto,avuto,avere,VERB,_
203-2,BOI019,203,203,3,la,la,il,DET,_
203-3,BOI019,203,203,4,fortuna,fortuna,fortuna,NOUN,_
203-4,BOI019,203,203,5,di,di,di,ADP,_
203-5,BOI019,203,203,6,avere,avere,avere,VERB,_
203-6,BOI019,203,203,7,i,i,il,DET,_
203-7,BOI019,203,203,8,libri,libri,libro,NOUN,_
204-0,BOI019,204,204,1,da,da,da,ADP,_
204-1,BOI019,204,204,2,piccolissima,piccolissima,piccolo,ADJ,_
204-2,BOI019,204,204,3,anche,anche,anche,ADV,_
204-3,BOI019,204,204,4,quando,quando,quando,SCONJ,_
204-4,BOI019,204,204,5,non,non,non,ADV,_
204-5,BOI019,204,204,6,sapevo,sapevo,sapere,VERB,_
204-6,BOI019,204,204,7,leggere,leggere,leggere,VERB,_
205-0,BOI019,205,205,1,e,e,e,CCONJ,_
205-1,BOI019,205,205,2,questo,questo,questo,DET,_
205-2,BOI019,205,205,3,grazie,grazie,grazie,NOUN,_
205-3,BOI019,205,205,4,non,non,non,ADV,_
205-4,BOI019,205,205,5,ad,ad,a,ADP,_
205-5,BOI019,205,205,6,un,un,uno,DET,_
205-6,BOI019,205,205,7,professore,professore,professore,NOUN,_
205-7,BOI019,205,205,8,universitario,universitario,universitario,ADJ,_
206-0,BOI019,206,206,1,ma,ma,ma,CCONJ,_
206-1,BOI019,206,206,2,un,un,uno,DET,_
206-2,BOI019,206,206,3,mio,mio,mio,DET,_
206-3,BOI019,206,206,4,nonno,nonno,nonno,NOUN,_
206-4,BOI019,206,206,5,caro,caro,caro,ADJ,_
206-5,BOI019,206,206,6,xxx,x,x,X,_
207-0,BOI019,207,207,1,che,che,che,PRON,_
207-1,BOI019,207,207,2,aveva,aveva,avere,AUX,_
207-2,BOI019,207,207,3,fatto,fatto,fare,VERB,_
207-3,BOI019,207,207,4,l',l',il,DET,SpaceAfter=No
207-4,BOI019,207,207,5,ottava,ottava,ottavo,ADJ,_
207-5,BOI019,207,207,6,{P},{P},_,_,_
207-6,BOI019,207,207,7,e,e,e,CCONJ,_
207-7,BOI019,207,207,8,amava,amava,amare,VERB,_
207-8,BOI019,207,207,9,molto,molto,molto,ADV,_
207-9,BOI019,207,207,10,la,la,il,DET,_
207-10,BOI019,207,207,11,lettura,lettura,lettura,NOUN,_
208-0,BOI019,208,208,1,e::h,eh,eh,INTJ,_
208-1,BOI019,208,208,2,{P},{P},_,_,_
208-2,BOI019,208,208,3,e,e,e,CCONJ,_
208-3,BOI019,208,208,4,quindi,quindi,quindi,ADV,_
208-4,BOI019,208,208,5,mi,mi,mi,PRON,_
208-5,BOI019,208,208,6,son,son,essere,AUX,_
208-6,BOI019,208,208,7,trovata,trovata,trovare,VERB,_
208-7,BOI019,208,208,8,a,a,a,ADP,_
208-8,BOI019,208,208,9,far,far,fare,VERB,_
208-9,BOI019,208,208,10,un,un,uno,DET,_
208-10,BOI019,208,208,11,lavoro,lavoro,lavoro,NOUN,_
209-0,BOI019,209,209,1-2,al,al,_,_,_
209-0a,_,_,209,1,_,a,a,ADP,_
209-0b,_,_,209,2,_,il,il,DET,_
209-1,BOI019,209,209,3,di,di,di,ADP,_
209-2,BOI019,209,209,4,là,là,là,ADV,_
209-3,BOI019,209,209,5,{P},{P},_,_,_
209-4,BOI019,209,209,6,e::h,eh,eh,INTJ,_
210-0,BOI019,210,210,1-2,del,del,_,_,_
210-0a,_,_,210,1,_,di,di,ADP,_
210-0b,_,_,210,2,_,il,il,DET,_
210-1,BOI019,210,210,3,bello,bello,bello,NOUN,_
211-0,BOI019,211,211,1,anche,anche,anche,ADV,_
211-1,BOI019,211,211,2-3,del,del,_,_,_
211-1a,_,_,211,2,_,di,di,ADP,_
211-1b,_,_,211,3,_,il,il,DET,_
211-2,BOI019,211,211,4,piacevole,piacevole,piacevole,ADJ,_
211-3,BOI019,211,211,5,proprio,proprio,proprio,ADV,_
211-4,BOI019,211,211,6,come,come,come,ADP,_
211-5,BOI019,211,211,7,c~,c~,c~,X,Interrupted=Yes
211-6,BOI019,211,211,8,come,come,come,ADP,_
211-7,BOI019,211,211,9,lavoro,lavoro,lavoro,NOUN,_
211-8,BOI019,211,211,10,per,per,per,ADP,_
211-9,BOI019,211,211,11,me,me,me,PRON,_
211-10,BOI019,211,211,12,{P},{P},_,_,_
211-11,BOI019,211,211,13,non,non,non,ADV,_
211-12,BOI019,211,211,14,era,era,essere,AUX,_
211-13,BOI019,211,211,15,neanche,neanche,neanche,ADV,_
211-14,BOI019,211,211,16,un,un,uno,DET,_
211-15,BOI019,211,211,17,lavoro,lavoro,lavoro,NOUN,_
212-0,BOI019,212,212,1,e,e,e,CCONJ,_
212-1,BOI019,212,212,2,alimentava,alimentava,alimentare,VERB,_
212-2,BOI019,212,212,3,in,in,in,ADP,_
212-3,BOI019,212,212,4,me,me,me,PRON,_
212-4,BOI019,212,212,5,questo:,questo,questo,DET,_
213-0,BOI019,213,213,1,e:hm::,ehm,ehm,INTJ,_
213-1,BOI019,213,213,2,bisogno,bisogno,bisogno,NOUN,_
213-2,BOI019,213,213,3,di,di,di,ADP,_
213-3,BOI019,213,213,4,conoscer,conoscer,conoscere,VERB,_
214-0,BOI019,214,214,1,di,di,di,ADP,_
214-1,BOI019,214,214,2,capire,capire,capire,VERB,_
215-0,BOI019,215,215,1,che,che,che,PRON,_
215-1,BOI019,215,215,2,non,non,non,ADV,_
215-2,BOI019,215,215,3,finiva,finiva,finire,VERB,_
215-3,BOI019,215,215,4,mai,mai,mai,ADV,_
215-4,BOI019,215,215,5,e,e,e,CCONJ,_
215-5,BOI019,215,215,6,che,che,che,PRON,_
215-6,BOI019,215,215,7,mi,mi,mi,PRON,_
215-7,BOI019,215,215,8,rendeva,rendeva,rendere,VERB,_
215-8,BOI019,215,215,9,consapevole,consapevole,consapevole,ADJ,_
216-0,BOI019,216,216,1,di,di,di,ADP,_
216-1,BOI019,216,216,2,non,non,non,ADV,_
216-2,BOI019,216,216,3,sapere,sapere,sapere,VERB,_
216-3,BOI019,216,216,4,{P},{P},_,_,_
216-4,BOI019,216,216,5,quel,quel,quello,DET,_
216-5,BOI019,216,216,6,famoso,famoso,famoso,ADJ,_
216-6,BOI019,216,216,7,detto,detto,detto,NOUN,_
216-7,BOI019,216,216,8,socratico,socratico,socratico,ADJ,_
216-8,BOI019,216,216,9,[no]?,no,no,ADV,Intonation=rising
217-0,BOR005,217,217,1,[mhmh],mhmh,mhmh,INTJ,_
218-0,BOI019,218,218,1,io,io,io,PRON,_
218-1,BOI019,218,218,2,so,so,sapere,VERB,_
218-2,BOI019,218,218,3,di,di,di,ADP,_
218-3,BOI019,218,218,4,non,non,non,ADV,_
218-4,BOI019,218,218,5,sapere,sapere,sapere,VERB,_
219-0,BOI019,219,219,1,e,e,e,CCONJ,_
219-1,BOI019,219,219,2,nonostante,nonostante,nonostante,ADP,_
219-2,BOI019,219,219,3,la,la,il,DET,_
219-3,BOI019,219,219,4,mia,mia,mio,ADJ,_
219-4,BOI019,219,219,5,età,età,età,NOUN,_
219-5,BOI019,219,219,6,eh,eh,eh,INTJ,_
219-6,BOI019,219,219,7,eh,eh,eh,INTJ,_
219-7,BOI019,219,219,8,di,di,di,ADP,_
219-8,BOI019,219,219,9,novantatre,novantatre,novantatre,NUM,_
219-9,BOI019,219,219,10,anni,anni,anno,NOUN,_
219-10,BOI019,219,219,11,"ormai,",ormai,ormai,ADV,Intonation=weakly_rising
220-0,BOI019,220,220,1,è,è,essere,AUX,_
220-1,BOI019,220,220,2,ancora,ancora,ancora,ADV,_
220-2,BOI019,220,220,3,valido,valido,valido,ADJ,_
221-0,BOI019,221,221,1,so,so,sapere,VERB,_
221-1,BOI019,221,221,2,di,di,di,ADP,_
221-2,BOI019,221,221,3,non,non,non,ADV,_
221-3,BOI019,221,221,4,sapere,sapere,sapere,VERB,_
221-4,BOI019,221,221,5,proprio,proprio,proprio,ADV,_
222-0,BOI019,222,222,1,e,e,e,CCONJ,_
222-1,BOI019,222,222,2,questi,questi,questo,PRON,_
222-2,BOI019,222,222,3,alimenta,alimenta,alimentare,VERB,_
222-3,BOI019,222,222,4,la,la,il,DET,_
222-4,BOI019,222,222,5,mia,mia,mio,ADJ,_
222-5,BOI019,222,222,6,curiosità,curiosità,curiosità,NOUN,_
223-0,BOI019,223,223,1,e,e,e,CCONJ,_
223-1,BOI019,223,223,2,la,la,il,DET,_
223-2,BOI019,223,223,3,mia,mia,mio,ADJ,_
223-3,BOI019,223,223,4,capacità,capacità,capacità,NOUN,_
223-4,BOI019,223,223,5,di,di,di,ADP,_
223-5,BOI019,223,223,6,star,star,stare,VERB,_
223-6,BOI019,223,223,7,bene,bene,bene,ADV,_
224-0,BOR005,224,224,1,mhmh,mhmh,mhmh,INTJ,_
225-0,BOI019,225,225,1,e,e,e,CCONJ,_
225-1,BOI019,225,225,2,di,di,di,ADP,_
225-2,BOI019,225,225,3-4,condividerlo,condividerlo,_,_,_
225-2a,_,_,225,3,_,condivider,condividere,VERB,_
225-2b,_,_,225,4,_,lo,lo,PRON,_
225-3,BOI019,225,225,5,anche,anche,anche,ADV,_
225-4,BOI019,225,225,6,con,con,con,ADP,_
225-5,BOI019,225,225,7,gli,gli,il,DET,_
225-6,BOI019,225,225,8,altri,altri,altro,PRON,_
225-7,BOI019,225,225,9,perché,perché,perché,SCONJ,_
225-8,BOI019,225,225,10,è,è,essere,AUX,_
225-9,BOI019,225,225,11,il,il,il,DET,_
225-10,BOI019,225,225,12,mio,mio,mio,ADJ,_
225-11,BOI019,225,225,13,proprio,proprio,proprio,DET,_
225-12,BOI019,225,225,14,motivo,motivo,motivo,NOUN,_
225-13,BOI019,225,225,15,anche,anche,anche,ADV,_
225-14,BOI019,225,225,16,di,di,di,ADP,_
225-15,BOI019,225,225,17,relazione,relazione,relazione,NOUN,_
225-16,BOI019,225,225,18,con,con,con,ADP,_
225-17,BOI019,225,225,19,gli,gli,il,DET,_
225-18,BOI019,225,225,20,altri,altri,altro,PRON,_
226-0,BOR005,226,226,1,mh,mh,mh,INTJ,_
227-0,BOI019,227,227,1,ancor,ancor,ancora,ADV,_
227-1,BOI019,227,227,2-3,della,della,_,-,_
227-1a,_,_,227,2,_,di,di,ADP,_
227-1b,_,_,227,3,_,la,il,DET,_
227-2,BOI019,227,227,4,mia,mia,mio,ADJ,_
227-3,BOI019,227,227,5-6,della,della,_,_,_
227-3a,_,_,227,5,_,di,di,ADP,_
227-3b,_,_,227,6,_,la,il,DET,_
227-4,BOI019,227,227,7,mia,mia,mio,ADJ,_
227-5,BOI019,227,227,8,vivacità,vivacità,vivacità,NOUN,_
227-6,BOI019,227,227,9,"mentale,",mentale,mentale,ADJ,Intonation=weakly_rising
227-7,BOI019,227,227,10-11,del,del,_,_,_
227-7a,_,_,227,10,_,di,di,ADP,_
227-7b,_,_,227,11,_,il,il,DET,_
227-8,BOI019,227,227,12,mio,mio,mio,ADJ,_
227-9,BOI019,227,227,13,star,star,star,NOUN,_
227-10,BOI019,227,227,14,bene,bene,bene,ADV,_
228-0,BOI019,228,228,1,tant',tant',tanto,ADV,SpaceAfter=No
228-1,BOI019,228,228,2,è,è,essere,AUX,_
228-2,BOI019,228,228,3,vero,vero,vero,ADJ,_
228-3,BOI019,228,228,4,che,che,che,SCONJ,_
228-4,BOI019,228,228,5,quando,quando,quando,SCONJ,_
228-5,BOI019,228,228,6,vado,vado,andare,VERB,_
228-6,BOI019,228,228,7-8,dal,dal,_,_,_
228-6a,_,_,228,7,_,da,da,ADP,_
228-6b,_,_,228,8,_,il,il,DET,_
228-7,BOI019,228,228,9-10,dal,dal,_,_,_
228-7a,_,_,228,9,_,da,da,ADP,_
228-7b,_,_,228,10,_,il,il,DET,_
228-8,BOI019,228,228,11,mio,mio,mio,ADJ,_
228-9,BOI019,228,228,12,medico,medico,medico,NOUN,_
228-10,BOI019,228,228,13,di,di,di,ADP,_
229-0,BOI019,229,229,1,di,di,di,ADP,_
229-1,BOI019,229,229,2,famiglia,famiglia,famiglia,NOUN,_
230-0,BOI019,230,230,1,dico,dico,dire,VERB,_
230-1,BOI019,230,230,2,sempre,sempre,sempre,ADV,_
231-0,BOI019,231,231,1,dottoressa,dottoressa,dottore,NOUN,_
232-0,BOI019,232,232,1,mi,mi,mi,PRON,_
232-1,BOI019,232,232,2,raccomando,raccomando,raccomandare,VERB,_
232-2,BOI019,232,232,3,dica,dica,dico,VERB,_
232-3,BOI019,232,232,4-5,alle,alle,_,_,_
232-3a,_,_,232,4,_,a,a,ADP,_
232-3b,_,_,232,5,_,le,il,DET,_
232-4,BOI019,232,232,6,persone,persone,persona,NOUN,_
232-5,BOI019,232,232,7,di,di,di,ADP,_
232-6,BOI019,232,232,8,leggere,leggere,leggere,VERB,_
233-0,BOI019,233,233,1,anche,anche,anche,ADV,_
233-1,BOI019,233,233,2,perché,perché,perché,SCONJ,_
234-0,BOI019,234,234,1,noi,noi,noi,PRON,_
234-1,BOI019,234,234,2,qui,qui,qui,ADV,_
234-2,BOI019,234,234,3,a,a,a,ADP,_
234-3,BOI019,234,234,4,bologna,bologna,Bologna,PROPN,_
234-4,BOI019,234,234,5,{P},{P},_,-,_
234-5,BOI019,234,234,6,con,con,con,ADP,_
234-6,BOI019,234,234,7,le,le,il,DET,_
234-7,BOI019,234,234,8,nostre,nostre,nostro,ADJ,_
234-8,BOI019,234,234,9,biblioteche,biblioteche,biblioteca,NOUN,_
234-9,BOI019,234,234,10,di,di,di,ADP,_
234-10,BOI019,234,234,11,quartiere,quartiere,quartiere,NOUN,_
235-0,BOI019,235,235,1,abbiamo,abbiamo,avere,VERB,_
235-1,BOI019,235,235,2,la,la,il,DET,_
235-2,BOI019,235,235,3,possibilità,possibilità,possibilità,NOUN,_
235-3,BOI019,235,235,4,di,di,di,ADP,_
235-4,BOI019,235,235,5,leggere,leggere,leggere,VERB,_
235-5,BOI019,235,235,6,tutti,tutti,tutto,PRON,_
235-6,BOI019,235,235,7,anche,anche,anche,ADV,_
235-7,BOI019,235,235,8,i,i,il,DET,_
235-8,BOI019,235,235,9,non,non,non,ADV,_
235-9,BOI019,235,235,10,ve~,ve~,ve~,X,Interrupted=Yes
236-0,BOI019,236,236,1,anche,anche,anche,ADV,_
236-1,BOI019,236,236,2,gli,gli,il,DET,_
236-2,BOI019,236,236,3,ipovedenti,ipovedenti,ipovedente,NOUN,_
237-0,BOI019,237,237,1,o,o,o,CCONJ,_
237-1,BOI019,237,237,2,i,i,il,DET,_
237-2,BOI019,237,237,3,non,non,non,ADV,_
237-3,BOI019,237,237,4,veden~,vedenti,vedente,NOUN,Interrupted=Yes
238-0,BOI019,238,238,1,gli,gli,il,DET,_
238-1,BOI019,238,238,2,ipovedenti,ipovedenti,ipovedente,NOUN,_
238-2,BOI019,238,238,3,perché,perché,perché,SCONJ,_
238-3,BOI019,238,238,4,abbiamo,abbiamo,avere,VERB,_
239-0,BOI019,239,239,1,la,la,il,DET,_
239-1,BOI019,239,239,2,fortuna,fortuna,fortuna,NOUN,_
240-0,BOI019,240,240,1,di,di,di,ADP,_
240-1,BOI019,240,240,2,avere,avere,avere,VERB,_
240-2,BOI019,240,240,3,{P},{P},_,_,_
240-3,BOI019,240,240,4,a,a,a,ADP,_
240-4,BOI019,240,240,5,domicilio,domicilio,domicilio,NOUN,_
240-5,BOI019,240,240,6,gratuitamente,gratuitamente,gratuitamente,ADV,_
240-6,BOI019,240,240,7,attraverso,attraverso,attraverso,ADP,_
240-7,BOI019,240,240,8,le,le,il,DET,_
240-8,BOI019,240,240,9,nostre,nostre,nostro,ADJ,_
240-9,BOI019,240,240,10,biblioteche,biblioteche,biblioteca,NOUN,_
240-10,BOI019,240,240,11,di,di,di,ADP,_
240-11,BOI019,240,240,12,quartiere,quartiere,quartiere,NOUN,_
241-0,BOI019,241,241,1-2,degli,degli,_,_,_
241-0a,_,_,241,1,_,di,di,ADP,_
241-0b,_,_,241,2,_,gli,il,DET,_
241-1,BOI019,241,241,3,audiolibri,audiolibri,audiolibro,NOUN,_
242-0,BOI019,242,242,1,io,io,io,PRON,_
242-1,BOI019,242,242,2,che,che,che,PRON,_
242-2,BOI019,242,242,3,sono,sono,essere,AUX,_
242-3,BOI019,242,242,4,un,un,uno,DET,_
242-4,BOI019,242,242,5,po',po',poco,ADV,_
242-5,BOI019,242,242,6,ipovedente,ipovedente,ipovedente,ADJ,_
243-0,BOI019,243,243,1,ho,ho,avere,VERB,_
243-1,BOI019,243,243,2,la,la,il,DET,_
243-2,BOI019,243,243,3,fortuna,fortuna,fortuna,NOUN,_
244-0,BOI019,244,244,1,di,di,di,ADP,_
244-1,BOI019,244,244,2,avere,avere,avere,VERB,_
245-0,BOI019,245,245,1-2,dal,dal,_,_,_
245-0a,_,_,245,1,_,da,da,ADP,_
245-0b,_,_,245,2,_,il,il,DET,_
245-1,BOI019,245,245,3,mio,mio,mio,ADJ,_
245-2,BOI019,245,245,4,quartiere,quartiere,quartiere,NOUN,_
246-0,BOI019,246,246,1-2,dalla,dalla,_,_,_
246-0a,_,_,246,1,_,da,da,ADP,_
246-0b,_,_,246,2,_,la,il,DET,_
246-1,BOI019,246,246,3,mia,mia,mio,ADJ,_
246-2,BOI019,246,246,4,biblioteca,biblioteca,biblioteca,NOUN,_
246-3,BOI019,246,246,5,di,di,di,ADP,_
246-4,BOI019,246,246,6,quartiere,quartiere,quartiere,NOUN,_
247-0,BOI019,247,247,1,i,i,il,DET,_
247-1,BOI019,247,247,2,libri,libri,libro,NOUN,_
247-2,BOI019,247,247,3,a,a,a,ADP,_
247-3,BOI019,247,247,4,domicilio,domicilio,domicilio,NOUN,_
247-4,BOI019,247,247,5,<gratuitamente>,gratuitamente,gratuitamente,ADV,_
248-0,BOI019,248,248,1,tant',tant',tanto,ADV,SpaceAfter=No
248-1,BOI019,248,248,2,è,è,essere,AUX,_
248-2,BOI019,248,248,3,vero,vero,vero,ADJ,_
248-3,BOI019,248,248,4,che,che,che,SCONJ,_
248-4,BOI019,248,248,5,questo,questo,questo,DET,_
248-5,BOI019,248,248,6,l',l',lo,PRON,SpaceAfter=No
248-6,BOI019,248,248,7,ho,ho,avere,AUX,_
248-7,BOI019,248,248,8,detto,detto,dire,VERB,_
249-0,BOI019,249,249,1,anche,anche,anche,ADV,_
249-1,BOI019,249,249,2,{ride},{ride},_,_,_
249-2,BOI019,249,249,3-4,al,al,_,_,_
249-2a,_,_,249,3,_,a,a,ADP,_
249-2b,_,_,249,4,_,il,il,DET,_
249-3,BOI019,249,249,5,nostro,nostro,nostro,ADJ,_
249-4,BOI019,249,249,6,sindaco,sindaco,sindaco,NOUN,_
250-0,BOI019,250,250,1,che,che,che,SCONJ,_
250-1,BOI019,250,250,2,deve,deve,dovere,AUX,_
250-2,BOI019,250,250,3,continuare,continuare,continuare,VERB,_
250-3,BOI019,250,250,4,perché,perché,perché,SCONJ,_
250-4,BOI019,250,250,5,è,è,essere,AUX,_
250-5,BOI019,250,250,6,una,una,uno,DET,_
250-6,BOI019,250,250,7,gran,gran,grande,ADJ,_
250-7,BOI019,250,250,8,cosa,cosa,cosa,NOUN,_
251-0,BOI019,251,251,1,i,i,il,DET,_
251-1,BOI019,251,251,2,libri,libri,libro,NOUN,_
251-2,BOI019,251,251,3,come,come,come,ADP,_
251-3,BOI019,251,251,4,terapia,terapia,terapia,NOUN,_
252-0,BOR005,252,252,1,sì,sì,sì,ADV,_
252-1,BOR005,252,252,2,assolutamente,assolutamente,assolutamente,ADV,_
253-0,BOI019,253,253,1,lo,lo,lo,PRON,_
253-1,BOI019,253,253,2,dico,dico,dire,VERB,_
253-2,BOI019,253,253,3,sempre,sempre,sempre,ADV,_
253-3,BOI019,253,253,4-5,al,al,_,_,_
253-3a,_,_,253,4,_,a,a,ADP,_
253-3b,_,_,253,5,_,il,il,DET,_
253-4,BOI019,253,253,6,mio,mio,mio,ADJ,_
253-5,BOI019,253,253,7,medico,medico,medico,NOUN,_
253-6,BOI019,253,253,8,di,di,di,ADP,_
253-7,BOI019,253,253,9,base,base,base,NOUN,_
253-8,BOI019,253,253,10,ma,ma,ma,CCONJ,_
253-9,BOI019,253,253,11,è,è,essere,AUX,_
253-10,BOI019,253,253,12,vero,vero,vero,ADJ,_
253-11,BOI019,253,253,13,sai?,sai,sapere,VERB,Intonation=rising
254-0,BOI019,254,254,1,te,te,te,PRON,_
254-1,BOI019,254,254,2,lo,lo,il,PRON,_
254-2,BOI019,254,254,3,posso,posso,potere,AUX,_
254-3,BOI019,254,254,4,dire,dire,dire,VERB,_
255-0,BOI019,255,255,1,perché,perché,perché,SCONJ,_
255-1,BOI019,255,255,2,io,io,io,PRON,_
255-2,BOI019,255,255,3,sento,sento,sentire,VERB,_
255-3,BOI019,255,255,4,anche,anche,anche,SCONJ,_
255-4,BOI019,255,255,5,attraverso:,attraverso,attraverso,ADP,_
256-0,BOI019,256,256,1,le,le,il,DET,_
256-1,BOI019,256,256,2,mie,mie,mio,ADJ,_
256-2,BOI019,256,256,3,relazioni,relazioni,relazione,NOUN,_
257-0,BOI019,257,257,1,magari,magari,magari,ADV,_
257-1,BOI019,257,257,2,di,di,di,ADP,_
257-2,BOI019,257,257,3,signori,signori,signore,NOUN,_
257-3,BOI019,257,257,4,che,che,che,PRON,_
257-4,BOI019,257,257,5,non,non,non,ADV,_
257-5,BOI019,257,257,6,leggono,leggono,leggere,VERB,_
258-0,BOI019,258,258,1,che,che,che,PRON,_
258-1,BOI019,258,258,2,non,non,non,ADV,_
258-2,BOI019,258,258,3,hanno,hanno,avere,VERB,_
259-0,BOI019,259,259,1,non,non,non,ADV,_
259-1,BOI019,259,259,2,solo,solo,solo,ADV,_
259-2,BOI019,259,259,3,argomenti,argomenti,argomento,NOUN,_
259-3,BOI019,259,259,4,ma,ma,ma,CCONJ,_
260-0,BOI019,260,260,1,non,non,non,ADV,_
260-1,BOI019,260,260,2,riempiono,riempiono,riemprire,VERB,_
260-2,BOI019,260,260,3,il,il,il,DET,_
260-3,BOI019,260,260,4,loro,loro,loro,ADJ,_
260-4,BOI019,260,260,5,tempo,tempo,tempo,NOUN,_
261-0,BOI019,261,261,1,invece,invece,invece,ADV,_
261-1,BOI019,261,261,2,con,con,con,ADP,_
261-2,BOI019,261,261,3,gioia,gioia,gioia,NOUN,_
262-0,BOI019,262,262,1,la,la,il,DET,_
262-1,BOI019,262,262,2,lettu~,lettura,lettura,NOUN,Interrupted=Yes
262-2,BOI019,262,262,3,la,la,il,DET,_
262-3,BOI019,262,262,4,lettura,lettura,lettura,NOUN,_
262-4,BOI019,262,262,5,ti,ti,ti,PRON,_
262-5,BOI019,262,262,6,dà,dà,dare,VERB,_
262-6,BOI019,262,262,7,gioia,gioia,gioia,NOUN,_
263-0,BOR005,263,263,1,eccome,eccome,eccome,ADV,_
263-1,BOR005,263,263,2,se,se,se,SCONJ,_
263-2,BOR005,263,263,3,dà,dà,dare,VERB,_
263-3,BOR005,263,263,4,gioia,gioia,gioia,NOUN,_
264-0,BOI019,264,264,1,ti,ti,ti,PRON,_
264-1,BOI019,264,264,2,dà,dà,dare,VERB,_
264-2,BOI019,264,264,3,conoscenza,conoscenza,conoscenza,NOUN,_
265-0,BOI019,265,265,1,ti,ti,ti,PRON,_
265-1,BOI019,265,265,2,dà,dà,dare,VERB,_
265-2,BOI019,265,265,3,capacità,capacità,capacità,NOUN,_
265-3,BOI019,265,265,4,di,di,di,ADP,_
265-4,BOI019,265,265,5,relazione,relazione,relazione,NOUN,_
266-0,BOR005,266,266,1,assolutamente,assolutamente,assolutamente,ADV,_
266-1,BOR005,266,266,2,sì,sì,sì,INTJ,_
266-2,BOR005,266,266,3,condivido,condivido,condividere,VERB,_
266-3,BOR005,266,266,4,a,a,a,ADP,_
266-4,BOR005,266,266,5,pieno,pieno,pieno,ADJ,_
267-0,BOI019,267,267,1,ma,ma,ma,CCONJ,_
267-1,BOI019,267,267,2,conoscenza,conoscenza,conoscenza,NOUN,_
267-2,BOI019,267,267,3,ti,ti,ti,PRON,_
267-3,BOI019,267,267,4,dà,dà,dare,VERB,_
267-4,BOI019,267,267,5,{P},{P},_,_,_
267-5,BOI019,267,267,6,e,e,e,CCONJ,_
267-6,BOI019,267,267,7,questa,questa,questo,PRON,_
267-7,BOI019,267,267,8,>è,è,essere,AUX,_
267-8,BOI019,267,267,9,molto,molto,molto,ADV,_
267-9,BOI019,267,267,10,importan~<,importante,importante,ADJ,Interrupted=Yes
268-0,BOI019,268,268,1,e,e,e,CCONJ,_
268-1,BOI019,268,268,2,vi~,vi~,vi~,X,Interrupted=Yes
268-2,BOI019,268,268,3,ha,ha,avere,VERB,_
268-3,BOI019,268,268,4,la,la,il,DET,_
268-4,BOI019,268,268,5,fortuna,fortuna,fortuna,NOUN,_
268-5,BOI019,268,268,6,anche,anche,anche,ADV,_
268-6,BOI019,268,268,7,con,con,con,ADP,_
268-7,BOI019,268,268,8,mio,mio,mio,ADJ,_
268-8,BOI019,268,268,9,marito,marito,marito,NOUN,_
268-9,BOI019,268,268,10,che,che,che,PRON,_
268-10,BOI019,268,268,11,eh,eh,eh,INTJ,_
269-0,BOI019,269,269,1,venivamo,venivamo,venire,VERB,_
269-1,BOI019,269,269,2,appunto,appunto,appunto,ADV,_
269-2,BOI019,269,269,3,da,da,da,ADP,_
269-3,BOI019,269,269,4,da,da,da,ADP,_
269-4,BOI019,269,269,5,da,da,da,ADP,_
269-5,BOI019,269,269,6,due,due,due,NUM,_
270-0,BOI019,270,270,1,due,due,due,NUM,_
270-1,BOI019,270,270,2,realtà,realtà,realtà,NOUN,_
270-2,BOI019,270,270,3,diverse,diverse,diverso,ADJ,_
270-3,BOI019,270,270,4,era,era,essere,AUX,_
270-4,BOI019,270,270,5,proprio,proprio,proprio,ADV,_
270-5,BOI019,270,270,6,questo::,questo,questo,PRON,_
271-0,BOI019,271,271,1,questa,questa,questo,ADJ,_
271-1,BOI019,271,271,2,forma,forma,forma,NOUN,_
271-2,BOI019,271,271,3,di,di,di,ADP,_
271-3,BOI019,271,271,4,di,di,di,ADP,_
271-4,BOI019,271,271,5,di,di,di,ADP,_
271-5,BOI019,271,271,6,legame,legame,legame,NOUN,_
271-6,BOI019,271,271,7,perché,perché,perché,SCONJ,_
271-7,BOI019,271,271,8,anche,anche,anche,ADV,_
271-8,BOI019,271,271,9,mio,mio,mio,ADJ,_
271-9,BOI019,271,271,10,marito,marito,marito,NOUN,_
272-0,BOI019,272,272,1,amava,amava,amare,VERB,_
272-1,BOI019,272,272,2,molto,molto,molto,ADV,Interrupted=Yes
272-2,BOI019,272,272,3,moltissimo,moltissimo,molto,ADV,_
272-3,BOI019,272,272,4,guarda,guarda,guardare,VERB,_
273-0,BOI019,273,273,1,conoscere,conoscere,conoscere,VERB,_
273-1,BOI019,273,273,2,conoscere,conoscere,conoscere,VERB,_
273-2,BOI019,273,273,3,anche,anche,anche,ADV,_
273-3,BOI019,273,273,4,i,i,il,DET,_
273-4,BOI019,273,273,5,nostri,nostri,nostro,ADJ,_
273-5,BOI019,273,273,6,viaggi,viaggi,viagge,NOUN,_
274-0,BOI019,274,274,1,erano,erano,essere,VERB,_
274-1,BOI019,274,274,2,viaggi,viaggi,viaggio,NOUN,_
274-2,BOI019,274,274,3,di,di,di,ADP,_
274-3,BOI019,274,274,4,conoscenza,conoscenza,conoscenza,NOUN,_
274-4,BOI019,274,274,5,insomma,insomma,insomma,ADV,_
274-5,BOI019,274,274,6,siamo,siamo,essere,AUX,_
274-6,BOI019,274,274,7,andati,andati,andare,VERB,_
274-7,BOI019,274,274,8-9,alle,alle,_,_,_
274-7a,_,_,274,8,_,a,a,ADP,_
274-7b,_,_,274,9,_,le,il,DET,_
274-8,BOI019,274,274,10,maldive,maldive,Maldive,PROPN,_
275-0,BOI019,275,275,1,eh,eh,eh,INTJ,_
275-1,BOI019,275,275,2,in,in,in,ADP,_
275-2,BOI019,275,275,3,crociera,crociera,crociera,NOUN,_
275-3,BOI019,275,275,4,mai,mai,mai,ADV,_
276-0,BOI019,276,276,1,si,si,si,PRON,_
276-1,BOI019,276,276,2,partiva,partiva,partire,VERB,_
276-2,BOI019,276,276,3,{P},{P},_,_,_
276-3,BOI019,276,276,4,con,con,con,ADP,_
276-4,BOI019,276,276,5,pochi,pochi,poco,DET,_
276-5,BOI019,276,276,6,soldi,soldi,soldo,NOUN,_
276-6,BOI019,276,276,7,{P},{P},_,_,_
276-7,BOI019,276,276,8,e,e,e,CCONJ,_
276-8,BOI019,276,276,9,via,via,via,NOUN,_
277-0,BOI019,277,277,1,tutto,tutto,tutto,PRON,_
277-1,BOI019,277,277,2,"segnato,",segnato,segnare,VERB,Intonation=weakly_rising
277-2,BOI019,277,277,3,tutto,tutto,tutto,PRON,_
278-0,BOI019,278,278,1,e::h,eh,eh,INTJ,_
278-1,BOI019,278,278,2,abbiam,abbiam,avere,AUX,_
278-2,BOI019,278,278,3,girato,girato,girare,VERB,_
278-3,BOI019,278,278,4,il,il,il,DET,_
278-4,BOI019,278,278,5,mondo,mondo,mondo,NOUN,_
278-5,BOI019,278,278,6,abbiamo:,abbiamo,avere,VERB,_
279-0,BOI019,279,279,1,proprio,proprio,proprio,ADV,_
280-0,BOR005,280,280,1,mh,mh,mh,INTJ,_
281-0,BOI019,281,281,1,perché,perché,perché,SCONJ,_
281-1,BOI019,281,281,2,anche,anche,anche,ADV,_
282-0,BOI019,282,282,1,i,i,il,DET,_
282-1,BOI019,282,282,2,libri,libri,libro,NOUN,_
283-0,BOI019,283,283,1,i,i,il,DET,_
283-1,BOI019,283,283,2,libri,libri,libro,NOUN,_
283-2,BOI019,283,283,3,e,e,e,CCONJ,_
283-3,BOI019,283,283,4,anche,anche,anche,ADV,_
283-4,BOI019,283,283,5,i,i,il,DET,_
283-5,BOI019,283,283,6,viaggi,viaggi,viaggio,NOUN,_
283-6,BOI019,283,283,7,eh,eh,eh,INTJ,_
284-0,BOI019,284,284,1,danno,danno,dare,VERB,_
284-1,BOI019,284,284,2,tanto,tanto,tanto,ADV,_
285-0,BOI019,285,285,1,sì,sì,sì,INTJ,_
285-1,BOI019,285,285,2,sì,sì,sì,INTJ,_
286-0,BOR005,286,286,1,[xx],x,x,X,_
287-0,BOI019,287,287,1,[ma,ma,ma,CCONJ,_
287-1,BOI019,287,287,2,i,i,il,DET,_
287-2,BOI019,287,287,3,li~],li~,li~,X,Interrupted=Yes
288-0,BOR005,288,288,1,si,si,si,PRON,_
288-1,BOR005,288,288,2,parlava,parlava,parlare,VERB,_
288-2,BOR005,288,288,3,di,di,di,ADP,_
288-3,BOR005,288,288,4,"conoscenza,",conoscenza,conoscenza,NOUN,Intonation=weakly_rising
288-4,BOR005,288,288,5,di,di,di,ADP,_
288-5,BOR005,288,288,6,"sapere,",sapere,sapere,VERB,Intonation=weakly_rising
289-0,BOR005,289,289,1,no,no,no,INTJ,_
289-1,BOR005,289,289,2,te,te,te,PRON,_
289-2,BOR005,289,289,3,mi,mi,mi,PRON,_
289-3,BOR005,289,289,4,è,è,essere,AUX,_
289-4,BOR005,289,289,5,venuto,venuto,venire,VERB,_
289-5,BOR005,289,289,6,in,in,in,ADP,_
289-6,BOR005,289,289,7,mente,mente,mente,NOUN,_
289-7,BOR005,289,289,8,che,che,che,PRON,_
289-8,BOR005,289,289,9,di,di,di,ADP,_
289-9,BOR005,289,289,10,solito:,solito,solito,NOUN,_
290-0,BOR005,290,290,1,che,che,che,CONJ,_
290-1,BOR005,290,290,2,appunto,appunto,appunto,ADV,_
291-0,BOR005,291,291,1-2,nelle,nelle,_,_,_
291-0a,_,_,291,1,_,in,in,ADP,_
291-0b,_,_,291,2,_,le,il,DET,_
291-1,BOR005,291,291,3,biblioteche,biblioteche,biblioteca,NOUN,_
291-2,BOR005,291,291,4,si,si,si,PRON,_
291-3,BOR005,291,291,5,organizzano,organizzano,organizzare,VERB,_
291-4,BOR005,291,291,6,anche,anche,anche,ADV,_
291-5,BOR005,291,291,7,eventi,eventi,evento,NOUN,_
291-6,BOR005,291,291,8,cultur[ali:],culturali,culturale,ADJ,_
292-0,BOI019,292,292,1,[se]mpre,sempre,sempre,ADV,_
292-1,BOI019,292,292,2,sempre,sempre,sempre,ADV,_
293-0,BOR005,293,293,1,e,e,e,CCONJ,_
293-1,BOR005,293,293,2,lei,lei,lei,PRON,_
293-2,BOR005,293,293,3,mi,mi,mi,PRON,_
293-3,BOR005,293,293,4,ha~,ha~,ha~,X,Interrupted=Yes
293-4,BOR005,293,293,5,mh,mh,mh,INTJ,_
293-5,BOR005,293,293,6-7,nei,nei,_,_,_
293-5a,_,_,293,6,_,in,in,ADP,_
293-5b,_,_,293,7,_,i,il,DET,_
293-6,BOR005,293,293,8,suoi,suoi,suo,ADJ,_
293-7,BOR005,293,293,9,anni,anni,anno,NOUN,_
293-8,BOR005,293,293,10,di,di,di,ADP,_
293-9,BOR005,293,293,11,servizio,servizio,servizio,NOUN,_
293-10,BOR005,293,293,12,ha:,ha,avere,AUX,_
293-11,BOR005,293,293,13,avuto,avuto,avere,VERB,_
293-12,BOR005,293,293,14,modo,modo,modo,NOUN,_
293-13,BOR005,293,293,15,di,di,di,ADP,_
293-14,BOR005,293,293,16,partecipare,partecipare,partecipare,VERB,_
293-15,BOR005,293,293,17,a,a,a,ADP,_
293-16,BOR005,293,293,18,[questi,questi,questo,ADJ,_
293-17,BOR005,293,293,19,eventi]?,eventi,evento,NOUN,Intonation=rising
294-0,BOI019,294,294,1,[sempre],sempre,sempre,ADV,_
294-1,BOI019,294,294,2,sempre,sempre,sempre,ADV,_
294-2,BOI019,294,294,3,sempre,sempre,sempre,ADV,_
294-3,BOI019,294,294,4,tesoro,tesoro,tesoro,NOUN,_
294-4,BOI019,294,294,5,sempre,sempre,sempre,ADV,_
295-0,BOI019,295,295,1,la,la,il,DET,_
295-1,BOI019,295,295,2,la,la,il,DET,_
295-2,BOI019,295,295,3,la,la,il,DET,_
295-3,BOI019,295,295,4,prima,prima,primo,ADJ,_
295-4,BOI019,295,295,5,cosa,cosa,cosa,NOUN,_
295-5,BOI019,295,295,6,io,io,io,PRON,_
295-6,BOI019,295,295,7,io,io,io,PRON,_
295-7,BOI019,295,295,8,ricordo,ricordo,ricordare,VERB,_
296-0,BOI019,296,296,1,la,la,il,DET,_
296-1,BOI019,296,296,2,prima,prima,primo,ADJ,_
296-2,BOI019,296,296,3,cosa,cosa,cosa,NOUN,_
296-3,BOI019,296,296,4,{P},{P},_,_,_
296-4,BOI019,296,296,5,è,è,essere,AUX,_
297-0,BOI019,297,297,1,quando,quando,quando,SCONJ,_
297-1,BOI019,297,297,2-3,negli,negli,_,_,_
297-1a,_,_,297,2,_,in,in,ADP,_
297-1b,_,_,297,3,_,gli,il,DET,_
297-2,BOI019,297,297,4,anni,anni,anno,NOUN,_
297-3,BOI019,297,297,5,appunto,appunto,appunto,ADV,_
297-4,BOI019,297,297,6-7,alla,alla,_,_,_
297-4a,_,_,297,6,_,a,a,ADP,_
297-4b,_,_,297,7,_,la,il,DET,_
297-5,BOI019,297,297,8,fine,fine,fine,NOUN,_
297-6,BOI019,297,297,9-10,degli,degli,_,_,_
297-6a,_,_,297,9,_,di,di,ADP,_
297-6b,_,_,297,10,_,gli,il,DET,_
297-7,BOI019,297,297,11,anni,anni,anno,NOUN,_
297-8,BOI019,297,297,12,settanta,settanta,settanta,NUM,_
298-0,BOI019,298,298,1,per,per,per,ADP,_
298-1,BOI019,298,298,2,esempio,esempio,esempio,NOUN,_
299-0,BOI019,299,299,1,le,le,il,DET,_
299-1,BOI019,299,299,2,scuole,scuole,scuola,NOUN,_
299-2,BOI019,299,299,3,{P},{P},_,_,_
299-3,BOI019,299,299,4,le,le,il,DET,_
299-4,BOI019,299,299,5,scuole,scuole,scuola,NOUN,_
300-0,BOI019,300,300,1,e::h,eh,eh,INTJ,_
300-1,BOI019,300,300,2,erano,erano,essere,AUX,_
300-2,BOI019,300,300,3,scuole,scuole,scuola,NOUN,_
301-0,BOI019,301,301,1,abbastanza,abbastanza,abbastanza,ADV,_
301-1,BOI019,301,301,2,chiuse,chiuse,chiuso,ADJ,_
301-2,BOI019,301,301,3-4,nel,nel,_,_,_
301-2a,_,_,301,3,_,in,in,ADP,_
301-2b,_,_,301,4,_,il,il,DET,_
301-3,BOI019,301,301,5,senso,senso,senso,NOUN,_
301-4,BOI019,301,301,6,che,che,che,CONJ,_
301-5,BOI019,301,301,7,le,le,il,DET,_
301-6,BOI019,301,301,8,classi,classi,classe,NOUN,_
302-0,BOI019,302,302,1,i,i,il,DET,_
302-1,BOI019,302,302,2,"maestri,",maestri,maestro,NOUN,Intonation=weakly_rising
302-2,BOI019,302,302,3,gli,gli,il,DET,_
302-3,BOI019,302,302,4,insegnanti,insegnanti,insegnante,NOUN,_
302-4,BOI019,302,302,5,non,non,non,ADV,_
302-5,BOI019,302,302,6,portavano,portavano,portare,VERB,_
302-6,BOI019,302,302,7,i,i,il,DET,_
302-7,BOI019,302,302,8,loro,loro,loro,ADJ,_
302-8,BOI019,302,302,9,bambini,bambini,bambino,NOUN,_
303-0,BOI019,303,303,1,a,a,a,ADP,_
303-1,BOI019,303,303,2,conoscere,conoscere,conoscere,VERB,_
303-2,BOI019,303,303,3,la,la,il,DET,_
303-3,BOI019,303,303,4,realtà,realtà,realtà,NOUN,_
303-4,BOI019,303,303,5,attorno,attorno,attorno,ADV,_
304-0,BOI019,304,304,1,e,e,e,CCONJ,_
304-1,BOI019,304,304,2,quindi,quindi,quindi,ADV,_
304-2,BOI019,304,304,3,a,a,a,ADP,_
304-3,BOI019,304,304,4,conoscere,conoscere,conoscere,VERB,_
304-4,BOI019,304,304,5,anche,anche,anche,ADV,_
304-5,BOI019,304,304,6,la,la,il,DET,_
304-6,BOI019,304,304,7,biblioteca,biblioteca,biblioteca,NOUN,_
305-0,BOI019,305,305,1,per,per,per,ADP,_
305-1,BOI019,305,305,2-3,averne,averne,_,_,_
305-1a,_,_,305,2,_,aver,avere,AUX,_
305-1b,_,_,305,3,_,ne,ne,PRON,_
305-2,BOI019,305,305,4,poi,poi,poi,ADV,_
305-3,BOI019,305,305,5,l',l',il,DET,SpaceAfter=No
305-4,BOI019,305,305,6,uso,uso,uso,NOUN,_
305-5,BOI019,305,305,7,di,di,di,ADP,_
305-6,BOI019,305,305,8,questa,questa,questo,DET,_
305-7,BOI019,305,305,9,biblioteca,biblioteca,biblioteca,NOUN,_
306-0,BOI019,306,306,1,e,e,e,CCONJ,_
306-1,BOI019,306,306,2,quindi,quindi,quindi,ADV,_
306-2,BOI019,306,306,3,l~,la,il,DET,Interrupted=Yes
306-3,BOI019,306,306,4,la,la,il,DET,_
306-4,BOI019,306,306,5,mia,mia,mio,ADJ,_
306-5,BOI019,306,306,6,prima,prima,prima,ADJ,_
306-6,BOI019,306,306,7,{ride},{ride},_,_,_
307-0,BOI019,307,307,1,la,la,il,DET,_
307-1,BOI019,307,307,2,{ride},{ride},_,_,_
307-2,BOI019,307,307,3,la,la,il,DET,_
307-3,BOI019,307,307,4,prima,prima,primo,ADJ,_
307-4,BOI019,307,307,5,cosa,cosa,cosa,NOUN,_
307-5,BOI019,307,307,6,fu,fu,essere,AUX,_
307-6,BOI019,307,307,7,proprio,proprio,proprio,ADV,_
307-7,BOI019,307,307,8,quella,quella,quello,PRON,_
308-0,BOI019,308,308,1,di,di,di,ADP,_
308-1,BOI019,308,308,2,andare,andare,andare,VERB,_
309-0,BOI019,309,309,1-2,dai,dai,_,_,_
309-0a,_,_,309,1,_,da,da,ADP,_
309-0b,_,_,309,2,_,i,il,DET,_
309-1,BOI019,309,309,3,direttori,direttori,direttore,NOUN,_
309-2,BOI019,309,309,4,didattici,didattici,didattico,ADJ,_
309-3,BOI019,309,309,5,{P},{P},_,_,_
309-4,BOI019,309,309,6,a,a,a,ADP,_
309-5,BOI019,309,309,7,dire,dire,dire,VERB,_
310-0,BOI019,310,310,1,che,che,che,SCONJ,_
310-1,BOI019,310,310,2,le,le,il,DET,_
310-2,BOI019,310,310,3,maestre,maestre,maestra,NOUN,_
310-3,BOI019,310,310,4,potevano,potevano,potere,AUX,_
310-4,BOI019,310,310,5,uscire,uscire,uscire,VERB,_
310-5,BOI019,310,310,6-7,coi,coi,_,_,_
310-5a,_,_,310,6,_,con,con,ADP,_
310-5b,_,_,310,7,_,i,il,DET,_
310-6,BOI019,310,310,8,loro,loro,loro,ADJ,_
310-7,BOI019,310,310,9,bambini,bambini,bambino,NOUN,_
311-0,BOI019,311,311,1,e,e,e,CCONJ,_
311-1,BOI019,311,311,2,tu,tu,tu,PRON,_
311-2,BOI019,311,311,3,dovevi,dovevi,dovere,AUX,_
311-3,BOI019,311,311,4,vedere,vedere,vedere,VERB,_
312-0,BOR005,312,312,1,mh,mh,mh,INTJ,_
313-0,BOI019,313,313,1,tutte,tutte,tutto,ADJ,_
313-1,BOI019,313,313,2,queste,queste,questo,PRON,_
314-0,BOI019,314,314,1,insegnanti,insegnanti,insegnante,NOUN,_
314-1,BOI019,314,314,2,che,che,che,PRON,_
314-2,BOI019,314,314,3,prendevano,prendevano,prendere,VERB,_
314-3,BOI019,314,314,4,l',l',il,DET,SpaceAfter=No
314-4,BOI019,314,314,5,appuntamento,appuntamento,appuntamento,NOUN,_
315-0,BOI019,315,315,1,con,con,con,ADP,_
315-1,BOI019,315,315,2,la,la,il,DET,_
315-2,BOI019,315,315,3,classe,classe,classe,NOUN,_
316-0,BOI019,316,316,1,e,e,e,CCONJ,_
316-1,BOI019,316,316,2,e,e,e,CCONJ,_
316-2,BOI019,316,316,3,e,e,e,CCONJ,_
316-3,BOI019,316,316,4,la,la,il,DET,_
316-4,BOI019,316,316,5,gioia,gioia,gioia,NOUN,_
316-5,BOI019,316,316,6-7,dei,dei,_,_,_
316-5a,_,_,316,6,_,di,di,ADP,_
316-5b,_,_,316,7,_,i,il,DET,_
316-6,BOI019,316,316,8,bambini,bambini,bambino,NOUN,_
317-0,BOI019,317,317,1,che,che,che,PRON,_
317-1,BOI019,317,317,2,venivano,venivano,venire,VERB,_
317-2,BOI019,317,317,3,a,a,a,ADP,_
317-3,BOI019,317,317,4,toccare,toccare,toccare,VERB,_
317-4,BOI019,317,317,5,anche,anche,anche,ADV,_
317-5,BOI019,317,317,6,i,i,il,DET,_
317-6,BOI019,317,317,7,libri,libri,libro,NOUN,_
317-7,BOI019,317,317,8,perché,perché,perché,SCONJ,_
317-8,BOI019,317,317,9,potevano,potevano,potere,VERB,_
318-0,BOI019,318,318,1,scegliere,scegliere,scegliere,VERB,_
318-1,BOI019,318,318,2,potevano,potevano,potere,AUX,_
318-2,BOI019,318,318,3,andare,andare,andare,VERB,_
318-3,BOI019,318,318,4-5,al,al,_,_,_
318-3a,_,_,318,4,_,a,a,ADP,_
318-3b,_,_,318,5,_,il,il,DET,_
318-4,BOI019,318,318,6,catalogo,catalogo,catalogo,NOUN,_
319-0,BOI019,319,319,1,cercare,cercare,cercare,VERB,_
319-1,BOI019,319,319,2,{P},{P},_,_,_
319-2,BOI019,319,319,3,un,un,uno,DET,_
319-3,BOI019,319,319,4,libro,libro,libro,NOUN,_
320-0,BOI019,320,320,1,in,in,in,ADP,_
320-1,BOI019,320,320,2,maniera,maniera,maniera,NOUN,_
320-2,BOI019,320,320,3,che,che,che,PRON,_
320-3,BOI019,320,320,4,potevano,potevano,potere,AUX,_
320-4,BOI019,320,320,5-6,portarlo,portarlo,_,_,_
320-4a,_,_,320,5,_,portar,portare,VERB,_
320-4b,_,_,320,6,_,lo,lo,PRON,_
320-5,BOI019,320,320,7,a,a,a,ADP,_
320-6,BOI019,320,320,8,casa,casa,casa,NOUN,_
320-7,BOI019,320,320,9,questo,questo,questo,ADJ,_
320-8,BOI019,320,320,10,libro,libro,libro,NOUN,_
321-0,BOI019,321,321,1,gratuitamente,gratuitamente,gratuitamente,ADV,_
322-0,BOI019,322,322,1,che,che,che,SCONJ,_
322-1,BOI019,322,322,2,dobbiamo,dobbiamo,dovere,AUX,_
322-2,BOI019,322,322,3,sempre,sempre,sempre,ADV,_
322-3,BOI019,322,322,4,pensare,pensare,pensare,VERB,_
322-4,BOI019,322,322,5,a,a,a,ADP,_
322-5,BOI019,322,322,6,chi,chi,chi,PRON,_
322-6,BOI019,322,322,7,non,non,non,ADV,_
322-7,BOI019,322,322,8,può,può,potere,AUX,_
323-0,BOI019,323,323,1,comprare,comprare,comprare,VERB,_
323-1,BOI019,323,323,2,anche,anche,anche,ADV,_
323-2,BOI019,323,323,3,queste,queste,questo,ADJ,_
323-3,BOI019,323,323,4,cose,cose,cosa,NOUN,_
324-0,BOI019,324,324,1,e,e,e,CCONJ,_
324-1,BOI019,324,324,2,la,la,il,DET,_
324-2,BOI019,324,324,3,biblioteca,biblioteca,biblioteca,NOUN,_
324-3,BOI019,324,324,4,te,te,te,PRON,_
324-4,BOI019,324,324,5,le,le,le,PRON,_
324-5,BOI019,324,324,6,dà,dà,dare,VERB,_
325-0,BOI019,325,325,1,quindi,quindi,quindi,ADV,_
325-1,BOI019,325,325,2,la,la,il,DET,_
325-2,BOI019,325,325,3,prima,prima,primo,ADJ,_
325-3,BOI019,325,325,4,cosa,cosa,cosa,NOUN,_
325-4,BOI019,325,325,5,per,per,per,ADP,_
325-5,BOI019,325,325,6,me,me,me,PRON,_
325-6,BOI019,325,325,7,è,è,essere,AUX,_
325-7,BOI019,325,325,8,stata,stata,essere,AUX,_
325-8,BOI019,325,325,9,il,il,il,DET,_
325-9,BOI019,325,325,10,contatto,contatto,contatto,NOUN,_
325-10,BOI019,325,325,11,con,con,con,ADP,_
325-11,BOI019,325,325,12,le,le,il,DET,_
325-12,BOI019,325,325,13,scuole,scuole,scuola,NOUN,_
326-0,BOI019,326,326,1,contatto,contatto,contatto,NOUN,_
326-1,BOI019,326,326,2,con,con,con,ADP,_
326-2,BOI019,326,326,3,le,le,il,DET,_
326-3,BOI019,326,326,4,scuole,scuole,scuola,NOUN,_
327-0,BOI019,327,327,1,poi,poi,poi,ADV,_
327-1,BOI019,327,327,2,dopo,dopo,dopo,ADV,_
328-0,BOI019,328,328,1-2,al,al,_,_,_
328-0a,_,_,328,1,_,a,a,ADP,_
328-0b,_,_,328,2,_,il,il,DET,_
328-1,BOI019,328,328,3,di,di,di,ADP,_
328-2,BOI019,328,328,4,là,là,là,ADV,_
328-3,BOI019,328,328,5-6,delle,delle,_,_,_
328-3a,_,_,328,5,_,di,di,ADP,_
328-3b,_,_,328,6,_,le,il,DET,_
328-4,BOI019,328,328,7,scuole,scuole,scuola,NOUN,_
329-0,BOI019,329,329,1,le,le,il,DET,_
329-1,BOI019,329,329,2,altre,altre,altro,ADJ,_
329-2,BOI019,329,329,3,realtà,realtà,realtà,NOUN,_
330-0,BOI019,330,330,1,vedere,vedere,vedere,VERB,_
330-1,BOI019,330,330,2,un,un,uno,DET,_
330-2,BOI019,330,330,3,po',po',poco,ADV,_
331-0,BOI019,331,331,1,vedere,vedere,vedere,VERB,_
331-1,BOI019,331,331,2,un,un,uno,DET,_
331-2,BOI019,331,331,3,po',po',poco,ADV,_
332-0,BOI019,332,332,1,oltre,oltre,oltre,ADV,_
332-1,BOI019,332,332,2-3,alle,alle,_,_,_
332-1a,_,_,332,2,_,a,a,ADP,_
332-1b,_,_,332,3,_,le,il,DET,_
332-2,BOI019,332,332,4,scuole,scuole,scuola,NOUN,_
332-3,BOI019,332,332,5,che,che,che,DET,_
332-4,BOI019,332,332,6,cosa,cosa,cosa,NOUN,_
332-5,BOI019,332,332,7,ci,ci,ci,PRON,_
332-6,BOI019,332,332,8,può,può,potere,AUX,_
332-7,BOI019,332,332,9,essere,essere,essere,AUX,_
332-8,BOI019,332,332,10,anche,anche,anche,ADV,_
333-0,BOI019,333,333,1,conoscere,conoscere,conoscere,VERB,_
334-0,BOR005,334,334,1,mh,mh,mh,INTJ,_
335-0,BOI019,335,335,1,dove,dove,dove,ADV,_
335-1,BOI019,335,335,2,viviamo,viviamo,vivere,VERB,_
336-0,BOI019,336,336,1,e,e,e,CCONJ,_
336-1,BOI019,336,336,2,darne,darne,-,-,_
336-1a,,,,,,dar,dare,VERB,
336-1b,,,,,,ne,,PRON,
336-2,BOI019,336,336,3,trasmissione,trasmissione,trasmissione,NOUN,_
336-3,BOI019,336,336,4-5,agli,agli,_,_,_
336-3a,_,_,336,4,_,a,a,ADP,_
336-3b,_,_,336,5,_,gli,il,DET,_
336-4,BOI019,336,336,6,altri,altri,altro,PRON,_
336-5,BOI019,336,336,7,se,se,se,SCONJ,_
336-6,BOI019,336,336,8,magari,magari,magari,ADV,_
336-7,BOI019,336,336,9,non,non,non,ADV,_
336-8,BOI019,336,336,10,lo,lo,lo,PRON,_
336-9,BOI019,336,336,11,vedono,vedono,vedere,VERB,_
336-10,BOI019,336,336,12,questo,questo,questo,PRON,_
337-0,BOI019,337,337,1,quindi,quindi,quindi,ADV,_
337-1,BOI019,337,337,2,vedere,vedere,vedere,VERB,_
337-2,BOI019,337,337,3,tutte,tutte,tutto,ADJ,_
337-3,BOI019,337,337,4,le,le,il,DET,_
337-4,BOI019,337,337,5,presenze,presenze,presenza,NOUN,_
337-5,BOI019,337,337,6,artistiche,artistiche,artistico,ADJ,_
338-0,BOI019,338,338,1,vedere,vedere,vedere,VERB,_
339-0,BOI019,339,339,1,vedere,vedere,vedere,VERB,_
339-1,BOI019,339,339,2,le,le,il,DET,_
339-2,BOI019,339,339,3,presenze,presenze,presenza,NOUN,_
339-3,BOI019,339,339,4,a~,a~,a~,PROPN,Interrupted=Yes
340-0,BOI019,340,340,1,anche,anche,anche,ADV,_
341-0,BOI019,341,341,1,addirittura,addirittura,addirittura,ADV,_
341-1,BOI019,341,341,2-3,degli,degli,_,_,_
341-1a,_,_,341,2,_,di,di,ADP,_
341-1b,_,_,341,3,_,gli,il,DET,_
341-2,BOI019,341,341,4,alberi,alberi,albero,NOUN,_
342-0,BOI019,342,342,1,di,di,di,ADP,_
342-1,BOI019,342,342,2,quante,quante,quanto,DET,_
342-2,BOI019,342,342,3,piante,piante,pianta,NOUN,_
342-3,BOI019,342,342,4,avevamo,avevamo,avere,AUX,_
343-0,BOI019,343,343,1,e,e,e,CCONJ,_
343-1,BOI019,343,343,2,mi,mi,mi,PRON,_
343-2,BOI019,343,343,3,ricordo,ricordo,ricordare,VERB,_
343-3,BOI019,343,343,4,lì,lì,lì,ADV,_
343-4,BOI019,343,343,5,coinvolgere,coinvolgere,coinvolgere,VERB,_
343-5,BOI019,343,343,6,un,un,uno,DET,_
343-6,BOI019,343,343,7,gruppo,gruppo,gruppo,NOUN,_
343-7,BOI019,343,343,8,di,di,di,ADP,_
343-8,BOI019,343,343,9,ragazzi,ragazzi,ragazzo,NOUN,_
344-0,BOI019,344,344,1,che,che,che,PRON,_
344-1,BOI019,344,344,2,facevano,facevano,fare,VERB,_
344-2,BOI019,344,344,3,agraria,agraria,agraria,NOUN,_
345-0,BOI019,345,345,1,a,a,a,ADP,_
346-0,BOI019,346,346,1,conoscere,conoscere,conoscere,VERB,_
347-0,BOI019,347,347,1,in,in,in,ADP,_
347-1,BOI019,347,347,2,particolare,particolare,particolare,NOUN,_
347-2,BOI019,347,347,3,eh,eh,eh,INTJ,_
348-0,BOI019,348,348,1,in,in,in,ADP,_
348-1,BOI019,348,348,2,quei,quei,quello,ADJ,_
348-2,BOI019,348,348,3,momenti,momenti,momento,NOUN,_
348-3,BOI019,348,348,4,dove,dove,dove,ADV,_
348-4,BOI019,348,348,5,c',c',ci,PRON,SpaceAfter=No
348-5,BOI019,348,348,6,ero,ero,essere,AUX,_
348-6,BOI019,348,348,7,io,io,io,PRON,_
348-7,BOI019,348,348,8,dopo,dopo,dopo,ADV,_
348-8,BOI019,348,348,9,è,è,essere,AUX,_
348-9,BOI019,348,348,10,venuto,venuto,venire,VERB,_
348-10,BOI019,348,348,11,villa,villa,villa,NOUN,_
348-11,BOI019,348,348,12,spada,spada,Spada,PROPN,_
349-0,BOI019,349,349,1,ma,ma,ma,CCONJ,_
349-1,BOI019,349,349,2,prima,prima,prima,ADV,_
349-2,BOI019,349,349,3,avevamo,avevamo,avere,VERB,_
349-3,BOI019,349,349,4,villa,villa,villa,NOUN,_
349-4,BOI019,349,349,5-6,delle,delle,_,_,_
349-4a,_,_,349,5,_,di,di,ADP,_
349-4b,_,_,349,6,_,le,il,DET,_
349-5,BOI019,349,349,7,rose,rose,rosa,NOUN,_
350-0,BOI019,350,350,1,e,e,e,CCONJ,_
350-1,BOI019,350,350,2,quindi,quindi,quindi,ADV,_
350-2,BOI019,350,350,3,i,i,il,DET,_
350-3,BOI019,350,350,4,ragazzi,ragazzi,ragazzo,NOUN,_
350-4,BOI019,350,350,5,fecero,fecero,fare,VERB,_
350-5,BOI019,350,350,6,il,il,il,DET,_
350-6,BOI019,350,350,7,"censimento,",censimento,censimento,NOUN,Intonation=weakly_rising
351-0,BOI019,351,351,1-2,delle,delle,_,_,_
351-0a,_,_,351,1,_,di,di,ADP,_
351-0b,_,_,351,2,_,le,il,DET,_
351-1,BOI019,351,351,3,piante,piante,pianta,NOUN,_
352-0,BOI019,352,352,1,di,di,di,ADP,_
352-1,BOI019,352,352,2,villa,villa,villa,NOUN,_
352-2,BOI019,352,352,3-4,delle,delle,_,_,_
352-2a,_,_,352,3,_,di,di,ADP,_
352-2b,_,_,352,4,_,le,il,DET,_
352-3,BOI019,352,352,5,rose,rose,rosa,NOUN,_
353-0,BOI019,353,353,1,con,con,con,ADP,_
353-1,BOI019,353,353,2,un,un,uno,DET,_
353-2,BOI019,353,353,3,etichetta,etichetta,etichetta,NOUN,_
353-3,BOI019,353,353,4,che,che,che,PRON,_
353-4,BOI019,353,353,5,poi,poi,poi,ADV,_
353-5,BOI019,353,353,6,{ride},{ride},_,_,_
353-6,BOI019,353,353,7,dopo,dopo,dopo,ADV,_
353-7,BOI019,353,353,8,portarono,portarono,portare,VERB,_
353-8,BOI019,353,353,9,via,via,via,NOUN,_
354-0,BOI019,354,354,1,{sospira},{sospira},_,_,_
354-1,BOI019,354,354,2,e::h,eh,eh,INTJ,_
354-2,BOI019,354,354,3,ci,ci,ci,PRON,_
354-3,BOI019,354,354,4,sono,sono,essere,VERB,_
354-4,BOI019,354,354,5,i,i,il,DET,_
354-5,BOI019,354,354,6,soliti,soliti,solito,ADJ,_
354-6,BOI019,354,354,7,balordi,balordi,balordo,NOUN,_
355-0,BOR005,355,355,1,mh,mh,mh,INTJ,_
356-0,BOI019,356,356,1,e,e,e,CCONJ,_
357-0,BOI019,357,357,1,da,da,da,ADP,_
357-1,BOI019,357,357,2,dove,dove,dove,ADV,_
357-2,BOI019,357,357,3,veniva,veniva,venire,VERB,_
357-3,BOI019,357,357,4,questa,questa,questo,ADJ,_
357-4,BOI019,357,357,5,"pianta,",pianta,pianta,NOUN,Intonation=weakly_rising
357-5,BOI019,357,357,6,come,come,come,ADV,_
357-6,BOI019,357,357,7,si,si,si,PRON,_
357-7,BOI019,357,357,8,"chiamava,",chiamava,chiamare,VERB,Intonation=weakly_rising
358-0,BOI019,358,358,1,e,e,e,CCONJ,_
358-1,BOI019,358,358,2,mi,mi,mi,PRON,_
358-2,BOI019,358,358,3,ricordo,ricordo,ricordare,VERB,_
358-3,BOI019,358,358,4,che,che,che,SCONJ,_
358-4,BOI019,358,358,5,addirittura,addirittura,addirittura,ADV,_
358-5,BOI019,358,358,6,dopo,dopo,dopo,ADP,_
358-6,BOI019,358,358,7,le,le,il,DET,_
358-7,BOI019,358,358,8,scuole,scuole,scuola,NOUN,_
359-0,BOI019,359,359,1,avevano,avevano,avere,AUX,_
359-1,BOI019,359,359,2,anche,anche,anche,ADV,_
359-2,BOI019,359,359,3,la,la,il,DET,_
359-3,BOI019,359,359,4,possibilità,possibilità,possibilità,NOUN,_
360-0,BOI019,360,360,1,di,di,di,ADP,_
360-1,BOI019,360,360,2,andare,andare,andare,VERB,_
360-2,BOI019,360,360,3,a,a,a,ADP,_
360-3,BOI019,360,360,4,conoscere,conoscere,conoscere,VERB,_
361-0,BOI019,361,361,1,questo,questo,questo,ADJ,_
361-1,BOI019,361,361,2,patrimonio,patrimonio,patrimonio,NOUN,_
361-2,BOI019,361,361,3-4,del,del,_,_,_
361-2a,_,_,361,3,_,di,di,ADP,_
361-2b,_,_,361,4,_,il,il,DET,_
361-3,BOI019,361,361,5,quartiere,quartiere,quartiere,NOUN,_
362-0,BOR005,362,362,1,ah,ah,ah,INTJ,_
362-1,BOR005,362,362,2,però,però,però,ADV,_
362-2,BOR005,362,362,3,che,che,che,SCONJ,_
362-3,BOR005,362,362,4,bello,bello,bello,ADJ,_
363-0,BOI019,363,363,1,e,e,e,CCONJ,_
363-1,BOI019,363,363,2,così,così,così,ADV,_
363-2,BOI019,363,363,3,anche,anche,anche,ADV,_
363-3,BOI019,363,363,4,visite,visite,visita,NOUN,_
363-4,BOI019,363,363,5,guidate,guidate,guidato,ADJ,_
363-5,BOI019,363,363,6,anche,anche,anche,ADV,_
363-6,BOI019,363,363,7-8,al,al,_,_,_
363-6a,_,_,363,7,_,a,a,ADP,_
363-6b,_,_,363,8,_,il,il,DET,_
363-7,BOI019,363,363,9,nostro,nostro,nostro,ADJ,_
363-8,BOI019,363,363,10,quartiere,quartiere,quartiere,NOUN,_
364-0,BOR005,364,364,1,mh,mh,mh,INTJ,_
365-0,BOI019,365,365,1,l',l',il,DET,SpaceAfter=No
365-1,BOI019,365,365,2,ultima,ultima,ultimo,ADJ,_
365-2,BOI019,365,365,3,parte,parte,parte,NOUN,_
365-3,BOI019,365,365,4,la,la,il,DET,_
365-4,BOI019,365,365,5,nostra,nostra,nostro,DET,_
365-5,BOI019,365,365,6,qui,qui,qui,ADV,_
365-6,BOI019,365,365,7,di,di,di,ADP,_
365-7,BOI019,365,365,8,via,via,via,NOUN,_
365-8,BOI019,365,365,9,paolo,paolo,Paolo,PROPN,_
365-9,BOI019,365,365,10,martini,martini,Martino,PROPN,_
366-0,BOI019,366,366,1,di,di,di,ADP,_
366-1,BOI019,366,366,2,via,via,via,NOUN,_
367-0,BOI019,367,367,1,di,di,di,ADP,_
367-1,BOI019,367,367,2,via,via,via,NOUN,_
367-2,BOI019,367,367,3,di,di,di,ADP,_
367-3,BOI019,367,367,4,via,via,via,NOUN,_
367-4,BOI019,367,367,5,ventun,ventun,Ventuno,PROPN,_
367-5,BOI019,367,367,6,aprile,aprile,aprile,PROPN,_
367-6,BOI019,367,367,7,perché,perché,perché,SCONJ,_
367-7,BOI019,367,367,8,si,si,si,PRON,_
367-8,BOI019,367,367,9,chiamava,chiamava,chiamare,VERB,_
367-9,BOI019,367,367,10,così,così,così,ADV,_
368-0,BOI019,368,368,1,la,la,il,DET,_
368-1,BOI019,368,368,2,parte,parte,parte,NOUN,_
368-2,BOI019,368,368,3,nuova,nuova,nuovo,ADJ,_
368-3,BOI019,368,368,4,però,però,però,ADV,_
368-4,BOI019,368,368,5,noi,noi,noi,PRON,_
368-5,BOI019,368,368,6,partimmo,partimmo,partire,VERB,_
369-0,BOI019,369,369,1,addirittura,addirittura,addirittura,ADV,_
369-1,BOI019,369,369,2-3,dalle,dalle,_,_,_
369-1a,_,_,369,2,_,da,da,ADP,_
369-1b,_,_,369,3,_,le,il,DET,_
369-2,BOI019,369,369,4,parti,parti,parte,NOUN,_
369-3,BOI019,369,369,5,più,più,più,ADV,_
370-0,BOI019,370,370,1,lontane,lontane,lontano,ADJ,_
371-0,BOI019,371,371,1,coinvolgendo,coinvolgendo,coinvolgere,VERB,_
371-1,BOI019,371,371,2,ragazzi,ragazzi,ragazzo,NOUN,_
372-0,BOI019,372,372,1,convincendo,convincendo,convincere,VERB,_
372-1,BOI019,372,372,2,per,per,per,ADP,_
372-2,BOI019,372,372,3,esempio,esempio,esempio,NOUN,_
373-0,BOI019,373,373,1-2,dall',dall',_,_,SpaceAfter=No
373-0a,_,_,373,1,_,da,da,ADP,_
373-0b,_,_,373,2,_,l',il,DET,_
373-1,BOI019,373,373,3,archeologia,archeologia,archeologia,NOUN,_
374-0,BOI019,374,374,1,co~,co~,co~,X,Interrupted=Yes
375-0,BOI019,375,375,1,coinvolgendo,coinvolgendo,coinvolgere,VERB,_
375-1,BOI019,375,375,2,i,i,il,DET,_
375-2,BOI019,375,375,3,ragazzi,ragazzi,ragazzo,NOUN,_
375-3,BOI019,375,375,4-5,dell',dell',_,_,SpaceAfter=No
375-3a,_,_,375,4,_,di,di,ADP,_
375-3b,_,_,375,5,_,l',il,DET,_
375-4,BOI019,375,375,6,università,università,università,NOUN,_
376-0,BOI019,376,376,1,e,e,e,CCONJ,_
376-1,BOI019,376,376,2,fecero,fecero,fare,VERB,_
376-2,BOI019,376,376,3,una,una,uno,DET,_
376-3,BOI019,376,376,4,ricerca,ricerca,ricerca,NOUN,_
377-0,BOI019,377,377,1,cominciando,cominciando,cominciare,VERB,_
377-1,BOI019,377,377,2,{P},{P},_,_,_
377-2,BOI019,377,377,3-4,dalla,dalla,_,_,_
377-2a,_,_,377,3,_,da,da,ADP,_
377-2b,_,_,377,4,_,la,il,DET,_
377-3,BOI019,377,377,5,"certosa,",certosa,Certosa,PROPN,Intonation=weakly_rising
377-4,BOI019,377,377,6,da,da,da,ADP,_
377-5,BOI019,377,377,7,via,via,via,NOUN,_
377-6,BOI019,377,377,8,andrea,andrea,Andrea,PROPN,_
377-7,BOI019,377,377,9,"costa,",costa,Costa,PROPN,Intonation=weakly_rising
378-0,BOI019,378,378,1,che,che,che,SCONJ,_
378-1,BOI019,378,378,2,erano,erano,essere,AUX,_
378-2,BOI019,378,378,3,stati,stati,essere,AUX,_
378-3,BOI019,378,378,4,insediamenti,insediamenti,insediamento,NOUN,_
378-4,BOI019,378,378,5,etruschi,etruschi,etrusco,ADJ,_
379-0,BOI019,379,379,1,e,e,e,CCONJ,_
379-1,BOI019,379,379,2,poi,poi,poi,ADV,_
379-2,BOI019,379,379,3,di,di,di,ADP,_
379-3,BOI019,379,379,4,lì,lì,lì,ADV,_
379-4,BOI019,379,379,5,{P},{P},_,_,_
379-5,BOI019,379,379,6,collegamento,collegamento,collegamento,NOUN,_
380-0,BOI019,380,380,1-2,col,col,_,_,_
380-0a,_,_,380,1,_,con,con,ADP,_
380-0b,_,_,380,2,_,il,il,DET,_
380-1,BOI019,380,380,3,nostro,nostro,nostro,ADJ,_
380-2,BOI019,380,380,4,museo,museo,museo,NOUN,_
380-3,BOI019,380,380,5,civico,civico,civico,ADJ,_
381-0,BOI019,381,381,1,per,per,per,ADP,_
381-1,BOI019,381,381,2,tutte,tutte,tutto,ADJ,_
381-2,BOI019,381,381,3,queste,queste,questo,ADJ,_
381-3,BOI019,381,381,4,cose,cose,cosa,NOUN,_
382-0,BOI019,382,382,1,le,le,il,DET,_
382-1,BOI019,382,382,2,nostre,nostre,nostro,ADJ,_
382-2,BOI019,382,382,3,scuole,scuole,scuola,NOUN,_
382-3,BOI019,382,382,4,hanno,hanno,avere,AUX,_
382-4,BOI019,382,382,5,avuto,avuto,avere,VERB,_
382-5,BOI019,382,382,6,questa,questa,questo,ADJ,_
382-6,BOI019,382,382,7,possibilità,possibilità,possibilità,NOUN,_
382-7,BOI019,382,382,8,grazie,grazie,grazie,INTJ,_
382-8,BOI019,382,382,9-10,alla,alla,_,_,_
382-8a,_,_,382,9,_,a,a,ADP,_
382-8b,_,_,382,10,_,la,il,DET,_
382-9,BOI019,382,382,11,biblioteca,biblioteca,biblioteca,NOUN,_
383-0,BOI019,383,383,1,da,da,da,ADP,_
383-1,BOI019,383,383,2,da,da,da,ADP,_
383-2,BOI019,383,383,3,da,da,da,ADP,_
383-3,BOI019,383,383,4,quel,quel,quello,ADJ,_
383-4,BOI019,383,383,5,periodo,periodo,periodo,NOUN,_
383-5,BOI019,383,383,6-7,al,al,_,_,_
383-5a,_,_,383,6,_,a,a,ADP,_
383-5b,_,_,383,7,_,il,il,DET,_
383-6,BOI019,383,383,8,periodo,periodo,periodo,NOUN,_
383-7,BOI019,383,383,9,medieva:le,medievale,medievale,ADJ,_
384-0,BOI019,384,384,1,con,con,con,ADP,_
384-1,BOI019,384,384,2,le,le,il,DET,_
384-2,BOI019,384,384,3,testimonianze,testimonianze,testimonianza,NOUN,_
384-3,BOI019,384,384,4-5,dei,dei,_,_,_
384-3a,_,_,384,4,_,di,di,ADP,_
384-3b,_,_,384,5,_,i,il,DET,_
384-4,BOI019,384,384,6,<pittori>,pittori,pittore,NOUN,_
384-5,BOI019,384,384,7,anche,anche,anche,ADV,_
384-6,BOI019,384,384,8,bolognesi,bolognesi,bolognese,ADJ,_
385-0,BOI019,385,385,1-2,della,della,_,_,_
385-0a,_,_,385,1,_,di,di,ADP,_
385-0b,_,_,385,2,_,la,il,DET,_
385-1,BOI019,385,385,3,chiesa,chiesa,chiesa,NOUN,_
385-2,BOI019,385,385,4,di,di,di,ADP,_
385-3,BOI019,385,385,5,san,san,san,NOUN,_
385-4,BOI019,385,385,6,giuseppe,giuseppe,Giuseppe,PROPN,_
386-0,BOR005,386,386,1,mh,mh,mh,INTJ,_
387-0,BOI019,387,387,1,naturalmente,naturalmente,naturalmente,ADV,_
387-1,BOI019,387,387,2,dopo,dopo,dopo,ADV,_
387-2,BOI019,387,387,3-4,coi,coi,_,_,_
387-2a,_,_,387,3,_,con,con,ADP,_
387-2b,_,_,387,4,_,i,il,DET,_
387-3,BOI019,387,387,5,portici,portici,portico,NOUN,_
388-0,BOI019,388,388,1,poi,poi,poi,ADV,_
388-1,BOI019,388,388,2,il,il,il,DET,_
388-2,BOI019,388,388,3,periodo,periodo,periodo,NOUN,_
388-3,BOI019,388,388,4,fascista,fascista,fascista,ADJ,_
389-0,BOI019,389,389,1,che,che,che,SCONJ,_
389-1,BOI019,389,389,2,noi,noi,noi,PRON,_
389-2,BOI019,389,389,3,abbiamo,abbiamo,avere,VERB,_
390-0,BOI019,390,390,1,il,il,il,DET,_
390-1,BOI019,390,390,2,un,un,uno,DET,_
390-2,BOI019,390,390,3,un,un,uno,DET,_
390-3,BOI019,390,390,4,il,il,il,DET,_
390-4,BOI019,390,390,5,villaggio,villaggio,villaggio,NOUN,_
391-0,BOI019,391,391,1,così,così,così,ADV,_
391-1,BOI019,391,391,2,chiamato,chiamato,chiamare,VERB,_
391-2,BOI019,391,391,3-4,dalla,dalla,_,_,_
391-2a,_,_,391,3,_,da,da,ADP,_
391-2b,_,_,391,4,_,la,il,DET,_
391-3,BOI019,391,391,5,rivoluzione,rivoluzione,rivoluzione,NOUN,_
391-4,BOI019,391,391,6,fascista,fascista,fascista,ADJ,_
392-0,BOI019,392,392,1,con,con,con,ADP,_
392-1,BOI019,392,392,2,le,le,il,DET,_
392-2,BOI019,392,392,3,case,case,casa,NOUN,_
392-3,BOI019,392,392,4,popolari,popolari,popolare,ADJ,_
392-4,BOI019,392,392,5-6,degli,degli,_,_,_
392-4a,_,_,392,5,_,di,di,ADP,_
392-4b,_,_,392,6,_,gli,il,DET,_
392-5,BOI019,392,392,7,anni,anni,anno,NOUN,_
392-6,BOI019,392,392,8,trenta,trenta,trenta,NUM,_
393-0,BOI019,393,393,1,di,di,di,ADP,_
393-1,BOI019,393,393,2,via,via,via,NOUN,_
393-2,BOI019,393,393,3,paolo,paolo,Paolo,PROPN,_
393-3,BOI019,393,393,4,martini,martini,Martino,PROPN,_
394-0,BOI019,394,394,1,e,e,e,CCONJ,_
394-1,BOI019,394,394,2,poi,poi,poi,ADV,_
394-2,BOI019,394,394,3,dopo,dopo,dopo,ADV,_
394-3,BOI019,394,394,4,con,con,con,ADP,_
394-4,BOI019,394,394,5,le,le,il,DET,_
394-5,BOI019,394,394,6,villette,villette,villetta,NOUN,_
395-0,BOI019,395,395,1,che,che,che,SCONJ,_
395-1,BOI019,395,395,2,erano,erano,essere,AUX,_
395-2,BOI019,395,395,3,state,state,essere,AUX,_
395-3,BOI019,395,395,4,destinate,destinate,destinare,VERB,_
396-0,BOI019,396,396,1-2,ai,ai,_,_,_
396-0a,_,_,396,1,_,a,a,ADP,_
396-0b,_,_,396,2,_,i,il,DET,_
396-1,BOI019,396,396,3,ehm:::,ehm,ehm,INTJ,_
397-0,BOI019,397,397,1-2,alle,alle,_,_,_
397-0a,_,_,397,1,_,a,a,ADP,_
397-0b,_,_,397,2,_,le,il,DET,_
397-1,BOI019,397,397,3,autorità,autorità,autorità,NOUN,_
397-2,BOI019,397,397,4,fasciste,fasciste,fascista,ADJ,_
398-0,BOR005,398,398,1,mh,mh,mh,INTJ,_
399-0,BOI019,399,399,1,quindi,quindi,quindi,ADV,_
399-1,BOI019,399,399,2,{P},{P},_,_,_
399-2,BOI019,399,399,3,conoscere,conoscere,conoscere,VERB,_
400-0,BOI019,400,400,1,per,per,per,ADP,_
400-1,BOI019,400,400,2,esempio,esempio,esempio,NOUN,_
400-2,BOI019,400,400,3,lo,lo,il,DET,_
400-3,BOI019,400,400,4,stadio,stadio,stadio,NOUN,_
400-4,BOI019,400,400,5,che,che,che,PRON,_
400-5,BOI019,400,400,6,era,era,essere,AUX,_
400-6,BOI019,400,400,7,stato,stato,essere,AUX,_
400-7,BOI019,400,400,8,costruito,costruito,costruire,VERB,_
400-8,BOI019,400,400,9,anche,anche,anche,ADV,_
400-9,BOI019,400,400,10,quello,quello,quello,PRON,_
401-0,BOI019,401,401,1-2,nel,nel,_,_,_
401-0a,_,_,401,1,_,in,in,ADP,_
401-0b,_,_,401,2,_,il,il,DET,_
401-1,BOI019,401,401,3,periodo,periodo,periodo,NOUN,_
401-2,BOI019,401,401,4,fascista,fascista,fascista,ADJ,_
401-3,BOI019,401,401,5,{sospira},{sospira},_,_,_
401-4,BOI019,401,401,6,{P},{P},_,_,_
401-5,BOI019,401,401,7,quindi,quindi,quindi,ADV,_
402-0,BOI019,402,402,1,tutte,tutte,tutto,DET,_
402-1,BOI019,402,402,2,queste,queste,questo,ADJ,_
402-2,BOI019,402,402,3,realtà,realtà,realtà,NOUN,_
402-3,BOI019,402,402,4,"storiche,",storiche,storico,ADJ,Intonation=weakly_rising
402-4,BOI019,402,402,5,queste,queste,questo,ADJ,_
402-5,BOI019,402,402,6,presenze,presenze,presenza,NOUN,_
402-6,BOI019,402,402,7,storiche,storiche,storico,ADJ,_
403-0,BOI019,403,403,1,poi,poi,poi,ADV,_
403-1,BOI019,403,403,2,nasce,nasce,nascere,VERB,_
404-0,BOI019,404,404,1,ultimamente,ultimamente,ultimamente,ADV,_
405-0,BOI019,405,405,1,il,il,il,DET,_
405-1,BOI019,405,405,2,museo,museo,museo,NOUN,_
406-0,BOI019,406,406,1-2,alle,alle,_,_,_
406-0a,_,_,406,1,_,a,a,ADP,_
406-0b,_,_,406,2,_,le,il,DET,_
406-1,BOI019,406,406,3,partigiane,partigiane,partigiano,NOUN,_
407-0,BOI019,407,407,1,a,a,a,ADP,_
407-1,BOI019,407,407,2,villa,villa,villa,NOUN,_
407-2,BOI019,407,407,3,spada,spada,Spada,PROPN,_
408-0,BOI019,408,408,1-2,alle,alle,_,_,_
408-0a,_,_,408,1,_,a,a,ADP,_
408-0b,_,_,408,2,_,le,il,DET,_
408-1,BOI019,408,408,3,donne,donne,donna,NOUN,_
408-2,BOI019,408,408,4,partigiane,partigiane,partigiano,ADJ,_
409-0,BOI019,409,409,1,che,che,che,SCONJ,_
409-1,BOI019,409,409,2,penso,penso,pensare,VERB,_
409-2,BOI019,409,409,3,sia,sia,essere,AUX,_
409-3,BOI019,409,409,4,l',l',l',DET,SpaceAfter=No
409-4,BOI019,409,409,5,unico,unico,unico,ADJ,_
409-5,BOI019,409,409,6,museo,museo,museo,NOUN,_
410-0,BOI019,410,410,1,a,a,a,ADP,_
410-1,BOI019,410,410,2,cielo,cielo,cielo,NOUN,_
410-2,BOI019,410,410,3,aperto,aperto,aperto,ADJ,_
410-3,BOI019,410,410,4,dedicato,dedicato,dedicare,VERB,_
410-4,BOI019,410,410,5-6,alle,alle,_,_,_
410-4a,_,_,410,5,_,a,a,ADP,_
410-4b,_,_,410,6,_,le,il,DET,_
410-5,BOI019,410,410,7,donne,donne,donna,NOUN,_
411-0,BOI019,411,411,1,non,non,non,ADV,_
411-1,BOI019,411,411,2,sono,sono,essere,AUX,_
411-2,BOI019,411,411,3,sicura,sicura,sicuro,ADJ,_
411-3,BOI019,411,411,4,ma,ma,ma,CCONJ,_
411-4,BOI019,411,411,5,io,io,io,PRON,_
411-5,BOI019,411,411,6,credo,credo,credere,VERB,_
411-6,BOI019,411,411,7,sia,sia,essere,AUX,_
411-7,BOI019,411,411,8,l',l',l',DET,SpaceAfter=No
411-8,BOI019,411,411,9,unico,unico,unico,ADJ,_
412-0,BOI019,412,412,1,[dedicato,dedicato,dedicare,VERB,_
412-1,BOI019,412,412,2-3,alle],alle,_,_,_
412-1a,_,_,412,2,_,a,a,ADP,_
412-1b,_,_,412,3,_,le,il,DET,_
412-2,BOI019,412,412,4,donne,donne,donna,NOUN,_
412-3,BOI019,412,412,5,partigiane,partigiane,partigiano,ADJ,_
413-0,BOR005,413,413,1,[credo,credo,credere,VERB,_
413-1,BOR005,413,413,2,anche,anche,anche,ADV,_
413-2,BOR005,413,413,3,io],io,io,PRON,_
414-0,BOI019,414,414,1,a,a,a,ADP,_
414-1,BOI019,414,414,2,cielo,cielo,cielo,NOUN,_
414-2,BOI019,414,414,3,aperto,aperto,aperto,ADJ,_
415-0,BOI019,415,415,1,collegato,collegato,collegare,VERB,_
416-0,BOI019,416,416,1,con,con,con,ADP,_
416-1,BOI019,416,416,2,la,la,il,DET,_
416-2,BOI019,416,416,3,nuova,nuova,nuovo,ADJ,_
416-3,BOI019,416,416,4,sede,sede,sede,NOUN,_
416-4,BOI019,416,416,5-6,della,della,_,_,_
416-4a,_,_,416,5,_,di,di,ADP,_
416-4b,_,_,416,6,_,la,il,DET,_
416-5,BOI019,416,416,7,biblioteca,biblioteca,biblioteca,NOUN,_
417-0,BOR005,417,417,1,qual',qual',quale,PRON,SpaceAfter=No
417-1,BOR005,417,417,2,è,è,essere,AUX,_
417-2,BOR005,417,417,3,la,la,il,DET,_
417-3,BOR005,417,417,4,nuova,nuova,nuovo,ADJ,_
417-4,BOR005,417,417,5,sede?,sede,sede,NOUN,Intonation=rising
418-0,BOI019,418,418,1,la,la,il,DET,_
418-1,BOI019,418,418,2,nuova,nuova,nuovo,ADJ,_
418-2,BOI019,418,418,3,sede,sede,sede,NOUN,_
418-3,BOI019,418,418,4-5,della,della,_,_,_
418-3a,_,_,418,4,_,di,di,ADP,_
418-3b,_,_,418,5,_,la,il,DET,_
418-4,BOI019,418,418,6,biblioteca,biblioteca,biblioteca,NOUN,_
418-5,BOI019,418,418,7,è,è,essere,AUX,_
418-6,BOI019,418,418,8,villa,villa,villa,NOUN,_
418-7,BOI019,418,418,9,spada,spada,Spada,PROPN,_
419-0,BOR005,419,419,1,ah,ah,ah,INTJ,_
419-1,BOR005,419,419,2,okay,okay,okay,INTJ,_
419-2,BOR005,419,419,3,okay,okay,okay,INTJ,_
420-0,BOI019,420,420,1,perché,perché,perché,SCONJ,_
420-1,BOI019,420,420,2,prima,prima,prima,ADV,_
421-0,BOI019,421,421,1,la,la,il,DET,_
421-1,BOI019,421,421,2,la,la,il,DET,_
421-2,BOI019,421,421,3,biblioteca,biblioteca,biblioteca,NOUN,_
421-3,BOI019,421,421,4,è,è,essere,AUX,_
421-4,BOI019,421,421,5,nata,nata,nascere,VERB,_
421-5,BOI019,421,421,6,in,in,in,ADP,_
421-6,BOI019,421,421,7,via,via,via,NOUN,_
421-7,BOI019,421,421,8,paolo:,paolo,Paolo,PROPN,_
422-0,BOI019,422,422,1,in,in,in,ADP,_
422-1,BOI019,422,422,2,in,in,in,ADP,_
422-2,BOI019,422,422,3,via,via,via,NOUN,_
422-3,BOI019,422,422,4,in,in,in,ADP,_
422-4,BOI019,422,422,5,via,via,via,NOUN,_
422-5,BOI019,422,422,6,ventuno,ventuno,ventuno,PROPN,_
422-6,BOI019,422,422,7,aprile,aprile,aprile,PROPN,_
423-0,BOR005,423,423,1,mhmh,mhmh,mhmh,INTJ,_
424-0,BOI019,424,424,1,è,è,essere,AUX,_
424-1,BOI019,424,424,2,nata,nata,nascere,VERB,_
424-2,BOI019,424,424,3,in,in,in,ADP,_
424-3,BOI019,424,424,4,via,via,via,NOUN,_
424-4,BOI019,424,424,5,ventuno,ventuno,ventuno,PROPN,_
424-5,BOI019,424,424,6,aprile,aprile,aprile,PROPN,_
425-0,BOI019,425,425,1,e,e,e,CCONJ,_
425-1,BOI019,425,425,2,quando,quando,quando,SCONJ,_
425-2,BOI019,425,425,3,è,è,essere,AUX,_
425-3,BOI019,425,425,4,nata,nata,nascere,VERB,_
425-4,BOI019,425,425,5,lì,lì,lì,ADV,_
425-5,BOI019,425,425,6,appunto,appunto,appunto,ADV,_
425-6,BOI019,425,425,7,è,è,essere,AUX,_
425-7,BOI019,425,425,8,partita,partita,partire,VERB,_
425-8,BOI019,425,425,9,anche,anche,anche,ADV,_
425-9,BOI019,425,425,10,la,la,il,DET,_
425-10,BOI019,425,425,11,ricerca,ricerca,ricerca,NOUN,_
425-11,BOI019,425,425,12-13,del,del,_,_,_
425-11a,_,_,425,12,_,di,di,ADP,_
425-11b,_,_,425,13,_,il,il,DET,_
425-12,BOI019,425,425,14,quartiere,quartiere,quartiere,NOUN,_
426-0,BOI019,426,426,1-2,del,del,_,_,_
426-0a,_,_,426,1,_,di,di,ADP,_
426-0b,_,_,426,2,_,il,il,DET,_
426-1,BOI019,426,426,3-4,del,del,_,_,_
426-1a,_,_,426,3,_,di,di,ADP,_
426-1b,_,_,426,4,_,il,il,DET,_
426-2,BOI019,426,426,5-6,del,del,_,_,_
426-2a,_,_,426,5,_,di,di,ADP,_
426-2b,_,_,426,6,_,il,il,DET,_
426-3,BOI019,426,426,7,novecento,novecento,novecento,NOUN,_
426-4,BOI019,426,426,8,ah,ah,ah,INTJ,_
426-5,BOI019,426,426,9,che,che,che,SCONJ,_
426-6,BOI019,426,426,10,ad,ad,a,ADP,_
426-7,BOI019,426,426,11,opera,opera,opera,NOUN,_
426-8,BOI019,426,426,12,di,di,di,ADP,_
426-9,BOI019,426,426,13,ragazzi,ragazzi,ragazzo,NOUN,_
426-10,BOI019,426,426,14,che,che,che,PRON,_
426-11,BOI019,426,426,15,avevano,avevano,avere,VERB,_
427-0,BOI019,427,427,1,fatto,fatto,fare,VERB,_
427-1,BOI019,427,427,2,storia,storia,storia,NOUN,_
427-2,BOI019,427,427,3,contemporanea,contemporanea,contemporaneo,ADJ,_
428-0,BOI019,428,428,1,questi,questi,questo,PRON,_
428-1,BOI019,428,428,2,sono,sono,essere,AUX,_
428-2,BOI019,428,428,3,tutti,tutti,tutto,DET,_
428-3,BOI019,428,428,4,documenti,documenti,documento,NOUN,_
428-4,BOI019,428,428,5,che,che,che,PRON,_
428-5,BOI019,428,428,6,si,si,si,PRON,_
428-6,BOI019,428,428,7,trovano,trovano,trovare,VERB,_
428-7,BOI019,428,428,8,in,in,in,ADP,_
428-8,BOI019,428,428,9,biblioteca,biblioteca,biblioteca,NOUN,_
429-0,BOR005,429,429,1,mhmh,mhmh,mhmh,INTJ,_
430-0,BOI019,430,430,1,in,in,in,ADP,_
430-1,BOI019,430,430,2,biblioteca,biblioteca,biblioteca,NOUN,_
430-2,BOI019,430,430,3,{P},{P},_,_,_
430-3,BOI019,430,430,4,attuale,attuale,attuale,ADJ,_
430-4,BOI019,430,430,5,di,di,di,ADP,_
430-5,BOI019,430,430,6,villa,villa,villa,NOUN,_
430-6,BOI019,430,430,7,spada,spada,Spada,PROPN,_
431-0,BOI019,431,431,1,e,e,e,CCONJ,_
431-1,BOI019,431,431,2,si,si,si,PRON,_
431-2,BOI019,431,431,3,chiamavano,chiamavano,chiamare,VERB,_
431-3,BOI019,431,431,4,i,i,il,DET,_
431-4,BOI019,431,431,5,quaderni,quaderni,quaderno,NOUN,_
431-5,BOI019,431,431,6-7,del,del,_,_,_
431-5a,_,_,431,6,_,di,di,ADP,_
431-5b,_,_,431,7,_,il,il,DET,_
431-6,BOI019,431,431,8,quartiere,quartiere,quartiere,NOUN,_
432-0,BOI019,432,432,1,e,e,e,CCONJ,_
432-1,BOI019,432,432,2,quindi,quindi,quindi,ADV,_
432-2,BOI019,432,432,3,cos',cosa,cosa,PRON,SpaceAfter=No
432-3,BOI019,432,432,4,era,era,essere,AUX,_
432-4,BOI019,432,432,5-6,nell',nell',_,_,SpaceAfter=No
432-4a,_,_,432,5,_,in,in,ADP,_
432-4b,_,_,432,6,_,l',il,DET,_
432-5,BOI019,432,432,7,ottocento,ottocento,ottocento,NOUN,_
432-6,BOI019,432,432,8,questo,questo,questo,ADJ,_
432-7,BOI019,432,432,9,"quartiere,",quartiere,quartiere,NOUN,Intonation=weakly_rising
432-8,BOI019,432,432,10,cosa,cosa,cosa,PRON,_
432-9,BOI019,432,432,11,è,è,essere,AUX,_
432-10,BOI019,432,432,12,diventato,diventato,diventare,VERB,_
432-11,BOI019,432,432,13,pai,poi,poi,ADV,_
433-0,BOI019,433,433,1,che,che,che,SCONJ,_
433-1,BOI019,433,433,2,{P},{P},_,_,_
433-2,BOI019,433,433,3-4,nell',nell',_,_,SpaceAfter=No
433-2a,_,_,433,3,_,in,in,ADP,_
433-2b,_,_,433,4,_,l',il,DET,_
433-3,BOI019,433,433,5,ottocento,ottocento,ottocento,NOUN,_
433-4,BOI019,433,433,6,addirittura,addirittura,addirittura,ADV,_
433-5,BOI019,433,433,7,c',c',ci,PRON,SpaceAfter=No
433-6,BOI019,433,433,8,erano,erano,essere,VERB,_
433-7,BOI019,433,433,9,i,i,il,DET,_
433-8,BOI019,433,433,10,campi,campi,campo,NOUN,_
433-9,BOI019,433,433,11,{P},{P},_,_,_
433-10,BOI019,433,433,12,di,di,di,ADP,_
433-11,BOI019,433,433,13,canapa,canapa,canapa,NOUN,_
434-0,BOI019,434,434,1,perché,perché,perché,SCONJ,_
434-1,BOI019,434,434,2,c',c',ci,PRON,SpaceAfter=No
434-2,BOI019,434,434,3,era,era,essere,VERB,_
435-0,BOI019,435,435,1,un,un,uno,DET,_
435-1,BOI019,435,435,2,un,un,uno,DET,_
435-2,BOI019,435,435,3,"fiumiciattolo,",fiumiciattolo,fiumiciattolo,NOUN,Intonation=weakly_rising
435-3,BOI019,435,435,4,il,il,il,DET,_
435-4,BOI019,435,435,5,ravone,ravone,Ravone,PROPN,_
435-5,BOI019,435,435,6,che,che,che,PRON,_
435-6,BOI019,435,435,7,non,non,non,ADV,_
435-7,BOI019,435,435,8,era,era,essere,AUX,_
435-8,BOI019,435,435,9,tombato,tombato,tombare,VERB,_
436-0,BOI019,436,436,1,quindi,quindi,quindi,ADV,_
436-1,BOI019,436,436,2,c',c',ci,PRON,SpaceAfter=No
436-2,BOI019,436,436,3,era,era,essere,VERB,_
436-3,BOI019,436,436,4,presenza,presenza,presenza,NOUN,_
436-4,BOI019,436,436,5,d',d',di,ADP,SpaceAfter=No
436-5,BOI019,436,436,6,acqua,acqua,acqua,NOUN,_
437-0,BOI019,437,437,1,e,e,e,CCONJ,_
437-1,BOI019,437,437,2,c',c',ci,PRON,SpaceAfter=No
437-2,BOI019,437,437,3,erano,erano,essere,VERB,_
437-3,BOI019,437,437,4,campi,campi,campo,NOUN,_
437-4,BOI019,437,437,5,di,di,di,ADP,_
437-5,BOI019,437,437,6,canapa,canapa,canapa,NOUN,_
438-0,BOI019,438,438,1,siamo,siamo,essere,AUX,_
438-1,BOI019,438,438,2,andati,andati,andare,VERB,_
438-2,BOI019,438,438,3,a,a,a,ADP,_
438-3,BOI019,438,438,4,finire,finire,finire,VERB,_
438-4,BOI019,438,438,5,poi,poi,poi,ADV,_
439-0,BOI019,439,439,1-2,nella,nella,_,_,_
439-0a,_,_,439,1,_,in,in,ADP,_
439-0b,_,_,439,2,_,la,il,DET,_
439-1,BOI019,439,439,3,seconda,seconda,secondo,ADJ,_
439-2,BOI019,439,439,4,guerra,guerra,guerra,NOUN,_
439-3,BOI019,439,439,5,"mondiale,",mondiale,mondiale,ADJ,Intonation=weakly_rising
439-4,BOI019,439,439,6-7,alla,alla,_,_,_
439-4a,_,_,439,6,_,a,a,ADP,_
439-4b,_,_,439,7,_,la,il,DET,_
439-5,BOI019,439,439,8,fine,fine,fine,NOUN,_
439-6,BOI019,439,439,9-10,della,della,_,_,_
439-6a,_,_,439,9,_,di,di,ADP,_
439-6b,_,_,439,10,_,la,il,DET,_
439-7,BOI019,439,439,11,seconda,seconda,secondo,ADJ,_
439-8,BOI019,439,439,12,guerra,guerra,guerra,NOUN,_
439-9,BOI019,439,439,13,mondiale,mondiale,mondiale,ADJ,_
440-0,BOI019,440,440,1,tutti,tutti,tutto,DET,_
440-1,BOI019,440,440,2,insediamenti,insediamenti,insediamento,NOUN,_
441-0,BOI019,441,441,1,con,con,con,ADP,_
441-1,BOI019,441,441,2,la,la,il,DET,_
441-2,BOI019,441,441,3,scuola,scuola,scuola,NOUN,_
441-3,BOI019,441,441,4,che,che,che,PRON,_
441-4,BOI019,441,441,5,{P},{P},_,_,_
441-5,BOI019,441,441,6,prende,prende,prendere,VERB,_
441-6,BOI019,441,441,7,il,il,il,DET,_
441-7,BOI019,441,441,8,nome,nome,nome,NOUN,_
441-8,BOI019,441,441,9,via,via,via,ADP,_
441-9,BOI019,441,441,10,{P},{P},_,_,_
441-10,BOI019,441,441,11,scuol~,scuola,scuola,NOUN,Interrupted=Yes
441-11,BOI019,441,441,12,scuola,scuola,scuola,NOUN,_
442-0,BOI019,442,442,1,ehm,ehm,ehm,INTJ,_
442-1,BOI019,442,442,2,eh,eh,eh,INTJ,_
442-2,BOI019,442,442,3,ventuno,ventuno,ventuno,PROPN,_
442-3,BOI019,442,442,4,aprile,aprile,aprile,PROPN,_
443-0,BOI019,443,443,1,millenovecentoquarantacinque,millenovecentoquarantacinque,millenovecentoquarantacinque,NUM,_
443-1,BOI019,443,443,2,come,come,come,ADP,_
443-2,BOI019,443,443,3,la,la,il,DET,_
443-3,BOI019,443,443,4,via,via,via,NOUN,_
444-0,BOI019,444,444,1,com',com',come,SCONJ,SpaceAfter=No
444-1,BOI019,444,444,2,è,è,essere,AUX,_
444-2,BOI019,444,444,3,ventuno,ventuno,ventuno,PROPN,_
444-3,BOI019,444,444,4,aprile,aprile,aprile,PROPN,_
444-4,BOI019,444,444,5,e,e,e,CCONJ,_
444-5,BOI019,444,444,6,cos',cos',cos',PRON,SpaceAfter=No
444-6,BOI019,444,444,7,è,è,essere,AUX,_
444-7,BOI019,444,444,8,ventuno,ventuno,ventuno,PROPN,_
444-8,BOI019,444,444,9,aprile,aprile,aprile,PROPN,_
445-0,BOI019,445,445,1,per,per,per,ADP,_
445-1,BOI019,445,445,2,i,i,il,DET,_
445-2,BOI019,445,445,3,ragazzi,ragazzi,ragazzo,NOUN,_
445-3,BOI019,445,445,4,imparare,imparare,imparare,VERB,_
446-0,BOI019,446,446,1,che,che,che,SCONJ,_
446-1,BOI019,446,446,2,tu,tu,tu,PRON,_
446-2,BOI019,446,446,3,vivi,vivi,vivere,VERB,_
446-3,BOI019,446,446,4,in,in,in,ADP,_
446-4,BOI019,446,446,5,mezzo,mezzo,mezzo,NOUN,_
446-5,BOI019,446,446,6-7,alla,alla,_,_,_
446-5a,_,_,446,6,_,a,a,ADP,_
446-5b,_,_,446,7,_,la,il,DET,_
446-6,BOI019,446,446,8,storia,storia,storia,NOUN,_
447-0,BOI019,447,447,1,che,che,che,SCONJ,_
447-1,BOI019,447,447,2,tutte,tutte,tutto,ADJ,_
447-2,BOI019,447,447,3,le,le,il,DET,_
447-3,BOI019,447,447,4,nostre,nostre,nostro,ADJ,_
448-0,BOI019,448,448,1,vie,vie,via,NOUN,_
448-1,BOI019,448,448,2,sono,sono,essere,AUX,_
448-2,BOI019,448,448,3,dedicate,dedicate,dedicare,VERB,_
448-3,BOI019,448,448,4-5,ai,ai,_,_,_
448-3a,_,_,448,4,_,a,a,ADP,_
448-3b,_,_,448,5,_,i,il,DET,_
448-4,BOI019,448,448,6,partigiani,partigiani,partigiano,NOUN,_
449-0,BOI019,449,449,1,questo,questo,questo,PRON,_
449-1,BOI019,449,449,2,si,si,si,PRON,_
449-2,BOI019,449,449,3,fa,fa,fare,VERB,_
449-3,BOI019,449,449,4,attraverso,attraverso,attraverso,ADP,_
449-4,BOI019,449,449,5,la,la,il,DET,_
449-5,BOI019,449,449,6,biblioteca,biblioteca,biblioteca,NOUN,_
450-0,BOI019,450,450,1,diventa,diventa,diventare,VERB,_
450-1,BOI019,450,450,2,patrimonio,patrimonio,patrimonio,NOUN,_
450-2,BOI019,450,450,3-4,delle,delle,_,_,_
450-2a,_,_,450,3,_,di,di,ADP,_
450-2b,_,_,450,4,_,le,il,DET,_
450-3,BOI019,450,450,5,scuole,scuole,scuola,NOUN,_
451-0,BOI019,451,451,1,non,non,non,ADV,_
451-1,BOI019,451,451,2,ci,ci,ci,PRON,_
451-2,BOI019,451,451,3,sono,sono,essere,VERB,_
451-3,BOI019,451,451,4,i,i,il,DET,_
451-4,BOI019,451,451,5,libri?,libri,libro,NOUN,Intonation=rising
452-0,BOI019,452,452,1,ma,ma,ma,CCONJ,_
452-1,BOI019,452,452,2,ci,ci,ci,PRON,_
452-2,BOI019,452,452,3,sono,sono,essere,VERB,_
452-3,BOI019,452,452,4,poi,poi,poi,ADV,_
452-4,BOI019,452,452,5,dopo,dopo,dopo,ADP,_
452-5,BOI019,452,452,6,tutte,tutte,tutto,ADJ,_
452-6,BOI019,452,452,7,queste,queste,questo,ADJ,_
452-7,BOI019,452,452,8,{P},{P},_,_,_
452-8,BOI019,452,452,9,conoscenze,conoscenze,conoscenza,NOUN,_
453-0,BOI019,453,453,1,attraverso,attraverso,attraverso,ADP,_
453-1,BOI019,453,453,2,"documenti,",documenti,documento,NOUN,Intonation=weakly_rising
453-2,BOI019,453,453,3,attraverso,attraverso,attraverso,ADP,_
453-3,BOI019,453,453,4,queste,queste,questo,DET,_
453-4,BOI019,453,453,5,co~,co~,co~,X,Interrupted=Yes
454-0,BOI019,454,454,1,questo,questo,questo,PRON,_
454-1,BOI019,454,454,2,ha,ha,avere,AUX,_
454-2,BOI019,454,454,3,fatto,fatto,fare,VERB,_
454-3,BOI019,454,454,4,la,la,il,DET,_
454-4,BOI019,454,454,5,biblioteca,biblioteca,biblioteca,NOUN,_
455-0,BOR005,455,455,1,quindi,quindi,quindi,ADV,_
455-1,BOR005,455,455,2,la,la,il,DET,_
455-2,BOR005,455,455,3,biblioteca,biblioteca,biblioteca,NOUN,_
455-3,BOR005,455,455,4,ha,ha,avere,AUX,_
455-4,BOR005,455,455,5,anche,anche,anche,ADV,_
455-5,BOR005,455,455,6,organizzato,organizzato,organizzare,VERB,_
455-6,BOR005,455,455,7,eventi,eventi,evento,NOUN,_
455-7,BOR005,455,455,8,magari,magari,magari,ADV,_
455-8,BOR005,455,455,9,legati:,legati,legare,VERB,_
455-9,BOR005,455,455,10-11,alla,alla,_,_,_
455-9a,_,_,455,10,_,a,a,ADP,_
455-9b,_,_,455,11,_,la,il,DET,_
455-10,BOR005,455,455,12,seconda,seconda,secondo,ADJ,_
455-11,BOR005,455,455,13,guerra,guerra,guerra,NOUN,_
455-12,BOR005,455,455,14,"mondiale,",mondiale,mondiale,ADJ,Intonation=weakly_rising
455-13,BOR005,455,455,15-16,alla,alla,_,_,_
455-13a,_,_,455,15,_,a,a,ADP,_
455-13b,_,_,455,16,_,la,il,DET,_
455-14,BOR005,455,455,17,resistenza:,resistenza,resistenza,NOUN,_
456-0,BOI019,456,456,1,certo,certo,certo,ADV,_
457-0,BOI019,457,457,1,certo,certo,certo,ADV,_
457-1,BOI019,457,457,2,ecco,ecco,ecco,ADV,_
457-2,BOI019,457,457,3,il,il,il,DET,_
457-3,BOI019,457,457,4,museo,museo,museo,NOUN,_
457-4,BOI019,457,457,5,poi,poi,poi,ADV,_
457-5,BOI019,457,457,6,anche,anche,anche,ADV,_
457-6,BOI019,457,457,7-8,della,della,_,_,_
457-6a,_,_,457,7,_,di,di,ADP,_
457-6b,_,_,457,8,_,la,il,DET,_
457-7,BOI019,457,457,9,resistenza,resistenza,resistenza,NOUN,_
458-0,BOI019,458,458,1,nasce,nasce,nascere,VERB,_
459-0,BOI019,459,459,1,con,con,con,ADP,_
459-1,BOI019,459,459,2,con,con,con,ADP,_
459-2,BOI019,459,459,3,la,la,il,DET,_
459-3,BOI019,459,459,4,biblioteca,biblioteca,biblioteca,NOUN,_
459-4,BOI019,459,459,5,di,di,di,ADP,_
459-5,BOI019,459,459,6,villa,villa,villa,NOUN,_
459-6,BOI019,459,459,7,spada,spada,Spada,PROPN,_
460-0,BOI019,460,460,1,che,che,che,SCONJ,_
460-1,BOI019,460,460,2,così,così,così,ADV,_
460-2,BOI019,460,460,3,diventa,diventa,diventare,VERB,_
461-0,BOI019,461,461,1,villa,villa,villa,NOUN,_
461-1,BOI019,461,461,2,spada,spada,Spada,PROPN,_
461-2,BOI019,461,461,3,{P},{P},_,_,_
461-3,BOI019,461,461,4,presenza,presenza,presenza,NOUN,_
462-0,BOI019,462,462,1,presenza,presenza,presenza,NOUN,_
462-1,BOI019,462,462,2,di,di,di,ADP,_
462-2,BOI019,462,462,3,di,di,di,ADP,_
462-3,BOI019,462,462,4,di,di,di,ADP,_
462-4,BOI019,462,462,5,libri,libri,libro,NOUN,_
463-0,BOI019,463,463,1-2,sulla,sulla,_,_,_
463-0a,_,_,463,1,_,su,su,ADP,_
463-0b,_,_,463,2,_,la,il,DET,_
463-1,BOI019,463,463,3,resistenza,resistenza,resistenza,NOUN,_
464-0,BOI019,464,464,1,il,il,il,DET,_
464-1,BOI019,464,464,2,tuo,tuo,tuo,ADJ,_
464-2,BOI019,464,464,3,il,il,il,DET,_
464-3,BOI019,464,464,4,tuo,tuo,tuo,ADJ,_
464-4,BOI019,464,464,5,giardino,giardino,giardino,NOUN,_
464-5,BOI019,464,464,6,di,di,di,ADP,_
464-6,BOI019,464,464,7,villa,villa,villa,NOUN,_
465-0,BOI019,465,465,1,oltre,oltre,oltre,ADV,_
465-1,BOI019,465,465,2,a,a,a,ADP,_
465-2,BOI019,465,465,3,questa,questa,questo,ADJ,_
465-3,BOI019,465,465,4,presenza,presenza,presenza,NOUN,_
465-4,BOI019,465,465,5,di,di,di,ADP,_
466-0,BOI019,466,466,1,biblioteca,biblioteca,biblioteca,NOUN,_
467-0,BOI019,467,467,1,c',c',ci,PRON,SpaceAfter=No
467-1,BOI019,467,467,2,è,è,essere,VERB,_
467-2,BOI019,467,467,3,questo,questo,questo,ADJ,_
467-3,BOI019,467,467,4,monumento,monumento,monumento,NOUN,_
468-0,BOI019,468,468,1,che,che,che,PRON,_
468-1,BOI019,468,468,2,è,è,essere,AUX,_
468-2,BOI019,468,468,3,una,una,uno,DET,_
468-3,BOI019,468,468,4,testimonianza,testimonianza,testimonianza,NOUN,_
468-4,BOI019,468,468,5,materiale,materiale,materiale,ADJ,_
468-5,BOI019,468,468,6,insomma,insomma,insomma,ADV,_
469-0,BOI019,469,469,1-2,della,della,_,_,_
469-0a,_,_,469,1,_,di,di,ADP,_
469-0b,_,_,469,2,_,la,il,DET,_
469-1,BOI019,469,469,3,seconda,seconda,secondo,ADJ,_
469-2,BOI019,469,469,4,guerra,guerra,guerra,NOUN,_
469-3,BOI019,469,469,5,mondiale,mondiale,mondiale,ADJ,_
469-4,BOI019,469,469,6,soprattutto,soprattutto,soprattutto,ADV,_
469-5,BOI019,469,469,7-8,della,della,_,_,_
469-5a,_,_,469,7,_,di,di,ADP,_
469-5b,_,_,469,8,_,la,il,DET,_
469-6,BOI019,469,469,9,resistenza,resistenza,resistenza,NOUN,_
469-7,BOI019,469,469,10-11,delle,delle,_,_,_
469-7a,_,_,469,10,_,di,di,ADP,_
469-7b,_,_,469,11,_,le,il,DET,_
469-8,BOI019,469,469,12,donne,donne,donna,NOUN,_
470-0,BOI019,470,470,1,fuori,fuori,fuori,ADV,_
470-1,BOI019,470,470,2,c',c',ci,PRON,SpaceAfter=No
470-2,BOI019,470,470,3,è,è,essere,VERB,_
470-3,BOI019,470,470,4,il,il,il,DET,_
470-4,BOI019,470,470,5,monumento,monumento,monumento,NOUN,_
471-0,BOI019,471,471,1,dentro,dentro,dentro,ADV,_
472-0,BOI019,472,472,1,c',c',ci,PRON,SpaceAfter=No
472-1,BOI019,472,472,2,è,è,essere,VERB,_
472-2,BOI019,472,472,3,la,la,il,DET,_
472-3,BOI019,472,472,4,biblioteca,biblioteca,biblioteca,NOUN,_
472-4,BOI019,472,472,5-6,coi,coi,_,_,_
472-4a,_,_,472,5,_,con,con,ADP,_
472-4b,_,_,472,6,_,i,il,DET,_
472-5,BOI019,472,472,7,libri,libri,libro,NOUN,_
473-0,BOI019,473,473,1,quindi,quindi,quindi,ADV,_
473-1,BOI019,473,473,2,patrimonio,patrimonio,patrimonio,NOUN,_
474-0,BOI019,474,474,1,patrimonio,patrimonio,patrimonio,NOUN,_
474-1,BOI019,474,474,2,di,di,di,ADP,_
474-2,BOI019,474,474,3,libri,libri,libro,NOUN,_
474-3,BOI019,474,474,4,e,e,e,CCONJ,_
474-4,BOI019,474,474,5,patrimonio,patrimonio,patrimonio,NOUN,_
474-5,BOI019,474,474,6,{P},{P},_,_,_
474-6,BOI019,474,474,7,materiale,materiale,materiale,ADJ,_
475-0,BOI019,475,475,1,documenti,documenti,documento,NOUN,_
475-1,BOI019,475,475,2,materiali,materiali,materiale,ADJ,_
476-0,BOI019,476,476,1,anzi,anzi,anzi,ADV,_
476-1,BOI019,476,476,2,lì,lì,lì,ADV,_
476-2,BOI019,476,476,3,ci,ci,ci,PRON,_
476-3,BOI019,476,476,4,doveva,doveva,dovere,VERB,_
476-4,BOI019,476,476,5,essere,essere,essere,AUX,_
477-0,BOI019,477,477,1,proprio,proprio,proprio,ADV,_
477-1,BOI019,477,477,2,un,un,uno,DET,_
477-2,BOI019,477,477,3,collegamento,collegamento,collegamento,NOUN,_
477-3,BOI019,477,477,4,fra,fra,fra,ADP,_
477-4,BOI019,477,477,5,un,un,uno,DET,_
477-5,BOI019,477,477,6,collegamento,collegamento,collegamento,NOUN,_
477-6,BOI019,477,477,7,mh,mh,mh,INTJ,_
477-7,BOI019,477,477,8,{sospira},{sospira},_,_,_
478-0,BOI019,478,478,1,un,un,uno,DET,_
478-1,BOI019,478,478,2,piccolo,piccolo,piccolo,ADJ,_
478-2,BOI019,478,478,3,ponticello,ponticello,ponticello,NOUN,_
478-3,BOI019,478,478,4,fra,fra,fra,ADP,_
479-0,BOI019,479,479,1,e:::h,eh,eh,INTJ,_
479-1,BOI019,479,479,2,el,el,ello,DET,_
479-2,BOI019,479,479,3,el,el,el,NOUN,_
479-3,BOI019,479,479,4,el,el,ello,DET,_
479-4,BOI019,479,479,5,l,l,l,NOUN,_
480-0,BOI019,480,480,1,la,la,il,DET,_
480-1,BOI019,480,480,2,biblioteca,biblioteca,biblioteca,NOUN,_
481-0,BOI019,481,481,1,biblioteca,biblioteca,biblioteca,NOUN,_
481-1,BOI019,481,481,2,come,come,come,ADP,_
481-2,BOI019,481,481,3,struttura,struttura,struttura,NOUN,_
482-0,BOI019,482,482,1,e,e,e,CCONJ,_
482-1,BOI019,482,482,2,{P},{P},_,_,_
482-2,BOI019,482,482,3,e,e,e,CCONJ,_
482-3,BOI019,482,482,4,il,il,il,DET,_
482-4,BOI019,482,482,5,monumento,monumento,monumento,NOUN,_
482-5,BOI019,482,482,6,{P},{P},_,_,_
482-6,BOI019,482,482,7-8,>delle,delle,_,_,_
482-6a,_,_,482,7,_,di,di,ADP,_
482-6b,_,_,482,8,_,le,il,DET,_
482-7,BOI019,482,482,9,donne<,donne,donna,NOUN,_
483-0,BOI019,483,483,1,non,non,non,ADV,_
483-1,BOI019,483,483,2,è,è,essere,AUX,_
483-2,BOI019,483,483,3,ancora,ancora,ancora,ADV,_
483-3,BOI019,483,483,4,stato,stato,essere,AUX,_
483-4,BOI019,483,483,5,fatto,fatto,fare,VERB,_
483-5,BOI019,483,483,6,perché,perché,perché,SCONJ,_
484-0,BOI019,484,484,1,c',c',ci,PRON,SpaceAfter=No
484-1,BOI019,484,484,2,è,è,essere,VERB,_
484-2,BOI019,484,484,3,in,in,in,ADP,_
484-3,BOI019,484,484,4,mezzo,mezzo,mezzo,NOUN,_
485-0,BOI019,485,485,1,un,un,uno,DET,_
485-1,BOI019,485,485,2,piccolo:,piccolo,piccolo,ADJ,_
486-0,BOI019,486,486,1,fosso,fosso,fosso,NOUN,_
486-1,BOI019,486,486,2,diciamo,diciamo,dire,VERB,_
487-0,BOI019,487,487,1,qualcosa,qualcosa,qualcosa,PRON,_
487-1,BOI019,487,487,2,che,che,che,PRON,_
487-2,BOI019,487,487,3,le,le,le,PRON,_
487-3,BOI019,487,487,4,le,le,le,PRON,_
487-4,BOI019,487,487,5,tiene,tiene,tenere,VERB,_
487-5,BOI019,487,487,6,ancora,ancora,ancora,ADV,_
487-6,BOI019,487,487,7,un,un,uno,DET,_
487-7,BOI019,487,487,8,po',po',poco,ADV,_
487-8,BOI019,487,487,9,separa~,separa~,separa~,X,Interrupted=Yes
488-0,BOI019,488,488,1,ma,ma,ma,CCONJ,_
488-1,BOI019,488,488,2,addirittura,addirittura,addirittura,ADV,_
488-2,BOI019,488,488,3,legare,legare,legare,VERB,_
488-3,BOI019,488,488,4,perché,perché,perché,SCONJ,_
488-4,BOI019,488,488,5,i,i,il,DET,_
488-5,BOI019,488,488,6,ragazzi,ragazzi,ragazzo,NOUN,_
489-0,BOI019,489,489,1,studiando,studiando,studiare,VERB,_
489-1,BOI019,489,489,2,anche,anche,anche,ADV,_
489-2,BOI019,489,489,3,magari,magari,magari,ADV,_
489-3,BOI019,489,489,4,fuori,fuori,fuori,ADV,_
490-0,BOI019,490,490,1,avessero,avessero,avere,VERB,_
490-1,BOI019,490,490,2,davanti,davanti,davanti,ADV,_
490-2,BOI019,490,490,3,anche,anche,anche,ADV,_
490-3,BOI019,490,490,4,{P},{P},_,_,_
490-4,BOI019,490,490,5,questo,questo,questo,ADJ,_
490-5,BOI019,490,490,6,collegamento,collegamento,collegamento,NOUN,_
490-6,BOI019,490,490,7,molto,molto,molto,ADV,_
490-7,BOI019,490,490,8,bello,bello,bello,ADJ,_
491-0,BOI019,491,491,1,questo,questo,questo,PRON,_
491-1,BOI019,491,491,2,è,è,essere,AUX,_
491-2,BOI019,491,491,3,stato,stato,essere,AUX,_
491-3,BOI019,491,491,4,fatto,fatto,fare,VERB,_
491-4,BOI019,491,491,5,con,con,con,ADP,_
491-5,BOI019,491,491,6,la,la,il,DET,_
491-6,BOI019,491,491,7,biblioteca,biblioteca,biblioteca,NOUN,_
492-0,BOR005,492,492,1,mh,mh,mh,INTJ,_
493-0,BOI019,493,493,1,soprattutto,soprattutto,soprattutto,ADV,_
493-1,BOI019,493,493,2,con,con,con,ADP,_
493-2,BOI019,493,493,3-4,delle,delle,_,_,_
493-2a,_,_,493,3,_,di,di,ADP,_
493-2b,_,_,493,4,_,le,il,DET,_
493-3,BOI019,493,493,5,donne,donne,donna,NOUN,_
493-4,BOI019,493,493,6,partigiane,partigiane,partigiano,ADJ,_
494-0,BOI019,494,494,1,adesso,adesso,adesso,ADV,_
494-1,BOI019,494,494,2,non,non,non,ADV,_
494-2,BOI019,494,494,3,c',c',ci,PRON,SpaceAfter=No
494-3,BOI019,494,494,4,è,è,essere,VERB,_
494-4,BOI019,494,494,5,più,più,più,ADV,_
494-5,BOI019,494,494,6,l',l',lo,DET,Truncated=Yes
494-6,BOI019,494,494,7,l',l',il,DET,SpaceAfter=No
494-7,BOI019,494,494,8,architetto:,architetto,architetto,NOUN,_
495-0,BOI019,495,495,1,e::h,eh,eh,INTJ,_
495-1,BOI019,495,495,2,adesso,adesso,adesso,ADV,_
495-2,BOI019,495,495,3,come,come,come,ADV,_
495-3,BOI019,495,495,4,si,si,si,PRON,_
495-4,BOI019,495,495,5,chiamava,chiamava,chiamare,VERB,_
495-5,BOI019,495,495,6,{P},{P},_,_,_
495-6,BOI019,495,495,7,mi,mi,mi,PRON,_
495-7,BOI019,495,495,8,s~,s~,s~,PROPN,Interrupted=Yes
496-0,BOI019,496,496,1,non,non,non,ADV,_
496-1,BOI019,496,496,2,ce,ce,ce,PRON,_
496-2,BOI019,496,496,3,l',l',lo,PRON,SpaceAfter=No
496-3,BOI019,496,496,4,ho,ho,avere,VERB,_
496-4,BOI019,496,496,5,un,un,uno,DET,_
496-5,BOI019,496,496,6,e~,e~,e~,PROPN,Interrupted=Yes
496-6,BOI019,496,496,7,era,era,essere,AUX,_
496-7,BOI019,496,496,8,architetto,architetto,architetto,NOUN,_
496-8,BOI019,496,496,9,donna,donna,donna,NOUN,_
496-9,BOI019,496,496,10,che,che,che,PRON,_
496-10,BOI019,496,496,11,tanto,tanto,tanto,PRON,_
496-11,BOI019,496,496,12,l',l',lo,PRON,SpaceAfter=No
496-12,BOI019,496,496,13,ha,ha,avere,AUX,_
496-13,BOI019,496,496,14,voluto,voluto,volere,VERB,_
497-0,BOI019,497,497,1,una,una,uno,DET,_
497-1,BOI019,497,497,2,"partigiana,",partigiana,partigiano,NOUN,Intonation=weakly_rising
497-2,BOI019,497,497,3,altre,altre,altro,ADJ,_
497-3,BOI019,497,497,4,"partigiane,",partigiane,partigiano,NOUN,Intonation=weakly_rising
497-4,BOI019,497,497,5,il,il,il,DET,_
497-5,BOI019,497,497,6,"comune,",comune,comune,NOUN,Intonation=weakly_rising
498-0,BOI019,498,498,1,e,e,e,CCONJ,_
498-1,BOI019,498,498,2,ed,ed,e,CCONJ,_
498-2,BOI019,498,498,3,è,è,essere,AUX,_
498-3,BOI019,498,498,4,stato,stato,essere,AUX,_
498-4,BOI019,498,498,5,fatto,fatto,fare,VERB,_
498-5,BOI019,498,498,6,questo,questo,questo,ADJ,_
498-6,BOI019,498,498,7,monumento,monumento,monumento,NOUN,_
498-7,BOI019,498,498,8,bel~,bel~,bel~,X,Interrupted=Yes
498-8,BOI019,498,498,9,lei,lei,lei,PRON,_
498-9,BOI019,498,498,10,l',l',lo,PRON,SpaceAfter=No
498-10,BOI019,498,498,11,ha,ha,avere,AUX,_
498-11,BOI019,498,498,12,visto,visto,vedere,VERB,_
498-12,BOI019,498,498,13,poi,poi,poi,ADV,_
498-13,BOI019,498,498,14,il,il,il,DET,_
498-14,BOI019,498,498,15,monumento,monumento,monumento,NOUN,_
498-15,BOI019,498,498,16-17,delle,delle,_,_,_
498-15a,_,_,498,16,_,di,di,ADP,_
498-15b,_,_,498,17,_,le,il,DET,_
498-16,BOI019,498,498,18,partigiane,partigiane,partigiano,NOUN,_
498-17,BOI019,498,498,19,sì?,sì,sì,INTJ,Intonation=rising
499-0,BOR005,499,499,1,sì,sì,sì,INTJ,_
499-1,BOR005,499,499,2,sì,sì,sì,INTJ,_
499-2,BOR005,499,499,3,l',l',lo,PRON,SpaceAfter=No
499-3,BOR005,499,499,4,ho,ho,avere,AUX,_
499-4,BOR005,499,499,5,visto,visto,vedere,VERB,_
499-5,BOR005,499,499,6,molto,molto,molto,ADV,_
499-6,BOR005,499,499,7,bello,bello,bello,ADJ,_
500-0,BOI019,500,500,1,sì,sì,sì,INTJ,_
500-1,BOI019,500,500,2,sì,sì,sì,INTJ,_
501-0,BOR005,501,501,1,e,e,e,CCONJ,_
501-1,BOR005,501,501,2,{P},{P},_,_,_
501-2,BOR005,501,501,3,di,di,di,ADP,_
501-3,BOR005,501,501,4,queste,queste,questo,ADJ,_
501-4,BOR005,501,501,5,partigian~,partigian~,partigiano,NOUN,Interrupted=Yes
501-5,BOR005,501,501,6,per,per,per,ADP,_
501-6,BOR005,501,501,7,quanto,quanto,quanto,PRON,_
501-7,BOR005,501,501,8,siano,siano,essere,AUX,_
502-0,BOR005,502,502,1,tutte,tutte,tutto,DET,_
502-1,BOR005,502,502,2,figure,figure,figura,NOUN,_
502-2,BOR005,502,502,3,molto,molto,molto,ADV,_
502-3,BOR005,502,502,4,importanti,importanti,importante,ADJ,_
502-4,BOR005,502,502,5,c',c',ci,PRON,SpaceAfter=No
502-5,BOR005,502,502,6,è,è,essere,VERB,_
502-6,BOR005,502,502,7,magari,magari,magari,ADV,_
502-7,BOR005,502,502,8,una,una,una,PRON,_
502-8,BOR005,502,502,9,che,che,che,PRON,_
502-9,BOR005,502,502,10,le,le,le,PRON,_
502-10,BOR005,502,502,11,è,è,essere,AUX,_
502-11,BOR005,502,502,12,rimasta,rimasta,rimanere,VERB,_
502-12,BOR005,502,502,13,particolarmente,particolarmente,particolarmente,ADV,_
502-13,BOR005,502,502,14,impressa?,impressa,imprimere,VERB,Intonation=rising
503-0,BOR005,503,503,1,di,di,di,ADP,_
503-1,BOR005,503,503,2,queste,queste,questo,ADJ,_
503-2,BOR005,503,503,3,donne?,donne,donna,NOUN,Intonation=rising
503-3,BOR005,503,503,4,{P},{P},_,_,_
503-4,BOR005,503,503,5,di,di,di,ADP,_
503-5,BOR005,503,503,6,quelle,quelle,quello,PRON,_
503-6,BOR005,503,503,7,che,che,che,PRON,_
503-7,BOR005,503,503,8,magari,magari,magari,ADV,_
503-8,BOR005,503,503,9,ha,ha,avere,AUX,_
503-9,BOR005,503,503,10,anche,anche,anche,ADV,_
503-10,BOR005,503,503,11,avuto,avuto,avere,VERB,_
503-11,BOR005,503,503,12,la,la,il,DET,_
503-12,BOR005,503,503,13,fortuna,fortuna,fortuna,NOUN,_
503-13,BOR005,503,503,14,di,di,di,ADP,_
503-14,BOR005,503,503,15,conoscere,conoscere,conoscere,VERB,_
504-0,BOI019,504,504,1,sì,sì,sì,INTJ,_
504-1,BOI019,504,504,2,sì,sì,sì,INTJ,_
504-2,BOI019,504,504,3,sì,sì,sì,INTJ,_
504-3,BOI019,504,504,4,sì,sì,sì,INTJ,_
505-0,BOI019,505,505,1,soprattutto,soprattutto,soprattutto,ADV,_
505-1,BOI019,505,505,2,ehm,ehm,ehm,INTJ,_
505-2,BOI019,505,505,3,sono,sono,essere,AUX,_
505-3,BOI019,505,505,4,morte,morte,morire,VERB,_
505-4,BOI019,505,505,5,tutte,tutte,tutte,PRON,_
505-5,BOI019,505,505,6,però,però,però,ADV,_
506-0,BOR005,506,506,1,qualche,qualche,qualche,ADJ,_
506-1,BOR005,506,506,2,ricordo,ricordo,ricordo,NOUN,_
506-2,BOR005,506,506,3,ha,ha,avere,VERB,_
506-3,BOR005,506,506,4,di,di,di,ADP,_
506-4,BOR005,506,506,5,"loro,",loro,loro,DET,Intonation=weakly_rising
506-5,BOR005,506,506,6,cosa,cosa,cosa,NOUN,_
506-6,BOR005,506,506,7,le,le,le,PRON,_
506-7,BOR005,506,506,8,è,è,essere,AUX,_
506-8,BOR005,506,506,9,rimasto,rimasto,rimanere,VERB,_
506-9,BOR005,506,506,10,impresso,impresso,imprimere,VERB,_
506-10,BOR005,506,506,11,,,,NOUN,_
507-0,BOI019,507,507,1,a::h,ah,ah,INTJ,_
507-1,BOI019,507,507,2,di,di,di,ADP,_
507-2,BOI019,507,507,3,di,di,di,ADP,_
507-3,BOI019,507,507,4,di,di,di,ADP,_
507-4,BOI019,507,507,5,di,di,di,ADP,_
507-5,BOI019,507,507,6,donne,donne,donna,NOUN,_
507-6,BOI019,507,507,7,di,di,di,ADP,_
507-7,BOI019,507,507,8,donne,donne,donna,NOUN,_
507-8,BOI019,507,507,9,"solari,",solari,solare,ADJ,Intonation=weakly_rising
507-9,BOI019,507,507,10,buone,buone,buono,ADJ,_
508-0,BOI019,508,508,1,"buone,",buone,buono,ADJ,Intonation=weakly_rising
508-1,BOI019,508,508,2,"solari,",solari,solare,ADJ,Intonation=weakly_rising
508-2,BOI019,508,508,3,"semplici,",semplici,semplice,ADJ,Intonation=weakly_rising
508-3,BOI019,508,508,4,laboriose,laboriose,laborioso,ADJ,_
509-0,BOI019,509,509,1,proprio,proprio,proprio,DET,_
509-1,BOI019,509,509,2,m::::h,mh,mh,INTJ,_
510-0,BOI019,510,510,1,persone,persone,persona,NOUN,_
511-0,BOI019,511,511,1,che,che,che,SCONJ,_
511-1,BOI019,511,511,2,ci,ci,ci,PRON,_
511-2,BOI019,511,511,3,son,son,essere,AUX,_
511-3,BOI019,511,511,4,tanto,tanto,tanto,ADV,_
511-4,BOI019,511,511,5,battute,battute,battere,VERB,_
511-5,BOI019,511,511,6,per,per,per,ADP,_
511-6,BOI019,511,511,7,questa,questa,questo,DET,_
512-0,BOI019,512,512,1,per,per,per,ADP,_
512-1,BOI019,512,512,2,questa,questa,questo,DET,_
512-2,BOI019,512,512,3,struttura,struttura,struttura,NOUN,_
513-0,BOI019,513,513,1,ma,ma,ma,CCONJ,_
513-1,BOI019,513,513,2,soprattu~,soprattutto,soprattutto,ADV,Interrupted=Yes
513-2,BOI019,513,513,3,soprattutto,soprattutto,soprattutto,ADV,_
513-3,BOI019,513,513,4,anche,anche,anche,ADV,_
513-4,BOI019,513,513,5,l,l,l,X,_
513-5,BOI019,513,513,6,l,l,l,X,_
514-0,BOI019,514,514,1,la,la,il,DET,_
514-1,BOI019,514,514,2,letizia,letizia,Letizia,PROPN,_
514-2,BOI019,514,514,3,"mazzuccato,",mazzuccato,Mazzuccato,PROPN,Intonation=weakly_rising
514-3,BOI019,514,514,4,ecco,ecco,ecco,ADV,_
514-4,BOI019,514,514,5,l',l',il,DET,SpaceAfter=No
514-5,BOI019,514,514,6,architetto,architetto,architetto,NOUN,_
514-6,BOI019,514,514,7,che,che,che,PRON,_
514-7,BOI019,514,514,8,si,si,si,PRON,_
514-8,BOI019,514,514,9,chiamava,chiamava,chiamare,VERB,_
515-0,BOI019,515,515,1,eh,eh,eh,INTJ,_
515-1,BOI019,515,515,2,per,per,per,ADP,_
515-2,BOI019,515,515,3,la,la,il,DET,_
515-3,BOI019,515,515,4,costruzione,costruzione,costruzione,NOUN,_
516-0,BOI019,516,516,1,e,e,e,CCONJ,_
516-1,BOI019,516,516,2,anche,anche,anche,ADV,_
516-2,BOI019,516,516,3,lì,lì,lì,ADV,_
516-3,BOI019,516,516,4,furono,furono,essere,AUX,_
516-4,BOI019,516,516,5,coinvolte,coinvolte,coinvolgere,VERB,_
516-5,BOI019,516,516,6,tutte,tutte,tutto,DET,_
516-6,BOI019,516,516,7,le,le,il,DET,_
516-7,BOI019,516,516,8,scuole,scuole,scuola,NOUN,_
517-0,BOI019,517,517,1,f~,f~,f~,X,Interrupted=Yes
517-1,BOI019,517,517,2,furono,furono,essere,AUX,_
517-2,BOI019,517,517,3,coinvolte,coinvolte,coinvolgere,VERB,_
517-3,BOI019,517,517,4,le,le,il,DET,_
517-4,BOI019,517,517,5,scuole,scuole,scuola,NOUN,_
517-5,BOI019,517,517,6,e,e,e,CCONJ,_
517-6,BOI019,517,517,7,mi,mi,mi,PRON,_
517-7,BOI019,517,517,8,ricordo,ricordo,ricordare,VERB,_
517-8,BOI019,517,517,9,l',l',il,DET,SpaceAfter=No
517-9,BOI019,517,517,10,istituto,istituto,istituto,NOUN,_
517-10,BOI019,517,517,11,d',d',di,ADP,SpaceAfter=No
517-11,BOI019,517,517,12,arte,arte,arte,NOUN,_
518-0,BOI019,518,518,1,e::hm,ehm,ehm,INTJ,_
518-1,BOI019,518,518,2,per,per,per,ADP,_
518-2,BOI019,518,518,3,accompagnare,accompagnare,accompagnare,VERB,_
518-3,BOI019,518,518,4,la,la,il,DET,_
518-4,BOI019,518,518,5,costruzione,costruzione,costruzione,NOUN,_
518-5,BOI019,518,518,6-7,del,del,_,_,_
518-5a,_,_,518,6,_,di,di,ADP,_
518-5b,_,_,518,7,_,il,il,DET,_
518-6,BOI019,518,518,8,monumento,monumento,monumento,NOUN,_
518-7,BOI019,518,518,9,con,con,con,ADP,_
518-8,BOI019,518,518,10,quelle,quelle,quello,PRON,_
518-9,BOI019,518,518,11,{sospira},{sospira},_,_,_
519-0,BOI019,519,519,1,con,con,con,ADP,_
519-1,BOI019,519,519,2,quelle,quelle,quello,ADJ,_
519-2,BOI019,519,519,3,"pietre,",pietre,pietra,NOUN,Intonation=weakly_rising
520-0,BOI019,520,520,1,dove,dove,dove,ADV,_
520-1,BOI019,520,520,2,è,è,essere,AUX,_
520-2,BOI019,520,520,3,inciso,inciso,incidere,VERB,_
520-3,BOI019,520,520,4,il,il,il,DET,_
520-4,BOI019,520,520,5,nome,nome,nome,NOUN,_
520-5,BOI019,520,520,6-7,delle,delle,_,_,_
520-5a,_,_,520,6,_,di,di,ADP,_
520-5b,_,_,520,7,_,le,il,DET,_
520-6,BOI019,520,520,8,donne,donne,donna,NOUN,_
520-7,BOI019,520,520,9,partigiane,partigiane,partigiano,ADJ,_
521-0,BOI019,521,521,1,i,i,il,DET,_
521-1,BOI019,521,521,2,bambini,bambini,bambino,NOUN,_
521-2,BOI019,521,521,3,d',d',di,ADP,SpaceAfter=No
521-3,BOI019,521,521,4,elementari,elementari,elementare,NOUN,_
521-4,BOI019,521,521,5,per,per,per,ADP,_
521-5,BOI019,521,521,6,scrivere,scrivere,scrivere,VERB,_
521-6,BOI019,521,521,7,quel,quel,quello,ADJ,_
521-7,BOI019,521,521,8,nome,nome,nome,NOUN,_
521-8,BOI019,521,521,9,proprio,proprio,proprio,ADV,_
521-9,BOI019,521,521,10,con,con,con,ADP,_
521-10,BOI019,521,521,11,le,le,il,DET,_
521-11,BOI019,521,521,12,loro,loro,loro,ADJ,_
521-12,BOI019,521,521,13,>mani<,mani,mano,NOUN,_
522-0,BOI019,522,522,1,{sospira},{sospira},_,_,_
522-1,BOI019,522,522,2,il,il,il,DET,_
522-2,BOI019,522,522,3,concorso,concorso,concorso,NOUN,_
522-3,BOI019,522,522,4-5,della,della,_,_,_
522-3a,_,_,522,4,_,di,di,ADP,_
522-3b,_,_,522,5,_,la,il,DET,_
522-4,BOI019,522,522,6,poesia,poesia,poesia,NOUN,_
523-0,BOI019,523,523,1,ho,ho,avere,AUX,_
523-1,BOI019,523,523,2,fatto,fatto,fare,VERB,_
523-2,BOI019,523,523,3,una,una,uno,DET,_
523-3,BOI019,523,523,4,poesia,poesia,poesia,NOUN,_
524-0,BOI019,524,524,1,da::,da,da,ADP,_
524-1,BOI019,524,524,2,da::,da,da,ADP,_
524-2,BOI019,524,524,3,incidere,incidere,incidere,VERB,_
524-3,BOI019,524,524,4-5,sul,sul,_,_,_
524-3a,_,_,524,4,_,su,su,ADP,_
524-3b,_,_,524,5,_,il,il,DET,_
524-4,BOI019,524,524,6,monumento,monumento,monumento,NOUN,_
525-0,BOI019,525,525,1,dunque,dunque,dunque,ADV,_
525-1,BOI019,525,525,2,la::,la,il,DET,_
525-2,BOI019,525,525,3,poi,poi,poi,ADV,_
525-3,BOI019,525,525,4,è,è,essere,AUX,_
525-4,BOI019,525,525,5,stata,stata,essere,AUX,_
525-5,BOI019,525,525,6,dedicata,dedicata,dedicare,VERB,_
525-6,BOI019,525,525,7,una,una,uno,DET,_
525-7,BOI019,525,525,8,parte,parte,parte,NOUN,_
525-8,BOI019,525,525,9-10,della,della,_,_,_
525-8a,_,_,525,9,_,di,di,ADP,_
525-8b,_,_,525,10,_,la,il,DET,_
525-9,BOI019,525,525,11,biblioteca,biblioteca,biblioteca,NOUN,_
526-0,BOI019,526,526,1-2,alla::,alla,_,_,_
526-0a,_,_,526,1,_,a,a,ADP,_
526-0b,_,_,526,2,_,la,la,PRON,_
526-1,BOI019,526,526,3,a,a,a,ADP,_
526-2,BOI019,526,526,4,una,una,uno,DET,_
526-3,BOI019,526,526,5,partigiana,partigiana,partigiano,NOUN,_
526-4,BOI019,526,526,6,che,che,che,PRON,_
526-5,BOI019,526,526,7,ha,ha,avere,AUX,_
526-6,BOI019,526,526,8,voluto,voluto,volere,VERB,_
526-7,BOI019,526,526,9,questo,questo,questo,ADJ,_
526-8,BOI019,526,526,10,monumento,monumento,monumento,NOUN,_
527-0,BOI019,527,527,1,comunque,comunque,comunque,ADV,_
527-1,BOI019,527,527,2,letizia,letizia,Letizia,PROPN,_
527-2,BOI019,527,527,3,manzuccato,manzuccato,Manzuccato,PROPN,_
527-3,BOI019,527,527,4,è,è,essere,AUX,_
527-4,BOI019,527,527,5,stata,stata,essere,AUX,_
527-5,BOI019,527,527,6,l',l',il,DET,SpaceAfter=No
527-6,BOI019,527,527,7,architetto,architetto,architetto,NOUN,_
528-0,BOI019,528,528,1,e::h,eh,eh,INTJ,_
529-0,BOI019,529,529,1,sono,sono,essere,AUX,_
529-1,BOI019,529,529,2,non,non,non,ADV,_
529-2,BOI019,529,529,3,non,non,non,ADV,_
529-3,BOI019,529,529,4,mi,mi,mi,PRON,_
529-4,BOI019,529,529,5,sovviene,sovviene,sovvenire,VERB,_
529-5,BOI019,529,529,6,il,il,il,DET,_
529-6,BOI019,529,529,7,nome,nome,nome,NOUN,_
529-7,BOI019,529,529,8,del~,del~,del~,PROPN,Interrupted=Yes
529-8,BOI019,529,529,9-10,della,della,_,_,_
529-8a,_,_,529,9,_,di,di,ADP,_
529-8b,_,_,529,10,_,la,il,DET,_
529-9,BOI019,529,529,11,partigiana,partigiana,partigiano,NOUN,_
530-0,BOI019,530,530,1-2,Nella,nella,_,_,_
530-0a,_,_,530,1,_,in,in,ADP,_
530-0b,_,_,530,2,_,la,il,DET,_
530-1,BOI019,530,530,3,mi,mi,mi,PRON,_
530-2,BOI019,530,530,4,pare,pare,parere,VERB,_
530-3,BOI019,530,530,5,si,si,si,PRON,_
530-4,BOI019,530,530,6,chiamasse,chiamasse,chiamare,VERB,_
531-0,BOI019,531,531,1,comunque,comunque,comunque,ADV,_
531-1,BOI019,531,531,2,questo,questo,questo,PRON,_
531-2,BOI019,531,531,3,lo,lo,lo,PRON,_
531-3,BOI019,531,531,4,troviamo,troviamo,trovare,VERB,_
532-0,BOI019,532,532,1,il,il,il,DET,_
532-1,BOI019,532,532,2,[nome,nome,nome,NOUN,_
532-2,BOI019,532,532,3,lo,lo,lo,PRON,_
532-3,BOI019,532,532,4,trovia]mo,troviamo,trovare,VERB,_
533-0,BOR005,533,533,1,[sì:sì:],sìsì,sìsì,INTJ,_
534-0,BOR005,534,534,1,e,e,e,CCONJ,_
534-1,BOR005,534,534,2,lei,lei,lei,PRON,_
534-2,BOR005,534,534,3,ha,ha,avere,VERB,_
534-3,BOR005,534,534,4,qualche,qualche,qualche,ADJ,_
534-4,BOR005,534,534,5,ricordo,ricordo,ricordo,NOUN,_
534-5,BOR005,534,534,6-7,della,della,_,_,_
534-5a,_,_,534,6,_,di,di,ADP,_
534-5b,_,_,534,7,_,la,il,DET,_
534-6,BOR005,534,534,8,"guerra,",guerra,guerra,NOUN,Intonation=weakly_rising
534-7,BOR005,534,534,9,di,di,di,ADP,_
534-8,BOR005,534,534,10,qualcosa,qualcosa,qualcosa,PRON,_
534-9,BOR005,534,534,11,che,che,che,PRON,_
534-10,BOR005,534,534,12,ha,ha,avere,AUX,_
534-11,BOR005,534,534,13,vissuto,vissuto,vivere,VERB,_
534-12,BOR005,534,534,14,lei,lei,lei,PRON,_
534-13,BOR005,534,534,15,in,in,in,ADP,_
534-14,BOR005,534,534,16,prima,prima,primo,ADJ,_
534-15,BOR005,534,534,17,persona?,persona,persona,NOUN,Intonation=rising
535-0,BOI019,535,535,1,io,io,io,PRON,_
535-1,BOI019,535,535,2,io,io,io,PRON,_
535-2,BOI019,535,535,3,non,non,non,ADV,_
535-3,BOI019,535,535,4,abitavo,abitavo,abitare,VERB,_
535-4,BOI019,535,535,5,a,a,a,ADP,_
535-5,BOI019,535,535,6,bologna,bologna,Bologna,PROPN,_
535-6,BOI019,535,535,7,quin[di,quindi,quindi,ADV,_
535-7,BOI019,535,535,8,no]n,non,non,ADV,_
535-8,BOI019,535,535,9,t~,t~,t~,X,Interrupted=Yes
535-9,BOI019,535,535,10,non,non,non,ADV,_
535-10,BOI019,535,535,11,ti,ti,ti,PRON,_
535-11,BOI019,535,535,12,posso,posso,potere,AUX,_
535-12,BOI019,535,535,13,[par]lare,parlare,parlare,VERB,_
535-13,BOI019,535,535,14-15,dei,dei,_,_,_
535-13a,_,_,535,14,_,di,di,ADP,_
535-13b,_,_,535,15,_,i,il,DET,_
535-14,BOI019,535,535,16,ricordi,ricordi,ricordo,NOUN,_
535-15,BOI019,535,535,17-18,della,della,_,_,_
535-15a,_,_,535,17,_,di,di,ADP,_
535-15b,_,_,535,18,_,la,il,DET,_
535-16,BOI019,535,535,19,guerra,guerra,guerra,NOUN,_
535-17,BOI019,535,535,20,di,di,di,ADP,_
535-18,BOI019,535,535,21,bologna,bologna,Bologna,PROPN,_
536-0,BOR005,536,536,1,[mhmh],mhmh,mhmh,INTJ,_
537-0,BOR005,537,537,1,[mhmh],mhmh,mhmh,INTJ,_
538-0,BOI019,538,538,1,ma,ma,ma,CCONJ,_
538-1,BOI019,538,538,2,eh,eh,eh,INTJ,_
538-2,BOI019,538,538,3-4,dei,dei,_,_,_
538-2a,_,_,538,3,_,di,di,ADP,_
538-2b,_,_,538,4,_,i,il,DET,_
538-3,BOI019,538,538,5,ricordi,ricordi,ricordo,NOUN,_
538-4,BOI019,538,538,6-7,della,della,_,_,_
538-4a,_,_,538,6,_,di,di,ADP,_
538-4b,_,_,538,7,_,la,il,DET,_
538-5,BOI019,538,538,8,mia,mia,mio,ADJ,_
538-6,BOI019,538,538,9,guerra,guerra,guerra,NOUN,_
538-7,BOI019,538,538,10,sì,sì,sì,INTJ,_
538-8,BOI019,538,538,11,{ride},{ride},_,_,_
539-0,BOI019,539,539,1,io,io,io,PRON,_
539-1,BOI019,539,539,2,ero,ero,essere,AUX,_
539-2,BOI019,539,539,3,una,una,uno,DET,_
539-3,BOI019,539,539,4,bambina,bambina,bambino,NOUN,_
539-4,BOI019,539,539,5,che,che,che,PRON,_
539-5,BOI019,539,539,6,avevo:,avevo,avere,VERB,_
540-0,BOI019,540,540,1,avevo,avevo,avere,VERB,_
540-1,BOI019,540,540,2,dieci,dieci,dieci,NUM,_
540-2,BOI019,540,540,3,anni,anni,anno,NOUN,_
540-3,BOI019,540,540,4,quando::,quando,quando,SCONJ,_
541-0,BOI019,541,541,1,non,non,non,ADV,_
541-1,BOI019,541,541,2,ancora,ancora,ancora,ADV,_
541-2,BOI019,541,541,3,dieci,dieci,dieci,NUM,SpaceAfter=No
541-3,BOI019,541,541,4,anni,anni,anno,NOUN,_
541-4,BOI019,541,541,5,quando::,quando,quando,SCONJ,_
541-5,BOI019,541,541,6,c',c',ci,PRON,SpaceAfter=No
541-6,BOI019,541,541,7,è,è,essere,AUX,_
541-7,BOI019,541,541,8,stata,stata,essere,VERB,_
542-0,BOI019,542,542,1,il,il,il,DET,_
542-1,BOI019,542,542,2,discorso,discorso,discorso,NOUN,_
542-2,BOI019,542,542,3,il,il,il,DET,_
542-3,BOI019,542,542,4,dieci,dieci,dieci,NUM,_
542-4,BOI019,542,542,5,giugno,giugno,giugno,NOUN,_
542-5,BOI019,542,542,6-7,del,del,_,_,_
542-5a,_,_,542,6,_,di,di,ADP,_
542-5b,_,_,542,7,_,il,il,DET,_
542-6,BOI019,542,542,8,quaranta,quaranta,quaranta,NUM,_
543-0,BOR005,543,543,1,mh,mh,mh,INTJ,_
544-0,BOI019,544,544,1,me,me,me,PRON,_
544-1,BOI019,544,544,2,lo,lo,lo,PRON,_
544-2,BOI019,544,544,3,ricordo,ricordo,ricordare,VERB,_
544-3,BOI019,544,544,4,molto,molto,molto,ADV,_
544-4,BOI019,544,544,5,bene,bene,bene,ADV,_
545-0,BOI019,545,545,1,perché,perché,perché,SCONJ,_
545-1,BOI019,545,545,2-3,nel,nel,_,_,_
545-1a,_,_,545,2,_,in,in,ADP,_
545-1b,_,_,545,3,_,il,il,DET,_
545-2,BOI019,545,545,4,mio,mio,mio,ADJ,_
545-3,BOI019,545,545,5,paese,paese,paese,NOUN,_
546-0,BOI019,546,546,1,era,era,essere,AUX,_
546-1,BOI019,546,546,2,un,un,uno,DET,_
546-2,BOI019,546,546,3,paese,paese,paese,NOUN,_
546-3,BOI019,546,546,4,appunto,appunto,appunto,ADJ,_
546-4,BOI019,546,546,5,di,di,di,ADP,_
546-5,BOI019,546,546,6,Romagna,Romagna,Romagna,PROPN,_
546-6,BOI019,546,546,7,meldola,meldola,Meldola,PROPN,_
546-7,BOI019,546,546,8,forlì,forlì,Forlì,PROPN,_
547-0,BOI019,547,547,1,eh,eh,eh,INTJ,_
547-1,BOI019,547,547,2,furono,furono,essere,AUX,_
547-2,BOI019,547,547,3,mh::,mh,mh,INTJ,_
548-0,BOI019,548,548,1,instaurati,instaurati,instaurare,VERB,_
548-1,BOI019,548,548,2,diciamo,diciamo,dire,VERB,_
548-2,BOI019,548,548,3,se,se,se,SCONJ,_
548-3,BOI019,548,548,4,così,così,così,ADV,_
548-4,BOI019,548,548,5,si,si,si,PRON,_
548-5,BOI019,548,548,6,può,può,potere,AUX,_
548-6,BOI019,548,548,7,dire,dire,dire,VERB,_
548-7,BOI019,548,548,8,furono,furono,essere,AUX,_
548-8,BOI019,548,548,9,messi,messi,mettere,VERB,_
549-0,BOI019,549,549,1-2,degli,degli,_,_,_
549-0a,_,_,549,1,_,di,di,ADP,_
549-0b,_,_,549,2,_,gli,il,DET,_
549-1,BOI019,549,549,3,autoparlanti,autoparlanti,autoparlante,NOUN,_
549-2,BOI019,549,549,4-5,dalla,dalla,_,_,_
549-2a,_,_,549,4,_,da,da,ADP,_
549-2b,_,_,549,5,_,la,il,DET,_
549-3,BOI019,549,549,6,piazza,piazza,piazza,NOUN,_
550-0,BOI019,550,550,1,in,in,in,ADP,_
550-1,BOI019,550,550,2,maniera,maniera,maniera,NOUN,_
550-2,BOI019,550,550,3,si,si,si,PRON,_
550-3,BOI019,550,550,4,raggiungeva,raggiungeva,raggiungere,VERB,_
550-4,BOI019,550,550,5-6,col,col,_,_,_
550-4a,_,_,550,5,_,con,con,ADP,_
550-4b,_,_,550,6,_,il,il,DET,_
550-5,BOI019,550,550,7,discorso,discorso,discorso,NOUN,_
550-6,BOI019,550,550,8-9,del,del,_,_,_
550-6a,_,_,550,8,_,di,di,ADP,_
550-6b,_,_,550,9,_,il,il,DET,_
550-7,BOI019,550,550,10,duce,duce,duce,NOUN,_
551-0,BOI019,551,551,1,tutti,tutti,tutto,PRON,_
551-1,BOI019,551,551,2,tutto::,tutto,tutto,PRON,_
551-2,BOI019,551,551,3,tutto,tutto,tutto,PRON,_
551-3,BOI019,551,551,4,il,il,il,DET,_
551-4,BOI019,551,551,5,paese,paese,paese,NOUN,_
552-0,BOI019,552,552,1,e,e,e,CCONJ,_
552-1,BOI019,552,552,2,mi,mi,mi,PRON,_
552-2,BOI019,552,552,3,ricordo,ricordo,ricordare,VERB,_
552-3,BOI019,552,552,4,la,la,il,DET,_
552-4,BOI019,552,552,5,la,la,il,DET,_
552-5,BOI019,552,552,6,mia,mia,mio,ADJ,_
552-6,BOI019,552,552,7,era,era,essere,AUX,_
552-7,BOI019,552,552,8,la,la,il,DET,_
552-8,BOI019,552,552,9,prima,prima,primo,ADJ,_
552-9,BOI019,552,552,10,casa,casa,casa,NOUN,_
552-10,BOI019,552,552,11-12,del,del,_,_,_
552-10a,_,_,552,11,_,di,di,ADP,_
552-10b,_,_,552,12,_,il,il,DET,_
552-11,BOI019,552,552,13,paese,paese,paese,NOUN,_
553-0,BOI019,553,553,1,ehm:::,ehm,ehm,INTJ,_
554-0,BOI019,554,554,1,si,si,si,PRON,_
554-1,BOI019,554,554,2,sentiva,sentiva,sentire,VERB,_
554-2,BOI019,554,554,3,il,il,il,DET,_
554-3,BOI019,554,554,4,discorso,discorso,discorso,NOUN,_
554-4,BOI019,554,554,5-6,del,del,_,_,_
554-4a,_,_,554,5,_,di,di,ADP,_
554-4b,_,_,554,6,_,il,il,DET,_
554-5,BOI019,554,554,7,duce,duce,duce,NOUN,_
554-6,BOI019,554,554,8,"chiaro,",chiaro,chiaro,ADJ,Intonation=weakly_rising
554-7,BOI019,554,554,9,"bene,",bene,bene,ADJ,Intonation=weakly_rising
554-8,BOI019,554,554,10,forte,forte,forte,ADJ,_
555-0,BOI019,555,555,1,ehm:,ehm,ehm,INTJ,_
556-0,BOI019,556,556,1,lo,lo,il,PRON,_
556-1,BOI019,556,556,2,stavamo,stavamo,stare,AUX,_
556-2,BOI019,556,556,3,ascoltando,ascoltando,ascoltare,VERB,_
556-3,BOI019,556,556,4,io,io,io,PRON,_
556-4,BOI019,556,556,5,e,e,e,CCONJ,_
556-5,BOI019,556,556,6,mia,mia,mio,ADJ,_
556-6,BOI019,556,556,7,mamma,mamma,mamma,NOUN,_
557-0,BOI019,557,557,1,mia,mia,mio,ADJ,_
557-1,BOI019,557,557,2,mamma,mamma,mamma,NOUN,_
557-2,BOI019,557,557,3,stava,stava,stare,AUX,_
557-3,BOI019,557,557,4,"lavando,",lavando,lavare,VERB,Intonation=weakly_rising
558-0,BOI019,558,558,1,sotto:,sotto,sotto,ADV,_
559-0,BOI019,559,559,1,un,un,uno,DET,_
559-1,BOI019,559,559,2,albero,albero,albero,NOUN,_
559-2,BOI019,559,559,3,m:h,mh,mh,INTJ,_
560-0,BOI019,560,560,1-2,del,del,_,_,_
560-0a,_,_,560,1,_,di,di,ADP,_
560-0b,_,_,560,2,_,il,il,DET,_
560-1,BOI019,560,560,3,mio,mio,mio,ADJ,_
560-2,BOI019,560,560,4,m:h,mh,mh,INTJ,_
561-0,BOI019,561,561,1-2,del,del,_,_,_
561-0a,_,_,561,1,_,di,di,ADP,_
561-0b,_,_,561,2,_,il,il,DET,_
561-1,BOI019,561,561,3,mio,mio,mio,ADJ,_
561-2,BOI019,561,561,4,giardino,giardino,giardino,NOUN,_
562-0,BOI019,562,562,1,che,che,che,PRON,_
562-1,BOI019,562,562,2,era:,era,essere,AUX,_
563-0,BOI019,563,563,1,adesso,adesso,adesso,ADV,_
563-1,BOI019,563,563,2,non,non,non,ADV,_
563-2,BOI019,563,563,3,mi,mi,mi,PRON,_
563-3,BOI019,563,563,4,ricordo,ricordo,ricordare,VERB,_
564-0,BOI019,564,564,1,era,era,essere,AUX,_
564-1,BOI019,564,564,2,"lì,",lì,lì,ADV,Intonation=weakly_rising
564-2,BOI019,564,564,3,stava,stava,stare,AUX,_
564-3,BOI019,564,564,4,lavando,lavando,lavare,VERB,_
564-4,BOI019,564,564,5,in,in,in,ADP,_
564-5,BOI019,564,564,6,un,un,uno,DET,_
564-6,BOI019,564,564,7,mastello,mastello,mastello,NOUN,_
564-7,BOI019,564,564,8,di,di,di,ADP,_
564-8,BOI019,564,564,9,"legno,",legno,legno,NOUN,Intonation=weakly_rising
564-9,BOI019,564,564,10,stava,stava,stare,AUX,_
564-10,BOI019,564,564,11,lavando,lavando,lavare,VERB,_
564-11,BOI019,564,564,12,e,e,e,CCONJ,_
564-12,BOI019,564,564,13,<piangeva>,piangeva,piangere,VERB,_
565-0,BOI019,565,565,1,<piangeva>,piangeva,piangere,VERB,_
566-0,BOI019,566,566,1,io,io,io,PRON,_
566-1,BOI019,566,566,2,invece,invece,invece,ADV,_
566-2,BOI019,566,566,3,ero,ero,essere,AUX,_
566-3,BOI019,566,566,4,arrabbiata,arrabbiata,arrabbiare,VERB,_
566-4,BOI019,566,566,5,vedere,vedere,vedere,VERB,_
566-5,BOI019,566,566,6,mia,mia,mio,ADJ,_
566-6,BOI019,566,566,7,mamma,mamma,mamma,NOUN,_
566-7,BOI019,566,566,8,piangere,piangere,piangere,VERB,_
567-0,BOI019,567,567,1,perché,perché,perché,SCONJ,_
567-1,BOI019,567,567,2,io,io,io,PRON,_
567-2,BOI019,567,567,3,che,che,che,PRON,_
567-3,BOI019,567,567,4,venivo,venivo,venire,VERB,_
567-4,BOI019,567,567,5,da,da,da,ADP,_
568-0,BOI019,568,568,1-2,dalla,dalla,_,_,_
568-0a,_,_,568,1,_,da,da,ADP,_
568-0b,_,_,568,2,_,la,il,DET,_
568-1,BOI019,568,568,3,educazione,educazione,educazione,NOUN,_
568-2,BOI019,568,568,4,fascista,fascista,fascista,ADJ,_
568-3,BOI019,568,568,5,perché,perché,perché,SCONJ,_
569-0,BOI019,569,569,1,quando,quando,quando,SCONJ,_
570-0,BOI019,570,570,1,tu,tu,tu,PRON,_
570-1,BOI019,570,570,2,un,un,uno,DET,_
570-2,BOI019,570,570,3,bambino,bambino,bambino,NOUN,_
570-3,BOI019,570,570,4,subito,subito,subito,ADV,_
570-4,BOI019,570,570,5,incominci,incominci,incominciare,VERB,_
570-5,BOI019,570,570,6-7,alla,alla,_,_,_
570-5a,_,_,570,6,_,a,a,ADP,_
570-5b,_,_,570,7,_,la,il,DET,_
570-6,BOI019,570,570,8,mattina,mattina,mattina,NOUN,_
570-7,BOI019,570,570,9,presto,presto,presto,ADV,_
571-0,BOI019,571,571,1,quando,quando,quando,SCONJ,_
571-1,BOI019,571,571,2,entri,entri,entrare,VERB,_
571-2,BOI019,571,571,3,a,a,a,ADP,_
571-3,BOI019,571,571,4,scuola,scuola,scuola,NOUN,_
572-0,BOI019,572,572,1-2,col,col,_,_,_
572-0a,_,_,572,1,_,con,con,ADP,_
572-0b,_,_,572,2,_,il,il,DET,_
572-1,BOI019,572,572,3,saluto,saluto,saluto,NOUN,_
573-0,BOI019,573,573,1,con,con,con,ADP,_
573-1,BOI019,573,573,2,aeae,aeae,aeaa,NOUN,_
573-2,BOI019,573,573,3,alàlà,alàlà,alàlà,ADV,_
573-3,BOI019,573,573,4,{P},{P},_,_,_
573-4,BOI019,573,573,5,e,e,e,CCONJ,_
573-5,BOI019,573,573,6,poi,poi,poi,ADV,_
573-6,BOI019,573,573,7,tutto,tutto,tutto,DET,_
573-7,BOI019,573,573,8,il,il,il,DET,_
573-8,BOI019,573,573,9,resto,resto,resto,NOUN,_
573-9,BOI019,573,573,10,perché,perché,perché,SCONJ,_
574-0,BOI019,574,574,1,le,le,il,DET,_
574-1,BOI019,574,574,2,nostre,nostre,nostro,ADJ,_
574-2,BOI019,574,574,3,maestre,maestre,maestra,NOUN,_
574-3,BOI019,574,574,4,erano,erano,essere,AUX,_
574-4,BOI019,574,574,5,sempre,sempre,sempre,ADV,_
574-5,BOI019,574,574,6,vestite,vestite,vestire,VERB,_
575-0,BOI019,575,575,1,da,da,da,ADP,_
575-1,BOI019,575,575,2,da,da,da,ADP,_
575-2,BOI019,575,575,3,da,da,da,ADP,_
575-3,BOI019,575,575,4,fasciste,fasciste,fascista,NOUN,_
575-4,BOI019,575,575,5,sempre,sempre,sempre,ADV,_
575-5,BOI019,575,575,6,vestite,vestite,vestire,VERB,_
575-6,BOI019,575,575,7,eran,erano,essere,AUX,_
575-7,BOI019,575,575,8,tutte,tutte,tutto,DET,_
575-8,BOI019,575,575,9,figlie,figlie,figlio,NOUN,_
575-9,BOI019,575,575,10,di,di,di,ADP,_
576-0,BOI019,576,576,1,tutte,tutte,tutto,DET,_
576-1,BOI019,576,576,2,mogli,mogli,moglie,NOUN,_
576-2,BOI019,576,576,3,di,di,di,ADP,_
576-3,BOI019,576,576,4,possidenti,possidenti,possidente,NOUN,_
576-4,BOI019,576,576,5,terrieri,terrieri,terriero,ADJ,_
576-5,BOI019,576,576,6,mi,mi,mi,PRON,_
576-6,BOI019,576,576,7,ricordo,ricordo,ricordare,VERB,_
577-0,BOI019,577,577,1,non,non,non,ADV,_
577-1,BOI019,577,577,2,so,so,sapere,VERB,_
577-2,BOI019,577,577,3,che,che,che,SCONJ,_
577-3,BOI019,577,577,4,concorso,concorso,concorso,NOUN,_
577-4,BOI019,577,577,5,avevano,avevano,avere,VERB,_
577-5,BOI019,577,577,6,da,da,da,ADP,_
578-0,BOI019,578,578,1,concorsi,concorsi,concorso,NOUN,_
578-1,BOI019,578,578,2,non,non,non,ADV,_
578-2,BOI019,578,578,3,esistevano,esistevano,esistere,VERB,_
578-3,BOI019,578,578,4,senz',senz',senza,ADP,SpaceAfter=No
578-4,BOI019,578,578,5,altro,altro,altro,PRON,_
579-0,BOI019,579,579,1,e,e,e,CCONJ,_
579-1,BOI019,579,579,2,quindi,quindi,quindi,ADV,_
579-2,BOI019,579,579,3,noi,noi,noi,PRON,_
579-3,BOI019,579,579,4,avevamo,avevamo,avere,AUX,_
579-4,BOI019,579,579,5,avuto,avuto,avere,VERB,_
579-5,BOI019,579,579,6,proprio,proprio,proprio,ADV,_
580-0,BOI019,580,580,1,l',l',il,DET,SpaceAfter=No
580-1,BOI019,580,580,2,educazione,educazione,educazione,NOUN,_
580-2,BOI019,580,580,3,fascista,fascista,fascista,ADJ,_
580-3,BOI019,580,580,4,{P},{P},_,_,_
580-4,BOI019,580,580,5,in,in,in,ADP,_
580-5,BOI019,580,580,6,tutto,tutto,tutto,PRON,_
581-0,BOI019,581,581,1,in,in,in,ADP,_
581-1,BOI019,581,581,2,"tutto,",tutto,tutto,PRON,Intonation=weakly_rising
581-2,BOI019,581,581,3,già,già,già,ADV,_
581-3,BOI019,581,581,4,il,il,il,DET,_
581-4,BOI019,581,581,5,sabato,sabato,sabato,NOUN,_
582-0,BOI019,582,582,1,c',c',ci,PRON,SpaceAfter=No
582-1,BOI019,582,582,2,era,era,essere,VERB,_
582-2,BOI019,582,582,3,la,la,il,DET,_
582-3,BOI019,582,582,4,ginnastica,ginnastica,ginnastica,NOUN,_
582-4,BOI019,582,582,5,guai,guai,guai,INTJ,_
582-5,BOI019,582,582,6,a,a,a,ADP,_
582-6,BOI019,582,582,7,non,non,non,ADV,_
582-7,BOI019,582,582,8,andare,andare,andare,VERB,_
583-0,BOI019,583,583,1,e,e,e,CCONJ,_
583-1,BOI019,583,583,2,poi,poi,poi,ADV,_
583-2,BOI019,583,583,3,in,in,in,ADP,_
583-3,BOI019,583,583,4,tutto,tutto,tutto,PRON,_
584-0,BOI019,584,584,1,tutto,tutto,tutto,PRON,_
584-1,BOI019,584,584,2,tutto,tutto,tutto,PRON,_
584-2,BOI019,584,584,3,era,era,essere,AUX,_
584-3,BOI019,584,584,4,opera,opera,opera,NOUN,_
584-4,BOI019,584,584,5-6,del,del,_,_,_
584-4a,_,_,584,5,_,di,di,ADP,_
584-4b,_,_,584,6,_,il,il,DET,_
584-5,BOI019,584,584,7,nostro,nostro,nostro,ADJ,_
584-6,BOI019,584,584,8,duce,duce,duce,NOUN,_
584-7,BOI019,584,584,9,tutto,tutto,tutto,PRON,_
584-8,BOI019,584,584,10,era,era,essere,AUX,_
584-9,BOI019,584,584,11,opera,opera,opera,NOUN,_
585-0,BOI019,585,585,1,quindi,quindi,quindi,ADV,_
586-0,BOI019,586,586,1,la,la,il,DET,_
586-1,BOI019,586,586,2,guerra,guerra,guerra,NOUN,_
587-0,BOI019,587,587,1,per,per,per,ADP,_
587-1,BOI019,587,587,2,noi,noi,noi,PRON,_
587-2,BOI019,587,587,3,bambini,bambini,bambine,NOUN,_
587-3,BOI019,587,587,4,cosa,cosa,cosa,PRON,_
587-4,BOI019,587,587,5,voleva,voleva,volere,AUX,_
587-5,BOI019,587,587,6,dire,dire,dire,VERB,_
587-6,BOI019,587,587,7,voleva,voleva,volere,AUX,_
587-7,BOI019,587,587,8,dire,dire,dire,VERB,_
587-8,BOI019,587,587,9,diventare,diventare,diventare,VERB,_
587-9,BOI019,587,587,10,ancora,ancora,ancora,ADV,_
587-10,BOI019,587,587,11,più,più,più,ADV,_
587-11,BOI019,587,587,12,grandi,grandi,grande,ADJ,_
588-0,BOI019,588,588,1,avevamo,avevamo,avere,AUX,_
588-1,BOI019,588,588,2,già,già,già,ADV,_
588-2,BOI019,588,588,3,l',l',il,DET,SpaceAfter=No
588-3,BOI019,588,588,4,"africa,",africa,Africa,PROPN,Intonation=weakly_rising
588-4,BOI019,588,588,5,avevamo,avevamo,avere,VERB,_
588-5,BOI019,588,588,6,già,già,già,ADV,_
589-0,BOI019,589,589,1,eh,eh,eh,INTJ,_
589-1,BOI019,589,589,2,la,la,il,DET,_
589-2,BOI019,589,589,3,libia,libia,Libia,PROPN,_
589-3,BOI019,589,589,4,aveva~,avevamo,avere,VERB,Interrupted=Yes
590-0,BOI019,590,590,1,quindi,quindi,quindi,ADV,_
590-1,BOI019,590,590,2,voleva,voleva,volere,AUX,_
590-2,BOI019,590,590,3,dire,dire,dire,VERB,_
590-3,BOI019,590,590,4,diventare,diventare,diventare,VERB,_
590-4,BOI019,590,590,5,più,più,più,ADV,_
590-5,BOI019,590,590,6,grandi,grandi,grande,ADJ,_
591-0,BOI019,591,591,1,era,era,essere,AUX,_
591-1,BOI019,591,591,2,una,una,uno,DET,_
591-2,BOI019,591,591,3,cosa,cosa,cosa,NOUN,_
591-3,BOI019,591,591,4,grande,grande,grande,ADJ,_
591-4,BOI019,591,591,5,che,che,che,PRON,_
591-5,BOI019,591,591,6,faceva,faceva,fare,VERB,_
591-6,BOI019,591,591,7,il,il,il,DET,_
591-7,BOI019,591,591,8,nostro,nostro,nostro,ADJ,_
591-8,BOI019,591,591,9,duce,duce,duce,NOUN,_
592-0,BOI019,592,592,1,e,e,e,CCONJ,_
592-1,BOI019,592,592,2,mia,mia,mio,ADJ,_
592-2,BOI019,592,592,3,mamma,mamma,mamma,NOUN,_
592-3,BOI019,592,592,4,invece,invece,invece,ADV,_
592-4,BOI019,592,592,5,che,che,che,SCONJ,_
592-5,BOI019,592,592,6,piangeva,piangeva,piangere,VERB,_
593-0,BOI019,593,593,1,perché,perché,perché,SCONJ,_
593-1,BOI019,593,593,2,diceva,diceva,dire,VERB,_
593-2,BOI019,593,593,3,voi,voi,voi,PRON,_
593-3,BOI019,593,593,4,non,non,non,ADV,_
593-4,BOI019,593,593,5,sapete,sapete,sapere,VERB,_
593-5,BOI019,593,593,6,cosa,cosa,cosa,PRON,_
593-6,BOI019,593,593,7,vuol,vuol,volere,AUX,_
593-7,BOI019,593,593,8,dire,dire,dire,VERB,_
594-0,BOI019,594,594,1,forse,forse,forse,ADV,_
594-1,BOI019,594,594,2,perché,perché,perché,SCONJ,_
594-2,BOI019,594,594,3,lei,lei,lei,PRON,_
594-3,BOI019,594,594,4,aveva,aveva,avere,AUX,_
594-4,BOI019,594,594,5,avuto,avuto,avere,VERB,_
595-0,BOI019,595,595,1-2,degli,degli,_,_,_
595-0a,_,_,595,1,_,di,di,ADP,_
595-0b,_,_,595,2,_,gli,il,DET,_
595-1,BOI019,595,595,3,zii,zii,zio,NOUN,_
595-2,BOI019,595,595,4,aveva,aveva,avere,AUX,_
595-3,BOI019,595,595,5,avuto,avuto,avere,VERB,_
595-4,BOI019,595,595,6-7,dei,dei,_,_,_
595-4a,_,_,595,6,_,di,di,ADP,_
595-4b,_,_,595,7,_,i,il,DET,_
595-5,BOI019,595,595,8,parenti,parenti,parente,NOUN,_
595-6,BOI019,595,595,9,<morti>,morti,morire,VERB,_
596-0,BOI019,596,596,1-2,nella,nella,_,_,_
596-0a,_,_,596,1,_,in,in,ADP,_
596-0b,_,_,596,2,_,la,il,DET,_
596-1,BOI019,596,596,3,prima,prima,primo,ADJ,_
596-2,BOI019,596,596,4,guerra,guerra,guerra,NOUN,_
596-3,BOI019,596,596,5,mondiale,mondiale,mondiale,ADJ,_
597-0,BOI019,597,597,1,e::,e,e,CCONJ,_
597-1,BOI019,597,597,2,so,so,sapere,VERB,_
597-2,BOI019,597,597,3,che::,che,che,SCONJ,_
598-0,BOI019,598,598,1,quando,quando,quando,SCONJ,_
598-1,BOI019,598,598,2,ci,ci,ci,PRON,_
598-2,BOI019,598,598,3,fu,fu,essere,VERB,_
598-3,BOI019,598,598,4,questo,questo,questo,ADJ,_
598-4,BOI019,598,598,5,discorso,discorso,discorso,NOUN,_
598-5,BOI019,598,598,6-7,del,del,_,_,_
598-5a,_,_,598,6,_,di,di,ADP,_
598-5b,_,_,598,7,_,il,il,DET,_
598-6,BOI019,598,598,8,duce,duce,duce,NOUN,_
599-0,BOI019,599,599,1,che::,che,che,SCONJ,_
599-1,BOI019,599,599,2,i,i,il,DET,_
599-2,BOI019,599,599,3,miei,miei,mio,PRON,_
599-3,BOI019,599,599,4,avevano,avevano,avere,VERB,_
599-4,BOI019,599,599,5,avevano,avevano,avere,VERB,_
599-5,BOI019,599,599,6,la,la,il,DET,_
599-6,BOI019,599,599,7,falegnameria,falegnameria,falegnameria,NOUN,_
599-7,BOI019,599,599,8,aperta,aperta,aperto,ADJ,_
600-0,BOI019,600,600,1,tirarono,tirarono,tirare,VERB,_
600-1,BOI019,600,600,2,giù,giù,giù,ADV,_
600-2,BOI019,600,600,3,tutte,tutte,tutto,DET,_
600-3,BOI019,600,600,4,le,le,il,DET,_
600-4,BOI019,600,600,5,serrande,serrande,serranda,NOUN,_
600-5,BOI019,600,600,6,non,non,non,ADV,_
600-6,BOI019,600,600,7,so,so,sapere,VERB,_
601-0,BOI019,601,601,1,se,se,se,SCONJ,_
601-1,BOI019,601,601,2,era,era,essere,AUX,_
601-2,BOI019,601,601,3,in,in,in,ADP,_
601-3,BOI019,601,601,4,segno,segno,segno,NOUN,_
602-0,BOI019,602,602,1,di,di,di,ADP,_
602-1,BOI019,602,602,2,ascolto,ascolto,ascolto,NOUN,_
603-0,BOI019,603,603,1,o,o,o,CCONJ,_
603-1,BOI019,603,603,2,di,di,di,ADP,_
603-2,BOI019,603,603,3,chiusura,chiusura,chiusura,NOUN,_
604-0,BOI019,604,604,1,questo,questo,questo,PRON,_
604-1,BOI019,604,604,2,non,non,non,ADV,_
604-2,BOI019,604,604,3,lo,lo,lo,PRON,_
604-3,BOI019,604,604,4,so,so,sapere,VERB,_
605-0,BOI019,605,605,1,so,so,sapere,VERB,_
605-1,BOI019,605,605,2,soltanto,soltanto,soltanto,ADV,_
605-2,BOI019,605,605,3,che,che,che,SCONJ,_
605-3,BOI019,605,605,4,si,si,si,PRON,_
605-4,BOI019,605,605,5,sentiva,sentiva,sentire,VERB,_
606-0,BOI019,606,606,1,questo,questo,questo,ADJ,_
606-1,BOI019,606,606,2,discorso,discorso,discorso,NOUN,_
607-0,BOI019,607,607,1-2,del,del,_,_,_
607-0a,_,_,607,1,_,di,di,ADP,_
607-0b,_,_,607,2,_,il,il,DET,_
607-1,BOI019,607,607,3,duce,duce,duce,NOUN,_
607-2,BOI019,607,607,4,e,e,e,CCONJ,_
607-3,BOI019,607,607,5,tutta,tutta,tutto,DET,_
607-4,BOI019,607,607,6,questa,questa,questo,ADJ,_
607-5,BOI019,607,607,7,gente,gente,gente,NOUN,_
607-6,BOI019,607,607,8,che,che,che,PRON,_
607-7,BOI019,607,607,9,applaudiva,applaudiva,applaudire,VERB,_
608-0,BOI019,608,608,1,questa,questa,questo,DET,_
608-1,BOI019,608,608,2,e::h,eh,eh,INTJ,_
608-2,BOI019,608,608,3,{P},{P},_,_,_
608-3,BOI019,608,608,4,questa,questa,questo,PRON,_
608-4,BOI019,608,608,5,è,è,essere,AUX,_
608-5,BOI019,608,608,6,stata,stata,essere,VERB,_
608-6,BOI019,608,608,7,l',l',il,DET,SpaceAfter=No
608-7,BOI019,608,608,8,inizio,inizio,inizio,NOUN,_
608-8,BOI019,608,608,9-10,della,della,_,_,_
608-8a,_,_,608,9,_,di,di,ADP,_
608-8b,_,_,608,10,_,la,il,DET,_
608-9,BOI019,608,608,11,guerra,guerra,guerra,NOUN,_
609-0,BOI019,609,609,1,dieci,dieci,dieci,NUM,_
609-1,BOI019,609,609,2,giugno,giugno,giugno,NOUN,_
609-2,BOI019,609,609,3,millenovecentoquaranta,millenovecentoquaranta,millenovecentoquaranta,NUM,_
610-0,BOI019,610,610,1,me,me,me,PRON,_
610-1,BOI019,610,610,2,lo,lo,lo,PRON,_
610-2,BOI019,610,610,3,ricordo,ricordo,ricordare,VERB,_
610-3,BOI019,610,610,4,molto,molto,molto,ADV,_
610-4,BOI019,610,610,5,bene,bene,bene,ADV,_
611-0,BOI019,611,611,1,poi,poi,poi,ADV,_
611-1,BOI019,611,611,2,arrivano,arrivano,arrivare,VERB,_
611-2,BOI019,611,611,3,i,i,il,DET,_
611-3,BOI019,611,611,4,bombardamenti,bombardamenti,bombardamento,NOUN,_
612-0,BOI019,612,612,1,poi,poi,poi,ADV,_
612-1,BOI019,612,612,2,poi,poi,poi,ADV,_
612-2,BOI019,612,612,3,arriva,arriva,arrivare,VERB,_
612-3,BOI019,612,612,4,il,il,il,DET,_
612-4,BOI019,612,612,5,quarantatre,quarantatre,quarantatre,NUM,_
613-0,BOI019,613,613,1,arriva,arriva,arrivare,VERB,_
614-0,BOI019,614,614,1,arriva,arriva,arrivare,VERB,_
614-1,BOI019,614,614,2,arriva,arriva,arrivare,VERB,_
614-2,BOI019,614,614,3,il,il,il,DET,_
614-3,BOI019,614,614,4,quarantatre,quarantatre,quarantatre,NUM,_
615-0,BOI019,615,615,1,arriva,arriva,arrivare,VERB,_
615-1,BOI019,615,615,2,l',l',il,DET,SpaceAfter=No
615-2,BOI019,615,615,3,"invasione,",invasione,invasione,NOUN,Intonation=weakly_rising
615-3,BOI019,615,615,4,l',l',il,DET,SpaceAfter=No
615-4,BOI019,615,615,5,invasione,invasione,invasione,NOUN,_
615-5,BOI019,615,615,6,tedesca,tedesca,tedesco,ADJ,_
616-0,BOI019,616,616,1,io,io,io,PRON,_
616-1,BOI019,616,616,2,me,me,me,PRON,_
616-2,BOI019,616,616,3,le,le,il,DET,_
616-3,BOI019,616,616,4,ricordo,ricordo,ricordo,NOUN,_
617-0,BOI019,617,617,1,subito,subito,subito,ADV,_
617-1,BOI019,617,617,2,dopo,dopo,dopo,ADP,_
617-2,BOI019,617,617,3,l',l',il,DET,SpaceAfter=No
617-3,BOI019,617,617,4,otto,otto,otto,NUM,_
617-4,BOI019,617,617,5,settembre,settembre,settembre,NOUN,_
618-0,BOI019,618,618,1,mi,mi,mi,PRON,_
618-1,BOI019,618,618,2,ricordo,ricordo,ricordare,VERB,_
618-2,BOI019,618,618,3,sarà,sarà,essere,AUX,_
618-3,BOI019,618,618,4,stato,stato,essere,VERB,_
618-4,BOI019,618,618,5,il,il,il,DET,_
618-5,BOI019,618,618,6,dieci,dieci,dieci,NUM,_
618-6,BOI019,618,618,7,il,il,il,DET,_
618-7,BOI019,618,618,8,nove,nove,nove,NUM,_
618-8,BOI019,618,618,9,il,il,il,DET,_
618-9,BOI019,618,618,10,dieci,dieci,dieci,NUM,_
619-0,BOI019,619,619,1,arrivarono,arrivarono,arrivare,VERB,_
619-1,BOI019,619,619,2,i,i,il,DET,_
619-2,BOI019,619,619,3,carrarmati,carrarmati,carrarmato,NOUN,_
620-0,BOI019,620,620,1,e,e,e,CCONJ,_
620-1,BOI019,620,620,2,questi,questi,questo,ADJ,_
620-2,BOI019,620,620,3,carrar~,carrarmati,carrarmato,NOUN,Interrupted=Yes
620-3,BOI019,620,620,4,davanti,davanti,davanti,ADV,_
620-4,BOI019,620,620,5,c',c',ci,PRON,SpaceAfter=No
620-5,BOI019,620,620,6,era,era,essere,VERB,_
621-0,BOI019,621,621,1,un::,un,uno,DET,_
621-1,BOI019,621,621,2,m:::h,mh,mh,INTJ,_
621-2,BOI019,621,621,3,eh,eh,eh,INTJ,_
621-3,BOI019,621,621,4,il,il,il,DET,_
621-4,BOI019,621,621,5,l,l,l,X,_
622-0,BOI019,622,622,1,i::,i,il,DET,_
622-1,BOI019,622,622,2,i,i,il,DET,_
622-2,BOI019,622,622,3,motocicletta,motocicletta,motocicletta,NOUN,_
623-0,BOI019,623,623,1-2,coi,coi,_,_,_
623-0a,_,_,623,1,_,con,con,ADP,_
623-0b,_,_,623,2,_,i,il,DET,_
623-1,BOI019,623,623,3,mitra,mitra,mitra,NOUN,_
624-0,BOI019,624,624,1,e::h,eh,eh,INTJ,_
625-0,BOI019,625,625,1,il,il,il,DET,_
625-1,BOI019,625,625,2,comandante,comandante,comandante,NOUN,_
625-2,BOI019,625,625,3,forse,forse,forse,ADV,_
626-0,BOI019,626,626,1,proprio,proprio,proprio,ADV,_
626-1,BOI019,626,626,2,immediatamente,immediatamente,immediatamente,ADV,_
626-2,BOI019,626,626,3,davanti,davanti,davanti,ADV,_
626-3,BOI019,626,626,4-5,al,al,_,_,_
626-3a,_,_,626,4,_,a,a,ADP,_
626-3b,_,_,626,5,_,il,il,DET,_
626-4,BOI019,626,626,6,carrarmato,carrarmato,carrarmato,NOUN,_
627-0,BOI019,627,627,1-2,nella,nella,_,_,_
627-0a,_,_,627,1,_,in,in,ADP,_
627-0b,_,_,627,2,_,la,il,DET,_
627-1,BOI019,627,627,3,motocicletta,motocicletta,motocicletta,NOUN,_
627-2,BOI019,627,627,4,{P},{P},_,_,_
627-3,BOI019,627,627,5,con,con,con,ADP,_
628-0,BOI019,628,628,1-2,col,col,_,_,_
628-0a,_,_,628,1,_,con,con,ADP,_
628-0b,_,_,628,2,_,il,il,DET,_
628-1,BOI019,628,628,3,seggiolino,seggiolino,seggiolino,NOUN,_
628-2,BOI019,628,628,4,lì,lì,lì,ADV,_
628-3,BOI019,628,628,5,come,come,come,SCONJ,_
628-4,BOI019,628,628,6,si,si,si,PRON,_
628-5,BOI019,628,628,7,chiama,chiama,chiamare,VERB,_
628-6,BOI019,628,628,8,il:,il,il,DET,_
629-0,BOR005,629,629,1,il,il,il,DET,_
629-1,BOR005,629,629,2,sidecar?,sidecar,sidecar,NOUN,Intonation=rising
630-0,BOI019,630,630,1,quindi,quindi,quindi,ADV,_
630-1,BOI019,630,630,2,c',c',ci,PRON,SpaceAfter=No
630-2,BOI019,630,630,3,era,era,essere,VERB,_
630-3,BOI019,630,630,4,colui,colui,colui,PRON,_
630-4,BOI019,630,630,5,che,che,che,PRON,_
630-5,BOI019,630,630,6,guidava,guidava,guidare,VERB,_
630-6,BOI019,630,630,7,e,e,e,CCONJ,_
630-7,BOI019,630,630,8,colui,colui,colui,PRON,_
630-8,BOI019,630,630,9,che,che,che,PRON,_
630-9,BOI019,630,630,10,comandava,comandava,comandare,VERB,_
630-10,BOI019,630,630,11,che,che,che,SCONJ,_
630-11,BOI019,630,630,12,avevano,avevano,avere,VERB,_
630-12,BOI019,630,630,13,già,già,già,ADV,_
630-13,BOI019,630,630,14,il,il,il,DET,_
630-14,BOI019,630,630,15,mitra,mitra,mitra,NOUN,_
631-0,BOI019,631,631,1,poi,poi,poi,ADV,_
631-1,BOI019,631,631,2,subito,subito,subito,ADV,_
631-2,BOI019,631,631,3,dietro,dietro,dietro,ADV,_
631-3,BOI019,631,631,4,i,i,il,DET,_
631-4,BOI019,631,631,5,carrarmati,carrarmati,carrarmato,NOUN,_
632-0,BOI019,632,632,1,questi,questi,questo,ADJ,_
632-1,BOI019,632,632,2,carrarmati,carrarmati,carrarmato,NOUN,_
632-2,BOI019,632,632,3,che,che,che,PRON,_
632-3,BOI019,632,632,4,spianavano,spianavano,spianare,VERB,_
632-4,BOI019,632,632,5,proprio,proprio,proprio,ADV,_
632-5,BOI019,632,632,6,la,la,il,DET,_
632-6,BOI019,632,632,7,strada,strada,strada,NOUN,_
632-7,BOI019,632,632,8,spianavano,spianavano,spianare,VERB,_
633-0,BOI019,633,633,1-2,al,al,_,_,_
633-0a,_,_,633,1,_,a,a,ADP,_
633-0b,_,_,633,2,_,il,il,DET,_
633-1,BOI019,633,633,3,punto,punto,punto,NOUN,_
633-2,BOI019,633,633,4,che,che,che,SCONJ,_
634-0,BOI019,634,634,1,la,la,il,DET,_
634-1,BOI019,634,634,2,nostra,nostra,nostro,ADJ,_
634-2,BOI019,634,634,3,rete,rete,rete,NOUN,_
634-3,BOI019,634,634,4,metallica,metallica,metallico,ADJ,_
634-4,BOI019,634,634,5,che,che,che,PRON,_
634-5,BOI019,634,634,6,dava,dava,dare,VERB,_
634-6,BOI019,634,634,7-8,sulla,sulla,_,_,_
634-6a,_,_,634,7,_,su,su,ADP,_
634-6b,_,_,634,8,_,la,il,DET,_
634-7,BOI019,634,634,9,strada,strada,strada,NOUN,_
635-0,BOI019,635,635,1,diventò,diventò,diventare,VERB,_
635-1,BOI019,635,635,2,tutta,tutta,tutto,DET,_
635-2,BOI019,635,635,3,spianata,spianata,spianata,ADJ,_
635-3,BOI019,635,635,4,{ride},{ride},_,_,_
635-4,BOI019,635,635,5,insomma,insomma,insomma,ADV,_
636-0,BOI019,636,636,1,eh,eh,eh,INTJ,_
637-0,BOI019,637,637,1,tutto,tutto,tutto,DET,_
637-1,BOI019,637,637,2,occupato,occupato,occupare,VERB,_
637-2,BOI019,637,637,3,tutto,tutto,tutto,PRON,_
637-3,BOI019,637,637,4,occupato,occupato,occupare,ADJ,_
637-4,BOI019,637,637,5,{P},{P},_,_,_
637-5,BOI019,637,637,6,tutto,tutto,tutto,PRON,_
637-6,BOI019,637,637,7,occupato,occupato,occupare,VERB,_
638-0,BOI019,638,638,1,mi,mi,mi,PRON,_
638-1,BOI019,638,638,2,ricordo,ricordo,ricordare,VERB,_
638-2,BOI019,638,638,3,la,la,il,DET,_
638-3,BOI019,638,638,4,mia,mia,mio,ADJ,_
638-4,BOI019,638,638,5,casa,casa,casa,NOUN,_
638-5,BOI019,638,638,6,davanti,davanti,davanti,ADV,_
639-0,BOI019,639,639,1,quella,quella,quello,PRON,_
639-1,BOI019,639,639,2,che,che,che,PRON,_
639-2,BOI019,639,639,3,era,era,essere,AUX,_
639-3,BOI019,639,639,4,una,una,uno,DET,_
639-4,BOI019,639,639,5,volta,volta,volta,NOUN,_
639-5,BOI019,639,639,6,la,la,il,DET,_
639-6,BOI019,639,639,7,stazione,stazione,stazione,NOUN,_
639-7,BOI019,639,639,8,ferroviaria,ferroviaria,ferroviario,ADJ,_
639-8,BOI019,639,639,9,era,era,essere,AUX,_
639-9,BOI019,639,639,10,diventato,diventato,diventare,VERB,_
639-10,BOI019,639,639,11,un,un,uno,DET,_
639-11,BOI019,639,639,12,consorzio,consorzio,consorzio,NOUN,_
639-12,BOI019,639,639,13,agrario,agrario,agrario,ADJ,_
640-0,BOI019,640,640,1,occupata,occupata,occupare,VERB,_
640-1,BOI019,640,640,2-3,dai,dai,_,_,_
640-1a,_,_,640,2,_,da,da,ADP,_
640-1b,_,_,640,3,_,i,il,DET,_
640-2,BOI019,640,640,4,tedeschi,tedeschi,tedesco,NOUN,_
641-0,BOI019,641,641,1,e,e,e,CCONJ,_
641-1,BOI019,641,641,2,presero,presero,prendere,VERB,_
641-2,BOI019,641,641,3,tutto,tutto,tutto,DET,_
641-3,BOI019,641,641,4,il,il,il,DET,_
641-4,BOI019,641,641,5,grano,grano,grano,NOUN,_
641-5,BOI019,641,641,6,che,che,che,PRON,_
641-6,BOI019,641,641,7,c',c',ci,PRON,SpaceAfter=No
641-7,BOI019,641,641,8,era,era,essere,VERB,_
641-8,BOI019,641,641,9,dentro,dentro,dentro,ADV,_
642-0,BOI019,642,642,1,e,e,e,CCONJ,_
642-1,BOI019,642,642,2,poi,poi,poi,ADV,_
642-2,BOI019,642,642,3,cominciarono,cominciarono,cominciare,VERB,_
642-3,BOI019,642,642,4,i,i,il,DET,_
642-4,BOI019,642,642,5,rastrellamenti,rastrellamenti,rastrellamento,NOUN,_
643-0,BOI019,643,643,1,a,a,a,ADP,_
643-1,BOI019,643,643,2,mio,mio,mio,ADJ,_
643-2,BOI019,643,643,3,padre,padre,padre,NOUN,_
643-3,BOI019,643,643,4,fu,fu,essere,AUX,_
643-4,BOI019,643,643,5,lasciato,lasciato,lasciare,VERB,_
643-5,BOI019,643,643,6,un::,un,uno,DET,_
643-6,BOI019,643,643,7,un::,un,uno,DET,_
644-0,BOI019,644,644,1,un::,un,uno,DET,_
645-0,BOI019,645,645,1,un,un,uno,PRON,_
645-1,BOI019,645,645,2,lasciapassare,lasciapassare,lasciapassare,NOUN,_
645-2,BOI019,645,645,3,"passare,","passare,","passare,",VERB,Intonation=weakly_rising
645-3,BOI019,645,645,4,un,un,uno,DET,_
645-4,BOI019,645,645,5,nullaosta,nullaosta,nullaosta,NOUN,_
645-5,BOI019,645,645,6,osta,osta,osta,VERB,_
645-6,BOI019,645,645,7,di,di,di,ADP,_
646-0,BOI019,646,646,1,di,di,di,ADP,_
646-1,BOI019,646,646,2,di::,di,di,ADP,_
646-2,BOI019,646,646,3,m:h,mh,mh,INTJ,_
647-0,BOI019,647,647,1,di,di,di,ADP,_
647-1,BOI019,647,647,2,di,di,di,ADP,_
647-2,BOI019,647,647,3,di,di,di,ADP,_
647-3,BOI019,647,647,4,di,di,di,ADP,_
647-4,BOI019,647,647,5,di,di,di,ADP,_
648-0,BOI019,648,648,1,di,di,di,ADP,_
648-1,BOI019,648,648,2,di,di,di,ADP,_
648-2,BOI019,648,648,3,di,di,di,ADP,_
648-3,BOI019,648,648,4,non,non,non,ADV,_
648-4,BOI019,648,648,5,allontanamento,allontanamento,allontanamento,NOUN,_
649-0,BOI019,649,649,1,perché,perché,perché,SCONJ,_
650-0,BOI019,650,650,1,utilizzavano,utilizzavano,utilizzare,VERB,_
651-0,BOI019,651,651,1,anche,anche,anche,ADV,_
651-1,BOI019,651,651,2,il,il,il,DET,_
651-2,BOI019,651,651,3,suo,suo,suo,ADJ,_
651-3,BOI019,651,651,4,lavoro,lavoro,lavoro,NOUN,_
652-0,BOI019,652,652,1,per,per,per,ADP,_
652-1,BOI019,652,652,2,sistemare,sistemare,sistemare,VERB,_
653-0,BOI019,653,653,1,carri,carri,carro,NOUN,_
653-1,BOI019,653,653,2,per,per,per,ADP,_
653-2,BOI019,653,653,3,sistemare,sistemare,sistemare,VERB,_
653-3,BOI019,653,653,4,robe,robe,roba,NOUN,_
653-4,BOI019,653,653,5-6,del,del,_,_,_
653-4a,_,_,653,5,_,di,di,ADP,_
653-4b,_,_,653,6,_,il,il,DET,_
653-5,BOI019,653,653,7,genere,genere,genere,NOUN,_
654-0,BOI019,654,654,1,perchè,perchè,perchè,SCONJ,_
654-1,BOI019,654,654,2-3,nella,nella,_,_,_
654-1a,_,_,654,2,_,in,in,ADP,_
654-1b,_,_,654,3,_,la,il,DET,_
654-2,BOI019,654,654,4,seconda,seconda,secondo,ADJ,_
654-3,BOI019,654,654,5,parte,parte,parte,NOUN,_
654-4,BOI019,654,654,6-7,della,della,_,_,_
654-4a,_,_,654,6,_,di,di,ADP,_
654-4b,_,_,654,7,_,la,il,DET,_
654-5,BOI019,654,654,8,"guerra,",guerra,guerra,NOUN,Intonation=weakly_rising
654-6,BOI019,654,654,9,più,più,più,ADV,_
654-7,BOI019,654,654,10,avanti,avanti,avanti,ADV,_
655-0,BOI019,655,655,1,abbiamo,abbiamo,avere,AUX,_
655-1,BOI019,655,655,2,visto,visto,vedere,VERB,_
655-2,BOI019,655,655,3,anche,anche,anche,ADV,_
655-3,BOI019,655,655,4,che,che,che,SCONJ,_
655-4,BOI019,655,655,5,utilizzavano,utilizzavano,utilizzare,VERB,_
655-5,BOI019,655,655,6,cavalli,cavalli,cavallo,NOUN,_
656-0,BOI019,656,656,1,anche,anche,anche,ADV,_
656-1,BOI019,656,656,2,io,io,io,PRON,_
656-2,BOI019,656,656,3,li,li,li,PRON,_
656-3,BOI019,656,656,4,ho,ho,avere,AUX,_
656-4,BOI019,656,656,5,visti,visti,vedere,VERB,_
656-5,BOI019,656,656,6,perfino,perfino,perfino,ADV,_
656-6,BOI019,656,656,7,con,con,con,ADP,_
656-7,BOI019,656,656,8,le,le,il,DET,_
656-8,BOI019,656,656,9,bestie,bestie,bestia,NOUN,_
657-0,BOI019,657,657,1,che,che,che,PRON,_
657-1,BOI019,657,657,2,portavano,portavano,portare,VERB,_
657-2,BOI019,657,657,3,{P},{P},_,_,_
657-3,BOI019,657,657,4-5,coi,coi,_,_,_
657-3a,_,_,657,4,_,con,con,ADP,_
657-3b,_,_,657,5,_,i,il,DET,_
657-4,BOI019,657,657,6,carri,carri,carro,NOUN,_
658-0,BOI019,658,658,1,portavano,portavano,portare,VERB,_
658-1,BOI019,658,658,2,i,i,il,DET,_
658-2,BOI019,658,658,3,feriti,feriti,ferire,VERB,_
659-0,BOI019,659,659,1,vicino,vicino,vicino,ADV,_
659-1,BOI019,659,659,2-3,alla,alla,_,_,_
659-1a,_,_,659,2,_,a,a,ADP,_
659-1b,_,_,659,3,_,la,il,DET,_
659-2,BOI019,659,659,4,mia,mia,mio,ADJ,_
659-3,BOI019,659,659,5,casa,casa,casa,NOUN,_
659-4,BOI019,659,659,6,proprio,proprio,proprio,ADV,_
659-5,BOI019,659,659,7,in,in,in,ADP,_
659-6,BOI019,659,659,8,confine,confine,confine,NOUN,_
659-7,BOI019,659,659,9,con,con,con,ADP,_
659-8,BOI019,659,659,10,la,la,il,DET,_
659-9,BOI019,659,659,11,mia,mia,mio,ADJ,_
659-10,BOI019,659,659,12,casa,casa,casa,NOUN,_
660-0,BOI019,660,660,1,dove,dove,dove,ADV,_
660-1,BOI019,660,660,2,c',c',ci,PRON,SpaceAfter=No
660-2,BOI019,660,660,3,era,era,essere,VERB,_
660-3,BOI019,660,660,4,una,una,uno,DET,_
660-4,BOI019,660,660,5,villetta,villetta,villetta,NOUN,_
661-0,BOI019,661,661,1,e,e,e,CCONJ,_
661-1,BOI019,661,661,2,questa,questa,questo,ADJ,_
661-2,BOI019,661,661,3,villetta,villetta,villetta,NOUN,_
661-3,BOI019,661,661,4,era,era,essere,AUX,_
661-4,BOI019,661,661,5,stata,stata,essere,AUX,_
661-5,BOI019,661,661,6,adibita,adibita,adibire,VERB,_
662-0,BOI019,662,662,1,a,a,a,ADP,_
662-1,BOI019,662,662,2,infermeria,infermeria,infermeria,NOUN,_
663-0,BOI019,663,663,1,e,e,e,CCONJ,_
663-1,BOI019,663,663,2,sopra,sopra,sopra,ADV,_
664-0,BOI019,664,664,1,l',l',il,DET,SpaceAfter=No
664-1,BOI019,664,664,2,alto,alto,alto,NOUN,_
664-2,BOI019,664,664,3,c',c',ci,PRON,SpaceAfter=No
664-3,BOI019,664,664,4,era,era,essere,VERB,_
664-4,BOI019,664,664,5,una,una,uno,DET,_
664-5,BOI019,664,664,6,grande,grande,grande,ADJ,_
664-6,BOI019,664,664,7,croce,croce,croce,NOUN,_
664-7,BOI019,664,664,8,rossa,rossa,rosso,ADJ,_
664-8,BOI019,664,664,9,per,per,per,ADP,_
664-9,BOI019,664,664,10,i,i,il,DET,_
664-10,BOI019,664,664,11,bombardamenti,bombardamenti,bombardamento,NOUN,_
665-0,BOI019,665,665,1,però,però,però,ADV,_
665-1,BOI019,665,665,2,anche,anche,anche,ADV,_
665-2,BOI019,665,665,3,questa,questa,questo,PRON,_
665-3,BOI019,665,665,4,non,non,non,ADV,_
665-4,BOI019,665,665,5,era,era,essere,AUX,_
665-5,BOI019,665,665,6,solo,solo,solo,ADV,_
665-6,BOI019,665,665,7,infermeria,infermeria,infermeria,NOUN,_
665-7,BOI019,665,665,8,piano,piano,piano,NOUN,_
665-8,BOI019,665,665,9,terra,terra,terra,NOUN,_
666-0,BOI019,666,666,1,perché,perché,perché,SCONJ,_
666-1,BOI019,666,666,2-3,al,al,_,_,_
666-1a,_,_,666,2,_,a,a,ADP,_
666-1b,_,_,666,3,_,il,il,DET,_
666-2,BOI019,666,666,4,primo,primo,primo,ADJ,_
666-3,BOI019,666,666,5,piano,piano,piano,NOUN,_
666-4,BOI019,666,666,6,invece,invece,invece,ADV,_
666-5,BOI019,666,666,7,c',c',ci,PRON,SpaceAfter=No
666-6,BOI019,666,666,8,era,era,essere,VERB,_
666-7,BOI019,666,666,9,il,il,il,DET,_
666-8,BOI019,666,666,10,comando,comando,comando,NOUN,_
666-9,BOI019,666,666,11,tedesco,tedesco,tedesco,ADJ,_
667-0,BOI019,667,667,1,e,e,e,CCONJ,_
667-1,BOI019,667,667,2,quando,quando,quando,SCONJ,_
667-2,BOI019,667,667,3,fu,fu,essere,AUX,_
667-3,BOI019,667,667,4,scoperto,scoperto,scoprire,VERB,_
667-4,BOI019,667,667,5-6,nell',nell',_,_,SpaceAfter=No
667-4a,_,_,667,5,_,in,in,ADP,_
667-4b,_,_,667,6,_,l',il,DET,_
667-5,BOI019,667,667,7,imminenza,imminenza,imminenza,NOUN,_
667-6,BOI019,667,667,8-9,dell',dell',_,_,SpaceAfter=No
667-6a,_,_,667,8,_,di,di,ADP,_
667-6b,_,_,667,9,_,l',il,DET,_
667-7,BOI019,667,667,10,invasione,invasione,invasione,NOUN,_
667-8,BOI019,667,667,11,da,da,da,ADP,_
667-9,BOI019,667,667,12,parte,parte,parte,NOUN,_
667-10,BOI019,667,667,13-14,delle,delle,_,_,_
667-10a,_,_,667,13,_,di,di,ADP,_
667-10b,_,_,667,14,_,le,il,DET,_
667-11,BOI019,667,667,15,truppe,truppe,truppa,NOUN,_
667-12,BOI019,667,667,16,alleate,alleate,alleato,ADJ,_
668-0,BOI019,668,668,1,lì,lì,lì,ADV,_
668-1,BOI019,668,668,2,hanno,hanno,avere,AUX,_
668-2,BOI019,668,668,3,raso,raso,radere,VERB,_
668-3,BOI019,668,668,4,suolo,suolo,suolo,NOUN,_
668-4,BOI019,668,668,5,la,la,il,DET,_
668-5,BOI019,668,668,6,mia,mia,mio,ADJ,_
668-6,BOI019,668,668,7,casa,casa,casa,NOUN,_
669-0,BOI019,669,669,1,tut~,tut~,tut~,X,Interrupted=Yes
669-1,BOI019,669,669,2,proprio,proprio,proprio,ADV,_
670-0,BOI019,670,670,1,la,la,il,DET,_
670-1,BOI019,670,670,2,la,la,il,DET,_
670-2,BOI019,670,670,3,guerra,guerra,guerra,NOUN,_
670-3,BOI019,670,670,4,proprio,proprio,proprio,DET,_
670-4,BOI019,670,670,5,cannoneggiamenti,cannoneggiamenti,cannoneggiamento,NOUN,_
670-5,BOI019,670,670,6,una,una,uno,DET,_
670-6,BOI019,670,670,7,roba,roba,roba,NOUN,_
671-0,BOI019,671,671,1,che,che,che,SCONJ,_
671-1,BOI019,671,671,2,quella,quella,quello,ADJ,_
671-2,BOI019,671,671,3,villetta,villetta,villetta,NOUN,_
671-3,BOI019,671,671,4,è,è,essere,AUX,_
671-4,BOI019,671,671,5,stata,stata,essere,AUX,_
671-5,BOI019,671,671,6,rasa,rasa,radere,VERB,_
671-6,BOI019,671,671,7-8,al,al,_,_,_
671-6a,_,_,671,7,_,a,a,ADP,_
671-6b,_,_,671,8,_,il,il,DET,_
671-7,BOI019,671,671,9,suolo,suolo,suolo,NOUN,_
672-0,BOI019,672,672,1,e,e,e,CCONJ,_
672-1,BOI019,672,672,2,sotto,sotto,sotto,ADV,_
672-2,BOI019,672,672,3,ci,ci,ci,PRON,_
672-3,BOI019,672,672,4,son,son,essere,AUX,_
672-4,BOI019,672,672,5,stati,stati,essere,VERB,_
672-5,BOI019,672,672,6,cinque,cinque,cinque,NUM,_
672-6,BOI019,672,672,7,morti,morti,morto,NOUN,_
673-0,BOI019,673,673,1,e,e,e,CCONJ,_
673-1,BOI019,673,673,2,noi,noi,noi,PRON,_
673-2,BOI019,673,673,3,{P},{P},_,_,_
673-3,BOI019,673,673,4,eravamo,eravamo,essere,AUX,_
673-4,BOI019,673,673,5-6,dall',dall',_,_,SpaceAfter=No
673-4a,_,_,673,5,_,da,da,ADP,_
673-4b,_,_,673,6,_,l',il,DET,_
673-5,BOI019,673,673,7,altra,altra,altro,ADJ,_
673-6,BOI019,673,673,8,parte,parte,parte,NOUN,_
673-7,BOI019,673,673,9,{P},{P},_,_,_
673-8,BOI019,673,673,10,proprio,proprio,proprio,ADV,_
673-9,BOI019,673,673,11,in,in,in,ADP,_
673-10,BOI019,673,673,12,confine,confine,confine,NOUN,_
673-11,BOI019,673,673,13,lì,lì,lì,ADV,_
673-12,BOI019,673,673,14,attaccati,attaccati,attaccare,VERB,_
674-0,BOI019,674,674,1,perché,perché,perché,SCONJ,_
674-1,BOI019,674,674,2,c',c',ci,PRON,SpaceAfter=No
674-2,BOI019,674,674,3,era,era,essere,VERB,_
674-3,BOI019,674,674,4,questa,questa,questo,ADJ,_
674-4,BOI019,674,674,5,croce,croce,croce,NOUN,_
674-5,BOI019,674,674,6,rossa,rossa,rosso,ADJ,_
674-6,BOI019,674,674,7,perché,perché,perché,SCONJ,_
674-7,BOI019,674,674,8,noi,noi,noi,PRON,_
674-8,BOI019,674,674,9,avevamo,avevamo,avere,VERB,_
674-9,BOI019,674,674,10,i,i,il,DET,_
674-10,BOI019,674,674,11,bombardamenti,bombardamenti,bombardamento,NOUN,_
675-0,BOI019,675,675,1,perché,perché,perché,SCONJ,_
675-1,BOI019,675,675,2,meldola,meldola,Meldola,PROPN,_
675-2,BOI019,675,675,3,eh,eh,eh,INTJ,_
675-3,BOI019,675,675,4,a,a,a,ADP,_
675-4,BOI019,675,675,5,pochi,pochi,poco,DET,_
675-5,BOI019,675,675,6,chilometri,chilometri,chilometro,NOUN,_
675-6,BOI019,675,675,7-8,dal,dal,_,_,_
675-6a,_,_,675,7,_,da,da,ADP,_
675-6b,_,_,675,8,_,il,il,DET,_
675-7,BOI019,675,675,9-10,dalle,dalle,_,_,_
675-7a,_,_,675,9,_,da,da,ADP,_
675-7b,_,_,675,10,_,le,le,DET,_
675-8,BOI019,675,675,11-12,dal,dal,_,_,_
675-8a,_,_,675,11,_,da,da,ADP,_
675-8b,_,_,675,12,_,il,il,DET,_
675-9,BOI019,675,675,13-14,dal,dal,_,_,_
675-9a,_,_,675,13,_,da,da,ADP,_
675-9b,_,_,675,14,_,il,il,DET,_
675-10,BOI019,675,675,15-16,dal,dal,_,_,_
675-10a,_,_,675,15,_,da,da,ADP,_
675-10b,_,_,675,16,_,il,il,DET,_
675-11,BOI019,675,675,17,coso,coso,coso,NOUN,_
675-12,BOI019,675,675,18,di,di,di,ADP,_
675-13,BOI019,675,675,19,aviazione,aviazione,aviazione,NOUN,_
675-14,BOI019,675,675,20-21,dal,dal,_,_,_
675-14a,_,_,675,20,_,da,da,ADP,_
675-14b,_,_,675,21,_,il,il,DET,_
675-15,BOI019,675,675,22,campo,campo,campo,NOUN,_
675-16,BOI019,675,675,23,di,di,di,ADP,_
675-17,BOI019,675,675,24,aviazione,aviazione,aviazione,NOUN,_
676-0,BOI019,676,676,1,ma,ma,ma,CCONJ,_
676-1,BOI019,676,676,2,poi,poi,poi,ADV,_
676-2,BOI019,676,676,3,noi,noi,noi,PRON,_
676-3,BOI019,676,676,4,avevamo,avevamo,avere,VERB,_
676-4,BOI019,676,676,5,una,una,uno,DET,_
676-5,BOI019,676,676,6,fabbrica,fabbrica,fabbrica,NOUN,_
677-0,BOI019,677,677,1,dove,dove,dove,ADV,_
677-1,BOI019,677,677,2,venivano,venivano,venire,VERB,_
678-0,BOI019,678,678,1,revisionati,revisionati,revisionare,VERB,_
678-1,BOI019,678,678,2,i,i,il,DET,_
678-2,BOI019,678,678,3,motori,motori,motore,NOUN,_
678-3,BOI019,678,678,4-5,degli,degli,_,_,_
678-3a,_,_,678,4,_,di,di,ADP,_
678-3b,_,_,678,5,_,gli,il,DET,_
678-4,BOI019,678,678,6,aerei,aerei,aereo,NOUN,_
679-0,BOI019,679,679,1,la,la,il,DET,_
679-1,BOI019,679,679,2,caproni,caproni,Caproni,PROPN,_
680-0,BOI019,680,680,1,e,e,e,CCONJ,_
680-1,BOI019,680,680,2,quindi,quindi,quindi,ADV,_
680-2,BOI019,680,680,3,noi,noi,noi,PRON,_
680-3,BOI019,680,680,4,avevamo,avevamo,avere,VERB,_
680-4,BOI019,680,680,5,bombardamenti,bombardamenti,bombardamento,NOUN,_
680-5,BOI019,680,680,6,e,e,e,CCONJ,_
680-6,BOI019,680,680,7,quindi,quindi,quindi,ADV,_
680-7,BOI019,680,680,8,noi,noi,noi,PRON,_
680-8,BOI019,680,680,9,abbiamo,abbiamo,avere,AUX,_
680-9,BOI019,680,680,10,vissuto,vissuto,vivere,VERB,_
680-10,BOI019,680,680,11,molto,molto,molto,ADV,_
680-11,BOI019,680,680,12-13,nei,nei,_,_,_
680-11a,_,_,680,12,_,in,in,ADP,_
680-11b,_,_,680,13,_,i,il,DET,_
680-12,BOI019,680,680,14,e::hm,ehm,ehm,INTJ,_
681-0,BOI019,681,681,1-2,nei,nei,_,_,_
681-0a,_,_,681,1,_,in,in,ADP,_
681-0b,_,_,681,2,_,i,i,DET,_
681-1,BOI019,681,681,3-4,nei,nei,_,_,_
681-1a,_,_,681,3,_,in,in,ADP,_
681-1b,_,_,681,4,_,i,il,DET,_
681-2,BOI019,681,681,5,rifugi,rifugi,rifugio,NOUN,_
682-0,BOI019,682,682,1,sotto,sotto,sotto,ADP,_
682-1,BOI019,682,682,2,terra,terra,terra,NOUN,_
683-0,BOI019,683,683,1,siccom,siccome,siccome,ADV,_
683-1,BOI019,683,683,2,il,il,il,DET,_
683-2,BOI019,683,683,3,mio,mio,mio,PRON,_
683-3,BOI019,683,683,4,è,è,essere,AUX,_
683-4,BOI019,683,683,5,un,un,uno,DET,_
683-5,BOI019,683,683,6,vecchio,vecchio,vecchio,ADJ,_
683-6,BOI019,683,683,7,convento,convento,convento,NOUN,_
684-0,BOI019,684,684,1,avevamo,avevamo,avere,VERB,_
684-1,BOI019,684,684,2,le,le,il,DET,_
684-2,BOI019,684,684,3,le,le,il,DET,_
684-3,BOI019,684,684,4,i,i,il,DET,_
684-4,BOI019,684,684,5,le,le,il,DET,_
684-5,BOI019,684,684,6,cantine,cantine,cantina,NOUN,_
685-0,BOI019,685,685,1,ancora:,ancora,ancora,ADV,_
686-0,BOI019,686,686,1,qualco~,qualco~,qualco~,X,Interrupted=Yes
686-1,BOI019,686,686,2,a,a,a,ADP,_
686-2,BOI019,686,686,3,botte,botte,botte,NOUN,_
686-3,BOI019,686,686,4,così,così,così,ADV,_
686-4,BOI019,686,686,5,s~,s~,s~,X,Interrupted=Yes
687-0,BOI019,687,687,1,sembravano,sembravano,sembrare,VERB,_
687-1,BOI019,687,687,2,abbastanza,abbastanza,abbastanza,ADV,_
687-2,BOI019,687,687,3,sicure,sicure,sicuro,ADJ,_
688-0,BOI019,688,688,1,e,e,e,CCONJ,_
688-1,BOI019,688,688,2,quindi,quindi,quindi,ADV,_
688-2,BOI019,688,688,3,lì,lì,lì,ADV,_
688-3,BOI019,688,688,4,abbiamo,abbiamo,avere,AUX,_
688-4,BOI019,688,688,5,vissuto,vissuto,vivere,VERB,_
689-0,BOI019,689,689,1,mesi,mesi,mese,NOUN,_
689-1,BOI019,689,689,2,e,e,e,CCONJ,_
689-2,BOI019,689,689,3,mesi,mesi,mese,NOUN,_
689-3,BOI019,689,689,4,tutti,tutti,tutto,PRON,_
689-4,BOI019,689,689,5,in,in,in,ADP,_
689-5,BOI019,689,689,6,comunità,comunità,comunità,NOUN,_
690-0,BOI019,690,690,1,con,con,con,ADP,_
690-1,BOI019,690,690,2,poco,poco,poco,ADV,_
690-2,BOI019,690,690,3,da,da,da,ADP,_
690-3,BOI019,690,690,4,mangiare,mangiare,mangiare,VERB,_
690-4,BOI019,690,690,5,con,con,con,ADP,_
690-5,BOI019,690,690,6,così,così,così,ADV,_
691-0,BOR005,691,691,1,e,e,e,CCONJ,_
691-1,BOR005,691,691,2,{P},{P},_,_,_
691-2,BOR005,691,691,3,adesso,adesso,adesso,ADV,_
692-0,BOR005,692,692,1,cioè,cioè,cioè,ADV,_
692-1,BOR005,692,692,2,lei,lei,lei,PRON,_
693-0,BOR005,693,693,1,che,che,che,PRON,_
693-1,BOR005,693,693,2,ha,ha,avere,AUX,_
693-2,BOR005,693,693,3,proprio,proprio,proprio,ADV,_
693-3,BOR005,693,693,4,vissuto,vissuto,vivere,VERB,_
693-4,BOR005,693,693,5,in,in,in,ADP,_
693-5,BOR005,693,693,6,prima,prima,primo,ADJ,_
693-6,BOR005,693,693,7,persona,persona,persona,NOUN,_
693-7,BOR005,693,693,8,la,la,il,DET,_
693-8,BOR005,693,693,9,seconda,seconda,secondo,ADJ,_
693-9,BOR005,693,693,10,guerra,guerra,guerra,NOUN,_
693-10,BOR005,693,693,11,mondiale,mondiale,mondiale,ADJ,_
693-11,BOR005,693,693,12,{P},{P},_,_,_
693-12,BOR005,693,693,13,in,in,in,ADP,_
693-13,BOR005,693,693,14,qualche,qualche,qualche,ADJ,_
693-14,BOR005,693,693,15,modo,modo,modo,NOUN,_
694-0,BOR005,694,694,1,mh,mh,mh,INTJ,_
694-1,BOR005,694,694,2,cosa,cosa,cosa,PRON,_
694-2,BOR005,694,694,3,fa,fa,fare,VERB,_
694-3,BOR005,694,694,4,lei,lei,lei,PRON,_
694-4,BOR005,694,694,5,diciamo,diciamo,dire,VERB,_
694-5,BOR005,694,694,6,per,per,per,ADP,_
694-6,BOR005,694,694,7,tenere,tenere,tenere,VERB,_
694-7,BOR005,694,694,8,viva,viva,viva,ADJ,_
694-8,BOR005,694,694,9,questa,questa,questo,ADJ,_
694-9,BOR005,694,694,10,memoria,memoria,memoria,NOUN,_
694-10,BOR005,694,694,11,per,per,per,ADP,_
694-11,BOR005,694,694,12,tramandarla,tramandarla,tramandarla,NUM,_
694-12,BOR005,694,694,13-14,ai,tramandare,tramandare,VERB,_
694-12a,_,_,694,13,_,ai,a,ADP,_
694-12b,_,_,694,14,_,i,il,DET,_
694-13,BOR005,694,694,15,giovani,giovani,giovane,NOUN,_
695-0,BOI019,695,695,1,i,i,il,DET,_
695-1,BOI019,695,695,2,racconti,racconti,racconto,NOUN,_
695-2,BOI019,695,695,3,li,li,li,PRON,_
695-3,BOI019,695,695,4,ho,ho,avere,AUX,_
695-4,BOI019,695,695,5,fatti,fatti,fare,VERB,_
696-0,BOI019,696,696,1,ti,ti,ti,PRON,_
696-1,BOI019,696,696,2,dirò,dirò,dire,VERB,_
697-0,BOI019,697,697,1,ti,ti,ti,PRON,_
697-1,BOI019,697,697,2,dirò,dirò,dire,VERB,_
698-0,BOI019,698,698,1,che,che,che,SCONJ,_
698-1,BOI019,698,698,2,quando,quando,quando,SCONJ,_
698-2,BOI019,698,698,3,sono,sono,essere,AUX,_
698-3,BOI019,698,698,4,arrivata,arrivata,arrivare,VERB,_
698-4,BOI019,698,698,5,a,a,a,ADP,_
698-5,BOI019,698,698,6,bologna,bologna,Bologna,PROPN,_
698-6,BOI019,698,698,7-8,negli,negli,_,_,_
698-6a,_,_,698,7,_,in,in,ADP,_
698-6b,_,_,698,8,_,gli,il,DET,_
698-7,BOI019,698,698,9,anni,anni,anno,NOUN,_
698-8,BOI019,698,698,10,cinquanta,cinquanta,cinquanta,NUM,_
699-0,BOI019,699,699,1,il,il,il,DET,_
699-1,BOI019,699,699,2,cinquantacinque,cinquantacinque,cinquantacinque,NUM,_
699-2,BOI019,699,699,3,mi,mi,mi,PRON,_
699-3,BOI019,699,699,4,pare,pare,parere,VERB,_
699-4,BOI019,699,699,5,che,che,che,SCONJ,_
699-5,BOI019,699,699,6,fosse,fosse,essere,AUX,_
699-6,BOI019,699,699,7,{sospira},{sospira},_,_,_
700-0,BOI019,700,700,1-2,nella,nella,_,_,_
700-0a,_,_,700,1,_,in,in,ADP,_
700-0b,_,_,700,2,_,la,il,DET,_
700-1,BOI019,700,700,3,primavera,primavera,primavera,NOUN,_
700-2,BOI019,700,700,4-5,del,del,_,_,_
700-2a,_,_,700,4,_,di,di,ADP,_
700-2b,_,_,700,5,_,il,il,DET,_
700-3,BOI019,700,700,6,cinquantacinque,cinquantacinque,cinquantacinque,NUM,_
700-4,BOI019,700,700,7,{sospira},{sospira},_,_,_
701-0,BOI019,701,701,1,e::hm,ehm,ehm,INTJ,_
701-1,BOI019,701,701,2,eh,eh,eh,INTJ,_
701-2,BOI019,701,701,3,ho,ho,avere,AUX,_
701-3,BOI019,701,701,4,fatto,fatto,fare,VERB,_
701-4,BOI019,701,701,5,una,una,uno,DET,_
701-5,BOI019,701,701,6,supplenza,supplenza,supplenza,NOUN,_
701-6,BOI019,701,701,7-8,alla,alla,_,_,_
701-6a,_,_,701,7,_,a,a,ADP,_
701-6b,_,_,701,8,_,la,la,DET,_
701-7,BOI019,701,701,9-10,alla,alla,_,_,_
701-7a,_,_,701,9,_,a,a,ADP,_
701-7b,_,_,701,10,_,la,il,DET,_
701-8,BOI019,701,701,11-12,alla,alla,_,_,_
701-8a,_,_,701,11,_,a,a,ADP,_
701-8b,_,_,701,12,_,la,il,DET,_
701-9,BOI019,701,701,13,scuola,scuola,scuola,NOUN,_
701-10,BOI019,701,701,14,barca,barca,Barca,PROPN,_
702-0,BOI019,702,702,1,maestrina,maestrina,maestrina,NOUN,_
703-0,BOI019,703,703,1,e::h,eh,eh,INTJ,_
703-1,BOI019,703,703,2,o::h,oh,oh,INTJ,_
703-2,BOI019,703,703,3,non,non,non,ADV,_
703-3,BOI019,703,703,4,so,so,sapere,VERB,_
703-4,BOI019,703,703,5,se,se,se,SCONJ,_
703-5,BOI019,703,703,6,cinquantacinque,cinquantacinque,cinquantacinque,NUM,_
703-6,BOI019,703,703,7,sì,sì,sì,INTJ,_
703-7,BOI019,703,703,8,mhmhmh,mhmhmh,mhmhmh,INTJ,_
703-8,BOI019,703,703,9,non,non,non,ADV,_
703-9,BOI019,703,703,10,lo,lo,il,PRON,_
703-10,BOI019,703,703,11,s~,s~,s~,X,Interrupted=Yes
704-0,BOI019,704,704,1,comunque,comunque,comunque,ADV,_
705-0,BOI019,705,705,1,una,una,uno,DET,_
705-1,BOI019,705,705,2,supplenza,supplenza,supplenza,NOUN,_
705-2,BOI019,705,705,3,e,e,e,CCONJ,_
705-3,BOI019,705,705,4,tutti,tutti,tutto,PRON,_
705-4,BOI019,705,705,5,mi,mi,mi,PRON,_
705-5,BOI019,705,705,6,dicevano,dicevano,dire,VERB,_
705-6,BOI019,705,705,7,che,che,che,SCONJ,_
705-7,BOI019,705,705,8,c',c',ci,PRON,SpaceAfter=No
705-8,BOI019,705,705,9,era,era,essere,VERB,_
705-9,BOI019,705,705,10,molti,molti,molto,DET,_
705-10,BOI019,705,705,11,bam~,bam~,bam~,X,Interrupted=Yes
705-11,BOI019,705,705,12,molt~,molti,molto,ADJ,Interrupted=Yes
705-12,BOI019,705,705,13,molti,molti,molto,ADJ,_
705-13,BOI019,705,705,14,ragazzini,ragazzini,ragazzo,NOUN,_
705-14,BOI019,705,705,15,che,che,che,PRON,_
705-15,BOI019,705,705,16,venivano,venivano,venire,VERB,_
705-16,BOI019,705,705,17-18,dal,dal,_,_,_
705-16a,_,_,705,17,_,da,da,ADP,_
705-16b,_,_,705,18,_,il,il,DET,_
705-17,BOI019,705,705,19,meridione,meridione,meridione,NOUN,_
706-0,BOI019,706,706,1,grandi,grandi,grande,ADJ,_
707-0,BOI019,707,707,1,che,che,che,SCONJ,Interrupted=Yes
707-1,BOI019,707,707,2,che,che,che,SCONJ,_
707-2,BOI019,707,707,3,erano,erano,essere,AUX,_
707-3,BOI019,707,707,4,turbolenti,turbolenti,turbolente,ADJ,_
707-4,BOI019,707,707,5,era,era,essere,AUX,_
707-5,BOI019,707,707,6,una,una,uno,DET,_
707-6,BOI019,707,707,7,cosa,cosa,cosa,NOUN,_
707-7,BOI019,707,707,8,proprio,proprio,proprio,ADV,_
707-8,BOI019,707,707,9,che,che,che,SCONJ,_
708-0,BOI019,708,708,1,che,che,che,PRON,Interrupted=Yes
708-1,BOI019,708,708,2,che,che,che,PRON,_
708-2,BOI019,708,708,3,non,non,non,ADV,_
708-3,BOI019,708,708,4,si,si,si,PRON,_
708-4,BOI019,708,708,5,tenevano,tenevano,tenere,VERB,_
709-0,BOI019,709,709,1,{sospira},{sospira},_,_,_
709-1,BOI019,709,709,2,e,e,e,CCONJ,_
709-2,BOI019,709,709,3,allora,allora,allora,ADV,_
709-3,BOI019,709,709,4,arrivo,arrivo,arrivare,VERB,_
709-4,BOI019,709,709,5,io,io,io,PRON,_
709-5,BOI019,709,709,6,"piccolina,",piccolina,piccolo,ADJ,Intonation=weakly_rising
709-6,BOI019,709,709,7,giovanissima,giovanissima,giovane,ADJ,_
710-0,BOI019,710,710,1,m::h,mh,mh,INTJ,_
710-1,BOI019,710,710,2,e::h,eh,eh,INTJ,_
710-2,BOI019,710,710,3,dice,dice,dire,VERB,_
710-3,BOI019,710,710,4,ma,ma,ma,CCONJ,_
711-0,BOI019,711,711,1,come,come,come,ADV,_
711-1,BOI019,711,711,2,fai,fai,fare,VERB,_
711-2,BOI019,711,711,3,a,a,a,ADP,_
711-3,BOI019,711,711,4-5,tenerli,tenerli,_,_,_
711-3a,_,_,711,4,_,tener,tenere,VERB,_
711-3b,_,_,711,5,_,li,li,PRON,_
712-0,BOI019,712,712,1,io,io,io,PRON,_
712-1,BOI019,712,712,2,la,la,il,DET,_
712-2,BOI019,712,712,3,prima,prima,primo,ADJ,_
712-3,BOI019,712,712,4,cosa,cosa,cosa,NOUN,_
712-4,BOI019,712,712,5,che,che,che,PRON,_
712-5,BOI019,712,712,6,dissi,dissi,dire,VERB,_
713-0,BOI019,713,713,1,ragazzi,ragazzi,ragazzo,NOUN,_
713-1,BOI019,713,713,2,oggi,oggi,oggi,ADV,_
713-2,BOI019,713,713,3,non,non,non,ADV,_
713-3,BOI019,713,713,4,facciamo,facciamo,fare,VERB,_
713-4,BOI019,713,713,5,scuola,scuola,scuola,NOUN,_
714-0,BOI019,714,714,1,oggi,oggi,oggi,ADV,_
714-1,BOI019,714,714,2,io,io,io,PRON,_
714-2,BOI019,714,714,3,vi,vi,vi,PRON,_
714-3,BOI019,714,714,4,racconto,racconto,raccontare,VERB,_
714-4,BOI019,714,714,5-6,delle,delle,_,_,_
714-4a,_,_,714,5,_,di,di,ADP,_
714-4b,_,_,714,6,_,le,il,DET,_
714-5,BOI019,714,714,7,cose,cose,cosa,NOUN,_
714-6,BOI019,714,714,8,{P},{P},_,_,_
714-7,BOI019,714,714,9,mie,mie,mio,ADJ,_
714-8,BOI019,714,714,10-11,alla,alla,_,_,_
714-8a,_,_,714,10,_,a,a,ADP,_
714-8b,_,_,714,11,_,la,il,DET,_
714-9,BOI019,714,714,12,vostra,vostra,vostro,ADJ,_
714-10,BOI019,714,714,13,età,età,età,NOUN,_
715-0,BOI019,715,715,1,eh,eh,eh,INTJ,_
715-1,BOI019,715,715,2,che:,che,che,SCONJ,_
715-2,BOI019,715,715,3-4,della,della,_,_,_
715-2a,_,_,715,3,_,di,di,ADP,_
715-2b,_,_,715,4,_,la,il,DET,_
715-3,BOI019,715,715,5,guerra,guerra,guerra,NOUN,_
716-0,BOI019,716,716,1,e,e,e,CCONJ,_
716-1,BOI019,716,716,2,allora,allora,allora,ADV,_
716-2,BOI019,716,716,3,io,io,io,PRON,_
716-3,BOI019,716,716,4,mi,mi,mi,PRON,_
716-4,BOI019,716,716,5,ricordo,ricordo,ricordare,VERB,_
716-5,BOI019,716,716,6,raccontai,raccontai,raccontare,VERB,_
717-0,BOI019,717,717,1-2,della,della,_,_,_
717-0a,_,_,717,1,_,di,di,ADP,_
717-0b,_,_,717,2,_,la,il,DET,_
717-1,BOI019,717,717,3,"guerra,",guerra,guerra,NOUN,Intonation=weakly_rising
717-2,BOI019,717,717,4,recortai,recortai,recorte,VERB,_
717-3,BOI019,717,717,5,raccontai,raccontai,raccontai,ADV,_
717-4,BOI019,717,717,6-7,dei,dei,_,_,_
717-4a,_,_,717,6,_,di,di,ADP,_
717-4b,_,_,717,7,_,i,il,DET,_
717-5,BOI019,717,717,8,bombardamenti,bombardamenti,bombardamento,NOUN,_
718-0,BOI019,718,718,1,e::hm,ehm,ehm,NOUN,_
718-1,BOI019,718,718,2,t~,t~,t~,PROPN,Interrupted=Yes
719-0,BOI019,719,719,1,la,la,il,DET,_
719-1,BOI019,719,719,2,miseria,miseria,miseria,NOUN,_
719-2,BOI019,719,719,3,che,che,che,PRON,_
719-3,BOI019,719,719,4,c',c',ci,PRON,SpaceAfter=No
719-4,BOI019,719,719,5,"era,",era,essere,VERB,Intonation=weakly_rising
719-5,BOI019,719,719,6,che,che,che,SCONJ,_
719-6,BOI019,719,719,7,non,non,non,ADV,_
719-7,BOI019,719,719,8,c',c',ci,PRON,SpaceAfter=No
719-8,BOI019,719,719,9,era,era,essere,VERB,_
719-9,BOI019,719,719,10,il,il,il,DET,_
719-10,BOI019,719,719,11,"pane,",pane,pane,NOUN,Intonation=weakly_rising
720-0,BOI019,720,720,1,che,che,che,SCONJ,_
720-1,BOI019,720,720,2,avevamo,avevamo,avere,VERB,_
720-2,BOI019,720,720,3,le,le,il,DET,_
720-3,BOI019,720,720,4,"tessere,",tessere,tessere,NOUN,Intonation=weakly_rising
720-4,BOI019,720,720,5,dovevamo,dovevamo,dovere,AUX,_
720-5,BOI019,720,720,6,andare,andare,andare,VERB,_
720-6,BOI019,720,720,7,a,a,a,ADP,_
720-7,BOI019,720,720,8,prendere,prendere,prendere,VERB,_
720-8,BOI019,720,720,9,le,le,il,DET,_
720-9,BOI019,720,720,10,cose,cose,cosa,NOUN,_
720-10,BOI019,720,720,11,con,con,con,ADP,_
720-11,BOI019,720,720,12,le,le,il,DET,_
720-12,BOI019,720,720,13,"tessere,",tessere,tessere,NOUN,Intonation=weakly_rising
721-0,BOI019,721,721,1,e,e,e,CCONJ,_
721-1,BOI019,721,721,2,e,e,e,CCONJ,_
721-2,BOI019,721,721,3,tutte,tutte,tutto,DET,_
721-3,BOI019,721,721,4,queste,queste,questo,DET,_
721-4,BOI019,721,721,5,cose,cose,cosa,NOUN,_
721-5,BOI019,721,721,6,l',l',il,DET,SpaceAfter=No
721-6,BOI019,721,721,7,occupazione,occupazione,occupazione,NOUN,_
721-7,BOI019,721,721,8,"tedesca,",tedesca,tedesco,ADJ,Intonation=weakly_rising
721-8,BOI019,721,721,9,poi,poi,poi,ADV,_
721-9,BOI019,721,721,10,l',l',il,DET,SpaceAfter=No
721-10,BOI019,721,721,11,occupazione,occupazione,occupazione,NOUN,_
721-11,BOI019,721,721,12,"inglese,",inglese,inglese,ADJ,Intonation=weakly_rising
722-0,BOI019,722,722,1,e::,e,e,CCONJ,_
722-1,BOI019,722,722,2,io,io,io,PRON,_
722-2,BOI019,722,722,3,avevo,avevo,avere,AUX,_
722-3,BOI019,722,722,4,visto,visto,virre,VERB,_
722-4,BOI019,722,722,5,l~,l~,l~,PROPN,Interrupted=Yes
722-5,BOI019,722,722,6,l~,l~,l~,PROPN,Interrupted=Yes
723-0,BOI019,723,723,1-2,nell',nell',_,_,SpaceAfter=No
723-0a,_,_,723,1,_,in,in,ADP,_
723-0b,_,_,723,2,_,l',il,DET,_
723-1,BOI019,723,723,3,occupazione,occupazione,occupazione,NOUN,_
723-2,BOI019,723,723,4,dopo,dopo,dopo,ADP,_
723-3,BOI019,723,723,5,inglese,inglese,inglese,NOUN,_
723-4,BOI019,723,723,6-7,degli,degli,_,_,_
723-4a,_,_,723,6,_,di,di,ADP,_
723-4b,_,_,723,7,_,gli,il,DET,_
723-5,BOI019,723,723,8,alleati,alleati,alleato,NOUN,_
724-0,BOI019,724,724,1,avevo,avevo,avere,AUX,_
724-1,BOI019,724,724,2,visto,visto,vedere,VERB,_
724-2,BOI019,724,724,3,la,la,il,DET,_
724-3,BOI019,724,724,4,la,la,il,DET,_
724-4,BOI019,724,724,5,danza,danza,danza,NOUN,_
724-5,BOI019,724,724,6-7,nel,nel,_,_,_
724-5a,_,_,724,6,_,in,in,ADP,_
724-5b,_,_,724,7,_,il,il,DET,_
724-6,BOI019,724,724,8-9,nel,nel,_,_,_
724-6a,_,_,724,8,_,in,in,ADP,_
724-6b,_,_,724,9,_,il,il,DET,_
724-7,BOI019,724,724,10,mio,mio,mio,DET,_
724-8,BOI019,724,724,11,"giardino,",giardino,giardino,NOUN,Intonation=weakly_rising
724-9,BOI019,724,724,12,avevo,avevo,avere,AUX,_
724-10,BOI019,724,724,13,visto,visto,vedere,VERB,_
724-11,BOI019,724,724,14,la,la,il,DET,_
724-12,BOI019,724,724,15,danza,danza,danza,NOUN,_
725-0,BOI019,725,725,1-2,del,del,_,_,_
725-0a,_,_,725,1,_,di,di,ADP,_
725-0b,_,_,725,2,_,il,il,DET,_
725-1,BOI019,725,725,3,"sole,",sole,sole,NOUN,Intonation=weakly_rising
726-0,BOI019,726,726,1,e,e,e,CCONJ,_
726-1,BOI019,726,726,2,tutte,tutte,tutto,DET,_
726-2,BOI019,726,726,3,queste,queste,questo,DET,_
726-3,BOI019,726,726,4,cose,cose,cosa,NOUN,_
727-0,BOI019,727,727,1,li,li,li,PRON,_
727-1,BOI019,727,727,2,avevo,avevo,avere,AUX,_
727-2,BOI019,727,727,3,"presi,",presi,prendere,VERB,Intonation=weakly_rising
727-3,BOI019,727,727,4,li,li,li,PRON,_
727-4,BOI019,727,727,5,avevo,avevo,avere,AUX,_
727-5,BOI019,727,727,6,incantati,incantati,incantare,VERB,_
727-6,BOI019,727,727,7-8,al,al,_,_,_
727-6a,_,_,727,7,_,a,a,ADP,_
727-6b,_,_,727,8,_,il,il,DET,_
727-7,BOI019,727,727,9,punto,punto,punto,NOUN,_
728-0,BOI019,728,728,1-2,al,al,_,_,_
728-0a,_,_,728,1,_,a,a,ADP,_
728-0b,_,_,728,2,_,il,il,DET,_
728-1,BOI019,728,728,3,punto,punto,punto,NOUN,_
728-2,BOI019,728,728,4,che,che,che,SCONJ,_
728-3,BOI019,728,728,5,poi,poi,poi,ADV,_
728-4,BOI019,728,728,6,dopo::,dopo,dopo,ADV,_
728-5,BOI019,728,728,7,son,son,essere,AUX,_
728-6,BOI019,728,728,8,riuscita,riuscita,riuscire,VERB,_
728-7,BOI019,728,728,9,a,a,a,ADP,_
728-8,BOI019,728,728,10,fare,fare,fare,VERB,_
728-9,BOI019,728,728,11,quella,quella,quello,DET,_
728-10,BOI019,728,728,12,supplenza,supplenza,supplenza,NOUN,_
728-11,BOI019,728,728,13,abbastanza:,abbastanza,abbastanza,ADV,_
729-0,BOI019,729,729,1,in::,in,in,ADP,_
729-1,BOI019,729,729,2,una,una,uno,DET,_
729-2,BOI019,729,729,3,forma,forma,forma,NOUN,_
729-3,BOI019,729,729,4,abbastanza,abbastanza,abbastanza,ADV,_
729-4,BOI019,729,729,5,leggera,leggera,leggero,ADJ,_
729-5,BOI019,729,729,6,anche,anche,anche,ADV,_
729-6,BOI019,729,729,7,con,con,con,ADP,_
729-7,BOI019,729,729,8,i,i,il,DET,_
729-8,BOI019,729,729,9,miei,miei,mio,DET,_
729-9,BOI019,729,729,10,ragazzi,ragazzi,ragazzo,NOUN,_
729-10,BOI019,729,729,11,proprio,proprio,proprio,ADV,_
729-11,BOI019,729,729,12,son,son,essere,AUX,_
729-12,BOI019,729,729,13,stata,stata,essere,AUX,_
729-13,BOI019,729,729,14,ben,ben,bene,ADV,_
729-14,BOI019,729,729,15,{sospira},{sospira},_,_,_
730-0,BOI019,730,730,1,quindi,quindi,quindi,ADV,_
730-1,BOI019,730,730,2,io,io,io,PRON,_
730-2,BOI019,730,730,3,ho,ho,avere,AUX,_
730-3,BOI019,730,730,4,sempre,sempre,sempre,ADV,_
730-4,BOI019,730,730,5,raccontato,raccontato,raccontare,VERB,_
730-5,BOI019,730,730,6-7,della,della,_,_,_
730-5a,_,_,730,6,_,di,di,ADP,_
730-5b,_,_,730,7,_,la,il,DET,_
730-6,BOI019,730,730,8,"guerra,",guerra,guerra,NOUN,Intonation=weakly_rising
730-7,BOI019,730,730,9,sempre,sempre,sempre,ADV,_
730-8,BOI019,730,730,10,raccontato,raccontato,raccontare,VERB,_
730-9,BOI019,730,730,11-12,della,della,_,_,_
730-9a,_,_,730,11,_,di,di,ADP,_
730-9b,_,_,730,12,_,la,il,DET,_
730-10,BOI019,730,730,13,guerra,guerra,guerra,NOUN,_
731-0,BOI019,731,731,1,per,per,per,ADP,_
731-1,BOI019,731,731,2,esempio,esempio,esempio,NOUN,_
732-0,BOI019,732,732,1,ehm,ehm,ehm,NOUN,_
732-1,BOI019,732,732,2,ho,ho,avere,AUX,_
732-2,BOI019,732,732,3,regalato,regalato,regalare,VERB,_
732-3,BOI019,732,732,4,anche:,anche,anche,ADV,_
732-4,BOI019,732,732,5,non,non,non,ADV,_
732-5,BOI019,732,732,6,quest',quest',questo,DET,SpaceAfter=No
732-6,BOI019,732,732,7,anno,anno,anno,NOUN,_
732-7,BOI019,732,732,8,ma,ma,ma,CCONJ,_
732-8,BOI019,732,732,9,anno,anno,anno,NOUN,_
732-9,BOI019,732,732,10,scorso,scorso,scorso,ADJ,_
733-0,BOI019,733,733,1,regalato,regalato,regalare,VERB,_
733-1,BOI019,733,733,2,un,un,uno,DET,_
733-2,BOI019,733,733,3,racconto,racconto,racconto,NOUN,_
733-3,BOI019,733,733,4-5,del,del,_,_,_
733-3a,_,_,733,4,_,di,di,ADP,_
733-3b,_,_,733,5,_,il,il,DET,_
733-4,BOI019,733,733,6,natale,natale,natale,ADJ,_
734-0,BOI019,734,734,1-2,del,del,_,_,_
734-0a,_,_,734,1,_,di,di,ADP,_
734-0b,_,_,734,2,_,il,il,DET,_
734-1,BOI019,734,734,3,natale,natale,natale,NOUN,_
734-2,BOI019,734,734,4,di,di,di,ADP,_
734-3,BOI019,734,734,5,guerra,guerra,guerra,NOUN,_
734-4,BOI019,734,734,6-7,del,del,_,_,_
734-4a,_,_,734,6,_,di,di,ADP,_
734-4b,_,_,734,7,_,il,il,DET,_
734-5,BOI019,734,734,8,quarantaquattro,quarantaquattro,quarantaquattro,NOUN,_
735-0,BOI019,735,735,1,dopo,dopo,dopo,ADV,_
735-1,BOI019,735,735,2,ti,ti,ti,PRON,_
735-2,BOI019,735,735,3,do,do,dare,VERB,_
735-3,BOI019,735,735,4,anche,anche,anche,ADV,_
735-4,BOI019,735,735,5,di,di,di,ADP,_
735-5,BOI019,735,735,6,di,di,di,ADP,_
735-6,BOI019,735,735,7,mio,mio,mio,DET,_
735-7,BOI019,735,735,8,marito,marito,marito,NOUN,_
735-8,BOI019,735,735,9,un,un,uno,DET,_
735-9,BOI019,735,735,10,racconto,racconto,racconto,NOUN,_
736-0,BOI019,736,736,1,è::,è,essere,AUX,_
736-1,BOI019,736,736,2,un,un,uno,DET,_
736-2,BOI019,736,736,3,racconto,racconto,racconto,NOUN,_
736-3,BOI019,736,736,4,di,di,di,ADP,_
736-4,BOI019,736,736,5,guerra,guerra,guerra,NOUN,_
736-5,BOI019,736,736,6,che,che,che,PRON,_
736-6,BOI019,736,736,7,era,era,essere,AUX,_
736-7,BOI019,736,736,8,il,il,il,DET,_
736-8,BOI019,736,736,9,giorno,giorno,giorno,NOUN,_
736-9,BOI019,736,736,10,di,di,di,ADP,_
736-10,BOI019,736,736,11,natale,natale,natale,ADJ,_
737-0,BOI019,737,737,1,e::hm::,ehm,ehm,NOUN,_
738-0,BOI019,738,738,1,noi,noi,noi,PRON,_
738-1,BOI019,738,738,2,eravamo,eravamo,essere,AUX,_
738-2,BOI019,738,738,3,già,già,già,ADV,_
738-3,BOI019,738,738,4,liberi,liberi,libero,ADJ,_
738-4,BOI019,738,738,5,perché,perché,perché,SCONJ,_
738-5,BOI019,738,738,6,siam,siam,siam,NOUN,_
738-6,BOI019,738,738,7,stati,stati,essere,AUX,_
738-7,BOI019,738,738,8,liberati,liberati,liberare,VERB,_
738-8,BOI019,738,738,9,il,il,il,DET,_
738-9,BOI019,738,738,10,ventotto,ventotto,ventotto,NUM,_
738-10,BOI019,738,738,11,ottobre,ottobre,ottobre,NOUN,_
738-11,BOI019,738,738,12-13,del,del,_,_,_
738-11a,_,_,738,12,_,di,di,ADP,_
738-11b,_,_,738,13,_,il,il,DET,_
738-12,BOI019,738,738,14,quarantaquattro,quarantaquattro,quarantaquattro,NOUN,_
739-0,BOI019,739,739,1,e,e,e,CCONJ,_
739-1,BOI019,739,739,2,il,il,il,DET,_
739-2,BOI019,739,739,3,fon~,fon~,fon~,PROPN,Interrupted=Yes
739-3,BOI019,739,739,4,e,e,e,CCONJ,_
739-4,BOI019,739,739,5,il,il,il,DET,_
739-5,BOI019,739,739,6,pon~,pon~,pon~,PROPN,Interrupted=Yes
739-6,BOI019,739,739,7,il,il,il,DET,_
739-7,BOI019,739,739,8,fronte,fronte,fronte,NOUN,_
739-8,BOI019,739,739,9,è,è,essere,AUX,_
739-9,BOI019,739,739,10,stato,stato,essere,AUX,_
739-10,BOI019,739,739,11,fermo,fermo,fermo,ADJ,_
740-0,BOI019,740,740,1-2,sul,sul,_,_,_
740-0a,_,_,740,1,_,su,su,ADP,_
740-0b,_,_,740,2,_,il,il,DET,_
740-1,BOI019,740,740,3,lamone,lamone,lamone,NOUN,_
740-2,BOI019,740,740,4,quindi,quindi,quindi,ADV,_
740-3,BOI019,740,740,5,a,a,a,ADP,_
740-4,BOI019,740,740,6,faenza,faenza,faenza,NOUN,_
741-0,BOI019,741,741,1,fino,fino,fino,ADV,_
741-1,BOI019,741,741,2-3,alla,alla,_,_,_
741-1a,_,_,741,2,_,a,a,ADP,_
741-1b,_,_,741,3,_,la,il,DET,_
741-2,BOI019,741,741,4,primavera,primavera,primavera,NOUN,_
741-3,BOI019,741,741,5-6,del,del,_,_,_
741-3a,_,_,741,5,_,di,di,ADP,_
741-3b,_,_,741,6,_,il,il,DET,_
741-4,BOI019,741,741,7,quarantacinque,quarantacinque,quarantacinque,PRON,_
741-5,BOI019,741,741,8,infatti,infatti,infatti,ADV,_
742-0,BOI019,742,742,1,bologna,bologna,bologna,NOUN,_
742-1,BOI019,742,742,2,è,è,essere,AUX,_
742-2,BOI019,742,742,3,stata,stata,essere,AUX,_
742-3,BOI019,742,742,4,liberata,liberata,liberare,VERB,_
742-4,BOI019,742,742,5,il,il,il,DET,_
742-5,BOI019,742,742,6,ventun,ventun,ventuno,NUM,_
742-6,BOI019,742,742,7,aprile,aprile,aprile,NOUN,_
742-7,BOI019,742,742,8-9,del,del,_,_,_
742-7a,_,_,742,8,_,di,di,ADP,_
742-7b,_,_,742,9,_,il,il,DET,_
742-8,BOI019,742,742,10,quarantacinque,quarantacinque,quarantacinque,PRON,_
743-0,BOI019,743,743,1,mentre,mentre,mentre,SCONJ,_
743-1,BOI019,743,743,2,noi,noi,noi,PRON,_
743-2,BOI019,743,743,3,romani,romani,romano,ADJ,_
743-3,BOI019,743,743,4,er~,er~,er~,PROPN,Interrupted=Yes
743-4,BOI019,743,743,5,eravamo,eravamo,essere,AUX,_
743-5,BOI019,743,743,6,già,già,già,ADV,_
743-6,BOI019,743,743,7,stati,stati,essere,AUX,_
743-7,BOI019,743,743,8,liberati,liberati,liberare,VERB,_
743-8,BOI019,743,743,9,però,però,però,ADV,_
743-9,BOI019,743,743,10,lì,lì,lì,ADV,_
744-0,BOI019,744,744,1,c',c',ci,PRON,SpaceAfter=No
744-1,BOI019,744,744,2,era,era,essere,VERB,_
744-2,BOI019,744,744,3,l',l',il,DET,SpaceAfter=No
744-3,BOI019,744,744,4,occupazione,occupazione,occupazione,NOUN,_
744-4,BOI019,744,744,5,militare,militare,militare,ADJ,_
745-0,BOI019,745,745,1,da,da,da,ADP,_
745-1,BOI019,745,745,2,parte,parte,parte,NOUN,_
745-2,BOI019,745,745,3-4,delle,delle,_,_,_
745-2a,_,_,745,3,_,di,di,ADP,_
745-2b,_,_,745,4,_,le,il,DET,_
745-3,BOI019,745,745,5,truppe,truppe,truppa,NOUN,_
745-4,BOI019,745,745,6,alleate,alleate,alleato,ADJ,_
746-0,BOI019,746,746,1,{sospira},{sospira},_,_,_
746-1,BOI019,746,746,2,quindi,quindi,quindi,ADV,_
746-2,BOI019,746,746,3,noi,noi,noi,PRON,_
746-3,BOI019,746,746,4,lì,lì,lì,ADV,_
746-4,BOI019,746,746,5,abbiamo::,abbiamo,abbare,VERB,_
747-0,BOI019,747,747,1,eh,eh,eh,INTJ,_
747-1,BOI019,747,747,2,quando,quando,quando,SCONJ,_
747-2,BOI019,747,747,3,sono,sono,essere,AUX,_
747-3,BOI019,747,747,4,arrivati,arrivati,arrivare,VERB,_
747-4,BOI019,747,747,5,gli,gli,il,DET,_
747-5,BOI019,747,747,6,inglesi,inglesi,inglese,NOUN,_
747-6,BOI019,747,747,7,noi,noi,noi,PRON,_
747-7,BOI019,747,747,8,abbiamo,abbiamo,abbare,VERB,_
747-8,BOI019,747,747,9,m:h,mh,mh,ADV,_
747-9,BOI019,747,747,10,gli,gli,il,DET,_
747-10,BOI019,747,747,11,inglesi,inglesi,inglese,NOUN,_
747-11,BOI019,747,747,12,americani,americani,americano,ADJ,_
747-12,BOI019,747,747,13,tru~,tru~,tru~,PROPN,Interrupted=Yes
747-13,BOI019,747,747,14,truppe,truppe,truppo,DET,_
747-14,BOI019,747,747,15,m::h,mh,mh,NOUN,_
747-15,BOI019,747,747,16,alleate,alleate,alleare,VERB,_
747-16,BOI019,747,747,17,proprio,proprio,proprio,ADV,_
747-17,BOI019,747,747,18,miste,miste,mista,NOUN,_
748-0,BOI019,748,748,1,era,era,essere,AUX,_
748-1,BOI019,748,748,2,era,era,essere,AUX,_
748-2,BOI019,748,748,3,era,era,essere,AUX,_
748-3,BOI019,748,748,4,l',l',il,DET,SpaceAfter=No
748-4,BOI019,748,748,5,armata,armata,armata,NOUN,_
749-0,BOI019,749,749,1,inglese,inglese,inglese,NOUN,_
749-1,BOI019,749,749,2,però,però,però,ADV,_
749-2,BOI019,749,749,3,{P},{P},_,_,_
749-3,BOI019,749,749,4,forse,forse,forse,ADV,_
750-0,BOI019,750,750,1,erano:,erano,essere,AUX,_
751-0,BOI019,751,751,1,eh,eh,eh,INTJ,_
751-1,BOI019,751,751,2,sai,sai,sapere,VERB,_
751-2,BOI019,751,751,3,l',l',il,DET,SpaceAfter=No
751-3,BOI019,751,751,4,inghi~,inghi~,inghi~,PROPN,Interrupted=Yes
751-4,BOI019,751,751,5,l',l',il,DET,SpaceAfter=No
751-5,BOI019,751,751,6,inghilterra,inghilterra,inghilterra,NOUN,_
751-6,BOI019,751,751,7,era,era,essere,AUX,_
751-7,BOI019,751,751,8,una,una,uno,DET,_
751-8,BOI019,751,751,9,potenza,potenza,potenza,NOUN,_
751-9,BOI019,751,751,10,anche::,anche,anche,ADV,_
752-0,BOI019,752,752,1-2,nel,nel,_,_,_
752-0a,_,_,752,1,_,in,in,ADP,_
752-0b,_,_,752,2,_,il,il,DET,_
752-1,BOI019,752,752,3-4,nel,nel,_,_,_
752-1a,_,_,752,3,_,in,in,ADP,_
752-1b,_,_,752,4,_,il,il,DET,_
752-2,BOI019,752,752,5,in,in,in,ADP,_
752-3,BOI019,752,752,6,india,india,india,NOUN,_
752-4,BOI019,752,752,7-8,dalle,dalle,_,_,_
752-4a,_,_,752,7,_,da,da,ADP,_
752-4b,_,_,752,8,_,le,il,DET,_
752-5,BOI019,752,752,9,parti,parti,parte,NOUN,_
752-6,BOI019,752,752,10,infatti,infatti,infatti,ADV,_
752-7,BOI019,752,752,11,lì,lì,lì,ADV,_
752-8,BOI019,752,752,12,c',c',ci,PRON,SpaceAfter=No
752-9,BOI019,752,752,13,erano,erano,essere,VERB,_
752-10,BOI019,752,752,14,gli,gli,il,DET,_
752-11,BOI019,752,752,15,indiani,indiani,indiano,NOUN,_
752-12,BOI019,752,752,16,c',c',ci,PRON,SpaceAfter=No
752-13,BOI019,752,752,17,era,era,essere,VERB,_
753-0,BOI019,753,753,1,m~,m~,m~,PROPN,Interrupted=Yes
753-1,BOI019,753,753,2,marocchini,marocchini,marocchino,NOUN,_
753-2,BOI019,753,753,3,c',c',ci,PRON,SpaceAfter=No
753-3,BOI019,753,753,4,era,era,essere,VERB,_
753-4,BOI019,753,753,5,tutta,tutta,tutto,DET,_
753-5,BOI019,753,753,6,gente,gente,gente,NOUN,_
753-6,BOI019,753,753,7,così,così,così,ADV,_
754-0,BOI019,754,754,1,quando,quando,quando,SCONJ,_
754-1,BOI019,754,754,2,m::h,mh,mh,INTJ,_
755-0,BOI019,755,755,1,sono,sono,essere,AUX,_
755-1,BOI019,755,755,2,arrivati,arrivati,arrivare,VERB,_
756-0,BOI019,756,756,1,oltre::,oltre,oltre,ADV,_
756-1,BOI019,756,756,2-3,all',all',_,_,SpaceAfter=No
756-1a,_,_,756,2,_,a,a,ADP,_
756-1b,_,_,756,3,_,l',il,DET,_
756-2,BOI019,756,756,4,occupazione,occupazione,occupazione,NOUN,_
756-3,BOI019,756,756,5,militare,militare,militare,ADJ,_
756-4,BOI019,756,756,6,sono,sono,essere,AUX,_
756-5,BOI019,756,756,7,arrivati,arrivati,arrivare,VERB,_
756-6,BOI019,756,756,8,con,con,con,ADP,_
756-7,BOI019,756,756,9,le,le,il,DET,_
756-8,BOI019,756,756,10,loro,loro,loro,DET,_
756-9,BOI019,756,756,11,orchestre,orchestre,orchestra,NOUN,_
757-0,BOI019,757,757,1,quindi,quindi,quindi,ADV,_
757-1,BOI019,757,757,2,{P},{P},_,_,_
757-2,BOI019,757,757,3,e::hm,ehm,ehm,NOUN,_
757-3,BOI019,757,757,4-5,nella,nella,_,_,_
757-3a,_,_,757,4,_,in,in,ADP,_
757-3b,_,_,757,5,_,la,il,DET,_
757-4,BOI019,757,757,6,nostra,nostra,nostro,DET,_
757-5,BOI019,757,757,7,piazza,piazza,piazza,NOUN,_
757-6,BOI019,757,757,8,{P},{P},_,_,_
757-7,BOI019,757,757,9,tutte,tutte,tutto,DET,_
757-8,BOI019,757,757,10,le,le,il,DET,_
757-9,BOI019,757,757,11,sere,sere,sera,NOUN,_
758-0,BOI019,758,758,1,c',c',ci,PRON,SpaceAfter=No
758-1,BOI019,758,758,2,era,era,essere,VERB,_
758-2,BOI019,758,758,3,e:::hm::,ehm,ehm,X,_
758-3,BOI019,758,758,4,un,un,uno,DET,_
758-4,BOI019,758,758,5,concerto,concerto,concerto,NOUN,_
759-0,BOI019,759,759,1,una,una,uno,DET,_
759-1,BOI019,759,759,2,musica,musica,musica,NOUN,_
759-2,BOI019,759,759,3,nuova,nuova,nuovo,ADJ,_
759-3,BOI019,759,759,4,una,una,uno,DET,_
759-4,BOI019,759,759,5,musica,musica,musica,NOUN,_
759-5,BOI019,759,759,6,che,che,che,PRON,_
759-6,BOI019,759,759,7,non,non,non,ADV,_
759-7,BOI019,759,759,8,avevamo,avevamo,avere,AUX,_
759-8,BOI019,759,759,9,mai,mai,mai,ADV,_
759-9,BOI019,759,759,10,sentito,sentito,sentire,VERB,_
759-10,BOI019,759,759,11,e,e,e,CCONJ,_
759-11,BOI019,759,759,12,cos',cos',cos',PRON,SpaceAfter=No
759-12,BOI019,759,759,13,era,era,essere,AUX,_
759-13,BOI019,759,759,14,era,era,essere,AUX,_
759-14,BOI019,759,759,15,la,la,il,DET,_
759-15,BOI019,759,759,16,musica,musica,musica,NOUN,_
759-16,BOI019,759,759,17,jazz,jazz,jazz,NOUN,_
760-0,BOI019,760,760,1,noi,noi,noi,PRON,_
760-1,BOI019,760,760,2,il,il,il,DET,_
760-2,BOI019,760,760,3,jazz,jazz,jazz,NOUN,_
760-3,BOI019,760,760,4,l',l',l',DET,SpaceAfter=No
760-4,BOI019,760,760,5,abbiamo,abbiamo,abbare,VERB,_
760-5,BOI019,760,760,6,proprio,proprio,proprio,ADV,_
761-0,BOI019,761,761,1,imparato,imparato,imparare,VERB,_
762-0,BOI019,762,762,1,attraverso::,attraverso,attraverso,ADP,_
762-1,BOI019,762,762,2,l',l',il,DET,SpaceAfter=No
762-2,BOI019,762,762,3,occupazione,occupazione,occupazione,NOUN,_
762-3,BOI019,762,762,4,militare,militare,militare,ADJ,_
763-0,BOI019,763,763,1,che,che,che,SCONJ,_
763-1,BOI019,763,763,2,poi,poi,poi,ADV,_
764-0,BOI019,764,764,1,le,le,il,DET,_
764-1,BOI019,764,764,2,nostre,nostre,nostro,DET,_
764-2,BOI019,764,764,3,le,le,il,DET,_
764-3,BOI019,764,764,4,nostre,nostre,nostro,DET,_
764-4,BOI019,764,764,5,bande,bande,banda,NOUN,_
764-5,BOI019,764,764,6,la,la,il,DET,_
764-6,BOI019,764,764,7,banda,banda,banda,NOUN,_
765-0,BOI019,765,765,1,che,che,che,SCONJ,_
765-1,BOI019,765,765,2,suonava,suonava,suonare,VERB,_
765-2,BOI019,765,765,3,arie::,arie,ario,ADJ,_
766-0,BOI019,766,766,1,de~,de~,de~,PROPN,Interrupted=Yes
766-1,BOI019,766,766,2-3,dell',dell',_,_,SpaceAfter=No
766-1a,_,_,766,2,_,di,di,ADP,_
766-1b,_,_,766,3,_,l',il,DET,_
766-2,BOI019,766,766,4,opera,opera,opera,NOUN,_
766-3,BOI019,766,766,5,lirica,lirica,lirico,ADJ,_
767-0,BOI019,767,767,1,dopo,dopo,dopo,ADV,_
767-1,BOI019,767,767,2,incominciò,incominciò,incominciare,VERB,_
767-2,BOI019,767,767,3,a,a,a,ADP,_
767-3,BOI019,767,767,4,suonare,suonare,suonare,VERB,_
767-4,BOI019,767,767,5,addirittura,addirittura,addirittura,ADV,_
767-5,BOI019,767,767,6,il,il,il,DET,_
767-6,BOI019,767,767,7,jazz,jazz,jazz,NOUN,_
768-0,BOI019,768,768,1,quindi,quindi,quindi,ADV,_
768-1,BOI019,768,768,2,è,è,essere,AUX,_
768-2,BOI019,768,768,3,stato,stato,essere,AUX,_
768-3,BOI019,768,768,4,un,un,uno,DET,_
768-4,BOI019,768,768,5,un,un,uno,DET,_
768-5,BOI019,768,768,6,periodo,periodo,periodo,NOUN,_
768-6,BOI019,768,768,7,bello,bello,bello,ADJ,_
768-7,BOI019,768,768,8,quello,quello,quello,PRON,_
768-8,BOI019,768,768,9-10,dell',dell',_,_,SpaceAfter=No
768-8a,_,_,768,9,_,di,di,ADP,_
768-8b,_,_,768,10,_,l',il,DET,_
768-9,BOI019,768,768,11,occupazione,occupazione,occupazione,NOUN,_
769-0,BOI019,769,769,1,s,s,s,NOUN,_
770-0,BOI019,770,770,1,poi,poi,poi,ADV,_
770-1,BOI019,770,770,2,dopo,dopo,dopo,ADV,_
770-2,BOI019,770,770,3,eh,eh,eh,INTJ,_
770-3,BOI019,770,770,4,dopo,dopo,dopo,ADV,_
770-4,BOI019,770,770,5,è,è,essere,AUX,_
770-5,BOI019,770,770,6,arrivata::,arrivata,arrivare,VERB,_
770-6,BOI019,770,770,7,la,la,il,DET,_
770-7,BOI019,770,770,8,conoscenza,conoscenza,conoscenza,NOUN,_
771-0,BOI019,771,771,1,anche::,anche,anche,ADV,_
772-0,BOI019,772,772,1,e::h,eh,eh,INTJ,_
772-1,BOI019,772,772,2,non,non,non,ADV,_
772-2,BOI019,772,772,3,so,so,sapere,VERB,_
772-3,BOI019,772,772,4,eh,eh,eh,ADV,_
772-4,BOI019,772,772,5-6,della,della,_,_,_
772-4a,_,_,772,5,_,di,di,ADP,_
772-4b,_,_,772,6,_,la,il,DET,_
772-5,BOI019,772,772,7,cioccolata,cioccolata,cioccolato,NOUN,_
772-6,BOI019,772,772,8,{ride},{ride},_,_,_
772-7,BOI019,772,772,9,non,non,non,ADV,_
772-8,BOI019,772,772,10,avevamo,avevamo,avere,AUX,_
772-9,BOI019,772,772,11,mai,mai,mai,ADV,_
772-10,BOI019,772,772,12,mangiato,mangiato,mangiare,VERB,_
772-11,BOI019,772,772,13,la,la,il,DET,_
772-12,BOI019,772,772,14,cioccolata,cioccolata,cioccolato,NOUN,_
772-13,BOI019,772,772,15,non,non,non,ADV,_
772-14,BOI019,772,772,16,c',c',ci,PRON,SpaceAfter=No
772-15,BOI019,772,772,17,era,era,essere,VERB,_
772-16,BOI019,772,772,18,la,la,il,DET,_
772-17,BOI019,772,772,19,cioccolata,cioccolata,cioccolato,NOUN,_
772-18,BOI019,772,772,20-21,ai,ai,_,_,_
772-18a,_,_,772,20,_,a,a,ADP,_
772-18b,_,_,772,21,_,i,il,DET,_
772-19,BOI019,772,772,22,miei,miei,mio,DET,_
772-20,BOI019,772,772,23,tempi,tempi,tempo,NOUN,_
773-0,BOI019,773,773,1,cioccolatini,cioccolatini,cioccolato,NOUN,_
773-1,BOI019,773,773,2,poi,poi,poi,ADV,_
773-2,BOI019,773,773,3,neanche,neanche,neanche,ADV,_
773-3,BOI019,773,773,4,per~,per~,per~,PROPN,Interrupted=Yes
774-0,BOI019,774,774,1,o::,o,o,CCONJ,_
774-1,BOI019,774,774,2,le,le,il,DET,_
774-2,BOI019,774,774,3,caramelle,caramelle,caramella,NOUN,_
774-3,BOI019,774,774,4-5,col,col,_,_,_
774-3a,_,_,774,4,_,con,con,ADP,_
774-3b,_,_,774,5,_,il,il,DET,_
774-4,BOI019,774,774,6,buco,buco,buco,NOUN,_
775-0,BOI019,775,775,1,eh,eh,eh,INTJ,_
775-1,BOI019,775,775,2,l~,l~,l~,PROPN,Interrupted=Yes
775-2,BOI019,775,775,3,la,la,il,DET,_
775-3,BOI019,775,775,4,cicles,cicles,cicle,NOUN,_
775-4,BOI019,775,775,5,{ride},{ride},_,_,_
775-5,BOI019,775,775,6,caramelle,caramelle,caramella,NOUN,_
775-6,BOI019,775,775,7-8,col,col,_,_,_
775-6a,_,_,775,7,_,con,con,ADP,_
775-6b,_,_,775,8,_,il,il,DET,_
775-7,BOI019,775,775,9,buco,buco,buco,NOUN,_
776-0,BOR005,776,776,0,{ride},{ride},_,X,_
777-0,BOI019,777,777,1,{sospira},{sospira},_,_,_
777-1,BOI019,777,777,2,però,però,però,ADV,_
777-2,BOI019,777,777,3,{P},{P},_,_,_
777-3,BOI019,777,777,4,però,però,però,ADV,_
778-0,BOI019,778,778,1,ci,ci,ci,PRON,_
778-1,BOI019,778,778,2,fu,fu,essere,AUX,_
778-2,BOI019,778,778,3,anche,anche,anche,ADV,_
778-3,BOI019,778,778,4,un',un',uno,DET,SpaceAfter=No
778-4,BOI019,778,778,5,altra,altra,altro,ADJ,_
778-5,BOI019,778,778,6,cosa,cosa,cosa,NOUN,_
778-6,BOI019,778,778,7,questa,questa,questo,PRON,_
778-7,BOI019,778,778,8,non,non,non,ADV,_
778-8,BOI019,778,778,9,era,era,essere,AUX,_
778-9,BOI019,778,778,10,proprio::,proprio,proprio,ADV,_
778-10,BOI019,778,778,11,allegra,allegra,allegrare,VERB,_
779-0,BOI019,779,779,1,{sospira},{sospira},_,_,_
779-1,BOI019,779,779,2,mi,mi,mi,PRON,_
779-2,BOI019,779,779,3,ricordo,ricordo,ricordare,VERB,_
779-3,BOI019,779,779,4,{sospira},{sospira},_,_,_
780-0,BOI019,780,780,1,siccome,siccome,siccome,SCONJ,_
780-1,BOI019,780,780,2,m::h,mh,mh,ADJ,_
780-2,BOI019,780,780,3,sai,sai,sai,NOUN,_
780-3,BOI019,780,780,4-5,nelle,nelle,_,_,_
780-3a,_,_,780,4,_,in,in,ADP,_
780-3b,_,_,780,5,_,le,il,DET,_
780-4,BOI019,780,780,6,nostre,nostre,nostro,DET,_
780-5,BOI019,780,780,7,case,case,casa,NOUN,_
780-6,BOI019,780,780,8,non,non,non,ADV,_
780-7,BOI019,780,780,9,è,è,essere,AUX,_
780-8,BOI019,780,780,10,che,che,che,SCONJ,_
780-9,BOI019,780,780,11,ci,ci,ci,PRON,_
780-10,BOI019,780,780,12,fosse,fosse,essere,VERB,_
780-11,BOI019,780,780,13,tanta,tanta,tanto,DET,_
781-0,BOI019,781,781,1,igiene,igiene,igenere,VERB,_
781-1,BOI019,781,781,2,non,non,non,ADV,_
781-2,BOI019,781,781,3,è,è,essere,AUX,_
781-3,BOI019,781,781,4,che,che,che,SCONJ,_
781-4,BOI019,781,781,5,si,si,si,PRON,_
781-5,BOI019,781,781,6,conoscevano,conoscevano,conoscere,VERB,_
781-6,BOI019,781,781,7,tante,tante,tanto,DET,_
781-7,BOI019,781,781,8,cose,cose,cosa,NOUN,_
781-8,BOI019,781,781,9,non,non,non,ADV,_
781-9,BOI019,781,781,10,avevamo,avevamo,avere,VERB,_
781-10,BOI019,781,781,11,i,i,il,DET,_
781-11,BOI019,781,781,12,bagni,bagni,bagno,NOUN,_
781-12,BOI019,781,781,13,i,i,il,DET,_
781-13,BOI019,781,781,14,gabinetti,gabinetti,gabinetto,NOUN,_
781-14,BOI019,781,781,15,comuni,comuni,comune,ADJ,_
781-15,BOI019,781,781,16,tutto,tutto,tutto,DET,_
781-16,BOI019,781,781,17,il,il,il,DET,_
781-17,BOI019,781,781,18,resto,resto,resto,NOUN,_
782-0,BOI019,782,782,1,quindi,quindi,quindi,ADV,_
782-1,BOI019,782,782,2,arrivò,arrivò,arrivare,VERB,_
782-2,BOI019,782,782,3,anche,anche,anche,ADV,_
782-3,BOI019,782,782,4,la,la,il,DET,_
782-4,BOI019,782,782,5,disimpiazione,disimpiazione,disimpiazione,NOUN,_
782-5,BOI019,782,782,6-7,col,col,_,_,_
782-5a,_,_,782,6,_,con,con,ADP,_
782-5b,_,_,782,7,_,il,il,DET,_
782-6,BOI019,782,782,8-9,col,col,_,_,_
782-6a,_,_,782,8,_,con,con,NOUN,_
782-6b,_,_,782,9,_,il,il,DET,_
782-7,BOI019,782,782,10-11,col::,col,_,_,_
782-7a,_,_,782,10,_,con,con,ADP,_
782-7b,_,_,782,11,_,il,il,DET,_
783-0,BOI019,783,783,1,e::hm,ehm,ehm,NOUN,_
783-1,BOI019,783,783,2,eh,eh,eh,NOUN,_
783-2,BOI019,783,783,3,come,come,come,ADP,_
783-3,BOI019,783,783,4,si~,si~,si~,PROPN,Interrupted=Yes
783-4,BOI019,783,783,5-6,col,col,_,_,_
783-4a,_,_,783,5,_,con,con,ADP,_
783-4b,_,_,783,6,_,il,il,DET,_
783-5,BOI019,783,783,7,flit,flit,flit,NOUN,_
784-0,BOR005,784,784,1,mhmh,mhmh,mhmh,NOUN,_
785-0,BOI019,785,785,1,e::hm,ehm,ehm,NOUN,_
785-1,BOI019,785,785,2,(conghe),conghe,congo,ADJ,_
786-0,BOI019,786,786,1,avevano,avevano,avere,VERB,_
786-1,BOI019,786,786,2,addirittura,addirittura,addirittura,ADV,_
786-2,BOI019,786,786,3,de~,de~,de~,PROPN,Interrupted=Yes
786-3,BOI019,786,786,4-5,delle,delle,_,_,_
786-3a,_,_,786,4,_,di,di,ADP,_
786-3b,_,_,786,5,_,le,il,DET,_
786-4,BOI019,786,786,6,macchine,macchine,macchina,NOUN,_
786-5,BOI019,786,786,7,che,che,che,PRON,_
786-6,BOI019,786,786,8,sembravano,sembravano,sembrare,VERB,_
786-7,BOI019,786,786,9-10,dei,dei,_,_,_
786-7a,_,_,786,9,_,di,di,ADP,_
786-7b,_,_,786,10,_,i,il,DET,_
786-8,BOI019,786,786,11,cannoncini,cannoncini,cannoncino,NOUN,_
787-0,BOI019,787,787,1,e,e,e,CCONJ,_
787-1,BOI019,787,787,2,che:,che,che,SCONJ,_
787-2,BOI019,787,787,3,mh,mh,mh,NOUN,_
788-0,BOI019,788,788,1,e::hm,ehm,ehm,NOUN,_
789-0,BOI019,789,789,1,spargevano,spargevano,spargere,VERB,_
790-0,BOI019,790,790,1,il,il,il,DET,_
790-1,BOI019,790,790,2,ddt,ddt,ddt,NOUN,_
790-2,BOI019,790,790,3,che,che,che,PRON,_
790-3,BOI019,790,790,4,è,è,essere,AUX,_
790-4,BOI019,790,790,5,un,un,uno,DET,_
790-5,BOI019,790,790,6,p~,p~,p~,PROPN,Interrupted=Yes
790-6,BOI019,790,790,7,un,un,uno,DET,_
790-7,BOI019,790,790,8,potente,potente,potente,ADJ,_
790-8,BOI019,790,790,9,veleno,veleno,veleno,NOUN,_
791-0,BOR005,791,791,1,ah,ah,ah,INTJ,_
791-1,BOR005,791,791,2,sì?,sì,sì,ADV,Intonation=rising
792-0,BOI019,792,792,1,per,per,per,ADP,_
792-1,BOI019,792,792,2,a~,a~,a~,PROPN,Interrupted=Yes
792-2,BOI019,792,792,3,per,per,per,ADP,_
792-3,BOI019,792,792,4,ammazzare,ammazzare,ammazzare,VERB,_
793-0,BOI019,793,793,1,quelle,quelle,quello,PRON,_
793-1,BOI019,793,793,2,che,che,che,PRON,_
793-2,BOI019,793,793,3,erano,erano,essere,AUX,_
793-3,BOI019,793,793,4,pulci::,pulci,pulco,ADJ,_
794-0,BOI019,794,794,1,e::h,eh,eh,NOUN,_
794-1,BOI019,794,794,2,"blatte,",blatte,blatto,ADJ,Intonation=weakly_rising
795-0,BOI019,795,795,1,tutto,tutto,tutto,DET,_
795-1,BOI019,795,795,2,quello,quello,quello,PRON,_
795-2,BOI019,795,795,3,che,che,che,PRON,_
795-3,BOI019,795,795,4,c',c',ci,PRON,SpaceAfter=No
795-4,BOI019,795,795,5,era,era,essere,VERB,_
795-5,BOI019,795,795,6,in,in,in,ADP,_
795-6,BOI019,795,795,7,giro,giro,giro,NOUN,_
795-7,BOI019,795,795,8,eh,eh,eh,ADJ,_
795-8,BOI019,795,795,9,questo,questo,questo,PRON,_
795-9,BOI019,795,795,10,lo,lo,lo,PRON,_
795-10,BOI019,795,795,11,facevano,facevano,fare,VERB,_
795-11,BOI019,795,795,12,anche,anche,anche,ADV,_
795-12,BOI019,795,795,13-14,nelle,nelle,_,_,_
795-12a,_,_,795,13,_,in,in,ADP,_
795-12b,_,_,795,14,_,le,il,DET,_
795-13,BOI019,795,795,15,case,case,casa,NOUN,_
795-14,BOI019,795,795,16,eh,eh,eh,ADJ,_
796-0,BOI019,796,796,1,a::h,ah,ah,INTJ,_
796-1,BOI019,796,796,2,tutta,tutta,tutto,DET,_
796-2,BOI019,796,796,3,una,una,uno,DET,_
796-3,BOI019,796,796,4,roba,roba,roba,NOUN,_
796-4,BOI019,796,796,5,così,così,così,ADV,_
797-0,BOR005,797,797,0,{ride},{ride},_,X,_
798-0,BOI019,798,798,1,quindi,quindi,quindi,ADV,_
798-1,BOI019,798,798,2,{ride},{ride},_,_,_
799-0,BOI019,799,799,1,quindi,quindi,quindi,ADV,_
799-1,BOI019,799,799,2,sono,sono,essere,AUX,_
799-2,BOI019,799,799,3,arrivate,arrivate,arrivare,VERB,_
799-3,BOI019,799,799,4,tante,tante,tanto,DET,_
799-4,BOI019,799,799,5,cose,cose,cosa,NOUN,_
800-0,BOI019,800,800,1,con::,con,con,ADP,_
800-1,BOI019,800,800,2,con,con,con,ADP,_
800-2,BOI019,800,800,3,i,i,il,DET,_
800-3,BOI019,800,800,4,nostri::,nostri,nostro,DET,_
800-4,BOI019,800,800,5,con,con,con,ADP,_
800-5,BOI019,800,800,6,gli,gli,il,DET,_
800-6,BOI019,800,800,7,alleati,alleati,alleato,NOUN,_
801-0,BOI019,801,801,1,la,la,il,DET,_
801-1,BOI019,801,801,2,danza,danza,danza,NOUN,_
801-2,BOI019,801,801,3,la,la,il,DET,_
801-3,BOI019,801,801,4,danza,danza,danza,NOUN,_
801-4,BOI019,801,801,5-6,del,del,_,_,_
801-4a,_,_,801,5,_,di,di,ADP,_
801-4b,_,_,801,6,_,il,il,DET,_
801-5,BOI019,801,801,7,sole,sole,sole,NOUN,_
802-0,BOI019,802,802,1,perché,perché,perché,SCONJ,_
803-0,BOI019,803,803,1,il,il,il,DET,_
803-1,BOI019,803,803,2,periodo,periodo,periodo,NOUN,_
803-2,BOI019,803,803,3,mi,mi,mi,PRON,_
803-3,BOI019,803,803,4,ricordo,ricordo,ricordare,VERB,_
803-4,BOI019,803,803,5,di,di,di,ADP,_
803-5,BOI019,803,803,6,novembre,novembre,novembre,NOUN,_
804-0,BOI019,804,804,1,ottobre,ottobre,ottobre,NOUN,_
804-1,BOI019,804,804,2,novembre,novembre,novembre,NOUN,_
805-0,BOI019,805,805,1,era:,era,essere,AUX,_
805-1,BOI019,805,805,2,un,un,uno,DET,_
805-2,BOI019,805,805,3,periodo,periodo,periodo,NOUN,_
805-3,BOI019,805,805,4,molto,molto,molto,ADV,_
805-4,BOI019,805,805,5,piovigginoso,piovigginoso,piovigginoso,ADJ,_
805-5,BOI019,805,805,6,tanta,tanta,tanto,DET,_
805-6,BOI019,805,805,7,acqua,acqua,acqua,NOUN,_
805-7,BOI019,805,805,8,proprio,proprio,proprio,ADV,_
805-8,BOI019,805,805,9,tanta,tanta,tanto,DET,_
805-9,BOI019,805,805,10,acqua,acqua,acqua,NOUN,_
806-0,BOI019,806,806,1,e,e,e,CCONJ,_
806-1,BOI019,806,806,2,allora,allora,allora,ADV,_
806-2,BOI019,806,806,3,m::h,mh,mh,INTJ,_
806-3,BOI019,806,806,4,questi,questi,questo,DET,_
806-4,BOI019,806,806,5,soldati,soldati,soldato,NOUN,_
806-5,BOI019,806,806,6,che,che,che,PRON,_
806-6,BOI019,806,806,7,venivano,venivano,venire,VERB,_
807-0,BOI019,807,807,1,proprio,proprio,proprio,ADV,_
807-1,BOI019,807,807,2,anche,anche,anche,ADV,_
807-2,BOI019,807,807,3-4,dal,dal,_,_,_
807-2a,_,_,807,3,_,da,da,ADP,_
807-2b,_,_,807,4,_,il,il,DET,_
807-3,BOI019,807,807,5-6,dal,dal,_,_,_
807-3a,_,_,807,5,_,da,da,ADP,_
807-3b,_,_,807,6,_,il,il,DET,_
807-4,BOI019,807,807,7,modo,modo,modo,NOUN,_
807-5,BOI019,807,807,8,asiatico,asiatico,asiatico,ADJ,_
808-0,BOI019,808,808,1,m::h,mh,mh,ADV,_
808-1,BOI019,808,808,2,noi,noi,noi,PRON,_
808-2,BOI019,808,808,3,li,li,li,PRON,_
808-3,BOI019,808,808,4,chiamavamo,chiamavamo,chiamare,VERB,_
808-4,BOI019,808,808,5,anche,anche,anche,ADV,_
808-5,BOI019,808,808,6,marocchini,marocchini,marocchino,NOUN,_
808-6,BOI019,808,808,7,ma,ma,ma,CCONJ,_
808-7,BOI019,808,808,8,non,non,non,ADV,_
808-8,BOI019,808,808,9,lo,lo,lo,PRON,_
808-9,BOI019,808,808,10,so,so,sapere,VERB,_
808-10,BOI019,808,808,11,se,se,se,SCONJ,_
808-11,BOI019,808,808,12,erano,erano,essere,AUX,_
808-12,BOI019,808,808,13,proprio,proprio,proprio,ADV,_
808-13,BOI019,808,808,14,anche,anche,anche,ADV,_
808-14,BOI019,808,808,15,africani,africani,africano,ADJ,_
809-0,BOI019,809,809,1,comunque,comunque,comunque,ADV,_
809-1,BOI019,809,809,2,c',c',ci,PRON,SpaceAfter=No
809-2,BOI019,809,809,3,eran,eran,erande,ADJ,_
809-3,BOI019,809,809,4,anche,anche,anche,ADV,_
809-4,BOI019,809,809,5-6,dei,dei,_,_,_
809-4a,_,_,809,5,_,di,di,ADP,_
809-4b,_,_,809,6,_,i,il,DET,_
809-5,BOI019,809,809,7,neri,neri,nero,ADJ,_
810-0,BOI019,810,810,1,{sospira},{sospira},_,_,_
810-1,BOI019,810,810,2,e::hm,ehm,ehm,NOUN,_
811-0,BOI019,811,811,1,mi,mi,mi,PRON,_
811-1,BOI019,811,811,2,ricordo,ricordo,ricordare,VERB,_
812-0,BOI019,812,812,1,che,che,che,PRON,_
812-1,BOI019,812,812,2,facevano,facevano,fare,VERB,_
812-2,BOI019,812,812,3,la,la,il,DET,_
812-3,BOI019,812,812,4,danza,danza,danza,NOUN,_
812-4,BOI019,812,812,5,de,de,di,ADP,_
812-5,BOI019,812,812,6,de,de,de,PROPN,_
812-6,BOI019,812,812,7-8,della,della,_,_,_
812-6a,_,_,812,7,_,di,di,ADP,_
812-6b,_,_,812,8,_,la,la,DET,_
812-7,BOI019,812,812,9-10,della,della,_,_,_
812-7a,_,_,812,9,_,di,di,ADP,_
812-7b,_,_,812,10,_,la,il,DET,_
812-8,BOI019,812,812,11,mh,mh,mh,NOUN,_
812-9,BOI019,812,812,12,de,de,di,ADP,_
812-10,BOI019,812,812,13,sole,sole,sole,NOUN,_
813-0,BOI019,813,813,1,{sospira},{sospira},_,_,_
813-1,BOI019,813,813,2,e::,e,e,CCONJ,_
813-2,BOI019,813,813,3,tutti,tutti,tutto,PRON,_
813-3,BOI019,813,813,4,in,in,in,ADP,_
813-4,BOI019,813,813,5,in,in,in,ADP,_
813-5,BOI019,813,813,6,cerchio,cerchio,cerchio,NOUN,_
814-0,BOI019,814,814,1,o,o,o,CCONJ,_
814-1,BOI019,814,814,2,in,in,in,ADP,_
814-2,BOI019,814,814,3,senso,senso,senso,NOUN,_
814-3,BOI019,814,814,4,orario,orario,orario,ADJ,_
814-4,BOI019,814,814,5,o,o,o,CCONJ,_
814-5,BOI019,814,814,6,un,un,uno,DET,_
814-6,BOI019,814,814,7,po',po',poco,ADV,_
814-7,BOI019,814,814,8,in,in,in,ADP,_
814-8,BOI019,814,814,9,senso,senso,senso,NOUN,_
814-9,BOI019,814,814,10,orario,orario,orario,ADJ,_
814-10,BOI019,814,814,11,e,e,e,CCONJ,_
814-11,BOI019,814,814,12,poi,poi,poi,ADV,_
814-12,BOI019,814,814,13,in,in,in,ADP,_
814-13,BOI019,814,814,14,senso,senso,senso,NOUN,_
814-14,BOI019,814,814,15,contrario,contrario,contrario,ADJ,_
815-0,BOI019,815,815,1,con,con,con,ADP,_
815-1,BOI019,815,815,2,un:,un,uno,DET,_
815-2,BOI019,815,815,3,canto,canto,canto,NOUN,_
815-3,BOI019,815,815,4,non,non,non,ADV,_
815-4,BOI019,815,815,5,so,so,sapere,VERB,_
815-5,BOI019,815,815,6,che,che,che,SCONJ,_
816-0,BOI019,816,816,1,un,un,uno,DET,_
816-1,BOI019,816,816,2,altro,altro,altro,PRON,_
816-2,BOI019,816,816,3,che,che,che,PRON,_
816-3,BOI019,816,816,4,cosava,cosava,cosare,VERB,_
816-4,BOI019,816,816,5,ne~,ne~,ne~,PROPN,Interrupted=Yes
816-5,BOI019,816,816,6,in,in,in,ADP,_
816-6,BOI019,816,816,7,un,un,uno,DET,_
816-7,BOI019,816,816,8,"bidone,",bidone,bidone,NOUN,Intonation=weakly_rising
817-0,BOI019,817,817,1,e,e,e,CCONJ,_
817-1,BOI019,817,817,2,uno,uno,uno,PRON,_
817-2,BOI019,817,817,3,in,in,in,ADP,_
817-3,BOI019,817,817,4,mezzo,mezzo,mezzo,NOUN,_
818-0,BOI019,818,818,1,che,che,che,PRON,_
818-1,BOI019,818,818,2,aveva,aveva,avere,AUX,_
818-2,BOI019,818,818,3,raccolto,raccolto,raccogliere,VERB,_
818-3,BOI019,818,818,4,da,da,da,ADP,_
818-4,BOI019,818,818,5,una,una,uno,DET,_
818-5,BOI019,818,818,6,nostra,nostra,nostro,DET,_
818-6,BOI019,818,818,7,siepe,siepe,siepe,NOUN,_
819-0,BOI019,819,819,1,aveva,aveva,avere,AUX,_
819-1,BOI019,819,819,2,raccolto,raccolto,raccogliere,VERB,_
820-0,BOI019,820,820,1,la,la,il,DET,_
820-1,BOI019,820,820,2,pelle,pelle,pelle,NOUN,_
820-2,BOI019,820,820,3,di,di,di,ADP,_
820-3,BOI019,820,820,4,un,un,uno,DET,_
820-4,BOI019,820,820,5,coniglio,coniglio,coniglio,NOUN,_
821-0,BOI019,821,821,1,e,e,e,CCONJ,_
821-1,BOI019,821,821,2,in,in,in,ADP,_
821-2,BOI019,821,821,3,mezzo,mezzo,mezzo,NOUN,_
821-3,BOI019,821,821,4,faceva::,faceva,fare,VERB,_
821-4,BOI019,821,821,5,{batte_le_mani},{batte_le_mani},_,_,_
821-5,BOI019,821,821,6,era,era,essere,AUX,_
821-6,BOI019,821,821,7,la,la,il,DET,_
821-7,BOI019,821,821,8,danza,danza,danza,NOUN,_
821-8,BOI019,821,821,9-10,del,del,_,_,_
821-8a,_,_,821,9,_,di,di,ADP,_
821-8b,_,_,821,10,_,il,il,DET,_
821-9,BOI019,821,821,11,sole,sole,sole,NOUN,_
821-10,BOI019,821,821,12,dopo,dopo,dopo,ADP,_
822-0,BOI019,822,822,1,ho,ho,avere,AUX,_
822-1,BOI019,822,822,2,saputo,saputo,sapere,VERB,_
822-2,BOI019,822,822,3,che,che,che,SCONJ,_
822-3,BOI019,822,822,4,era,era,essere,AUX,_
822-4,BOI019,822,822,5,la,la,il,DET,_
822-5,BOI019,822,822,6,danza,danza,danza,NOUN,_
822-6,BOI019,822,822,7-8,del,del,_,_,_
822-6a,_,_,822,7,_,di,di,ADP,_
822-6b,_,_,822,8,_,il,il,DET,_
822-7,BOI019,822,822,9,sole,sole,sole,NOUN,_
823-0,BOI019,823,823,1,e,e,e,CCONJ,_
823-1,BOI019,823,823,2,l',l',lo,PRON,SpaceAfter=No
823-2,BOI019,823,823,3,ho,ho,avere,AUX,_
823-3,BOI019,823,823,4,letto,letto,leggere,VERB,_
823-4,BOI019,823,823,5,anche,anche,anche,ADV,_
823-5,BOI019,823,823,6,in,in,in,ADP,_
823-6,BOI019,823,823,7,un,un,uno,DET,_
823-7,BOI019,823,823,8,libro,libro,libro,NOUN,_
824-0,BOI019,824,824,1,di,di,di,ADP,_
824-1,BOI019,824,824,2,di,di,di,ADP,_
824-2,BOI019,824,824,3,di,di,dio,NOUN,_
824-3,BOI019,824,824,4,di,di,di,ADP,_
824-4,BOI019,824,824,5,il,il,il,DET,_
824-5,BOI019,824,824,6,il,il,il,DET,_
824-6,BOI019,824,824,7,re,re,re,NOUN,_
824-7,BOI019,824,824,8-9,della,della,_,_,_
824-7a,_,_,824,8,_,di,di,ADP,_
824-7b,_,_,824,9,_,la,il,DET,_
824-8,BOI019,824,824,10,pioggia,pioggia,pioggia,NOUN,_
825-0,BOR005,825,825,1,mhmh,mhmh,mhmh,NOUN,_
826-0,BOI019,826,826,1,eh,eh,eh,INTJ,_
826-1,BOI019,826,826,2,di,di,di,ADP,_
826-2,BOI019,826,826,3,di,di,di,ADP,_
826-3,BOI019,826,826,4,sciau,sciau,sciau,NOUN,_
826-4,BOI019,826,826,5,bello,bello,bello,ADJ,_
826-5,BOI019,826,826,6,{P},{P},_,_,_
826-6,BOI019,826,826,7,l',l',lo,PRON,SpaceAfter=No
826-7,BOI019,826,826,8,ho,ho,avere,AUX,_
826-8,BOI019,826,826,9,letto,letto,leggere,VERB,_
826-9,BOI019,826,826,10,anche,anche,anche,ADV,_
826-10,BOI019,826,826,11,in,in,in,ADP,_
826-11,BOI019,826,826,12,questo,questo,questo,DET,_
826-12,BOI019,826,826,13,libro,libro,libro,NOUN,_
827-0,BOI019,827,827,1,ho,ho,avere,AUX,_
827-1,BOI019,827,827,2,detto,detto,dire,VERB,_
827-2,BOI019,827,827,3,e::h,eh,eh,INTJ,_
827-3,BOI019,827,827,4,ma,ma,ma,CCONJ,_
827-4,BOI019,827,827,5,era,era,essere,AUX,_
827-5,BOI019,827,827,6,proprio,proprio,proprio,ADV,_
827-6,BOI019,827,827,7,la,la,il,DET,_
827-7,BOI019,827,827,8,danza,danza,danza,NOUN,_
828-0,BOI019,828,828,1-2,del,del,_,_,_
828-0a,_,_,828,1,_,di,di,ADP,_
828-0b,_,_,828,2,_,il,il,DET,_
828-1,BOI019,828,828,3,sole,sole,sole,NOUN,_
829-0,BOR005,829,829,1,mh,mh,mh,NOUN,_
830-0,BOI019,830,830,1,comunque,comunque,comunque,ADV,_
830-1,BOI019,830,830,2,{sospira},{sospira},_,_,_
831-0,BOI019,831,831,1,era,era,essere,AUX,_
831-1,BOI019,831,831,2,un,un,uno,DET,_
831-2,BOI019,831,831,3,periodo,periodo,periodo,NOUN,_
831-3,BOI019,831,831,4,però,però,però,ADV,_
832-0,BOI019,832,832,1,pur,pur,pure,ADV,_
832-1,BOI019,832,832,2,sai,sai,sare,VERB,_
832-2,BOI019,832,832,3,le,le,il,DET,_
832-3,BOI019,832,832,4,guerre,guerre,guerra,NOUN,_
832-4,BOI019,832,832,5,portano,portano,portare,VERB,_
832-5,BOI019,832,832,6,anche,anche,anche,ADV,_
832-6,BOI019,832,832,7,queste,queste,questo,DET,_
832-7,BOI019,832,832,8,cose,cose,cosa,NOUN,_
832-8,BOI019,832,832,9,da,da,da,ADP,_
832-9,BOI019,832,832,10,vecchia,vecchia,vecchio,ADJ,_
832-10,BOI019,832,832,11,data,data,data,NOUN,_
832-11,BOI019,832,832,12,anche,anche,anche,ADV,_
832-12,BOI019,832,832,13-14,del,del,_,_,_
832-12a,_,_,832,13,_,di,di,ADP,_
832-12b,_,_,832,14,_,il,il,DET,_
832-13,BOI019,832,832,15,periodo,periodo,periodo,NOUN,_
832-14,BOI019,832,832,16-17,delle,delle,_,_,_
832-14a,_,_,832,16,_,di,di,ADP,_
832-14b,_,_,832,17,_,le,il,DET,_
832-15,BOI019,832,832,18,sabine,sabine,sabina,NOUN,_
833-0,BOI019,833,833,1-2,dal,dal,_,_,_
833-0a,_,_,833,1,_,da,da,ADP,_
833-0b,_,_,833,2,_,il,il,DET,_
833-1,BOI019,833,833,3,ratto,ratto,ratto,NOUN,_
833-2,BOI019,833,833,4-5,delle,delle,_,_,_
833-2a,_,_,833,4,_,di,di,ADP,_
833-2b,_,_,833,5,_,le,il,DET,_
833-3,BOI019,833,833,6,sabine,sabine,sabina,NOUN,_
834-0,BOI019,834,834,1,e,e,e,CCONJ,_
834-1,BOI019,834,834,2,quindi::,quindi,quindi,ADV,_
834-2,BOI019,834,834,3,le,le,il,DET,_
834-3,BOI019,834,834,4,ragazze,ragazze,ragazza,NOUN,_
834-4,BOI019,834,834,5,dovevano,dovevano,dovere,AUX,_
834-5,BOI019,834,834,6,stare,stare,stare,VERB,_
834-6,BOI019,834,834,7,attente,attente,attento,ADJ,_
834-7,BOI019,834,834,8,perché,perché,perché,SCONJ,_
835-0,BOI019,835,835,1,eh,eh,eh,INTJ,_
835-1,BOI019,835,835,2,potevano,potevano,potere,VERB,_
836-0,BOI019,836,836,1,questi::,questi,questo,DET,_
836-1,BOI019,836,836,2,giovani,giovani,giovane,ADJ,_
836-2,BOI019,836,836,3,occupanti,occupanti,occupante,NOUN,_
837-0,BOI019,837,837,1,e::h,eh,eh,ADV,_
837-1,BOI019,837,837,2,fare,fare,fare,VERB,_
837-2,BOI019,837,837,3-4,degli,degli,_,_,_
837-2a,_,_,837,3,_,di,di,ADP,_
837-2b,_,_,837,4,_,gli,il,DET,_
837-3,BOI019,837,837,5,stupri,stupri,stupre,NOUN,_
837-4,BOI019,837,837,6,in,in,in,ADP,_
837-5,BOI019,837,837,7,giro,giro,giro,NOUN,_
838-0,BOI019,838,838,1,e,e,e,CCONJ,_
838-1,BOI019,838,838,2,mi,mi,mi,PRON,_
838-2,BOI019,838,838,3,ricordo,ricordo,ricordare,VERB,_
838-3,BOI019,838,838,4,io,io,io,PRON,_
838-4,BOI019,838,838,5,ero,ero,erare,VERB,_
838-5,BOI019,838,838,6,una,una,uno,DET,_
838-6,BOI019,838,838,7,bam~,bam~,bam~,PROPN,Interrupted=Yes
839-0,BOI019,839,839,1,adesso,adesso,adesso,ADV,_
839-1,BOI019,839,839,2,a,a,a,ADP,_
839-2,BOI019,839,839,3,quindici,quindici,quindici,NUM,_
839-3,BOI019,839,839,4,anni,anni,anno,NOUN,_
839-4,BOI019,839,839,5,a,a,a,ADP,_
839-5,BOI019,839,839,6,quattordici,quattordici,quattordici,NUM,_
839-6,BOI019,839,839,7,anni,anni,anno,NOUN,_
839-7,BOI019,839,839,8,si,si,si,PRON,_
839-8,BOI019,839,839,9,è,è,essere,AUX,_
839-9,BOI019,839,839,10,già,già,già,ADV,_
839-10,BOI019,839,839,11,giovani,giovani,giovane,ADJ,_
840-0,BOI019,840,840,1,ma,ma,ma,CCONJ,_
840-1,BOI019,840,840,2,io,io,io,PRON,_
840-2,BOI019,840,840,3,ricordo,ricordo,ricordare,VERB,_
840-3,BOI019,840,840,4,che,che,che,SCONJ,_
841-0,BOI019,841,841,1,ti,ti,ti,PRON,_
841-1,BOI019,841,841,2,vorrei,vorrei,volere,AUX,_
841-2,BOI019,841,841,3,far,far,fare,VERB,_
841-3,BOI019,841,841,4,vedere,vedere,vedere,VERB,_
841-4,BOI019,841,841,5,se,se,se,SCONJ,_
841-5,BOI019,841,841,6,ho,ho,avere,VERB,_
841-6,BOI019,841,841,7,una,una,uno,DET,_
841-7,BOI019,841,841,8,foto~,foto~,foto~,PROPN,Interrupted=Yes
841-8,BOI019,841,841,9,la,la,il,DET,_
841-9,BOI019,841,841,10,fotografie,fotografie,fotografia,NOUN,_
841-10,BOI019,841,841,11,sono,sono,essere,AUX,_
841-11,BOI019,841,841,12,importanti,importanti,importante,ADJ,_
842-0,BOI019,842,842,1,avevo,avevo,avere,VERB,_
842-1,BOI019,842,842,2,il,il,il,DET,_
842-2,BOI019,842,842,3,grembiulino,grembiulino,grembiulino,NOUN,_
842-3,BOI019,842,842,4,nero,nero,nero,ADJ,_
842-4,BOI019,842,842,5,quando,quando,quando,SCONJ,_
842-5,BOI019,842,842,6,mi,mi,mi,PRON,_
842-6,BOI019,842,842,7,sono,sono,essere,AUX,_
843-0,BOI019,843,843,1,eh,eh,eh,INTJ,_
843-1,BOI019,843,843,2,diplomata,diplomata,diplomare,VERB,_
843-2,BOI019,843,843,3,maestra,maestra,maestro,ADJ,_
843-3,BOI019,843,843,4,aveva,aveva,avere,VERB,_
843-4,BOI019,843,843,5,il,il,il,DET,_
843-5,BOI019,843,843,6,grembiulino,grembiulino,grembiulino,NOUN,_
843-6,BOI019,843,843,7,nero,nero,nero,ADJ,_
843-7,BOI019,843,843,8,con,con,con,ADP,_
844-0,BOI019,844,844,1-2,col,col,_,_,_
844-0a,_,_,844,1,_,con,con,ADP,_
844-0b,_,_,844,2,_,il,il,DET,_
844-1,BOI019,844,844,3-4,col,col,_,_,_
844-1a,_,_,844,3,_,con,con,ADP,_
844-1b,_,_,844,4,_,il,il,DET,_
844-2,BOI019,844,844,5,carrettino,carrettino,carrettino,NOUN,_
844-3,BOI019,844,844,6,e,e,e,CCONJ,_
844-4,BOI019,844,844,7,avevamo,avevamo,avere,VERB,_
844-5,BOI019,844,844,8,ancora,ancora,ancora,ADV,_
844-6,BOI019,844,844,9,le,le,il,DET,_
844-7,BOI019,844,844,10,scarpe,scarpe,scarpa,NOUN,_
844-8,BOI019,844,844,11-12,coi,coi,_,_,_
844-8a,_,_,844,11,_,con,con,ADP,_
844-8b,_,_,844,12,_,i,il,DET,_
844-9,BOI019,844,844,13,calzini,calzini,calzino,NOUN,_
845-0,BOI019,845,845,1,e,e,e,CCONJ,_
845-1,BOI019,845,845,2,invece,invece,invece,ADV,_
845-2,BOI019,845,845,3,adesso,adesso,adesso,ADV,_
845-3,BOI019,845,845,4,le,le,il,DET,_
845-4,BOI019,845,845,5,ragazze,ragazze,ragazzo,NOUN,_
845-5,BOI019,845,845,6,sono,sono,essere,AUX,_
845-6,BOI019,845,845,7,giovani,giovani,giovane,ADJ,_
846-0,BOI019,846,846,1,a,a,a,ADP,_
846-1,BOI019,846,846,2,tredici,tredici,tredici,NUM,_
846-2,BOI019,846,846,3,quattor~,quattor~,quattor~,PROPN,Interrupted=Yes
846-3,BOI019,846,846,4,noi,noi,noi,PRON,_
846-4,BOI019,846,846,5,eravamo,eravamo,essere,AUX,_
846-5,BOI019,846,846,6,ancora,ancora,ancora,ADV,_
846-6,BOI019,846,846,7,bambine,bambine,bambino,ADJ,_
846-7,BOI019,846,846,8,>tredici,tredici,tredici,NUM,_
846-8,BOI019,846,846,9,quattordici<,quattordici,quattordice,NOUN,_
846-9,BOI019,846,846,10,eravamo,eravamo,essere,AUX,_
846-10,BOI019,846,846,11,bambine,bambine,bambino,ADJ,_
846-11,BOI019,846,846,12,però,però,però,ADV,_
847-0,BOI019,847,847,1,dovevamo,dovevamo,dovere,AUX,_
847-1,BOI019,847,847,2,mi,mi,mi,PRON,_
847-2,BOI019,847,847,3,ricordo,ricordo,ricordare,VERB,_
847-3,BOI019,847,847,4,che,che,che,SCONJ,_
847-4,BOI019,847,847,5,le,le,il,DET,_
847-5,BOI019,847,847,6,mamme,mamme,mamma,NOUN,_
847-6,BOI019,847,847,7,dicevano,dicevano,dicere,AUX,_
847-7,BOI019,847,847,8,non,non,non,ADV,_
847-8,BOI019,847,847,9,andar,andar,andare,VERB,_
847-9,BOI019,847,847,10,fuori,fuori,fuori,ADV,_
847-10,BOI019,847,847,11,mi,mi,mi,PRON,_
847-11,BOI019,847,847,12,raccoman~,raccoman~,raccoman~,PROPN,Interrupted=Yes
848-0,BOI019,848,848,1,n,n,no,DET,_
848-1,BOI019,848,848,2,n,n,n,NOUN,_
848-2,BOI019,848,848,3,eh,eh,eh,INTJ,_
849-0,BOI019,849,849,1,ecco,ecco,ecco,ADV,_
849-1,BOI019,849,849,2,m:h,mh,mh,INTJ,_
850-0,BOI019,850,850,1,perché::,perché,perché,SCONJ,_
850-1,BOI019,850,850,2,andavano,andavano,andare,VERB,_
850-2,BOI019,850,850,3,m:h,mh,mh,INTJ,_
851-0,BOI019,851,851,1,prendevano,prendevano,prendere,VERB,_
851-1,BOI019,851,851,2,anche,anche,anche,ADV,_
851-2,BOI019,851,851,3,le,le,il,DET,_
851-3,BOI019,851,851,4,ragazze,ragazze,ragazza,NOUN,_
851-4,BOI019,851,851,5,e,e,e,CCONJ,_
851-5,BOI019,851,851,6,le,le,il,PRON,_
851-6,BOI019,851,851,7,stupravano,stupravano,stuprare,VERB,_
851-7,BOI019,851,851,8,proprio,proprio,proprio,ADV,_
851-8,BOI019,851,851,9,in,in,in,ADP,_
851-9,BOI019,851,851,10,questo,questo,questo,DET,_
851-10,BOI019,851,851,11,periodo,periodo,periodo,NOUN,_
851-11,BOI019,851,851,12,di,di,di,ADP,_
851-12,BOI019,851,851,13,occupazione,occupazione,occupazione,NOUN,_
852-0,BOI019,852,852,1,e,e,e,CCONJ,_
852-1,BOI019,852,852,2,si,si,si,PRON,_
852-2,BOI019,852,852,3,vede,vede,vedere,VERB,_
852-3,BOI019,852,852,4,che,che,che,SCONJ,_
852-4,BOI019,852,852,5,lo,lo,lo,PRON,_
852-5,BOI019,852,852,6,stupro,stupro,stuprire,VERB,_
852-6,BOI019,852,852,7,anche,anche,anche,ADV,_
852-7,BOI019,852,852,8,allora,allora,allora,ADV,_
853-0,BOI019,853,853,1,e,e,e,CCONJ,_
853-1,BOI019,853,853,2,era,era,essere,AUX,_
853-2,BOI019,853,853,3,come,come,come,ADP,_
853-3,BOI019,853,853,4,un,un,uno,DET,_
853-4,BOI019,853,853,5,risarcimento,risarcimento,risarcimento,NOUN,_
853-5,BOI019,853,853,6,di,di,di,ADP,_
853-6,BOI019,853,853,7,guerra,guerra,guerra,NOUN,_
853-7,BOI019,853,853,8,per,per,per,ADP,_
853-8,BOI019,853,853,9,per,per,per,ADP,_
853-9,BOI019,853,853,10,gli,gli,il,DET,_
853-10,BOI019,853,853,11,occupanti,occupanti,occupante,NOUN,_
853-11,BOI019,853,853,12,come,come,come,SCONJ,_
853-12,BOI019,853,853,13,avveniva,avveniva,avvenire,VERB,_
854-0,BOI019,854,854,1-2,all',all',_,_,SpaceAfter=No
854-0a,_,_,854,1,_,a,a,ADP,_
854-0b,_,_,854,2,_,l',il,DET,_
854-1,BOI019,854,854,3,epoca,epoca,epoca,NOUN,_
854-2,BOI019,854,854,4,"romana,",romana,romano,ADJ,Intonation=weakly_rising
854-3,BOI019,854,854,5-6,all',all',_,_,SpaceAfter=No
854-3a,_,_,854,5,_,a,a,ADP,_
854-3b,_,_,854,6,_,l',il,DET,_
854-4,BOI019,854,854,7,epoca::,epoca,epoca,NOUN,_
855-0,BOI019,855,855,1,è,è,essere,AUX,_
855-1,BOI019,855,855,2,sempre,sempre,sempre,ADV,_
855-2,BOI019,855,855,3,stato,stato,essere,AUX,_
855-3,BOI019,855,855,4,un,un,uno,DET,_
855-4,BOI019,855,855,5,po',po',poco,ADV,_
855-5,BOI019,855,855,6,così,così,così,ADV,_
856-0,BOI019,856,856,1,e,e,e,CCONJ,_
856-1,BOI019,856,856,2,quindi::,quindi,quindi,ADV,_
857-0,BOI019,857,857,1,c',c',ci,PRON,SpaceAfter=No
857-1,BOI019,857,857,2,erano,erano,essere,AUX,_
857-2,BOI019,857,857,3,anche,anche,anche,ADV,_
857-3,BOI019,857,857,4,questi,questi,questo,PRON,_
857-4,BOI019,857,857,5,aspetti,aspetti,aspettare,VERB,_
858-0,BOI019,858,858,1,c',c',ci,PRON,SpaceAfter=No
858-1,BOI019,858,858,2,erano,erano,essere,AUX,_
858-2,BOI019,858,858,3,anche,anche,anche,ADV,_
858-3,BOI019,858,858,4,questi,questi,questo,PRON,_
858-4,BOI019,858,858,5,apè,apè,apere,VERB,_
859-0,BOI019,859,859,1,e,e,e,CCONJ,_
859-1,BOI019,859,859,2,poi,poi,poi,ADV,_
859-2,BOI019,859,859,3,dopo::,dopo,dopo,ADP,_
859-3,BOI019,859,859,4,m::h,mh,mh,NOUN,_
860-0,BOI019,860,860,1,tornavano::,tornavano,tornare,VERB,_
861-0,BOI019,861,861,1,tornavano,tornavano,tornare,VERB,_
861-1,BOI019,861,861,2,{sospira},{sospira},_,_,_
861-2,BOI019,861,861,3,dopo,dopo,dopo,ADP,_
861-3,BOI019,861,861,4,la,la,il,DET,_
861-4,BOI019,861,861,5,guerra,guerra,guerra,NOUN,_
861-5,BOI019,861,861,6,civile,civile,civile,ADJ,_
861-6,BOI019,861,861,7,finita,finita,finire,VERB,_
861-7,BOI019,861,861,8,la,la,il,DET,_
861-8,BOI019,861,861,9,guerra,guerra,guerra,NOUN,_
861-9,BOI019,861,861,10,anche,anche,anche,ADV,_
861-10,BOI019,861,861,11,un,un,uno,DET,_
861-11,BOI019,861,861,12,po',po',poco,PRON,_
861-12,BOI019,861,861,13,di,di,di,ADP,_
861-13,BOI019,861,861,14,guerra,guerra,guerra,NOUN,_
861-14,BOI019,861,861,15,civile,civile,civile,ADJ,_
861-15,BOI019,861,861,16-17,nel,nel,_,_,_
861-15a,_,_,861,16,_,in,in,ADP,_
861-15b,_,_,861,17,_,il,il,DET,_
861-16,BOI019,861,861,18,senso,senso,senso,NOUN,_
861-17,BOI019,861,861,19,che,che,che,PRON,_
861-18,BOI019,861,861,20,tornavano,tornavano,tornare,VERB,_
861-19,BOI019,861,861,21,i,i,il,DET,_
861-20,BOI019,861,861,22,fascisti,fascisti,fascista,NOUN,_
862-0,BOI019,862,862,1,e,e,e,CCONJ,_
862-1,BOI019,862,862,2,allora::,allora,allora,ADV,_
862-2,BOI019,862,862,3,chi,chi,chi,PRON,_
862-3,BOI019,862,862,4,non,non,non,ADV,_
862-4,BOI019,862,862,5,si,si,si,PRON,_
862-5,BOI019,862,862,6,era,era,essere,AUX,_
862-6,BOI019,862,862,7,comportato,comportato,comportare,VERB,_
862-7,BOI019,862,862,8,bene,bene,bene,ADV,_
862-8,BOI019,862,862,9,magari,magari,magari,ADV,_
862-9,BOI019,862,862,10,m::h,mh,mh,ADV,_
862-10,BOI019,862,862,11,c',c',ci,PRON,SpaceAfter=No
862-11,BOI019,862,862,12,erano,erano,essere,VERB,_
862-12,BOI019,862,862,13-14,delle,delle,_,_,_
862-12a,_,_,862,13,_,di,di,ADP,_
862-12b,_,_,862,14,_,le,il,DET,_
862-13,BOI019,862,862,15,vendette,vendette,vendetta,NOUN,_
862-14,BOI019,862,862,16,personali,personali,personale,ADJ,_
863-0,BOI019,863,863,1,s~,s~,s~,PROPN,Interrupted=Yes
863-1,BOI019,863,863,2,adesso,adesso,adesso,ADV,_
863-2,BOI019,863,863,3,io,io,io,PRON,_
863-3,BOI019,863,863,4-5,nel,nel,_,_,_
863-3a,_,_,863,4,_,in,in,ADP,_
863-3b,_,_,863,5,_,il,il,DET,_
863-4,BOI019,863,863,6,mio,mio,mio,DET,_
863-5,BOI019,863,863,7,paese,paese,paese,NOUN,_
863-6,BOI019,863,863,8,non,non,non,ADV,_
863-7,BOI019,863,863,9,ne,ne,ne,PRON,_
863-8,BOI019,863,863,10,ho,ho,avere,AUX,_
863-9,BOI019,863,863,11,viste,viste,vedere,VERB,_
863-10,BOI019,863,863,12,un,un,uno,DET,_
863-11,BOI019,863,863,13,granché,granché,granché,NOUN,_
863-12,BOI019,863,863,14,di,di,di,ADP,_
863-13,BOI019,863,863,15,queste,queste,questo,DET,_
863-14,BOI019,863,863,16,cose,cose,cosa,NOUN,_
864-0,BOI019,864,864,1,no,no,no,ADV,_
865-0,BOI019,865,865,1,però::,però,però,ADV,_
865-1,BOI019,865,865,2,la,la,il,DET,_
865-2,BOI019,865,865,3,guerra,guerra,guerra,NOUN,_
865-3,BOI019,865,865,4,miseria,miseria,miseriare,VERB,_
865-4,BOI019,865,865,5,proprio,proprio,proprio,ADV,_
865-5,BOI019,865,865,6,miseria,miseria,miserio,DET,_
865-6,BOI019,865,865,7,miseria,miseria,miseria,NOUN,_
865-7,BOI019,865,865,8,quel,quel,quello,DET,_
865-8,BOI019,865,865,9,po',po',poco,PRON,_
865-9,BOI019,865,865,10,di,di,di,ADP,_
865-10,BOI019,865,865,11,"pane,",pane,pane,NOUN,Intonation=weakly_rising
865-11,BOI019,865,865,12,quel,quel,quello,DET,_
865-12,BOI019,865,865,13,po'::,po',poco,ADV,_
866-0,BOI019,866,866,1,{sospira},{sospira},_,_,_
866-1,BOI019,866,866,2,io,io,io,PRON,_
866-2,BOI019,866,866,3,mi,mi,mi,PRON,_
866-3,BOI019,866,866,4,ricordo,ricordo,ricordare,VERB,_
866-4,BOI019,866,866,5,che,che,che,SCONJ,_
866-5,BOI019,866,866,6,trovammo,trovammo,trovare,VERB,_
867-0,BOI019,867,867,1,trovammo,trovammo,trovare,VERB,_
868-0,BOI019,868,868,1,un,un,uno,DET,_
868-1,BOI019,868,868,2,in,in,in,ADP,_
868-2,BOI019,868,868,3,caso,caso,caso,NOUN,_
868-3,BOI019,868,868,4,un,un,uno,DET,_
868-4,BOI019,868,868,5,sacchetto,sacchetto,sacchetto,NOUN,_
868-5,BOI019,868,868,6,di,di,di,ADP,_
868-6,BOI019,868,868,7,di::,di,di,ADP,_
868-7,BOI019,868,868,8,di,di,di,ADP,_
868-8,BOI019,868,868,9,grano,grano,grano,NOUN,_
868-9,BOI019,868,868,10,turco,turco,turco,ADJ,_
869-0,BOI019,869,869,0,{sospira},{sospira},_,X,_
870-0,BOI019,870,870,1,io,io,io,PRON,_
870-1,BOI019,870,870,2,io,io,io,PRON,_
870-2,BOI019,870,870,3,mi,mi,mi,PRON,_
870-3,BOI019,870,870,4,ricordo,ricordo,ricordare,VERB,_
870-4,BOI019,870,870,5,con,con,con,ADP,_
870-5,BOI019,870,870,6,un,un,uno,DET,_
870-6,BOI019,870,870,7,sasso,sasso,sasso,NOUN,_
871-0,BOI019,871,871,1,eh::,eh,eh,INTJ,_
871-1,BOI019,871,871,2,si,si,si,PRON,_
871-2,BOI019,871,871,3,si,si,si,PRON,_
871-3,BOI019,871,871,4,schiacciò,schiacciò,schiacciare,VERB,_
871-4,BOI019,871,871,5,questo,questo,questo,DET,_
871-5,BOI019,871,871,6,grano,grano,grano,NOUN,_
871-6,BOI019,871,871,7,turco,turco,turco,ADJ,_
871-7,BOI019,871,871,8,si,si,si,PRON,_
871-8,BOI019,871,871,9,fece,fece,fare,VERB,_
871-9,BOI019,871,871,10,una,una,uno,DET,_
871-10,BOI019,871,871,11,specie,specie,specie,NOUN,_
871-11,BOI019,871,871,12,di,di,di,ADP,_
871-12,BOI019,871,871,13,farina,farina,farina,NOUN,_
872-0,BOI019,872,872,1,e,e,e,CCONJ,_
872-1,BOI019,872,872,2,e,e,e,CCONJ,_
872-2,BOI019,872,872,3,un,un,uno,DET,_
872-3,BOI019,872,872,4,po',po',poco,PRON,_
872-4,BOI019,872,872,5,di,di,di,ADP,_
872-5,BOI019,872,872,6,panone,panone,panone,NOUN,_
872-6,BOI019,872,872,7,{P},{P},_,_,_
872-7,BOI019,872,872,8,insomma,insomma,insomma,ADV,_
873-0,BOI019,873,873,1,ecco,ecco,ecco,ADV,_
873-1,BOI019,873,873,2,la,la,il,DET,_
873-2,BOI019,873,873,3,fortuna,fortuna,fortuna,NOUN,_
873-3,BOI019,873,873,4,che,che,che,PRON,_
873-4,BOI019,873,873,5,avevamo,avevamo,avere,VERB,_
874-0,BOI019,874,874,1,una,una,uno,DET,_
874-1,BOI019,874,874,2,zia,zia,zia,NOUN,_
874-2,BOI019,874,874,3,che,che,che,PRON,_
874-3,BOI019,874,874,4,era::,era,essere,AUX,_
874-4,BOI019,874,874,5,in,in,in,ADP,_
874-5,BOI019,874,874,6,campagna,campagna,campagna,NOUN,_
874-6,BOI019,874,874,7,allora,allora,allora,ADV,_
874-7,BOI019,874,874,8,ogni,ogni,ogni,DET,_
874-8,BOI019,874,874,9,tanto,tanto,tanto,NOUN,_
874-9,BOI019,874,874,10,c',c',ci,PRON,SpaceAfter=No
874-10,BOI019,874,874,11,allungava,allungava,allungare,VERB,_
875-0,BOI019,875,875,1,un,un,uno,DET,_
875-1,BOI019,875,875,2,po',po',poco,PRON,_
875-2,BOI019,875,875,3,di,di,di,ADP,_
875-3,BOI019,875,875,4,pane,pane,pane,NOUN,_
875-4,BOI019,875,875,5,e,e,e,CCONJ,_
875-5,BOI019,875,875,6,e,e,e,CCONJ,_
875-6,BOI019,875,875,7,mi,mi,mi,PRON,_
875-7,BOI019,875,875,8,ricordo,ricordo,ricordare,VERB,_
875-8,BOI019,875,875,9,anche,anche,anche,ADV,_
875-9,BOI019,875,875,10,mio,mio,mio,DET,_
875-10,BOI019,875,875,11,padre,padre,padre,NOUN,_
875-11,BOI019,875,875,12,che,che,che,PRON,_
875-12,BOI019,875,875,13,poveretto,poveretto,povereggere,VERB,_
875-13,BOI019,875,875,14-15,alla,alla,_,_,_
875-13a,_,_,875,14,_,a,a,ADP,_
875-13b,_,_,875,15,_,la,il,DET,_
875-14,BOI019,875,875,16,sera,sera,sera,NOUN,_
876-0,BOI019,876,876,1,andava,andava,andare,VERB,_
877-0,BOI019,877,877,1-2,dal,dal,_,_,_
877-0a,_,_,877,1,_,da,da,ADP,_
877-0b,_,_,877,2,_,il,il,DET,_
877-1,BOI019,877,877,3,"fornaio,",fornaio,fornaio,NOUN,Intonation=weakly_rising
877-2,BOI019,877,877,4-5,dal,dal,_,_,_
877-2a,_,_,877,4,_,da,da,ADP,_
877-2b,_,_,877,5,_,il,il,DET,_
877-3,BOI019,877,877,6,nostro,nostro,nostro,DET,_
877-4,BOI019,877,877,7,fornaio,fornaio,fornaio,NOUN,_
878-0,BOI019,878,878,1,e:,e,e,CCONJ,_
878-1,BOI019,878,878,2,e:::,e,e,CCONJ,_
879-0,BOI019,879,879,1,e,e,e,CCONJ,_
879-1,BOI019,879,879,2,{P},{P},_,_,_
879-2,BOI019,879,879,3,ch~,ch~,ch~,PROPN,Interrupted=Yes
879-3,BOI019,879,879,4,e:h,eh,eh,INTJ,_
880-0,BOI019,880,880,1,chiedeva,chiedeva,chiedere,VERB,_
880-1,BOI019,880,880,2,un,un,uno,DET,_
880-2,BOI019,880,880,3,po',po',poco,PRON,_
880-3,BOI019,880,880,4,di,di,di,ADP,_
880-4,BOI019,880,880,5,pane,pane,pane,NOUN,_
881-0,BOI019,881,881,1,e,e,e,CCONJ,_
881-1,BOI019,881,881,2,tornava,tornava,tornare,VERB,_
881-2,BOI019,881,881,3,con,con,con,ADP,_
881-3,BOI019,881,881,4,con,con,con,ADP,_
881-4,BOI019,881,881,5,questo,questo,questo,DET,_
881-5,BOI019,881,881,6,pochino,pochino,pochino,NOUN,_
881-6,BOI019,881,881,7,di,di,di,ADP,_
881-7,BOI019,881,881,8,pane,pane,pane,NOUN,_
881-8,BOI019,881,881,9,nascosto,nascosto,nascosto,ADJ,_
882-0,BOI019,882,882,1,pane,pane,pane,NOUN,_
882-1,BOI019,882,882,2,pane,pane,pane,NOUN,_
882-2,BOI019,882,882,3,ecco,ecco,ecco,ADV,_
883-0,BOI019,883,883,1,allora,allora,allora,ADV,_
883-1,BOI019,883,883,2,poi,poi,poi,ADV,_
883-2,BOI019,883,883,3,(al)lora,allora,allora,ADV,_
883-3,BOI019,883,883,4,poi,poi,poi,ADV,_
883-4,BOI019,883,883,5,si,si,si,PRON,_
883-5,BOI019,883,883,6,mangiava,mangiava,mangiare,VERB,_
883-6,BOI019,883,883,7,mi,mi,mi,PRON,_
883-7,BOI019,883,883,8,ricordo,ricordo,ricordo,NOUN,_
883-8,BOI019,883,883,9,noi,noi,noi,PRON,_
883-9,BOI019,883,883,10,avevamo,avevamo,avere,VERB,_
883-10,BOI019,883,883,11,l',l',il,DET,SpaceAfter=No
883-11,BOI019,883,883,12,"orto,",orto,orto,NOUN,Intonation=weakly_rising
883-12,BOI019,883,883,13,c',c',ci,PRON,SpaceAfter=No
883-13,BOI019,883,883,14,erano,erano,essere,VERB,_
883-14,BOI019,883,883,15,un,un,uno,DET,_
883-15,BOI019,883,883,16,po',po',poco,PRON,_
883-16,BOI019,883,883,17,di,di,di,ADP,_
883-17,BOI019,883,883,18,"patate,",patate,patato,NOUN,Intonation=weakly_rising
883-18,BOI019,883,883,19,c',c',ci,PRON,SpaceAfter=No
883-19,BOI019,883,883,20,era,era,essere,VERB,_
884-0,BOI019,884,884,1,tutta,tutta,tutto,DET,_
884-1,BOI019,884,884,2,la,la,il,DET,_
884-2,BOI019,884,884,3,frutta,frutta,frutta,NOUN,_
884-3,BOI019,884,884,4,mi,mi,mi,PRON,_
884-4,BOI019,884,884,5,ricordo,ricordo,ricordare,VERB,_
884-5,BOI019,884,884,6,anche,anche,anche,ADV,_
885-0,BOI019,885,885,1,anche,anche,anche,ADV,_
885-1,BOI019,885,885,2,le,le,il,PRON,_
885-2,BOI019,885,885,3,le,le,le,PRON,_
885-3,BOI019,885,885,4,{P},{P},_,_,_
885-4,BOI019,885,885,5,le,le,il,DET,_
885-5,BOI019,885,885,6,pere,pere,pera,NOUN,_
885-6,BOI019,885,885,7,buche,buche,buca,ADJ,_
885-7,BOI019,885,885,8,le,le,il,DET,_
885-8,BOI019,885,885,9,mele,mele,mela,NOUN,_
885-9,BOI019,885,885,10,si,si,si,PRON,_
885-10,BOI019,885,885,11,mangiava,mangiava,mangiare,VERB,_
885-11,BOI019,885,885,12,tutto,tutto,tutto,PRON,_
885-12,BOI019,885,885,13,si,si,si,PRON,_
885-13,BOI019,885,885,14,m::h,mh,mh,INTJ,_
886-0,BOI019,886,886,1,io,io,io,PRON,_
886-1,BOI019,886,886,2,mi,mi,mi,PRON,_
886-2,BOI019,886,886,3,ricordo,ricordo,ricordare,VERB,_
886-3,BOI019,886,886,4,molto,molto,molto,ADV,_
886-4,BOI019,886,886,5,la,la,il,DET,_
886-5,BOI019,886,886,6,fame,fame,fame,NOUN,_
886-6,BOI019,886,886,7,mi,mi,mi,PRON,_
886-7,BOI019,886,886,8,ricordo,ricordo,ricordare,VERB,_
887-0,BOI019,887,887,1,>ecco<,ecco,ecco,ADV,_
887-1,BOI019,887,887,2,un,un,uno,DET,_
887-2,BOI019,887,887,3,un,un,uno,DET,_
887-3,BOI019,887,887,4,racconto,racconto,racconto,NOUN,_
887-4,BOI019,887,887,5,che,che,che,PRON,_
887-5,BOI019,887,887,6,ho,ho,avere,VERB,_
887-6,BOI019,887,887,7-8,del,del,_,_,_
887-6a,_,_,887,7,_,di,di,ADP,_
887-6b,_,_,887,8,_,il,il,DET,_
887-7,BOI019,887,887,9,natale,natale,natale,NOUN,_
888-0,BOI019,888,888,1-2,del,del,_,_,_
888-0a,_,_,888,1,_,di,di,ADP,_
888-0b,_,_,888,2,_,il,il,DET,_
888-1,BOI019,888,888,3,quarantaquattro,quarantaquattro,quarantaquattro,NOUN,_
888-2,BOI019,888,888,4,che,che,che,PRON,_
889-0,BOI019,889,889,1,poi,poi,poi,ADV,_
889-1,BOI019,889,889,2,l',l',lo,PRON,SpaceAfter=No
889-2,BOI019,889,889,3,ho,ho,avere,AUX,_
889-3,BOI019,889,889,4,regalato,regalato,regalare,VERB,_
889-4,BOI019,889,889,5,proprio,proprio,proprio,ADV,_
890-0,BOI019,890,890,1,ed,ed,e,CCONJ,_
890-1,BOI019,890,890,2,è,è,essere,AUX,_
890-2,BOI019,890,890,3,andato,andato,andare,VERB,_
890-3,BOI019,890,890,4,a,a,a,ADP,_
890-4,BOI019,890,890,5,finire,finire,finire,VERB,_
890-5,BOI019,890,890,6,anche,anche,anche,ADV,_
890-6,BOI019,890,890,7,{ride},{ride},_,_,_
890-7,BOI019,890,890,8,in,in,in,ADP,_
890-8,BOI019,890,890,9,un,un,uno,DET,_
890-9,BOI019,890,890,10,in,in,in,ADP,_
890-10,BOI019,890,890,11,un,un,uno,DET,_
890-11,BOI019,890,890,12,calendario,calendario,calendario,NOUN,_
890-12,BOI019,890,890,13,di,di,di,ADP,_
890-13,BOI019,890,890,14,noi,noi,noi,PRON,_
890-14,BOI019,890,890,15,anziani,anziani,anziano,NOUN,_
891-0,BOI019,891,891,1,un,un,uno,DET,_
891-1,BOI019,891,891,2,racconto,racconto,racconto,NOUN,_
891-2,BOI019,891,891,3,e::hm::,ehm,ehm,NOUN,_
892-0,BOI019,892,892,1,che,che,che,SCONJ,_
892-1,BOI019,892,892,2,noi,noi,noi,PRON,_
892-2,BOI019,892,892,3,la,la,il,DET,_
892-3,BOI019,892,892,4,casa,casa,casa,NOUN,_
892-4,BOI019,892,892,5,era,era,essere,AUX,_
892-5,BOI019,892,892,6,stata,stata,essere,AUX,_
892-6,BOI019,892,892,7,occupata,occupata,occupare,VERB,_
892-7,BOI019,892,892,8,prima,prima,prima,ADV,_
892-8,BOI019,892,892,9-10,dai,dai,_,_,_
892-8a,_,_,892,9,_,da,da,ADP,_
892-8b,_,_,892,10,_,i,il,DET,_
892-9,BOI019,892,892,11,tedeschi,tedeschi,tedesco,NOUN,_
892-10,BOI019,892,892,12,e,e,e,CCONJ,_
892-11,BOI019,892,892,13,poi,poi,poi,ADV,_
892-12,BOI019,892,892,14,dopo,dopo,dopo,ADP,_
892-13,BOI019,892,892,15,occupata,occupata,occupare,NOUN,_
893-0,BOI019,893,893,1-2,dalle,dalle,_,_,_
893-0a,_,_,893,1,_,da,da,ADP,_
893-0b,_,_,893,2,_,le,il,DET,_
893-1,BOI019,893,893,3,truppe,truppe,truppa,NOUN,_
893-2,BOI019,893,893,4,m::h,mh,mh,ADJ,_
893-3,BOI019,893,893,5,alleate,alleate,alleato,ADJ,_
894-0,BOI019,894,894,1,e::hm:,ehm,ehm,NOUN,_
894-1,BOI019,894,894,2,i,i,il,DET,_
894-2,BOI019,894,894,3,magazzini,magazzini,magazzino,NOUN,_
894-3,BOI019,894,894,4-5,del,del,_,_,_
894-3a,_,_,894,4,_,di,di,ADP,_
894-3b,_,_,894,5,_,il,il,DET,_
894-4,BOI019,894,894,6,legno,legno,legno,NOUN,_
894-5,BOI019,894,894,7-8,del,del,_,_,_
894-5a,_,_,894,7,_,di,di,ADP,_
894-5b,_,_,894,8,_,il,il,DET,_
894-6,BOI019,894,894,9-10,del,del,_,_,_
894-6a,_,_,894,9,_,di,di,ADP,_
894-6b,_,_,894,10,_,il,il,DET,_
894-7,BOI019,894,894,11,mio,mio,mio,DET,_
894-8,BOI019,894,894,12,papà,papà,papà,NOUN,_
894-9,BOI019,894,894,13,diventarono,diventarono,diventare,VERB,_
895-0,BOI019,895,895,1-2,dei,dei,_,_,_
895-0a,_,_,895,1,_,di,di,ADP,_
895-0b,_,_,895,2,_,i,il,DET,_
895-1,BOI019,895,895,3,depositi,depositi,deposito,NOUN,_
895-2,BOI019,895,895,4,alimentari,alimentari,alimentare,ADJ,_
896-0,BOI019,896,896,1,per,per,per,ADP,_
896-1,BOI019,896,896,2,per,per,per,ADP,_
896-2,BOI019,896,896,3,le,le,il,DET,_
896-3,BOI019,896,896,4,truppe,truppe,truppa,NOUN,_
896-4,BOI019,896,896,5,alleate,alleate,alleato,ADJ,_
897-0,BOI019,897,897,1,e::,e,e,CCONJ,_
897-1,BOI019,897,897,2,la,la,il,DET,_
897-2,BOI019,897,897,3,comandante,comandante,comandante,NOUN,_
897-3,BOI019,897,897,4,era,era,essere,AUX,_
897-4,BOI019,897,897,5,una,una,uno,DET,_
897-5,BOI019,897,897,6,donna,donna,donna,NOUN,_
897-6,BOI019,897,897,7,polacca,polacca,polacco,ADJ,_
898-0,BOI019,898,898,1,e,e,e,CCONJ,_
898-1,BOI019,898,898,2,noi,noi,noi,PRON,_
898-2,BOI019,898,898,3,sentivamo,sentivamo,sentire,VERB,_
899-0,BOI019,899,899,1,e,e,e,CCONJ,_
899-1,BOI019,899,899,2,in,in,in,ADP,_
899-2,BOI019,899,899,3,u~,u~,u~,PROPN,Interrupted=Yes
899-3,BOI019,899,899,4,in,in,in,ADP,_
899-4,BOI019,899,899,5,un,un,uno,DET,_
899-5,BOI019,899,899,6,in,in,in,ADP,_
899-6,BOI019,899,899,7,un,un,uno,DET,_
899-7,BOI019,899,899,8,magazzino,magazzino,magazzino,NOUN,_
899-8,BOI019,899,899,9,c',c',ci,PRON,SpaceAfter=No
899-9,BOI019,899,899,10,era,era,essere,VERB,_
900-0,BOI019,900,900,1,c',c',ci,PRON,SpaceAfter=No
900-1,BOI019,900,900,2,erano,erano,essere,VERB,_
900-2,BOI019,900,900,3,i::l,il,il,DET,_
900-3,BOI019,900,900,4,"pane,",pane,pane,NOUN,Intonation=weakly_rising
900-4,BOI019,900,900,5,i,i,il,DET,_
900-5,BOI019,900,900,6,"dolci,",dolci,dolce,NOUN,Intonation=weakly_rising
901-0,BOI019,901,901,1,sentivamo,sentivamo,sentire,VERB,_
901-1,BOI019,901,901,2,questi,questi,questo,DET,_
901-2,BOI019,901,901,3,profumi,profumi,profume,NOUN,_
901-3,BOI019,901,901,4,noi,noi,noi,PRON,_
901-4,BOI019,901,901,5,"bambini,",bambini,bambino,NOUN,Intonation=weakly_rising
901-5,BOI019,901,901,6,lì,lì,lì,ADV,_
901-6,BOI019,901,901,7,davanti,davanti,davanti,ADV,_
902-0,BOI019,902,902,1,arrivava,arrivava,arrivare,VERB,_
902-1,BOI019,902,902,2,la,la,il,DET,_
902-2,BOI019,902,902,3,polacca,polacca,polacco,NOUN,_
903-0,BOI019,903,903,1,con,con,con,ADP,_
903-1,BOI019,903,903,2,un,un,uno,DET,_
903-2,BOI019,903,903,3,bache~,bache~,bache~,PROPN,Interrupted=Yes
904-0,BOI019,904,904,1,raus,raus,raus,X,_
904-1,BOI019,904,904,2,rau,rau,rau,X,_
904-2,BOI019,904,904,3,au,au,au,X,_
904-3,BOI019,904,904,4,au,au,au,X,_
904-4,BOI019,904,904,5,au,au,au,X,_
905-0,BOI019,905,905,1,vabbè,vabbè,vabbere,VERB,_
905-1,BOI019,905,905,2,non,non,non,ADV,_
905-2,BOI019,905,905,3,ci,ci,ci,PRON,_
905-3,BOI019,905,905,4,ha,ha,avere,AUX,_
905-4,BOI019,905,905,5,mai,mai,mai,ADV,_
905-5,BOI019,905,905,6,dato,dato,dare,VERB,_
905-6,BOI019,905,905,7,niente,niente,niente,PRON,_
906-0,BOI019,906,906,1,m::h,mh,mh,NOUN,_
906-1,BOI019,906,906,2-3,delle,delle,_,_,_
906-1a,_,_,906,2,_,di,di,ADP,_
906-1b,_,_,906,3,_,le,il,DET,_
906-2,BOI019,906,906,4,volte,volte,volta,NOUN,_
906-3,BOI019,906,906,5,c',c',ci,PRON,SpaceAfter=No
906-4,BOI019,906,906,6,era,era,essere,VERB,_
906-5,BOI019,906,906,7,la,la,il,DET,_
906-6,BOI019,906,906,8,frutta,frutta,frutta,NOUN,_
907-0,BOI019,907,907,1,era,era,essere,AUX,_
907-1,BOI019,907,907,2,natale,natale,natale,ADJ,_
908-0,BOI019,908,908,1,era,era,essere,AUX,_
908-1,BOI019,908,908,2,natale,natale,natale,ADJ,_
908-2,BOI019,908,908,3,{P},{P},_,_,_
908-3,BOI019,908,908,4,e,e,e,CCONJ,_
908-4,BOI019,908,908,5,riempirono,riempirono,riempirere,VERB,_
908-5,BOI019,908,908,6,questo,questo,questo,DET,_
908-6,BOI019,908,908,7,magazzino,magazzino,magazzino,NOUN,_
908-7,BOI019,908,908,8,di,di,di,ADP,_
908-8,BOI019,908,908,9,paste,paste,pasta,NOUN,_
909-0,BOI019,909,909,1,di,di,di,ADP,_
909-1,BOI019,909,909,2,e,e,e,CCONJ,_
909-2,BOI019,909,909,3,da,da,da,ADP,_
909-3,BOI019,909,909,4,due,due,due,NUM,_
909-4,BOI019,909,909,5,tre,tre,tre,NUM,_
909-5,BOI019,909,909,6,giorni,giorni,giorno,NOUN,_
909-6,BOI019,909,909,7,facevano,facevano,facere,VERB,_
909-7,BOI019,909,909,8,queste,queste,questo,DET,_
909-8,BOI019,909,909,9,paste,paste,pasta,NOUN,_
910-0,BOI019,910,910,1,e,e,e,CCONJ,_
910-1,_,_,910,2,_,da,da,ADP,_
910-1,BOI019,910,910,3,da,da,da,ADP,_
910-2,BOI019,910,910,4,da,da,da,ADP,_
910-3,BOI019,910,910,5-5,dai,dai,_,_,_
910-3a,_,_,910,5,_,i,il,DET,_
910-4,BOI019,910,910,6,fornai,fornai,fornaio,NOUN,_
910-5,BOI019,910,910,7,e::,e,e,CCONJ,_
910-6,BOI019,910,910,8,portavano,portavano,portare,VERB,_
911-0,BOI019,911,911,1,d~,d~,d~,PROPN,Interrupted=Yes
911-1,BOI019,911,911,2,d~,d~,d~,PROPN,Interrupted=Yes
911-2,BOI019,911,911,3-4,dei,dei,_,_,_
911-2a,_,_,911,3,_,di,di,ADP,_
911-2b,_,_,911,4,_,i,i,DET,_
911-3,BOI019,911,911,5-6,dei,dei,_,_,_
911-3a,_,_,911,5,_,di,di,ADP,_
911-3b,_,_,911,6,_,i,il,DET,_
911-4,BOI019,911,911,7,grandi,grandi,grande,ADJ,_
911-5,BOI019,911,911,8,canestri,canestri,canestro,NOUN,_
911-6,BOI019,911,911,9,di,di,di,ADP,_
911-7,BOI019,911,911,10,queste,queste,questo,DET,_
911-8,BOI019,911,911,11,pa~,pa~,pa~,PROPN,Interrupted=Yes
912-0,BOI019,912,912,1,la,la,il,DET,_
912-1,BOI019,912,912,2,la,la,il,DET,_
912-2,BOI019,912,912,3,polacca,polacca,polacco,NOUN,_
913-0,BOI019,913,913,1,chiudeva,chiudeva,chiudere,VERB,_
913-1,BOI019,913,913,2,dentro,dentro,dentro,ADP,_
913-2,BOI019,913,913,3,{P},{P},_,_,_
913-3,BOI019,913,913,4,il,il,il,DET,_
913-4,BOI019,913,913,5,magazzino,magazzino,magazzino,NOUN,_
914-0,BOI019,914,914,1,due,due,due,NUM,_
914-1,BOI019,914,914,2,ragazze,ragazze,ragazza,NOUN,_
915-0,BOI019,915,915,1,che,che,che,SCONJ,_
915-1,BOI019,915,915,2,erano,erano,essere,AUX,_
915-2,BOI019,915,915,3,{P},{P},_,_,_
915-3,BOI019,915,915,4-5,del,del,_,_,_
915-3a,_,_,915,4,_,di,di,ADP,_
915-3b,_,_,915,5,_,il,il,DET,_
915-4,BOI019,915,915,6,nostro,nostro,nostro,DET,_
915-5,BOI019,915,915,7,paese,paese,paese,NOUN,_
916-0,BOI019,916,916,1,che,che,che,PRON,_
916-1,BOI019,916,916,2,dovevano,dovevano,dovere,AUX,_
916-2,BOI019,916,916,3,sistemare,sistemare,sistemare,VERB,_
916-3,BOI019,916,916,4,da,da,da,ADP,_
916-4,BOI019,916,916,5,questi,questi,questo,DET,_
916-5,BOI019,916,916,6,cesti,cesti,cesto,NOUN,_
917-0,BOI019,917,917,1,de~,de~,de~,PROPN,Interrupted=Yes
917-1,BOI019,917,917,2-3,del,del,_,_,_
917-1a,_,_,917,2,_,di,di,ADP,_
917-1b,_,_,917,3,_,il,il,DET,_
917-2,BOI019,917,917,4-5,degli,degli,_,_,_
917-2a,_,_,917,4,_,di,di,ADP,_
917-2b,_,_,917,5,_,gli,il,DET,_
917-3,BOI019,917,917,6,scatoloni,scatoloni,scatolone,NOUN,_
917-4,BOI019,917,917,7,d~,d~,d~,PROPN,Interrupted=Yes
917-5,BOI019,917,917,8,(a)desso,adesso,adesso,ADV,_
917-6,BOI019,917,917,9,non,non,non,ADV,_
917-7,BOI019,917,917,10,mi,mi,mi,PRON,_
917-8,BOI019,917,917,11,ricordo,ricordo,ricordare,VERB,_
917-9,BOI019,917,917,12,se,se,se,SCONJ,_
917-10,BOI019,917,917,13,eran,eran,eran,NOUN,_
917-11,BOI019,917,917,14,di,di,di,ADP,_
917-12,BOI019,917,917,15,legno,legno,legno,NOUN,_
917-13,BOI019,917,917,16,o,o,o,CCONJ,_
917-14,BOI019,917,917,17,se,se,se,SCONJ,_
917-15,BOI019,917,917,18,erano,erano,essere,AUX,_
917-16,BOI019,917,917,19,di,di,di,ADP,_
917-17,BOI019,917,917,20,carta,carta,carta,NOUN,_
918-0,BOI019,918,918,1-2,col,col,_,_,_
918-0a,_,_,918,1,_,con,con,ADP,_
918-0b,_,_,918,2,_,il,il,DET,_
918-1,BOI019,918,918,3,"numero,",numero,numero,NOUN,Intonation=weakly_rising
918-2,BOI019,918,918,4,"mettere,",mettere,mettere,VERB,Intonation=weakly_rising
918-3,BOI019,918,918,5,contare,contare,contare,VERB,_
918-4,BOI019,918,918,6,e,e,e,CCONJ,_
918-5,BOI019,918,918,7,mettere,mettere,mettere,VERB,_
918-6,BOI019,918,918,8,il,il,il,DET,_
918-7,BOI019,918,918,9,numero,numero,numero,NOUN,_
919-0,BOI019,919,919,1,di,di,di,ADP,_
919-1,BOI019,919,919,2,queste,queste,questo,DET,_
919-2,BOI019,919,919,3,"paste,",paste,pasta,NOUN,Intonation=weakly_rising
919-3,BOI019,919,919,4,di,di,di,ADP,_
919-4,BOI019,919,919,5,queste,queste,questo,PRON,_
920-0,BOI019,920,920,1,mio,mio,mio,DET,_
920-1,BOI019,920,920,2,padre,padre,padre,NOUN,_
920-2,BOI019,920,920,3,scoprì,scoprì,scoprire,VERB,_
921-0,BOI019,921,921,1,che,che,che,SCONJ,_
922-0,BOI019,922,922,1,di,di,di,ADP,_
922-1,BOI019,922,922,2,fianco,fianco,fianco,NOUN,_
922-2,BOI019,922,922,3-4,al,al,_,_,_
922-2a,_,_,922,3,_,a,a,ADP,_
922-2b,_,_,922,4,_,il,il,DET,_
922-3,BOI019,922,922,5,mag~,mag~,mag~,PROPN,Interrupted=Yes
922-4,BOI019,922,922,6,a,a,a,ADP,_
922-5,BOI019,922,922,7,questo,questo,questo,DET,_
922-6,BOI019,922,922,8,magazzino,magazzino,magazzino,NOUN,_
923-0,BOI019,923,923,1,c',c',ci,PRON,SpaceAfter=No
923-1,BOI019,923,923,2,era,era,essere,VERB,_
924-0,BOI019,924,924,1,una,una,uno,DET,_
924-1,BOI019,924,924,2,porta,porta,porta,NOUN,_
924-2,BOI019,924,924,3,chiusa,chiusa,chiuso,ADJ,_
924-3,BOI019,924,924,4,inverniciata,inverniciata,inverniciare,VERB,_
924-4,BOI019,924,924,5,di,di,di,ADP,_
924-5,BOI019,924,924,6,bianco,bianco,bianco,NOUN,_
924-6,BOI019,924,924,7,che,che,che,PRON,_
924-7,BOI019,924,924,8,sembrava,sembrava,sembrare,VERB,_
925-0,BOI019,925,925,1,un,un,uno,DET,_
925-1,BOI019,925,925,2,un,un,uno,DET,_
925-2,BOI019,925,925,3,muro,muro,muro,NOUN,_
926-0,BOI019,926,926,1,ma,ma,ma,CCONJ,_
926-1,BOI019,926,926,2,era,era,essere,AUX,_
926-2,BOI019,926,926,3,una,una,uno,DET,_
926-3,BOI019,926,926,4,porta,porta,porta,NOUN,_
926-4,BOI019,926,926,5,di,di,di,ADP,_
926-5,BOI019,926,926,6,legno,legno,legno,NOUN,_
927-0,BOI019,927,927,1,allora,allora,allora,ADV,_
927-1,BOI019,927,927,2,con,con,con,ADP,_
927-2,BOI019,927,927,3,una,una,uno,DET,_
927-3,BOI019,927,927,4,raspa,raspa,raspa,NOUN,_
928-0,BOI019,928,928,1,in,in,in,ADP,_
928-1,BOI019,928,928,2,fondo,fondo,fondo,NOUN,_
929-0,BOI019,929,929,1,d',d',di,ADP,SpaceAfter=No
929-1,BOI019,929,929,2,accordo,accordo,accordo,NOUN,_
929-2,BOI019,929,929,3,con,con,con,ADP,_
929-3,BOI019,929,929,4,le,le,il,DET,_
929-4,BOI019,929,929,5,due,due,due,NUM,_
929-5,BOI019,929,929,6,ragazzine,ragazzine,ragazzino,NOUN,_
929-6,BOI019,929,929,7,che,che,che,PRON,_
929-7,BOI019,929,929,8,erano,erano,essere,AUX,_
930-0,BOI019,930,930,1-2,del,del,_,_,_
930-0a,_,_,930,1,_,di,di,ADP,_
930-0b,_,_,930,2,_,il,il,DET,_
930-1,BOI019,930,930,3,nostro,nostro,nostro,DET,_
930-2,BOI019,930,930,4,paese,paese,paese,NOUN,_
931-0,BOI019,931,931,1,con,con,con,ADP,_
931-1,BOI019,931,931,2,una,una,uno,DET,_
931-2,BOI019,931,931,3,raspi~,raspi~,raspi~,PROPN,Interrupted=Yes
931-3,BOI019,931,931,4,in,in,in,ADP,_
931-4,BOI019,931,931,5,fondo,fondo,fondo,NOUN,_
931-5,BOI019,931,931,6,fece,fece,fare,VERB,_
931-6,BOI019,931,931,7,una,una,uno,DET,_
931-7,BOI019,931,931,8,specie,specie,specie,NOUN,_
931-8,BOI019,931,931,9,di,di,di,ADP,_
931-9,BOI019,931,931,10,buco,buco,buco,NOUN,_
932-0,BOI019,932,932,1,dove,dove,dove,ADV,_
932-1,BOI019,932,932,2,si,si,si,PRON,_
932-2,BOI019,932,932,3,entrava,entrava,entrare,VERB,_
932-3,BOI019,932,932,4,con,con,con,ADP,_
932-4,BOI019,932,932,5,una,una,uno,DET,_
932-5,BOI019,932,932,6,mano,mano,mano,NOUN,_
933-0,BOI019,933,933,1,è,è,essere,AUX,_
933-1,BOI019,933,933,2,il,il,il,DET,_
933-2,BOI019,933,933,3,natale,natale,natale,ADJ,_
933-3,BOI019,933,933,4-5,del,del,_,_,_
933-3a,_,_,933,4,_,di,di,ADP,_
933-3b,_,_,933,5,_,il,il,DET,_
933-4,BOI019,933,933,6,millenovecentoquarantaquattro,millenovecentoquarantaquattro,millenovecentoquarantaquattro,NOUN,_
934-0,BOI019,934,934,1,la,la,il,DET,_
934-1,BOI019,934,934,2,polacca,polacca,polacco,NOUN,_
934-2,BOI019,934,934,3,che,che,che,PRON,_
934-3,BOI019,934,934,4,non,non,non,ADV,_
934-4,BOI019,934,934,5,aveva,aveva,avere,VERB,_
934-5,BOI019,934,934,6,solo,solo,solo,ADV,_
934-6,BOI019,934,934,7,{P},{P},_,_,_
934-7,BOI019,934,934,8,il,il,il,DET,_
934-8,BOI019,934,934,9,nostro,nostro,nostro,DET,_
934-9,BOI019,934,934,10,magazzino,magazzino,magazzino,NOUN,_
934-10,BOI019,934,934,11,ma,ma,ma,CCONJ,_
934-11,BOI019,934,934,12,ne,ne,ne,PRON,_
934-12,BOI019,934,934,13,aveva,aveva,avere,VERB,_
934-13,BOI019,934,934,14-15,degli,degli,_,_,_
934-13a,_,_,934,14,_,di,di,ADP,_
934-13b,_,_,934,15,_,gli,il,DET,_
934-14,BOI019,934,934,16,altri,altri,altro,PRON,_
934-15,BOI019,934,934,17,chiudeva,chiudeva,chiudere,VERB,_
934-16,BOI019,934,934,18,queste,queste,questo,DET,_
934-17,BOI019,934,934,19,ragazze,ragazze,ragazza,NOUN,_
935-0,BOI019,935,935,1,dentro,dentro,dentro,ADV,_
936-0,BOI019,936,936,1,io,io,io,PRON,_
936-1,BOI019,936,936,2,ho,ho,avere,VERB,_
936-2,BOI019,936,936,3,la,la,il,DET,_
936-3,BOI019,936,936,4,chiave,chiave,chiave,NOUN,_
936-4,BOI019,936,936,5,l',l',lo,PRON,SpaceAfter=No
936-5,BOI019,936,936,6,ho,ho,avere,AUX,_
936-6,BOI019,936,936,7,tenuta,tenuta,tenere,VERB,_
936-7,BOI019,936,936,8,come,come,come,ADP,_
936-8,BOI019,936,936,9,ricordo,ricordo,ricordo,NOUN,_
937-0,BOI019,937,937,1,chiudeva,chiudeva,chiudere,VERB,_
937-1,BOI019,937,937,2,queste,queste,questo,DET,_
937-2,BOI019,937,937,3,ragazze,ragazze,ragazza,NOUN,_
937-3,BOI019,937,937,4,dentro,dentro,dentro,ADV,_
938-0,BOI019,938,938,1,e,e,e,CCONJ,_
938-1,BOI019,938,938,2,poi,poi,poi,ADV,_
938-2,BOI019,938,938,3,andava,andava,andare,VERB,_
938-3,BOI019,938,938,4-5,negli,negli,_,_,_
938-3a,_,_,938,4,_,in,in,ADP,_
938-3b,_,_,938,5,_,gli,il,DET,_
938-4,BOI019,938,938,6,altri,altri,altro,ADJ,_
938-5,BOI019,938,938,7,luoghi,luoghi,luogo,NOUN,_
939-0,BOI019,939,939,0,{batte_le_mani},{batte_le_mani},_,X,_
940-0,BOI019,940,940,1,parlando,parlando,parlare,VERB,_
940-1,BOI019,940,940,2,con,con,con,ADP,_
940-2,BOI019,940,940,3,le,le,il,DET,_
940-3,BOI019,940,940,4,ragazze,ragazze,ragazzo,NOUN,_
940-4,BOI019,940,940,5,che,che,che,PRON,_
940-5,BOI019,940,940,6,pativano,pativano,patire,VERB,_
940-6,BOI019,940,940,7,come,come,come,ADP,_
940-7,BOI019,940,940,8,noi,noi,noi,PRON,_
940-8,BOI019,940,940,9,perché,perché,perché,SCONJ,_
941-0,BOI019,941,941,1,perché,perché,perché,SCONJ,_
941-1,BOI019,941,941,2,lei,lei,lei,PRON,_
941-2,BOI019,941,941,3,non,non,non,ADV,_
941-3,BOI019,941,941,4,non,non,non,ADV,_
941-4,BOI019,941,941,5,non,non,non,ADV,_
941-5,BOI019,941,941,6,non,non,non,ADV,_
941-6,BOI019,941,941,7,dava,dava,dare,VERB,_
941-7,BOI019,941,941,8,non,non,non,ADV,_
941-8,BOI019,941,941,9,dava,dava,dare,VERB,_
941-9,BOI019,941,941,10,niente,niente,niente,PRON,_
942-0,BOI019,942,942,1,era::,era,essere,AUX,_
942-1,BOI019,942,942,2,era::,era,essere,AUX,_
942-2,BOI019,942,942,3,rigida,rigida,rigido,ADJ,_
943-0,BOI019,943,943,1,e,e,e,CCONJ,_
943-1,BOI019,943,943,2,{P},{P},_,_,_
943-2,BOI019,943,943,3,questi,questi,questo,PRON,_
943-3,BOI019,943,943,4,erano,erano,essere,AUX,_
944-0,BOI019,944,944,1,depositi,depositi,deposito,NOUN,_
944-1,BOI019,944,944,2,di,di,di,ADP,_
944-2,BOI019,944,944,3,alimenti,alimenti,alimente,NOUN,_
945-0,BOI019,945,945,1,che,che,che,PRON,_
945-1,BOI019,945,945,2,venivano,venivano,venire,AUX,_
945-2,BOI019,945,945,3,poi,poi,poi,ADV,_
945-3,BOI019,945,945,4,portati,portati,portare,VERB,_
945-4,BOI019,945,945,5-6,al,al,_,_,_
945-4a,_,_,945,5,_,a,a,ADP,_
945-4b,_,_,945,6,_,il,il,DET,_
945-5,BOI019,945,945,7,fronte,fronte,fronte,NOUN,_
946-0,BOI019,946,946,1-2,al,al,_,_,_
946-0a,_,_,946,1,_,a,a,ADP,_
946-0b,_,_,946,2,_,il,il,DET,_
946-1,BOI019,946,946,3,fronte,fronte,fronte,NOUN,_
947-0,BOI019,947,947,1,che,che,che,PRON,_
947-1,BOI019,947,947,2,era,era,essere,AUX,_
947-2,BOI019,947,947,3,fermo,fermo,fermo,ADJ,_
947-3,BOI019,947,947,4-5,sul,sul,_,_,_
947-3a,_,_,947,4,_,su,su,ADP,_
947-3b,_,_,947,5,_,il,il,DET,_
947-4,BOI019,947,947,6,lamone,lamone,lamone,NOUN,_
948-0,BOI019,948,948,1,di,di,di,ADP,_
948-1,BOI019,948,948,2,faenza,faenza,faenza,NOUN,_
949-0,BOI019,949,949,1,d',d',di,ADP,SpaceAfter=No
949-1,BOI019,949,949,2,accordo?,accordo,accordo,NOUN,Intonation=rising
950-0,BOI019,950,950,1,quando,quando,quando,SCONJ,_
950-1,BOI019,950,950,2,la,la,il,DET,_
950-2,BOI019,950,950,3,polacca,polacca,polacco,NOUN,_
950-3,BOI019,950,950,4,se,se,se,PRON,_
950-4,BOI019,950,950,5,ne,ne,ne,PRON,_
950-5,BOI019,950,950,6,era,era,essere,AUX,_
950-6,BOI019,950,950,7,andata,andata,andare,VERB,_
950-7,BOI019,950,950,8,le,le,le,PRON,_
950-8,BOI019,950,950,9,abbiamo,abbiamo,avere,VERB,_
950-9,BOI019,950,950,10,chiuse,chiuse,chiuso,ADJ,_
950-10,BOI019,950,950,11,dentro,dentro,dentro,ADV,_
951-0,BOI019,951,951,1,entrando,entrando,entrare,VERB,_
951-1,BOI019,951,951,2,in,in,in,ADP,_
951-2,BOI019,951,951,3,questo,questo,questo,DET,_
951-3,BOI019,951,951,4,corridoio,corridoio,corridoio,NOUN,_
951-4,BOI019,951,951,5,davanti,davanti,davanti,ADV,_
951-5,BOI019,951,951,6,a,a,a,ADP,_
951-6,BOI019,951,951,7,questa,questa,questo,DET,_
951-7,BOI019,951,951,8,porticina,porticina,porticina,NOUN,_
951-8,BOI019,951,951,9-10,col,col,_,_,_
951-8a,_,_,951,9,_,con,con,ADP,_
951-8b,_,_,951,10,_,il,il,DET,_
951-9,BOI019,951,951,11,buco,buco,buco,NOUN,_
952-0,BOI019,952,952,1,io,io,io,PRON,_
952-1,BOI019,952,952,2,{ride},{ride},_,_,_
952-2,BOI019,952,952,3,io,io,io,PRON,_
952-3,BOI019,952,952,4,{ride},{ride},_,_,_
953-0,BOI019,953,953,1,mettevo,mettevo,mettevere,VERB,_
953-1,BOI019,953,953,2,la,la,il,DET,_
953-2,BOI019,953,953,3,manina,manina,manina,NOUN,_
954-0,BOI019,954,954,1,e,e,e,CCONJ,_
954-1,BOI019,954,954,2,quella,quella,quello,PRON,_
954-2,BOI019,954,954,3,che,che,che,PRON,_
954-3,BOI019,954,954,4,era,era,essere,AUX,_
954-4,BOI019,954,954,5,dentro,dentro,dentro,ADV,_
954-5,BOI019,954,954,6,mi,mi,mi,PRON,_
954-6,BOI019,954,954,7,dava,dava,dare,VERB,_
955-0,BOI019,955,955,1,le,le,il,DET,_
955-1,BOI019,955,955,2,paste,paste,pasta,NOUN,_
955-2,BOI019,955,955,3,fu,fu,essere,AUX,_
955-3,BOI019,955,955,4,fu,fu,essere,AUX,_
955-4,BOI019,955,955,5,fu,fu,essere,AUX,_
955-5,BOI019,955,955,6,il,il,il,DET,_
955-6,BOI019,955,955,7,natale,natale,natale,ADJ,_
955-7,BOI019,955,955,8,dolce,dolce,dolce,NOUN,_
955-8,BOI019,955,955,9,il,il,il,DET,_
955-9,BOI019,955,955,10,dolce,dolce,dolce,NOUN,_
955-10,BOI019,955,955,11,natale,natale,natale,ADJ,_
955-11,BOI019,955,955,12-13,del,del,_,_,_
955-11a,_,_,955,12,_,di,di,ADP,_
955-11b,_,_,955,13,_,il,il,DET,_
955-12,BOI019,955,955,14,quarantaquattro,quarantaquattro,quarantaquattro,NOUN,_
956-0,BOI019,956,956,1,mi,mi,mi,PRON,_
956-1,BOI019,956,956,2,mi,mi,mi,PRON,_
956-2,BOI019,956,956,3,mi,mi,mi,PRON,_
956-3,BOI019,956,956,4,dava,dava,dare,VERB,_
956-4,BOI019,956,956,5,que~,que~,que~,PROPN,Interrupted=Yes
956-5,BOI019,956,956,6,questi,questi,questo,PRON,_
956-6,BOI019,956,956,7,queste,queste,questo,DET,_
956-7,BOI019,956,956,8,paste,paste,pasta,NOUN,_
957-0,BOI019,957,957,1,mi,mi,mi,PRON,_
957-1,BOI019,957,957,2,ricordo,ricordo,ricordare,VERB,_
957-2,BOI019,957,957,3,che,che,che,SCONJ,_
957-3,BOI019,957,957,4,riempimmo,riempimmo,riempire,VERB,_
957-4,BOI019,957,957,5,diverse,diverse,diverso,DET,_
957-5,BOI019,957,957,6,borse,borse,borsa,NOUN,_
958-0,BOI019,958,958,1,proprio,proprio,proprio,ADV,_
958-1,BOI019,958,958,2,diverse,diverse,diverso,DET,_
958-2,BOI019,958,958,3,borse,borse,borsa,NOUN,_
959-0,BOI019,959,959,1,eran,eran,eran,NOUN,_
959-1,BOI019,959,959,2,due,due,due,NUM,_
959-2,BOI019,959,959,3,le,le,il,DET,_
959-3,BOI019,959,959,4,ragazze,ragazze,ragazza,NOUN,_
959-4,BOI019,959,959,5,una,una,uno,PRON,_
959-5,BOI019,959,959,6,che,che,che,PRON,_
959-6,BOI019,959,959,7,faceva,faceva,fare,VERB,_
959-7,BOI019,959,959,8,questo,questo,questo,DET,_
959-8,BOI019,959,959,9,"lavoro,",lavoro,lavoro,NOUN,Intonation=weakly_rising
959-9,BOI019,959,959,10,quell',quell',quello,DET,SpaceAfter=No
959-10,BOI019,959,959,11,altra,altra,altro,PRON,_
959-11,BOI019,959,959,12,che,che,che,PRON,_
959-12,BOI019,959,959,13,stava,stava,stare,VERB,_
959-13,BOI019,959,959,14-15,sulla,sulla,_,_,_
959-13a,_,_,959,14,_,su,su,ADP,_
959-13b,_,_,959,15,_,la,il,DET,_
959-14,BOI019,959,959,16,porta,porta,porta,NOUN,_
960-0,BOI019,960,960,1,si,si,si,PRON,_
960-1,BOI019,960,960,2,arrivava,arrivava,arrivare,VERB,_
960-2,BOI019,960,960,3,eventualmente,eventualmente,eventualmente,ADV,_
960-3,BOI019,960,960,4,e,e,e,CCONJ,_
960-4,BOI019,960,960,5,vedeva,vedeva,vedere,VERB,_
960-5,BOI019,960,960,6,l',l',il,DET,SpaceAfter=No
960-6,BOI019,960,960,7,arrivo,arrivo,arrivo,NOUN,_
960-7,BOI019,960,960,8-9,della,della,_,_,_
960-7a,_,_,960,8,_,di,di,ADP,_
960-7b,_,_,960,9,_,la,il,DET,_
960-8,BOI019,960,960,10,macchina,macchina,macchina,NOUN,_
960-9,BOI019,960,960,11-12,del,del,_,_,_
960-9a,_,_,960,11,_,di,di,ADP,_
960-9b,_,_,960,12,_,il,il,DET,_
961-0,BOI019,961,961,1-2,del,del,_,_,_
961-0a,_,_,961,1,_,di,di,ADP,_
961-0b,_,_,961,2,_,il,il,DET,_
961-1,BOI019,961,961,3-4,della,della,_,_,_
961-1a,_,_,961,3,_,di,di,ADP,_
961-1b,_,_,961,4,_,la,il,DET,_
961-2,BOI019,961,961,5,co~,co~,co~,PROPN,Interrupted=Yes
961-3,BOI019,961,961,6-7,della,della,_,_,_
961-3a,_,_,961,6,_,di,di,ADP,_
961-3b,_,_,961,7,_,la,il,DET,_
961-4,BOI019,961,961,8,jeep,jeep,jeep,NOUN,_
962-0,BOI019,962,962,1,d~,d~,d~,PROPN,Interrupted=Yes
962-1,BOI019,962,962,2,d~,d~,d~,PROPN,Interrupted=Yes
962-2,BOI019,962,962,3-4,della,della,_,_,_
962-2a,_,_,962,3,_,di,di,ADP,_
962-2b,_,_,962,4,_,la,il,DET,_
962-3,BOI019,962,962,5,polacca,polacca,polacco,NOUN,_
963-0,BOI019,963,963,1,e,e,e,CCONJ,_
963-1,BOI019,963,963,2,io,io,io,PRON,_
963-2,BOI019,963,963,3,che,che,che,PRON,_
963-3,BOI019,963,963,4,ero,ero,essere,AUX,_
963-4,BOI019,963,963,5,dentro,dentro,dentro,ADV,_
963-5,BOI019,963,963,6,{ride},{ride},_,_,_
963-6,BOI019,963,963,7,c:h,ch,ch,ADJ,_
964-0,BOI019,964,964,1,riempimmo,riempimmo,riempire,VERB,_
964-1,BOI019,964,964,2,mi,mi,mi,PRON,_
964-2,BOI019,964,964,3,ricordo,ricordo,ricordo,NOUN,_
965-0,BOI019,965,965,1,ta~,ta~,ta~,PROPN,Interrupted=Yes
965-1,BOI019,965,965,2,{P},{P},_,_,_
965-2,BOI019,965,965,3,tante,tante,tanto,DET,_
965-3,BOI019,965,965,4,borse,borse,borsa,NOUN,_
966-0,BOI019,966,966,1,tante,tante,tanto,DET,_
966-1,BOI019,966,966,2,perché,perché,perché,SCONJ,_
966-2,BOI019,966,966,3,una,una,uno,PRON,_
966-3,BOI019,966,966,4,di,di,di,ADP,_
966-4,BOI019,966,966,5,queste,queste,questo,DET,_
966-5,BOI019,966,966,6,borse,borse,borsa,NOUN,_
966-6,BOI019,966,966,7,di,di,di,ADP,_
966-7,BOI019,966,966,8,stoffa,stoffa,stoffa,NOUN,_
967-0,BOI019,967,967,1,l',l',lo,PRON,SpaceAfter=No
967-1,BOI019,967,967,2,ho,ho,avere,AUX,_
967-2,BOI019,967,967,3,regalata,regalata,regalare,VERB,_
967-3,BOI019,967,967,4,a,a,a,ADP,_
967-4,BOI019,967,967,5,un,un,uno,DET,_
967-5,BOI019,967,967,6,"ragazzo,",ragazzo,ragazzo,NOUN,Intonation=weakly_rising
967-6,BOI019,967,967,7,figlio,figlio,figlio,NOUN,_
967-7,BOI019,967,967,8,di,di,di,ADP,_
967-8,BOI019,967,967,9,una,una,uno,DET,_
967-9,BOI019,967,967,10,mia,mia,mio,DET,_
968-0,BOI019,968,968,1,e::h,eh,eh,INTJ,_
968-1,BOI019,968,968,2,cara,cara,caro,ADJ,_
968-2,BOI019,968,968,3,amica,amica,amico,NOUN,_
968-3,BOI019,968,968,4,d',d',di,ADP,SpaceAfter=No
968-4,BOI019,968,968,5,infanzia,infanzia,infanzia,NOUN,_
968-5,BOI019,968,968,6,che,che,che,PRON,_
968-6,BOI019,968,968,7,si,si,si,PRON,_
968-7,BOI019,968,968,8,è,è,essere,AUX,_
968-8,BOI019,968,968,9,laureata,laureata,laureare,VERB,_
968-9,BOI019,968,968,10,in,in,in,ADP,_
968-10,BOI019,968,968,11,storia,storia,storia,NOUN,_
968-11,BOI019,968,968,12,contemporanea,contemporanea,contemporaneo,ADJ,_
968-12,BOI019,968,968,13,con,con,con,ADP,_
968-13,BOI019,968,968,14,tutti,tutti,tutto,DET,_
968-14,BOI019,968,968,15,questi,questi,questo,DET,_
968-15,BOI019,968,968,16,racconti,racconti,racconte,NOUN,_
969-0,BOI019,969,969,1,eh,eh,eh,INTJ,_
970-0,BOI019,970,970,1,e,e,e,CCONJ,_
970-1,BOI019,970,970,2,quindi,quindi,quindi,ADV,_
971-0,BOI019,971,971,1,quando,quando,quando,SCONJ,_
971-1,BOI019,971,971,2,eh,eh,eh,INTJ,_
972-0,BOI019,972,972,1,quando,quando,quando,SCONJ,_
972-1,BOI019,972,972,2,noi,noi,noi,PRON,_
972-2,BOI019,972,972,3,portammo,portammo,portare,VERB,_
972-3,BOI019,972,972,4,in,in,in,ADP,_
972-4,BOI019,972,972,5,casa,casa,casa,NOUN,_
972-5,BOI019,972,972,6,tutte,tutte,tutto,DET,_
972-6,BOI019,972,972,7,queste,queste,questo,DET,_
972-7,BOI019,972,972,8,paste,paste,pasta,NOUN,_
973-0,BOI019,973,973,1,fu,fu,essere,AUX,_
973-1,BOI019,973,973,2,una,una,uno,DET,_
973-2,BOI019,973,973,3,distribuzione,distribuzione,distribuzione,NOUN,_
974-0,BOI019,974,974,1,di,di,di,ADP,_
974-1,BOI019,974,974,2,tutto,tutto,tutto,PRON,_
974-2,BOI019,974,974,3,quel,quel,quello,DET,_
974-3,BOI019,974,974,4,tu~,tu~,tu~,PROPN,Interrupted=Yes
974-4,BOI019,974,974,5,dz,dz,dz,NOUN,_
974-5,BOI019,974,974,6,queste,queste,questo,DET,_
974-6,BOI019,974,974,7,persone,persone,persona,NOUN,_
974-7,BOI019,974,974,8,attorno,attorno,attorno,ADV,_
975-0,BOI019,975,975,1,era,era,essere,AUX,_
975-1,BOI019,975,975,2,il,il,il,DET,_
975-2,BOI019,975,975,3,natale,natale,natale,NOUN,_
975-3,BOI019,975,975,4-5,del,del,_,_,_
975-3a,_,_,975,4,_,di,di,ADP,_
975-3b,_,_,975,5,_,il,il,DET,_
975-4,BOI019,975,975,6,quarantaquattro,quarantaquattro,quarantaquattro,NOUN,_
976-0,BOI019,976,976,1,quindi,quindi,quindi,ADV,_
976-1,BOI019,976,976,2,{ride},{ride},_,_,_
976-2,BOI019,976,976,3,xx,x,x,SYM,_
976-3,BOI019,976,976,4,il,il,il,DET,_
976-4,BOI019,976,976,5,mio,mio,mio,DET,_
976-5,BOI019,976,976,6,problema,problema,problema,NOUN,_
977-0,BOI019,977,977,1,con,con,con,ADP,_
977-1,BOI019,977,977,2,la,la,il,DET,_
977-2,BOI019,977,977,3,mia,mia,mio,DET,_
977-3,BOI019,977,977,4,nonna,nonna,nonno,NOUN,_
977-4,BOI019,977,977,5,dicevo,dicevo,dire,VERB,_
977-5,BOI019,977,977,6,nonna,nonna,nonno,NOUN,_
977-6,BOI019,977,977,7,ma,ma,ma,CCONJ,_
977-7,BOI019,977,977,8,il,il,il,DET,_
977-8,BOI019,977,977,9,prete,prete,prete,NOUN,_
977-9,BOI019,977,977,10-11,glielo,glielo,_,_,_
977-9a,_,_,977,10,_,glie,gli,PRON,_
977-9b,_,_,977,11,_,lo,lo,PRON,_
977-10,BOI019,977,977,12,devo,devo,dovere,AUX,_
977-11,BOI019,977,977,13,dire,dire,dire,VERB,_
977-12,BOI019,977,977,14,che,che,che,SCONJ,_
977-13,BOI019,977,977,15,abbiam,abbiam,abbiam,X,_
977-14,BOI019,977,977,16,ruba(to),rubato,rubare,VERB,_
978-0,BOI019,978,978,1,no,no,no,INTJ,_
978-1,BOI019,978,978,2,no,no,no,ADV,_
978-2,BOI019,978,978,3,questo,questo,questo,PRON,_
978-3,BOI019,978,978,4,non,non,non,ADV,_
978-4,BOI019,978,978,5,è,è,essere,AUX,_
978-5,BOI019,978,978,6,un,un,uno,DET,_
978-6,BOI019,978,978,7,ruba(re),rubare,rubare,NOUN,_
978-7,BOI019,978,978,8,{ride},{ride},_,_,_
979-0,BOR005,979,979,0,{ride},{ride},_,X,_
980-0,BOR005,980,980,0,{ride},{ride},_,X,_
981-0,BOI019,981,981,1,{sospira},{sospira},_,_,_
981-1,BOI019,981,981,2,il,il,il,DET,_
981-2,BOI019,981,981,3,mio,mio,mio,DET,_
981-3,BOI019,981,981,4,problema,problema,problema,NOUN,_
981-4,BOI019,981,981,5,{ride},{ride},_,_,_
981-5,BOI019,981,981,6,{P},{P},_,_,_
981-6,BOI019,981,981,7,l',l',lo,PRON,SpaceAfter=No
981-7,BOI019,981,981,8,ho,ho,avere,AUX,_
981-8,BOI019,981,981,9,scritto,scritto,scrivere,VERB,_
981-9,BOI019,981,981,10,questo,questo,questo,DET,_
981-10,BOI019,981,981,11,racconto,racconto,racconto,NOUN,_
981-11,BOI019,981,981,12,e,e,e,CCONJ,_
981-12,BOI019,981,981,13,l',l',lo,PRON,SpaceAfter=No
981-13,BOI019,981,981,14,ho,ho,avere,AUX,_
981-14,BOI019,981,981,15,regalato,regalato,regalare,VERB,_
982-0,BOR005,982,982,0,{ride},{ride},_,X,_
983-0,BOI019,983,983,1,che,che,che,SCONJ,_
983-1,BOI019,983,983,2,ogni,ogni,ogni,DET,_
983-2,BOI019,983,983,3,tanto,tanto,tanto,DET,_
983-3,BOI019,983,983,4,regalo,regalo,regalo,NOUN,_
983-4,BOI019,983,983,5,i,i,il,DET,_
983-5,BOI019,983,983,6,racconti,racconti,racconte,NOUN,_
984-0,BOI019,984,984,1,adesso,adesso,adesso,ADV,_
984-1,BOI019,984,984,2,ce,ce,ce,PRON,_
984-2,BOI019,984,984,3,n',n',ne,PRON,SpaceAfter=No
984-3,BOI019,984,984,4,ho,ho,avere,VERB,_
984-4,BOI019,984,984,5,uno,uno,uno,PRON,_
984-5,BOI019,984,984,6,di,di,di,ADP,_
984-6,BOI019,984,984,7,di,di,di,ADP,_
984-7,BOI019,984,984,8,dario,dario,Dario,NOUN,_
984-8,BOI019,984,984,9,che,che,che,PRON,_
984-9,BOI019,984,984,10,te,te,te,PRON,_
984-10,BOI019,984,984,11,lo,lo,lo,PRON,_
984-11,BOI019,984,984,12,do,do,dere,VERB,_
984-12,BOI019,984,984,13,poi,poi,poi,ADV,_
985-0,BOI019,985,985,1,che,che,che,SCONJ,_
985-1,BOI019,985,985,2,lui,lui,lui,PRON,_
985-2,BOI019,985,985,3,è,è,essere,AUX,_
985-3,BOI019,985,985,4,stato,stato,essere,AUX,_
985-4,BOI019,985,985,5,r,r,r,X,_
985-5,BOI019,985,985,6,m::h,mh,mh,X,_
986-0,BOI019,986,986,1,per,per,per,ADP,_
986-1,BOI019,986,986,2,mio,mio,mio,DET,_
986-2,BOI019,986,986,3,marito,marito,marito,NOUN,_
986-3,BOI019,986,986,4,è,è,essere,AUX,_
986-4,BOI019,986,986,5,stato,stato,essere,AUX,_
986-5,BOI019,986,986,6,un,un,uno,DET,_
986-6,BOI019,986,986,7,ragazzino,ragazzino,ragazzino,NOUN,_
986-7,BOI019,986,986,8,poverino,poverino,poverino,ADJ,_
987-0,BOI019,987,987,1,che,che,che,SCONJ,_
987-1,BOI019,987,987,2,non,non,non,ADV,_
987-2,BOI019,987,987,3,sapeva,sapeva,sapere,VERB,_
987-3,BOI019,987,987,4,neanche,neanche,neanche,ADV,_
987-4,BOI019,987,987,5,dov',dov',dove,ADV,SpaceAfter=No
987-5,BOI019,987,987,6,era,era,essere,AUX,_
987-6,BOI019,987,987,7,milano,milano,milare,VERB,_
987-7,BOI019,987,987,8,l',l',lo,PRON,SpaceAfter=No
987-8,BOI019,987,987,9,ha,ha,avere,AUX,_
987-9,BOI019,987,987,10,mandato,mandato,mandare,VERB,_
987-10,BOI019,987,987,11,a,a,a,ADP,_
987-11,BOI019,987,987,12,milano,milano,milano,NOUN,_
987-12,BOI019,987,987,13,a,a,a,ADP,_
987-13,BOI019,987,987,14,portare,portare,portare,VERB,_
988-0,BOI019,988,988,1,a,a,a,ADP,_
988-1,BOI019,988,988,2,portare::,portare,portare,VERB,_
989-0,BOI019,989,989,1,e:h,eh,eh,ADV,_
989-1,BOI019,989,989,2,le,le,il,DET,_
989-2,BOI019,989,989,3,scarpe,scarpe,scarpa,NOUN,_
989-3,BOI019,989,989,4,per,per,per,ADP,_
989-4,BOI019,989,989,5,i,i,il,DET,_
989-5,BOI019,989,989,6,partigiani,partigiani,partigiano,NOUN,_
989-6,BOI019,989,989,7,ma,ma,ma,CCONJ,_
989-7,BOI019,989,989,8,chissà,chissà,chissà,ADV,_
989-8,BOI019,989,989,9,cosa,cosa,cosa,PRON,_
989-9,BOI019,989,989,10,c',c',ci,PRON,SpaceAfter=No
989-10,BOI019,989,989,11,era,era,essere,VERB,_
989-11,BOI019,989,989,12,dentro,dentro,dentro,ADV,_
989-12,BOI019,989,989,13,quelle,quelle,quelle,DET,_
989-13,BOI019,989,989,14,scarpe,scarpe,scarpa,NOUN,_
990-0,BOI019,990,990,1,quindi::,quindi,quindi,ADV,_
991-0,BOR005,991,991,1,e,e,e,CCONJ,_
991-1,BOR005,991,991,2,quindi:,quindi,quindi,ADV,_
991-2,BOR005,991,991,3,sono,sono,essere,AUX,_
991-3,BOR005,991,991,4,stati,stati,essere,AUX,_
991-4,BOR005,991,991,5,un,un,uno,DET,_
991-5,BOR005,991,991,6,po',po',poco,ADV,_
991-6,BOR005,991,991,7,diciamo,diciamo,dire,VERB,_
991-7,BOR005,991,991,8,tu~,tu~,tu~,PROPN,Interrupted=Yes
992-0,BOR005,992,992,1,tutto,tutto,tutto,DET,_
992-1,BOR005,992,992,2,quello,quello,quello,PRON,_
992-2,BOR005,992,992,3,che,che,che,PRON,_
992-3,BOR005,992,992,4,lei,lei,lei,PRON,_
992-4,BOR005,992,992,5,ha,ha,avere,AUX,_
992-5,BOR005,992,992,6,vissuto,vissuto,vivere,VERB,_
992-6,BOR005,992,992,7,che,che,che,SCONJ,_
992-7,BOR005,992,992,8,l',l',lo,PRON,SpaceAfter=No
992-8,BOR005,992,992,9,hanno,hanno,avere,AUX,_
992-9,BOR005,992,992,10,portata,portata,portare,VERB,_
992-10,BOR005,992,992,11,ad,ad,a,ADP,_
992-11,BOR005,992,992,12-13,unirsi,unirsi,_,_,_
992-11a,_,_,992,12,_,unir,unire,VERB,_
992-11b,_,_,992,13,_,si,si,PRON,_
992-12,BOR005,992,992,14,ad,ad,a,ADP,_
992-13,BOR005,992,992,15,anpi?,anpi,anpo,NOUN,Intonation=rising
993-0,BOR005,993,993,1,o,o,o,CCONJ,_
993-1,BOR005,993,993,2,comunque,comunque,comunque,ADV,_
993-2,BOR005,993,993,3,ha,ha,avere,AUX,_
993-3,BOR005,993,993,4,colla[borato,collaborato,collaborare,VERB,_
993-4,BOR005,993,993,5,con,con,con,ADP,_
993-5,BOR005,993,993,6,anpi]?,anpi,anpo,NOUN,Intonation=rising
994-0,BOI019,994,994,1,[certo,certo,certo,ADV,_
994-1,BOI019,994,994,2,certo],certo,certo,ADV,_
994-2,BOI019,994,994,3,certo,certo,certo,ADV,_
994-3,BOI019,994,994,4,anche,anche,anche,ADV,_
994-4,BOI019,994,994,5,perché,perché,perché,SCONJ,_
994-5,BOI019,994,994,6,mio,mio,mio,DET,_
994-6,BOI019,994,994,7,marito,marito,marito,NOUN,_
994-7,BOI019,994,994,8,era,era,essere,AUX,_
994-8,BOI019,994,994,9,iscritto,iscritto,iscrivere,VERB,_
994-9,BOI019,994,994,10-11,all',all',_,_,SpaceAfter=No
994-9a,_,_,994,10,_,a,a,ADP,_
994-9b,_,_,994,11,_,l',il,DET,_
994-10,BOI019,994,994,12,anpi,anpi,anpo,NOUN,_
995-0,BOI019,995,995,1,ti,ti,ti,PRON,_
995-1,BOI019,995,995,2,dirò,dirò,dirare,VERB,_
995-2,BOI019,995,995,3,mi,mi,mi,PRON,_
995-3,BOI019,995,995,4,sono,sono,essere,AUX,_
995-4,BOI019,995,995,5,iscritta,iscritta,iscrivere,VERB,_
995-5,BOI019,995,995,6,anch',anch',anche,ADV,SpaceAfter=No
995-6,BOI019,995,995,7,io,io,io,PRON,_
995-7,BOI019,995,995,8-9,all',all',_,_,SpaceAfter=No
995-7a,_,_,995,8,_,a,a,ADP,_
995-7b,_,_,995,9,_,l',il,DET,_
995-8,BOI019,995,995,10,anpi,anpi,anpo,NOUN,_
996-0,BOI019,996,996,1,e,e,e,CCONJ,_
996-1,BOI019,996,996,2,a~,a~,a~,PROPN,Interrupted=Yes
996-2,BOI019,996,996,3,anche,anche,anche,ADV,_
996-3,BOI019,996,996,4,i,i,il,DET,_
996-4,BOI019,996,996,5,miei,miei,mio,DET,_
996-5,BOI019,996,996,6,nipoti,nipoti,nipote,NOUN,_
996-6,BOI019,996,996,7,anche,anche,anche,ADV,_
996-7,BOI019,996,996,8,anche::,anche,anche,ADV,_
997-0,BOI019,997,997,1,soprattutto,soprattutto,soprattutto,ADV,_
998-0,BOI019,998,998,1,la,la,il,DET,_
998-1,BOI019,998,998,2,la,la,il,DET,_
998-2,BOI019,998,998,3,mia,mia,mio,DET,_
998-3,BOI019,998,998,4,carolina,carolina,carolina,NOUN,_
998-4,BOI019,998,998,5-6,delle,delle,_,_,_
998-4a,_,_,998,5,_,di,di,ADP,_
998-4b,_,_,998,6,_,le,il,DET,_
998-5,BOI019,998,998,7,medie,medie,media,NOUN,_
998-6,BOI019,998,998,8,qua,qua,qua,ADV,_
998-7,BOI019,998,998,9,a::h,ah,ah,INTJ,_
998-8,BOI019,998,998,10,no,no,no,X,_
998-9,BOI019,998,998,11,no,no,no,X,_
998-10,BOI019,998,998,12,no,no,no,X,_
998-11,BOI019,998,998,13,no,no,no,X,_
998-12,BOI019,998,998,14,mi,mi,mi,PRON,_
998-13,BOI019,998,998,15,iscrivo,iscrivo,iscrivere,VERB,_
998-14,BOI019,998,998,16,anch',anch',anche,ADV,SpaceAfter=No
998-15,BOI019,998,998,17,io,io,io,PRON,_
998-16,BOI019,998,998,18,{sospira},{sospira},_,_,_
999-0,BOI019,999,999,1,perché,perché,perché,SCONJ,_
999-1,BOI019,999,999,2,mh,mh,mh,INTJ,_
999-2,BOI019,999,999,3,bisogna,bisogna,bisognare,VERB,_
999-3,BOI019,999,999,4-5,portarle,portarle,_,_,_
999-3a,_,_,999,4,_,portar,portare,VERB,_
999-3b,_,_,999,5,_,le,le,DET,_
999-4,BOI019,999,999,6,queste,queste,questo,DET,_
999-5,BOI019,999,999,7,testimonia~,testimonia~,testimonia~,PROPN,Interrupted=Yes
999-6,BOI019,999,999,8,anche,anche,anche,ADV,_
999-7,BOI019,999,999,9,la,la,il,DET,_
999-8,BOI019,999,999,10,guerra,guerra,guerra,NOUN,_
999-9,BOI019,999,999,11,è,è,essere,AUX,_
999-10,BOI019,999,999,12,una,una,uno,DET,_
999-11,BOI019,999,999,13,gran,gran,grande,ADJ,_
999-12,BOI019,999,999,14,brutta,brutta,brutto,ADJ,_
999-13,BOI019,999,999,15,cosa,cosa,cosa,NOUN,_
1000-0,BOI019,1000,1000,1,bisogna,bisogna,bisognare,VERB,_
1000-1,BOI019,1000,1000,2-3,volersi,volersi,_,_,_
1000-1a,_,_,1000,2,_,voler,volere,VERB,_
1000-1b,_,_,1000,3,_,si,si,PRON,_
1000-2,BOI019,1000,1000,4,bene,bene,bene,NOUN,_
1001-0,BOI019,1001,1001,1,e,e,e,CCONJ,_
1001-1,BOI019,1001,1001,2,non,non,non,ADV,_
1001-2,BOI019,1001,1001,3,mh,mh,mh,X,_
1001-3,BOI019,1001,1001,4,m:h,mh,mh,X,_
1002-0,BOI019,1002,1002,1,non,non,non,ADV,_
1002-1,BOI019,1002,1002,2,non,non,non,ADV,_
1002-2,BOI019,1002,1002,3,c',c',ci,PRON,SpaceAfter=No
1002-3,BOI019,1002,1002,4,è,è,essere,VERB,_
1002-4,BOI019,1002,1002,5,nessun,nessun,nessun,DET,_
1002-5,BOI019,1002,1002,6,non,non,non,ADV,_
1002-6,BOI019,1002,1002,7,c',c',ci,PRON,SpaceAfter=No
1002-7,BOI019,1002,1002,8,è,è,essere,VERB,_
1002-8,BOI019,1002,1002,9,nessuno,nessuno,nessuno,PRON,_
1002-9,BOI019,1002,1002,10,che,che,che,PRON,_
1002-10,BOI019,1002,1002,11,ci,ci,ci,PRON,_
1002-11,BOI019,1002,1002,12,guadagna,guadagna,guadagna,VERB,_
1002-12,BOI019,1002,1002,13-14,nella,nella,_,_,_
1002-12a,_,_,1002,13,_,in,in,ADP,_
1002-12b,_,_,1002,14,_,la,il,DET,_
1002-13,BOI019,1002,1002,15,guerra,guerra,guerra,NOUN,_
1002-14,BOI019,1002,1002,16,ma,ma,ma,CCONJ,_
1002-15,BOI019,1002,1002,17,che,che,che,PRON,_
1002-16,BOI019,1002,1002,18,guadagno,guadagno,guadagre,VERB,_
1003-0,BOI019,1003,1003,1,è,è,essere,AUX,_
1003-1,BOI019,1003,1003,2,morte,morte,morto,ADJ,_
1003-2,BOI019,1003,1003,3,è,è,essere,AUX,_
1003-3,BOI019,1003,1003,4,morte,morte,morire,VERB,_
1003-4,BOI019,1003,1003,5,io,io,io,PRON,_
1003-5,BOI019,1003,1003,6,r~,r~,r~,PROPN,Interrupted=Yes
1003-6,BOI019,1003,1003,7,vedevo,vedevo,vedere,VERB,_
1003-7,BOI019,1003,1003,8,arrivare,arrivare,arrivare,VERB,_
1003-8,BOI019,1003,1003,9,tutti,tutti,tutto,DET,_
1003-9,BOI019,1003,1003,10,questi,questi,questo,DET,_
1003-10,BOI019,1003,1003,11,morti,morti,morto,NOUN,_
1004-0,BOI019,1004,1004,1,in,in,in,ADP,_
1004-1,BOI019,1004,1004,2,quest',quest',questo,DET,Truncated=Yes
1004-2,BOI019,1004,1004,3,infermeria,infermeria,infermeria,NOUN,_
1005-0,BOI019,1005,1005,1,te,te,te,PRON,_
1005-1,BOI019,1005,1005,2,li,li,li,PRON,_
1005-2,BOI019,1005,1005,3,portavano,portavano,portare,VERB,_
1005-3,BOI019,1005,1005,4,anche,anche,anche,ADV,_
1005-4,BOI019,1005,1005,5,con,con,con,ADP,_
1005-5,BOI019,1005,1005,6,le,le,il,DET,_
1005-6,BOI019,1005,1005,7,mucche,mucche,mucca,NOUN,_
1005-7,BOI019,1005,1005,8,e::,e,e,CCONJ,_
1005-8,BOI019,1005,1005,9,il,il,il,DET,_
1005-9,BOI019,1005,1005,10,carro,carro,carro,NOUN,_
1006-0,BOI019,1006,1006,1,e,e,e,CCONJ,_
1006-1,BOI019,1006,1006,2,poi,poi,poi,ADV,_
1006-2,BOI019,1006,1006,3,e,e,e,CCONJ,_
1006-3,BOI019,1006,1006,4,dopo,dopo,dopo,ADV,_
1006-4,BOI019,1006,1006,5,quei,quei,quello,DET,_
1006-5,BOI019,1006,1006,6,quattro,quattro,quattro,NUM,_
1006-6,BOI019,1006,1006,7,cinque,cinque,cinque,NUM,_
1006-7,BOI019,1006,1006,8,morti,morti,morto,NOUN,_
1006-8,BOI019,1006,1006,9,che,che,che,PRON,_
1006-9,BOI019,1006,1006,10,son,son,essere,AUX,_
1006-10,BOI019,1006,1006,11,morti,morti,morire,VERB,_
1006-11,BOI019,1006,1006,12,lì,lì,lì,ADV,_
1006-12,BOI019,1006,1006,13,da,da,da,ADP,_
1006-13,BOI019,1006,1006,14,me,me,me,PRON,_
1007-0,BOI019,1007,1007,1,io,io,io,PRON,_
1007-1,BOI019,1007,1007,2,sono,sono,essere,AUX,_
1007-2,BOI019,1007,1007,3,andata,andata,andare,VERB,_
1007-3,BOI019,1007,1007,4,con,con,con,ADP,_
1007-4,BOI019,1007,1007,5,le,le,il,DET,_
1007-5,BOI019,1007,1007,6,mani,mani,mano,NOUN,_
1007-6,BOI019,1007,1007,7,così,così,così,ADV,_
1007-7,BOI019,1007,1007,8,che,che,che,SCONJ,_
1007-8,BOI019,1007,1007,9,si,si,si,PRON,_
1007-9,BOI019,1007,1007,10,sentivano,sentivano,sentire,VERB,_
1007-10,BOI019,1007,1007,11,i,i,il,DET,_
1007-11,BOI019,1007,1007,12,lamenti,lamenti,lamento,NOUN,_
1008-0,BOI019,1008,1008,1,quando,quando,quando,SCONJ,_
1008-1,BOI019,1008,1008,2,abbiamo,abbiamo,avere,AUX,_
1008-2,BOI019,1008,1008,3,avuto,avuto,avere,VERB,_
1008-3,BOI019,1008,1008,4,l',l',il,DET,SpaceAfter=No
1008-4,BOI019,1008,1008,5,assalto,assalto,assalto,NOUN,_
1008-5,BOI019,1008,1008,6,proprio,proprio,proprio,DET,_
1009-0,BOI019,1009,1009,1-2,dai,dai,_,_,_
1009-0a,_,_,1009,1,_,da,da,ADP,_
1009-0b,_,_,1009,2,_,i,i,DET,_
1009-1,BOI019,1009,1009,3-4,dai,dai,_,_,_
1009-1a,_,_,1009,3,_,da,da,ADP,_
1009-1b,_,_,1009,4,_,i,il,DET,_
1009-2,BOI019,1009,1009,5,cannoni,cannoni,cannone,NOUN,_
1010-0,BOI019,1010,1010,1-2,del,del,_,_,_
1010-0a,_,_,1010,1,_,di,di,ADP,_
1010-0b,_,_,1010,2,_,il,il,DET,_
1010-1,BOI019,1010,1010,3,d~,d~,d~,PROPN,Interrupted=Yes
1010-2,BOI019,1010,1010,4,di,di,di,ADP,_
1010-3,BOI019,1010,1010,5,di,di,di,ADP,_
1010-4,BOI019,1010,1010,6,di,di,di,ADP,_
1010-5,BOI019,1010,1010,7,di,di,di,ADP,_
1011-0,BOI019,1011,1011,1-2,della,della,_,_,_
1011-0a,_,_,1011,1,_,di,di,ADP,_
1011-0b,_,_,1011,2,_,la,il,DET,_
1011-1,BOI019,1011,1011,3,collina,collina,collina,NOUN,_
1011-2,BOI019,1011,1011,4,che,che,che,PRON,_
1011-3,BOI019,1011,1011,5,era,era,essere,AUX,_
1011-4,BOI019,1011,1011,6,lì,lì,lì,ADV,_
1011-5,BOI019,1011,1011,7,da,da,da,ADP,_
1011-6,BOI019,1011,1011,8,noi,noi,noi,PRON,_
1012-0,BOI019,1012,1012,1,prima,prima,prima,ADV,_
1012-1,BOI019,1012,1012,2-3,dell',dell',_,_,SpaceAfter=No
1012-1a,_,_,1012,2,_,di,di,ADP,_
1012-1b,_,_,1012,3,_,l',il,DET,_
1012-2,BOI019,1012,1012,4,occupazione,occupazione,occupazione,NOUN,_
1013-0,BOI019,1013,1013,1,dopo,dopo,dopo,ADV,_
1013-1,BOI019,1013,1013,2,sono,sono,essere,AUX,_
1013-2,BOI019,1013,1013,3,arrivati,arrivati,arrivare,VERB,_
1013-3,BOI019,1013,1013,4,hanno,hanno,avere,AUX,_
1013-4,BOI019,1013,1013,5,attraversato,attraversato,attraversato,VERB,_
1013-5,BOI019,1013,1013,6,il,il,il,DET,_
1013-6,BOI019,1013,1013,7,fiume,fiume,fiume,NOUN,_
1013-7,BOI019,1013,1013,8,il,il,il,DET,_
1013-8,BOI019,1013,1013,9,ponte,ponte,ponte,NOUN,_
1013-9,BOI019,1013,1013,10,era,era,essere,AUX,_
1013-10,BOI019,1013,1013,11,stato,stato,essere,AUX,_
1014-0,BOI019,1014,1014,1,abbattuto,abbattuto,abbattere,VERB,_
1014-1,BOI019,1014,1014,2-3,dai,dai,_,_,_
1014-1a,_,_,1014,2,_,da,da,ADP,_
1014-1b,_,_,1014,3,_,i,il,DET,_
1014-2,BOI019,1014,1014,4,tedeschi,tedeschi,tedesco,NOUN,_
1014-3,BOI019,1014,1014,5,ma,ma,ma,CCONJ,_
1014-4,BOI019,1014,1014,6,avevano,avevano,avere,AUX,_
1014-5,BOI019,1014,1014,7,fatto,fatto,fare,VERB,_
1015-0,BOI019,1015,1015,1,il,il,il,DET,_
1015-1,BOI019,1015,1015,2,ponte,ponte,ponte,NOUN,_
1015-2,BOI019,1015,1015,3,con,con,con,ADP,_
1015-3,BOI019,1015,1015,4,le,le,il,DET,_
1015-4,BOI019,1015,1015,5,barche,barche,barca,NOUN,_
1016-0,BOI019,1016,1016,1,e::,e,e,CCONJ,_
1016-1,BOI019,1016,1016,2,e,e,e,CCONJ,_
1016-2,BOI019,1016,1016,3,sono,sono,essere,AUX,_
1016-3,BOI019,1016,1016,4,arrivati,arrivati,arrivare,VERB,_
1016-4,BOI019,1016,1016,5,c',c',ci,PRON,SpaceAfter=No
1016-5,BOI019,1016,1016,6,è,è,essere,AUX,_
1016-6,BOI019,1016,1016,7,stato,stato,essere,VERB,_
1016-7,BOI019,1016,1016,8,il,il,il,DET,_
1016-8,BOI019,1016,1016,9,corpo,corpo,corpo,NOUN,_
1016-9,BOI019,1016,1016,10,a,a,a,ADP,_
1016-10,BOI019,1016,1016,11,corpo,corpo,corpo,NOUN,_
1016-11,BOI019,1016,1016,12,proprio,proprio,proprio,ADV,_
1016-12,BOI019,1016,1016,13,in,in,in,ADP,_
1016-13,BOI019,1016,1016,14,mezzo,mezzo,mezzo,NOUN,_
1016-14,BOI019,1016,1016,15-16,alla,alla,_,_,_
1016-14a,_,_,1016,15,_,a,a,ADP,_
1016-14b,_,_,1016,16,_,la,il,DET,_
1016-15,BOI019,1016,1016,17,guerra,guerra,guerra,NOUN,_
1016-16,BOI019,1016,1016,18,noi,noi,noi,PRON,_
1016-17,BOI019,1016,1016,19,siamo,siamo,essere,AUX,_
1016-18,BOI019,1016,1016,20,stati,stati,essere,AUX,_
1017-0,BOI019,1017,1017,1,proprio,proprio,proprio,ADV,_
1017-1,BOI019,1017,1017,2,in,in,in,ADP,_
1017-2,BOI019,1017,1017,3,mezzo,mezzo,mezzo,NOUN,_
1017-3,BOI019,1017,1017,4-5,alla,alla,_,_,_
1017-3a,_,_,1017,4,_,a,a,ADP,_
1017-3b,_,_,1017,5,_,la,il,DET,_
1017-4,BOI019,1017,1017,6,guerra,guerra,guerra,NOUN,_
1018-0,BOI019,1018,1018,1,è,è,essere,AUX,_
1018-1,BOI019,1018,1018,2,è,è,essere,AUX,_
1018-2,BOI019,1018,1018,3,una,una,uno,DET,_
1018-3,BOI019,1018,1018,4,cosa,cosa,cosa,NOUN,_
1018-4,BOI019,1018,1018,5,molto,molto,molto,ADV,_
1018-5,BOI019,1018,1018,6,brutta,brutta,brutto,ADJ,_
1019-0,BOI019,1019,1019,1,io,io,io,PRON,_
1019-1,BOI019,1019,1019,2,{P},{P},_,_,_
1019-2,BOI019,1019,1019,3,c',c',ci,PRON,SpaceAfter=No
1019-3,BOI019,1019,1019,4,è,è,essere,AUX,_
1019-4,BOI019,1019,1019,5,stato,stato,essere,VERB,_
1019-5,BOI019,1019,1019,6,un,un,uno,DET,_
1019-6,BOI019,1019,1019,7,momento,momento,momento,NOUN,_
1019-7,BOI019,1019,1019,8,che,che,che,PRON,_
1019-8,BOI019,1019,1019,9,mh,mh,mh,ADV,_
1019-9,BOI019,1019,1019,10,è,è,essere,AUX,_
1019-10,BOI019,1019,1019,11,arrivato,arrivato,arrivare,VERB,_
1019-11,BOI019,1019,1019,12,un,un,uno,DET,_
1019-12,BOI019,1019,1019,13,giovane,giovane,giovane,NOUN,_
1019-13,BOI019,1019,1019,14,tedesco,tedesco,tedesco,ADJ,_
1020-0,BOI019,1020,1020,1,e,e,e,CCONJ,_
1020-1,BOI019,1020,1020,2-3,nel,nel,_,_,_
1020-1a,_,_,1020,2,_,in,in,ADP,_
1020-1b,_,_,1020,3,_,il,il,DET,_
1020-2,BOI019,1020,1020,4,magazzino,magazzino,magazzino,NOUN,_
1020-3,BOI019,1020,1020,5-6,del,del,_,_,_
1020-3a,_,_,1020,5,_,di,di,ADP,_
1020-3b,_,_,1020,6,_,il,il,DET,_
1020-4,BOI019,1020,1020,7,legno,legno,legno,NOUN,_
1020-5,BOI019,1020,1020,8,voleva,voleva,volere,VERB,_
1020-6,BOI019,1020,1020,9,pren~,pren~,pren~,PROPN,Interrupted=Yes
1020-7,BOI019,1020,1020,10,voleva,voleva,volere,AUX,_
1020-8,BOI019,1020,1020,11,fare,fare,fare,VERB,_
1020-9,BOI019,1020,1020,12,un,un,uno,DET,_
1020-10,BOI019,1020,1020,13,bacchetto,bacchetto,bacchetto,NOUN,_
1021-0,BOI019,1021,1021,1,voleva,voleva,volere,AUX,_
1021-1,BOI019,1021,1021,2,prendere,prendere,prendere,VERB,_
1021-2,BOI019,1021,1021,3,due,due,due,NUM,_
1021-3,BOI019,1021,1021,4,stanghe,stanghe,stanga,NOUN,_
1022-0,BOI019,1022,1022,1,che,che,che,SCONJ,_
1022-1,BOI019,1022,1022,2,erano,erano,essere,AUX,_
1022-2,BOI019,1022,1022,3,preparate,preparate,preparare,VERB,_
1023-0,BOI019,1023,1023,1,e,e,e,CCONJ,_
1023-1,BOI019,1023,1023,2,mio,mio,mio,DET,_
1023-2,BOI019,1023,1023,3,mari~,mari~,mari~,PROPN,Interrupted=Yes
1023-3,BOI019,1023,1023,4,e,e,e,CCONJ,_
1023-4,BOI019,1023,1023,5,mio,mio,mio,DET,_
1023-5,BOI019,1023,1023,6,{P},{P},_,_,_
1023-6,BOI019,1023,1023,7,padre,padre,padre,NOUN,_
1023-7,BOI019,1023,1023,8,non,non,non,ADV,_
1023-8,BOI019,1023,1023,9,gliele,gliele,gliele,ADJ,_
1023-9,BOI019,1023,1023,10,voleva,voleva,volere,AUX,_
1023-10,BOI019,1023,1023,11,dare,dare,dare,VERB,_
1023-11,BOI019,1023,1023,12,e,e,e,CCONJ,_
1023-12,BOI019,1023,1023,13,lui,lui,lui,PRON,_
1023-13,BOI019,1023,1023,14,no,no,no,ADV,_
1023-14,BOI019,1023,1023,15,no,no,no,ADV,_
1023-15,BOI019,1023,1023,16,no,no,no,ADV,_
1024-0,BOI019,1024,1024,1,no,no,no,ADV,_
1025-0,BOI019,1025,1025,1,e,e,e,CCONJ,_
1025-1,BOI019,1025,1025,2,e,e,e,CCONJ,_
1025-2,BOI019,1025,1025,3,e,e,e,CCONJ,_
1025-3,BOI019,1025,1025,4,e,e,e,CCONJ,_
1025-4,BOI019,1025,1025,5,mio,mio,mio,DET,_
1025-5,BOI019,1025,1025,6,padre,padre,padre,NOUN,_
1025-6,BOI019,1025,1025,7,l',l',lo,PRON,SpaceAfter=No
1025-7,BOI019,1025,1025,8,ho,ho,avere,AUX,_
1025-8,BOI019,1025,1025,9,visto,visto,vedere,VERB,_
1025-9,BOI019,1025,1025,10,andare,andare,andare,VERB,_
1025-10,BOI019,1025,1025,11,a,a,a,ADP,_
1025-11,BOI019,1025,1025,12,prendere,prendere,prendere,VERB,_
1025-12,BOI019,1025,1025,13,un',un',uno,DET,SpaceAfter=No
1025-13,BOI019,1025,1025,14,accetta,accetta,accetta,NOUN,_
1026-0,BOI019,1026,1026,1,per,per,per,ADP,_
1026-1,BOI019,1026,1026,2,fortuna,fortuna,fortuna,NOUN,_
1026-2,BOI019,1026,1026,3,che,che,che,PRON,_
1026-3,BOI019,1026,1026,4,c',c',ci,PRON,SpaceAfter=No
1026-4,BOI019,1026,1026,5,ero,ero,essere,AUX,_
1026-5,BOI019,1026,1026,6,io,io,io,PRON,_
1027-0,BOI019,1027,1027,1,rob~,rob~,rob~,PROPN,Interrupted=Yes
1027-1,BOI019,1027,1027,2,roba,roba,roba,NOUN,_
1027-2,BOI019,1027,1027,3,che,che,che,PRON,_
1027-3,BOI019,1027,1027,4,avrebbero,avrebbero,avere,AUX,_
1027-4,BOI019,1027,1027,5,bruciato,bruciato,bruciare,VERB,_
1027-5,BOI019,1027,1027,6,la,la,il,DET,_
1027-6,BOI019,1027,1027,7,casa,casa,casa,NOUN,_
1028-0,BOI019,1028,1028,1,e,e,e,CCONJ,_
1028-1,BOI019,1028,1028,2,ah,ah,ah,INTJ,_
1028-2,BOI019,1028,1028,3,ah,ah,ah,INTJ,_
1028-3,BOI019,1028,1028,4,avrebbero,avrebbero,avere,AUX,_
1028-4,BOI019,1028,1028,5,ammazzato,ammazzato,ammazzare,VERB,_
1028-5,BOI019,1028,1028,6,dieci,dieci,dieci,NUM,_
1028-6,BOI019,1028,1028,7,persone,persone,persona,NOUN,_
1029-0,BOI019,1029,1029,1,perché,perché,perché,SCONJ,_
1029-1,BOI019,1029,1029,2,io,io,io,PRON,_
1029-2,BOI019,1029,1029,3,le,le,le,PRON,_
1029-3,BOI019,1029,1029,4,ho,ho,avere,AUX,_
1029-4,BOI019,1029,1029,5,viste,viste,vedere,VERB,_
1029-5,BOI019,1029,1029,6,queste,queste,questo,DET,_
1029-6,BOI019,1029,1029,7,persone,persone,persona,NOUN,_
1030-0,BOI019,1030,1030,1,in,in,in,ADP,_
1030-1,BOI019,1030,1030,2,fila,fila,fila,NOUN,_
1030-2,BOI019,1030,1030,3,che,che,che,PRON,_
1030-3,BOI019,1030,1030,4,le,le,le,PRON,_
1030-4,BOI019,1030,1030,5,han,han,avere,AUX,_
1030-5,BOI019,1030,1030,6,fatto,fatto,fare,VERB,_
1030-6,BOI019,1030,1030,7,girare,girare,girare,VERB,_
1031-0,BOI019,1031,1031,1,per,per,per,ADP,_
1031-1,BOI019,1031,1031,2,il,il,il,DET,_
1031-2,BOI019,1031,1031,3,nostro,nostro,nostro,DET,_
1031-3,BOI019,1031,1031,4,paese,paese,paese,NOUN,_
1032-0,BOI019,1032,1032,1,in,in,in,ADP,_
1032-1,BOI019,1032,1032,2,un,un,uno,DET,_
1032-2,BOI019,1032,1032,3,paesino,paesino,paesino,NOUN,_
1032-3,BOI019,1032,1032,4,vicino,vicino,vicino,ADV,_
1032-4,BOI019,1032,1032,5-6,al,al,_,_,_
1032-4a,_,_,1032,5,_,a,a,ADP,_
1032-4b,_,_,1032,6,_,il,il,DET,_
1032-5,BOI019,1032,1032,7,gualdo,gualdo,gualdo,NOUN,_
1032-6,BOI019,1032,1032,8,mi,mi,mi,PRON,_
1032-7,BOI019,1032,1032,9,pare,pare,parere,VERB,_
1032-8,BOI019,1032,1032,10,che,che,che,SCONJ,_
1032-9,BOI019,1032,1032,11,si,si,si,PRON,_
1032-10,BOI019,1032,1032,12,chiamasse,chiamasse,chiamare,VERB,_
1032-11,BOI019,1032,1032,13,il,il,il,DET,_
1032-12,BOI019,1032,1032,14,gualdo,gualdo,gualdo,NOUN,_
1033-0,BOI019,1033,1033,1,che,che,che,PRON,_
1033-1,BOI019,1033,1033,2,avevano,avevano,avere,AUX,_
1033-2,BOI019,1033,1033,3,ammazzato,ammazzato,ammazzare,VERB,_
1033-3,BOI019,1033,1033,4,un,un,uno,DET,_
1033-4,BOI019,1033,1033,5,tedesco,tedesco,tedesco,ADJ,_
1033-5,BOI019,1033,1033,6,e,e,e,CCONJ,_
1033-6,BOI019,1033,1033,7,dopo,dopo,dopo,ADP,_
1033-7,BOI019,1033,1033,8,ne,ne,ne,PRON,_
1033-8,BOI019,1033,1033,9,hanno,hanno,avere,AUX,_
1033-9,BOI019,1033,1033,10,ammazzati,ammazzati,ammazzare,VERB,_
1033-10,BOI019,1033,1033,11,dieci,dieci,dieci,NUM,_
1034-0,BOI019,1034,1034,1,hanno,hanno,avere,AUX,_
1034-1,BOI019,1034,1034,2,bruciato,bruciato,bruciare,VERB,_
1034-2,BOI019,1034,1034,3,le,le,il,DET,_
1034-3,BOI019,1034,1034,4,case,case,casa,NOUN,_
1034-4,BOI019,1034,1034,5,e,e,e,CCONJ,_
1034-5,BOI019,1034,1034,6,ne,ne,ne,PRON,_
1034-6,BOI019,1034,1034,7,hanno,hanno,avere,AUX,_
1034-7,BOI019,1034,1034,8,ammazzate,ammazzate,ammazzare,VERB,_
1034-8,BOI019,1034,1034,9,dieci,dieci,dieci,NUM,_
1035-0,BOI019,1035,1035,1,e,e,e,CCONJ,_
1035-1,BOI019,1035,1035,2,prima,prima,prima,ADV,_
1035-2,BOI019,1035,1035,3,di,di,di,ADP,_
1035-3,BOI019,1035,1035,4-5,ammazzarli,ammazzarli,_,_,_
1035-3a,_,_,1035,4,_,ammazzar,ammazzare,VERB,_
1035-3b,_,_,1035,5,_,li,li,PRON,_
1035-4,BOI019,1035,1035,6,li,li,li,PRON,_
1035-5,BOI019,1035,1035,7,han,han,avere,AUX,_
1035-6,BOI019,1035,1035,8,fatti,fatti,fare,VERB,_
1035-7,BOI019,1035,1035,9,girare,girare,girare,VERB,_
1035-8,BOI019,1035,1035,10,per,per,per,ADP,_
1035-9,BOI019,1035,1035,11,il,il,il,DET,_
1035-10,BOI019,1035,1035,12,nostro,nostro,nostro,DET,_
1035-11,BOI019,1035,1035,13,paese,paese,paese,NOUN,_
1036-0,BOI019,1036,1036,1,io,io,io,PRON,_
1036-1,BOI019,1036,1036,2,queste,queste,questo,DET,_
1036-2,BOI019,1036,1036,3,cose,cose,cosa,NOUN,_
1036-3,BOI019,1036,1036,4,le,le,le,PRON,_
1036-4,BOI019,1036,1036,5,ho,ho,avere,AUX,_
1036-5,BOI019,1036,1036,6,viste,viste,vedere,VERB,_
1036-6,BOI019,1036,1036,7-8,coi,coi,_,_,_
1036-6a,_,_,1036,7,_,con,con,ADP,_
1036-6b,_,_,1036,8,_,i,il,DET,_
1036-7,BOI019,1036,1036,9,miei,miei,mio,DET,_
1036-8,BOI019,1036,1036,10,occhi,occhi,occhio,NOUN,_
1037-0,BOI019,1037,1037,1,ho,ho,avere,AUX,_
1037-1,BOI019,1037,1037,2,visto,visto,vedere,VERB,_
1037-2,BOI019,1037,1037,3,la,la,il,DET,_
1037-3,BOI019,1037,1037,4,ritirata,ritirata,ritirata,NOUN,_
1037-4,BOI019,1037,1037,5,per,per,per,ADP,_
1037-5,BOI019,1037,1037,6,esempio,esempio,esempio,NOUN,_
1038-0,BOI019,1038,1038,1,anche,anche,anche,ADV,_
1038-1,BOI019,1038,1038,2,la,la,il,DET,_
1038-2,BOI019,1038,1038,3,ritir~,ritir~,ritir~,PROPN,Interrupted=Yes
1038-3,BOI019,1038,1038,4,quando,quando,quando,SCONJ,_
1038-4,BOI019,1038,1038,5,c',c',ci,PRON,SpaceAfter=No
1038-5,BOI019,1038,1038,6,è,è,essere,AUX,_
1038-6,BOI019,1038,1038,7,stata,stata,essere,VERB,_
1038-7,BOI019,1038,1038,8,la,la,il,DET,_
1038-8,BOI019,1038,1038,9,ritirata,ritirata,ritirata,NOUN,_
1038-9,BOI019,1038,1038,10,di,di,di,ADP,_
1038-10,BOI019,1038,1038,11,notte,notte,notte,NOUN,_
1039-0,BOI019,1039,1039,1,prima,prima,prima,ADV,_
1039-1,BOI019,1039,1039,2-3,della,della,_,_,_
1039-1a,_,_,1039,2,_,di,di,ADP,_
1039-1b,_,_,1039,3,_,la,il,DET,_
1039-2,BOI019,1039,1039,4,resa,resa,resa,NOUN,_
1039-3,BOI019,1039,1039,5,{P},{P},_,_,_
1039-4,BOI019,1039,1039,6,mammamia,mammamia,mammamio,DET,_
1039-5,BOI019,1039,1039,7,ragazzi,ragazzi,ragazzo,NOUN,_
1039-6,BOI019,1039,1039,8,dovevate,dovevate,dovere,AUX,_
1039-7,BOI019,1039,1039,9,veder,veder,vedere,VERB,_
1040-0,BOI019,1040,1040,1,questi,questi,questo,DET,_
1040-1,BOI019,1040,1040,2,poveri,poveri,povero,ADJ,_
1040-2,BOI019,1040,1040,3,soldati,soldati,soldato,NOUN,_
1040-3,BOI019,1040,1040,4,tedeschi,tedeschi,tedesco,ADJ,_
1041-0,BOI019,1041,1041,1,com',com',come,SCONJ,SpaceAfter=No
1041-1,BOI019,1041,1041,2,erano,erano,essere,AUX,_
1041-2,BOI019,1041,1041,3,ridotti,ridotti,ridurre,VERB,_
1042-0,BOI019,1042,1042,1,anche,anche,anche,ADV,_
1042-1,BOI019,1042,1042,2,lì,lì,lì,ADV,_
1042-2,BOI019,1042,1042,3,si,si,si,PRON,_
1042-3,BOI019,1042,1042,4,portavano,portavano,portare,VERB,_
1042-4,BOI019,1042,1042,5,via,via,via,ADV,_
1042-5,BOI019,1042,1042,6,le,le,il,DET,_
1042-6,BOI019,1042,1042,7,mucche,mucche,mucca,NOUN,_
1042-7,BOI019,1042,1042,8,si,si,si,PRON,_
1042-8,BOI019,1042,1042,9,portavano,portavano,portare,VERB,_
1042-9,BOI019,1042,1042,10,via,via,via,ADV,_
1042-10,BOI019,1042,1042,11,tutt~,tutt~,tutt~,PROPN,Interrupted=Yes
1042-11,BOI019,1042,1042,12,ma::h,mah,mah,NOUN,_
1042-12,BOI019,1042,1042,13,{batte_le_mani},{batte_le_mani},_,_,_
1043-0,BOI019,1043,1043,1,la,la,il,DET,_
1043-1,BOI019,1043,1043,2,guerra,guerra,guerra,NOUN,_
1043-2,BOI019,1043,1043,3,è,è,essere,AUX,_
1043-3,BOI019,1043,1043,4,una,una,uno,DET,_
1043-4,BOI019,1043,1043,5,gran,gran,grande,ADJ,_
1043-5,BOI019,1043,1043,6,brutta,brutta,brutto,ADJ,_
1043-6,BOI019,1043,1043,7,cosa,cosa,cosa,NOUN,_
1044-0,BOI019,1044,1044,1,non,non,non,ADV,_
1044-1,BOI019,1044,1044,2,ci,ci,ci,PRON,_
1044-2,BOI019,1044,1044,3,dev',dev',dovere,AUX,SpaceAfter=No
1044-3,BOI019,1044,1044,4,essere,essere,essere,AUX,_
1044-4,BOI019,1044,1044,5,assolutamente,assolutamente,assoluto,ADV,_
1044-5,BOI019,1044,1044,6,bisogna,bisogna,bisognare,VERB,_
1044-6,BOI019,1044,1044,7,essere,essere,essere,AUX,_
1044-7,BOI019,1044,1044,8,pacifisti,pacifisti,pacifedere,VERB,_
1044-8,BOI019,1044,1044,9,a,a,a,ADP,_
1044-9,BOI019,1044,1044,10,tutti,tutti,tutto,DET,_
1044-10,BOI019,1044,1044,11,i,i,il,DET,_
1044-11,BOI019,1044,1044,12,costi,costi,costo,NOUN,_
1045-0,BOI019,1045,1045,1,e,e,e,CCONJ,_
1045-1,BOI019,1045,1045,2,poi,poi,poi,ADV,_
1045-2,BOI019,1045,1045,3,mai,mai,mai,ADV,_
1045-3,BOI019,1045,1045,4,esser,esser,essere,AUX,_
1045-4,BOI019,1045,1045,5,indifferenti,indifferenti,indifferente,ADJ,_
1045-5,BOI019,1045,1045,6,un,un,uno,DET,_
1045-6,BOI019,1045,1045,7,altro,altro,altro,ADJ,_
1045-7,BOI019,1045,1045,8,aspetto,aspetto,aspetto,NOUN,_
1045-8,BOI019,1045,1045,9,che,che,che,PRON,_
1045-9,BOI019,1045,1045,10,ti,ti,ti,PRON,_
1045-10,BOI019,1045,1045,11,devo,devo,dovere,AUX,_
1045-11,BOI019,1045,1045,12,ricont~,ricont~,ricont~,PROPN,Interrupted=Yes
1046-0,BOI019,1046,1046,1,raccontare,raccontare,raccontare,VERB,_
1046-1,BOI019,1046,1046,2,questo,questo,questo,PRON,_
1046-2,BOI019,1046,1046,3,è,è,essere,AUX,_
1046-3,BOI019,1046,1046,4,fondamentale,fondamentale,fondamentale,ADJ,_
1046-4,BOI019,1046,1046,5,per,per,per,ADP,_
1046-5,BOI019,1046,1046,6,le,le,il,DET,_
1046-6,BOI019,1046,1046,7,biblioteche,biblioteche,biblioteca,NOUN,_
1046-7,BOI019,1046,1046,8,per,per,per,ADP,_
1046-8,BOI019,1046,1046,9,l',l',il,DET,SpaceAfter=No
1046-9,BOI019,1046,1046,10,istruzione,istruzione,istruzione,NOUN,_
1046-10,BOI019,1046,1046,11,per,per,per,ADP,_
1046-11,BOI019,1046,1046,12,la,la,il,DET,_
1046-12,BOI019,1046,1046,13,cultura,cultura,cultura,NOUN,_
1047-0,BOI019,1047,1047,1,io,io,io,PRON,_
1047-1,BOI019,1047,1047,2,non,non,non,ADV,_
1047-2,BOI019,1047,1047,3,sapevo,sapevo,sapere,VERB,_
1048-0,BOI019,1048,1048,1-2,dei,dei,_,_,_
1048-0a,_,_,1048,1,_,di,di,ADP,_
1048-0b,_,_,1048,2,_,i,il,DET,_
1048-1,BOI019,1048,1048,3,campi,campi,campo,NOUN,_
1048-2,BOI019,1048,1048,4,di,di,di,ADP,_
1048-3,BOI019,1048,1048,5,concentramento,concentramento,concentramento,NOUN,_
1049-0,BOI019,1049,1049,1-2,nel,nel,_,_,_
1049-0a,_,_,1049,1,_,in,in,ADP,_
1049-0b,_,_,1049,2,_,il,il,DET,_
1049-1,BOI019,1049,1049,3,nostro,nostro,nostro,DET,_
1049-2,BOI019,1049,1049,4,paese,paese,paese,NOUN,_
1049-3,BOI019,1049,1049,5,non,non,non,ADV,_
1049-4,BOI019,1049,1049,6,c',c',ci,PRON,SpaceAfter=No
1049-5,BOI019,1049,1049,7,erano,erano,essere,VERB,_
1049-6,BOI019,1049,1049,8,non,non,non,ADV,_
1049-7,BOI019,1049,1049,9,c',c',ci,PRON,SpaceAfter=No
1049-8,BOI019,1049,1049,10,erano,erano,essere,VERB,_
1049-9,BOI019,1049,1049,11,ebrei,ebrei,ebreo,ADJ,_
1050-0,BOI019,1050,1050,1,non,non,non,ADV,_
1050-1,BOI019,1050,1050,2,c',c',ci,PRON,SpaceAfter=No
1050-2,BOI019,1050,1050,3,erano,erano,essere,AUX,_
1050-3,BOI019,1050,1050,4,proprio,proprio,proprio,ADV,_
1050-4,BOI019,1050,1050,5,ebrei,ebrei,ebreo,ADJ,_
1050-5,BOI019,1050,1050,6-7,nel,nel,_,_,_
1050-5a,_,_,1050,6,_,in,in,ADP,_
1050-5b,_,_,1050,7,_,il,il,DET,_
1050-6,BOI019,1050,1050,8,nostro,nostro,nostro,DET,_
1050-7,BOI019,1050,1050,9,paese,paese,paese,NOUN,_
1050-8,BOI019,1050,1050,10,non,non,non,ADV,_
1050-9,BOI019,1050,1050,11,c',c',ci,PRON,SpaceAfter=No
1050-10,BOI019,1050,1050,12,erano,erano,essere,VERB,_
1051-0,BOI019,1051,1051,1,erano,erano,essere,AUX,_
1051-1,BOI019,1051,1051,2,poco,poco,poco,ADV,_
1051-2,BOI019,1051,1051,3,distante,distante,distare,ADJ,_
1051-3,BOI019,1051,1051,4,poi,poi,poi,ADV,_
1051-4,BOI019,1051,1051,5,perché,perché,perché,SCONJ,_
1051-5,BOI019,1051,1051,6,l',l',lo,PRON,SpaceAfter=No
1051-6,BOI019,1051,1051,7,ho,ho,avere,AUX,_
1051-7,BOI019,1051,1051,8,saputo,saputo,sapere,VERB,_
1051-8,BOI019,1051,1051,9,dopo,dopo,dopo,ADP,_
1052-0,BOI019,1052,1052,1,cioè,cioè,cioè,ADV,_
1052-1,BOI019,1052,1052,2,erano,erano,essere,VERB,_
1052-2,BOI019,1052,1052,3,a,a,a,ADP,_
1052-3,BOI019,1052,1052,4,bertinoro,bertinoro,bertinoro,NOUN,_
1053-0,BOI019,1053,1053,1,bertinoro,bertinoro,bertinoro,ADJ,_
1054-0,BOI019,1054,1054,1,che,che,che,SCONJ,_
1054-1,BOI019,1054,1054,2,c',c',ci,PRON,SpaceAfter=No
1054-2,BOI019,1054,1054,3,era,era,essere,VERB,_
1054-3,BOI019,1054,1054,4,una,una,uno,DET,_
1054-4,BOI019,1054,1054,5,bella,bella,bello,ADJ,_
1054-5,BOI019,1054,1054,6,comunità,comunità,comunità,NOUN,_
1054-6,BOI019,1054,1054,7,ebraica,ebraica,ebraico,ADJ,_
1054-7,BOI019,1054,1054,8,era,era,essere,AUX,_
1054-8,BOI019,1054,1054,9,proprio,proprio,proprio,ADV,_
1055-0,BOI019,1055,1055,1,sopra,sopra,sopra,ADP,_
1055-1,BOI019,1055,1055,2,il,il,il,DET,_
1055-2,BOI019,1055,1055,3,nostro,nostro,nostro,DET,_
1055-3,BOI019,1055,1055,4,paese,paese,paese,NOUN,_
1055-4,BOI019,1055,1055,5,noi,noi,noi,PRON,_
1055-5,BOI019,1055,1055,6,eravamo,eravamo,essere,AUX,_
1055-6,BOI019,1055,1055,7,divisi,divisi,dividere,VERB,_
1055-7,BOI019,1055,1055,8-9,dal,dal,_,_,_
1055-7a,_,_,1055,8,_,da,da,ADP,_
1055-7b,_,_,1055,9,_,il,il,DET,_
1055-8,BOI019,1055,1055,10,fiume,fiume,fiume,NOUN,_
1056-0,BOI019,1056,1056,1,e,e,e,CCONJ,_
1056-1,BOI019,1056,1056,2,ba~,ba~,ba~,PROPN,Interrupted=Yes
1056-2,BOI019,1056,1056,3-4,dal,dal,_,_,_
1056-2a,_,_,1056,3,_,da,da,ADP,_
1056-2b,_,_,1056,4,_,il,il,DET,_
1056-3,BOI019,1056,1056,5,vidente,vidente,vidente,NOUN,_
1057-0,BOI019,1057,1057,1,noi,noi,noi,PRON,_
1057-1,BOI019,1057,1057,2,eravamo,eravamo,erare,VERB,_
1057-2,BOI019,1057,1057,3-4,nella,nella,_,_,_
1057-2a,_,_,1057,3,_,in,in,ADP,_
1057-2b,_,_,1057,4,_,la,il,DET,_
1057-3,BOI019,1057,1057,5,pianura,pianura,pianura,NOUN,_
1057-4,BOI019,1057,1057,6,a,a,a,ADP,_
1057-5,BOI019,1057,1057,7,berx,berx,berx,NOUN,_
1057-6,BOI019,1057,1057,8,e,e,e,CCONJ,_
1057-7,BOI019,1057,1057,9,lì,lì,lì,ADV,_
1057-8,BOI019,1057,1057,10,c',c',ci,PRON,SpaceAfter=No
1057-9,BOI019,1057,1057,11,era,era,essere,VERB,_
1057-10,BOI019,1057,1057,12,una,una,uno,DET,_
1057-11,BOI019,1057,1057,13,comunità,comunità,comunità,NOUN,_
1057-12,BOI019,1057,1057,14,ebraic~,ebraic~,ebraic~,PROPN,Interrupted=Yes
1058-0,BOI019,1058,1058,1,non,non,non,ADV,_
1058-1,BOI019,1058,1058,2,lo,lo,lo,PRON,_
1058-2,BOI019,1058,1058,3,sapevo,sapevo,sapere,VERB,_
1058-3,BOI019,1058,1058,4,che,che,che,SCONJ,_
1058-4,BOI019,1058,1058,5,c',c',ci,PRON,SpaceAfter=No
1058-5,BOI019,1058,1058,6,erano,erano,essere,VERB,_
1058-6,BOI019,1058,1058,7,gli,gli,il,DET,_
1058-7,BOI019,1058,1058,8,ebrei,ebrei,ebreo,NOUN,_
1058-8,BOI019,1058,1058,9,lì,lì,lì,ADV,_
1058-9,BOI019,1058,1058,10,non,non,non,ADV,_
1058-10,BOI019,1058,1058,11,lo,lo,lo,PRON,_
1058-11,BOI019,1058,1058,12,sapevo,sapevo,sapere,VERB,_
1059-0,BOI019,1059,1059,1,devi,devi,dovere,AUX,_
1059-1,BOI019,1059,1059,2,sapere,sapere,sapere,VERB,_
1060-0,BOI019,1060,1060,1,che,che,che,SCONJ,_
1060-1,BOI019,1060,1060,2,noi,noi,noi,PRON,_
1060-2,BOI019,1060,1060,3,eravamo,eravamo,essere,AUX,_
1060-3,BOI019,1060,1060,4,già,già,già,ADV,_
1060-4,BOI019,1060,1060,5,diplomati,diplomati,diplomare,VERB,_
1060-5,BOI019,1060,1060,6,io,io,io,PRON,_
1060-6,BOI019,1060,1060,7,e,e,e,CCONJ,_
1060-7,BOI019,1060,1060,8,mio,mio,mio,DET,_
1060-8,BOI019,1060,1060,9,marito,marito,marito,NOUN,_
1060-9,BOI019,1060,1060,10,avevamo,avevamo,avere,AUX,_
1060-10,BOI019,1060,1060,11,già,già,già,ADV,_
1060-11,BOI019,1060,1060,12,fatto,fatto,fare,VERB,_
1061-0,BOI019,1061,1061,1,avevamo,avevamo,avere,AUX,_
1061-1,BOI019,1061,1061,2,già,già,già,ADV,_
1061-2,BOI019,1061,1061,3,fatto,fatto,fare,VERB,_
1061-3,BOI019,1061,1061,4,le,le,il,DET,_
1061-4,BOI019,1061,1061,5,superiori,superiori,superiore,ADJ,_
1062-0,BOI019,1062,1062,1,anni,anni,anno,NOUN,_
1062-1,BOI019,1062,1062,2,{P},{P},_,_,_
1062-2,BOI019,1062,1062,3,anno,anno,anno,NOUN,_
1062-3,BOI019,1062,1062,4,millenovecentocinquantacinque,millenovecentocinquantacinque,millenovecentocinquantacinque,NUM,_
1062-4,BOI019,1062,1062,5,ti,ti,ti,PRON,_
1062-5,BOI019,1062,1062,6,dico,dico,dire,VERB,_
1062-6,BOI019,1062,1062,7,anche,anche,anche,ADV,_
1062-7,BOI019,1062,1062,8,il,il,il,DET,_
1062-8,BOI019,1062,1062,9,mese,mese,mese,NOUN,_
1062-9,BOI019,1062,1062,10,aprile,aprile,aprile,ADJ,_
1062-10,BOI019,1062,1062,11-12,del,del,_,_,_
1062-10a,_,_,1062,11,_,di,di,ADP,_
1062-10b,_,_,1062,12,_,il,il,DET,_
1062-11,BOI019,1062,1062,13,millenovecentocinquantacinque,millenovecentocinquantacinque,millenovecentocinquantacinque,PRON,_
1063-0,BOI019,1063,1063,1,fine,fine,fine,NOUN,_
1064-0,BOI019,1064,1064,1,fine,fine,fine,NOUN,_
1064-1,BOI019,1064,1064,2,di,di,di,ADP,_
1064-2,BOI019,1064,1064,3,aprile,aprile,aprile,NOUN,_
1065-0,BOI019,1065,1065,1,mio,mio,mio,DET,_
1065-1,BOI019,1065,1065,2,marito,marito,marito,NOUN,_
1065-2,BOI019,1065,1065,3,è,è,essere,AUX,_
1065-3,BOI019,1065,1065,4,la,la,il,DET,_
1065-4,BOI019,1065,1065,5,domenica,domenica,domenica,NOUN,_
1065-5,BOI019,1065,1065,6,va,va,andare,VERB,_
1065-6,BOI019,1065,1065,7,a,a,a,ADP,_
1065-7,BOI019,1065,1065,8,prender,prender,prendere,VERB,_
1065-8,BOI019,1065,1065,9-10,delle,delle,_,_,_
1065-8a,_,_,1065,9,_,di,di,ADP,_
1065-8b,_,_,1065,10,_,le,il,DET,_
1065-9,BOI019,1065,1065,11,paste,paste,pasta,NOUN,_
1066-0,BOI019,1066,1066,1-2,dal,dal,_,_,_
1066-0a,_,_,1066,1,_,da,da,ADP,_
1066-0b,_,_,1066,2,_,il,il,DET,_
1066-1,BOI019,1066,1066,3,pasticcere,pasticcere,pasticcere,NOUN,_
1067-0,BOI019,1067,1067,1,e,e,e,CCONJ,_
1067-1,BOI019,1067,1067,2,il,il,il,DET,_
1067-2,BOI019,1067,1067,3,figlio,figlio,figlio,NOUN,_
1067-3,BOI019,1067,1067,4-5,del,del,_,_,_
1067-3a,_,_,1067,4,_,di,di,ADP,_
1067-3b,_,_,1067,5,_,il,il,DET,_
1067-4,BOI019,1067,1067,6,pasticcere,pasticcere,pasticcere,NOUN,_
1067-5,BOI019,1067,1067,7,è,è,essere,AUX,_
1067-6,BOI019,1067,1067,8,un,un,uno,DET,_
1067-7,BOI019,1067,1067,9,amico,amico,amico,NOUN,_
1067-8,BOI019,1067,1067,10,di,di,di,ADP,_
1067-9,BOI019,1067,1067,11,mio,mio,mio,DET,_
1067-10,BOI019,1067,1067,12,marito,marito,marito,NOUN,_
1068-0,BOI019,1068,1068,1,bianchi,bianchi,bianco,ADJ,_
1069-0,BOI019,1069,1069,1,e,e,e,CCONJ,_
1069-1,BOI019,1069,1069,2,dice,dice,dire,VERB,_
1069-2,BOI019,1069,1069,3,dario?,dario,dario,ADJ,Intonation=rising
1070-0,BOI019,1070,1070,1,e::h,eh,eh,INTJ,_
1070-1,BOI019,1070,1070,2,e,e,e,CCONJ,_
1070-2,BOI019,1070,1070,3,que,que,que,PRON,_
1070-3,BOI019,1070,1070,4,{P},{P},_,_,_
1070-4,BOI019,1070,1070,5,presenta,presenta,presentare,VERB,_
1070-5,BOI019,1070,1070,6,questo,questo,questo,DET,_
1070-6,BOI019,1070,1070,7,ragazzo,ragazzo,ragazzo,NOUN,_
1070-7,BOI019,1070,1070,8,eh,eh,eh,ADJ,_
1071-0,BOI019,1071,1071,1,ti,ti,ti,PRON,_
1071-1,BOI019,1071,1071,2,presento,presento,presentire,VERB,_
1071-2,BOI019,1071,1071,3,neri,neri,nero,ADJ,_
1071-3,BOI019,1071,1071,4,no,no,no,ADV,_
1071-4,BOI019,1071,1071,5,non,non,non,ADV,_
1071-5,BOI019,1071,1071,6,mi,mi,mi,PRON,_
1071-6,BOI019,1071,1071,7,ricordo,ricordo,ricordare,VERB,_
1071-7,BOI019,1071,1071,8,il,il,il,DET,_
1071-8,BOI019,1071,1071,9,nome,nome,nome,NOUN,_
1071-9,BOI019,1071,1071,10,mi,mi,mi,PRON,_
1071-10,BOI019,1071,1071,11,ricordo,ricordo,ricordare,VERB,_
1071-11,BOI019,1071,1071,12,il,il,il,DET,_
1071-12,BOI019,1071,1071,13,cognome,cognome,cognome,NOUN,_
1071-13,BOI019,1071,1071,14,neri,neri,nero,ADJ,_
1072-0,BOI019,1072,1072,1,che,che,che,PRON,_
1072-1,BOI019,1072,1072,2,ha,ha,avere,VERB,_
1072-2,BOI019,1072,1072,3,qualcosa,qualcosa,qualcosa,PRON,_
1072-3,BOI019,1072,1072,4,da,da,da,ADP,_
1072-4,BOI019,1072,1072,5,raccontare,raccontare,raccontare,VERB,_
1072-5,BOI019,1072,1072,6,sai,sai,saio,NOUN,_
1073-0,BOI019,1073,1073,1,lo,lo,lo,PRON,_
1073-1,BOI019,1073,1073,2,invita,invita,invitare,VERB,_
1073-2,BOI019,1073,1073,3,a,a,a,ADP,_
1073-3,BOI019,1073,1073,4,casa,casa,casa,NOUN,_
1073-4,BOI019,1073,1073,5,nostra,nostra,nostro,DET,_
1074-0,BOR005,1074,1074,1,mhmh,mhmh,mhmh,NOUN,_
1075-0,BOI019,1075,1075,1,viene,viene,venire,VERB,_
1075-1,BOI019,1075,1075,2,a,a,a,ADP,_
1075-2,BOI019,1075,1075,3,casa,casa,casa,NOUN,_
1075-3,BOI019,1075,1075,4,"nostra,",nostra,nostro,DET,Intonation=weakly_rising
1075-4,BOI019,1075,1075,5,ci,ci,ci,PRON,_
1075-5,BOI019,1075,1075,6,racconta,racconta,raccontare,VERB,_
1076-0,BOI019,1076,1076,1,che,che,che,SCONJ,_
1076-1,BOI019,1076,1076,2,lui,lui,lui,PRON,_
1076-2,BOI019,1076,1076,3,è,è,essere,AUX,_
1076-3,BOI019,1076,1076,4,l',l',il,DET,SpaceAfter=No
1076-4,BOI019,1076,1076,5,unico,unico,unico,ADJ,_
1077-0,BOI019,1077,1077,1,anno,anno,anno,NOUN,_
1077-1,BOI019,1077,1077,2,{P},{P},_,_,_
1077-2,BOI019,1077,1077,3,aprile,aprile,aprile,NOUN,_
1077-3,BOI019,1077,1077,4,millenovecentocinquantacinque,millenovecentocinquantacinque,millenovecentocinquantacinque,NUM,_
1077-4,BOI019,1077,1077,5,questo,questo,questo,PRON,_
1077-5,BOI019,1077,1077,6,me,me,me,PRON,_
1077-6,BOI019,1077,1077,7,lo,lo,lo,PRON,_
1077-7,BOI019,1077,1077,8,ricordo,ricordo,ricordare,VERB,_
1077-8,BOI019,1077,1077,9,bene,bene,bene,ADV,_
1078-0,BOI019,1078,1078,1,è,è,essere,AUX,_
1078-1,BOI019,1078,1078,2,l',l',il,DET,SpaceAfter=No
1078-2,BOI019,1078,1078,3,unico,unico,unico,ADJ,_
1078-3,BOI019,1078,1078,4,rimasto,rimasto,rimasto,NOUN,_
1078-4,BOI019,1078,1078,5-6,della,della,_,_,_
1078-4a,_,_,1078,5,_,di,di,ADP,_
1078-4b,_,_,1078,6,_,la,il,DET,_
1078-5,BOI019,1078,1078,7,famiglia,famiglia,famiglia,NOUN,_
1079-0,BOI019,1079,1079,1,il,il,il,DET,_
1079-1,BOI019,1079,1079,2,padre,padre,padre,NOUN,_
1080-0,BOI019,1080,1080,1,che,che,che,PRON,_
1080-1,BOI019,1080,1080,2,era,era,essere,AUX,_
1080-2,BOI019,1080,1080,3,un,un,uno,DET,_
1080-3,BOI019,1080,1080,4,medico,medico,medico,NOUN,_
1080-4,BOI019,1080,1080,5,fra,fra,fra,ADP,_
1080-5,BOI019,1080,1080,6,l',l',il,DET,SpaceAfter=No
1080-6,BOI019,1080,1080,7,altro,altro,altro,PRON,_
1081-0,BOI019,1081,1081,1,la,la,il,DET,_
1081-1,BOI019,1081,1081,2,"madre,",madre,madre,NOUN,Intonation=weakly_rising
1082-0,BOI019,1082,1082,1,due,due,due,NUM,_
1082-1,BOI019,1082,1082,2,"sorelle,",sorelle,sorella,NOUN,Intonation=weakly_rising
1083-0,BOI019,1083,1083,1,tutti,tutti,tutto,PRON,_
1083-1,BOI019,1083,1083,2,gassati,gassati,gassare,VERB,_
1084-0,BOI019,1084,1084,1,ad,ad,a,ADP,_
1084-1,BOI019,1084,1084,2,auschwitz,auschwitz,auschwitz,NOUN,_
1085-0,BOI019,1085,1085,1,e,e,e,CCONJ,_
1085-1,BOI019,1085,1085,2,lui,lui,lui,PRON,_
1085-2,BOI019,1085,1085,3,perché,perché,perché,SCONJ,_
1085-3,BOI019,1085,1085,4,è,è,essere,AUX,_
1085-4,BOI019,1085,1085,5,rimasto?,rimasto,rimanere,VERB,Intonation=rising
1085-5,BOI019,1085,1085,6,perché,perché,perché,SCONJ,_
1085-6,BOI019,1085,1085,7,lui,lui,lui,PRON,_
1085-7,BOI019,1085,1085,8,era,era,essere,AUX,_
1085-8,BOI019,1085,1085,9,"piccolissimo,",piccolissimo,piccolo,ADJ,Intonation=weakly_rising
1086-0,BOI019,1086,1086,1,l',l',lo,PRON,SpaceAfter=No
1086-1,BOI019,1086,1086,2,avevano,avevano,avere,AUX,_
1086-2,BOI019,1086,1086,3,dato,dato,dare,VERB,_
1086-3,BOI019,1086,1086,4,a,a,a,ADP,_
1086-4,BOI019,1086,1086,5-6,degli,degli,_,_,_
1086-4a,_,_,1086,5,_,di,di,ADP,_
1086-4b,_,_,1086,6,_,gli,il,DET,_
1086-5,BOI019,1086,1086,7,amici,amici,amico,NOUN,_
1087-0,BOI019,1087,1087,1,che,che,che,SCONJ,_
1087-1,BOI019,1087,1087,2,l',l',lo,PRON,SpaceAfter=No
1087-2,BOI019,1087,1087,3,avevano,avevano,avere,AUX,_
1087-3,BOI019,1087,1087,4,portato,portato,portare,VERB,_
1087-4,BOI019,1087,1087,5,in,in,in,ADP,_
1087-5,BOI019,1087,1087,6,svizzera,svizzera,svizzero,ADJ,_
1088-0,BOI019,1088,1088,1,era,era,essere,AUX,_
1088-1,BOI019,1088,1088,2,stato,stato,essere,AUX,_
1088-2,BOI019,1088,1088,3,in,in,in,ADP,_
1088-3,BOI019,1088,1088,4,svizzera,svizzera,svizzero,ADJ,_
1088-4,BOI019,1088,1088,5,{P},{P},_,_,_
1088-5,BOI019,1088,1088,6,era,era,essere,AUX,_
1088-6,BOI019,1088,1088,7,tornato,tornato,tornare,VERB,_
1088-7,BOI019,1088,1088,8,dopo,dopo,dopo,ADP,_
1089-0,BOI019,1089,1089,1,e,e,e,CCONJ,_
1089-1,BOI019,1089,1089,2,dopo,dopo,dopo,ADV,_
1089-2,BOI019,1089,1089,3,poi,poi,poi,ADV,_
1089-3,BOI019,1089,1089,4,ha,ha,avere,AUX,_
1089-4,BOI019,1089,1089,5,fatto,fatto,fare,VERB,_
1089-5,BOI019,1089,1089,6,l',l',il,DET,SpaceAfter=No
1089-6,BOI019,1089,1089,7,insegnante,insegnante,insegnante,NOUN,_
1090-0,BOI019,1090,1090,1,a::,a,a,ADP,_
1090-1,BOI019,1090,1090,2,m::h,mh,mh,NOUN,_
1090-2,BOI019,1090,1090,3,e::,e,e,CCONJ,_
1090-3,BOI019,1090,1090,4,a,a,a,ADP,_
1091-0,BOI019,1091,1091,1,a,a,a,ADP,_
1091-1,BOI019,1091,1091,2,ferrara,ferrara,ferrara,NOUN,_
1092-0,BOI019,1092,1092,1,dopo,dopo,dopo,ADP,_
1092-1,BOI019,1092,1092,2,r,r,r,NOUN,_
1092-2,BOI019,1092,1092,3,dopo,dopo,dopo,ADP,_
1092-3,BOI019,1092,1092,4,io,io,io,PRON,_
1092-4,BOI019,1092,1092,5,l',l',lo,PRON,SpaceAfter=No
1092-5,BOI019,1092,1092,6,ho,ho,avere,AUX,_
1092-6,BOI019,1092,1092,7,perso,perso,perdere,VERB,_
1092-7,BOI019,1092,1092,8,di,di,di,ADP,_
1092-8,BOI019,1092,1092,9,vista,vista,vista,NOUN,_
1092-9,BOI019,1092,1092,10,non,non,non,ADV,_
1092-10,BOI019,1092,1092,11,so,so,sapere,VERB,_
1092-11,BOI019,1092,1092,12,neanche,neanche,neanche,ADV,_
1092-12,BOI019,1092,1092,13,se,se,se,SCONJ,_
1092-13,BOI019,1092,1092,14,è,è,essere,AUX,_
1092-14,BOI019,1092,1092,15,più,più,più,ADV,_
1092-15,BOI019,1092,1092,16-17,al,al,_,_,_
1092-15a,_,_,1092,16,_,a,a,ADP,_
1092-15b,_,_,1092,17,_,il,il,DET,_
1092-16,BOI019,1092,1092,18,mondo,mondo,mondo,NOUN,_
1092-17,BOI019,1092,1092,19,ma,ma,ma,CCONJ,_
1092-18,BOI019,1092,1092,20,non,non,non,ADV,_
1092-19,BOI019,1092,1092,21,credo,credo,credere,VERB,_
1092-20,BOI019,1092,1092,22,sia,sia,essere,AUX,_
1092-21,BOI019,1092,1092,23,più,più,più,ADV,_
1092-22,BOI019,1092,1092,24-25,al,al,_,_,_
1092-22a,_,_,1092,24,_,a,a,ADP,_
1092-22b,_,_,1092,25,_,il,il,DET,_
1092-23,BOI019,1092,1092,26,mondo,mondo,mondo,NOUN,_
1092-24,BOI019,1092,1092,27,aveva,aveva,avere,VERB,_
1092-25,BOI019,1092,1092,28-29,degli,degli,_,_,_
1092-25a,_,_,1092,28,_,di,di,ADP,_
1092-25b,_,_,1092,29,_,gli,il,DET,_
1092-26,BOI019,1092,1092,30,anni,anni,anno,NOUN,_
1092-27,BOI019,1092,1092,31,più,più,più,ADV,_
1092-28,BOI019,1092,1092,32,di,di,di,ADP,_
1092-29,BOI019,1092,1092,33,noi,noi,noi,PRON,_
1093-0,BOI019,1093,1093,1,comunque,comunque,comunque,ADV,_
1094-0,BOR005,1094,1094,1,con,con,con,ADP,_
1094-1,BOR005,1094,1094,2,l',l',il,DET,SpaceAfter=No
1094-2,BOR005,1094,1094,3,anpi,anpi,anpo,NOUN,_
1094-3,BOR005,1094,1094,4,quindi,quindi,quindi,ADV,_
1095-0,BOI019,1095,1095,1,parla,parla,parlare,VERB,_
1096-0,BOI019,1096,1096,1,eh,eh,eh,INTJ,_
1096-1,BOI019,1096,1096,2,siamo,siamo,essere,AUX,_
1096-2,BOI019,1096,1096,3,in,in,in,ADP,_
1096-3,BOI019,1096,1096,4,aprile,aprile,aprile,NOUN,_
1096-4,BOI019,1096,1096,5-6,del,del,_,_,_
1096-4a,_,_,1096,5,_,di,di,ADP,_
1096-4b,_,_,1096,6,_,il,il,DET,_
1096-5,BOI019,1096,1096,7,cinquantacinque,cinquantacinque,cinquantacinque,NUM,_
1097-0,BOI019,1097,1097,1,siamo,siamo,essere,AUX,_
1097-1,BOI019,1097,1097,2,già,già,già,ADV,_
1097-2,BOI019,1097,1097,3,diplomati,diplomati,diplomare,VERB,_
1098-0,BOI019,1098,1098,1,te,te,te,PRON,_
1098-1,BOI019,1098,1098,2,pensa,pensa,pensare,VERB,_
1098-2,BOI019,1098,1098,3,anche,anche,anche,ADV,_
1098-3,BOI019,1098,1098,4-5,alla,alla,_,_,_
1098-3a,_,_,1098,4,_,a,a,ADP,_
1098-3b,_,_,1098,5,_,la,il,DET,_
1098-4,BOI019,1098,1098,6,rivoluzione,rivoluzione,rivoluzione,NOUN,_
1098-5,BOI019,1098,1098,7,anche,anche,anche,ADV,_
1098-6,BOI019,1098,1098,8,che,che,che,SCONJ,_
1099-0,BOI019,1099,1099,1,che,che,che,SCONJ,_
1099-1,BOI019,1099,1099,2,c',c',ci,PRON,SpaceAfter=No
1099-2,BOI019,1099,1099,3,è,è,essere,VERB,_
1099-3,BOI019,1099,1099,4,proprio,proprio,proprio,ADV,_
1100-0,BOI019,1100,1100,1-2,nel,nel,_,_,_
1100-0a,_,_,1100,1,_,in,in,ADP,_
1100-0b,_,_,1100,2,_,il,il,DET,_
1100-1,BOI019,1100,1100,3-4,nel,nel,_,_,_
1100-1a,_,_,1100,3,_,in,in,ADP,_
1100-1b,_,_,1100,4,_,il,il,DET,_
1100-2,BOI019,1100,1100,5,il,il,il,DET,_
1100-3,BOI019,1100,1100,6,progresso,progresso,progresso,NOUN,_
1100-4,BOI019,1100,1100,7,che,che,che,PRON,_
1100-5,BOI019,1100,1100,8,c',c',ci,PRON,SpaceAfter=No
1100-6,BOI019,1100,1100,9,è,è,essere,VERB,_
1100-7,BOI019,1100,1100,10,anche,anche,anche,ADV,_
1100-8,BOI019,1100,1100,11-12,nella,nella,_,_,_
1100-8a,_,_,1100,11,_,in,in,ADP,_
1100-8b,_,_,1100,12,_,la,il,DET,_
1100-9,BOI019,1100,1100,13,comunicazione,comunicazione,comunicazione,NOUN,_
1100-10,BOI019,1100,1100,14,perché,perché,perché,SCONJ,_
1101-0,BOI019,1101,1101,1,noi,noi,noi,PRON,_
1101-1,BOI019,1101,1101,2,eh,eh,eh,INTJ,_
1102-0,BOI019,1102,1102,1,noi,noi,noi,PRON,_
1102-1,BOI019,1102,1102,2,non,non,non,ADV,_
1102-2,BOI019,1102,1102,3,avevamo,avevamo,avere,VERB,_
1102-3,BOI019,1102,1102,4,niente,niente,niente,PRON,_
1102-4,BOI019,1102,1102,5,non,non,non,ADV,_
1102-5,BOI019,1102,1102,6,è,è,essere,AUX,_
1102-6,BOI019,1102,1102,7,non,non,non,ADV,_
1102-7,BOI019,1102,1102,8,è,è,essere,VERB,_
1102-8,BOI019,1102,1102,9,che,che,che,SCONJ,_
1103-0,BOI019,1103,1103,1,c',c',ci,PRON,SpaceAfter=No
1103-1,BOI019,1103,1103,2,era,era,essere,VERB,_
1103-2,BOI019,1103,1103,3,la,la,il,DET,_
1103-3,BOI019,1103,1103,4,possibilità,possibilità,possibilità,NOUN,_
1103-4,BOI019,1103,1103,5,di,di,di,ADP,_
1103-5,BOI019,1103,1103,6,sapere,sapere,sapere,VERB,_
1103-6,BOI019,1103,1103,7,perché,perché,perché,SCONJ,_
1104-0,BOI019,1104,1104,1,non,non,non,ADV,_
1104-1,BOI019,1104,1104,2,c',c',ci,PRON,SpaceAfter=No
1104-2,BOI019,1104,1104,3,era,era,essere,VERB,_
1104-3,BOI019,1104,1104,4,mica,mica,mica,ADV,_
1104-4,BOI019,1104,1104,5-6,nelle,nelle,_,_,_
1104-4a,_,_,1104,5,_,in,in,ADP,_
1104-4b,_,_,1104,6,_,le,il,DET,_
1104-5,BOI019,1104,1104,7,case,case,casa,NOUN,_
1104-6,BOI019,1104,1104,8,la,la,il,DET,_
1104-7,BOI019,1104,1104,9,radio,radio,radio,NOUN,_
1104-8,BOI019,1104,1104,10,la,la,il,DET,_
1104-9,BOI019,1104,1104,11,radio,radio,radio,NOUN,_
1104-10,BOI019,1104,1104,12,il,il,il,DET,_
1104-11,BOI019,1104,1104,13,telefono,telefono,telefono,NOUN,_
1105-0,BOI019,1105,1105,1,no,no,no,ADV,_
1105-1,BOI019,1105,1105,2,no,no,no,ADV,_
1105-2,BOI019,1105,1105,3,non,non,non,ADV,_
1105-3,BOI019,1105,1105,4,c',c',ci,PRON,SpaceAfter=No
1105-4,BOI019,1105,1105,5,erano,erano,essere,VERB,_
1105-5,BOI019,1105,1105,6,queste,queste,questo,DET,_
1105-6,BOI019,1105,1105,7,cose,cose,cosa,NOUN,_
1106-0,BOI019,1106,1106,1,e,e,e,CCONJ,_
1106-1,BOI019,1106,1106,2,poi,poi,poi,ADV,_
1106-2,BOI019,1106,1106,3,come,come,come,ADP,_
1106-3,BOI019,1106,1106,4,ti,ti,ti,PRON,_
1106-4,BOI019,1106,1106,5,dico,dico,dire,VERB,_
1106-5,BOI019,1106,1106,6,non,non,non,ADV,_
1106-6,BOI019,1106,1106,7,c',c',ci,PRON,SpaceAfter=No
1106-7,BOI019,1106,1106,8,erano,erano,essere,VERB,_
1106-8,BOI019,1106,1106,9,abitanti,abitanti,abitante,NOUN,_
1106-9,BOI019,1106,1106,10,ebrei,ebrei,ebreo,ADJ,_
1106-10,BOI019,1106,1106,11,da,da,da,ADP,_
1106-11,BOI019,1106,1106,12,noi,noi,noi,PRON,_
1107-0,BOI019,1107,1107,1,o,o,o,CCONJ,_
1107-1,BOI019,1107,1107,2,se,se,se,SCONJ,_
1107-2,BOI019,1107,1107,3,c',c',ci,PRON,SpaceAfter=No
1107-3,BOI019,1107,1107,4,erano,erano,essere,AUX,_
1107-4,BOI019,1107,1107,5,eran,eran,erande,ADJ,_
1107-5,BOI019,1107,1107,6,talmente,talmente,talmente,ADV,_
1107-6,BOI019,1107,1107,7,assimilati,assimilati,assimilare,VERB,_
1108-0,BOI019,1108,1108,1,che,che,che,SCONJ,_
1108-1,BOI019,1108,1108,2,non,non,non,ADV,_
1108-2,BOI019,1108,1108,3,lo,lo,lo,PRON,_
1108-3,BOI019,1108,1108,4,sapevamo,sapevamo,sapere,VERB,_
1109-0,BOI019,1109,1109,1,ah,ah,ah,INTJ,_
1110-0,BOI019,1110,1110,1,se,se,se,SCONJ,_
1110-1,BOI019,1110,1110,2,c',c',ci,PRON,SpaceAfter=No
1110-2,BOI019,1110,1110,3,erano,erano,essere,AUX,_
1110-3,BOI019,1110,1110,4,si,si,si,PRON,_
1110-4,BOI019,1110,1110,5,sapeva,sapeva,sapere,VERB,_
1110-5,BOI019,1110,1110,6,perché,perché,perché,SCONJ,_
1110-6,BOI019,1110,1110,7,tanto,tanto,tanto,ADV,_
1110-7,BOI019,1110,1110,8-9,nei,nei,_,_,_
1110-7a,_,_,1110,8,_,in,in,ADP,_
1110-7b,_,_,1110,9,_,i,il,DET,_
1110-8,BOI019,1110,1110,10,paesi,paesi,paese,NOUN,_
1110-9,BOI019,1110,1110,11,si,si,si,PRON,_
1110-10,BOI019,1110,1110,12,è,è,essere,AUX,_
1110-11,BOI019,1110,1110,13,molto,molto,molto,ADV,_
1110-12,BOI019,1110,1110,14,aperti,aperti,aperto,ADJ,_
1111-0,BOI019,1111,1111,1,allora,allora,allora,ADV,_
1111-1,BOI019,1111,1111,2,se,se,se,SCONJ,_
1111-2,BOI019,1111,1111,3,uno,uno,uno,PRON,_
1111-3,BOI019,1111,1111,4,è,è,essere,AUX,_
1111-4,BOI019,1111,1111,5,di,di,di,ADP,_
1111-5,BOI019,1111,1111,6,un',un',uno,DET,SpaceAfter=No
1111-6,BOI019,1111,1111,7,altra,altra,altro,ADJ,_
1111-7,BOI019,1111,1111,8,religione,religione,religione,NOUN,_
1111-8,BOI019,1111,1111,9,o,o,o,CCONJ,_
1111-9,BOI019,1111,1111,10,non,non,non,ADV,_
1111-10,BOI019,1111,1111,11,è,è,essere,AUX,_
1111-11,BOI019,1111,1111,12,"religioso,",religioso,religioso,ADJ,Intonation=weakly_rising
1111-12,BOI019,1111,1111,13,non,non,non,ADV,_
1111-13,BOI019,1111,1111,14,è,è,essere,AUX,_
1111-14,BOI019,1111,1111,15,cattolico,cattolico,cattolico,ADJ,_
1111-15,BOI019,1111,1111,16,da,da,da,ADP,_
1111-16,BOI019,1111,1111,17,un,un,uno,DET,_
1111-17,BOI019,1111,1111,18,momento,momento,momento,NOUN,_
1111-18,BOI019,1111,1111,19,che,che,che,SCONJ,_
1111-19,BOI019,1111,1111,20,anche,anche,anche,ADV,_
1111-20,BOI019,1111,1111,21,n~,n~,n~,PROPN,Interrupted=Yes
1112-0,BOI019,1112,1112,1,n~,n~,n~,PROPN,Interrupted=Yes
1113-0,BOI019,1113,1113,1-2,nella,nella,_,_,_
1113-0a,_,_,1113,1,_,in,in,ADP,_
1113-0b,_,_,1113,2,_,la,la,DET,_
1113-1,BOI019,1113,1113,3-4,nella,nella,_,_,_
1113-1a,_,_,1113,3,_,in,in,ADP,_
1113-1b,_,_,1113,4,_,la,il,DET,_
1114-0,BOI019,1114,1114,1,non,non,non,ADV,_
1114-1,BOI019,1114,1114,2,mi,mi,mi,PRON,_
1114-2,BOI019,1114,1114,3,ricordo,ricordo,ricordare,VERB,_
1114-3,BOI019,1114,1114,4-5,nella::,nella,_,_,_
1114-3a,_,_,1114,4,_,in,in,ADP,_
1114-3b,_,_,1114,5,_,la,il,DET,_
1115-0,BOI019,1115,1115,1,in,in,in,ADP,_
1115-1,BOI019,1115,1115,2,una,una,uno,DET,_
1115-2,BOI019,1115,1115,3,preghiera,preghiera,preghiera,NOUN,_
1115-3,BOI019,1115,1115,4,cattolica,cattolica,cattolica,ADJ,_
1115-4,BOI019,1115,1115,5-6,del,del,_,_,_
1115-4a,_,_,1115,5,_,di,di,ADP,_
1115-4b,_,_,1115,6,_,il,il,DET,_
1115-5,BOI019,1115,1115,7,venerdì,venerdì,venerdì,NOUN,_
1115-6,BOI019,1115,1115,8,santo,santo,santo,ADJ,_
1115-7,BOI019,1115,1115,9,ci,ci,ci,PRON,_
1115-8,BOI019,1115,1115,10,diceva,diceva,dire,VERB,_
1116-0,BOI019,1116,1116,1,eh,eh,eh,INTJ,_
1116-1,BOI019,1116,1116,2,insomma,insomma,insomma,ADV,_
1116-2,BOI019,1116,1116,3,che,che,che,SCONJ,_
1116-3,BOI019,1116,1116,4,gli,gli,il,DET,_
1116-4,BOI019,1116,1116,5,ebrei,ebrei,ebreo,NOUN,_
1116-5,BOI019,1116,1116,6,avevano,avevano,avere,AUX,_
1116-6,BOI019,1116,1116,7,ucciso,ucciso,uccidere,VERB,_
1116-7,BOI019,1116,1116,8,gesù,gesù,gesù,NOUN,_
1116-8,BOI019,1116,1116,9,quindi,quindi,quindi,ADV,_
1117-0,BOI019,1117,1117,1,capirai,capirai,capirare,VERB,_
1117-1,BOI019,1117,1117,2,se,se,se,SCONJ,_
1117-2,BOI019,1117,1117,3,non,non,non,ADV,_
1117-3,BOI019,1117,1117,4,si,si,si,PRON,_
1117-4,BOI019,1117,1117,5,conoscesse,conoscesse,conoscere,VERB,_
1117-5,BOI019,1117,1117,6,c',c',ci,PRON,SpaceAfter=No
1117-6,BOI019,1117,1117,7,eran,eran,erande,ADJ,_
1117-7,BOI019,1117,1117,8-9,degli,degli,_,_,_
1117-7a,_,_,1117,8,_,di,di,ADP,_
1117-7b,_,_,1117,9,_,gli,il,DET,_
1117-8,BOI019,1117,1117,10,ebrei,ebrei,ebreo,NOUN,_
1117-9,BOI019,1117,1117,11,da,da,da,ADP,_
1117-10,BOI019,1117,1117,12,noi,noi,noi,PRON,_
1118-0,BOI019,1118,1118,1-2,dai,dai,_,_,_
1118-0a,_,_,1118,1,_,da,da,ADP,_
1118-0b,_,_,1118,2,_,i,i,DET,_
1118-1,BOI019,1118,1118,3,{P},{P},_,_,_
1118-2,BOI019,1118,1118,4,da,da,da,ADP,_
1118-3,BOI019,1118,1118,5,noi,noi,noi,PRON,_
1118-4,BOI019,1118,1118,6,non,non,non,ADV,_
1118-5,BOI019,1118,1118,7,ce,ce,ce,PRON,_
1118-6,BOI019,1118,1118,8,n',n',ne,PRON,SpaceAfter=No
1118-7,BOI019,1118,1118,9,erano,erano,essere,AUX,_
1119-0,BOI019,1119,1119,1,tutte,tutte,tutto,DET,_
1119-1,BOI019,1119,1119,2,due,due,due,NUM,_
1119-2,BOI019,1119,1119,3,diplomati,diplomati,diplomato,NOUN,_
1120-0,BOI019,1120,1120,1,che,che,che,SCONJ,_
1120-1,BOI019,1120,1120,2,abbiam,abbiam,abbiam,NOUN,_
1120-2,BOI019,1120,1120,3,fatto,fatto,fare,VERB,_
1120-3,BOI019,1120,1120,4,le,le,il,DET,_
1120-4,BOI019,1120,1120,5,superiori,superiori,superiore,ADJ,_
1121-0,BOI019,1121,1121,1,<non,non,non,ADV,_
1121-1,BOI019,1121,1121,2,lo,lo,lo,PRON,_
1121-2,BOI019,1121,1121,3,sapevamo>,sapevamo,sapere,VERB,_
1122-0,BOI019,1122,1122,1,e,e,e,CCONJ,_
1122-1,BOI019,1122,1122,2,lui,lui,lui,PRON,_
1122-2,BOI019,1122,1122,3,ci,ci,ci,PRON,_
1122-3,BOI019,1122,1122,4,raccontò,raccontò,raccontare,VERB,_
1122-4,BOI019,1122,1122,5-6,della,della,_,_,_
1122-4a,_,_,1122,5,_,di,di,ADP,_
1122-4b,_,_,1122,6,_,la,il,DET,_
1122-5,BOI019,1122,1122,7,sua,sua,suo,DET,_
1122-6,BOI019,1122,1122,8,famiglia,famiglia,famiglia,NOUN,_
1123-0,BOI019,1123,1123,1,quando,quando,quando,SCONJ,_
1123-1,BOI019,1123,1123,2,noi,noi,noi,PRON,_
1123-2,BOI019,1123,1123,3,sentimmo,sentimmo,sentire,VERB,_
1123-3,BOI019,1123,1123,4,parlar,parlar,parlare,VERB,_
1123-4,BOI019,1123,1123,5,di,di,di,ADP,_
1123-5,BOI019,1123,1123,6,gassati,gassati,gassato,NOUN,_
1123-6,BOI019,1123,1123,7,di,di,di,ADP,_
1123-7,BOI019,1123,1123,8,robe,robe,roba,NOUN,_
1123-8,BOI019,1123,1123,9-10,del,del,_,_,_
1123-8a,_,_,1123,9,_,di,di,ADP,_
1123-8b,_,_,1123,10,_,il,il,DET,_
1123-9,BOI019,1123,1123,11,genere,genere,genere,NOUN,_
1124-0,BOI019,1124,1124,1,per,per,per,ADP,_
1124-1,BOI019,1124,1124,2,noi,noi,noi,PRON,_
1125-0,BOI019,1125,1125,1,noi,noi,noi,PRON,_
1126-0,BOI019,1126,1126,1,che,che,che,SCONJ,_
1126-1,BOI019,1126,1126,2,cosa,cosa,cosa,PRON,_
1126-2,BOI019,1126,1126,3,abbiamo,abbiamo,avere,AUX,_
1126-3,BOI019,1126,1126,4,fatto,fatto,fare,VERB,_
1126-4,BOI019,1126,1126,5,e,e,e,CCONJ,_
1126-5,BOI019,1126,1126,6,lì,lì,lì,ADV,_
1127-0,BOI019,1127,1127,1,che,che,che,PRON,_
1127-1,BOI019,1127,1127,2,abbiamo,abbiamo,avere,AUX,_
1127-2,BOI019,1127,1127,3,cominciato,cominciato,cominciare,VERB,_
1127-3,BOI019,1127,1127,4,a,a,a,ADP,_
1127-4,BOI019,1127,1127,5,camminare,camminare,camminare,VERB,_
1127-5,BOI019,1127,1127,6,a,a,a,ADP,_
1127-6,BOI019,1127,1127,7,camminare,camminare,camminare,VERB,_
1128-0,BOI019,1128,1128,1,e,e,e,CCONJ,_
1128-1,BOI019,1128,1128,2,siamo,siamo,essere,AUX,_
1128-2,BOI019,1128,1128,3,andati,andati,andare,VERB,_
1128-3,BOI019,1128,1128,4,in,in,in,ADP,_
1128-4,BOI019,1128,1128,5,europa,europa,europa,NOUN,_
1128-5,BOI019,1128,1128,6,li,li,li,PRON,_
1128-6,BOI019,1128,1128,7,abbiam,abbiam,abbiam,X,_
1128-7,BOI019,1128,1128,8,visti,visti,vedere,VERB,_
1128-8,BOI019,1128,1128,9,quasi,quasi,quasi,ADV,_
1128-9,BOI019,1128,1128,10,tutti,tutti,tutto,PRON,_
1129-0,BOI019,1129,1129,1,quelli,quelli,quello,PRON,_
1129-1,BOI019,1129,1129,2,che,che,che,PRON,_
1129-2,BOI019,1129,1129,3,c',c',ci,PRON,SpaceAfter=No
1129-3,BOI019,1129,1129,4,erano,erano,essere,VERB,_
1130-0,BOI019,1130,1130,1,dopo,dopo,dopo,ADV,_
1130-1,BOI019,1130,1130,2,anche,anche,anche,ADV,_
1130-2,BOI019,1130,1130,3-4,negli,negli,_,_,_
1130-2a,_,_,1130,3,_,in,in,ADP,_
1130-2b,_,_,1130,4,_,gli,il,DET,_
1130-3,BOI019,1130,1130,5,anni,anni,anno,NOUN,_
1130-4,BOI019,1130,1130,6,sessanta,sessanta,sessanta,NUM,_
1130-5,BOI019,1130,1130,7,e,e,e,CCONJ,_
1130-6,BOI019,1130,1130,8,settanta,settanta,settanta,NUM,_
1130-7,BOI019,1130,1130,9,che,che,che,PRON,_
1130-8,BOI019,1130,1130,10,cominciavano,cominciavano,cominciare,VERB,_
1131-0,BOI019,1131,1131,1,che,che,che,SCONJ,_
1131-1,BOI019,1131,1131,2,cominciavano,cominciavano,cominciare,VERB,_
1132-0,BOI019,1132,1132,1,a,a,a,ADP,_
1132-1,BOI019,1132,1132,2,a,a,a,ADP,_
1132-2,BOI019,1132,1132,3,non,non,non,ADV,_
1132-3,BOI019,1132,1132,4-5,esserci,esserci,_,_,_
1132-3a,_,_,1132,4,_,esser,essere,VERB,_
1132-3b,_,_,1132,5,_,ci,ci,PRON,_
1132-4,BOI019,1132,1132,6,più,più,più,ADV,_
1133-0,BOI019,1133,1133,1,come,come,come,ADP,_
1133-1,BOI019,1133,1133,2,testimonianze,testimonianze,testimonianza,NOUN,_
1133-2,BOI019,1133,1133,3,materiali,materiali,materiale,ADJ,_
1134-0,BOI019,1134,1134,1,quindi,quindi,quindi,ADV,_
1134-1,BOI019,1134,1134,2,la,la,il,DET,_
1134-2,BOI019,1134,1134,3,testimonianza,testimonianza,testimonianza,NOUN,_
1134-3,BOI019,1134,1134,4,di,di,di,ADP,_
1134-4,BOI019,1134,1134,5,mathausen,mathausen,mathausen,NOUN,_
1134-5,BOI019,1134,1134,6,e,e,e,CCONJ,_
1134-6,BOI019,1134,1134,7,di,di,di,ADP,_
1134-7,BOI019,1134,1134,8,auschwitz,auschwitz,auschwitz,NOUN,_
1134-8,BOI019,1134,1134,9,per,per,per,ADP,_
1134-9,BOI019,1134,1134,10,forza,forza,forza,NOUN,_
1134-10,BOI019,1134,1134,11,ci,ci,ci,PRON,_
1134-11,BOI019,1134,1134,12,sono,sono,essere,VERB,_
1135-0,BOI019,1135,1135,1,perché,perché,perché,SCONJ,_
1135-1,BOI019,1135,1135,2,sono,sono,essere,AUX,_
1136-0,BOI019,1136,1136,1,addirittura,addirittura,addirittura,ADV,_
1136-1,BOI019,1136,1136,2,almeno,almeno,almeno,ADV,_
1136-2,BOI019,1136,1136,3,la,la,il,DET,_
1136-3,BOI019,1136,1136,4,prima,prima,primo,ADJ,_
1136-4,BOI019,1136,1136,5,parte,parte,parte,NOUN,_
1136-5,BOI019,1136,1136,6,perché,perché,perché,ADV,_
1136-6,BOI019,1136,1136,7,dopo,dopo,dopo,ADP,_
1136-7,BOI019,1136,1136,8,tutto,tutto,tutto,DET,_
1136-8,BOI019,1136,1136,9,il,il,il,DET,_
1136-9,BOI019,1136,1136,10,resto,resto,resto,NOUN,_
1136-10,BOI019,1136,1136,11,poi,poi,poi,ADV,_
1136-11,BOI019,1136,1136,12,è,è,essere,AUX,_
1136-12,BOI019,1136,1136,13,stato,stato,essere,AUX,_
1136-13,BOI019,1136,1136,14,fatto,fatto,fare,VERB,_
1136-14,BOI019,1136,1136,15,con,con,con,ADP,_
1136-15,BOI019,1136,1136,16,baracche,baracche,baracca,NOUN,_
1137-0,BOI019,1137,1137,1,soprattutto,soprattutto,soprattutto,ADV,_
1137-1,BOI019,1137,1137,2,ad,ad,a,ADP,_
1137-2,BOI019,1137,1137,3,auschwitz,auschwitz,auschwitz,NOUN,_
1137-3,BOI019,1137,1137,4,ma,ma,ma,CCONJ,_
1138-0,BOI019,1138,1138,1,la,la,il,DET,_
1138-1,BOI019,1138,1138,2,prima,prima,primo,ADJ,_
1138-2,BOI019,1138,1138,3,parte,parte,parte,NOUN,_
1138-3,BOI019,1138,1138,4,erano,erano,essere,AUX,_
1139-0,BOI019,1139,1139,1,campi,campi,campo,NOUN,_
1139-1,BOI019,1139,1139,2,di,di,di,ADP,_
1139-2,BOI019,1139,1139,3,prigionia,prigionia,prigionia,NOUN,_
1139-3,BOI019,1139,1139,4-5,della,della,_,_,_
1139-3a,_,_,1139,4,_,di,di,ADP,_
1139-3b,_,_,1139,5,_,la,il,DET,_
1139-4,BOI019,1139,1139,6,prima,prima,primo,ADJ,_
1139-5,BOI019,1139,1139,7,guerra,guerra,guerra,NOUN,_
1139-6,BOI019,1139,1139,8,mondiale,mondiale,mondiale,ADJ,_
1140-0,BOI019,1140,1140,1,come,come,come,ADV,_
1140-1,BOI019,1140,1140,2,come,come,come,ADP,_
1140-2,BOI019,1140,1140,3,come,come,come,ADV,_
1140-3,BOI019,1140,1140,4,lo,lo,lo,PRON,_
1140-4,BOI019,1140,1140,5,è,è,essere,VERB,_
1140-5,BOI019,1140,1140,6,mathausen,mathausen,mathauseno,ADV,_
1140-6,BOI019,1140,1140,7,in,in,in,ADP,_
1140-7,BOI019,1140,1140,8,xxxx,x,x,SYM,_
1141-0,BOI019,1141,1141,1,che,che,che,SCONJ,_
1141-1,BOI019,1141,1141,2,quello,quello,quello,PRON,_
1141-2,BOI019,1141,1141,3,di,di,di,ADP,_
1141-3,BOI019,1141,1141,4,mathausen,mathausen,mathausen,NOUN,_
1142-0,BOI019,1142,1142,1,son,son,essere,AUX,_
1142-1,BOI019,1142,1142,2,morti,morti,morire,VERB,_
1142-2,BOI019,1142,1142,3,anche,anche,anche,ADV,_
1142-3,BOI019,1142,1142,4,tanti,tanti,tanto,DET,_
1142-4,BOI019,1142,1142,5,nostri,nostri,nostro,DET,_
1142-5,BOI019,1142,1142,6,prigionieri,prigionieri,prigioniero,NOUN,_
1142-6,BOI019,1142,1142,7-8,della,della,_,_,_
1142-6a,_,_,1142,7,_,di,di,ADP,_
1142-6b,_,_,1142,8,_,la,il,DET,_
1142-7,BOI019,1142,1142,9,prima,prima,primo,ADJ,_
1142-8,BOI019,1142,1142,10,guerra,guerra,guerra,NOUN,_
1142-9,BOI019,1142,1142,11,mondiale,mondiale,mondiale,ADJ,_
1143-0,BOI019,1143,1143,1,quindi,quindi,quindi,ADV,_
1143-1,BOI019,1143,1143,2,{P},{P},_,_,_
1143-2,BOI019,1143,1143,3,partono,partono,partire,VERB,_
1143-3,BOI019,1143,1143,4,da,da,da,ADP,_
1143-4,BOI019,1143,1143,5,questi,questi,questo,PRON,_
1143-5,BOI019,1143,1143,6,in,in,in,ADP,_
1143-6,BOI019,1143,1143,7,muratura,muratura,muratura,NOUN,_
1143-7,BOI019,1143,1143,8,che,che,che,PRON,_
1143-8,BOI019,1143,1143,9,ci,ci,ci,PRON,_
1143-9,BOI019,1143,1143,10,sono,sono,essere,VERB,_
1144-0,BOI019,1144,1144,1,ma,ma,ma,CCONJ,_
1144-1,BOI019,1144,1144,2,tutti,tutti,tutto,DET,_
1144-2,BOI019,1144,1144,3,gli,gli,il,DET,_
1144-3,BOI019,1144,1144,4,altri,altri,altro,ADJ,_
1144-4,BOI019,1144,1144,5,fatti,fatti,fatto,NOUN,_
1144-5,BOI019,1144,1144,6,in,in,in,ADP,_
1144-6,BOI019,1144,1144,7,baracche,baracche,baracca,NOUN,_
1144-7,BOI019,1144,1144,8,molti,molti,molto,PRON,_
1145-0,BOI019,1145,1145,1,spariscono,spariscono,sparire,VERB,_
1146-0,BOI019,1146,1146,1,sotto,sotto,sotto,ADP,_
1146-1,BOI019,1146,1146,2,mathausen,mathausen,mathausen,NOUN,_
1147-0,BOI019,1147,1147,1,che,che,che,SCONJ,_
1147-1,BOI019,1147,1147,2,io,io,io,PRON,_
1147-2,BOI019,1147,1147,3,ho,ho,avere,AUX,_
1147-3,BOI019,1147,1147,4,visto,visto,vedere,VERB,_
1148-0,BOI019,1148,1148,1,c',c',ci,PRON,SpaceAfter=No
1148-1,BOI019,1148,1148,2,era,era,essere,VERB,_
1148-2,BOI019,1148,1148,3,un,un,uno,DET,_
1148-3,BOI019,1148,1148,4,altro,altro,altro,ADJ,_
1148-4,BOI019,1148,1148,5,campo,campo,campo,NOUN,_
1148-5,BOI019,1148,1148,6,il,il,il,DET,_
1148-6,BOI019,1148,1148,7,campo,campo,campo,NOUN,_
1148-7,BOI019,1148,1148,8,di,di,di,ADP,_
1148-8,BOI019,1148,1148,9,gusen,gusen,gusen,NOUN,_
1149-0,BOI019,1149,1149,1,che,che,che,PRON,_
1149-1,BOI019,1149,1149,2,era,era,essere,AUX,_
1149-2,BOI019,1149,1149,3,un,un,uno,DET,_
1149-3,BOI019,1149,1149,4,campo,campo,campo,NOUN,_
1150-0,BOI019,1150,1150,1,più,più,più,ADV,_
1150-1,BOI019,1150,1150,2,piccolo,piccolo,piccolo,ADJ,_
1151-0,BOI019,1151,1151,1,ma,ma,ma,CCONJ,_
1151-1,BOI019,1151,1151,2,era,era,essere,AUX,_
1151-2,BOI019,1151,1151,3,legato,legato,legare,VERB,_
1151-3,BOI019,1151,1151,4,a,a,a,ADP,_
1151-4,BOI019,1151,1151,5,mathausen,mathausen,mathausen,NOUN,_
1152-0,BOI019,1152,1152,1,perché,perché,perché,SCONJ,_
1152-1,BOI019,1152,1152,2,da,da,da,ADP,_
1152-2,BOI019,1152,1152,3,da,da,da,ADP,_
1152-3,BOI019,1152,1152,4,da,da,da,ADP,_
1152-4,BOI019,1152,1152,5,gusen,gusen,gusen,NOUN,_
1152-5,BOI019,1152,1152,6,che,che,che,PRON,_
1152-6,BOI019,1152,1152,7,era,era,essere,AUX,_
1152-7,BOI019,1152,1152,8,eh,eh,eh,ADV,_
1152-8,BOI019,1152,1152,9-10,sulla,sulla,_,_,_
1152-8a,_,_,1152,9,_,su,su,ADP,_
1152-8b,_,_,1152,10,_,la,il,DET,_
1152-9,BOI019,1152,1152,11,piana,piana,piano,NOUN,_
1152-10,BOI019,1152,1152,12,mathausen,mathausen,mathausen,NOUN,_
1152-11,BOI019,1152,1152,13,un,un,uno,DET,_
1152-12,BOI019,1152,1152,14,po',po',poco,ADV,_
1152-13,BOI019,1152,1152,15,un,un,uno,DET,_
1152-14,BOI019,1152,1152,16,po',po',poco,ADV,_
1152-15,BOI019,1152,1152,17,più,più,più,ADV,_
1152-16,BOI019,1152,1152,18,in,in,in,ADP,_
1152-17,BOI019,1152,1152,19,alto,alto,alto,ADV,_
1153-0,BOI019,1153,1153,1,si,si,si,PRON,_
1153-1,BOI019,1153,1153,2,trasportavano,trasportavano,trasportare,VERB,_
1153-2,BOI019,1153,1153,3,c',c',ci,PRON,SpaceAfter=No
1153-3,BOI019,1153,1153,4,era,era,essere,VERB,_
1153-4,BOI019,1153,1153,5,la,la,il,DET,_
1154-0,BOI019,1154,1154,1,la,la,il,DET,_
1154-1,BOI019,1154,1154,2,strada,strada,strada,NOUN,_
1154-2,BOI019,1154,1154,3-4,della,della,_,_,_
1154-2a,_,_,1154,3,_,di,di,ADP,_
1154-2b,_,_,1154,4,_,la,il,DET,_
1154-3,BOI019,1154,1154,5,morte,morte,morte,NOUN,_
1155-0,BOI019,1155,1155,1,e,e,e,CCONJ,_
1155-1,BOI019,1155,1155,2,si,si,si,PRON,_
1155-2,BOI019,1155,1155,3,trasportavano,trasportavano,trasportare,VERB,_
1155-3,BOI019,1155,1155,4,i,i,il,DET,_
1155-4,BOI019,1155,1155,5,blocchi,blocchi,blocco,NOUN,_
1155-5,BOI019,1155,1155,6,di,di,di,ADP,_
1156-0,BOI019,1156,1156,1,di,di,di,ADP,_
1156-1,BOI019,1156,1156,2,di,di,di,ADP,_
1156-2,BOI019,1156,1156,3,di,di,di,ADP,_
1156-3,BOI019,1156,1156,4,sasso,sasso,sasso,NOUN,_
1157-0,BOI019,1157,1157,1,da,da,da,ADP,_
1157-1,BOI019,1157,1157,2,gusen,gusen,gusen,NOUN,_
1158-0,BOI019,1158,1158,1,a,a,a,ADP,_
1158-1,BOI019,1158,1158,2,mathausen,mathausen,mathausen,NOUN,_
1159-0,BOI019,1159,1159,1,e::,e,e,CCONJ,_
1159-1,BOI019,1159,1159,2,facevano,facevano,fare,VERB,_
1159-2,BOI019,1159,1159,3,lavorare,lavorare,lavorare,VERB,_
1159-3,BOI019,1159,1159,4,que~,que~,que~,PROPN,Interrupted=Yes
1160-0,BOI019,1160,1160,1,per,per,per,ADP,_
1160-1,BOI019,1160,1160,2,modo,modo,modo,NOUN,_
1160-2,BOI019,1160,1160,3,di,di,di,ADP,_
1160-3,BOI019,1160,1160,4,dire,dire,dire,VERB,_
1160-4,BOI019,1160,1160,5,per,per,per,ADP,_
1160-5,BOI019,1160,1160,6,far,far,fare,VERB,_
1160-6,BOI019,1160,1160,7,la,la,il,DET,_
1160-7,BOI019,1160,1160,8,"strada,",strada,strada,NOUN,Intonation=weakly_rising
1160-8,BOI019,1160,1160,9,tutto,tutto,tutto,DET,_
1160-9,BOI019,1160,1160,10,quello,quello,quello,PRON,_
1160-10,BOI019,1160,1160,11,che,che,che,PRON,_
1160-11,BOI019,1160,1160,12,vuoi,vuoi,volere,VERB,_
1160-12,BOI019,1160,1160,13,ma,ma,ma,CCONJ,_
1160-13,BOI019,1160,1160,14,soprattutto,soprattutto,soprattutto,ADV,_
1160-14,BOI019,1160,1160,15,per,per,per,ADP,_
1160-15,BOI019,1160,1160,16,ammazzarne,ammazzarne,ammazzarnere,VERB,_
1160-16,BOI019,1160,1160,17,uno,uno,uno,PRON,_
1160-17,BOI019,1160,1160,18-19,alla,alla,_,_,_
1160-17a,_,_,1160,18,_,a,a,ADP,_
1160-17b,_,_,1160,19,_,la,il,DET,_
1160-18,BOI019,1160,1160,20,volta,volta,volta,NOUN,_
1161-0,BOI019,1161,1161,1,e,e,e,CCONJ,_
1161-1,BOI019,1161,1161,2,poi,poi,poi,ADV,_
1161-2,BOI019,1161,1161,3,a,a,a,ADP,_
1161-3,BOI019,1161,1161,4,gusen,gusen,gusen,NOUN,_
1162-0,BOI019,1162,1162,1,anche,anche,anche,ADV,_
1162-1,BOI019,1162,1162,2,a,a,a,ADP,_
1162-2,BOI019,1162,1162,3,gusen,gusen,gusen,NOUN,_
1163-0,BOI019,1163,1163,1,c',c',ci,PRON,SpaceAfter=No
1163-1,BOI019,1163,1163,2,era,era,essere,VERB,_
1163-2,BOI019,1163,1163,3,il,il,il,DET,_
1163-3,BOI019,1163,1163,4,campo,campo,campo,NOUN,_
1163-4,BOI019,1163,1163,5,di,di,di,ADP,_
1163-5,BOI019,1163,1163,6,concentramento,concentramento,concentramento,NOUN,_
1164-0,BOI019,1164,1164,1,e,e,e,CCONJ,_
1164-1,BOI019,1164,1164,2,c',c',ci,PRON,SpaceAfter=No
1164-2,BOI019,1164,1164,3,era,era,essere,VERB,_
1164-3,BOI019,1164,1164,4,anche,anche,anche,ADV,_
1165-0,BOI019,1165,1165,1,una,una,uno,DET,_
1165-1,BOI019,1165,1165,2,camera,camera,camera,NOUN,_
1165-2,BOI019,1165,1165,3,a,a,a,ADP,_
1165-3,BOI019,1165,1165,4,gas,gas,gas,NOUN,_
1166-0,BOI019,1166,1166,1,quando,quando,quando,SCONJ,_
1166-1,BOI019,1166,1166,2,noi,noi,noi,PRON,_
1166-2,BOI019,1166,1166,3,siamo,siamo,essere,AUX,_
1166-3,BOI019,1166,1166,4,andati,andati,andare,VERB,_
1166-4,BOI019,1166,1166,5,ultimamente,ultimamente,ultimamente,ADV,_
1167-0,BOI019,1167,1167,1,gusen,gusen,gusen,NOUN,_
1167-1,BOI019,1167,1167,2,non,non,non,ADV,_
1167-2,BOI019,1167,1167,3,esiste,esiste,esistere,VERB,_
1167-3,BOI019,1167,1167,4,più,più,più,ADV,_
1168-0,BOI019,1168,1168,1,esiste,esiste,esistere,VERB,_
1169-0,BOI019,1169,1169,1,un,un,uno,DET,_
1169-1,BOI019,1169,1169,2,muro,muro,muro,NOUN,_
1170-0,BOI019,1170,1170,1,comprato,comprato,comprare,VERB,_
1170-1,BOI019,1170,1170,2,da,da,da,ADP,_
1170-2,BOI019,1170,1170,3,da,da,da,ADP,_
1170-3,BOI019,1170,1170,4,da,da,da,ADP,_
1170-4,BOI019,1170,1170,5,da,da,da,ADP,_
1170-5,BOI019,1170,1170,6,lampi,lampi,lampo,NOUN,_
1171-0,BOI019,1171,1171,1,da,da,da,ADP,_
1171-1,BOI019,1171,1171,2,da,da,da,ADP,_
1171-2,BOI019,1171,1171,3,da,da,da,ADP,_
1171-3,BOI019,1171,1171,4,ei,ei,egli,PRON,_
1171-4,BOI019,1171,1171,5,da,da,da,ADP,_
1171-5,BOI019,1171,1171,6,da,da,da,ADP,_
1171-6,BOI019,1171,1171,7,non,non,non,ADV,_
1171-7,BOI019,1171,1171,8,da,da,da,ADP,_
1171-8,BOI019,1171,1171,9,lampi,lampi,lampo,NOUN,_
1172-0,BOI019,1172,1172,1,da,da,da,ADP,_
1172-1,BOI019,1172,1172,2,ie::h,ieh,ieh,ADV,_
1172-2,BOI019,1172,1172,3-4,dagli,dagli,_,_,_
1172-2a,_,_,1172,3,_,da,da,ADP,_
1172-2b,_,_,1172,4,_,gli,il,DET,_
1172-3,BOI019,1172,1172,5,ex,ex,ex,ADJ,_
1173-0,BOI019,1173,1173,1,e:::hm,ehm,ehm,NOUN,_
1173-1,BOI019,1173,1173,2,eh,eh,eh,INTJ,_
1173-2,BOI019,1173,1173,3,t~,t~,t~,PROPN,Interrupted=Yes
1173-3,BOI019,1173,1173,4,eh,eh,eh,INTJ,_
1174-0,BOI019,1174,1174,1,eh,eh,eh,ADV,_
1174-1,BOI019,1174,1174,2,ritornati,ritornati,ritornare,VERB,_
1174-2,BOI019,1174,1174,3,da,da,da,ADP,_
1174-3,BOI019,1174,1174,4,quei,quei,quello,DET,_
1174-4,BOI019,1174,1174,5,"campi,",campi,campo,NOUN,Intonation=weakly_rising
1174-5,BOI019,1174,1174,6,quei,quei,quello,DET,_
1174-6,BOI019,1174,1174,7,pochi,pochi,poco,PRON,_
1174-7,BOI019,1174,1174,8,che,che,che,PRON,_
1174-8,BOI019,1174,1174,9,erano,erano,essere,AUX,_
1174-9,BOI019,1174,1174,10,tornati,tornati,tornascere,VERB,_
1175-0,BOI019,1175,1175,1,sia,sia,essere,AUX,_
1176-0,BOI019,1176,1176,1,mh,mh,mh,NOUN,_
1176-1,BOI019,1176,1176,2,eh,eh,eh,NOUN,_
1176-2,BOI019,1176,1176,3-4,della,della,_,_,_
1176-2a,_,_,1176,3,_,di,di,ADP,_
1176-2b,_,_,1176,4,_,la,il,DET,_
1176-3,BOI019,1176,1176,5,provincia,provincia,provincia,NOUN,_
1177-0,BOI019,1177,1177,1-2,della,della,_,_,_
1177-0a,_,_,1177,1,_,di,di,ADP,_
1177-0b,_,_,1177,2,_,la,la,DET,_
1177-1,BOI019,1177,1177,3-4,della,della,_,_,_
1177-1a,_,_,1177,3,_,di,di,ADP,_
1177-1b,_,_,1177,4,_,la,il,DET,_
1177-2,BOI019,1177,1177,5,regione,regione,regione,NOUN,_
1177-3,BOI019,1177,1177,6,toscana,toscana,toscano,ADJ,_
1177-4,BOI019,1177,1177,7,sia,sia,sia,CCONJ,_
1177-5,BOI019,1177,1177,8-9,della,della,_,_,_
1177-5a,_,_,1177,8,_,di,di,ADP,_
1177-5b,_,_,1177,9,_,la,il,DET,_
1177-6,BOI019,1177,1177,10,regione,regione,regione,NOUN,_
1177-7,BOI019,1177,1177,11,emiliana,emiliana,emiliano,ADJ,_
1178-0,BOI019,1178,1178,1,che,che,che,SCONJ,_
1178-1,BOI019,1178,1178,2,loro,loro,loro,PRON,_
1179-0,BOI019,1179,1179,1,erano,erano,essere,AUX,_
1179-1,BOI019,1179,1179,2,stati,stati,essere,AUX,_
1179-2,BOI019,1179,1179,3,lì,lì,lì,ADV,_
1180-0,BOI019,1180,1180,1,avevano,avevano,avere,AUX,_
1180-1,BOI019,1180,1180,2,visto,visto,vedere,VERB,_
1180-2,BOI019,1180,1180,3,gli,gli,il,DET,_
1180-3,BOI019,1180,1180,4,altri,altri,altro,PRON,_
1180-4,BOI019,1180,1180,5,"morire,",morire,morire,VERB,Intonation=weakly_rising
1181-0,BOI019,1181,1181,1,hanno,hanno,avere,AUX,_
1181-1,BOI019,1181,1181,2,comprato,comprato,comprare,VERB,_
1181-2,BOI019,1181,1181,3,un,un,uno,DET,_
1181-3,BOI019,1181,1181,4,pezzo,pezzo,pezzo,NOUN,_
1181-4,BOI019,1181,1181,5,di,di,di,ADP,_
1181-5,BOI019,1181,1181,6,"terra,",terra,terra,NOUN,Intonation=weakly_rising
1182-0,BOI019,1182,1182,1,hanno,hanno,avere,AUX,_
1182-1,BOI019,1182,1182,2,fatto,fatto,fare,VERB,_
1182-2,BOI019,1182,1182,3,un,un,uno,DET,_
1182-3,BOI019,1182,1182,4,"muro,",muro,muro,NOUN,Intonation=weakly_rising
1182-4,BOI019,1182,1182,5,e,e,e,CCONJ,_
1182-5,BOI019,1182,1182,6,ci,ci,ci,PRON,_
1182-6,BOI019,1182,1182,7,han,han,avere,AUX,_
1182-7,BOI019,1182,1182,8,messo,messo,medere,VERB,_
1182-8,BOI019,1182,1182,9,le,le,il,DET,_
1182-9,BOI019,1182,1182,10,fotografie,fotografie,fotografia,NOUN,_
1183-0,BOI019,1183,1183,1,di,di,di,ADP,_
1183-1,BOI019,1183,1183,2,che,che,che,PRON,_
1183-2,BOI019,1183,1183,3,è,è,essere,AUX,_
1183-3,BOI019,1183,1183,4,morti,morti,morire,VERB,_
1183-4,BOI019,1183,1183,5,in,in,in,ADP,_
1183-5,BOI019,1183,1183,6,questi,questi,questo,DET,_
1183-6,BOI019,1183,1183,7,campi,campi,campo,NOUN,_
1183-7,BOI019,1183,1183,8,di,di,di,ADP,_
1183-8,BOI019,1183,1183,9,concentramen~,concentramen~,concentramen~,PROPN,Interrupted=Yes
1184-0,BOI019,1184,1184,1,perché,perché,perché,SCONJ,_
1184-1,BOI019,1184,1184,2,se,se,se,SCONJ,_
1184-2,BOI019,1184,1184,3,tu,tu,tu,PRON,_
1184-3,BOI019,1184,1184,4,vai,vai,andare,VERB,_
1184-4,BOI019,1184,1184,5,a,a,a,ADP,_
1184-5,BOI019,1184,1184,6,vedere,vedere,vedere,VERB,_
1184-6,BOI019,1184,1184,7,quel,quel,quello,DET,_
1184-7,BOI019,1184,1184,8,campo,campo,campo,NOUN,_
1184-8,BOI019,1184,1184,9,di,di,di,ADP,_
1184-9,BOI019,1184,1184,10,gusen,gusen,gusen,NOUN,_
1184-10,BOI019,1184,1184,11,non,non,non,ADV,_
1184-11,BOI019,1184,1184,12,c',c',ci,PRON,SpaceAfter=No
1184-12,BOI019,1184,1184,13,è,è,essere,VERB,_
1184-13,BOI019,1184,1184,14,più,più,più,ADV,_
1185-0,BOI019,1185,1185,1,ci,ci,ci,PRON,_
1185-1,BOI019,1185,1185,2,sono,sono,essere,VERB,_
1185-2,BOI019,1185,1185,3-4,delle,delle,_,_,_
1185-2a,_,_,1185,3,_,di,di,ADP,_
1185-2b,_,_,1185,4,_,le,il,DET,_
1185-3,BOI019,1185,1185,5,villette,villette,villetta,NOUN,_
1186-0,BOI019,1186,1186,1,poco,poco,poco,ADV,_
1186-1,BOI019,1186,1186,2,distante,distante,distare,ADJ,_
1187-0,BOI019,1187,1187,1,c',c',ci,PRON,SpaceAfter=No
1187-1,BOI019,1187,1187,2,è,è,essere,VERB,_
1187-2,BOI019,1187,1187,3,un,un,uno,DET,_
1187-3,BOI019,1187,1187,4,altro,altro,altro,PRON,_
1188-0,BOI019,1188,1188,1,c',c',ci,PRON,SpaceAfter=No
1188-1,BOI019,1188,1188,2,era,era,essere,VERB,_
1188-2,BOI019,1188,1188,3,il,il,il,DET,_
1188-3,BOI019,1188,1188,4,castello,castello,castello,NOUN,_
1188-4,BOI019,1188,1188,5,di,di,di,ADP,_
1188-5,BOI019,1188,1188,6,artem,artem,artem,NOUN,_
1189-0,BOI019,1189,1189,1,che,che,che,SCONJ,_
1189-1,BOI019,1189,1189,2,io,io,io,PRON,_
1189-2,BOI019,1189,1189,3,sono,sono,essere,AUX,_
1189-3,BOI019,1189,1189,4,andata,andata,andare,VERB,_
1189-4,BOI019,1189,1189,5,con,con,con,ADP,_
1189-5,BOI019,1189,1189,6,la,la,il,DET,_
1189-6,BOI019,1189,1189,7,figlia,figlia,figlia,NOUN,_
1190-0,BOI019,1190,1190,1,di,di,di,ADP,_
1190-1,BOI019,1190,1190,2,un,un,uno,DET,_
1190-2,BOI019,1190,1190,3,eh,eh,eh,NOUN,_
1190-3,BOI019,1190,1190,4,di,di,di,ADP,_
1190-4,BOI019,1190,1190,5,un,un,uno,DET,_
1190-5,BOI019,1190,1190,6,internato,internato,internato,NOUN,_
1190-6,BOI019,1190,1190,7,dove,dove,dove,ADV,_
1190-7,BOI019,1190,1190,8,facevano,facevano,fare,VERB,_
1190-8,BOI019,1190,1190,9,gli,gli,il,DET,_
1190-9,BOI019,1190,1190,10,esperimenti,esperimenti,esperimento,NOUN,_
1190-10,BOI019,1190,1190,11,gli,gli,il,DET,_
1190-11,BOI019,1190,1190,12,esperimenti,esperimenti,esperimento,NOUN,_
1190-12,BOI019,1190,1190,13-14,del,del,_,_,_
1190-12a,_,_,1190,13,_,di,di,ADP,_
1190-12b,_,_,1190,14,_,il,il,DET,_
1190-13,BOI019,1190,1190,15,dolore,dolore,dolore,NOUN,_
1191-0,BOI019,1191,1191,1,veder,veder,veder,ADP,_
1191-1,BOI019,1191,1191,2,cosa,cosa,cosa,PRON,_
1192-0,BOI019,1192,1192,1,come,come,come,ADV,_
1192-1,BOI019,1192,1192,2,poteva,poteva,potere,AUX,_
1192-2,BOI019,1192,1192,3,resistere,resistere,resistere,VERB,_
1192-3,BOI019,1192,1192,4,una,una,uno,DET,_
1192-4,BOI019,1192,1192,5,persona,persona,persona,NOUN,_
1193-0,BOI019,1193,1193,1,è,è,essere,AUX,_
1193-1,BOI019,1193,1193,2,diventato,diventato,diventare,VERB,_
1193-2,BOI019,1193,1193,3,un,un,uno,DET,_
1193-3,BOI019,1193,1193,4,condominio,condominio,condominio,NOUN,_
1194-0,BOI019,1194,1194,1,e,e,e,CCONJ,_
1194-1,BOI019,1194,1194,2,noi,noi,noi,PRON,_
1194-2,BOI019,1194,1194,3,parliamo,parliamo,parlare,VERB,_
1194-3,BOI019,1194,1194,4,di,di,di,ADP,_
1194-4,BOI019,1194,1194,5,negazionisti,negazionisti,negazionista,NOUN,_
1194-5,BOI019,1194,1194,6,ma,ma,ma,CCONJ,_
1194-6,BOI019,1194,1194,7,più,più,più,ADV,_
1194-7,BOI019,1194,1194,8,andiamo,andiamo,andare,VERB,_
1194-8,BOI019,1194,1194,9,avanti,avanti,avanti,ADV,_
1195-0,BOI019,1195,1195,1,più,più,più,ADV,_
1195-1,BOI019,1195,1195,2,se,se,se,SCONJ,_
1195-2,BOI019,1195,1195,3,non,non,non,ADV,_
1195-3,BOI019,1195,1195,4,si,si,si,PRON,_
1195-4,BOI019,1195,1195,5,trasmettono,trasmettono,trasmettere,VERB,_
1195-5,BOI019,1195,1195,6,le,le,il,DET,_
1195-6,BOI019,1195,1195,7,cose,cose,cosa,NOUN,_
1196-0,BOI019,1196,1196,1,più,più,più,ADV,_
1196-1,BOI019,1196,1196,2,spariscono,spariscono,sparire,VERB,_
1197-0,BOI019,1197,1197,1,queste,queste,questo,DET,_
1197-1,BOI019,1197,1197,2,testimonianze,testimonianze,testimonianza,NOUN,_
1198-0,BOI019,1198,1198,1,queste,queste,questo,DET,_
1198-1,BOI019,1198,1198,2,testimonianze,testimonianze,testimonianza,NOUN,_
1198-2,BOI019,1198,1198,3,queste,queste,questo,PRON,_
1198-3,BOI019,1198,1198,4,son,son,essere,AUX,_
1198-4,BOI019,1198,1198,5,testimonianze,testimonianze,testimonianza,NOUN,_
1198-5,BOI019,1198,1198,6,materiali,materiali,materiale,ADJ,_
1198-6,BOI019,1198,1198,7,capirai,capirai,capire,VERB,_
1198-7,BOI019,1198,1198,8,le,le,il,DET,_
1198-8,BOI019,1198,1198,9,altre,altre,altro,ADJ,_
1199-0,BOR005,1199,1199,1,mh,mh,mh,NOUN,_
1200-0,BOI019,1200,1200,1,perché,perché,perché,SCONJ,_
1200-1,BOI019,1200,1200,2,si,si,si,PRON,_
1200-2,BOI019,1200,1200,3,da,da,da,ADP,_
1200-3,BOI019,1200,1200,4,tanta,tanta,tanto,DET,_
1200-4,BOI019,1200,1200,5,importanza,importanza,importanza,NOUN,_
1200-5,BOI019,1200,1200,6,ad,ad,a,ADP,_
1200-6,BOI019,1200,1200,7,aushwitz,aushwitz,aushwitz,NOUN,_
1200-7,BOI019,1200,1200,8,perché,perché,perché,SCONJ,_
1200-8,BOI019,1200,1200,9,pas~,pas~,pas~,PROPN,Interrupted=Yes
1201-0,BOI019,1201,1201,1,aushwitz,aushwitz,aushwitz,NOUN,_
1201-1,BOI019,1201,1201,2,è,è,essere,AUX,_
1201-2,BOI019,1201,1201,3,stato,stato,essere,AUX,_
1201-3,BOI019,1201,1201,4,raggiunto,raggiunto,raggiungere,VERB,_
1202-0,BOI019,1202,1202,1,quando,quando,quando,SCONJ,_
1202-1,BOI019,1202,1202,2,c',c',ci,PRON,SpaceAfter=No
1202-2,BOI019,1202,1202,3,erano,erano,essere,AUX,_
1202-3,BOI019,1202,1202,4,ancora,ancora,ancora,ADV,_
1202-4,BOI019,1202,1202,5,i,i,il,DET,_
1202-5,BOI019,1202,1202,6,tedeschi,tedeschi,tedesco,NOUN,_
1202-6,BOI019,1202,1202,7,dentro,dentro,dentro,ADV,_
1203-0,BOI019,1203,1203,1,ma,ma,ma,CCONJ,_
1203-1,BOI019,1203,1203,2,treblinka,treblinka,treblinko,ADJ,_
1203-2,BOI019,1203,1203,3,è,è,essere,AUX,_
1203-3,BOI019,1203,1203,4,un,un,uno,DET,_
1203-4,BOI019,1203,1203,5,mucchio,mucchio,mucchio,NOUN,_
1203-5,BOI019,1203,1203,6,di,di,di,ADP,_
1203-6,BOI019,1203,1203,7,sassi,sassi,sasso,NOUN,_
1204-0,BOI019,1204,1204,1,ravensbrück,ravensbrück,ravensbrück,NOUN,_
1204-1,BOI019,1204,1204,2,anche,anche,anche,ADV,_
1204-2,BOI019,1204,1204,3,quello,quello,quello,PRON,_
1204-3,BOI019,1204,1204,4,ridotto,ridotto,ridurre,VERB,_
1204-4,BOI019,1204,1204,5,ma~,ma~,ma~,PROPN,Interrupted=Yes
1205-0,BOI019,1205,1205,1,perché,perché,perché,SCONJ,_
1205-1,BOI019,1205,1205,2,han,han,avere,AUX,_
1205-2,BOI019,1205,1205,3,cercato,cercato,cercare,VERB,_
1205-3,BOI019,1205,1205,4,anche,anche,anche,ADV,_
1205-4,BOI019,1205,1205,5,di,di,di,ADP,_
1206-0,BOI019,1206,1206,1,di,di,di,ADP,_
1206-1,BOI019,1206,1206,2,di,di,di,ADP,_
1206-2,BOI019,1206,1206,3,far,far,fare,VERB,_
1206-3,BOI019,1206,1206,4,nascondere,nascondere,nascondere,VERB,_
1206-4,BOI019,1206,1206,5,queste,queste,questo,DET,_
1206-5,BOI019,1206,1206,6,cose,cose,cosa,NOUN,_
1207-0,BOI019,1207,1207,1,dopo,dopo,dopo,ADV,_
1207-1,BOI019,1207,1207,2,che,che,che,SCONJ,_
1207-2,BOI019,1207,1207,3,c~,c~,c~,PROPN,Interrupted=Yes
1207-3,BOI019,1207,1207,4,dopo,dopo,dopo,ADV,_
1207-4,BOI019,1207,1207,5,che,che,che,SCONJ,_
1207-5,BOI019,1207,1207,6,sono,sono,essere,AUX,_
1207-6,BOI019,1207,1207,7,esistite,esistite,esistire,VERB,_
1208-0,BOI019,1208,1208,1,ma,ma,ma,CCONJ,_
1208-1,BOI019,1208,1208,2,l',l',il,DET,SpaceAfter=No
1208-2,BOI019,1208,1208,3,ignoranza,ignoranza,ignoranza,NOUN,_
1208-3,BOI019,1208,1208,4,è,è,essere,AUX,_
1208-4,BOI019,1208,1208,5,una,una,uno,DET,_
1208-5,BOI019,1208,1208,6,gran,gran,grande,ADJ,_
1208-6,BOI019,1208,1208,7,brutta,brutta,brutto,ADJ,_
1208-7,BOI019,1208,1208,8,cosa,cosa,cosa,NOUN,_
1208-8,BOI019,1208,1208,9,tesoro,tesoro,tesorare,VERB,_
1208-9,BOI019,1208,1208,10,io,io,io,PRON,_
1208-10,BOI019,1208,1208,11,ti,ti,ti,PRON,_
1208-11,BOI019,1208,1208,12,dico,dico,dire,VERB,_
1208-12,BOI019,1208,1208,13,noi,noi,noi,PRON,_
1208-13,BOI019,1208,1208,14,eravamo,eravamo,essere,AUX,_
1208-14,BOI019,1208,1208,15,in,in,in,ADP,_
1208-15,BOI019,1208,1208,16,due,due,due,NUM,_
1208-16,BOI019,1208,1208,17,io,io,io,PRON,_
1208-17,BOI019,1208,1208,18,e,e,e,CCONJ,_
1208-18,BOI019,1208,1208,19,mio,mio,mio,DET,_
1208-19,BOI019,1208,1208,20,marito,marito,marito,NOUN,_
1208-20,BOI019,1208,1208,21,che,che,che,PRON,_
1208-21,BOI019,1208,1208,22,avevamo,avevamo,avere,AUX,_
1208-22,BOI019,1208,1208,23,fatto,fatto,fare,VERB,_
1208-23,BOI019,1208,1208,24,le,le,il,DET,_
1208-24,BOI019,1208,1208,25,scuole,scuole,scuola,NOUN,_
1208-25,BOI019,1208,1208,26,superiori,superiori,superiore,ADJ,_
1209-0,BOI019,1209,1209,1,non,non,non,ADV,_
1209-1,BOI019,1209,1209,2,sapevamo,sapevamo,sapere,VERB,_
1209-2,BOI019,1209,1209,3,niente,niente,niente,PRON,_
1210-0,BOI019,1210,1210,1,siamo,siamo,essere,AUX,_
1210-1,BOI019,1210,1210,2,andati,andati,andare,VERB,_
1210-2,BOI019,1210,1210,3,a,a,a,ADP,_
1210-3,BOI019,1210,1210,4,"vedere,",vedere,vedere,VERB,Intonation=weakly_rising
1210-4,BOI019,1210,1210,5,a,a,a,ADP,_
1210-5,BOI019,1210,1210,6,"vedere,",vedere,vedere,VERB,Intonation=weakly_rising
1210-6,BOI019,1210,1210,7,a,a,a,ADP,_
1210-7,BOI019,1210,1210,8,vedere,vedere,vedere,VERB,_
1211-0,BOI019,1211,1211,1,tutti,tutti,tutto,PRON,_
1211-1,BOI019,1211,1211,2,questi,questi,questo,PRON,_
1211-2,BOI019,1211,1211,3,{P},{P},_,_,_
1211-3,BOI019,1211,1211,4,e,e,e,CCONJ,_
1211-4,BOI019,1211,1211,5,quando,quando,quando,SCONJ,_
1211-5,BOI019,1211,1211,6,abbiam,abbiam,abbiam,X,_
1211-6,BOI019,1211,1211,7,visto,visto,vedere,VERB,_
1211-7,BOI019,1211,1211,8,aushwitz,aushwitz,aushwitz,NOUN,_
1211-8,BOI019,1211,1211,9,già,già,già,ADV,_
1212-0,BOI019,1212,1212,1,arrivare,arrivare,arrivare,VERB,_
1212-1,BOI019,1212,1212,2,ad,ad,a,ADP,_
1212-2,BOI019,1212,1212,3,aushwitz,aushwitz,aushwitz,NOUN,_
1213-0,BOI019,1213,1213,1,n~,n~,n~,PROPN,Interrupted=Yes
1213-1,BOI019,1213,1213,2,non,non,non,ADV,_
1213-2,BOI019,1213,1213,3,non,non,non,ADV,_
1213-3,BOI019,1213,1213,4,non,non,non,ADV,_
1213-4,BOI019,1213,1213,5,si,si,si,PRON,_
1213-5,BOI019,1213,1213,6,trovava,trovava,trovare,VERB,_
1213-6,BOI019,1213,1213,7,la,la,il,DET,_
1213-7,BOI019,1213,1213,8,strada,strada,strada,NOUN,_
1213-8,BOI019,1213,1213,9,perché,perché,perché,SCONJ,_
1213-9,BOI019,1213,1213,10,neanche,neanche,neanche,ADV,_
1213-10,BOI019,1213,1213,11,i,i,il,DET,_
1213-11,BOI019,1213,1213,12,polacchi,polacchi,polacco,NOUN,_
1213-12,BOI019,1213,1213,13,ti,ti,ti,PRON,_
1213-13,BOI019,1213,1213,14,dicevano,dicevano,dire,VERB,_
1213-14,BOI019,1213,1213,15,dov',dov',dove,ADV,SpaceAfter=No
1213-15,BOI019,1213,1213,16,era,era,essere,AUX,_
1213-16,BOI019,1213,1213,17,anche,anche,anche,ADV,_
1213-17,BOI019,1213,1213,18,quello,quello,quello,PRON,_
1214-0,BOI019,1214,1214,1,una,una,uno,DET,_
1214-1,BOI019,1214,1214,2,certa,certa,certo,ADJ,_
1214-2,BOI019,1214,1214,3,riluttanza,riluttanza,riluttanza,NOUN,_
1215-0,BOI019,1215,1215,1,di,di,di,ADP,_
1215-1,BOI019,1215,1215,2,farti,farti,farto,NOUN,_
1215-2,BOI019,1215,1215,3,di,di,di,ADP,_
1215-3,BOI019,1215,1215,4,farti,farti,farto,NOUN,_
1215-4,BOI019,1215,1215,5,vedere,vedere,vedere,VERB,_
1215-5,BOI019,1215,1215,6,le,le,il,DET,_
1215-6,BOI019,1215,1215,7,cose,cose,cosa,NOUN,_
1216-0,BOR005,1216,1216,1,imma[gino],immagino,immagino,NOUN,_
1217-0,BOI019,1217,1217,1,[ma,ma,ma,CCONJ,_
1217-1,BOI019,1217,1217,2,quando],quando,quando,SCONJ,_
1217-2,BOI019,1217,1217,3,quando,quando,quando,SCONJ,_
1217-3,BOI019,1217,1217,4,siamo,siamo,essere,AUX,_
1217-4,BOI019,1217,1217,5,andati,andati,andare,VERB,_
1217-5,BOI019,1217,1217,6,ad,ad,a,ADP,_
1217-6,BOI019,1217,1217,7,aushwitz,aushwitz,aushwitz,NOUN,_
1217-7,BOI019,1217,1217,8,che,che,che,PRON,_
1217-8,BOI019,1217,1217,9,abbiam,abbiam,abbiam,X,_
1217-9,BOI019,1217,1217,10,visto,visto,vedere,VERB,_
1217-10,BOI019,1217,1217,11,che,che,che,SCONJ,_
1217-11,BOI019,1217,1217,12,si,si,si,PRON,_
1217-12,BOI019,1217,1217,13,sentiva,sentiva,sentire,VERB,_
1217-13,BOI019,1217,1217,14,perfino,perfino,perfino,ADV,_
1218-0,BOI019,1218,1218,1,si,si,si,PRON,_
1218-1,BOI019,1218,1218,2,sentiva,sentiva,sentire,VERB,_
1218-2,BOI019,1218,1218,3,perfino,perfino,perfino,ADV,_
1218-3,BOI019,1218,1218,4,ancora,ancora,ancora,ADV,_
1218-4,BOI019,1218,1218,5,l',l',il,DET,SpaceAfter=No
1218-5,BOI019,1218,1218,6,odore,odore,odore,NOUN,_
1218-6,BOI019,1218,1218,7-8,della,della,_,_,_
1218-6a,_,_,1218,7,_,di,di,ADP,_
1218-6b,_,_,1218,8,_,la,il,DET,_
1218-7,BOI019,1218,1218,9,morte,morte,morte,NOUN,_
1219-0,BOI019,1219,1219,1,da,da,da,ADP,_
1219-1,BOI019,1219,1219,2,rimanere,rimanere,rimanere,VERB,_
1220-0,BOI019,1220,1220,1,da,da,da,ADP,_
1220-1,BOI019,1220,1220,2,rimaner,rimaner,rimanere,VERB,_
1220-2,BOI019,1220,1220,3,senza,senza,senza,ADP,_
1220-3,BOI019,1220,1220,4,parole,parole,parola,NOUN,_
1220-4,BOI019,1220,1220,5,[lì],lì,lì,ADV,_
1220-5,BOI019,1220,1220,6,lì,lì,lì,ADV,_
1221-0,BOR005,1221,1221,1,[mh],mh,mh,NOUN,_
1222-0,BOI019,1222,1222,1,lì,lì,lì,ADV,_
1222-1,BOI019,1222,1222,2,lì,lì,lì,ADV,_
1222-2,BOI019,1222,1222,3,si,si,si,PRON,_
1222-3,BOI019,1222,1222,4,rimane,rimane,rimanere,VERB,_
1222-4,BOI019,1222,1222,5,proprio,proprio,proprio,ADV,_
1222-5,BOI019,1222,1222,6,sen[za],senza,senza,ADP,_
1222-6,BOI019,1222,1222,7,parole,parole,parola,NOUN,_
1223-0,BOR005,1223,1223,1,[mh],mh,mh,NOUN,_
1224-0,BOR005,1224,1224,1,e,e,e,CCONJ,_
1224-1,BOR005,1224,1224,2,anpi,anpi,anpo,NOUN,_
1224-2,BOR005,1224,1224,3,sta,sta,stare,AUX,_
1224-3,BOR005,1224,1224,4,facendo,facendo,fare,VERB,_
1224-4,BOR005,1224,1224,5,anche,anche,anche,ADV,_
1224-5,BOR005,1224,1224,6-7,delle,delle,_,_,_
1224-5a,_,_,1224,6,_,di,di,ADP,_
1224-5b,_,_,1224,7,_,le,il,DET,_
1224-6,BOR005,1224,1224,8,attività,attività,attività,NOUN,_
1224-7,BOR005,1224,1224,9,per,per,per,ADP,_
1224-8,BOR005,1224,1224,10,portar,portar,portare,VERB,_
1224-9,BOR005,1224,1224,11,avanti,avanti,avanti,ADV,_
1224-10,BOR005,1224,1224,12,questa,questa,questo,DET,_
1224-11,BOR005,1224,1224,13,memoria?,memoria,memoria,NOUN,Intonation=rising
1225-0,BOI019,1225,1225,1,io,io,io,PRON,_
1225-1,BOI019,1225,1225,2,penso,penso,pensare,VERB,_
1225-2,BOI019,1225,1225,3,di,di,di,ADP,_
1225-3,BOI019,1225,1225,4,sì,sì,sì,ADV,_
1225-4,BOI019,1225,1225,5,io,io,io,PRON,_
1225-5,BOI019,1225,1225,6,penso,penso,pensare,VERB,_
1225-6,BOI019,1225,1225,7,di,di,di,ADP,_
1225-7,BOI019,1225,1225,8,sì,sì,sì,ADV,_
1226-0,BOI019,1226,1226,1,d',d',di,ADP,SpaceAfter=No
1226-1,BOI019,1226,1226,2,accordo,accordo,accordo,NOUN,_
1226-2,BOI019,1226,1226,3,con,con,con,ADP,_
1226-3,BOI019,1226,1226,4,gli,gli,il,DET,_
1226-4,BOI019,1226,1226,5,ex,ex,ex,ADJ,_
1226-5,BOI019,1226,1226,6,deportati,deportati,deportato,NOUN,_
1226-6,BOI019,1226,1226,7,perché,perché,perché,SCONJ,_
1227-0,BOI019,1227,1227,1,ecco,ecco,ecco,ADV,_
1228-0,BOR005,1228,1228,1,ce,ce,ce,PRON,_
1228-1,BOR005,1228,1228,2,ne,ne,ne,PRON,_
1228-2,BOR005,1228,1228,3,sono,sono,essere,AUX,_
1228-3,BOR005,1228,1228,4,ancora?,ancora,ancora,ADV,Intonation=rising
1229-0,BOI019,1229,1229,1,ci,ci,ci,PRON,_
1229-1,BOI019,1229,1229,2,sono,sono,essere,VERB,_
1229-2,BOI019,1229,1229,3,ancora?,ancora,ancora,ADV,Intonation=rising
1229-3,BOI019,1229,1229,4,{P},{P},_,_,_
1229-4,BOI019,1229,1229,5,non,non,non,ADV,_
1229-5,BOI019,1229,1229,6,lo,lo,lo,PRON,_
1229-6,BOI019,1229,1229,7,so,so,sapere,VERB,_
1229-7,BOI019,1229,1229,8,tesorio,tesorio,tesorio,ADJ,_
1229-8,BOI019,1229,1229,9,io,io,io,PRON,_
1229-9,BOI019,1229,1229,10,penso,penso,pensare,VERB,_
1229-10,BOI019,1229,1229,11,che,che,che,SCONJ,_
1230-0,BOI019,1230,1230,1,io,io,io,PRON,_
1230-1,BOI019,1230,1230,2,ho,ho,avere,AUX,_
1230-2,BOI019,1230,1230,3,avuto,avuto,avere,VERB,_
1230-3,BOI019,1230,1230,4,la,la,il,DET,_
1230-4,BOI019,1230,1230,5,fortuna,fortuna,fortuna,NOUN,_
1231-0,BOI019,1231,1231,1,di,di,di,ADP,_
1231-1,BOI019,1231,1231,2-3,incontrarne,incontrarne,_,_,_
1231-1a,_,_,1231,2,_,incontrar,incontrare,VERB,_
1231-1b,_,_,1231,3,_,ne,ne,PRON,_
1231-2,BOI019,1231,1231,4,uno,uno,uno,PRON,_
1231-3,BOI019,1231,1231,5,e,e,e,CCONJ,_
1231-4,BOI019,1231,1231,6,sono,sono,essere,AUX,_
1231-5,BOI019,1231,1231,7,andato,andato,andare,VERB,_
1231-6,BOI019,1231,1231,8,con,con,con,ADP,_
1231-7,BOI019,1231,1231,9,gli,gli,il,DET,_
1231-8,BOI019,1231,1231,10,ex,ex,ex,ADJ,_
1231-9,BOI019,1231,1231,11,deportati,deportati,deportato,NOUN,_
1231-10,BOI019,1231,1231,12,molte,molte,molto,DET,_
1231-11,BOI019,1231,1231,13,vol[te],volte,volta,NOUN,_
1232-0,BOR005,1232,1232,1,[mhmh],mhmh,mhmh,NOUN,_
1233-0,BOI019,1233,1233,1,sono,sono,essere,AUX,_
1233-1,BOI019,1233,1233,2,andata,andata,andare,VERB,_
1233-2,BOI019,1233,1233,3,molte,molte,molto,DET,_
1233-3,BOI019,1233,1233,4,volte,volte,volta,NOUN,_
1233-4,BOI019,1233,1233,5,e::hm,ehm,ehm,NOUN,_
1234-0,BOI019,1234,1234,1,e::,e,e,CCONJ,_
1234-1,BOI019,1234,1234,2,no,no,no,ADV,_
1234-2,BOI019,1234,1234,3,abbiam,abbiam,abbiam,NOUN,_
1234-3,BOI019,1234,1234,4,fatto,fatto,fare,VERB,_
1234-4,BOI019,1234,1234,5,con,con,con,ADP,_
1234-5,BOI019,1234,1234,6,loro,loro,loro,DET,_
1234-6,BOI019,1234,1234,7,mh,mh,mh,NOUN,_
1234-7,BOI019,1234,1234,8,a~,a~,a~,PROPN,Interrupted=Yes
1235-0,BOI019,1235,1235,1,privatamente,privatamente,privato,ADV,_
1235-1,BOI019,1235,1235,2,ma,ma,ma,CCONJ,_
1235-2,BOI019,1235,1235,3,anche,anche,anche,ADV,_
1235-3,BOI019,1235,1235,4,con,con,con,ADP,_
1235-4,BOI019,1235,1235,5,loro,loro,loro,PRON,_
1235-5,BOI019,1235,1235,6,tanti,tanti,tanto,DET,_
1235-6,BOI019,1235,1235,7,viaggi,viaggi,viagge,NOUN,_
1236-0,BOI019,1236,1236,1,anche,anche,anche,ADV,_
1236-1,BOI019,1236,1236,2,in,in,in,ADP,_
1236-2,BOI019,1236,1236,3,luoghi,luoghi,luogo,NOUN,_
1237-0,BOI019,1237,1237,1,dove,dove,dove,ADV,_
1237-1,BOI019,1237,1237,2,{P},{P},_,_,_
1237-2,BOI019,1237,1237,3,per,per,per,ADP,_
1237-3,BOI019,1237,1237,4,esempio,esempio,esempio,NOUN,_
1237-4,BOI019,1237,1237,5,n~,n~,n~,PROPN,Interrupted=Yes
1237-5,BOI019,1237,1237,6,n~,n~,n~,PROPN,Interrupted=Yes
1237-6,BOI019,1237,1237,7,non,non,non,ADV,_
1237-7,BOI019,1237,1237,8,sono,sono,essere,AUX,_
1237-8,BOI019,1237,1237,9,molto,molto,molto,ADV,_
1237-9,BOI019,1237,1237,10,note,note,noto,ADJ,_
1237-10,BOI019,1237,1237,11,queste,queste,questo,DET,_
1237-11,BOI019,1237,1237,12,testimonianze,testimonianze,testimonianza,NOUN,_
1237-12,BOI019,1237,1237,13,adesso,adesso,adesso,ADV,_
1237-13,BOI019,1237,1237,14,per,per,per,ADP,_
1237-14,BOI019,1237,1237,15,esempio,esempio,esempio,NOUN,_
1238-0,BOI019,1238,1238,1,ho,ho,avere,AUX,_
1238-1,BOI019,1238,1238,2,visto,visto,vedere,VERB,_
1238-2,BOI019,1238,1238,3,son,son,essere,AUX,_
1238-3,BOI019,1238,1238,4,venuti,venuti,venire,VERB,_
1238-4,BOI019,1238,1238,5,fuori,fuori,fuori,ADV,_
1238-5,BOI019,1238,1238,6,anche,anche,anche,ADV,_
1238-6,BOI019,1238,1238,7-8,dei,dei,_,_,_
1238-6a,_,_,1238,7,_,di,di,ADP,_
1238-6b,_,_,1238,8,_,i,il,DET,_
1238-7,BOI019,1238,1238,9,libri,libri,libro,NOUN,_
1239-0,BOI019,1239,1239,1-2,sulla,sulla,_,_,_
1239-0a,_,_,1239,1,_,su,su,ADP,_
1239-0b,_,_,1239,2,_,la,il,DET,_
1239-1,BOI019,1239,1239,3,musica,musica,musica,NOUN,_
1239-2,BOI019,1239,1239,4-5,nei,nei,_,_,_
1239-2a,_,_,1239,4,_,in,in,ADP,_
1239-2b,_,_,1239,5,_,i,il,DET,_
1239-3,BOI019,1239,1239,6,campi,campi,campo,NOUN,_
1239-4,BOI019,1239,1239,7,la,la,il,DET,_
1239-5,BOI019,1239,1239,8,musica,musica,musica,NOUN,_
1240-0,BOI019,1240,1240,1-2,nei,nei,_,_,_
1240-0a,_,_,1240,1,_,in,in,ADP,_
1240-0b,_,_,1240,2,_,i,il,DET,_
1240-1,BOI019,1240,1240,3,campi,campi,campo,NOUN,_
1241-0,BOI019,1241,1241,1,e,e,e,CCONJ,_
1241-1,BOI019,1241,1241,2,ti,ti,ti,PRON,_
1241-2,BOI019,1241,1241,3,posso,posso,potere,AUX,_
1241-3,BOI019,1241,1241,4,dire,dire,dire,VERB,_
1241-4,BOI019,1241,1241,5,per,per,per,ADP,_
1241-5,BOI019,1241,1241,6,esempio,esempio,esempio,NOUN,_
1242-0,BOI019,1242,1242,1,eh,eh,eh,INTJ,_
1242-1,BOI019,1242,1242,2,noi,noi,noi,PRON,_
1242-2,BOI019,1242,1242,3,eh,eh,eh,INTJ,_
1242-3,BOI019,1242,1242,4,sapevamo,sapevamo,sapere,VERB,_
1242-4,BOI019,1242,1242,5,già,già,già,ADV,_
1242-5,BOI019,1242,1242,6,di,di,di,ADP,_
1242-6,BOI019,1242,1242,7,teresin,teresin,teresine,NOUN,_
1243-0,BOI019,1243,1243,1,stad,stad,sta,ADP,_
1244-0,BOI019,1244,1244,1,teresin,teresin,teresino,ADP,_
1244-1,BOI019,1244,1244,2,stad,stad,stad,NOUN,_
1244-2,BOI019,1244,1244,3,e,e,e,CCONJ,_
1244-3,BOI019,1244,1244,4,siamo,siamo,essere,AUX,_
1244-4,BOI019,1244,1244,5,andati,andati,andare,VERB,_
1244-5,BOI019,1244,1244,6,a,a,a,ADP,_
1244-6,BOI019,1244,1244,7-8,visitarlo,visitarlo,_,_,_
1244-6a,_,_,1244,7,_,visitar,visitare,VERB,_
1244-6b,_,_,1244,8,_,lo,lo,PRON,_
1245-0,BOI019,1245,1245,1,anche,anche,anche,ADV,_
1245-1,BOI019,1245,1245,2,quello,quello,quello,PRON,_
1246-0,BOI019,1246,1246,1,che,che,che,SCONJ,_
1246-1,BOI019,1246,1246,2,tu,tu,tu,PRON,_
1246-2,BOI019,1246,1246,3,lo,lo,il,DET,_
1246-3,BOI019,1246,1246,4,visiti,visiti,visito,NOUN,_
1246-4,BOI019,1246,1246,5,andando,andando,andare,VERB,_
1246-5,BOI019,1246,1246,6,a,a,a,ADP,_
1246-6,BOI019,1246,1246,7,praga,praga,praga,NOUN,_
1247-0,BOI019,1247,1247,1,perché,perché,perché,SCONJ,_
1247-1,BOI019,1247,1247,2,è,è,essere,AUX,_
1247-2,BOI019,1247,1247,3,poco,poco,poco,ADV,_
1247-3,BOI019,1247,1247,4,distante,distante,distante,ADJ,_
1247-4,BOI019,1247,1247,5,da,da,da,ADP,_
1247-5,BOI019,1247,1247,6,praga,praga,praga,NOUN,_
1248-0,BOI019,1248,1248,1,ehm,ehm,ehm,NOUN,_
1248-1,BOI019,1248,1248,2,mi,mi,mi,PRON,_
1248-2,BOI019,1248,1248,3,ri~,ri~,ri~,PROPN,Interrupted=Yes
1248-3,BOI019,1248,1248,4,ci,ci,ci,PRON,_
1248-4,BOI019,1248,1248,5,sono,sono,essere,AUX,_
1248-5,BOI019,1248,1248,6,andata,andata,andare,VERB,_
1248-6,BOI019,1248,1248,7,con,con,con,ADP,_
1248-7,BOI019,1248,1248,8,gli,gli,il,DET,_
1248-8,BOI019,1248,1248,9,ex,ex,ex,ADJ,_
1248-9,BOI019,1248,1248,10,deportati,deportati,deportato,NOUN,_
1249-0,BOI019,1249,1249,1,se,se,se,SCONJ,_
1249-1,BOI019,1249,1249,2,tu,tu,tu,PRON,_
1249-2,BOI019,1249,1249,3,vedi,vedi,vedere,VERB,_
1249-3,BOI019,1249,1249,4,quello,quello,quello,PRON,_
1249-4,BOI019,1249,1249,5,era,era,essere,AUX,_
1250-0,BOI019,1250,1250,1,adesso,adesso,adesso,ADV,_
1250-1,BOI019,1250,1250,2,magari,magari,magari,ADV,_
1251-0,BOI019,1251,1251,1,dicono,dicono,dire,VERB,_
1251-1,BOI019,1251,1251,2,che,che,che,SCONJ,_
1251-2,BOI019,1251,1251,3,era,era,essere,AUX,_
1251-3,BOI019,1251,1251,4,era,era,essere,AUX,_
1251-4,BOI019,1251,1251,5,stato,stato,essere,AUX,_
1251-5,BOI019,1251,1251,6,un,un,uno,DET,_
1251-6,BOI019,1251,1251,7,campo,campo,campo,NOUN,_
1251-7,BOI019,1251,1251,8,di,di,di,ADP,_
1251-8,BOI019,1251,1251,9,concentramento,concentramento,concentramento,NOUN,_
1251-9,BOI019,1251,1251,10,per,per,per,ADP,_
1251-10,BOI019,1251,1251,11,la,la,il,DET,_
1251-11,BOI019,1251,1251,12,pri~,pri~,pri~,PROPN,Interrupted=Yes
1251-12,BOI019,1251,1251,13,prima,prima,primo,ADJ,_
1251-13,BOI019,1251,1251,14,guerra,guerra,guerra,NOUN,_
1251-14,BOI019,1251,1251,15,mondiale,mondiale,mondiale,ADJ,_
1252-0,BOI019,1252,1252,1,ma,ma,ma,CCONJ,_
1252-1,BOI019,1252,1252,2,m:h,mh,mh,ADV,_
1252-2,BOI019,1252,1252,3,era,era,essere,AUX,_
1252-3,BOI019,1252,1252,4,veramente,veramente,veramente,ADV,_
1252-4,BOI019,1252,1252,5,un,un,uno,DET,_
1252-5,BOI019,1252,1252,6,villaggio,villaggio,villaggio,NOUN,_
1252-6,BOI019,1252,1252,7,era,era,essere,AUX,_
1252-7,BOI019,1252,1252,8,m::h,mh,mh,NOUN,_
1253-0,BOI019,1253,1253,1,perché,perché,perché,SCONJ,_
1253-1,BOI019,1253,1253,2,si,si,si,PRON,_
1253-2,BOI019,1253,1253,3,chiama,chiama,chiamare,VERB,_
1253-3,BOI019,1253,1253,4,terezin?,terezin,terezin,X,Intonation=rising
1254-0,BOI019,1254,1254,1,perché,perché,perché,SCONJ,_
1254-1,BOI019,1254,1254,2,eh,eh,eh,INTJ,_
1254-2,BOI019,1254,1254,3,perché::,perché,perché,SCONJ,_
1255-0,BOI019,1255,1255,1,teresa,teresa,teresa,NOUN,_
1255-1,BOI019,1255,1255,2,d',d',di,ADP,SpaceAfter=No
1255-2,BOI019,1255,1255,3,austria,austria,austria,NOUN,_
1255-3,BOI019,1255,1255,4,l',l',il,DET,SpaceAfter=No
1255-4,BOI019,1255,1255,5,imperatrice,imperatrice,imperatore,NOUN,_
1255-5,BOI019,1255,1255,6,teresa,teresa,tereso,ADJ,_
1255-6,BOI019,1255,1255,7,d',d',di,ADP,SpaceAfter=No
1255-7,BOI019,1255,1255,8,austria,austria,austria,NOUN,_
1256-0,BOI019,1256,1256,1,attra~,attra~,attra~,PROPN,Interrupted=Yes
1256-1,BOI019,1256,1256,2,m:h,mh,mh,NOUN,_
1256-2,BOI019,1256,1256,3,e::h,eh,eh,NOUN,_
1256-3,BOI019,1256,1256,4,andava,andava,andare,VERB,_
1256-4,BOI019,1256,1256,5,a,a,a,ADP,_
1256-5,BOI019,1256,1256,6,trascorrere,trascorrere,trascorrere,VERB,_
1256-6,BOI019,1256,1256,7,le,le,il,DET,_
1256-7,BOI019,1256,1256,8,sue,sue,suo,DET,_
1256-8,BOI019,1256,1256,9,vacanze,vacanze,vacanza,NOUN,_
1256-9,BOI019,1256,1256,10,in,in,in,ADP,_
1256-10,BOI019,1256,1256,11,quel,quel,quello,DET,_
1256-11,BOI019,1256,1256,12,luogo,luogo,luogo,NOUN,_
1257-0,BOI019,1257,1257,1,ed,ed,e,CCONJ,_
1257-1,BOI019,1257,1257,2,era,era,essere,AUX,_
1257-2,BOI019,1257,1257,3,un,un,uno,DET,_
1257-3,BOI019,1257,1257,4,luogo,luogo,luogo,NOUN,_
1257-4,BOI019,1257,1257,5,{P},{P},_,_,_
1257-5,BOI019,1257,1257,6,costruito,costruito,costruire,VERB,_
1257-6,BOI019,1257,1257,7,proprio,proprio,proprio,ADV,_
1258-0,BOI019,1258,1258,1,e::h,eh,eh,INTJ,_
1258-1,BOI019,1258,1258,2,su,su,su,ADP,_
1258-2,BOI019,1258,1258,3,suo,suo,suo,DET,_
1258-3,BOI019,1258,1258,4,ordine,ordine,ordine,NOUN,_
1259-0,BOI019,1259,1259,1,che,che,che,SCONJ,_
1259-1,BOI019,1259,1259,2,doveva,doveva,dovere,AUX,_
1259-2,BOI019,1259,1259,3,avere,avere,avere,VERB,_
1260-0,BOI019,1260,1260,1,doveva,doveva,dovere,AUX,_
1260-1,BOI019,1260,1260,2,avere,avere,avere,VERB,_
1261-0,BOI019,1261,1261,1,e::h,eh,eh,INTJ,_
1261-1,BOI019,1261,1261,2,il,il,il,DET,_
1261-2,BOI019,1261,1261,3,m::h,mh,mh,NOUN,_
1261-3,BOI019,1261,1261,4,il,il,il,DET,_
1261-4,BOI019,1261,1261,5,luogo,luogo,luogo,NOUN,_
1261-5,BOI019,1261,1261,6-7,del,del,_,_,_
1261-5a,_,_,1261,6,_,di,di,ADP,_
1261-5b,_,_,1261,7,_,il,il,DET,_
1261-6,BOI019,1261,1261,8,"sarto,",sarto,sarto,NOUN,Intonation=weakly_rising
1261-7,BOI019,1261,1261,9-10,del,del,_,_,_
1261-7a,_,_,1261,9,_,di,di,ADP,_
1261-7b,_,_,1261,10,_,il,il,DET,_
1261-8,BOI019,1261,1261,11,calzolaio,calzolaio,calzolaio,NOUN,_
1261-9,BOI019,1261,1261,12,doveva,doveva,dovere,AUX,_
1261-10,BOI019,1261,1261,13,avere,avere,avere,VERB,_
1262-0,BOI019,1262,1262,1,tutto,tutto,tutto,PRON,_
1262-1,BOI019,1262,1262,2,perché,perché,perché,SCONJ,_
1262-2,BOI019,1262,1262,3,lei,lei,lei,PRON,_
1262-3,BOI019,1262,1262,4,quando,quando,quando,SCONJ,_
1262-4,BOI019,1262,1262,5,rimaneva,rimaneva,rimanere,VERB,_
1262-5,BOI019,1262,1262,6,là,là,là,ADV,_
1263-0,BOI019,1263,1263,1,voleva,voleva,volere,VERB,_
1263-1,BOI019,1263,1263,2,tutte,tutte,tutto,DET,_
1263-2,BOI019,1263,1263,3,queste,queste,questo,DET,_
1263-3,BOI019,1263,1263,4,presenze,presenze,presenza,NOUN,_
1264-0,BOI019,1264,1264,1,quindi,quindi,quindi,ADV,_
1264-1,BOI019,1264,1264,2,c',c',ci,PRON,SpaceAfter=No
1264-2,BOI019,1264,1264,3,è,è,essere,VERB,_
1264-3,BOI019,1264,1264,4,era,era,era,ADV,_
1264-4,BOI019,1264,1264,5,come,come,come,ADP,_
1264-5,BOI019,1264,1264,6,un,un,uno,DET,_
1264-6,BOI019,1264,1264,7,villaggio,villaggio,villaggio,NOUN,_
1265-0,BOI019,1265,1265,1,terezin,terezin,terezin,X,_
1265-1,BOI019,1265,1265,2,stad,stad,stad,X,_
1265-2,BOI019,1265,1265,3,si,si,si,PRON,_
1265-3,BOI019,1265,1265,4,chiama,chiama,chiamare,VERB,_
1266-0,BOI019,1266,1266,1,>era,era,essere,AUX,_
1266-1,BOI019,1266,1266,2,come<,come,come,ADV,_
1266-2,BOI019,1266,1266,3,{P},{P},_,_,_
1266-3,BOI019,1266,1266,4,dopo,dopo,dopo,ADV,_
1266-4,BOI019,1266,1266,5,han,han,avere,AUX,_
1266-5,BOI019,1266,1266,6,detto,detto,dire,VERB,_
1266-6,BOI019,1266,1266,7,che,che,che,SCONJ,_
1266-7,BOI019,1266,1266,8,era,era,essere,AUX,_
1266-8,BOI019,1266,1266,9,diventato,diventato,diventare,VERB,_
1266-9,BOI019,1266,1266,10,anche,anche,anche,ADV,_
1267-0,BOI019,1267,1267,1,un,un,uno,DET,_
1267-1,BOI019,1267,1267,2,campo,campo,campo,NOUN,_
1267-2,BOI019,1267,1267,3,di,di,di,ADP,_
1267-3,BOI019,1267,1267,4,concentramento,concentramento,concentramento,NOUN,_
1267-4,BOI019,1267,1267,5,per,per,per,ADP,_
1267-5,BOI019,1267,1267,6,la,la,il,DET,_
1267-6,BOI019,1267,1267,7,qui,qui,qui,ADV,_
1267-7,BOI019,1267,1267,8,prima,prima,primo,ADJ,_
1267-8,BOI019,1267,1267,9,guerra,guerra,guerra,NOUN,_
1267-9,BOI019,1267,1267,10,mondiale,mondiale,mondiale,ADJ,_
1267-10,BOI019,1267,1267,11,ma,ma,ma,CCONJ,_
1267-11,BOI019,1267,1267,12,la,la,il,DET,_
1267-12,BOI019,1267,1267,13,seconda,seconda,secondo,ADJ,_
1267-13,BOI019,1267,1267,14,guerra,guerra,guerra,NOUN,_
1267-14,BOI019,1267,1267,15,mondiale,mondiale,mondiale,ADJ,_
1267-15,BOI019,1267,1267,16,chi,chi,chi,PRON,_
1267-16,BOI019,1267,1267,17,c',c',ci,PRON,SpaceAfter=No
1267-17,BOI019,1267,1267,18,era,era,essere,VERB,_
1267-18,BOI019,1267,1267,19,lì?,lì,lì,ADV,Intonation=rising
1268-0,BOI019,1268,1268,1,lì,lì,lì,ADV,_
1268-1,BOI019,1268,1268,2,c',c',ci,PRON,SpaceAfter=No
1268-2,BOI019,1268,1268,3,era,era,essere,VERB,_
1269-0,BOI019,1269,1269,1,tut~,tut~,tut~,PROPN,Interrupted=Yes
1269-1,BOI019,1269,1269,2,erano,erano,essere,AUX,_
1269-2,BOI019,1269,1269,3,tutti,tutti,tutti,PRON,_
1269-3,BOI019,1269,1269,4,artisti,artisti,artista,NOUN,_
1270-0,BOI019,1270,1270,1,soprattutto,soprattutto,soprattutto,ADV,_
1270-1,BOI019,1270,1270,2,musicisti,musicisti,musicista,NOUN,_
1270-2,BOI019,1270,1270,3,ma,ma,ma,CCONJ,_
1270-3,BOI019,1270,1270,4,anche,anche,anche,ADV,_
1271-0,BOI019,1271,1271,1,anche,anche,anche,ADV,_
1271-1,BOI019,1271,1271,2,"pittori,",pittori,pittore,NOUN,Intonation=weakly_rising
1271-2,BOI019,1271,1271,3,"fotografi,",fotografi,fotografio,ADJ,Intonation=weakly_rising
1272-0,BOI019,1272,1272,1,tutti,tutti,tutto,PRON,_
1272-1,BOI019,1272,1272,2,eh,eh,eh,INTJ,_
1272-2,BOI019,1272,1272,3,{P},{P},_,_,_
1272-3,BOI019,1272,1272,4,perché,perché,perché,SCONJ,_
1273-0,BOI019,1273,1273,1,e::h,eh,eh,NOUN,_
1273-1,BOI019,1273,1273,2,eh,eh,eh,NOUN,_
1273-2,BOI019,1273,1273,3,hitler,hitler,hitler,ADP,_
1273-3,BOI019,1273,1273,4,pe~,pe~,pe~,PROPN,Interrupted=Yes
1273-4,BOI019,1273,1273,5,pensa,pensa,pensare,VERB,_
1273-5,BOI019,1273,1273,6,pensa,pensa,pensare,VERB,_
1273-6,BOI019,1273,1273,7,te,te,te,PRON,_
1274-0,BOI019,1274,1274,1,com',com',come,SCONJ,SpaceAfter=No
1274-1,BOI019,1274,1274,2,"erano,",erano,essere,AUX,Intonation=weakly_rising
1274-2,BOI019,1274,1274,3,ma,ma,ma,CCONJ,_
1274-3,BOI019,1274,1274,4,che,che,che,DET,_
1274-4,BOI019,1274,1274,5,gente,gente,gente,NOUN,_
1274-5,BOI019,1274,1274,6,{inspira},{inspira},_,_,_
1275-0,BOI019,1275,1275,1,mh,mh,mh,INTJ,_
1275-1,BOI019,1275,1275,2,daffa~,daffa~,daffa~,PROPN,Interrupted=Yes
1275-2,BOI019,1275,1275,3,era,era,essere,AUX,_
1275-3,BOI019,1275,1275,4,uno,uno,uno,DET,_
1275-4,BOI019,1275,1275,5,specchietto,specchietto,specchietto,NOUN,_
1275-5,BOI019,1275,1275,6-7,delle,delle,_,_,_
1275-5a,_,_,1275,6,_,di,di,ADP,_
1275-5b,_,_,1275,7,_,le,il,DET,_
1275-6,BOI019,1275,1275,8,allodole,allodole,allodola,NOUN,_
1275-7,BOI019,1275,1275,9,praticamente,praticamente,pratico,ADV,_
1276-0,BOI019,1276,1276,1,per,per,per,ADP,_
1276-1,BOI019,1276,1276,2,la,la,il,DET,_
1276-2,BOI019,1276,1276,3,croce,croce,croce,NOUN,_
1276-3,BOI019,1276,1276,4,rossa,rossa,rosso,ADJ,_
1277-0,BOI019,1277,1277,1,dovevano,dovevano,dovere,AUX,_
1277-1,BOI019,1277,1277,2,andare,andare,andare,VERB,_
1277-2,BOI019,1277,1277,3,a,a,a,ADP,_
1277-3,BOI019,1277,1277,4,vedere,vedere,vedere,VERB,_
1278-0,BOI019,1278,1278,1,come,come,come,ADV,_
1278-1,BOI019,1278,1278,2,tra,tra,tra,ADP,_
1279-0,BOI019,1279,1279,1,come,come,come,ADV,_
1279-1,BOI019,1279,1279,2,trattavano,trattavano,trattare,VERB,_
1279-2,BOI019,1279,1279,3,bene,bene,bene,ADV,_
1280-0,BOI019,1280,1280,1,trattavano,trattavano,trattare,VERB,_
1280-1,BOI019,1280,1280,2,bene,bene,bene,ADV,_
1281-0,BOI019,1281,1281,1,i,i,il,DET,_
1281-1,BOI019,1281,1281,2,loro,loro,loro,DET,_
1281-2,BOI019,1281,1281,3,prigionieri,prigionieri,prigioniere,NOUN,_
1282-0,BOI019,1282,1282,1,doveva,doveva,dovere,AUX,_
1282-1,BOI019,1282,1282,2-3,farlo,farlo,_,_,_
1282-1a,_,_,1282,2,_,far,fare,VERB,_
1282-1b,_,_,1282,3,_,lo,lo,PRON,_
1282-2,BOI019,1282,1282,4,vedere,vedere,vedere,VERB,_
1282-3,BOI019,1282,1282,5-6,alla,alla,_,_,_
1282-3a,_,_,1282,5,_,a,a,ADP,_
1282-3b,_,_,1282,6,_,la,il,DET,_
1282-4,BOI019,1282,1282,7,croce,croce,croce,NOUN,_
1282-5,BOI019,1282,1282,8,rossa,rossa,rosso,ADJ,_
1283-0,BOI019,1283,1283,1,la,la,il,DET,_
1283-1,BOI019,1283,1283,2,la,la,il,DET,_
1283-2,BOI019,1283,1283,3,croce,croce,croce,NOUN,_
1283-3,BOI019,1283,1283,4,"rossal,a","rossal,a",_,_,_
1283-4,BOI019,1283,1283,5,croce,croce,croce,NOUN,_
1283-5,BOI019,1283,1283,6,anche,anche,anche,ADV,_
1283-6,BOI019,1283,1283,7,internazionale,internazionale,internazionale,ADJ,_
1283-7,BOI019,1283,1283,8,comunque,comunque,comunque,ADV,_
1283-8,BOI019,1283,1283,9,{P},{P},_,_,_
1283-9,BOI019,1283,1283,10,la,la,il,DET,_
1283-10,BOI019,1283,1283,11,croce,croce,croce,NOUN,_
1283-11,BOI019,1283,1283,12,rossa,rossa,rosso,ADJ,_
1284-0,BOI019,1284,1284,1,dovevano,dovevano,dovere,AUX,_
1284-1,BOI019,1284,1284,2,andar,andar,andare,VERB,_
1284-2,BOI019,1284,1284,3,a,a,a,ADP,_
1284-3,BOI019,1284,1284,4,vedere,vedere,vedere,VERB,_
1284-4,BOI019,1284,1284,5,com',com',come,SCONJ,SpaceAfter=No
1284-5,BOI019,1284,1284,6,erano,erano,essere,AUX,_
1284-6,BOI019,1284,1284,7,trattati,trattati,trattare,VERB,_
1284-7,BOI019,1284,1284,8,bene,bene,bene,ADV,_
1285-0,BOI019,1285,1285,1,da,da,da,ADP,_
1285-1,BOI019,1285,1285,2,hitler,hitler,hitlere,VERB,_
1285-2,BOI019,1285,1285,3,i,i,il,DET,_
1285-3,BOI019,1285,1285,4,prigionieri,prigionieri,prigioniero,NOUN,_
1286-0,BOI019,1286,1286,1,che,che,che,SCONJ,_
1286-1,BOI019,1286,1286,2,poi,poi,poi,ADV,_
1287-0,BOI019,1287,1287,1,pensa,pensa,pensare,VERB,_
1288-0,BOI019,1288,1288,1,pensa,pensa,pensare,VERB,_
1288-1,BOI019,1288,1288,2,la,la,il,DET,_
1288-2,BOI019,1288,1288,3,doppia,doppia,doppio,ADJ,_
1288-3,BOI019,1288,1288,4,ragione,ragione,ragione,NOUN,_
1289-0,BOI019,1289,1289,1,lì,lì,lì,ADV,_
1289-1,BOI019,1289,1289,2,aveva,aveva,avere,AUX,_
1289-2,BOI019,1289,1289,3,messo,messo,medere,VERB,_
1290-0,BOI019,1290,1290,1-2,dai,dai,_,_,_
1290-0a,_,_,1290,1,_,da,da,ADP,_
1290-0b,_,_,1290,2,_,i,il,DET,_
1290-1,BOI019,1290,1290,3,musicisti,musicisti,musicista,NOUN,_
1290-2,BOI019,1290,1290,4,da,da,da,ADP,_
1291-0,BOI019,1291,1291,1,che,che,che,SCONJ,_
1291-1,BOI019,1291,1291,2-3,nel,nel,_,_,_
1291-1a,_,_,1291,2,_,in,in,ADP,_
1291-1b,_,_,1291,3,_,il,il,DET,_
1291-2,BOI019,1291,1291,4,frattempo,frattempo,frattempo,NOUN,_
1292-0,BOI019,1292,1292,1,dovevano,dovevano,dovere,AUX,_
1292-1,BOI019,1292,1292,2,anche,anche,anche,ADV,_
1292-2,BOI019,1292,1292,3,lavorare,lavorare,lavorare,VERB,_
1292-3,BOI019,1292,1292,4,cioè,cioè,cioè,ADV,_
1293-0,BOI019,1293,1293,1,comporre,comporre,comporre,VERB,_
1293-1,BOI019,1293,1293,2-3,della,della,_,_,_
1293-1a,_,_,1293,2,_,di,di,ADP,_
1293-1b,_,_,1293,3,_,la,il,DET,_
1293-2,BOI019,1293,1293,4,musica,musica,musica,NOUN,_
1294-0,BOI019,1294,1294,1,e::h,eh,eh,ADV,_
1294-1,BOI019,1294,1294,2,fare,fare,fare,VERB,_
1294-2,BOI019,1294,1294,3-4,delle,delle,_,_,_
1294-2a,_,_,1294,3,_,di,di,ADP,_
1294-2b,_,_,1294,4,_,le,il,DET,_
1294-3,BOI019,1294,1294,5,"pitture,",pitture,pittura,NOUN,Intonation=weakly_rising
1295-0,BOI019,1295,1295,1,fa,fa,fare,VERB,_
1295-1,BOI019,1295,1295,2,i,i,il,DET,_
1296-0,BOI019,1296,1296,1,dovevano,dovevano,dovere,AUX,_
1296-1,BOI019,1296,1296,2,anche,anche,anche,ADV,_
1296-2,BOI019,1296,1296,3,lavorare,lavorare,lavorare,VERB,_
1296-3,BOI019,1296,1296,4,cioè,cioè,cioè,ADV,_
1297-0,BOI019,1297,1297,1,dare,dare,dare,VERB,_
1298-0,BOI019,1298,1298,1-2,delle,delle,_,_,_
1298-0a,_,_,1298,1,_,di,di,ADP,_
1298-0b,_,_,1298,2,_,le,il,DET,_
1298-1,BOI019,1298,1298,3,opere,opere,opera,NOUN,_
1299-0,BOI019,1299,1299,1,perché,perché,perché,SCONJ,_
1299-1,BOI019,1299,1299,2,poi,poi,poi,ADV,_
1299-2,BOI019,1299,1299,3,praga,praga,praga,NOUN,_
1299-3,BOI019,1299,1299,4,sarebbe,sarebbe,essere,AUX,_
1299-4,BOI019,1299,1299,5,diventata,diventata,diventare,VERB,_
1300-0,BOI019,1300,1300,1,la,la,il,DET,_
1300-1,BOI019,1300,1300,2,grande,grande,grande,ADJ,_
1300-2,BOI019,1300,1300,3,capitale,capitale,capitale,NOUN,_
1300-3,BOI019,1300,1300,4,culturale,culturale,culturale,ADJ,_
1300-4,BOI019,1300,1300,5-6,dell',dell',_,_,SpaceAfter=No
1300-4a,_,_,1300,5,_,di,di,ADP,_
1300-4b,_,_,1300,6,_,l',il,DET,_
1300-5,BOI019,1300,1300,7,impero,impero,impero,NOUN,_
1301-0,BOI019,1301,1301,1,tedesco,tedesco,tedesco,ADJ,_
1301-1,BOI019,1301,1301,2-3,nel,nel,_,_,_
1301-1a,_,_,1301,2,_,in,in,ADP,_
1301-1b,_,_,1301,3,_,il,il,DET,_
1301-2,BOI019,1301,1301,4-5,nel,nel,_,_,_
1301-2a,_,_,1301,4,_,in,in,ADP,_
1301-2b,_,_,1301,5,_,il,il,DET,_
1301-3,BOI019,1301,1301,6-7,nella,nella,_,_,_
1301-3a,_,_,1301,6,_,in,in,ADP,_
1301-3b,_,_,1301,7,_,la,il,DET,_
1301-4,BOI019,1301,1301,8,mente,mente,mente,NOUN,_
1301-5,BOI019,1301,1301,9,di,di,di,ADP,_
1301-6,BOI019,1301,1301,10,hitler,hitler,hitlere,VERB,_
1302-0,BOI019,1302,1302,1,capito?,capito,capere,VERB,Intonation=rising
1303-0,BOI019,1303,1303,1,che,che,che,SCONJ,_
1303-1,BOI019,1303,1303,2,praga,praga,praere,VERB,_
1303-2,BOI019,1303,1303,3,era,era,essere,AUX,_
1303-3,BOI019,1303,1303,4,veramente,veramente,veramente,ADV,_
1303-4,BOI019,1303,1303,5,è,è,essere,AUX,_
1303-5,BOI019,1303,1303,6,è,è,essere,AUX,_
1303-6,BOI019,1303,1303,7,una,una,uno,DET,_
1303-7,BOI019,1303,1303,8,città,città,città,NOUN,_
1303-8,BOI019,1303,1303,9,bellissima,bellissima,belle,ADJ,_
1303-9,BOI019,1303,1303,10,eh,eh,eh,INTJ,_
1303-10,BOI019,1303,1303,11,da,da,da,ADP,_
1303-11,BOI019,1303,1303,12,da,da,da,ADP,_
1303-12,BOI019,1303,1303,13,vede~,vede~,vede~,PROPN,Interrupted=Yes
1303-13,BOI019,1303,1303,14,da,da,da,ADP,_
1303-14,BOI019,1303,1303,15,vedere,vedere,vedere,VERB,_
1303-15,BOI019,1303,1303,16,proprio,proprio,proprio,ADV,_
1304-0,BOI019,1304,1304,1,lì,lì,lì,ADV,_
1304-1,BOI019,1304,1304,2,c',c',ci,PRON,SpaceAfter=No
1304-2,BOI019,1304,1304,3,è,è,essere,VERB,_
1304-3,BOI019,1304,1304,4,proprio,proprio,proprio,ADV,_
1304-4,BOI019,1304,1304,5,tutto,tutto,tutto,PRON,_
1304-5,BOI019,1304,1304,6,partendo,partendo,partire,VERB,_
1304-6,BOI019,1304,1304,7-8,dal,dal,_,_,_
1304-6a,_,_,1304,7,_,da,da,ADP,_
1304-6b,_,_,1304,8,_,il,il,DET,_
1304-7,BOI019,1304,1304,9,"medioevo,",medioevo,medioevo,NOUN,Intonation=weakly_rising
1304-8,BOI019,1304,1304,10,rinascimento,rinascimento,rinascimento,NOUN,_
1305-0,BOI019,1305,1305,1,che,che,che,SCONJ,_
1305-1,BOI019,1305,1305,2,anche,anche,anche,ADV,_
1305-2,BOI019,1305,1305,3,lì,lì,lì,ADV,_
1306-0,BOI019,1306,1306,1,c',c',ci,PRON,SpaceAfter=No
1306-1,BOI019,1306,1306,2,è,è,essere,VERB,_
1306-2,BOI019,1306,1306,3,tanta,tanta,tanto,DET,_
1306-3,BOI019,1306,1306,4,presenza,presenza,presenza,NOUN,_
1306-4,BOI019,1306,1306,5,italiana,italiana,italiano,ADJ,_
1307-0,BOI019,1307,1307,1,fi~,fi~,fi~,PROPN,Interrupted=Yes
1307-1,BOI019,1307,1307,2,fino,fino,fino,ADV,_
1307-2,BOI019,1307,1307,3,a,a,a,ADP,_
1307-3,BOI019,1307,1307,4,liberty,liberty,liberty,NOUN,_
1308-0,BOI019,1308,1308,1,quindi,quindi,quindi,ADV,_
1309-0,BOI019,1309,1309,1,lì,lì,lì,ADV,_
1309-1,BOI019,1309,1309,2,la,la,il,DET,_
1309-2,BOI019,1309,1309,3,grande,grande,grande,ADJ,_
1309-3,BOI019,1309,1309,4,capitale,capitale,capitale,NOUN,_
1309-4,BOI019,1309,1309,5-6,dell',dell',_,_,SpaceAfter=No
1309-4a,_,_,1309,5,_,di,di,ADP,_
1309-4b,_,_,1309,6,_,l',il,DET,_
1309-5,BOI019,1309,1309,7,impero::,impero,impero,NOUN,_
1310-0,BOI019,1310,1310,1,tedes~,tedes~,tedes~,PROPN,Interrupted=Yes
1310-1,BOI019,1310,1310,2,n~,n~,n~,PROPN,Interrupted=Yes
1310-2,BOI019,1310,1310,3-4,nella,nella,_,_,_
1310-2a,_,_,1310,3,_,in,in,ADP,_
1310-2b,_,_,1310,4,_,la,il,DET,_
1310-3,BOI019,1310,1310,5,sua,sua,suo,DET,_
1310-4,BOI019,1310,1310,6,testa,testa,testa,NOUN,_
1310-5,BOI019,1310,1310,7,pensa,pensa,pensare,VERB,_
1310-6,BOI019,1310,1310,8,mo,mo,mo,NOUN,_
1310-7,BOI019,1310,1310,9,te,te,te,PRON,_
1310-8,BOI019,1310,1310,10,quanta,quanta,quanta,DET,_
1310-9,BOI019,1310,1310,11,roba,roba,roba,NOUN,_
1311-0,BOI019,1311,1311,1,in,in,in,ADP,_
1311-1,BOI019,1311,1311,2,più,più,più,ADV,_
1311-2,BOI019,1311,1311,3,in,in,in,ADP,_
1311-3,BOI019,1311,1311,4,più,più,più,ADV,_
1311-4,BOI019,1311,1311,5,e:::h,eh,eh,INTJ,_
1311-5,BOI019,1311,1311,6,questa,questa,questo,DET,_
1311-6,BOI019,1311,1311,7,povera,povera,povero,ADJ,_
1311-7,BOI019,1311,1311,8,gente,gente,gente,NOUN,_
1311-8,BOI019,1311,1311,9,che,che,che,PRON,_
1311-9,BOI019,1311,1311,10,poi,poi,poi,ADV,_
1311-10,BOI019,1311,1311,11,veniva,veniva,venire,AUX,_
1311-11,BOI019,1311,1311,12,gassata,gassata,gassare,VERB,_
1312-0,BOI019,1312,1312,1,poi,poi,poi,ADV,_
1312-1,BOI019,1312,1312,2,veniva,veniva,venire,AUX,_
1312-2,BOI019,1312,1312,3,gassata,gassata,gassare,VERB,_
1312-3,BOI019,1312,1312,4,lì,lì,lì,ADV,_
1312-4,BOI019,1312,1312,5,sotto,sotto,sotto,ADP,_
1313-0,BOI019,1313,1313,1,e,e,e,CCONJ,_
1313-1,BOI019,1313,1313,2,lì,lì,lì,ADV,_
1313-2,BOI019,1313,1313,3,c',c',ci,PRON,SpaceAfter=No
1313-3,BOI019,1313,1313,4,è,è,essere,VERB,_
1313-4,BOI019,1313,1313,5,un,un,uno,DET,_
1313-5,BOI019,1313,1313,6,gran,gran,grande,ADJ,_
1313-6,BOI019,1313,1313,7,libro,libro,libro,NOUN,_
1313-7,BOI019,1313,1313,8,che,che,che,PRON,_
1313-8,BOI019,1313,1313,9,dovresti,dovresti,dovere,AUX,_
1313-9,BOI019,1313,1313,10,leggere,leggere,leggere,VERB,_
1314-0,BOI019,1314,1314,1,requiem,requiem,requiem,NOUN,_
1314-1,BOI019,1314,1314,2,per,per,per,ADP,_
1314-2,BOI019,1314,1314,3,terezin,terezin,terezine,NOUN,_
1315-0,BOI019,1315,1315,1,requiem,requiem,requiem,NOUN,_
1315-1,BOI019,1315,1315,2,per,per,per,ADP,_
1315-2,BOI019,1315,1315,3,terezin,terezin,terezine,NOUN,_
1316-0,BOI019,1316,1316,1,che,che,che,SCONJ,_
1317-0,BOI019,1317,1317,1,lì,lì,lì,ADV,_
1317-1,BOI019,1317,1317,2,c',c',ci,PRON,SpaceAfter=No
1317-2,BOI019,1317,1317,3,eran,eran,erande,ADJ,_
1317-3,BOI019,1317,1317,4-5,delle,delle,_,_,_
1317-3a,_,_,1317,4,_,di,di,ADP,_
1317-3b,_,_,1317,5,_,le,il,DET,_
1317-4,BOI019,1317,1317,6,persone,persone,persona,NOUN,_
1317-5,BOI019,1317,1317,7,che,che,che,PRON,_
1317-6,BOI019,1317,1317,8,magari,magari,magari,ADV,_
1317-7,BOI019,1317,1317,9,capivano,capivano,capire,VERB,_
1317-8,BOI019,1317,1317,10,più,più,più,ADV,_
1317-9,BOI019,1317,1317,11,anche,anche,anche,ADV,_
1317-10,BOI019,1317,1317,12,di,di,di,ADP,_
1317-11,BOI019,1317,1317,13,altre,altre,altro,PRON,_
1317-12,BOI019,1317,1317,14,perché,perché,perché,SCONJ,_
1317-13,BOI019,1317,1317,15,istruite,istruite,istruire,VERB,_
1318-0,BOI019,1318,1318,1,si,si,si,PRON,_
1318-1,BOI019,1318,1318,2,rendevano,rendevano,rendere,VERB,_
1318-2,BOI019,1318,1318,3,conto,conto,conto,NOUN,_
1318-3,BOI019,1318,1318,4,che,che,che,SCONJ,_
1318-4,BOI019,1318,1318,5,le,le,il,DET,_
1318-5,BOI019,1318,1318,6,cose,cose,cosa,NOUN,_
1318-6,BOI019,1318,1318,7,andavano,andavano,andare,VERB,_
1318-7,BOI019,1318,1318,8,male,male,male,ADV,_
1318-8,BOI019,1318,1318,9,e,e,e,CCONJ,_
1318-9,BOI019,1318,1318,10,che,che,che,SCONJ,_
1318-10,BOI019,1318,1318,11,sarebbero,sarebbero,essere,AUX,_
1318-11,BOI019,1318,1318,12,stati,stati,essere,AUX,_
1319-0,BOI019,1319,1319,1,tutti,tutti,tutto,PRON,_
1319-1,BOI019,1319,1319,2,gassati,gassati,gassare,VERB,_
1319-2,BOI019,1319,1319,3,prima,prima,prima,ADV,_
1319-3,BOI019,1319,1319,4,o,o,o,CCONJ,_
1319-4,BOI019,1319,1319,5,poi,poi,poi,ADV,_
1320-0,BOI019,1320,1320,1,s',s',si,PRON,SpaceAfter=No
1320-1,BOI019,1320,1320,2,accorgono,accorgono,accorgere,VERB,_
1320-2,BOI019,1320,1320,3,che,che,che,SCONJ,_
1320-3,BOI019,1320,1320,4-5,nel,nel,_,_,_
1320-3a,_,_,1320,4,_,in,in,ADP,_
1320-3b,_,_,1320,5,_,il,il,DET,_
1320-4,BOI019,1320,1320,6-7,nel,nel,_,_,_
1320-4a,_,_,1320,6,_,in,in,ADP,_
1320-4b,_,_,1320,7,_,il,il,DET,_
1320-5,BOI019,1320,1320,8-9,nel,nel,_,_,_
1320-5a,_,_,1320,8,_,in,in,ADP,_
1320-5b,_,_,1320,9,_,il,il,DET,_
1320-6,BOI019,1320,1320,10-11,nel,nel,_,_,_
1320-6a,_,_,1320,10,_,in,in,ADP,_
1320-6b,_,_,1320,11,_,il,il,DET,_
1320-7,BOI019,1320,1320,12-13,nel,nel,_,_,_
1320-7a,_,_,1320,12,_,in,in,ADP,_
1320-7b,_,_,1320,13,_,il,il,DET,_
1320-8,BOI019,1320,1320,14-15,nella,nella,_,_,_
1320-8a,_,_,1320,14,_,in,in,ADP,_
1320-8b,_,_,1320,15,_,la,la,PRON,_
1320-9,BOI019,1320,1320,16-17,nell',nell',_,_,SpaceAfter=No
1320-9a,_,_,1320,16,_,in,in,ADP,_
1320-9b,_,_,1320,17,_,l',il,DET,_
1320-10,BOI019,1320,1320,18,aria,aria,aria,NOUN,_
1320-11,BOI019,1320,1320,19,c',c',ci,PRON,SpaceAfter=No
1320-12,BOI019,1320,1320,20,è,è,essere,VERB,_
1320-13,BOI019,1320,1320,21,questa,questa,questo,DET,_
1320-14,BOI019,1320,1320,22,fine,fine,fine,NOUN,_
1321-0,BOI019,1321,1321,1,e,e,e,CCONJ,_
1321-1,BOI019,1321,1321,2,organizzano,organizzano,organizzare,VERB,_
1321-2,BOI019,1321,1321,3,un,un,uno,DET,_
1321-3,BOI019,1321,1321,4,grande,grande,grande,ADJ,_
1321-4,BOI019,1321,1321,5,concerto,concerto,concerto,NOUN,_
1322-0,BOI019,1322,1322,1,e,e,e,CCONJ,_
1322-1,BOI019,1322,1322,2,fanno,fanno,fare,VERB,_
1322-2,BOI019,1322,1322,3,il,il,il,DET,_
1322-3,BOI019,1322,1322,4,requiem,requiem,requiem,NOUN,_
1322-4,BOI019,1322,1322,5,di,di,di,ADP,_
1322-5,BOI019,1322,1322,6,verdi,verdi,verde,NOUN,_
1323-0,BOI019,1323,1323,1,requiem,requiem,requiem,NOUN,_
1323-1,BOI019,1323,1323,2,infatti,infatti,infatti,ADV,_
1323-2,BOI019,1323,1323,3,il,il,il,DET,_
1323-3,BOI019,1323,1323,4,libro,libro,libro,NOUN,_
1324-0,BOI019,1324,1324,1,adesso,adesso,adesso,ADV,_
1324-1,BOI019,1324,1324,2,io,io,io,PRON,_
1324-2,BOI019,1324,1324,3,l',l',il,DET,SpaceAfter=No
1324-3,BOI019,1324,1324,4,autore,autore,autore,NOUN,_
1324-4,BOI019,1324,1324,5,non,non,non,ADV,_
1324-5,BOI019,1324,1324,6,me,me,me,PRON,_
1324-6,BOI019,1324,1324,7,lo,lo,il,DET,_
1324-7,BOI019,1324,1324,8,ricordo,ricordo,ricordo,NOUN,_
1324-8,BOI019,1324,1324,9,è,è,essere,AUX,_
1324-9,BOI019,1324,1324,10,uno,uno,uno,PRON,_
1324-10,BOI019,1324,1324,11,è,è,essere,AUX,_
1324-11,BOI019,1324,1324,12,un,un,uno,DET,_
1324-12,BOI019,1324,1324,13,autore,autore,autore,NOUN,_
1324-13,BOI019,1324,1324,14,straniero,straniero,straniero,ADJ,_
1325-0,BOI019,1325,1325,1,ed,ed,e,CCONJ,_
1325-1,BOI019,1325,1325,2,è,è,essere,AUX,_
1325-2,BOI019,1325,1325,3,requiem,requiem,requiem,NOUN,_
1325-3,BOI019,1325,1325,4,per,per,per,ADP,_
1325-4,BOI019,1325,1325,5,terezin,terezin,terezine,NOUN,_
1326-0,BOI019,1326,1326,1,che,che,che,SCONJ,_
1326-1,BOI019,1326,1326,2,quando,quando,quando,SCONJ,_
1326-2,BOI019,1326,1326,3,leggi,leggi,legge,VERB,_
1326-3,BOI019,1326,1326,4,quel,quel,quello,DET,_
1326-4,BOI019,1326,1326,5,libro,libro,libro,NOUN,_
1326-5,BOI019,1326,1326,6,ti,ti,ti,PRON,_
1326-6,BOI019,1326,1326,7,sembra,sembra,sembrare,VERB,_
1326-7,BOI019,1326,1326,8,di,di,di,ADP,_
1326-8,BOI019,1326,1326,9,sentire,sentire,sentire,VERB,_
1326-9,BOI019,1326,1326,10,la,la,il,DET,_
1326-10,BOI019,1326,1326,11,musica,musica,musica,NOUN,_
1327-0,BOI019,1327,1327,1,ti,ti,ti,PRON,_
1327-1,BOI019,1327,1327,2,sembra,sembra,sembrare,VERB,_
1327-2,BOI019,1327,1327,3,di,di,di,ADP,_
1327-3,BOI019,1327,1327,4,sentire,sentire,sentire,VERB,_
1328-0,BOI019,1328,1328,1,proprio,proprio,proprio,ADV,_
1328-1,BOI019,1328,1328,2,il,il,il,DET,_
1328-2,BOI019,1328,1328,3,requiem,requiem,requiem,NOUN,_
1328-3,BOI019,1328,1328,4,forte,forte,forte,ADJ,_
1328-4,BOI019,1328,1328,5,di,di,di,ADP,_
1328-5,BOI019,1328,1328,6,verdi,verdi,verde,NOUN,_
1329-0,BOI019,1329,1329,1,e,e,e,CCONJ,_
1329-1,BOI019,1329,1329,2,e,e,e,CCONJ,_
1329-2,BOI019,1329,1329,3,e,e,e,CCONJ,_
1329-3,BOI019,1329,1329,4,e,e,e,CCONJ,_
1329-4,BOI019,1329,1329,5,e,e,e,CCONJ,_
1329-5,BOI019,1329,1329,6,questo,questo,questo,PRON,_
1329-6,BOI019,1329,1329,7,perché,perché,perché,SCONJ,_
1329-7,BOI019,1329,1329,8,perché,perché,perché,SCONJ,_
1329-8,BOI019,1329,1329,9,la,la,il,DET,_
1329-9,BOI019,1329,1329,10,gente,gente,gente,NOUN,_
1329-10,BOI019,1329,1329,11,sa,sa,sapere,VERB,_
1329-11,BOI019,1329,1329,12,già,già,già,ADV,_
1329-12,BOI019,1329,1329,13,che,che,che,SCONJ,_
1329-13,BOI019,1329,1329,14,è,è,essere,AUX,_
1329-14,BOI019,1329,1329,15,arrivata,arrivata,arrivare,VERB,_
1329-15,BOI019,1329,1329,16,la,la,il,DET,_
1329-16,BOI019,1329,1329,17,fine,fine,fine,NOUN,_
1330-0,BOR005,1330,1330,1,sì,sì,sì,ADV,_
1331-0,BOI019,1331,1331,1,e,e,e,CCONJ,_
1331-1,BOI019,1331,1331,2,lì,lì,lì,ADV,_
1331-2,BOI019,1331,1331,3,e,e,e,CCONJ,_
1331-3,BOI019,1331,1331,4,lì,lì,lì,ADV,_
1332-0,BOI019,1332,1332,1,se,se,se,SCONJ,_
1332-1,BOI019,1332,1332,2,tu,tu,tu,PRON,_
1332-2,BOI019,1332,1332,3,io,io,io,PRON,_
1332-3,BOI019,1332,1332,4,noi,noi,noi,PRON,_
1332-4,BOI019,1332,1332,5,siamo,siamo,essere,AUX,_
1332-5,BOI019,1332,1332,6,andati,andati,andare,VERB,_
1332-6,BOI019,1332,1332,7,a,a,a,ADP,_
1332-7,BOI019,1332,1332,8,vedere,vedere,vedere,VERB,_
1332-8,BOI019,1332,1332,9,anche,anche,anche,ADV,_
1332-9,BOI019,1332,1332,10,terezin,terezin,terezino,ADP,_
1332-10,BOI019,1332,1332,11,stat,stat,stat,NOUN,_
1332-11,BOI019,1332,1332,12,e,e,e,CCONJ,_
1333-0,BOI019,1333,1333,1,ho,ho,avere,AUX,_
1333-1,BOI019,1333,1333,2,visto,visto,vedere,VERB,_
1333-2,BOI019,1333,1333,3,che,che,che,SCONJ,_
1333-3,BOI019,1333,1333,4,c',c',ci,PRON,SpaceAfter=No
1333-4,BOI019,1333,1333,5,era,era,essere,VERB,_
1334-0,BOI019,1334,1334,1,è,è,essere,AUX,_
1334-1,BOI019,1334,1334,2,la,la,il,DET,_
1334-2,BOI019,1334,1334,3,camera::,camera,camera,NOUN,_
1335-0,BOI019,1335,1335,1-2,del,del,_,_,_
1335-0a,_,_,1335,1,_,di,di,ADP,_
1335-0b,_,_,1335,2,_,il,il,DET,_
1335-1,BOI019,1335,1335,3,gas,gas,gas,NOUN,_
1335-2,BOI019,1335,1335,4,anche,anche,anche,ADV,_
1335-3,BOI019,1335,1335,5,cu~,cu~,cu~,PROPN,Interrupted=Yes
1335-4,BOI019,1335,1335,6,lì,lì,lì,ADV,_
1336-0,BOI019,1336,1336,1,c',c',ci,PRON,SpaceAfter=No
1336-1,BOI019,1336,1336,2,era::,era,essere,VERB,_
1336-2,BOI019,1336,1336,3,c',c',ci,PRON,SpaceAfter=No
1336-3,BOI019,1336,1336,4,era::,era,essere,VERB,_
1337-0,BOI019,1337,1337,1,eh,eh,eh,INTJ,_
1337-1,BOI019,1337,1337,2,sai,sai,sapere,VERB,_
1337-2,BOI019,1337,1337,3,lì,lì,lì,ADV,_
1337-3,BOI019,1337,1337,4,poi,poi,poi,ADV,_
1337-4,BOI019,1337,1337,5,la,la,il,DET,_
1337-5,BOI019,1337,1337,6,scusa,scusa,scusa,NOUN,_
1337-6,BOI019,1337,1337,7,perché,perché,perché,SCONJ,_
1337-7,BOI019,1337,1337,8,poi,poi,poi,ADV,_
1337-8,BOI019,1337,1337,9,dopo,dopo,dopo,ADV,_
1337-9,BOI019,1337,1337,10,c',c',ci,PRON,SpaceAfter=No
1337-10,BOI019,1337,1337,11,eran,eran,eran,ADJ,_
1337-11,BOI019,1337,1337,12,le,le,il,DET,_
1337-12,BOI019,1337,1337,13,malattie,malattie,malattia,NOUN,_
1338-0,BOI019,1338,1338,1,e,e,e,CCONJ,_
1338-1,BOI019,1338,1338,2,allora,allora,allora,ADV,_
1338-2,BOI019,1338,1338,3,bisognava,bisognava,bisognare,VERB,_
1339-0,BOI019,1339,1339,1,purificare,purificare,purificare,VERB,_
1339-1,BOI019,1339,1339,2,l',l',il,DET,SpaceAfter=No
1339-2,BOI019,1339,1339,3,"aria,",aria,aria,NOUN,Intonation=weakly_rising
1339-3,BOI019,1339,1339,4,far,far,fare,VERB,_
1339-4,BOI019,1339,1339,5,tutte,tutte,tutto,DET,_
1339-5,BOI019,1339,1339,6,queste,queste,questo,DET,_
1339-6,BOI019,1339,1339,7,robe,robe,roba,NOUN,_
1340-0,BOR005,1340,1340,1,mh,mh,mh,NOUN,_
1341-0,BOI019,1341,1341,1,pensa,pensa,pensare,VERB,_
1341-1,BOI019,1341,1341,2,mo,mo,mo,NOUN,_
1342-0,BOI019,1342,1342,1,pensa,pensa,pensare,VERB,_
1342-1,BOI019,1342,1342,2,mo,mo,mo,NOUN,_
1342-2,BOI019,1342,1342,3,ecco,ecco,ecco,ADV,_
1342-3,BOI019,1342,1342,4,e,e,e,CCONJ,_
1342-4,BOI019,1342,1342,5,qui,qui,qui,ADV,_
1342-5,BOI019,1342,1342,6,ci,ci,ci,PRON,_
1342-6,BOI019,1342,1342,7,rifacciamo,rifacciamo,rifaccare,VERB,_
1342-7,BOI019,1342,1342,8,sempre,sempre,sempre,ADV,_
1343-0,BOI019,1343,1343,1-2,alla,alla,_,_,_
1343-0a,_,_,1343,1,_,a,a,ADP,_
1343-0b,_,_,1343,2,_,la,il,DET,_
1343-1,BOI019,1343,1343,3,famosa,famosa,famoso,ADJ,_
1343-2,BOI019,1343,1343,4,storia,storia,storia,NOUN,_
1344-0,BOI019,1344,1344,1-2,della,della,_,_,_
1344-0a,_,_,1344,1,_,di,di,ADP,_
1344-0b,_,_,1344,2,_,la,il,DET,_
1344-1,BOI019,1344,1344,3,"cultura,",cultura,cultura,NOUN,Intonation=weakly_rising
1344-2,BOI019,1344,1344,4-5,dell',dell',_,_,SpaceAfter=No
1344-2a,_,_,1344,4,_,di,di,ADP,_
1344-2b,_,_,1344,5,_,l',il,DET,_
1344-3,BOI019,1344,1344,6,"istruzione,",istruzione,istruzione,NOUN,Intonation=weakly_rising
1344-4,BOI019,1344,1344,7-8,del,del,_,_,_
1344-4a,_,_,1344,7,_,di,di,ADP,_
1344-4b,_,_,1344,8,_,il,il,DET,_
1345-0,BOI019,1345,1345,1-2,del,del,_,_,_
1345-0a,_,_,1345,1,_,di,di,ADP,_
1345-0b,_,_,1345,2,_,il,il,DET,_
1345-1,BOI019,1345,1345,3,"vedere,",vedere,vedere,VERB,Intonation=weakly_rising
1345-2,BOI019,1345,1345,4-5,dell',dell',_,_,SpaceAfter=No
1345-2a,_,_,1345,4,_,di,di,ADP,_
1345-2b,_,_,1345,5,_,l',il,DET,_
1345-3,BOI019,1345,1345,6-7,interessarsi,interessarsi,_,_,_
1345-3a,_,_,1345,6,_,interessar,interessar,NOUN,_
1345-3b,_,_,1345,7,_,si,si,PRON,_
1346-0,BOI019,1346,1346,1,perché,perché,perché,SCONJ,_
1346-1,BOI019,1346,1346,2,l',l',il,DET,SpaceAfter=No
1346-2,BOI019,1346,1346,3,ignoranza,ignoranza,ignoranza,NOUN,_
1346-3,BOI019,1346,1346,4,è,è,essere,AUX,_
1346-4,BOI019,1346,1346,5,una,una,uno,DET,_
1346-5,BOI019,1346,1346,6,gran,gran,grande,ADJ,_
1346-6,BOI019,1346,1346,7,brutta,brutta,brutto,ADJ,_
1346-7,BOI019,1346,1346,8,bestia,bestia,bestio,ADJ,_
1346-8,BOI019,1346,1346,9,tesoro,tesoro,tesoro,NOUN,_
1346-9,BOI019,1346,1346,10,mio,mio,mio,DET,_