token_id,speaker,tu_id,unit,id,span,form,lemma,upos,jefferson_feats
0-0,BO117,0,0,1,"o:kay,",okay,ok,INTJ,Intonation=weakly_rising
1-0,BO117,1,1,1,all:ora,allora,allora,ADV,_
2-0,BO117,2,2,1,e:::hm,ehm,ehm,INTJ,_
2-1,BO117,2,2,2,dunque,dunque,dunque,ADV,_
2-2,BO117,2,2,3,mi,mi,mi,PRON,_
2-3,BO117,2,2,4,ricordo,ricordo,ricordare,VERB,_
2-4,BO117,2,2,5,che,che,che,SCONJ,_
2-5,BO117,2,2,6,lei,lei,lei,PRON,_
2-6,BO117,2,2,7,ha,ha,avere,AUX,_
2-7,BO117,2,2,8,frequen[tato],frequentato,frequentare,VERB,_
2-8,BO117,2,2,9,e::hm,ehm,ehm,INTJ,_
3-0,BO141,3,3,1,"[°sì,",sì,sì,ADV,Intonation=weakly_rising|Volume=low
3-1,BO141,3,3,2,(esatto)°],esatto,esatto,ADJ,Volume=low
4-0,BO117,4,4,1,le,le,le,PRON,_
4-1,BO117,4,4,2,direi,direi,dire,VERB,_
4-2,BO117,4,4,3,di,di,di,ADP,_
4-3,BO117,4,4,4,e:h,eh,eh,INTJ,_
4-4,BO117,4,4,5,cominciare,cominciare,cominciare,VERB,_
4-5,BO117,4,4,6,con,con,con,ADP,_
4-6,BO117,4,4,7,una,una,uno,DET,_
4-7,BO117,4,4,8,definizione,definizione,definizione,NOUN,_
4-8,BO117,4,4,9,di,di,di,ADP,_
4-9,BO117,4,4,10,eh,eh,eh,INTJ,_
4-10,BO117,4,4,11,cortesia,cortesia,cortesia,NOUN,_
5-0,BO117,5,5,1,mh?,mh,mh,INTJ,Intonation=rising
6-0,BO117,6,6,1,e::h,eh,eh,INTJ,_
6-1,BO117,6,6,2,e,e,e,CCONJ,_
6-2,BO117,6,6,3,poi,poi,poi,ADV,_
6-3,BO117,6,6,4,ehm:,ehm,ehm,INTJ,_
6-4,BO117,6,6,5,facciamo,facciamo,fare,VERB,_
6-5,BO117,6,6,6,un,un,uno,DET,_
6-6,BO117,6,6,7,esempio,esempio,esempio,NOUN,_
6-7,BO117,6,6,8,di,di,di,ADP,_
6-8,BO117,6,6,9,fenomeno,fenomeno,fenomeno,NOUN,_
6-9,BO117,6,6,10,linguistico,linguistico,linguistico,ADJ,_
6-10,BO117,6,6,11,che,che,che,PRON,_
6-11,BO117,6,6,12,può,può,potere,AUX,_
6-12,BO117,6,6,13,essere,essere,essere,AUX,_
6-13,BO117,6,6,14,ricollegato,ricollegato,ricollegare,VERB,_
7-0,BO117,7,7,1-2,alla,alla,_,_,_
7-0a,_,_,7,1,_,a,a,ADP,_
7-0b,_,_,7,2,_,la,il,DET,_
7-1,BO117,7,7,3,cortesia.,cortesia,cortesia,NOUN,Intonation=falling
8-0,BO141,8,8,1,"okay,",okay,okay,INTJ,Intonation=weakly_rising
8-1,BO141,8,8,2,allora,allora,allora,ADV,_
8-2,BO141,8,8,3,eh,eh,eh,INTJ,_
8-3,BO141,8,8,4,la,la,il,DET,_
8-4,BO141,8,8,5,cortesia,cortesia,cortesia,NOUN,_
8-5,BO141,8,8,6,è,è,essere,AUX,_
8-6,BO141,8,8,7,un,un,uno,DET,_
8-7,BO141,8,8,8,motore,motore,motore,NOUN,_
8-8,BO141,8,8,9,forte,forte,forte,ADJ,_
8-9,BO141,8,8,10,per,per,per,ADP,_
8-10,BO141,8,8,11,essere,essere,essere,AUX,_
8-11,BO141,8,8,12,"indiretti,",indiretti,indiretto,ADJ,Intonation=weakly_rising
9-0,BO141,9,9,1,infatti,infatti,infatti,ADV,_
9-1,BO141,9,9,2,abbiamo,abbiamo,avere,AUX,_
9-2,BO141,9,9,3,visto,visto,vedere,VERB,_
9-3,BO141,9,9,4,che,che,che,SCONJ,_
9-4,BO141,9,9,5,è,è,essere,AUX,_
9-5,BO141,9,9,6,la,la,il,DET,_
9-6,BO141,9,9,7,possibilità,possibilità,possibilità,NOUN,_
9-7,BO141,9,9,8,di,di,di,ADP,_
9-8,BO141,9,9,9,attenuare,attenuare,attenuare,VERB,_
9-9,BO141,9,9,10,la,la,il,DET,_
9-10,BO141,9,9,11,forza,forza,forza,NOUN,_
9-11,BO141,9,9,12,illocutiva,illocutiva,illocutivo,ADJ,_
9-12,BO141,9,9,13,di,di,di,ADP,_
9-13,BO141,9,9,14,un,un,uno,DET,_
9-14,BO141,9,9,15,enunciato,enunciato,enunciato,NOUN,_
10-0,BO141,10,10,1,e,e,e,CCONJ,_
10-1,BO141,10,10,2,minimizzando,minimizzando,minimizzare,VERB,_
10-2,BO141,10,10,3,gli,gli,il,DET,_
10-3,BO141,10,10,4,eventuali,eventuali,eventuale,ADJ,_
10-4,BO141,10,10,5,effetti,effetti,effetto,NOUN,_
10-5,BO141,10,10,6,negativi,negativi,negativo,ADJ,_
10-6,BO141,10,10,7,di,di,di,ADP,_
10-7,BO141,10,10,8,un,un,uno,DET,_
10-8,BO141,10,10,9,atto,atto,atto,NOUN,_
10-9,BO141,10,10,10,diretto,diretto,diretto,ADJ,_
11-0,BO141,11,11,1,e::h,eh,eh,INTJ,_
11-1,BO141,11,11,2,infatti,infatti,infatti,ADV,_
11-2,BO141,11,11,3,abbiamo,abbiamo,avere,AUX,_
11-3,BO141,11,11,4,studiato,studiato,studiare,VERB,_
11-4,BO141,11,11,5,tan~,tan~,tan~,X,Interrupted=Yes
11-5,BO141,11,11,6-7,delle,delle,_,_,_
11-5a,_,_,11,6,_,di,di,ADP,_
11-5b,_,_,11,7,_,le,il,DET,_
11-6,BO141,11,11,8,strategie,strategie,strategia,NOUN,_
11-7,BO141,11,11,9-10,della,della,_,_,_
11-7a,_,_,11,9,_,di,di,ADP,_
11-7b,_,_,11,10,_,la,il,DET,_
11-8,BO141,11,11,11,cortesia,cortesia,cortesia,NOUN,_
11-9,BO141,11,11,12,ma,ma,ma,CCONJ,_
11-10,BO141,11,11,13,anche,anche,anche,ADV,_
11-11,BO141,11,11,14,marcatori,marcatori,marcatore,NOUN,_
11-12,BO141,11,11,15,di,di,di,ADP,_
11-13,BO141,11,11,16,"cortesia,",cortesia,cortesia,NOUN,Intonation=weakly_rising
12-0,BO117,12,12,0,{tossisce},{tossisce},_,X,_
13-0,BO141,13,13,1,abbiamo,abbiamo,avere,AUX,_
13-1,BO141,13,13,2,visto,visto,vedere,VERB,_
13-2,BO141,13,13,3,che,che,che,SCONJ,_
13-3,BO141,13,13,4,esiston~,esiston~,esiston~,VERB,Interrupted=Yes
13-4,BO141,13,13,5,ne,ne,ne,PRON,_
13-5,BO141,13,13,6,esistono,esistono,esistere,VERB,_
13-6,BO141,13,13,7,tantissimi,tantissimi,tanto,PRON,_
13-7,BO141,13,13,8,come,come,come,SCONJ,_
13-8,BO141,13,13,9,per,per,per,ADP,_
13-9,BO141,13,13,10,esempio,esempio,esempio,NOUN,_
13-10,BO141,13,13,11,i,i,il,DET,_
13-11,BO141,13,13,12,"playdowns,",playdowns,playdown,NOUN,Intonation=weakly_rising|Lang=eng
14-0,BO141,14,14,1,gli,gli,il,DET,_
14-1,BO141,14,14,2,understaters,understaters,understater,NOUN,Lang=eng
14-2,BO141,14,14,3,eh,eh,eh,INTJ,_
14-3,BO141,14,14,4,oppure,oppure,oppure,CCONJ,_
14-4,BO141,14,14,5,gli,gli,il,DET,_
14-5,BO141,14,14,6,scope,scope,scope,NOUN,Lang=eng
14-6,BO141,14,14,7,"staters,",staters,stater,NOUN,Intonation=weakly_rising|Lang=eng
14-7,BO141,14,14,8,gli,gli,il,DET,_
14-8,BO141,14,14,9,agent,agent,agent,NOUN,Lang=eng
14-9,BO141,14,14,10,devicers,devicers,devicer,NOUN,Lang=eng
15-0,BO141,15,15,1,che,che,che,PRON,_
15-1,BO141,15,15,2,sono,sono,essere,AUX,_
15-2,BO141,15,15,3,comunque,comunque,comunque,ADV,_
15-3,BO141,15,15,4,tutti,tutti,tutto,PRON,_
16-0,BO141,16,16,1,che,che,che,PRON,_
16-1,BO141,16,16,2,ha~,ha~,avere,VERB,Interrupted=Yes
16-2,BO141,16,16,3,ha~,ha~,avere,VERB,Interrupted=Yes
16-3,BO141,16,16,4,hanno,hanno,avere,VERB,_
16-4,BO141,16,16,5-6,delle,delle,_,_,_
16-4a,_,_,16,5,_,di,di,ADP,_
16-4b,_,_,16,6,_,le,il,DET,_
16-5,BO141,16,16,7,funzioni,funzioni,funzione,NOUN,_
16-6,BO141,16,16,8,diverse,diverse,diverso,ADJ,_
16-7,BO141,16,16,9,però,però,però,ADV,_
16-8,BO141,16,16,10,ci,ci,ci,PRON,_
16-9,BO141,16,16,11,siamo,siamo,essere,AUX,_
16-10,BO141,16,16,12,concentrati,concentrati,concentrare,VERB,_
16-11,BO141,16,16,13,prevalentemente,prevalentemente,prevalentemente,ADV,_
16-12,BO141,16,16,14-15,sugli,sugli,_,_,_
16-12a,_,_,16,14,_,su,su,ADP,_
16-12b,_,_,16,15,_,gli,il,DET,_
16-13,BO141,16,16,16,onorifici,onorifici,onorifico,ADJ,_
17-0,BO141,17,17,1,eh,eh,eh,INTJ,_
17-1,BO141,17,17,2,in,in,in,ADP,_
17-2,BO141,17,17,3,quanto,quanto,quanto,PRON,_
17-3,BO141,17,17,4,abbiamo,abbiamo,avere,AUX,_
17-4,BO141,17,17,5,visto,visto,vedere,VERB,_
17-5,BO141,17,17,6,che,che,che,SCONJ,_
17-6,BO141,17,17,7,eh,eh,eh,INTJ,_
18-0,BO141,18,18,1,gli,gli,il,DET,_
18-1,BO141,18,18,2,onorifici,onorifici,onorifico,ADJ,_
18-2,BO141,18,18,3,stabiliscono,stabiliscono,stabilire,VERB,_
18-3,BO141,18,18,4-5,delle,delle,_,_,_
18-3a,_,_,18,4,_,di,di,ADP,_
18-3b,_,_,18,5,_,le,il,DET,_
18-4,BO141,18,18,6,relazioni,relazioni,relazione,NOUN,_
18-5,BO141,18,18,7,fra,fra,fra,ADP,_
18-6,BO141,18,18,8,fra,fra,fra,ADP,_
18-7,BO141,18,18,9,parlante,parlante,parlante,ADJ,_
18-8,BO141,18,18,10,e,e,e,CCONJ,_
18-9,BO141,18,18,11,l',l',il,DET,Truncated=Yes
18-10,BO141,18,18,12,ascoltatore,ascoltatore,ascoltatore,NOUN,_
19-0,BO141,19,19,1,ehm,ehm,ehm,INTJ,_
19-1,BO141,19,19,2,che,che,che,PRON,_
19-2,BO141,19,19,3,gli,gli,il,DET,_
19-3,BO141,19,19,4,onorofici,onorofici,onorifico,NOUN,_
19-4,BO141,19,19,5,sono,sono,essere,AUX,_
19-5,BO141,19,19,6,molto,molto,molto,ADV,_
19-6,BO141,19,19,7,importanti,importanti,importante,ADJ,_
19-7,BO141,19,19,8,per,per,per,ADP,_
19-8,BO141,19,19,9,esempio,esempio,esempio,NOUN,_
19-9,BO141,19,19,10,in,in,in,ADP,_
19-10,BO141,19,19,11,lingue,lingue,lingua,NOUN,_
19-11,BO141,19,19,12,in,in,in,ADP,_
19-12,BO141,19,19,13,lingue,lingue,lingua,NOUN,_
19-13,BO141,19,19,14,asiatiche,asiatiche,asiatico,ADJ,_
20-0,BO141,20,20,1,perché,perché,perché,SCONJ,_
20-1,BO141,20,20,2,ehm,ehm,ehm,INTJ,_
20-2,BO141,20,20,3,in,in,in,ADP,_
20-3,BO141,20,20,4,qualche,qualche,qualche,DET,_
20-4,BO141,20,20,5,modo,modo,modo,NOUN,_
20-5,BO141,20,20,6,sono,sono,essere,AUX,_
20-6,BO141,20,20,7-8,delle,delle,_,_,_
20-6a,_,_,20,7,_,di,di,ADP,_
20-6b,_,_,20,8,_,le,il,DET,_
20-7,BO141,20,20,9-10,delle,delle,_,_,_
20-7a,_,_,20,9,_,di,di,ADP,_
20-7b,_,_,20,10,_,le,il,DET,_
20-8,BO141,20,20,11,forme,forme,forma,NOUN,_
20-9,BO141,20,20,12,linguistiche,linguistiche,linguistico,ADJ,_
20-10,BO141,20,20,13,speciali,speciali,speciale,ADJ,_
20-11,BO141,20,20,14,usate,usate,usare,VERB,_
20-12,BO141,20,20,15,per,per,per,ADP,_
20-13,BO141,20,20,16,veicolare,veicolare,veicolare,VERB,_
20-14,BO141,20,20,17,il,il,il,DET,_
20-15,BO141,20,20,18,rispetto,rispetto,rispetto,NOUN,_
20-16,BO141,20,20,19-20,nei,nei,_,_,_
20-16a,_,_,20,19,_,in,in,ADP,_
20-16b,_,_,20,20,_,i,il,DET,_
20-17,BO141,20,20,21,confronti,confronti,confronto,NOUN,_
20-18,BO141,20,20,22-23,dell',dell',_,_,Truncated=Yes
20-18a,_,_,20,22,_,di,di,ADP,_
20-18b,_,_,20,23,_,l',il,DET,_
20-19,BO141,20,20,24,"interlocutore,",interlocutore,interlocutore,NOUN,Intonation=weakly_rising
21-0,BO141,21,21,1,oppure,oppure,oppure,CCONJ,_
21-1,BO141,21,21,2-3,del,del,_,_,_
21-1a,_,_,21,2,_,di,di,ADP,_
21-1b,_,_,21,3,_,il,il,DET,_
21-2,BO141,21,21,4,referente,referente,referente,NOUN,_
22-0,BO141,22,22,1,e,e,e,CCONJ,_
22-1,BO141,22,22,2,abbiamo,abbiamo,avere,AUX,_
22-2,BO141,22,22,3,visto::,visto,vedere,VERB,_
22-3,BO141,22,22,4,gli,gli,il,DET,_
22-4,BO141,22,22,5,onorifici,onorifici,onorifico,ADJ,_
22-5,BO141,22,22,6,appunto,appunto,appunto,ADV,_
22-6,BO141,22,22,7,per,per,per,ADP,_
22-7,BO141,22,22,8,p~,p~,per,ADP,Interrupted=Yes
22-8,BO141,22,22,9,mh,mh,mh,INTJ,_
22-9,BO141,22,22,10,gli,gli,il,DET,_
22-10,BO141,22,22,11,address,address,address,NOUN,Lang=eng
22-11,BO141,22,22,12,honorifics,honorifics,honorific,NOUN,Lang=eng
22-12,BO141,22,22,13,che,che,che,PRON,_
22-13,BO141,22,22,14,sono,sono,essere,AUX,_
22-14,BO141,22,22,15,quelli,quelli,quello,PRON,_
22-15,BO141,22,22,16,per,per,per,ADP,_
22-16,BO141,22,22,17,appunto,appunto,appunto,ADV,_
22-17,BO141,22,22,18,per,per,per,ADP,_
22-18,BO141,22,22,19,per,per,per,ADP,_
22-19,BO141,22,22,20,l',l',il,DET,Truncated=Yes
22-20,BO141,22,22,21,"interlocutore,",interlocutore,interlocutore,NOUN,Intonation=weakly_rising
23-0,BO141,23,23,1,abbiamo,abbiamo,avere,AUX,_
23-1,BO141,23,23,2,visto,visto,vedere,VERB,_
23-2,BO141,23,23,3,i,i,il,DET,_
23-3,BO141,23,23,4,"pronomi,",pronomi,pronome,NOUN,Intonation=weakly_rising
24-0,BO117,24,24,1,ragioniamo,ragioniamo,ragionere,VERB,_
24-1,BO117,24,24,2,ancora,ancora,ancora,ADV,_
24-2,BO117,24,24,3,un,un,uno,DET,_
24-3,BO117,24,24,4,po',po',poco,ADV,_
24-4,BO117,24,24,5-6,sulla,sulla,_,_,_
24-4a,_,_,24,5,_,su,su,ADP,_
24-4b,_,_,24,6,_,la,il,DET,_
24-5,BO117,24,24,7,definizione,definizione,definizione,NOUN,_
24-6,BO117,24,24,8,[di,di,di,ADP,_
24-7,BO117,24,24,9,cortes]ia,cortesia,cortesia,NOUN,_
25-0,BO141,25,25,1,[mh,mh,mh,INTJ,_
25-1,BO141,25,25,2,mh],mh,mh,INTJ,_
26-0,BO141,26,26,1,e,e,e,CCONJ,_
26-1,BO141,26,26,2,la,la,il,DET,_
26-2,BO141,26,26,3,cortesia,cortesia,cortesia,NOUN,_
26-3,BO141,26,26,4,la,la,la,PRON,_
26-4,BO141,26,26,5,la,la,la,PRON,_
26-5,BO141,26,26,6,la,la,la,PRON,_
26-6,BO141,26,26,7,utilizziamo,utilizziamo,utilizzere,VERB,_
26-7,BO141,26,26,8,molto,molto,molto,ADV,_
26-8,BO141,26,26,9,mol~,mol~,molto,ADV,Interrupted=Yes
26-9,BO141,26,26,10,la,la,la,PRON,_
26-10,BO141,26,26,11,utilizziamo,utilizziamo,utilizzere,VERB,_
26-11,BO141,26,26,12,molto,molto,molto,ADV,_
26-12,BO141,26,26,13,spesso,spesso,spesso,ADV,_
26-13,BO141,26,26,14,per,per,per,ADP,_
26-14,BO141,26,26,15,esempio,esempio,esempio,NOUN,_
26-15,BO141,26,26,16-17,negli,negli,_,_,_
26-15a,_,_,26,16,_,in,in,ADP,_
26-15b,_,_,26,17,_,gli,il,DET,_
26-16,BO141,26,26,18,atti,atti,atto,NOUN,_
26-17,BO141,26,26,19,linguistici,linguistici,linguistico,ADJ,_
26-18,BO141,26,26,20,indiretti,indiretti,indiretto,ADJ,_
27-0,BO141,27,27,1,e::h,eh,eh,INTJ,_
27-1,BO141,27,27,2,in,in,in,ADP,_
27-2,BO141,27,27,3,quanto,quanto,quanto,ADV,_
27-3,BO141,27,27,4,per,per,per,ADP,_
27-4,BO141,27,27,5,essere,essere,essere,AUX,_
27-5,BO141,27,27,6,in~,in~,X,X,Interrupted=Yes
27-6,BO141,27,27,7,è,è,essere,AUX,_
27-7,BO141,27,27,8,è,è,essere,AUX,_
27-8,BO141,27,27,9,una,una,uno,PRON,_
27-9,BO141,27,27,10-11,delle,delle,_,_,_
27-9a,_,_,27,10,_,di,di,ADP,_
27-9b,_,_,27,11,_,le,il,DET,_
27-10,BO141,27,27,12,strategie,strategie,strategia,NOUN,_
27-11,BO141,27,27,13,per,per,per,ADP,_
27-12,BO141,27,27,14,essere,essere,essere,AUX,_
27-13,BO141,27,27,15,indiretti,indiretti,indiretto,ADJ,_
27-14,BO141,27,27,16,perché,perché,perché,SCONJ,_
27-15,BO141,27,27,17,in,in,in,ADP,_
27-16,BO141,27,27,18,qualche,qualche,qualche,DET,_
27-17,BO141,27,27,19,modo,modo,modo,NOUN,_
28-0,BO141,28,28,1,e:hm,ehm,ehm,INTJ,_
28-1,BO141,28,28,2,ci,ci,ci,PRON,_
28-2,BO141,28,28,3,ci,ci,ci,PRON,_
28-3,BO141,28,28,4,ci,ci,ci,PRON,_
28-4,BO141,28,28,5,permette,permette,permettere,VERB,_
28-5,BO141,28,28,6,eh,eh,eh,INTJ,_
28-6,BO141,28,28,7,di,di,di,ADP,_
28-7,BO141,28,28,8,e:hm,ehm,ehm,INTJ,_
29-0,BO141,29,29,1,è,è,essere,AUX,_
29-1,BO141,29,29,2,è,è,essere,AUX,_
29-2,BO141,29,29,3,è,è,essere,AUX,_
29-3,BO141,29,29,4,fa,fa,fare,ADV,_
29-4,BO141,29,29,5,ehm,ehm,ehm,INTJ,_
29-5,BO141,29,29,6,è,è,essere,AUX,_
29-6,BO141,29,29,7,quella,quella,quello,DET,_
29-7,BO141,29,29,8,parte,parte,parte,NOUN,_
30-0,BO141,30,30,1,che,che,che,PRON,_
30-1,BO141,30,30,2,permette,permette,permettere,VERB,_
30-2,BO141,30,30,3-4,all',all',_,_,Truncated=Yes
30-2a,_,_,30,3,_,a,a,ADP,_
30-2b,_,_,30,4,_,l',il,DET,_
30-3,BO141,30,30,5,interlocutore,interlocutore,interlocutore,NOUN,_
30-4,BO141,30,30,6,di,di,di,ADP,_
30-5,BO141,30,30,7,arrivare,arrivare,arrivare,VERB,_
30-6,BO141,30,30,8,in,in,in,ADP,_
30-7,BO141,30,30,9,qualche,qualche,qualche,DET,_
30-8,BO141,30,30,10,modo,modo,modo,NOUN,_
30-9,BO141,30,30,11-12,all',all',_,_,Truncated=Yes
30-9a,_,_,30,11,_,a,a,ADP,_
30-9b,_,_,30,12,_,l',il,DET,_
30-10,BO141,30,30,13,intenzione,intenzione,intenzione,NOUN,_
30-11,BO141,30,30,14-15,all',all',_,_,Truncated=Yes
30-11a,_,_,30,14,_,a,a,ADP,_
30-11b,_,_,30,15,_,l',il,DET,_
30-12,BO141,30,30,16,intenzione,intenzione,intenzione,NOUN,_
30-13,BO141,30,30,17,illocutiva,illocutiva,illocutivo,ADJ,_
30-14,BO141,30,30,18-19,del,del,_,_,_
30-14a,_,_,30,18,_,di,di,ADP,_
30-14b,_,_,30,19,_,il,il,DET,_
30-15,BO141,30,30,20,parlante,parlante,parlante,NOUN,_
31-0,BO141,31,31,1,perché,perché,perché,SCONJ,_
31-1,BO141,31,31,2,m~,m~,molto,ADV,Interrupted=Yes
31-2,BO141,31,31,3,molto,molto,molto,ADV,_
31-3,BO141,31,31,4,spesso,spesso,spesso,ADV,_
31-4,BO141,31,31,5,noi,noi,noi,PRON,_
32-0,BO141,32,32,1,ne~,ne~,in,ADP,Interrupted=Yes
32-1,BO141,32,32,2-3,negli,negli,_,_,_
32-1a,_,_,32,2,_,in,in,ADP,_
32-1b,_,_,32,3,_,gli,il,DET,_
32-2,BO141,32,32,4,enunciati,enunciati,enunciato,NOUN,_
32-3,BO141,32,32,5,il,il,il,DET,_
32-4,BO141,32,32,6,significato,significato,significato,NOUN,_
32-5,BO141,32,32,7-8,dell',dell',_,_,Truncated=Yes
32-5a,_,_,32,7,_,di,di,ADP,_
32-5b,_,_,32,8,_,l',il,DET,_
32-6,BO141,32,32,9,enunciato,enunciato,enunciato,NOUN,_
32-7,BO141,32,32,10,non,non,non,ADV,_
32-8,BO141,32,32,11,è,è,essere,AUX,_
32-9,BO141,32,32,12,quello,quello,quello,PRON,_
32-10,BO141,32,32,13,non,non,non,ADV,_
32-11,BO141,32,32,14,non,non,non,ADV,_
32-12,BO141,32,32,15,è,è,essere,AUX,_
32-13,BO141,32,32,16,quello,quello,quello,PRON,_
32-14,BO141,32,32,17-18,dell',dell',_,_,Truncated=Yes
32-14a,_,_,32,17,_,di,di,ADP,_
32-14b,_,_,32,18,_,l',il,DET,_
32-15,BO141,32,32,19,in~,in~,X,X,Interrupted=Yes
32-16,BO141,32,32,20,quello,quello,quello,PRON,_
32-17,BO141,32,32,21,che,che,che,PRON,_
32-18,BO141,32,32,22,vuole,vuole,volere,AUX,_
32-19,BO141,32,32,23,intendere,intendere,intendere,VERB,_
32-20,BO141,32,32,24,il,il,il,DET,_
32-21,BO141,32,32,25,parlante,parlante,parlante,NOUN,_
32-22,BO141,32,32,26,quindi,quindi,quindi,ADV,_
33-0,BO141,33,33,1,molto,molto,molto,ADV,_
33-1,BO141,33,33,2,spesso,spesso,spesso,ADV,_
33-2,BO141,33,33,3,questi,questi,questo,PRON,_
33-3,BO141,33,33,4,eh,eh,eh,INTJ,_
33-4,BO141,33,33,5,utilizza,utilizza,utilizzare,VERB,_
33-5,BO141,33,33,6,la,la,il,DET,_
33-6,BO141,33,33,7,cortesia,cortesia,cortesia,NOUN,_
34-0,BO141,34,34,1,e,e,e,CCONJ,_
34-1,BO141,34,34,2,sta,sta,stare,VERB,_
34-2,BO141,34,34,3-4,all',all',_,_,Truncated=Yes
34-2a,_,_,34,3,_,a,a,ADP,_
34-2b,_,_,34,4,_,l',il,DET,_
34-3,BO141,34,34,5,interlocutore,interlocutore,interlocutore,NOUN,_
34-4,BO141,34,34,6,poi,poi,poi,ADV,_
34-5,BO141,34,34,7,dopo,dopo,dopo,ADV,_
34-6,BO141,34,34,8,eh,eh,eh,INTJ,_
34-7,BO141,34,34,9,ri~,ri~,ricondurre,VERB,Interrupted=Yes
34-8,BO141,34,34,10,ricondurre,ricondurre,ricondurre,VERB,_
35-0,BO141,35,35,1,eh,eh,eh,INTJ,_
35-1,BO141,35,35,2,l',l',il,DET,Truncated=Yes
35-2,BO141,35,35,3,atto,atto,atto,NOUN,_
35-3,BO141,35,35,4,linguistico,linguistico,linguistico,ADJ,_
35-4,BO141,35,35,5,diretto,diretto,diretto,ADJ,_
35-5,BO141,35,35,6-7,all',all',_,_,Truncated=Yes
35-5a,_,_,35,6,_,a,a,ADP,_
35-5b,_,_,35,7,_,l',il,DET,_
35-6,BO141,35,35,8,atto,atto,atto,NOUN,_
35-7,BO141,35,35,9,eh,eh,eh,INTJ,_
35-8,BO141,35,35,10,corretto,corretto,corretto,ADJ,_
35-9,BO141,35,35,11,ovvero,ovvero,ovvero,CCONJ,_
35-10,BO141,35,35,12-13,all',all',_,_,Truncated=Yes
35-10a,_,_,35,12,_,a,a,ADP,_
35-10b,_,_,35,13,_,l',il,DET,_
35-11,BO141,35,35,14,intenzione,intenzione,intenzione,NOUN,_
35-12,BO141,35,35,15,comunicativa,comunicativa,comunicativo,ADJ,_
35-13,BO141,35,35,16-17,del,del,_,_,_
35-13a,_,_,35,16,_,di,di,ADP,_
35-13b,_,_,35,17,_,il,il,DET,_
35-14,BO141,35,35,18,parlante,parlante,parlante,NOUN,_
36-0,BO117,36,36,1,quindi,quindi,quindi,ADV,_
36-1,BO117,36,36,2,lei,lei,lei,PRON,_
36-2,BO117,36,36,3,sta,sta,stare,AUX,_
36-3,BO117,36,36,4,dicendo,dicendo,dire,VERB,_
36-4,BO117,36,36,5,che,che,che,SCONJ,_
36-5,BO117,36,36,6,il,il,il,DET,_
36-6,BO117,36,36,7,parlante,parlante,parlante,NOUN,_
36-7,BO117,36,36,8,per,per,per,ADP,_
36-8,BO117,36,36,9,essere,essere,essere,AUX,_
36-9,BO117,36,36,10,<cortese>,cortese,cortese,ADJ,_
36-10,BO117,36,36,11,non,non,non,ADV,_
36-11,BO117,36,36,12,è,è,essere,AUX,_
36-12,BO117,36,36,13,di[retto],diretto,diretto,ADJ,_
37-0,BO141,37,37,1,[esatto],esatto,esatto,ADJ,_
37-1,BO141,37,37,2,sì,sì,sì,ADV,_
38-0,BO117,38,38,1,di,di,di,ADP,_
38-1,BO117,38,38,2,conseguenza,conseguenza,conseguenza,NOUN,_
38-2,BO117,38,38,3,la,la,il,DET,_
38-3,BO117,38,38,4,sua,sua,suo,DET,_
38-4,BO117,38,38,5,intenzione,intenzione,intenzione,NOUN,_
38-5,BO117,38,38,6,è,è,essere,AUX,_
38-6,BO117,38,38,7,diversa,diversa,diverso,ADJ,_
38-7,BO117,38,38,8,da,da,da,ADP,_
38-8,BO117,38,38,9,quella,quella,quello,PRON,_
38-9,BO117,38,38,10,[manifestata,manifestata,manifestato,ADJ,_
38-10,BO117,38,38,11-12,nell',nell',_,_,Truncated=Yes
38-10a,_,_,38,11,_,in,in,ADP,_
38-10b,_,_,38,12,_,l',il,DET,_
38-11,BO117,38,38,13,atto:::,atto,atto,NOUN,_
38-12,BO117,38,38,14,diretto],diretto,diretto,ADJ,_
39-0,BO141,39,39,1,[~festata,~festata,manifestato,ADJ,Interrupted=Yes
39-1,BO141,39,39,2-3,nel,nel,_,_,_
39-1a,_,_,39,2,_,in,in,ADP,_
39-1b,_,_,39,3,_,il,il,DET,_
39-2,BO141,39,39,4,significato,significato,significato,NOUN,_
39-3,BO141,39,39,5,letterale,letterale,letterale,ADJ,_
39-4,BO141,39,39,6,sì],sì,sì,ADV,_
40-0,BO141,40,40,1,[esa]tto,esatto,esatto,ADJ,_
41-0,BO117,41,41,1,mh,mh,mh,INTJ,_
42-0,BO117,42,42,1,però,però,però,ADV,_
42-1,BO117,42,42,2,torniamo,torniamo,tornare,VERB,_
42-2,BO117,42,42,3-4,alla,alla,_,_,_
42-2a,_,_,42,3,_,a,a,ADP,_
42-2b,_,_,42,4,_,la,il,DET,_
42-3,BO117,42,42,5,definizi[one],definizione,definizione,NOUN,_
42-4,BO117,42,42,6,no?,no,no,ADV,Intonation=rising
42-5,BO117,42,42,7,abbiamo,abbiamo,avere,AUX,_
42-6,BO117,42,42,8,visto,visto,vedere,VERB,_
42-7,BO117,42,42,9,diverse,diverse,diverso,ADJ,_
42-8,BO117,42,42,10,definizioni,definizioni,definizione,NOUN,_
43-0,BO141,43,43,1,[mh,mh,mh,INTJ,_
43-1,BO141,43,43,2,mh],mh,mh,INTJ,_
44-0,BO141,44,44,1,abbiamo,abbiamo,avere,AUX,_
44-1,BO141,44,44,2,visto,visto,vedere,VERB,_
44-2,BO141,44,44,3,la,la,il,DET,_
44-3,BO141,44,44,4,teoria,teoria,teoria,NOUN,_
44-4,BO141,44,44,5,la,la,il,DET,_
44-5,BO141,44,44,6,teoria,teoria,teoria,NOUN,_
44-6,BO141,44,44,7,di,di,di,ADP,_
44-7,BO141,44,44,8,"lakoff,",lakoff,Lakoff,PROPN,Intonation=weakly_rising
45-0,BO141,45,45,1,e:h,eh,eh,INTJ,_
45-1,BO141,45,45,2,di,di,di,ADP,_
45-2,BO141,45,45,3,leech,leech,Leech,PROPN,_
45-3,BO141,45,45,4,in,in,in,ADP,_
45-4,BO141,45,45,5,quanto,quanto,quanto,ADV,_
45-5,BO141,45,45,6,lakoff,lakoff,Lakoff,PROPN,_
45-6,BO141,45,45,7,vede,vede,vedere,VERB,_
45-7,BO141,45,45,8,la,la,il,DET,_
45-8,BO141,45,45,9,cortesia,cortesia,cortesia,NOUN,_
45-9,BO141,45,45,10,come,come,come,ADV,_
45-10,BO141,45,45,11,un,un,uno,DET,_
45-11,BO141,45,45,12,evitamento,evitamento,evitamento,NOUN,_
45-12,BO141,45,45,13,di,di,di,ADP,_
45-13,BO141,45,45,14,conflitto,conflitto,conflitto,NOUN,_
46-0,BO141,46,46,1,eh,eh,eh,INTJ,_
46-1,BO141,46,46,2,egli,egli,egli,PRON,_
46-2,BO141,46,46,3,pensa,pensa,pensare,VERB,_
46-3,BO141,46,46,4,che,che,che,SCONJ,_
46-4,BO141,46,46,5,ehm,ehm,ehm,INTJ,_
46-5,BO141,46,46,6,la,la,il,DET,_
46-6,BO141,46,46,7,la,la,il,DET,_
46-7,BO141,46,46,8,cortesia,cortesia,cortesia,NOUN,_
46-8,BO141,46,46,9,lavora,lavora,lavorare,VERB,_
46-9,BO141,46,46,10,assieme,assieme,assieme,ADV,_
46-10,BO141,46,46,11,lavori,lavori,lavoro,NOUN,_
46-11,BO141,46,46,12,assieme,assieme,assieme,ADV,_
46-12,BO141,46,46,13-14,al,al,_,_,_
46-12a,_,_,46,13,_,a,a,ADP,_
46-12b,_,_,46,14,_,il,il,DET,_
46-13,BO141,46,46,15,principio,principio,principio,NOUN,_
46-14,BO141,46,46,16,di,di,di,ADP,_
46-15,BO141,46,46,17,cooperazione,cooperazione,cooperazione,NOUN,_
46-16,BO141,46,46,18,e,e,e,CCONJ,_
46-17,BO141,46,46,19,che,che,che,SCONJ,_
46-18,BO141,46,46,20,sia,sia,essere,AUX,_
46-19,BO141,46,46,21,in,in,in,ADP,_
46-20,BO141,46,46,22,grado,grado,grado,NOUN,_
46-21,BO141,46,46,23,di,di,di,ADP,_
46-22,BO141,46,46,24,spiegare,spiegare,spiegare,VERB,_
47-0,BO141,47,47,1,la,la,il,DET,_
47-1,BO141,47,47,2,violazione,violazione,violazione,NOUN,_
47-2,BO141,47,47,3,di,di,di,ADP,_
47-3,BO141,47,47,4,in~,in~,X,X,Interrupted=Yes
47-4,BO141,47,47,5,di,di,di,ADP,_
47-5,BO141,47,47,6,tante,tante,tanto,DET,_
47-6,BO141,47,47,7,massime,massime,massima,NOUN,_
48-0,BO141,48,48,1,e,e,e,CCONJ,_
48-1,BO141,48,48,2,infatti,infatti,infatti,ADV,_
48-2,BO141,48,48,3,afferma,afferma,affermare,VERB,_
48-3,BO141,48,48,4,che,che,che,SCONJ,_
48-4,BO141,48,48,5,quando,quando,quando,SCONJ,_
48-5,BO141,48,48,6,non,non,non,ADV,_
48-6,BO141,48,48,7,lavora,lavora,lavorare,VERB,_
48-7,BO141,48,48,8,il,il,il,DET,_
48-8,BO141,48,48,9,principio,principio,principio,NOUN,_
48-9,BO141,48,48,10-11,della,della,_,_,_
48-9a,_,_,48,10,_,di,di,ADP,_
48-9b,_,_,48,11,_,la,il,DET,_
48-10,BO141,48,48,12,cortesia,cortesia,cortesia,NOUN,_
48-11,BO141,48,48,13,lavora,lavora,lavorare,VERB,_
48-12,BO141,48,48,14,e:hm,ehm,ehm,INTJ,_
49-0,BO141,49,49,1,il:,il,il,DET,_
49-1,BO141,49,49,2,il,il,il,DET,_
49-2,BO141,49,49,3,principio,principio,principio,NOUN,_
49-3,BO141,49,49,4,di,di,di,ADP,_
49-4,BO141,49,49,5,cooperazione,cooperazione,cooperazione,NOUN,_
49-5,BO141,49,49,6,di,di,di,ADP,_
49-6,BO141,49,49,7,grice,grice,Grice,PROPN,_
49-7,BO141,49,49,8,e,e,e,CCONJ,_
49-8,BO141,49,49,9,viceversa,viceversa,viceversa,ADV,_
50-0,BO141,50,50,1,in,in,in,ADP,_
50-1,BO141,50,50,2,quanto:,quanto,quanto,ADV,_
50-2,BO141,50,50,3,la,la,il,DET,_
50-3,BO141,50,50,4,teoria,teoria,teoria,NOUN,_
50-4,BO141,50,50,5,di,di,di,ADP,_
50-5,BO141,50,50,6,grice,grice,Grice,PROPN,_
50-6,BO141,50,50,7,è,è,essere,AUX,_
50-7,BO141,50,50,8,vista,vista,vedere,VERB,_
50-8,BO141,50,50,9,come,come,come,ADP,_
50-9,BO141,50,50,10,un,un,uno,DET,_
50-10,BO141,50,50,11,sottoinsieme,sottoinsieme,sottoinsieme,NOUN,_
50-11,BO141,50,50,12,eh,eh,eh,INTJ,_
50-12,BO141,50,50,13-14,della,della,_,_,_
50-12a,_,_,50,13,_,di,di,ADP,_
50-12b,_,_,50,14,_,la,la,DET,_
50-13,BO141,50,50,15-16,della,della,_,_,_
50-13a,_,_,50,15,_,di,di,ADP,_
50-13b,_,_,50,16,_,la,il,DET,_
50-14,BO141,50,50,17,politeness,politeness,politeness,NOUN,Lang=eng
50-15,BO141,50,50,18,perché,perché,perché,SCONJ,_
51-0,BO141,51,51,1,principalmente,principalmente,principalmente,ADV,_
51-1,BO141,51,51,2,la:,la,il,DET,_
51-2,BO141,51,51,3,il,il,il,DET,_
51-3,BO141,51,51,4,principio,principio,principio,NOUN,_
51-4,BO141,51,51,5,di,di,di,ADP,_
51-5,BO141,51,51,6,cooperazione,cooperazione,cooperazione,NOUN,_
51-6,BO141,51,51,7,afferma,afferma,affermare,VERB,_
51-7,BO141,51,51,8,di,di,di,ADP,_
51-8,BO141,51,51,9,essere,essere,essere,AUX,_
51-9,BO141,51,51,10,chiari,chiari,chiaro,ADJ,_
52-0,BO141,52,52,1,e:,e,e,CCONJ,_
52-1,BO141,52,52,2,e,e,e,CCONJ,_
52-2,BO141,52,52,3,la,la,il,DET,_
52-3,BO141,52,52,4,la,la,la,DET,_
52-4,BO141,52,52,5,e,e,e,CCONJ,_
52-5,BO141,52,52,6,l',l',il,DET,Truncated=Yes
52-6,BO141,52,52,7,essere,essere,essere,AUX,_
52-7,BO141,52,52,8,chiari,chiari,chiaro,ADJ,_
52-8,BO141,52,52,9,è,è,essere,AUX,_
52-9,BO141,52,52,10,una,una,uno,PRON,_
52-10,BO141,52,52,11-12,delle,delle,_,_,_
52-10a,_,_,52,11,_,di,di,ADP,_
52-10b,_,_,52,12,_,le,il,DET,_
52-11,BO141,52,52,13,macro,macro,macro,ADJ,_
52-12,BO141,52,52,14,regole,regole,regola,NOUN,_
52-13,BO141,52,52,15,e:h,eh,eh,INTJ,_
52-14,BO141,52,52,16-17,della,della,_,_,_
52-14a,_,_,52,16,_,di,di,ADP,_
52-14b,_,_,52,17,_,la,il,DET,_
52-15,BO141,52,52,18,cortesia,cortesia,cortesia,NOUN,_
53-0,BO141,53,53,1,poi,poi,poi,ADV,_
53-1,BO141,53,53,2,dopo,dopo,dopo,ADV,_
53-2,BO141,53,53,3,eh,eh,eh,INTJ,_
53-3,BO141,53,53,4,abbiamo,abbiamo,avere,AUX,_
53-4,BO141,53,53,5,visto,visto,vedere,VERB,_
53-5,BO141,53,53,6,come,come,come,SCONJ,_
53-6,BO141,53,53,7,anche,anche,anche,ADV,_
53-7,BO141,53,53,8,lakoff,lakoff,Lakoff,PROPN,_
53-8,BO141,53,53,9,declina,declina,declinare,VERB,_
53-9,BO141,53,53,10,la,la,il,DET,_
53-10,BO141,53,53,11,cortesia,cortesia,cortesia,NOUN,_
53-11,BO141,53,53,12,in,in,in,ADP,_
53-12,BO141,53,53,13,tre,tre,tre,NUM,_
53-13,BO141,53,53,14,massime,massime,massima,NOUN,_
54-0,BO141,54,54,1,eh,eh,eh,INTJ,_
54-1,BO141,54,54,2,ovvero,ovvero,ovvero,CCONJ,_
54-2,BO141,54,54,3,che,che,che,SCONJ,_
54-3,BO141,54,54,4,n~,n~,non,ADV,Interrupted=Yes
54-4,BO141,54,54,5,n~,n~,non,ADV,Interrupted=Yes
54-5,BO141,54,54,6,non,non,non,ADV,_
54-6,BO141,54,54,7,"imporre,",imporre,imporre,VERB,Intonation=weakly_rising
54-7,BO141,54,54,8,ehm,ehm,ehm,INTJ,_
54-8,BO141,54,54,9-10,dai,dai,_,_,_
54-8a,_,_,54,9,_,da,da,ADP,_
54-8b,_,_,54,10,_,i,i,DET,_
54-9,BO141,54,54,11-12,dai,dai,_,_,_
54-9a,_,_,54,11,_,da,da,ADP,_
54-9b,_,_,54,12,_,i,il,DET,_
54-10,BO141,54,54,13,opzioni,opzioni,opzione,NOUN,_
54-11,BO141,54,54,14,cioè,cioè,cioè,CCONJ,_
54-12,BO141,54,54,15,dà,dà,dare,VERB,_
54-13,BO141,54,54,16,libertà,libertà,libertà,NOUN,_
54-14,BO141,54,54,17,di,di,di,ADP,_
54-15,BO141,54,54,18,scegliere,scegliere,scegliere,VERB,_
54-16,BO141,54,54,19,e,e,e,CCONJ,_
54-17,BO141,54,54,20,fai,fai,fare,VERB,_
54-18,BO141,54,54,21,star,star,stare,VERB,_
54-19,BO141,54,54,22,bene,bene,bene,ADV,_
54-20,BO141,54,54,23,l',l',il,DET,Truncated=Yes
54-21,BO141,54,54,24,altro,altro,altro,ADJ,_
55-0,BO141,55,55,1,poi,poi,poi,ADV,_
55-1,BO141,55,55,2,abbiamo,abbiamo,avere,AUX,_
55-2,BO141,55,55,3,visto,visto,vedere,VERB,_
55-3,BO141,55,55,4,invece,invece,invece,ADV,_
55-4,BO141,55,55,5,la,la,il,DET,_
55-5,BO141,55,55,6,cortesia,cortesia,cortesia,NOUN,_
55-6,BO141,55,55,7,{P},{P},_,_,_
55-7,BO141,55,55,8,di,di,di,ADP,_
55-8,BO141,55,55,9,leech,leech,Leech,PROPN,_
56-0,BO141,56,56,1,che,che,che,PRON,_
56-1,BO141,56,56,2,abbiamo,abbiamo,avere,AUX,_
56-2,BO141,56,56,3,visto,visto,vedere,VERB,_
56-3,BO141,56,56,4,che,che,che,SCONJ,_
56-4,BO141,56,56,5,per,per,per,ADP,_
56-5,BO141,56,56,6,per,per,per,ADP,_
56-6,BO141,56,56,7,questo,questo,questo,DET,_
56-7,BO141,56,56,8,linguista,linguista,linguista,NOUN,_
56-8,BO141,56,56,9,la,la,il,DET,_
56-9,BO141,56,56,10,cor~,cor~,cortesia,NOUN,Interrupted=Yes
56-10,BO141,56,56,11,per,per,per,ADP,_
56-11,BO141,56,56,12,questo,questo,questo,DET,_
56-12,BO141,56,56,13,linguista,linguista,linguista,NOUN,_
56-13,BO141,56,56,14,la,la,il,DET,_
56-14,BO141,56,56,15,cortesia,cortesia,cortesia,NOUN,_
56-15,BO141,56,56,16,lavora,lavora,lavorare,VERB,_
56-16,BO141,56,56,17,parallelamente,parallelamente,parallelamente,ADV,_
56-17,BO141,56,56,18-19,al,al,_,_,_
56-17a,_,_,56,18,_,a,a,ADP,_
56-17b,_,_,56,19,_,il,il,DET,_
56-18,BO141,56,56,20,principio,principio,principio,NOUN,_
56-19,BO141,56,56,21,di,di,di,ADP,_
56-20,BO141,56,56,22,cooperazione,cooperazione,cooperazione,NOUN,_
57-0,BO141,57,57,1,e,e,e,CCONJ,_
57-1,BO141,57,57,2,e,e,e,CCONJ,_
57-2,BO141,57,57,3,questa,questa,questo,PRON,_
57-3,BO141,57,57,4,e,e,e,CCONJ,_
57-4,BO141,57,57,5,questa,questa,questo,DET,_
57-5,BO141,57,57,6,cortesia,cortesia,cortesia,NOUN,_
57-6,BO141,57,57,7,viene,viene,venire,AUX,_
57-7,BO141,57,57,8,articolata,articolata,articolare,VERB,_
57-8,BO141,57,57,9,in,in,in,ADP,_
57-9,BO141,57,57,10,sei,sei,sei,NUM,_
57-10,BO141,57,57,11,massime,massime,massima,NOUN,_
58-0,BO141,58,58,1,che,che,che,PRON,_
58-1,BO141,58,58,2,sono,sono,essere,AUX,_
58-2,BO141,58,58,3,il,il,il,DET,_
58-3,BO141,58,58,4,"tatto,",tatto,tatto,NOUN,Intonation=weakly_rising
58-4,BO141,58,58,5,la,la,il,DET,_
58-5,BO141,58,58,6,"generosità,",generosità,generosità,NOUN,Intonation=weakly_rising
58-6,BO141,58,58,7,la,la,il,DET,_
58-7,BO141,58,58,8,"modestia,",modestia,modestia,NOUN,Intonation=weakly_rising
58-8,BO141,58,58,9,l',l',il,DET,Truncated=Yes
58-9,BO141,58,58,10,"accordo,",accordo,accordo,NOUN,Intonation=weakly_rising
58-10,BO141,58,58,11,l',l',il,DET,Truncated=Yes
58-11,BO141,58,58,12,"approvazione,",approvazione,approvazione,NOUN,Intonation=weakly_rising
58-12,BO141,58,58,13,la,la,il,DET,_
58-13,BO141,58,58,14,"simpatia,",simpatia,simpatia,NOUN,Intonation=weakly_rising
59-0,BO141,59,59,1,poi,poi,poi,ADV,_
59-1,BO141,59,59,2,ci,ci,ci,PRON,_
59-2,BO141,59,59,3,siamo,siamo,essere,AUX,_
59-3,BO141,59,59,4,chiesti,chiesti,chiedere,VERB,_
59-4,BO141,59,59,5,però,però,però,ADV,_
59-5,BO141,59,59,6,se,se,se,SCONJ,_
59-6,BO141,59,59,7,la,la,il,DET,_
59-7,BO141,59,59,8,cortesia,cortesia,cortesia,NOUN,_
59-8,BO141,59,59,9,lavori,lavori,lavorare,VERB,_
59-9,BO141,59,59,10,univar~,univar~,X,X,Interrupted=Yes
59-10,BO141,59,59,11,universalmente,universalmente,universalmente,ADV,_
60-0,BO141,60,60,1,oppure,oppure,oppure,CCONJ,_
60-1,BO141,60,60,2,se,se,se,SCONJ,_
60-2,BO141,60,60,3,eh,eh,eh,INTJ,_
60-3,BO141,60,60,4,sia,sia,essere,AUX,_
60-4,BO141,60,60,5,influenzata,influenzata,influenzare,VERB,_
60-5,BO141,60,60,6-7,dal,dal,_,_,_
60-5a,_,_,60,6,_,da,da,ADP,_
60-5b,_,_,60,7,_,il,il,DET,_
60-6,BO141,60,60,8,contesto,contesto,contesto,NOUN,_
60-7,BO141,60,60,9,e,e,e,CCONJ,_
60-8,BO141,60,60,10,o,o,o,CCONJ,_
60-9,BO141,60,60,11-12,dalla,dalla,_,_,_
60-9a,_,_,60,11,_,da,da,ADP,_
60-9b,_,_,60,12,_,la,il,DET,_
60-10,BO141,60,60,13,cultura,cultura,cultura,NOUN,_
61-0,BO141,61,61,1,quindi,quindi,quindi,ADV,_
61-1,BO141,61,61,2,abbiamo,abbiamo,avere,AUX,_
61-2,BO141,61,61,3,visto,visto,vedere,VERB,_
61-3,BO141,61,61,4,come,come,come,SCONJ,_
61-4,BO141,61,61,5,leech,leech,Leech,PROPN,_
61-5,BO141,61,61,6,ha,ha,avere,AUX,_
61-6,BO141,61,61,7,cercato,cercato,cercare,VERB,_
61-7,BO141,61,61,8,di,di,di,ADP,_
61-8,BO141,61,61,9,eh,eh,eh,INTJ,_
61-9,BO141,61,61,10,creare,creare,creare,VERB,_
61-10,BO141,61,61,11,una,una,uno,DET,_
61-11,BO141,61,61,12,scala,scala,scala,NOUN,_
61-12,BO141,61,61,13,per,per,per,ADP,_
61-13,BO141,61,61,14,misurare,misurare,misurare,VERB,_
61-14,BO141,61,61,15,la,la,il,DET,_
61-15,BO141,61,61,16,politeness,politeness,politeness,NOUN,Lang=eng
62-0,BO141,62,62,1,attraverso,attraverso,attraverso,ADP,_
62-1,BO141,62,62,2,una,una,uno,DET,_
62-2,BO141,62,62,3,scala,scala,scala,NOUN,_
62-3,BO141,62,62,4,di,di,di,ADP,_
62-4,BO141,62,62,5,costi,costi,costo,NOUN,_
62-5,BO141,62,62,6,"benefici,",benefici,beneficio,NOUN,Intonation=weakly_rising
62-6,BO141,62,62,7,costi,costi,costo,NOUN,_
62-7,BO141,62,62,8,per,per,per,ADP,_
62-8,BO141,62,62,9,il,il,il,DET,_
62-9,BO141,62,62,10,"parlante,",parlante,parlante,NOUN,Intonation=weakly_rising
62-10,BO141,62,62,11,benefici,benefici,beneficio,NOUN,_
62-11,BO141,62,62,12,per,per,per,ADP,_
62-12,BO141,62,62,13,l',l',il,DET,Truncated=Yes
62-13,BO141,62,62,14,interlocutore,interlocutore,interlocutore,NOUN,_
63-0,BO141,63,63,1,e,e,e,CCONJ,_
63-1,BO141,63,63,2,una,una,uno,DET,_
63-2,BO141,63,63,3,scala,scala,scala,NOUN,_
63-3,BO141,63,63,4,di,di,di,ADP,_
63-4,BO141,63,63,5,autorità,autorità,autorità,NOUN,_
63-5,BO141,63,63,6,che:,che,che,PRON,_
63-6,BO141,63,63,7,stabilisce,stabilisce,stabilire,VERB,_
63-7,BO141,63,63,8,il,il,il,DET,_
63-8,BO141,63,63,9,grado,grado,grado,NOUN,_
63-9,BO141,63,63,10,di,di,di,ADP,_
63-10,BO141,63,63,11,familiarità,familiarità,familiarità,NOUN,_
64-0,BO141,64,64,1,oppure,oppure,oppure,CCONJ,_
64-1,BO141,64,64,2,e,e,e,X,_
64-2,BO141,64,64,3,a~,a~,X,X,Interrupted=Yes
64-3,BO141,64,64,4,o~,o~,X,X,Interrupted=Yes
64-4,BO141,64,64,5,inoltre,inoltre,inoltre,ADV,_
64-5,BO141,64,64,6,una,una,uno,DET,_
64-6,BO141,64,64,7,sc~,sc~,scala,NOUN,Interrupted=Yes
64-7,BO141,64,64,8,la,la,il,DET,_
64-8,BO141,64,64,9,scala,scala,scala,NOUN,_
64-9,BO141,64,64,10-11,dell',dell',_,_,Truncated=Yes
64-9a,_,_,64,10,_,di,di,ADP,_
64-9b,_,_,64,11,_,l',il,DET,_
64-10,BO141,64,64,12,opzionalità,opzionalità,opzionalità,NOUN,_
64-11,BO141,64,64,13,in,in,in,ADP,_
64-12,BO141,64,64,14,quanto,quanto,quanto,ADV,_
64-13,BO141,64,64,15,bisogna,bisogna,bisognare,VERB,_
64-14,BO141,64,64,16,dare,dare,dare,VERB,_
64-15,BO141,64,64,17-18,all',all',_,_,Truncated=Yes
64-15a,_,_,64,17,_,a,a,ADP,_
64-15b,_,_,64,18,_,l',il,DET,_
64-16,BO141,64,64,19,interlocutore,interlocutore,interlocutore,NOUN,_
64-17,BO141,64,64,20,la,la,il,DET,_
64-18,BO141,64,64,21,libertà,libertà,libertà,NOUN,_
64-19,BO141,64,64,22,di,di,di,ADP,_
64-20,BO141,64,64,23,scegliere,scegliere,scegliere,VERB,_
65-0,BO141,65,65,1,e,e,e,CCONJ,_
65-1,BO141,65,65,2,la,la,il,DET,_
65-2,BO141,65,65,3,scala,scala,scala,NOUN,_
65-3,BO141,65,65,4-5,dell',dell',_,_,Truncated=Yes
65-3a,_,_,65,4,_,di,di,ADP,_
65-3b,_,_,65,5,_,l',il,DET,_
65-4,BO141,65,65,6,indirettezza,indirettezza,indirettezza,NOUN,_
65-5,BO141,65,65,7,perché,perché,perché,SCONJ,_
65-6,BO141,65,65,8,il,il,il,DET,_
65-7,BO141,65,65,9,parlante,parlante,parlante,NOUN,_
65-8,BO141,65,65,10,deve,deve,dovere,AUX,_
65-9,BO141,65,65,11,sa~,sa~,X,X,Interrupted=Yes
65-10,BO141,65,65,12,deve,deve,dovere,AUX,_
65-11,BO141,65,65,13,deve,deve,dovere,AUX,_
65-12,BO141,65,65,14,deve,deve,dovere,AUX,_
65-13,BO141,65,65,15,prevedere,prevedere,prevedere,VERB,_
65-14,BO141,65,65,16,lo,lo,il,DET,_
65-15,BO141,65,65,17,sforzo,sforzo,sforzo,NOUN,_
65-16,BO141,65,65,18,interl~,interl~,X,X,Interrupted=Yes
65-17,BO141,65,65,19,interpretativo,interpretativo,interpretativo,ADJ,_
65-18,BO141,65,65,20-21,dell',dell',_,_,Truncated=Yes
65-18a,_,_,65,20,_,di,di,ADP,_
65-18b,_,_,65,21,_,l',il,DET,_
65-19,BO141,65,65,22,interlocutore,interlocutore,interlocutore,NOUN,_
66-0,BO117,66,66,1,mh,mh,mh,INTJ,_
66-1,BO117,66,66,2,mh,mh,mh,INTJ,_
67-0,BO141,67,67,1,poi,poi,poi,ADV,_
67-1,BO141,67,67,2,abbiamo,abbiamo,avere,AUX,_
67-2,BO141,67,67,3,visto,visto,vedere,VERB,_
67-3,BO141,67,67,4,la,la,il,DET,_
67-4,BO141,67,67,5,cortesia,cortesia,cortesia,NOUN,_
67-5,BO141,67,67,6,di,di,di,ADP,_
67-6,BO141,67,67,7,brown,brown,Brown,PROPN,
67-7,BO141,67,67,8,e,e,e,CCONJ,_
67-8,BO141,67,67,9,levinson,levinson,Levinson,PROPN,_
68-0,BO141,68,68,1,eh,eh,eh,INTJ,_
68-1,BO141,68,68,2,in,in,in,ADP,_
68-2,BO141,68,68,3,quanto,quanto,quanto,ADV,_
68-3,BO141,68,68,4,essi,essi,esso,PRON,_
68-4,BO141,68,68,5,attribuiscono,attribuiscono,attribuire,VERB,_
68-5,BO141,68,68,6-7,alla,alla,_,_,_
68-5a,_,_,68,6,_,a,a,ADP,_
68-5b,_,_,68,7,_,la,il,DET,_
68-6,BO141,68,68,8,cortesia,cortesia,cortesia,NOUN,_
68-7,BO141,68,68,9,tutti,tutti,tutto,DET,_
68-8,BO141,68,68,10,quegli,quegli,quello,DET,_
68-9,BO141,68,68,11,atti,atti,atto,NOUN,_
68-10,BO141,68,68,12,che,che,che,PRON,_
68-11,BO141,68,68,13,il,il,il,DET,_
68-12,BO141,68,68,14,parlante,parlante,parlante,NOUN,_
68-13,BO141,68,68,15,compie,compie,compiere,VERB,_
69-0,BO141,69,69,1,per,per,per,ADP,_
69-1,BO141,69,69,2,salvaguardare,salvaguardare,salvaguardare,VERB,_
69-2,BO141,69,69,3,la,la,il,DET,_
69-3,BO141,69,69,4,propria,propria,proprio,DET,_
69-4,BO141,69,69,5,identità,identità,identità,NOUN,_
69-5,BO141,69,69,6,a,a,a,ADP,_
69-6,BO141,69,69,7,discapito,discapito,discapito,NOUN,_
69-7,BO141,69,69,8-9,degli,degli,_,_,_
69-7a,_,_,69,8,_,di,di,ADP,_
69-7b,_,_,69,9,_,gli,il,DET,_
69-8,BO141,69,69,10,altri,altri,altro,ADJ,_
70-0,BO141,70,70,1,infatti,infatti,infatti,ADV,_
70-1,BO141,70,70,2,si,si,si,PRON,_
70-2,BO141,70,70,3,vedono,vedono,vedere,VERB,_
70-3,BO141,70,70,4,eh,eh,eh,INTJ,_
71-0,BO117,71,71,1,ecco,ecco,ecco,ADV,_
71-1,BO117,71,71,2,mh,mh,mh,INTJ,_
71-2,BO117,71,71,3,identità?,identità,identità,NOUN,Intonation=rising
71-3,BO117,71,71,4,siam~,siam~,X,X,Interrupted=Yes
71-4,BO117,71,71,5,sicuri?,sicuri,sicuro,ADJ,Intonation=rising
71-5,BO117,71,71,6,perché,perché,perché,SCONJ,_
71-6,BO117,71,71,7,lei,lei,lei,PRON,_
71-7,BO117,71,71,8,non,non,non,ADV,_
71-8,BO117,71,71,9,ha,ha,avere,AUX,_
71-9,BO117,71,71,10,ancora,ancora,ancora,ADV,_
71-10,BO117,71,71,11,nominato,nominato,nominare,VERB,_
71-11,BO117,71,71,12,un,un,uno,DET,_
71-12,BO117,71,71,13,concetto,concetto,concetto,NOUN,_
71-13,BO117,71,71,14,che,che,che,PRON,_
71-14,BO117,71,71,15,invece,invece,invece,ADV,_
71-15,BO117,71,71,16,è,è,essere,AUX,_
71-16,BO117,71,71,17,centrale,centrale,centrale,ADJ,_
72-0,BO141,72,72,1,la,la,il,DET,_
72-1,BO141,72,72,2,faccia,faccia,faccia,NOUN,_
73-0,BO117,73,73,1,esatto,esatto,esatto,ADJ,_
73-1,BO117,73,73,2,la,la,il,DET,_
73-2,BO117,73,73,3,"faccia,",faccia,faccia,NOUN,Intonation=weakly_rising
73-3,BO117,73,73,4,chi,chi,chi,PRON,_
73-4,BO117,73,73,5,chi,chi,chi,PRON,_
73-5,BO117,73,73,6,è,è,essere,AUX,_
73-6,BO117,73,73,7,mh,mh,mh,INTJ,_
73-7,BO117,73,73,8,per,per,per,ADP,_
73-8,BO117,73,73,9,[primo,primo,primo,ADJ,_
73-9,BO117,73,73,10,a,a,a,ADP,_
73-10,BO117,73,73,11-12,parlarne],parlarne,_,_,_
73-10a,_,_,73,11,_,parlar,parlare,VERB,_
73-10b,_,_,73,12,_,ne,ne,PRON,_
74-0,BO141,74,74,1,[e::h,eh,eh,INTJ,_
74-1,BO141,74,74,2,goffman,goffman,Goffman,PROPN,_
74-2,BO141,74,74,3,introdusse],introdusse,introdurre,VERB,_
74-3,BO141,74,74,4,la,la,il,DET,_
74-4,BO141,74,74,5,nozione,nozione,nozione,NOUN,_
74-5,BO141,74,74,6,di,di,di,ADP,_
74-6,BO141,74,74,7,faccia,faccia,faccia,NOUN,_
74-7,BO141,74,74,8-9,negli,negli,_,_,_
74-7a,_,_,74,8,_,in,in,ADP,_
74-7b,_,_,74,9,_,gli,il,DET,_
74-8,BO141,74,74,10,anni,anni,anno,NOUN,_
74-9,BO141,74,74,11,cinquanta,cinquanta,cinquanta,NUM,_
75-0,BO117,75,75,1,[goffman],goffman,Goffman,PROPN,_
76-0,BO141,76,76,1,eh,eh,eh,INTJ,_
76-1,BO141,76,76,2,infatti,infatti,infatti,ADV,_
76-2,BO141,76,76,3,per,per,per,ADP,_
76-3,BO141,76,76,4,goffman,goffman,Goffman,PROPN,_
76-4,BO141,76,76,5,eh,eh,eh,INTJ,_
76-5,BO141,76,76,6,salvaguardare,salvaguardare,salvaguardare,VERB,_
76-6,BO141,76,76,7,la,la,il,DET,_
76-7,BO141,76,76,8,faccia,faccia,faccia,NOUN,_
76-8,BO141,76,76,9,non,non,non,ADV,_
76-9,BO141,76,76,10,è,è,essere,AUX,_
76-10,BO141,76,76,11,l',l',il,DET,Truncated=Yes
76-11,BO141,76,76,12,obiettivo,obiettivo,obiettivo,NOUN,_
76-12,BO141,76,76,13-14,dei,dei,_,_,_
76-12a,_,_,76,13,_,di,di,ADP,_
76-12b,_,_,76,14,_,i,il,DET,_
76-13,BO141,76,76,15,parlanti,parlanti,parlante,NOUN,_
77-0,BO141,77,77,1,ma,ma,ma,CCONJ,_
77-1,BO141,77,77,2,il,il,il,DET,_
77-2,BO141,77,77,3,risultato,risultato,risultato,NOUN,_
77-3,BO141,77,77,4-5,dell',dell',_,_,Truncated=Yes
77-3a,_,_,77,4,_,di,di,ADP,_
77-3b,_,_,77,5,_,l',il,DET,_
77-4,BO141,77,77,6,adeguamento,adeguamento,adeguamento,NOUN,_
77-5,BO141,77,77,7-8,dei,dei,_,_,_
77-5a,_,_,77,7,_,di,di,ADP,_
77-5b,_,_,77,8,_,i,il,DET,_
77-6,BO141,77,77,9,parlanti,parlanti,parlante,NOUN,_
77-7,BO141,77,77,10,ad,ad,a,ADP,_
77-8,BO141,77,77,11,un,un,uno,DET,_
77-9,BO141,77,77,12,ordine,ordine,ordine,NOUN,_
77-10,BO141,77,77,13,rituale,rituale,rituale,ADJ,_
78-0,BO141,78,78,1,e:h,eh,eh,INTJ,_
78-1,BO141,78,78,2,quindi,quindi,quindi,ADV,_
78-2,BO141,78,78,3,la,la,il,DET,_
78-3,BO141,78,78,4,faccia,faccia,faccia,NOUN,_
78-4,BO141,78,78,5,è,è,essere,AUX,_
78-5,BO141,78,78,6,quel,quel,quello,DET,_
78-6,BO141,78,78,7,valore,valore,valore,NOUN,_
78-7,BO141,78,78,8,sociale,sociale,sociale,ADJ,_
78-8,BO141,78,78,9,che,che,che,PRON,_
78-9,BO141,78,78,10,ognuno,ognuno,ognuno,PRON,_
78-10,BO141,78,78,11,di,di,di,ADP,_
78-11,BO141,78,78,12,noi,noi,noi,PRON,_
78-12,BO141,78,78,13,mostra,mostra,mostrare,VERB,_
78-13,BO141,78,78,14,di,di,di,ADP,_
78-14,BO141,78,78,15,sé,sé,sé,PRON,_
78-15,BO141,78,78,16-17,agli,agli,_,_,_
78-15a,_,_,78,16,_,a,a,ADP,_
78-15b,_,_,78,17,_,gli,il,DET,_
78-16,BO141,78,78,18,altri,altri,altro,PRON,_
79-0,BO141,79,79,1,e:hm,ehm,ehm,INTJ,_
79-1,BO141,79,79,2,in,in,in,ADP,_
79-2,BO141,79,79,3,accordo,accordo,accordo,NOUN,_
79-3,BO141,79,79,4,con,con,con,ADP,_
79-4,BO141,79,79,5,la,la,la,DET,_
79-5,BO141,79,79,6,con,con,con,ADP,_
79-6,BO141,79,79,7,la,la,il,DET,_
79-7,BO141,79,79,8,valutazione,valutazione,valutazione,NOUN,_
79-8,BO141,79,79,9-10,del,del,_,_,_
79-8a,_,_,79,9,_,di,di,ADP,_
79-8b,_,_,79,10,_,il,il,DET,_
79-9,BO141,79,79,11,gioco,gioco,gioco,NOUN,_
79-10,BO141,79,79,12,di,di,di,ADP,_
79-11,BO141,79,79,13,specchi,specchi,specco,NOUN,_
79-12,BO141,79,79,14,tra,tra,tra,ADP,_
79-13,BO141,79,79,15,parlante,parlante,parlante,NOUN,_
79-14,BO141,79,79,16,e,e,e,CCONJ,_
79-15,BO141,79,79,17,e,e,e,CCONJ,_
79-16,BO141,79,79,18,ascoltatore,ascoltatore,ascoltatore,NOUN,_
80-0,BO141,80,80,1,quindi,quindi,quindi,ADV,_
80-1,BO141,80,80,2,ehm,ehm,ehm,INTJ,_
81-0,BO141,81,81,1,(no),no,no,INTJ,_
81-1,BO141,81,81,2,p~,p~,per,ADP,Interrupted=Yes
81-2,BO141,81,81,3,p~,p~,per,ADP,Interrupted=Yes
81-3,BO141,81,81,4,p~,p~,per,ADP,Interrupted=Yes
81-4,BO141,81,81,5,per,per,per,ADP,_
81-5,BO141,81,81,6,goffman,goffman,Goffman,PROPN,_
81-6,BO141,81,81,7,eh,eh,eh,INTJ,_
81-7,BO141,81,81,8,l~,l~,la,DET,Interrupted=Yes
81-8,BO141,81,81,9,la,la,la,DET,_
81-9,BO141,81,81,10,la,la,la,DET,_
82-0,BO141,82,82,1,salvaguardare,salvaguardare,salvaguardare,VERB,_
82-1,BO141,82,82,2,la,la,il,DET,_
82-2,BO141,82,82,3,faccia,faccia,faccia,NOUN,_
82-3,BO141,82,82,4,è,è,essere,AUX,_
82-4,BO141,82,82,5,il,il,il,DET,_
82-5,BO141,82,82,6,risultato,risultato,risultato,NOUN,_
82-6,BO141,82,82,7-8,dell',dell',_,_,Truncated=Yes
82-6a,_,_,82,7,_,di,di,ADP,_
82-6b,_,_,82,8,_,l',il,DET,_
82-7,BO141,82,82,9,atteggiamento,atteggiamento,atteggiamento,NOUN,_
82-8,BO141,82,82,10-11,dei,dei,_,_,_
82-8a,_,_,82,10,_,di,di,ADP,_
82-8b,_,_,82,11,_,i,il,DET,_
82-9,BO141,82,82,12,parlanti,parlanti,parlante,NOUN,_
82-10,BO141,82,82,13,che,che,che,PRON,_
82-11,BO141,82,82,14,seguono,seguono,seguire,VERB,_
82-12,BO141,82,82,15,determinati,determinati,determinato,ADJ,_
82-13,BO141,82,82,16,riti,riti,rito,NOUN,_
83-0,BO141,83,83,1,e,e,e,CCONJ,_
83-1,BO141,83,83,2,inoltre,inoltre,inoltre,ADV,_
83-2,BO141,83,83,3,la,la,il,DET,_
83-3,BO141,83,83,4,faccia,faccia,faccia,NOUN,_
83-4,BO141,83,83,5,è,è,essere,AUX,_
83-5,BO141,83,83,6,strettamente,strettamente,strettamente,ADV,_
83-6,BO141,83,83,7,collegata,collegata,collegato,ADJ,_
83-7,BO141,83,83,8-9,all',all',_,_,Truncated=Yes
83-7a,_,_,83,8,_,a,a,ADP,_
83-7b,_,_,83,9,_,l',il,DET,_
83-8,BO141,83,83,10,autov~,autov~,X,X,Interrupted=Yes
83-9,BO141,83,83,11-12,al,al,_,_,_
83-9a,_,_,83,11,_,a,a,ADP,_
83-9b,_,_,83,12,_,il,il,DET,_
83-10,BO141,83,83,13,processo,processo,processo,NOUN,_
83-11,BO141,83,83,14,di,di,di,ADP,_
83-12,BO141,83,83,15,autovalutazione,autovalutazione,autovalutazione,NOUN,_
84-0,BO141,84,84,1,e,e,e,CCONJ,_
84-1,BO141,84,84,2,attraverso,attraverso,attraverso,ADP,_
84-2,BO141,84,84,3,il,il,il,DET,_
84-3,BO141,84,84,4,modo,modo,modo,NOUN,_
84-4,BO141,84,84,5,in,in,in,ADP,_
84-5,BO141,84,84,6,cui,cui,cui,PRON,_
84-6,BO141,84,84,7,il,il,il,DET,_
84-7,BO141,84,84,8,proprio,proprio,proprio,DET,_
84-8,BO141,84,84,9,sé,sé,sé,PRON,_
84-9,BO141,84,84,10,è,è,essere,AUX,_
84-10,BO141,84,84,11,costruito,costruito,costruire,VERB,_
84-11,BO141,84,84,12,rispetto,rispetto,rispetto,NOUN,_
84-12,BO141,84,84,13-14,agli,agli,_,_,_
84-12a,_,_,84,13,_,a,a,ADP,_
84-12b,_,_,84,14,_,gli,il,DET,_
84-13,BO141,84,84,15,altri,altri,altro,ADJ,_
84-14,BO141,84,84,16,partecipanti,partecipanti,partecipante,NOUN,_
84-15,BO141,84,84,17-18,alla,alla,_,_,_
84-15a,_,_,84,17,_,a,a,ADP,_
84-15b,_,_,84,18,_,la,il,DET,_
84-16,BO141,84,84,19,conversazione,conversazione,conversazione,NOUN,_
85-0,BO141,85,85,1,infatti,infatti,infatti,ADV,_
85-1,BO141,85,85,2,io,io,io,PRON,_
85-2,BO141,85,85,3,ho,ho,avere,VERB,_
85-3,BO141,85,85,4,la,la,il,DET,_
85-4,BO141,85,85,5,percezione,percezione,percezione,NOUN,_
85-5,BO141,85,85,6-7,della,della,_,_,_
85-5a,_,_,85,6,_,di,di,ADP,_
85-5b,_,_,85,7,_,la,il,DET,_
85-6,BO141,85,85,8,mia,mia,mio,DET,_
85-7,BO141,85,85,9,faccia,faccia,faccia,NOUN,_
85-8,BO141,85,85,10,in,in,in,ADP,_
85-9,BO141,85,85,11,base,base,base,NOUN,_
85-10,BO141,85,85,12,a,a,a,ADP,_
85-11,BO141,85,85,13,come,come,come,SCONJ,_
85-12,BO141,85,85,14,gli,gli,il,DET,_
85-13,BO141,85,85,15,altri,altri,altro,PRON,_
85-14,BO141,85,85,16,si,si,si,PRON,_
85-15,BO141,85,85,17,comportano,comportano,comportare,VERB,_
85-16,BO141,85,85,18,con,con,con,ADP,_
85-17,BO141,85,85,19,me,me,me,PRON,_
85-18,BO141,85,85,20-21,nell',nell',_,_,Truncated=Yes
85-18a,_,_,85,20,_,in,in,ADP,_
85-18b,_,_,85,21,_,l',il,DET,_
85-19,BO141,85,85,22,interazione,interazione,interazione,NOUN,_
85-20,BO141,85,85,23,"sociale,",sociale,sociale,ADJ,Intonation=weakly_rising
86-0,BO141,86,86,1,però,però,però,ADV,_
86-1,BO141,86,86,2,abbiamo,abbiamo,avere,AUX,_
86-2,BO141,86,86,3,visto,visto,vedere,VERB,_
86-3,BO141,86,86,4,come,come,come,SCONJ,_
86-4,BO141,86,86,5,questo,questo,questo,DET,_
86-5,BO141,86,86,6,concetto,concetto,concetto,NOUN,_
86-6,BO141,86,86,7,sia,sia,essere,AUX,_
86-7,BO141,86,86,8,un,un,uno,DET,_
86-8,BO141,86,86,9,po',po',poco,ADV,_
86-9,BO141,86,86,10,volatile,volatile,volatile,ADJ,_
86-10,BO141,86,86,11,perché,perché,perché,SCONJ,_
86-11,BO141,86,86,12,di~,di~,X,X,Interrupted=Yes
87-0,BO141,87,87,1,cambia,cambia,cambiare,VERB,_
87-1,BO141,87,87,2,eh,eh,eh,INTJ,_
87-2,BO141,87,87,3,da,da,da,ADP,_
87-3,BO141,87,87,4,da,da,da,ADP,_
87-4,BO141,87,87,5,interazio~,interazio~,interazione,NOUN,Interrupted=Yes
87-5,BO141,87,87,6,dipende,dipende,dipendere,VERB,_
87-6,BO141,87,87,7,da,da,da,ADP,_
87-7,BO141,87,87,8,interazione,interazione,interazione,NOUN,_
87-8,BO141,87,87,9,a,a,a,ADP,_
87-9,BO141,87,87,10,"interazione,",interazione,interazione,NOUN,Intonation=weakly_rising
87-10,BO141,87,87,11,può,può,potere,AUX,_
87-11,BO141,87,87,12,continuamente,continuamente,continuamente,ADV,_
87-12,BO141,87,87,13,essere,essere,essere,AUX,_
87-13,BO141,87,87,14,ehm,ehm,ehm,INTJ,_
87-14,BO141,87,87,15,rinegoziato,rinegoziato,rinegoziare,VERB,_
88-0,BO141,88,88,1,e,e,e,CCONJ,_
88-1,BO141,88,88,2,quindi,quindi,quindi,ADV,_
89-0,BO117,89,89,1,e,e,e,CCONJ,_
89-1,BO117,89,89,2,brown,brown,Brown,PROPN,_
89-2,BO117,89,89,3,e,e,e,CCONJ,_
89-3,BO117,89,89,4,levinson,levinson,Levinson,PROPN,_
89-4,BO117,89,89,5,come,come,come,SCONJ,_
89-5,BO117,89,89,6,la,la,la,PRON,_
89-6,BO117,89,89,7,definiscono::,definiscono,definire,VERB,_
89-7,BO117,89,89,8,invece,invece,invece,ADV,_
89-8,BO117,89,89,9,la,la,il,DET,_
89-9,BO117,89,89,10,faccia?,faccia,faccia,NOUN,Intonation=rising
90-0,BO141,90,90,1,la,la,la,PRON,_
90-1,BO141,90,90,2,essi,essi,esso,PRON,_
90-2,BO141,90,90,3,enfatizzano,enfatizzano,enfatizzare,VERB,_
90-3,BO141,90,90,4,la,la,il,DET,_
90-4,BO141,90,90,5,faccia,faccia,faccia,NOUN,_
90-5,BO141,90,90,6,eh,eh,eh,INTJ,_
90-6,BO141,90,90,7,rispetto,rispetto,rispetto,NOUN,_
90-7,BO141,90,90,8-9,al,al,_,_,_
90-7a,_,_,90,8,_,a,a,ADP,_
90-7b,_,_,90,9,_,il,il,DET,_
90-8,BO141,90,90,10,suo,suo,suo,DET,_
90-9,BO141,90,90,11,carattere,carattere,carattere,NOUN,_
90-10,BO141,90,90,12,difensivo,difensivo,difensivo,ADJ,_
91-0,BO141,91,91,1,eh,eh,eh,INTJ,_
91-1,BO141,91,91,2,in,in,in,ADP,_
91-2,BO141,91,91,3,quanto,quanto,quanto,ADV,_
91-3,BO141,91,91,4,egli,egli,egli,DET,_
91-4,BO141,91,91,5,e~,e~,esso,PRON,Interrupted=Yes
91-5,BO141,91,91,6,essi,essi,esso,PRON,_
91-6,BO141,91,91,7,e::hm:,ehm,ehm,INTJ,_
92-0,BO141,92,92,1,definiscono,definiscono,definire,VERB,_
92-1,BO141,92,92,2,eh,eh,eh,INTJ,_
92-2,BO141,92,92,3,la,la,il,DET,_
92-3,BO141,92,92,4,la,la,il,DET,_
92-4,BO141,92,92,5,faccia,faccia,faccia,NOUN,_
92-5,BO141,92,92,6,come,come,come,SCONJ,_
92-6,BO141,92,92,7,e::h,eh,eh,NOUN,_
92-7,BO141,92,92,8,ciò,ciò,ciò,PRON,_
93-0,BO141,93,93,1,che,che,che,PRON,_
93-1,BO141,93,93,2,ci,ci,ci,PRON,_
93-2,BO141,93,93,3,permette,permette,permettere,VERB,_
93-3,BO141,93,93,4,di,di,di,ADP,_
93-4,BO141,93,93,5,eh,eh,eh,INTJ,_
93-5,BO141,93,93,6-7,difenderci,difenderci,_,_,_
93-5a,_,_,93,6,_,difender,difendere,VERB,_
93-5b,_,_,93,7,_,ci,ci,PRON,_
93-6,BO141,93,93,8,eh,eh,eh,INTJ,_
93-7,BO141,93,93,9-10,dal,dal,_,_,_
93-7a,_,_,93,9,_,da,da,ADP,_
93-7b,_,_,93,10,_,il,il,DET,_
93-8,BO141,93,93,11-12,difenderci,difenderci,_,_,_
93-8a,_,_,93,11,_,difender,difendere,VERB,_
93-8b,_,_,93,12,_,ci,ci,PRON,_
93-9,BO141,93,93,13-14,dal,dal,_,_,_
93-9a,_,_,93,13,_,da,da,ADP,_
93-9b,_,_,93,14,_,il,il,DET,_
93-10,BO141,93,93,15,da,da,da,ADP,_
93-11,BO141,93,93,16,gli,gli,il,DET,_
93-12,BO141,93,93,17,altri,altri,altro,PRON,_
94-0,BO141,94,94,1,e,e,e,CCONJ,_
94-1,BO141,94,94,2,ed,ed,e,CCONJ,_
94-2,BO141,94,94,3,è,è,essere,AUX,_
94-3,BO141,94,94,4,una,una,uno,DET,_
94-4,BO141,94,94,5,nozione,nozione,nozione,NOUN,_
94-5,BO141,94,94,6,universale,universale,universale,ADJ,_
94-6,BO141,94,94,7,abbiamo,abbiamo,avere,AUX,_
94-7,BO141,94,94,8,visto,visto,vedere,VERB,_
94-8,BO141,94,94,9,come,come,come,SCONJ,_
94-9,BO141,94,94,10,dividono,dividono,dividere,VERB,_
94-10,BO141,94,94,11,eh,eh,eh,INTJ,_
94-11,BO141,94,94,12,la,la,la,DET,_
95-0,BO117,95,95,1,no,no,non,ADV,_
95-1,BO117,95,95,2,la,la,il,DET,_
95-2,BO117,95,95,3,faccia,faccia,faccia,NOUN,_
95-3,BO117,95,95,4,non,non,non,ADV,_
95-4,BO117,95,95,5,è,è,essere,AUX,_
95-5,BO117,95,95,6,ciò,ciò,ciò,PRON,_
95-6,BO117,95,95,7,che,che,che,PRON,_
95-7,BO117,95,95,8,ci,ci,ci,PRON,_
95-8,BO117,95,95,9,permette,permette,permettere,VERB,_
95-9,BO117,95,95,10,di,di,di,ADP,_
95-10,BO117,95,95,11-12,difenderci,difenderci,_,_,_
95-10a,_,_,95,11,_,difender,difendere,VERB,_
95-10b,_,_,95,12,_,ci,ci,PRON,_
95-11,BO117,95,95,13-14,dagli,dagli,_,_,_
95-11a,_,_,95,13,_,da,da,ADP,_
95-11b,_,_,95,14,_,gli,il,DET,_
95-12,BO117,95,95,15,altri,altri,altro,PRON,_
95-13,BO117,95,95,16,eh,eh,eh,INTJ,_
96-0,BO141,96,96,1,è,è,essere,AUX,_
96-1,BO141,96,96,2,è,è,essere,AUX,_
97-0,BO141,97,97,1,è,è,essere,AUX,_
97-1,BO141,97,97,2,perché,perché,perché,SCONJ,_
97-2,BO141,97,97,3,ha~,ha~,avere,AUX,Interrupted=Yes
97-3,BO141,97,97,4,hanno~,hanno~,avere,AUX,Interrupted=Yes
97-4,BO141,97,97,5,enfatizzato,enfatizzato,enfatizzare,VERB,_
97-5,BO141,97,97,6,questo,questo,questo,PRON,_
97-6,BO141,97,97,7,(lipo~),lipo~,X,X,Interrupted=Yes
97-7,BO141,97,97,8,questo,questo,questo,PRON,_
97-8,BO141,97,97,9,la,la,il,DET,_
97-9,BO141,97,97,10,la,la,il,DET,_
97-10,BO141,97,97,11,faccia,faccia,faccia,NOUN,_
98-0,BO141,98,98,1,eh,eh,eh,INTJ,_
98-1,BO141,98,98,2,rispetto,rispetto,rispetto,NOUN,_
98-2,BO141,98,98,3,a~,a~,X,X,Interrupted=Yes
98-3,BO141,98,98,4-5,al,al,_,_,_
98-3a,_,_,98,4,_,a,a,ADP,_
98-3b,_,_,98,5,_,il,il,DET,_
98-4,BO141,98,98,6,suo,suo,suo,DET,_
98-5,BO141,98,98,7,valore,valore,valore,NOUN,_
98-6,BO141,98,98,8-9,al,al,_,_,_
98-6a,_,_,98,8,_,a,a,ADP,_
98-6b,_,_,98,9,_,il,il,DET,_
98-7,BO141,98,98,10,suo,suo,suo,DET,_
98-8,BO141,98,98,11,valore,valore,valore,NOUN,_
98-9,BO141,98,98,12,dif~,dif~,difensivo,ADJ,Interrupted=Yes
98-10,BO141,98,98,13,difensivo,difensivo,difensivo,ADJ,_
98-11,BO141,98,98,14,quindi,quindi,quindi,ADV,_
98-12,BO141,98,98,15,se,se,se,SCONJ,_
98-13,BO141,98,98,16,sono,sono,essere,AUX,_
99-0,BO117,99,99,1,[sì,sì,sì,ADV,_
99-1,BO117,99,99,2,però,però,però,ADV,_
99-2,BO117,99,99,3,in,in,in,ADP,_
99-3,BO117,99,99,4,che,che,che,DET,_
99-4,BO117,99,99,5,senso]?,senso,senso,NOUN,Intonation=rising
100-0,BO141,100,100,1,[si,si,si,PRON,_
100-1,BO141,100,100,2,sono,sono,essere,AUX,_
100-2,BO141,100,100,3,occupati,occupati,occupare,VERB,_
100-3,BO141,100,100,4,di],di,di,ADP,_
100-4,BO141,100,100,5,vedere,vedere,vedere,VERB,_
100-5,BO141,100,100,6,e::h,eh,eh,INTJ,_
100-6,BO141,100,100,7,il,il,il,DET,_
100-7,BO141,100,100,8,sé,sé,sé,PRON,_
101-0,BO141,101,101,1,eh,eh,eh,INTJ,_
101-1,BO141,101,101,2,ch~,ch~,che,PRON,Interrupted=Yes
101-2,BO141,101,101,3,che,che,che,PRON,_
101-3,BO141,101,101,4,è,è,essere,AUX,_
101-4,BO141,101,101,5,comunque,comunque,comunque,ADV,_
102-0,BO141,102,102,1,eh,eh,eh,INTJ,_
102-1,BO141,102,102,2,un,un,uno,DET,_
102-2,BO141,102,102,3,la,la,il,DET,_
102-3,BO141,102,102,4,la,la,il,DET,_
102-4,BO141,102,102,5,faccia,faccia,faccia,NOUN,_
102-5,BO141,102,102,6,è,è,essere,AUX,_
102-6,BO141,102,102,7,un,un,uno,DET,_
102-7,BO141,102,102,8,è,è,essere,AUX,_
102-8,BO141,102,102,9,un,un,uno,DET,_
102-9,BO141,102,102,10,insieme,insieme,insieme,NOUN,_
102-10,BO141,102,102,11,stabile,stabile,stabile,ADJ,_
102-11,BO141,102,102,12,di,di,di,ADP,_
102-12,BO141,102,102,13,valori,valori,valore,NOUN,_
102-13,BO141,102,102,14,che,che,che,PRON,_
102-14,BO141,102,102,15,ognuno,ognuno,ognuno,PRON,_
102-15,BO141,102,102,16,di,di,di,ADP,_
102-16,BO141,102,102,17,noi,noi,noi,PRON,_
102-17,BO141,102,102,18,ha,ha,avere,VERB,_
103-0,BO141,103,103,1,eh,eh,eh,INTJ,_
103-1,BO141,103,103,2,d~,d~,X,X,Interrupted=Yes
103-2,BO141,103,103,3,dentro,dentro,dentro,ADV,_
103-3,BO141,103,103,4,di,di,di,ADP,_
103-4,BO141,103,103,5,sé,sé,sé,PRON,_
103-5,BO141,103,103,6,e,e,e,CCONJ,_
103-6,BO141,103,103,7,che,che,che,PRON,_
103-7,BO141,103,103,8,in,in,in,ADP,_
103-8,BO141,103,103,9,qualche,qualche,qualche,DET,_
103-9,BO141,103,103,10,modo,modo,modo,NOUN,_
103-10,BO141,103,103,11,ehm,ehm,ehm,INTJ,_
104-0,BO141,104,104,1,porta,porta,portare,VERB,_
104-1,BO141,104,104,2,avanti,avanti,avanti,ADV,_
104-2,BO141,104,104,3,eh,eh,eh,INTJ,_
104-3,BO141,104,104,4,nel~,nel~,in,ADP,Interrupted=Yes
104-4,BO141,104,104,5-6,nello:,nello,_,_,_
104-4a,_,_,104,5,_,in,in,ADP,_
104-4b,_,_,104,6,_,lo,il,PRON,_
104-5,BO141,104,104,7-8,nella,nella,_,_,_
104-5a,_,_,104,7,_,in,in,ADP,_
104-5b,_,_,104,8,_,la,il,DET,_
104-6,BO141,104,104,9,conversazione,conversazione,conversazione,NOUN,_
104-7,BO141,104,104,10,quindi,quindi,quindi,ADV,_
104-8,BO141,104,104,11,è,è,essere,AUX,_
104-9,BO141,104,104,12,quell',quell',quello,DET,Truncated=Yes
104-10,BO141,104,104,13,immagine,immagine,immagine,NOUN,_
104-11,BO141,104,104,14,di,di,di,ADP,_
104-12,BO141,104,104,15,sé,sé,sé,PRON,_
104-13,BO141,104,104,16,eh,eh,eh,INTJ,_
104-14,BO141,104,104,17,po~,po~,positivo,ADJ,Interrupted=Yes
104-15,BO141,104,104,18,positiva,positiva,positivo,ADJ,_
105-0,BO141,105,105,1,e,e,e,CCONJ,_
105-1,BO141,105,105,2,coerente,coerente,coerente,ADJ,_
105-2,BO141,105,105,3,che,che,che,SCONJ,_
105-3,BO141,105,105,4,ognu~,ognu~,X,X,Interrupted=Yes
105-4,BO141,105,105,5,che,che,che,PRON,_
105-5,BO141,105,105,6,ogni,ogni,ogni,DET,_
105-6,BO141,105,105,7,partecipante,partecipante,partecipante,NOUN,_
105-7,BO141,105,105,8,porta,porta,portare,VERB,_
105-8,BO141,105,105,9,avanti,avanti,avanti,ADV,_
105-9,BO141,105,105,10-11,nello,nello,_,_,_
105-9a,_,_,105,10,_,in,in,ADP,_
105-9b,_,_,105,11,_,lo,lo,DET,_
105-10,BO141,105,105,12-13,nello,nello,_,_,_
105-10a,_,_,105,12,_,in,in,ADP,_
105-10b,_,_,105,13,_,lo,il,DET,_
105-11,BO141,105,105,14,scambio,scambio,scambio,NOUN,_
105-12,BO141,105,105,15,comunicativo,comunicativo,comunicativo,ADJ,_
106-0,BO141,106,106,1,e,e,e,CCONJ,_
106-1,BO141,106,106,2,che,che,che,PRON,_
106-2,BO141,106,106,3,include,include,includere,VERB,_
106-3,BO141,106,106,4,il,il,il,DET,_
106-4,BO141,106,106,5,desiderio,desiderio,desiderio,NOUN,_
106-5,BO141,106,106,6,che,che,che,PRON,_
106-6,BO141,106,106,7,questa,questa,questo,DET,_
106-7,BO141,106,106,8,immagine,immagine,immagine,NOUN,_
106-8,BO141,106,106,9,[sia],sia,essere,AUX,_
106-9,BO141,106,106,10,riconosciuta,riconosciuta,riconoscere,VERB,_
106-10,BO141,106,106,11,e,e,e,CCONJ,_
106-11,BO141,106,106,12,apprezzata,apprezzata,apprezzare,VERB,_
107-0,BO117,107,107,1,[mh],mh,mh,INTJ,_
108-0,BO141,108,108,1,quindi,quindi,quindi,ADV,_
108-1,BO141,108,108,2,ehm,ehm,ehm,INTJ,_
108-2,BO141,108,108,3,(po'),po',poco,ADV,_
108-3,BO141,108,108,4,co~,co~,corrispondere,VERB,Interrupted=Yes
108-4,BO141,108,108,5,co~,co~,corrispondere,VERB,Interrupted=Yes
108-5,BO141,108,108,6,co~,co~,corrispondere,VERB,Interrupted=Yes
108-6,BO141,108,108,7,corrisponde,corrisponde,corrispondere,VERB,_
108-7,BO141,108,108,8,ehm,ehm,ehm,INTJ,_
108-8,BO141,108,108,9,al~,al~,a,ADP,Interrupted=Yes
108-9,BO141,108,108,10-11,al,al,_,_,_
108-9a,_,_,108,10,_,a,a,ADP,_
108-9b,_,_,108,11,_,il,il,DET,_
108-10,BO141,108,108,12,voler~,voler~,volere,AUX,Interrupted=Yes
109-0,BO141,109,109,1-2,al,al,_,_,_
109-0a,_,_,109,1,_,a,a,ADP,_
109-0b,_,_,109,2,_,il,il,DET,_
109-1,BO141,109,109,3,voler,voler,voler,AUX,_
109-2,BO141,109,109,4,essere,essere,essere,AUX,_
109-3,BO141,109,109,5,apprezzati,apprezzati,apprezzare,VERB,_
109-4,BO141,109,109,6,e,e,e,CCONJ,_
109-5,BO141,109,109,7,a,a,a,ADP,_
109-6,BO141,109,109,8,a,a,a,ADP,_
109-7,BO141,109,109,9,mantenere,mantenere,mantenere,VERB,_
109-8,BO141,109,109,10,la,la,il,DET,_
109-9,BO141,109,109,11,propria,propria,proprio,DET,_
109-10,BO141,109,109,12,libertà,libertà,libertà,NOUN,_
109-11,BO141,109,109,13,di,di,di,ADP,_
109-12,BO141,109,109,14,azione.,azione,azione,NOUN,Intonation=falling
110-0,BO141,110,110,1,[>abbiam,abbiam,avere,AUX,_
110-1,BO141,110,110,2,visto<,visto,vedere,VERB,_
110-2,BO141,110,110,3,la,la,il,DET,_
110-3,BO141,110,110,4,"positive],",positive,positivo,ADJ,Intonation=weakly_rising
110-4,BO141,110,110,5,la,la,il,DET,_
110-5,BO141,110,110,6,negative,negative,negativo,ADJ,_
110-6,BO141,110,110,7,la,la,il,DET,_
110-7,BO141,110,110,8,negative,negative,negativo,ADJ,_
110-8,BO141,110,110,9,polite,polite,polite,NOUN,Lang=eng
110-9,BO141,110,110,10,la,la,il,DET,_
110-10,BO141,110,110,11,la,la,il,DET,_
110-11,BO141,110,110,12,faccia,faccia,faccia,NOUN,_
110-12,BO141,110,110,13,positiva,positiva,positivo,ADJ,_
110-13,BO141,110,110,14,e,e,e,CCONJ,_
110-14,BO141,110,110,15,la,la,il,DET,_
110-15,BO141,110,110,16,faccia,faccia,faccia,NOUN,_
110-16,BO141,110,110,17,negativa,negativa,negativo,ADJ,_
111-0,BO117,111,111,1,[e,e,e,CCONJ,_
111-1,BO117,111,111,2,quindi,quindi,quindi,ADV,_
111-2,BO117,111,111,3,come,come,come,ADP,_
111-3,BO117,111,111,4,vie~],vie~,X,X,Interrupted=Yes
112-0,BO141,112,112,1,e::hm,ehm,ehm,INTJ,_
112-1,BO141,112,112,2,che,che,che,SCONJ,_
112-2,BO141,112,112,3,quindi,quindi,quindi,ADV,_
112-3,BO141,112,112,4,ehm,ehm,ehm,INTJ,_
112-4,BO141,112,112,5,infatti,infatti,infatti,ADV,_
113-0,BO141,113,113,1,per,per,per,ADP,_
113-1,BO141,113,113,2,brown,brown,Brown,PROPN,_
113-2,BO141,113,113,3,e,e,e,CCONJ,_
113-3,BO141,113,113,4,levinson,levinson,Levinson,PROPN,_
113-4,BO141,113,113,5,la,la,il,DET,_
113-5,BO141,113,113,6,rappresentazione,rappresentazione,rappresentazione,NOUN,_
113-6,BO141,113,113,7,di,di,di,ADP,_
113-7,BO141,113,113,8,sé,sé,sé,PRON,_
113-8,BO141,113,113,9,è,è,essere,AUX,_
113-9,BO141,113,113,10,dentro,dentro,dentro,ADP,_
113-10,BO141,113,113,11,ognuno,ognuno,ognuno,PRON,_
113-11,BO141,113,113,12,di,di,di,ADP,_
113-12,BO141,113,113,13,noi,noi,noi,PRON,_
114-0,BO141,114,114,1,e,e,e,CCONJ,_
114-1,BO141,114,114,2,da,da,da,ADP,_
114-2,BO141,114,114,3,essa,essa,essa,PRON,_
114-3,BO141,114,114,4,nascono,nascono,nascere,VERB,_
114-4,BO141,114,114,5-6,degli,degli,_,_,_
114-4a,_,_,114,5,_,di,di,ADP,_
114-4b,_,_,114,6,_,gli,il,DET,_
114-5,BO141,114,114,7,atteggiamenti,atteggiamenti,atteggiamento,NOUN,_
114-6,BO141,114,114,8,eh,eh,eh,INTJ,_
114-7,BO141,114,114,9,volti,volti,volgere,VERB,_
115-0,BO141,115,115,1,a,a,a,ADP,_
115-1,BO141,115,115,2,mantenere,mantenere,mantenere,VERB,_
115-2,BO141,115,115,3,la,la,il,DET,_
115-3,BO141,115,115,4,propria,propria,proprio,DET,_
115-4,BO141,115,115,5,liber~,liber~,libertà,NOUN,Interrupted=Yes
115-5,BO141,115,115,6,libertà,libertà,libertà,NOUN,_
115-6,BO141,115,115,7,di,di,di,ADP,_
115-7,BO141,115,115,8,azione,azione,azione,NOUN,_
115-8,BO141,115,115,9,e,e,e,CCONJ,_
115-9,BO141,115,115,10,il,il,il,DET,_
115-10,BO141,115,115,11,>desiderio<,desiderio,desiderio,NOUN,_
115-11,BO141,115,115,12,di,di,di,ADP,_
115-12,BO141,115,115,13,voler,voler,volere,AUX,_
115-13,BO141,115,115,14,essere,essere,essere,AUX,_
115-14,BO141,115,115,15,apprezzati,apprezzati,apprezzare,VERB,_
115-15,BO141,115,115,16,quindi,quindi,quindi,ADV,_
116-0,BO141,116,116,1,abbiamo,abbiamo,avere,AUX,_
116-1,BO141,116,116,2,visto,visto,vedere,VERB,_
116-2,BO141,116,116,3,la,la,il,DET,_
116-3,BO141,116,116,4,dimensione,dimensione,dimensione,NOUN,_
116-4,BO141,116,116,5,so~,so~,X,X,Interrupted=Yes
116-5,BO141,116,116,6,la,la,il,DET,_
116-6,BO141,116,116,7,dimensione,dimensione,dimensione,NOUN,_
116-7,BO141,116,116,8,sociolo~,sociolo~,X,X,Interrupted=Yes
116-8,BO141,116,116,9,ehm,ehm,ehm,INTJ,_
116-9,BO141,116,116,10,fi~,fi~,filosofico,ADJ,Interrupted=Yes
116-10,BO141,116,116,11,filosofica,filosofica,filosofico,ADJ,_
116-11,BO141,116,116,12,in,in,in,ADP,_
116-12,BO141,116,116,13,cui,cui,cui,PRON,_
116-13,BO141,116,116,14,questi,questi,questo,PRON,_
116-14,BO141,116,116,15,elaborano,elaborano,elaborare,VERB,_
116-15,BO141,116,116,16,elaborano,elaborano,elaborare,VERB,_
116-16,BO141,116,116,17,la,la,il,DET,_
116-17,BO141,116,116,18,teoria.,teoria,teoria,NOUN,Intonation=falling
117-0,BO117,117,117,1,va,va,andare,VERB,_
117-1,BO117,117,117,2,"bene,",bene,bene,ADV,Intonation=weakly_rising
117-2,BO117,117,117,3,cambiamo:::,cambiamo,cambiare,VERB,_
117-3,BO117,117,117,4,{P},{P},_,_,_
117-4,BO117,117,117,5,ambito,ambito,ambito,NOUN,_
118-0,BO117,118,118,1,e::h,eh,eh,INTJ,_
118-1,BO117,118,118,2,e,e,e,CCONJ,_
118-2,BO117,118,118,3,parliamo,parliamo,parlare,VERB,_
118-3,BO117,118,118,4-5,dell',dell',_,_,Truncated=Yes
118-3a,_,_,118,4,_,di,di,ADP,_
118-3b,_,_,118,5,_,l',il,DET,_
118-4,BO117,118,118,6,accessibilità,accessibilità,accessibilità,NOUN,_
118-5,BO117,118,118,7-8,dei,dei,_,_,_
118-5a,_,_,118,7,_,di,di,ADP,_
118-5b,_,_,118,8,_,i,il,DET,_
118-6,BO117,118,118,9,"referenti,",referenti,referente,NOUN,Intonation=weakly_rising
119-0,BO117,119,119,1,le,le,il,DET,_
119-1,BO117,119,119,2,scale,scale,scala,NOUN,_
119-2,BO117,119,119,3,di,di,di,ADP,_
119-3,BO117,119,119,4,accessibilità,accessibilità,accessibilità,NOUN,_
119-4,BO117,119,119,5-6,dei,dei,_,_,_
119-4a,_,_,119,5,_,di,di,ADP,_
119-4b,_,_,119,6,_,i,il,DET,_
119-5,BO117,119,119,7,referenti,referenti,referente,NOUN,_
119-6,BO117,119,119,8,che::,che,che,PRON,_
119-7,BO117,119,119,9,abbiamo,abbiamo,avere,AUX,_
119-8,BO117,119,119,10,affrontato,affrontato,affrontare,VERB,_
119-9,BO117,119,119,11-12,nella,nella,_,_,_
119-9a,_,_,119,11,_,in,in,ADP,_
119-9b,_,_,119,12,_,la,il,DET,_
119-10,BO117,119,119,13,parte,parte,parte,NOUN,_
119-11,BO117,119,119,14,fin[ale::,finale,finale,ADJ,_
119-12,BO117,119,119,15-16,°del,del,_,_,Volume=low
119-12a,_,_,119,15,_,di,di,ADP,_
119-12b,_,_,119,16,_,il,il,DET,_
119-13,BO117,119,119,17,corso°,corso,corso,NOUN,Volume=low
119-14,BO117,119,119,18,mh],mh,mh,INTJ,_
120-0,BO141,120,120,1-2,[nella,nella,_,_,_
120-0a,_,_,120,1,_,in,in,ADP,_
120-0b,_,_,120,2,_,la,il,DET,_
120-1,BO141,120,120,3,linguistica,linguistica,linguistica,NOUN,_
120-2,BO141,120,120,4,testuale],testuale,testuale,ADJ,_
121-0,BO141,121,121,1,abbiamo,abbiamo,avere,AUX,_
121-1,BO141,121,121,2,visto,visto,vedere,VERB,_
121-2,BO141,121,121,3,la,la,il,DET,_
121-3,BO141,121,121,4,scala,scala,scala,NOUN,_
121-4,BO141,121,121,5-6,del,del,_,_,_
121-4a,_,_,121,5,_,di,di,ADP,_
121-4b,_,_,121,6,_,il,il,DET,_
121-5,BO141,121,121,7,di,di,di,ADP,_
121-6,BO141,121,121,8,accessibilità,accessibilità,accessibilità,NOUN,_
121-7,BO141,121,121,9,di,di,di,ADP,_
121-8,BO141,121,121,10,chafe,chafe,Chafe,PROPN,_
121-9,BO141,121,121,11,e:,e,e,CCONJ,_
121-10,BO141,121,121,12,e,e,e,CCONJ,_
121-11,BO141,121,121,13,di,di,di,ADP,_
121-12,BO141,121,121,14,levelt,levelt,Levelt,PROPN,_
122-0,BO141,122,122,1,chafe,chafe,Chafe,PROPN,_
122-1,BO141,122,122,2,divide,divide,dividere,VERB,_
122-2,BO141,122,122,3,i,i,il,DET,_
122-3,BO141,122,122,4,referenti,referenti,referente,NOUN,_
122-4,BO141,122,122,5,in,in,in,ADP,_
122-5,BO141,122,122,6,"attivi,",attivi,attivo,ADJ,Intonation=weakly_rising
122-6,BO141,122,122,7,semiattivi,semiattivi,semiattivo,ADJ,_
122-7,BO141,122,122,8,e:,e,e,CCONJ,_
122-8,BO141,122,122,9,"inattivi,",inattivi,inattivo,ADJ,Intonation=weakly_rising
123-0,BO141,123,123,1,ehm,ehm,ehm,INTJ,_
123-1,BO141,123,123,2,il,il,il,DET,_
123-2,BO141,123,123,3,referente,referente,referente,NOUN,_
123-3,BO141,123,123,4,attivo,attivo,attivo,ADJ,_
123-4,BO141,123,123,5,è,è,essere,AUX,_
123-5,BO141,123,123,6,quello,quello,quello,PRON,_
123-6,BO141,123,123,7,che,che,che,PRON,_
123-7,BO141,123,123,8,è,è,essere,VERB,_
123-8,BO141,123,123,9-10,al,al,_,_,_
123-8a,_,_,123,9,_,a,a,ADP,_
123-8b,_,_,123,10,_,il,il,DET,_
123-9,BO141,123,123,11,centro,centro,centro,NOUN,_
123-10,BO141,123,123,12-13,dell',dell',_,_,Truncated=Yes
123-10a,_,_,123,12,_,di,di,ADP,_
123-10b,_,_,123,13,_,l',il,DET,_
123-11,BO141,123,123,14,"attenzione,",attenzione,attenzione,NOUN,Intonation=weakly_rising
124-0,BO141,124,124,1,il,il,il,DET,_
124-1,BO141,124,124,2,referente,referente,referente,NOUN,_
124-2,BO141,124,124,3,semiattivo,semiattivo,semiattivo,ADJ,_
124-3,BO141,124,124,4,è,è,essere,AUX,_
124-4,BO141,124,124,5,quello,quello,quello,PRON,_
124-5,BO141,124,124,6,che,che,che,PRON,_
124-6,BO141,124,124,7,non,non,non,ADV,_
124-7,BO141,124,124,8,è,è,essere,VERB,_
124-8,BO141,124,124,9-10,al,al,_,_,_
124-8a,_,_,124,9,_,a,a,ADP,_
124-8b,_,_,124,10,_,il,il,DET,_
124-9,BO141,124,124,11,centro,centro,centro,NOUN,_
124-10,BO141,124,124,12-13,dell',dell',_,_,Truncated=Yes
124-10a,_,_,124,12,_,di,di,ADP,_
124-10b,_,_,124,13,_,l',il,DET,_
124-11,BO141,124,124,14,attenzione,attenzione,attenzione,NOUN,_
124-12,BO141,124,124,15,ma,ma,ma,CCONJ,_
124-13,BO141,124,124,16,è,è,essere,AUX,_
124-14,BO141,124,124,17,"accessibile,",accessibile,accessibile,ADJ,Intonation=weakly_rising
125-0,BO141,125,125,1,mentre,mentre,mentre,SCONJ,_
125-1,BO141,125,125,2,quello,quello,quello,PRON,_
125-2,BO141,125,125,3,inattivo,inattivo,inattivo,ADJ,_
125-3,BO141,125,125,4,è,è,essere,AUX,_
125-4,BO141,125,125,5,quello,quello,quello,PRON,_
125-5,BO141,125,125,6,che,che,che,PRON,_
125-6,BO141,125,125,7,fa,fa,fare,VERB,_
125-7,BO141,125,125,8,parte,parte,parte,NOUN,_
125-8,BO141,125,125,9-10,della,della,_,_,_
125-8a,_,_,125,9,_,di,di,ADP,_
125-8b,_,_,125,10,_,la,il,DET,_
125-9,BO141,125,125,11,nostra,nostra,nostro,DET,_
125-10,BO141,125,125,12,memoria,memoria,memoria,NOUN,_
125-11,BO141,125,125,13,ehm,ehm,ehm,INTJ,_
125-12,BO141,125,125,14,a,a,a,ADP,_
125-13,BO141,125,125,15,lungo,lungo,lungo,ADJ,_
125-14,BO141,125,125,16,termine,termine,termine,NOUN,_
126-0,BO141,126,126,1,invece,invece,invece,ADV,_
126-1,BO141,126,126,2,levelt,levelt,Levelt,PROPN,_
126-2,BO141,126,126,3,divide~,divide~,X,X,Interrupted=Yes
126-3,BO141,126,126,4,e:h,eh,eh,INTJ,_
126-4,BO141,126,126,5,il,il,il,DET,_
126-5,BO141,126,126,6,referente,referente,referente,NOUN,_
126-6,BO141,126,126,7,in,in,in,ADP,_
126-7,BO141,126,126,8,f~,f~,X,X,Interrupted=Yes
126-8,BO141,126,126,9,e,e,e,CCONJ,_
126-9,BO141,126,126,10,la,la,il,DET,_
126-10,BO141,126,126,11,divid~,divid~,X,X,Interrupted=Yes
126-11,BO141,126,126,12,divid~,divid~,X,X,Interrupted=Yes
126-12,BO141,126,126,13,le,le,il,DET,_
126-13,BO141,126,126,14,scale,scale,scala,NOUN,_
126-14,BO141,126,126,15,in,in,in,ADP,_
126-15,BO141,126,126,16,fo:cus,focus,focus,NOUN,_
127-0,BO141,127,127,1,che,che,che,PRON,_
127-1,BO141,127,127,2,è,è,essere,VERB,_
127-2,BO141,127,127,3-4,al,al,_,_,_
127-2a,_,_,127,3,_,a,a,ADP,_
127-2b,_,_,127,4,_,il,il,DET,_
127-3,BO141,127,127,5,centro,centro,centro,NOUN,_
127-4,BO141,127,127,6-7,dell',dell',_,_,Truncated=Yes
127-4a,_,_,127,6,_,di,di,ADP,_
127-4b,_,_,127,7,_,l',il,DET,_
127-5,BO141,127,127,8,attenzione,attenzione,attenzione,NOUN,_
127-6,BO141,127,127,9-10,nell',nell',_,_,Truncated=Yes
127-6a,_,_,127,9,_,in,in,ADP,_
127-6b,_,_,127,10,_,l',il,DET,_
127-7,BO141,127,127,11,universo,universo,universo,NOUN,_
127-8,BO141,127,127,12-13,del,del,_,_,_
127-8a,_,_,127,12,_,di,di,ADP,_
127-8b,_,_,127,13,_,il,il,DET,_
127-9,BO141,127,127,14,"discorso,",discorso,discorso,NOUN,Intonation=weakly_rising
128-0,BO141,128,128,1,che,che,che,PRON,_
128-1,BO141,128,128,2,è,è,essere,AUX,_
128-2,BO141,128,128,3,disponibile,disponibile,disponibile,ADJ,_
128-3,BO141,128,128,4-5,nell',nell',_,_,Truncated=Yes
128-3a,_,_,128,4,_,in,in,ADP,_
128-3b,_,_,128,5,_,l',il,DET,_
128-4,BO141,128,128,6,universo,universo,universo,NOUN,_
128-5,BO141,128,128,7-8,del,del,_,_,_
128-5a,_,_,128,7,_,di,di,ADP,_
128-5b,_,_,128,8,_,il,il,DET,_
128-6,BO141,128,128,9,"discorso,",discorso,discorso,NOUN,Intonation=weakly_rising
128-7,BO141,128,128,10,accessibile,accessibile,accessibile,ADJ,_
128-8,BO141,128,128,11,il,il,il,DET,_
128-9,BO141,128,128,12,il,il,il,DET,_
128-10,BO141,128,128,13,referente,referente,referente,NOUN,_
128-11,BO141,128,128,14,che,che,che,PRON,_
128-12,BO141,128,128,15,è,è,essere,AUX,_
128-13,BO141,128,128,16,"inferibile,",inferibile,inferibile,ADJ,Intonation=weakly_rising
129-0,BO141,129,129,1,e,e,e,CCONJ,_
129-1,BO141,129,129,2,inaccessbile,inaccessbile,inaccessbile,ADJ,_
129-2,BO141,129,129,3,il,il,il,DET,_
129-3,BO141,129,129,4,referente,referente,referente,NOUN,_
129-4,BO141,129,129,5,che,che,che,PRON,_
129-5,BO141,129,129,6,è,è,essere,AUX,_
129-6,BO141,129,129,7,totalmente,totalmente,totalmente,ADV,_
129-7,BO141,129,129,8,"nuovo,",nuovo,nuovo,ADJ,Intonation=weakly_rising
130-0,BO141,130,130,1,quindi,quindi,quindi,ADV,_
130-1,BO141,130,130,2,abbiamo,abbiamo,avere,AUX,_
130-2,BO141,130,130,3,visto,visto,vedere,VERB,_
130-3,BO141,130,130,4,che,che,che,SCONJ,_
130-4,BO141,130,130,5,anche,anche,anche,ADV,_
130-5,BO141,130,130,6,per,per,per,ADP,_
130-6,BO141,130,130,7,posizionare,posizionare,posizionare,VERB,_
130-7,BO141,130,130,8,i,i,il,DET,_
130-8,BO141,130,130,9,referenti,referenti,referente,NOUN,_
130-9,BO141,130,130,10,in,in,in,ADP,_
130-10,BO141,130,130,11,un,un,uno,DET,_
130-11,BO141,130,130,12,punto,punto,punto,NOUN,_
130-12,BO141,130,130,13-14,della,della,_,_,_
130-12a,_,_,130,13,_,di,di,ADP,_
130-12b,_,_,130,14,_,la,il,DET,_
130-13,BO141,130,130,15,scala,scala,scala,NOUN,_
130-14,BO141,130,130,16,dobbiamo,dobbiamo,dovere,AUX,_
130-15,BO141,130,130,17,tenere,tenere,tenere,VERB,_
130-16,BO141,130,130,18,conto,conto,conto,NOUN,_
130-17,BO141,130,130,19,di,di,di,ADP,_
130-18,BO141,130,130,20,tre,tre,tre,NUM,_
130-19,BO141,130,130,21,ordini,ordini,ordine,NOUN,_
131-0,BO141,131,131,1,che::,che,che,PRON,_
131-1,BO141,131,131,2,sono,sono,essere,AUX,_
131-2,BO141,131,131,3,che,che,che,PRON,_
131-3,BO141,131,131,4,è,è,essere,AUX,_
131-4,BO141,131,131,5,lo,lo,il,DET,_
131-5,BO141,131,131,6,status,status,status,NOUN,_
131-6,BO141,131,131,7-8,delle,delle,_,_,_
131-6a,_,_,131,7,_,di,di,ADP,_
131-6b,_,_,131,8,_,le,il,DET,_
131-7,BO141,131,131,9,conoscenze,conoscenze,conoscenza,NOUN,_
131-8,BO141,131,131,10,ovvero,ovvero,ovvero,CCONJ,_
131-9,BO141,131,131,11,se,se,se,SCONJ,_
131-10,BO141,131,131,12,le,le,il,DET,_
131-11,BO141,131,131,13,co~,co~,X,X,Interrupted=Yes
131-12,BO141,131,131,14,ovvero,ovvero,ovvero,CCONJ,_
131-13,BO141,131,131,15,se,se,se,SCONJ,_
131-14,BO141,131,131,16,queste,queste,questo,PRON,_
131-15,BO141,131,131,17,esistono,esistono,esistere,VERB,_
132-0,BO141,132,132,1,se,se,se,SCONJ,_
132-1,BO141,132,132,2,ci,ci,ci,PRON,_
132-2,BO141,132,132,3,"sono,",sono,essere,VERB,Intonation=weakly_rising
132-3,BO141,132,132,4,se,se,se,SCONJ,_
132-4,BO141,132,132,5,non,non,non,ADV,_
132-5,BO141,132,132,6,ci,ci,ci,PRON,_
132-6,BO141,132,132,7,"sono,",sono,essere,VERB,Intonation=weakly_rising
132-7,BO141,132,132,8,l',l',il,DET,Truncated=Yes
132-8,BO141,132,132,9,origine,origine,origine,NOUN,_
132-9,BO141,132,132,10-11,delle,delle,_,_,_
132-9a,_,_,132,10,_,di,di,ADP,_
132-9b,_,_,132,11,_,le,il,DET,_
132-10,BO141,132,132,12,conoscenze,conoscenze,conoscenza,NOUN,_
133-0,BO141,133,133,1,se,se,se,SCONJ,_
133-1,BO141,133,133,2,sono,sono,essere,AUX,_
133-2,BO141,133,133,3,"pregresse,",pregresse,pregresso,ADJ,Intonation=weakly_rising
133-3,BO141,133,133,4,portate,portate,portato,ADJ,_
133-4,BO141,133,133,5-6,dal,dal,_,_,_
133-4a,_,_,133,5,_,da,da,ADP,_
133-4b,_,_,133,6,_,il,il,DET,_
133-5,BO141,133,133,7,"testo,",testo,testo,NOUN,Intonation=weakly_rising
133-6,BO141,133,133,8,portate,portate,portare,VERB,_
133-7,BO141,133,133,9-10,dal,dal,_,_,_
133-7a,_,_,133,9,_,da,da,ADP,_
133-7b,_,_,133,10,_,il,il,DET,_
133-8,BO141,133,133,11,"contesto,",contesto,contesto,NOUN,Intonation=weakly_rising
134-0,BO141,134,134,1,e,e,e,CCONJ,_
134-1,BO141,134,134,2,il,il,il,DET,_
134-2,BO141,134,134,3,grado,grado,grado,NOUN,_
134-3,BO141,134,134,4,di,di,di,ADP,_
134-4,BO141,134,134,5,condivisione,condivisione,condivisione,NOUN,_
134-5,BO141,134,134,6,se,se,se,SCONJ,_
134-6,BO141,134,134,7,sono,sono,essere,AUX,_
134-7,BO141,134,134,8,pregresse,pregresse,pregresso,ADJ,_
134-8,BO141,134,134,9,"attive,",attive,attivo,ADJ,Intonation=weakly_rising
134-9,BO141,134,134,10,pregresse,pregresse,pregresso,ADJ,_
134-10,BO141,134,134,11,"inattive,",inattive,inattivo,ADJ,Intonation=weakly_rising
134-11,BO141,134,134,12,attivate,attivate,attivare,VERB,_
134-12,BO141,134,134,13-14,dal,dal,_,_,_
134-12a,_,_,134,13,_,da,da,ADP,_
134-12b,_,_,134,14,_,il,il,DET,_
134-13,BO141,134,134,15,discorso,discorso,discorso,NOUN,_
134-14,BO141,134,134,16,o,o,o,CCONJ,_
134-15,BO141,134,134,17,attivate,attivate,attivare,VERB,_
134-16,BO141,134,134,18-19,[dalla,dalla,_,_,_
134-16a,_,_,134,18,_,da,da,ADP,_
134-16b,_,_,134,19,_,la,il,DET,_
134-17,BO141,134,134,20,situazione].,situazione,situazione,NOUN,Intonation=falling
135-0,BO117,135,135,1,[qual,qual,quale,PRON,_
135-1,BO117,135,135,2,è,è,essere,AUX,_
135-2,BO117,135,135,3,il,il,il,DET,_
135-3,BO117,135,135,4,rap]porto,rapporto,rapporto,NOUN,_
135-4,BO117,135,135,5,tra,tra,tra,ADP,_
135-5,BO117,135,135,6,accessibilità,accessibilità,accessibilità,NOUN,_
135-6,BO117,135,135,7-8,dei,dei,_,_,_
135-6a,_,_,135,7,_,di,di,ADP,_
135-6b,_,_,135,8,_,i,il,DET,_
135-7,BO117,135,135,9,referenti,referenti,referente,NOUN,_
135-8,BO117,135,135,10,e,e,e,CCONJ,_
135-9,BO117,135,135,11,topic?,topic,topic,NOUN,Intonation=rising
136-0,BO141,136,136,1,abbiamo,abbiamo,avere,AUX,_
136-1,BO141,136,136,2,visto,visto,vedere,VERB,_
136-2,BO141,136,136,3,che:,che,che,SCONJ,_
136-3,BO141,136,136,4,il,il,il,DET,_
136-4,BO141,136,136,5,re~,re~,referente,NOUN,Interrupted=Yes
136-5,BO141,136,136,6,il,il,il,DET,_
136-6,BO141,136,136,7,ref~,ref~,referente,NOUN,Interrupted=Yes
136-7,BO141,136,136,8,più,più,più,ADV,_
136-8,BO141,136,136,9,il,il,il,DET,_
136-9,BO141,136,136,10,referente,referente,referente,NOUN,_
136-10,BO141,136,136,11,attivo,attivo,attivo,ADJ,_
136-11,BO141,136,136,12,è,è,essere,AUX,_
136-12,BO141,136,136,13,quello,quello,quello,PRON,_
136-13,BO141,136,136,14,più,più,più,ADV,_
136-14,BO141,136,136,15,accettabile,accettabile,accettabile,ADJ,_
136-15,BO141,136,136,16,come,come,come,ADP,_
136-16,BO141,136,136,17,"topic,",topic,topic,NOUN,Intonation=weakly_rising
137-0,BO141,137,137,1,abbiamo,abbiamo,avere,AUX,_
137-1,BO141,137,137,2,visto,visto,vedere,VERB,_
137-2,BO141,137,137,3-4,nel,nel,_,_,_
137-2a,_,_,137,3,_,in,in,ADP,_
137-2b,_,_,137,4,_,il,il,DET,_
137-3,BO141,137,137,5-6,nell',nell',_,_,Truncated=Yes
137-3a,_,_,137,5,_,in,in,ADP,_
137-3b,_,_,137,6,_,l',il,DET,_
137-4,BO141,137,137,7,ordine,ordine,ordine,NOUN,_
137-5,BO141,137,137,8,per,per,per,ADP,_
137-6,BO141,137,137,9,esempio,esempio,esempio,NOUN,_
137-7,BO141,137,137,10,"svo,",svo,SVO,NOUN,Intonation=weakly_rising
137-8,BO141,137,137,11,oppure,oppure,oppure,CCONJ,_
137-9,BO141,137,137,12-13,nei,nei,_,_,_
137-9a,_,_,137,12,_,in,in,ADP,_
137-9b,_,_,137,13,_,i,il,DET,_
137-10,BO141,137,137,14,costrutti,costrutti,costrutto,NOUN,_
137-11,BO141,137,137,15,presentativi,presentativi,presentativo,ADJ,_
137-12,BO141,137,137,16,ho,ho,ho,ADJ,_
137-13,BO141,137,137,17,ics,ics,X,X,_
137-14,BO141,137,137,18,che,che,che,PRON,_
137-15,BO141,137,137,19,c',c',ci,PRON,Truncated=Yes
137-16,BO141,137,137,20,è,è,essere,VERB,_
137-17,BO141,137,137,21,ics,ics,X,X,_
137-18,BO141,137,137,22,che,che,che,SCONJ,_
138-0,BO141,138,138,1,quindi,quindi,quindi,ADV,_
138-1,BO141,138,138,2,la,la,il,DET,_
138-2,BO141,138,138,3,più,più,più,ADV,_
138-3,BO141,138,138,4,più,più,più,ADV,_
138-4,BO141,138,138,5,il,il,il,DET,_
138-5,BO141,138,138,6,referente,referente,referente,NOUN,_
138-6,BO141,138,138,7,è,è,essere,AUX,_
138-7,BO141,138,138,8,attivo,attivo,attivo,ADJ,_
138-8,BO141,138,138,9,più,più,più,ADV,_
138-9,BO141,138,138,10,è,è,essere,AUX,_
138-10,BO141,138,138,11,accettabile,accettabile,accettabile,ADJ,_
138-11,BO141,138,138,12,come,come,come,ADP,_
138-12,BO141,138,138,13,"topic,",topic,topic,NOUN,Intonation=weakly_rising
139-0,BO141,139,139,1,invece,invece,invece,ADV,_
139-1,BO141,139,139,2,abbiamo,abbiamo,avere,AUX,_
139-2,BO141,139,139,3,visto,visto,vedere,VERB,_
139-3,BO141,139,139,4,come,come,come,ADP,_
139-4,BO141,139,139,5,il,il,il,DET,_
139-5,BO141,139,139,6,brand-new,brand-new,brand-new,ADJ,Lang=eng
139-6,BO141,139,139,7,ananchored,ananchored,ananchored,ADJ,Lang=eng
139-7,BO141,139,139,8,che,che,che,PRON,_
139-8,BO141,139,139,9,è,è,essere,AUX,_
139-9,BO141,139,139,10,quello,quello,quello,PRON,_
139-10,BO141,139,139,11,è,è,essere,AUX,_
139-11,BO141,139,139,12,è,è,essere,AUX,_
139-12,BO141,139,139,13,un,un,uno,DET,_
139-13,BO141,139,139,14,elemento,elemento,elemento,NOUN,_
139-14,BO141,139,139,15,ex,ex,ex,ADP,Lang=lat
139-15,BO141,139,139,16,novo,novo,novus,ADJ,Lang=lat
140-0,BO141,140,140,1,è,è,essere,AUX,_
140-1,BO141,140,140,2,que~,que~,quello,PRON,Interrupted=Yes
140-2,BO141,140,140,3,è,è,essere,AUX,_
140-3,BO141,140,140,4,quello,quello,quello,PRON,_
140-4,BO141,140,140,5,meno,meno,meno,ADV,_
140-5,BO141,140,140,6,meno,meno,meno,ADV,_
140-6,BO141,140,140,7,frequentemente,frequentemente,frequentemente,ADV,_
140-7,BO141,140,140,8,presente,presente,presente,ADJ,_
140-8,BO141,140,140,9,come,come,come,ADP,_
140-9,BO141,140,140,10,"topic,",topic,topic,NOUN,Intonation=weakly_rising
141-0,BO141,141,141,1,se,se,se,SCONJ,_
141-1,BO141,141,141,2,vogliamo,vogliamo,volere,AUX,_
141-2,BO141,141,141,3,mettere,mettere,mettere,VERB,_
141-3,BO141,141,141,4,un,un,uno,DET,_
141-4,BO141,141,141,5,elemento,elemento,elemento,NOUN,_
141-5,BO141,141,141,6,nuovo,nuovo,nuovo,ADJ,_
141-6,BO141,141,141,7,a,a,a,ADP,_
141-7,BO141,141,141,8,topic,topic,topic,NOUN,_
141-8,BO141,141,141,9,dobbiamo,dobbiamo,dovere,AUX,_
141-9,BO141,141,141,10,utilizzare,utilizzare,utilizzare,VERB,_
141-10,BO141,141,141,11-12,delle,delle,_,_,_
141-10a,_,_,141,11,_,di,di,ADP,_
141-10b,_,_,141,12,_,le,il,DET,_
141-11,BO141,141,141,13,strategie,strategie,strategia,NOUN,_
141-12,BO141,141,141,14,ovvero,ovvero,ovvero,CCONJ,_
142-0,BO141,142,142,1-2,delle,delle,_,_,_
142-0a,_,_,142,1,_,di,di,ADP,_
142-0b,_,_,142,2,_,le,il,DET,_
142-1,BO141,142,142,3,espressioni,espressioni,espressione,NOUN,_
142-2,BO141,142,142,4,marcate,marcate,marcato,ADJ,_
142-3,BO141,142,142,5,come,come,come,SCONJ,_
142-4,BO141,142,142,6,abbiamo,abbiamo,avere,AUX,_
142-5,BO141,142,142,7,visto,visto,vedere,VERB,_
142-6,BO141,142,142,8,per,per,per,ADP,_
142-7,BO141,142,142,9,esempio,esempio,esempio,NOUN,_
142-8,BO141,142,142,10,la,la,il,DET,_
142-9,BO141,142,142,11,dislocazione,dislocazione,dislocazione,NOUN,_
142-10,BO141,142,142,12,a,a,a,ADP,_
142-11,BO141,142,142,13,sinistra,sinistra,sinistra,NOUN,_
143-0,BO141,143,143,1,e,e,e,CCONJ,_
143-1,BO141,143,143,2,che,che,che,PRON,_
143-2,BO141,143,143,3,che,che,che,PRON,_
143-3,BO141,143,143,4,in,in,in,ADP,_
143-4,BO141,143,143,5,questo,questo,questo,DET,_
143-5,BO141,143,143,6,modo,modo,modo,NOUN,_
143-6,BO141,143,143,7,ci,ci,ci,PRON,_
143-7,BO141,143,143,8,ci,ci,ci,PRON,_
143-8,BO141,143,143,9,permette,permette,permettere,VERB,_
143-9,BO141,143,143,10,di,di,di,ADP,_
143-10,BO141,143,143,11,di,di,di,ADP,_
143-11,BO141,143,143,12,posizionare,posizionare,posizionare,VERB,_
143-12,BO141,143,143,13,questo,questo,questo,DET,_
143-13,BO141,143,143,14,elemento,elemento,elemento,NOUN,_
143-14,BO141,143,143,15,a,a,a,ADP,_
143-15,BO141,143,143,16,topic.,topic,topic,NOUN,Intonation=falling
144-0,BO117,144,144,1,va,va,andare,VERB,_
144-1,BO117,144,144,2,"bene,",bene,bene,ADV,Intonation=weakly_rising
145-0,BO117,145,145,1,"okay,",okay,okay,INTJ,Intonation=weakly_rising
146-0,BO117,146,146,1,m:::h,mh,mh,INTJ,_
147-0,BO117,147,147,1,qual,qual,quale,PRON,_
147-1,BO117,147,147,2,è,è,essere,AUX,_
147-2,BO117,147,147,3,la,la,il,DET,_
147-3,BO117,147,147,4,parte,parte,parte,NOUN,_
147-4,BO117,147,147,5,che,che,che,PRON,_
147-5,BO117,147,147,6,le,le,le,PRON,_
147-6,BO117,147,147,7,è,è,essere,AUX,_
147-7,BO117,147,147,8,interessata,interessata,interessato,ADJ,_
147-8,BO117,147,147,9,di,di,di,ADP,_
147-9,BO117,147,147,10,più?,più,più,ADV,Intonation=rising
148-0,BO141,148,148,1,eh,eh,eh,INTJ,_
148-1,BO141,148,148,2,i,i,il,DET,_
148-2,BO141,148,148,3,post~,post~,post,ADP,Interrupted=Yes|Lang=eng
148-3,BO141,148,148,4,e::h,eh,eh,INTJ,_
148-4,BO141,148,148,5,è,è,essere,AUX,_
148-5,BO141,148,148,6,la,la,il,DET,_
148-6,BO141,148,148,7,relevance,relevance,relevance,NOUN,Lang=eng
148-7,BO141,148,148,8,theory,theory,theory,NOUN,Lang=eng
149-0,BO117,149,149,1,la,la,il,DET,_
149-1,BO117,149,149,2,relevance,relevance,relevance,NOUN,Lang=eng
149-2,BO117,149,149,3,"theory,",theory,theory,NOUN,Intonation=weakly_rising|Lang=eng
149-3,BO117,149,149,4,come,come,come,ADP,_
149-4,BO117,149,149,5,mai?,mai,mai,ADV,Intonation=rising
150-0,BO141,150,150,1,perché::,perché,perché,SCONJ,_
150-1,BO141,150,150,2,mi,mi,mi,PRON,_
150-2,BO141,150,150,3,è,è,essere,AUX,_
151-0,BO141,151,151,1,eh,eh,eh,INTJ,_
151-1,BO141,151,151,2,mi,mi,mi,PRON,_
151-2,BO141,151,151,3,ha,ha,avere,AUX,_
151-3,BO141,151,151,4,interessato,interessato,interessare,VERB,_
151-4,BO141,151,151,5,in,in,in,ADP,_
151-5,BO141,151,151,6,gen~,gen~,X,X,Interrupted=Yes
151-6,BO141,151,151,7,abbiamo,abbiamo,avere,AUX,_
151-7,BO141,151,151,8,visto,visto,vedere,VERB,_
151-8,BO141,151,151,9,che,che,che,SCONJ,_
151-9,BO141,151,151,10,è,è,essere,AUX,_
151-10,BO141,151,151,11,stata,stata,essere,VERB,_
151-11,BO141,151,151,12,è,è,essere,AUX,_
151-12,BO141,151,151,13,stata,stata,essere,VERB,_
151-13,BO141,151,151,14,particolarmente,particolarmente,particolarmente,ADV,_
151-14,BO141,151,151,15,sviluppata,sviluppata,sviluppare,VERB,_
151-15,BO141,151,151,16,in,in,in,ADP,_
151-16,BO141,151,151,17,ambito,ambito,ambito,NOUN,_
151-17,BO141,151,151,18,"linguistico,",linguistico,linguistico,ADJ,Intonation=weakly_rising
152-0,BO141,152,152,1,ma,ma,ma,CCONJ,_
152-1,BO141,152,152,2,che,che,che,PRON,_
152-2,BO141,152,152,3,non,non,non,ADV,_
152-3,BO141,152,152,4,è,è,essere,AUX,_
152-4,BO141,152,152,5,solo,solo,solo,ADV,_
152-5,BO141,152,152,6,una,una,uno,DET,_
152-6,BO141,152,152,7,teoria,teoria,teoria,NOUN,_
152-7,BO141,152,152,8-9,della,della,_,_,_
152-7a,_,_,152,8,_,di,di,ADP,_
152-7b,_,_,152,9,_,la,il,DET,_
152-8,BO141,152,152,10,ril~,ril~,rilevanza,NOUN,Interrupted=Yes
152-9,BO141,152,152,11-12,della,della,_,_,_
152-9a,_,_,152,11,_,di,di,ADP,_
152-9b,_,_,152,12,_,la,il,DET,_
152-10,BO141,152,152,13,rilevanza,rilevanza,rilevanza,NOUN,_
152-11,BO141,152,152,14,che,che,che,PRON,_
152-12,BO141,152,152,15,si,si,si,PRON,_
152-13,BO141,152,152,16,applica,applica,applicare,VERB,_
152-14,BO141,152,152,17-18,nel,nel,_,_,_
152-14a,_,_,152,17,_,in,in,ADP,_
152-14b,_,_,152,18,_,il,il,DET,_
152-15,BO141,152,152,19,"linguaggio,",linguaggio,linguaggio,NOUN,Intonation=weakly_rising
153-0,BO141,153,153,1,in,in,in,ADP,_
153-1,BO141,153,153,2,in,in,in,ADP,_
153-2,BO141,153,153,3,"generale,",generale,generale,ADJ,Intonation=weakly_rising
153-3,BO141,153,153,4,abbiamo,abbiamo,avere,AUX,_
153-4,BO141,153,153,5,fatto,fatto,fare,VERB,_
153-5,BO141,153,153,6,l',l',il,DET,Truncated=Yes
153-6,BO141,153,153,7,esempio,esempio,esempio,NOUN,_
153-7,BO141,153,153,8,di,di,di,ADP,_
153-8,BO141,153,153,9,quando,quando,quando,SCONJ,_
153-9,BO141,153,153,10,noi,noi,noi,PRON,_
153-10,BO141,153,153,11,per,per,per,ADP,_
153-11,BO141,153,153,12,esempio,esempio,esempio,NOUN,_
153-12,BO141,153,153,13,andiamo,andiamo,andare,VERB,_
153-13,BO141,153,153,14,in,in,in,ADP,_
153-14,BO141,153,153,15,giro,giro,giro,NOUN,_
153-15,BO141,153,153,16,per,per,per,ADP,_
153-16,BO141,153,153,17,la,la,il,DET,_
153-17,BO141,153,153,18,strada,strada,strada,NOUN,_
153-18,BO141,153,153,19,e,e,e,CCONJ,_
153-19,BO141,153,153,20,vediamo,vediamo,vedere,VERB,_
153-20,BO141,153,153,21,quello,quello,quello,PRON,_
153-21,BO141,153,153,22,che,che,che,PRON,_
153-22,BO141,153,153,23,ci,ci,ci,PRON,_
153-23,BO141,153,153,24,"interessa,",interessa,interessare,VERB,Intonation=weakly_rising
154-0,BO141,154,154,1,e,e,e,CCONJ,_
154-1,BO141,154,154,2,e,e,e,CCONJ,_
154-2,BO141,154,154,3,abbiam~,abbiam~,avere,AUX,Interrupted=Yes
154-3,BO141,154,154,4,fatto,fatto,fare,VERB,_
154-4,BO141,154,154,5,la,la,il,DET,_
154-5,BO141,154,154,6,distinzione,distinzione,distinzione,NOUN,_
154-6,BO141,154,154,7,fra,fra,fra,ADP,_
154-7,BO141,154,154,8,vedere,vedere,vedere,VERB,_
154-8,BO141,154,154,9,e,e,e,CCONJ,_
154-9,BO141,154,154,10,guardare,guardare,guardare,VERB,_
154-10,BO141,154,154,11,quindi,quindi,quindi,ADV,_
155-0,BO141,155,155,1,ho:,ho,avere,AUX,_
155-1,BO141,155,155,2,ho,ho,avere,AUX,_
155-2,BO141,155,155,3,ho,ho,avere,AUX,_
155-3,BO141,155,155,4,notato,notato,notare,VERB,_
155-4,BO141,155,155,5,che,che,che,SCONJ,_
155-5,BO141,155,155,6,effettivamente,effettivamente,effettivamente,ADV,_
155-6,BO141,155,155,7-8,nella,nella,_,_,_
155-6a,_,_,155,7,_,in,in,ADP,_
155-6b,_,_,155,8,_,la,la,PRON,_
155-7,BO141,155,155,9-10,nella,nella,_,_,_
155-7a,_,_,155,9,_,in,in,ADP,_
155-7b,_,_,155,10,_,la,il,DET,_
155-8,BO141,155,155,11,vita,vita,vita,NOUN,_
155-9,BO141,155,155,12,di,di,di,ADP,_
155-10,BO141,155,155,13,tutti,tutti,tutto,DET,_
155-11,BO141,155,155,14,i,i,il,DET,_
155-12,BO141,155,155,15,giorni,giorni,giorno,NOUN,_
155-13,BO141,155,155,16,ci,ci,ci,PRON,_
155-14,BO141,155,155,17,sono,sono,essere,VERB,_
155-15,BO141,155,155,18-19,delle,delle,_,_,_
155-15a,_,_,155,18,_,di,di,ADP,_
155-15b,_,_,155,19,_,le,il,DET,_
156-0,BO141,156,156,1-2,del,del,_,_,_
156-0a,_,_,156,1,_,di,di,ADP,_
156-0b,_,_,156,2,_,il,il,DET,_
156-1,BO141,156,156,3,d~,d~,di,ADP,Interrupted=Yes
156-2,BO141,156,156,4-5,dei,dei,_,_,_
156-2a,_,_,156,4,_,di,di,ADP,_
156-2b,_,_,156,5,_,i,il,DET,_
156-3,BO141,156,156,6,fenomeni,fenomeni,fenomeno,NOUN,_
156-4,BO141,156,156,7,che,che,che,PRON,_
156-5,BO141,156,156,8,ci,ci,ci,PRON,_
156-6,BO141,156,156,9,attirano,attirano,attirare,VERB,_
156-7,BO141,156,156,10,di,di,di,ADP,_
156-8,BO141,156,156,11,più,più,più,ADV,_
156-9,BO141,156,156,12,perché,perché,perché,ADV,_
156-10,BO141,156,156,13,in,in,in,ADP,_
156-11,BO141,156,156,14,qualche,qualche,qualche,DET,_
156-12,BO141,156,156,15,modo,modo,modo,NOUN,_
157-0,BO141,157,157,1,abbiam~,abbiam~,avere,VERB,Interrupted=Yes
157-1,BO141,157,157,2,abbiamo,abbiamo,avere,VERB,_
157-2,BO141,157,157,3,più,più,più,ADV,_
157-3,BO141,157,157,4,bisogno,bisogno,bisogno,NOUN,_
157-4,BO141,157,157,5,eh,eh,eh,INTJ,_
157-5,BO141,157,157,6,di,di,di,ADP,_
157-6,BO141,157,157,7,di,di,di,ADP,_
157-7,BO141,157,157,8,di,di,di,ADP,_
157-8,BO141,157,157,9,quel~,quel~,X,X,Interrupted=Yes
157-9,BO141,157,157,10,di,di,di,ADP,_
157-10,BO141,157,157,11,quel~,quel~,X,X,Interrupted=Yes
157-11,BO141,157,157,12,o,o,o,CCONJ,_
157-12,BO141,157,157,13,almeno,almeno,almeno,ADV,_
157-13,BO141,157,157,14,la,la,il,DET,_
157-14,BO141,157,157,15,nostra,nostra,nostro,DET,_
157-15,BO141,157,157,16,vita,vita,vita,NOUN,_
157-16,BO141,157,157,17,verte,verte,vertere,VERB,_
157-17,BO141,157,157,18,di,di,di,ADP,_
157-18,BO141,157,157,19,più,più,più,ADV,_
157-19,BO141,157,157,20,in,in,in,ADP,_
157-20,BO141,157,157,21,quel,quel,quello,DET,_
157-21,BO141,157,157,22,momento,momento,momento,NOUN,_
157-22,BO141,157,157,23,su,su,su,ADP,_
158-0,BO141,158,158,1,u~,u~,uno,DET,Interrupted=Yes
158-1,BO141,158,158,2,un,un,uno,DET,_
158-2,BO141,158,158,3,determinato,determinato,determinato,ADJ,_
158-3,BO141,158,158,4,"ambito,",ambito,ambito,NOUN,Intonation=weakly_rising
158-4,BO141,158,158,5,per,per,per,ADP,_
158-5,BO141,158,158,6,esempio,esempio,esempio,NOUN,_
158-6,BO141,158,158,7,se,se,se,SCONJ,_
158-7,BO141,158,158,8,io,io,io,PRON,_
158-8,BO141,158,158,9,ho,ho,avere,VERB,_
158-9,BO141,158,158,10,bisogno,bisogno,bisogno,NOUN,_
158-10,BO141,158,158,11,di,di,di,ADP,_
158-11,BO141,158,158,12,di,di,di,ADP,_
158-12,BO141,158,158,13,di,di,di,ADP,_
158-13,BO141,158,158,14,andare,andare,andare,VERB,_
158-14,BO141,158,158,15-16,al,al,_,_,_
158-14a,_,_,158,15,_,a,a,ADP,_
158-14b,_,_,158,16,_,il,il,DET,_
158-15,BO141,158,158,17,"supermercato,",supermercato,supermercato,NOUN,Intonation=weakly_rising
159-0,BO141,159,159,1,di,di,di,ADP,_
159-1,BO141,159,159,2,di,di,di,ADP,_
159-2,BO141,159,159,3,comprare,comprare,comprare,VERB,_
159-3,BO141,159,159,4,qualcosa,qualcosa,qualcosa,PRON,_
159-4,BO141,159,159,5,oppure,oppure,oppure,CCONJ,_
159-5,BO141,159,159,6,ho,ho,avere,VERB,_
159-6,BO141,159,159,7,voglia,voglia,volere,AUX,_
159-7,BO141,159,159,8,di,di,di,ADP,_
159-8,BO141,159,159,9,biscotti,biscotti,biscotto,NOUN,_
159-9,BO141,159,159,10,vado,vado,andare,VERB,_
159-10,BO141,159,159,11,in,in,in,ADP,_
159-11,BO141,159,159,12,giro,giro,giro,NOUN,_
159-12,BO141,159,159,13,e,e,e,CCONJ,_
159-13,BO141,159,159,14,e,e,e,CCONJ,_
160-0,BO141,160,160,1,e,e,e,CCONJ,_
160-1,BO141,160,160,2,e,e,e,CCONJ,_
160-2,BO141,160,160,3,ciò,ciò,ciò,PRON,_
160-3,BO141,160,160,4,che,che,che,PRON,_
160-4,BO141,160,160,5,m',m',mi,PRON,Truncated=Yes
160-5,BO141,160,160,6,attira,attira,attirare,VERB,_
160-6,BO141,160,160,7,l',l',il,DET,Truncated=Yes
160-7,BO141,160,160,8,attenzione,attenzione,attenzione,NOUN,_
160-8,BO141,160,160,9,per,per,per,ADP,_
160-9,BO141,160,160,10,esempio,esempio,esempio,NOUN,_
160-10,BO141,160,160,11,sarà,sarà,essere,AUX,_
160-11,BO141,160,160,12,l~,l~,il,DET,Interrupted=Yes
160-12,BO141,160,160,13,l~,l~,il,DET,Interrupted=Yes
160-13,BO141,160,160,14,la,la,il,DET,_
160-14,BO141,160,160,15,pubblicità,pubblicità,pubblicità,NOUN,_
160-15,BO141,160,160,16,d~,d~,di,ADP,Interrupted=Yes
160-16,BO141,160,160,17-18,dei,dei,_,_,_
160-16a,_,_,160,17,_,di,di,ADP,_
160-16b,_,_,160,18,_,i,il,DET,_
160-17,BO141,160,160,19,supermercati,supermercati,supermercato,NOUN,_
160-18,BO141,160,160,20,che,che,che,PRON,_
160-19,BO141,160,160,21,vendono,vendono,vendere,VERB,_
160-20,BO141,160,160,22,biscotti,biscotti,biscotto,NOUN,_
161-0,BO141,161,161,1,quindi,quindi,quindi,ADV,_
161-1,BO141,161,161,2,è,è,essere,AUX,_
161-2,BO141,161,161,3,quello,quello,quello,PRON,_
161-3,BO141,161,161,4,che,che,che,PRON,_
161-4,BO141,161,161,5,in,in,in,ADP,_
161-5,BO141,161,161,6,qualche,qualche,qualche,DET,_
161-6,BO141,161,161,7,modo,modo,modo,NOUN,_
161-7,BO141,161,161,8,permette,permette,permettere,VERB,_
162-0,BO141,162,162,1,credo,credo,credere,VERB,_
162-1,BO141,162,162,2,che,che,che,SCONJ,_
162-2,BO141,162,162,3,abbia,abbia,avere,VERB,_
162-3,BO141,162,162,4,anche,anche,anche,ADV,_
162-4,BO141,162,162,5,un,un,uno,DET,_
162-5,BO141,162,162,6,legame,legame,legame,NOUN,_
162-6,BO141,162,162,7,anche,anche,anche,ADV,_
162-7,BO141,162,162,8,un,un,uno,DET,_
162-8,BO141,162,162,9,po',po',poco,ADV,_
162-9,BO141,162,162,10,(ama~),ama~,X,X,Interrupted=Yes
162-10,BO141,162,162,11-12,del,del,_,_,_
162-10a,_,_,162,11,_,di,di,ADP,_
162-10b,_,_,162,12,_,il,il,DET,_
162-11,BO141,162,162,13,marketing,marketing,marketing,NOUN,Lang=eng
163-0,BO141,163,163,1,perché,perché,perché,SCONJ,_
163-1,BO141,163,163,2,in,in,in,ADP,_
163-2,BO141,163,163,3,qualche,qualche,qualche,DET,_
163-3,BO141,163,163,4,in,in,in,ADP,_
163-4,BO141,163,163,5,modo,modo,modo,NOUN,_
163-5,BO141,163,163,6,attira,attira,attirare,VERB,_
163-6,BO141,163,163,7,l',l',il,DET,Truncated=Yes
163-7,BO141,163,163,8,attenzione,attenzione,attenzione,NOUN,_
163-8,BO141,163,163,9,come,come,come,SCONJ,_
163-9,BO141,163,163,10,abbiamo,abbiamo,avere,AUX,_
163-10,BO141,163,163,11,visto,visto,vedere,VERB,_
163-11,BO141,163,163,12-13,nelle,nelle,_,_,_
163-11a,_,_,163,12,_,in,in,ADP,_
163-11b,_,_,163,13,_,le,il,DET,_
163-12,BO141,163,163,14,pubblicità,pubblicità,pubblicità,NOUN,_
164-0,BO141,164,164,1,che,che,che,SCONJ,_
164-1,BO141,164,164,2,si,si,si,PRON,_
164-2,BO141,164,164,3,possono,possono,potere,AUX,_
164-3,BO141,164,164,4,creare,creare,creare,VERB,_
164-4,BO141,164,164,5-6,dei,dei,_,_,_
164-4a,_,_,164,5,_,di,di,ADP,_
164-4b,_,_,164,6,_,i,il,DET,_
164-5,BO141,164,164,7,terreni,terreni,terreno,NOUN,_
164-6,BO141,164,164,8,di,di,di,ADP,_
164-7,BO141,164,164,9,pertinenza,pertinenza,pertinenza,NOUN,_
164-8,BO141,164,164,10,in,in,in,ADP,_
164-9,BO141,164,164,11,altri,altri,altro,ADJ,_
164-10,BO141,164,164,12,mani~,mani~,manipolare,VERB,Interrupted=Yes
164-11,BO141,164,164,13,manipolando,manipolando,manipolare,VERB,_
164-12,BO141,164,164,14,la,la,il,DET,_
164-13,BO141,164,164,15,gente,gente,gente,NOUN,_
164-14,BO141,164,164,16,quindi,quindi,quindi,ADV,_
165-0,BO141,165,165,1,è,è,essere,AUX,_
165-1,BO141,165,165,2,è,è,essere,AUX,_
165-2,BO141,165,165,3,un,un,uno,DET,_
165-3,BO141,165,165,4,po'::,po',poco,ADV,_
165-4,BO141,165,165,5,s~,s~,X,X,Interrupted=Yes
165-5,BO141,165,165,6,sono,sono,essere,AUX,_
165-6,BO141,165,165,7,strategie,strategie,strategie,NOUN,_
165-7,BO141,165,165,8,che,che,che,SCONJ,_
165-8,BO141,165,165,9,ehm,ehm,ehm,INTJ,_
165-9,BO141,165,165,10,che,che,che,PRON,_
165-10,BO141,165,165,11,che,che,che,PRON,_
165-11,BO141,165,165,12,quando,quando,quando,SCONJ,_
165-12,BO141,165,165,13,"impari,",impari,imparare,VERB,Intonation=weakly_rising
165-13,BO141,165,165,14,quando,quando,quando,SCONJ,_
165-14,BO141,165,165,15,le,le,il,DET,_
165-15,BO141,165,165,16,studi,studi,studio,NOUN,_
166-0,BO141,166,166,1,le,le,le,PRON,_
166-1,BO141,166,166,2,impari,impari,imparare,VERB,_
166-2,BO141,166,166,3,a,a,a,ADP,_
166-3,BO141,166,166,4,riconoscere,riconoscere,riconoscere,VERB,_
166-4,BO141,166,166,5,quindi,quindi,quindi,CCONJ,_
166-5,BO141,166,166,6,credo,credo,credere,VERB,_
166-6,BO141,166,166,7,sia,sia,essere,AUX,_
166-7,BO141,166,166,8,importante,importante,importante,ADJ,_
166-8,BO141,166,166,9-10,studiarle,studiarle,_,_,_
166-8a,_,_,166,9,_,studiar,studiare,VERB,_
166-8b,_,_,166,10,_,le,le,PRON,_
166-9,BO141,166,166,11,perché,perché,perché,SCONJ,_
166-10,BO141,166,166,12,se,se,se,SCONJ,_
166-11,BO141,166,166,13,no,no,no,ADV,_
166-12,BO141,166,166,14,la,la,la,PRON,_
166-13,BO141,166,166,15,>cioè<,cioè,cioè,CCONJ,_
167-0,BO141,167,167,1,se,se,se,SCONJ,_
167-1,BO141,167,167,2,no,no,no,ADV,_
167-2,BO141,167,167,3,noi,noi,noi,PRON,_
167-3,BO141,167,167,4,viviamo,viviamo,vivere,VERB,_
167-4,BO141,167,167,5,in,in,in,ADP,_
167-5,BO141,167,167,6,qualche,qualche,qualche,DET,_
167-6,BO141,167,167,7,modo,modo,modo,NOUN,_
168-0,BO141,168,168,1,un,un,uno,DET,_
168-1,BO141,168,168,2,po',po',poco,ADV,_
168-2,BO141,168,168,3,dominati,dominati,dominare,VERB,_
168-3,BO141,168,168,4-5,dagli,dagli,_,_,_
168-3a,_,_,168,4,_,da,da,ADP,_
168-3b,_,_,168,5,_,gli,il,DET,_
168-4,BO141,168,168,6,altri,altri,altro,PRON,_
168-5,BO141,168,168,7,senza,senza,senza,ADP,_
168-6,BO141,168,168,8,sapere,sapere,sapere,VERB,_
168-7,BO141,168,168,9,come,come,come,ADP,_
168-8,BO141,168,168,10,gli,gli,il,DET,_
168-9,BO141,168,168,11,altri,altri,altro,PRON,_
168-10,BO141,168,168,12,si,si,si,PRON,_
168-11,BO141,168,168,13,muovono,muovono,muovere,VERB,_
168-12,BO141,168,168,14,per,per,per,ADP,_
168-13,BO141,168,168,15-16,sottometterci,sottometterci,_,_,_
168-13a,_,_,168,15,_,sottometter,sottomettere,VERB,_
168-13b,_,_,168,16,_,ci,ci,PRON,_
168-14,BO141,168,168,17,in,in,in,ADP,_
168-15,BO141,168,168,18,qualche,qualche,qualche,DET,_
168-16,BO141,168,168,19,modo,modo,modo,NOUN,_
169-0,BO141,169,169,1,dobbiamo,dobbiamo,dovere,AUX,_
169-1,BO141,169,169,2,è,è,essere,AUX,_
169-2,BO141,169,169,3,un,un,uno,DET,_
169-3,BO141,169,169,4,po',po',poco,ADV,_
169-4,BO141,169,169,5,un,un,uno,DET,_
169-5,BO141,169,169,6,po',po',poco,ADV,_
169-6,BO141,169,169,7,un,un,uno,DET,_
169-7,BO141,169,169,8,po',po',poco,ADV,_
169-8,BO141,169,169,9,di,di,di,ADP,_
169-9,BO141,169,169,10,difesa,difesa,difesa,NOUN,_
169-10,BO141,169,169,11,l',l',la,PRON,Truncated=Yes
169-11,BO141,169,169,12,ho,ho,avere,AUX,_
169-12,BO141,169,169,13,vista,vista,vedere,VERB,_
169-13,BO141,169,169,14,come,come,come,ADP,_
169-14,BO141,169,169,15,una,una,uno,DET,_
169-15,BO141,169,169,16,teoria,teoria,teoria,NOUN,_
169-16,BO141,169,169,17,di,di,di,ADP,_
169-17,BO141,169,169,18,difesa,difesa,difesa,NOUN,_
170-0,BO117,170,170,0,{ride},{ride},_,X,_
171-0,BO141,171,171,1,da,da,da,ADP,_
171-1,BO141,171,171,2,da,da,da,ADP,_
171-2,BO141,171,171,3,tecniche,tecniche,tecnica,NOUN,_
171-3,BO141,171,171,4,di,di,di,ADP,_
171-4,BO141,171,171,5,[autodifesa],autodifesa,autodifesa,NOUN,_
172-0,BO117,172,172,1,[sì],sì,sì,ADV,_
173-0,BO141,173,173,1,per,per,per,ADP,_
173-1,BO141,173,173,2,per,per,per,ADP,_
173-2,BO141,173,173,3,quello,quello,quello,PRON,_
173-3,BO141,173,173,4,che,che,che,PRON,_
173-4,BO141,173,173,5,mi,mi,mi,PRON,_
173-5,BO141,173,173,6,ha,ha,avere,AUX,_
173-6,BO141,173,173,7,interessato,interessato,interessato,VERB,_
173-7,BO141,173,173,8,quindi:,quindi,quindi,ADV,_
174-0,BO117,174,174,1,e,e,e,CCONJ,_
174-1,BO117,174,174,2,a,a,a,ADP,_
174-2,BO117,174,174,3,questo,questo,questo,DET,_
174-3,BO117,174,174,4,punto,punto,punto,NOUN,_
174-4,BO117,174,174,5,difesa,difesa,difesa,NOUN,_
174-5,BO117,174,174,6-7,dall',dall',_,_,Truncated=Yes
174-5a,_,_,174,6,_,da,da,ADP,_
174-5b,_,_,174,7,_,l',il,DET,_
174-6,BO117,174,174,8,abuso,abuso,abuso,NOUN,_
174-7,BO117,174,174,9,linguistico,linguistico,linguistico,ADJ,_
174-8,BO117,174,174,10,no?,no,no,ADV,Intonation=rising
174-9,BO117,174,174,11-12,dal,dal,_,_,_
174-9a,_,_,174,11,_,da,da,ADP,_
174-9b,_,_,174,12,_,il,il,DET,_
174-10,BO117,174,174,13,[linguaggio,linguaggio,linguaggio,NOUN,_
174-11,BO117,174,174,14,"manipolatorio],",manipolatorio,manipolatorio,ADJ,Intonation=weakly_rising
174-12,BO117,174,174,15,cos',cos',cos',PRON,Truncated=Yes
174-13,BO117,174,174,16,è?,è,essere,AUX,Intonation=rising
175-0,BO141,175,175,1,"[s::ì,",sì,sì,ADV,Intonation=weakly_rising
175-1,BO141,175,175,2,sì],sì,sì,ADV,_
176-0,BO141,176,176,1,abbiamo,abbiamo,avere,AUX,_
176-1,BO141,176,176,2,visto:,visto,vedere,VERB,_
176-2,BO141,176,176,3,il,il,il,DET,_
176-3,BO141,176,176,4,linguaggio,linguaggio,linguaggio,NOUN,_
176-4,BO141,176,176,5,manipolatorio,manipolatorio,manipolatorio,ADJ,_
176-5,BO141,176,176,6,come,come,come,ADP,_
176-6,BO141,176,176,7,a~,a~,attraverso,ADP,Interrupted=Yes
176-7,BO141,176,176,8,attra~,attra~,attraverso,ADP,Interrupted=Yes
176-8,BO141,176,176,9,attraverso,attraverso,attraverso,ADP,_
176-9,BO141,176,176,10,le,le,il,DET,_
176-10,BO141,176,176,11,"inferenze,",inferenze,inferenza,NOUN,Intonation=weakly_rising
176-11,BO141,176,176,12,le,le,il,DET,_
176-12,BO141,176,176,13,presupposizioni,presupposizioni,presupposizione,NOUN,_
177-0,BO141,177,177,1,eh,eh,eh,INTJ,_
177-1,BO141,177,177,2,in,in,in,ADP,_
177-2,BO141,177,177,3,quanto:,quanto,quanto,ADV,_
177-3,BO141,177,177,4,gli,gli,il,DET,_
177-4,BO141,177,177,5,gli,gli,il,DET,_
177-5,BO141,177,177,6,abusi,abusi,abuso,NOUN,_
177-6,BO141,177,177,7,linguistici,linguistici,linguistico,ADJ,_
177-7,BO141,177,177,8,eh,eh,eh,INTJ,_
178-0,BO141,178,178,1,mh,mh,mh,INTJ,_
178-1,BO141,178,178,2,ah,ah,ah,INTJ,_
178-2,BO141,178,178,3,in,in,in,ADP,_
178-3,BO141,178,178,4,qualche,qualche,qualche,DET,_
178-4,BO141,178,178,5,in,in,in,ADP,_
178-5,BO141,178,178,6,qualche,qualche,qualche,DET,_
178-6,BO141,178,178,7,modo,modo,modo,NOUN,_
178-7,BO141,178,178,8,violano,violano,violare,VERB,_
178-8,BO141,178,178,9,le,le,il,DET,_
178-9,BO141,178,178,10,determinate,determinate,determinato,ADJ,_
178-10,BO141,178,178,11,massime,massime,massima,NOUN,_
178-11,BO141,178,178,12,a,a,a,ADP,_
178-12,BO141,178,178,13,volte,volte,volta,NOUN,_
179-0,BO141,179,179,1,ehm,ehm,ehm,INTJ,_
179-1,BO141,179,179,2,e,e,e,CCONJ,_
179-2,BO141,179,179,3,e,e,e,CCONJ,_
179-3,BO141,179,179,4,quindi,quindi,quindi,ADV,_
179-4,BO141,179,179,5,ci,ci,ci,PRON,_
179-5,BO141,179,179,6,perme~,perme~,X,X,Interrupted=Yes
179-6,BO141,179,179,7,abbiamo,abbiamo,avere,AUX,_
179-7,BO141,179,179,8,abbiamo,abbiamo,avere,AUX,_
179-8,BO141,179,179,9,fa~,fa~,fare,VERB,Interrupted=Yes
179-9,BO141,179,179,10,abbiamo,abbiamo,avere,AUX,_
179-10,BO141,179,179,11,avuto,avuto,avere,VERB,_
179-11,BO141,179,179,12,abbiamo,abbiamo,avere,AUX,_
179-12,BO141,179,179,13,fatto,fatto,fare,VERB,_
179-13,BO141,179,179,14,una,una,uno,DET,_
179-14,BO141,179,179,15,specie,specie,specie,NOUN,_
179-15,BO141,179,179,16,di:,di,di,ADP,_
179-16,BO141,179,179,17,di:,di,di,ADP,_
179-17,BO141,179,179,18,di,di,di,ADP,_
180-0,BO141,180,180,1,di:,di,di,ADP,_
180-1,BO141,180,180,2,di,di,di,ADP,_
180-2,BO141,180,180,3,insieme,insieme,insieme,NOUN,_
180-3,BO141,180,180,4,di:,di,di,ADP,_
180-4,BO141,180,180,5,di,di,di,ADP,_
180-5,BO141,180,180,6,di,di,di,ADP,_
180-6,BO141,180,180,7,di,di,di,ADP,_
180-7,BO141,180,180,8,di:,di,di,ADP,_
181-0,BO141,181,181,1,abusi,abusi,abuso,NOUN,_
181-1,BO141,181,181,2,linguistici,linguistici,linguistico,ADJ,_
181-2,BO141,181,181,3-4,sul,sul,_,_,_
181-2a,_,_,181,3,_,su,su,ADP,_
181-2b,_,_,181,4,_,il,il,DET,_
181-3,BO141,181,181,5,anche,anche,anche,ADV,_
181-4,BO141,181,181,6-7,sul,sul,_,_,_
181-4a,_,_,181,6,_,su,su,ADP,_
181-4b,_,_,181,7,_,il,il,DET,_
181-5,BO141,181,181,8,su~,su~,su,ADP,Interrupted=Yes
181-6,BO141,181,181,9-10,sul,sul,_,_,_
181-6a,_,_,181,9,_,su,su,ADP,_
181-6b,_,_,181,10,_,il,il,DET,_
181-7,BO141,181,181,11,sito,sito,sito,NOUN,_
181-8,BO141,181,181,12,che,che,che,PRON,_
181-9,BO141,181,181,13,abbiamo,abbiamo,avere,AUX,_
181-10,BO141,181,181,14,visto,visto,vedere,VERB,_
181-11,BO141,181,181,15,come,come,come,ADP,_
181-12,BO141,181,181,16,eh,eh,eh,INTJ,_
181-13,BO141,181,181,17,attraverso,attraverso,attraverso,ADP,_
181-14,BO141,181,181,18,"presupposizioni,",presupposizioni,presupposizione,NOUN,Intonation=weakly_rising
182-0,BO141,182,182,1,ehm,ehm,ehm,INTJ,_
182-1,BO141,182,182,2,si,si,si,PRON,_
182-2,BO141,182,182,3,si,si,si,PRON,_
182-3,BO141,182,182,4,riesce,riesce,riuscire,VERB,_
182-4,BO141,182,182,5,ehm,ehm,ehm,INTJ,_
182-5,BO141,182,182,6,a,a,a,ADP,_
182-6,BO141,182,182,7,a,a,a,ADP,_
182-7,BO141,182,182,8,a,a,a,NOUN,_
182-8,BO141,182,182,9,a,a,a,ADP,_
182-9,BO141,182,182,10,cr~,cr~,creare,VERB,Interrupted=Yes
182-10,BO141,182,182,11,creare,creare,creare,VERB,_
182-11,BO141,182,182,12,ap~,ap~,appunto,ADV,Interrupted=Yes
182-12,BO141,182,182,13,ap~,ap~,appunto,ADV,Interrupted=Yes
182-13,BO141,182,182,14,appunto,appunto,appunto,ADV,_
182-14,BO141,182,182,15,a,a,a,ADP,_
182-15,BO141,182,182,16,viol~,viol~,violare,VERB,Interrupted=Yes
182-16,BO141,182,182,17,a,a,a,ADP,_
182-17,BO141,182,182,18,violare,violare,violare,VERB,_
183-0,BO141,183,183,1,eh,eh,eh,INTJ,_
183-1,BO141,183,183,2,de~,de~,determinato,ADJ,Interrupted=Yes
183-2,BO141,183,183,3,determinate,determinate,determinato,ADJ,_
183-3,BO141,183,183,4,determinate,determinate,determinato,ADJ,_
183-4,BO141,183,183,5,massime,massime,massima,NOUN,_
183-5,BO141,183,183,6,quindi,quindi,quindi,ADV,_
183-6,BO141,183,183,7,in,in,in,ADP,_
183-7,BO141,183,183,8,qualche,qualche,qualche,DET,_
183-8,BO141,183,183,9,modo,modo,modo,NOUN,_
183-9,BO141,183,183,10,ehm,ehm,ehm,INTJ,_
184-0,BO141,184,184,1,si,si,si,PRON,_
184-1,BO141,184,184,2,si,si,si,PRON,_
184-2,BO141,184,184,3,attivano,attivano,attivare,VERB,_
184-3,BO141,184,184,4,presupposizioni,presupposizioni,presupposizione,NOUN,_
184-4,BO141,184,184,5,per,per,per,ADP,_
184-5,BO141,184,184,6,esempio,esempio,esempio,NOUN,_
184-6,BO141,184,184,7,con,con,con,ADP,_
184-7,BO141,184,184,8,gli,gli,il,DET,_
184-8,BO141,184,184,9,articoli,articoli,articolo,NOUN,_
184-9,BO141,184,184,10,ehm,ehm,ehm,INTJ,_
184-10,BO141,184,184,11,d~,d~,definito,ADJ,Interrupted=Yes
184-11,BO141,184,184,12,"definiti,",definiti,definito,ADJ,Intonation=weakly_rising
185-0,BO141,185,185,1,d~,d~,determinativo,ADJ,Interrupted=Yes
185-1,BO141,185,185,2,"determinativi,",determinativi,determinativo,ADJ,Intonation=weakly_rising
185-2,BO141,185,185,3,e,e,e,CCONJ,_
185-3,BO141,185,185,4,quindi,quindi,quindi,ADV,_
185-4,BO141,185,185,5,eh,eh,eh,INTJ,_
185-5,BO141,185,185,6,diciamo,diciamo,dire,VERB,_
185-6,BO141,185,185,7,che,che,che,SCONJ,_
185-7,BO141,185,185,8,eh,eh,eh,INTJ,_
186-0,BO141,186,186,1,permettono,permettono,permettere,VERB,_
186-1,BO141,186,186,2,e::h,eh,eh,INTJ,_
186-2,BO141,186,186,3,a,a,a,ADP,_
186-3,BO141,186,186,4,la:,la,la,PRON,_
186-4,BO141,186,186,5,permettono,permettono,permettere,VERB,_
186-5,BO141,186,186,6,di,di,di,ADP,_
186-6,BO141,186,186,7,di,di,di,ADP,_
186-7,BO141,186,186,8,manipolare,manipolare,manipolare,VERB,_
186-8,BO141,186,186,9,anche,anche,anche,ADV,_
186-9,BO141,186,186,10,questo,questo,questo,PRON,_
186-10,BO141,186,186,11,la,la,il,DET,_
186-11,BO141,186,186,12,gente,gente,gente,NOUN,_
186-12,BO141,186,186,13,in,in,in,ADP,_
186-13,BO141,186,186,14,qualche,qualche,qualche,DET,_
186-14,BO141,186,186,15,m:h,mh,mh,INTJ,_
187-0,BO141,187,187,1,perché,perché,perché,SCONJ,_
187-1,BO141,187,187,2,anche,anche,anche,ADV,_
187-2,BO141,187,187,3,molt~,molt~,molto,DET,Interrupted=Yes
187-3,BO141,187,187,4,anche,anche,anche,ADV,_
187-4,BO141,187,187,5,molti,molti,molto,DET,_
187-5,BO141,187,187,6,titoli,titoli,titolo,NOUN,_
187-6,BO141,187,187,7,per,per,per,ADP,_
187-7,BO141,187,187,8,esempio,esempio,esempio,NOUN,_
187-8,BO141,187,187,9,di,di,di,ADP,_
187-9,BO141,187,187,10,di,di,di,NOUN,_
187-10,BO141,187,187,11,di,di,di,ADP,_
187-11,BO141,187,187,12,"giornali,",giornali,giornale,NOUN,Intonation=weakly_rising
188-0,BO141,188,188,1,oppure,oppure,oppure,CCONJ,_
188-1,BO141,188,188,2,di,di,di,ADP,_
188-2,BO141,188,188,3,di,di,di,ADP,_
188-3,BO141,188,188,4,riviste,riviste,rivista,NOUN,_
188-4,BO141,188,188,5,hanno,hanno,avere,VERB,_
188-5,BO141,188,188,6,qu~,qu~,questo,DET,Interrupted=Yes
188-6,BO141,188,188,7,questo,questo,questo,DET,_
188-7,BO141,188,188,8,linguaggio,linguaggio,linguaggio,NOUN,_
188-8,BO141,188,188,9,manipolatorio,manipolatorio,manipolatorio,ADJ,_
188-9,BO141,188,188,10,che,che,che,PRON,_
188-10,BO141,188,188,11,tende,tende,tendere,VERB,_
188-11,BO141,188,188,12,eh,eh,eh,INTJ,_
188-12,BO141,188,188,13,[attraverso],attraverso,attraverso,ADP,_
189-0,BO117,189,189,1,[ma,ma,ma,CCONJ,_
189-1,BO117,189,189,2,perché],perché,perché,SCONJ,_
189-2,BO117,189,189,3,maniopola~,maniopola~,X,X,Interrupted=Yes
189-3,BO117,189,189,4,cioè,cioè,cioè,CCONJ,_
189-4,BO117,189,189,5,qual,qual,quale,PRON,_
189-5,BO117,189,189,6,è,è,essere,AUX,_
189-6,BO117,189,189,7,{P},{P},_,_,_
189-7,BO117,189,189,8,il,il,il,DET,_
189-8,BO117,189,189,9,meccanismo,meccanismo,meccanismo,NOUN,_
189-9,BO117,189,189,10,insomma?,insomma,insomma,ADV,Intonation=rising
190-0,BO117,190,190,1,è,è,essere,AUX,_
190-1,BO117,190,190,2,giusto,giusto,giusto,ADJ,_
190-2,BO117,190,190,3,>cioè<,cioè,cioé,ADV,_
190-3,BO117,190,190,4,si,si,si,PRON,_
190-4,BO117,190,190,5,usano,usano,usare,VERB,_
190-5,BO117,190,190,6,gli,gli,il,DET,_
190-6,BO117,190,190,7,articoli,articoli,articolo,NOUN,_
190-7,BO117,190,190,8,"definiti,",definiti,definito,ADJ,Intonation=weakly_rising
191-0,BO117,191,191,1,abbiam,abbiam,avere,AUX,_
191-1,BO117,191,191,2,visto,visto,visto,VERB,_
191-2,BO117,191,191,3,tutta,tutta,tutto,DET,_
191-3,BO117,191,191,4,una,una,uno,DET,_
191-4,BO117,191,191,5,serie,serie,serie,NOUN,_
191-5,BO117,191,191,6,di,di,di,ADP,_
191-6,BO117,191,191,7,[altre],altre,altro,ADJ,_
191-7,BO117,191,191,8,"strategie,",strategie,strategie,NOUN,Intonation=weakly_rising
191-8,BO117,191,191,9,ma,ma,ma,CCONJ,_
191-9,BO117,191,191,10,la,la,il,DET,_
191-10,BO117,191,191,11,manipolazione,manipolazione,manipolazione,NOUN,_
191-11,BO117,191,191,12,in,in,in,ADP,_
191-12,BO117,191,191,13,cosa,cosa,cosa,PRON,_
191-13,BO117,191,191,14,consiste?,consiste,consistere,VERB,Intonation=rising
192-0,BO141,192,192,1,"[mh,",mh,mh,INTJ,Intonation=weakly_rising
192-1,BO141,192,192,2,mh],mh,mh,INTJ,_
193-0,BO141,193,193,1-2,nell',nell',_,_,Truncated=Yes
193-0a,_,_,193,1,_,in,in,ADP,_
193-0b,_,_,193,2,_,l',il,DET,_
193-1,BO141,193,193,3,attivare,attivare,attivare,VERB,_
193-2,BO141,193,193,4-5,delle,delle,_,_,_
193-2a,_,_,193,4,_,di,di,ADP,_
193-2b,_,_,193,5,_,le,il,DET,_
193-3,BO141,193,193,6,presupposizioni,presupposizioni,presupposizione,NOUN,_
194-0,BO141,194,194,1,"quindi:,",quindi,quindi,ADV,Intonation=weakly_rising
194-1,BO141,194,194,2,per,per,per,ADP,_
194-2,BO141,194,194,3,"esempio:,",esempio,esempio,NOUN,Intonation=weakly_rising
194-3,BO141,194,194,4,e::hm,ehm,ehm,INTJ,_
195-0,BO141,195,195,1,l',l',il,DET,Truncated=Yes
195-1,BO141,195,195,2,utilizzo:,utilizzo,utilizzo,NOUN,_
195-2,BO141,195,195,3,eh,eh,eh,INTJ,_
195-3,BO141,195,195,4,di,di,di,ADP,_
196-0,BO141,196,196,1,a~,a~,avere,AUX,Interrupted=Yes
196-1,BO141,196,196,2,abbiamo,abbiamo,avere,AUX,_
196-2,BO141,196,196,3,visto,visto,vedere,VERB,_
196-3,BO141,196,196,4,anche,anche,anche,ADV,_
196-4,BO141,196,196,5,molti::,molti,molto,DET,_
196-5,BO141,196,196,6,e::h,eh,eh,INTJ,_
197-0,BO141,197,197,1,m~,m~,molto,DET,Interrupted=Yes
197-1,BO141,197,197,2,m~,m~,molto,DET,Interrupted=Yes
197-2,BO141,197,197,3,molte,molte,molto,DET,_
197-3,BO141,197,197,4,pubblici~,pubblici~,pubblicità,NOUN,Interrupted=Yes
197-4,BO141,197,197,5,non,non,non,ADV,_
197-5,BO141,197,197,6,non,non,non,ADV,_
197-6,BO141,197,197,7,sono,sono,essere,AUX,_
197-7,BO141,197,197,8,pubbl~,pubbl~,pubblicità,NOUN,Interrupted=Yes
197-8,BO141,197,197,9,erano,erano,essere,AUX,_
197-9,BO141,197,197,10,f~,f~,frase,NOUN,Interrupted=Yes
197-10,BO141,197,197,11,f~,f~,frase,NOUN,Interrupted=Yes
197-11,BO141,197,197,12,frasi,frasi,frase,NOUN,_
197-12,BO141,197,197,13,di,di,di,ADP,_
197-13,BO141,197,197,14,pubblicità,pubblicità,pubblicità,NOUN,_
198-0,BO141,198,198,1,eh,eh,eh,INTJ,_
198-1,BO141,198,198,2,che,che,che,SCONJ,_
198-2,BO141,198,198,3,in,in,in,ADP,_
198-3,BO141,198,198,4,qualche,qualche,qualche,DET,_
198-4,BO141,198,198,5,modo,modo,modo,NOUN,_
198-5,BO141,198,198,6,eh,eh,eh,ADJ,_
198-6,BO141,198,198,7,attivano,attivano,attivare,VERB,_
198-7,BO141,198,198,8,attivano,attivano,attivare,VERB,_
199-0,BO117,199,199,1,slogan,slogan,slogan,NOUN,_
200-0,BO141,200,200,1,esatto,esatto,esatto,ADJ,_
200-1,BO141,200,200,2-3,degli,degli,_,_,_
200-1a,_,_,200,2,_,di,di,ADP,_
200-1b,_,_,200,3,_,gli,il,DET,_
200-2,BO141,200,200,4,slogan,slogan,slogan,NOUN,_
200-3,BO141,200,200,5,che,che,che,PRON,_
200-4,BO141,200,200,6,eh,eh,eh,INTJ,_
200-5,BO141,200,200,7,a~,a~,attivare,VERB,Interrupted=Yes
200-6,BO141,200,200,8,attivano,attivano,attivare,VERB,_
200-7,BO141,200,200,9-10,dei,dei,_,_,_
200-7a,_,_,200,9,_,di,di,ADP,_
200-7b,_,_,200,10,_,i,il,DET,_
200-8,BO141,200,200,11,frames,frames,frame,NOUN,Lang=eng
200-9,BO141,200,200,12,in,in,in,ADP,_
200-10,BO141,200,200,13,qualche,qualche,qualche,DET,_
200-11,BO141,200,200,14,modo,modo,modo,NOUN,_
200-12,BO141,200,200,15,eh,eh,eh,INTJ,_
201-0,BO141,201,201,1,ci,ci,ci,PRON,_
201-1,BO141,201,201,2,permettono,permettono,permettere,VERB,_
201-2,BO141,201,201,3,eh,eh,eh,INTJ,_
201-3,BO141,201,201,4,di,di,di,ADP,_
201-4,BO141,201,201,5,i~,i~,inferire,VERB,Interrupted=Yes
201-5,BO141,201,201,6,di,di,di,ADP,_
201-6,BO141,201,201,7,i~,i~,inferire,VERB,Interrupted=Yes
201-7,BO141,201,201,8,inferire,inferire,inferire,VERB,_
201-8,BO141,201,201,9,per,per,per,ADP,_
201-9,BO141,201,201,10,e~,e~,X,X,Interrupted=Yes
201-10,BO141,201,201,11,d~,d~,X,X,Interrupted=Yes
201-11,BO141,201,201,12,d~,d~,X,X,Interrupted=Yes
201-12,BO141,201,201,13,~d,~d,X,X,Interrupted=Yes
201-13,BO141,201,201,14,d',d',di,ADP,SpaceAfter=No
201-14,BO141,201,201,15,inferire,inferire,inferire,VERB,_
201-15,BO141,201,201,16,q~,q~,qualcosa,PRON,Interrupted=Yes
201-16,BO141,201,201,17,qualcosa,qualcosa,qualcosa,PRON,_
202-0,BO141,202,202,1,ch~,ch~,X,X,Interrupted=Yes
202-1,BO141,202,202,2,ch~,ch~,X,X,Interrupted=Yes
202-2,BO141,202,202,3,ci,ci,ci,PRON,_
202-3,BO141,202,202,4,per~,per~,X,X,Interrupted=Yes
202-4,BO141,202,202,5,che,che,che,PRON,_
202-5,BO141,202,202,6,(è,è,essere,AUX,_
202-6,BO141,202,202,7,bio~),bio~,X,X,Interrupted=Yes
202-7,BO141,202,202,8,che,che,che,PRON,_
202-8,BO141,202,202,9,è,è,essere,AUX,_
202-9,BO141,202,202,10,che,che,che,SCONJ,_
202-10,BO141,202,202,11,è,è,essere,AUX,_
202-11,BO141,202,202,12,negato,negato,negare,VERB,_
202-12,BO141,202,202,13,per,per,per,ADP,_
202-13,BO141,202,202,14,affermare,affermare,affermare,VERB,_
202-14,BO141,202,202,15,qualcos',qualcos',qualcosa,PRON,Truncated=Yes
202-15,BO141,202,202,16,altro.,altro,altro,ADJ,Intonation=falling
203-0,BO141,203,203,1,quindi:,quindi,quindi,ADV,_
203-1,BO141,203,203,2,abbiamo,abbiamo,avere,AUX,_
203-2,BO141,203,203,3,visto,visto,vedere,VERB,_
203-3,BO141,203,203,4,per,per,per,ADP,_
203-4,BO141,203,203,5,esempio,esempio,esempio,NOUN,_
203-5,BO141,203,203,6,mo~,mo~,molto,DET,Interrupted=Yes
203-6,BO141,203,203,7,mo~,mo~,molto,DET,Interrupted=Yes
203-7,BO141,203,203,8,molte,molte,molto,DET,_
203-8,BO141,203,203,9,frasi,frasi,frase,NOUN,_
203-9,BO141,203,203,10,come,come,come,ADP,_
203-10,BO141,203,203,11,per,per,per,ADP,_
203-11,BO141,203,203,12,esempio,esempio,esempio,NOUN,_
203-12,BO141,203,203,13,anche,anche,anche,ADV,_
203-13,BO141,203,203,14,sa~,sa~,sapore,NOUN,Interrupted=Yes
203-14,BO141,203,203,15,anche,anche,anche,ADV,_
203-15,BO141,203,203,16,sapore,sapore,sapore,NOUN,_
203-16,BO141,203,203,17,vero,vero,vero,ADJ,_
203-17,BO141,203,203,18,che,che,che,PRON,_
203-18,BO141,203,203,19,implica,implica,implicare,VERB,_
203-19,BO141,203,203,20,che,che,che,SCONJ,_
203-20,BO141,203,203,21,c',c',ci,PRON,Truncated=Yes
203-21,BO141,203,203,22,è,è,essere,VERB,_
203-22,BO141,203,203,23-24,del,del,_,_,_
203-22a,_,_,203,23,_,di,di,ADP,_
203-22b,_,_,203,24,_,il,il,DET,_
203-23,BO141,203,203,25,"falso,",falso,falso,ADJ,Intonation=weakly_rising
204-0,BO141,204,204,1,l',l',il,DET,Truncated=Yes
204-1,BO141,204,204,2,utilizzo,utilizzo,utilizzo,NOUN,_
204-2,BO141,204,204,3,ehm,ehm,ehm,INTJ,_
204-3,BO141,204,204,4,d~,d~,di,ADP,Interrupted=Yes
204-4,BO141,204,204,5-6,del,del,_,_,_
204-4a,_,_,204,5,_,di,di,ADP,_
204-4b,_,_,204,6,_,il,il,DET,_
204-5,BO141,204,204,7,di,di,di,ADP,_
204-6,BO141,204,204,8,di,di,di,ADP,_
204-7,BO141,204,204,9,frasi,frasi,frase,NOUN,_
204-8,BO141,204,204,10,con,con,con,ADP,_
204-9,BO141,204,204,11,"verbi,",verbi,verbo,NOUN,Intonation=weakly_rising
205-0,BO141,205,205,1,eh,eh,eh,INTJ,_
205-1,BO141,205,205,2,perché,perché,perché,SCONJ,_
205-2,BO141,205,205,3,l~,l~,X,X,Interrupted=Yes
205-3,BO141,205,205,4,perché,perché,perché,SCONJ,_
205-4,BO141,205,205,5,frasi,frasi,frase,NOUN,_
205-5,BO141,205,205,6,nominali,nominali,nominale,ADJ,_
205-6,BO141,205,205,7,non,non,non,ADV,_
205-7,BO141,205,205,8,possono,possono,potere,AUX,_
205-8,BO141,205,205,9,essere,essere,essere,AUX,_
205-9,BO141,205,205,10,non,non,non,ADV,_
205-10,BO141,205,205,11,possono,possono,potere,AUX,_
205-11,BO141,205,205,12,essere,essere,essere,AUX,_
205-12,BO141,205,205,13,"smentite,",smentite,smentire,VERB,Intonation=weakly_rising
206-0,BO141,206,206,1,mentre,mentre,mentre,SCONJ,_
206-1,BO141,206,206,2,il,il,il,DET,_
206-2,BO141,206,206,3,verbo,verbo,verbo,NOUN,_
206-3,BO141,206,206,4,può,può,potere,AUX,_
206-4,BO141,206,206,5,essere,essere,essere,AUX,_
206-5,BO141,206,206,6,smentito,smentito,smentire,VERB,_
206-6,BO141,206,206,7,oppure,oppure,oppure,CCONJ,_
206-7,BO141,206,206,8,utili~,utili~,utilizzare,VERB,Interrupted=Yes
206-8,BO141,206,206,9,utilizzando,utilizzando,utilizzare,VERB,_
206-9,BO141,206,206,10,anche,anche,anche,ADV,_
206-10,BO141,206,206,11,abbiamo,abbiamo,avere,AUX,_
206-11,BO141,206,206,12,fatto,fatto,fare,VERB,_
206-12,BO141,206,206,13,xxx,x,x,SYM,_
206-13,BO141,206,206,14,l',l',il,DET,Truncated=Yes
206-14,BO141,206,206,15,esempio,esempio,esempio,NOUN,_
206-15,BO141,206,206,16-17,della,della,_,_,_
206-15a,_,_,206,16,_,di,di,ADP,_
206-15b,_,_,206,17,_,la,il,DET,_
206-16,BO141,206,206,18,coop,coop,Coop,PROPN,_
207-0,BO141,207,207,1,eh,eh,eh,INTJ,_
207-1,BO141,207,207,2,sei,sei,essere,AUX,_
207-2,BO141,207,207,3,tu,tu,tu,PRON,_
207-3,BO141,207,207,4,che,che,che,PRON,_
207-4,BO141,207,207,5,tu,tu,tu,PRON,_
207-5,BO141,207,207,6,non,non,non,ADV,_
207-6,BO141,207,207,7,puoi,puoi,potere,VERB,_
207-7,BO141,207,207,8,ri~,ri~,X,X,Interrupted=Yes
207-8,BO141,207,207,9,non,non,non,ADV,_
207-9,BO141,207,207,10,puoi,puoi,potere,AUX,_
207-10,BO141,207,207,11,rinnegare,rinnegare,rinnegare,VERB,_
207-11,BO141,207,207,12,te,te,te,PRON,_
207-12,BO141,207,207,13,stesso,stesso,stesso,ADJ,_
207-13,BO141,207,207,14,quindi,quindi,quindi,ADV,_
207-14,BO141,207,207,15,è,è,essere,AUX,_
207-15,BO141,207,207,16,una,una,uno,DET,_
207-16,BO141,207,207,17,vici~,vici~,vicinanza,NOUN,Interrupted=Yes
207-17,BO141,207,207,18,fa,fa,fare,VERB,_
207-18,BO141,207,207,19,una,una,uno,DET,_
207-19,BO141,207,207,20,"vicinanza,",vicinanza,vicinanza,NOUN,Intonation=weakly_rising
208-0,BO141,208,208,1,oppure,oppure,oppure,CCONJ,_
208-1,BO141,208,208,2,il,il,il,DET,_
208-2,BO141,208,208,3,fatto,fatto,fatto,NOUN,_
208-3,BO141,208,208,4,eh,eh,eh,INTJ,_
208-4,BO141,208,208,5,di,di,di,ADP,_
208-5,BO141,208,208,6,di,di,di,ADP,_
208-6,BO141,208,208,7,utilizzare,utilizzare,utilizzare,VERB,_
208-7,BO141,208,208,8,le,le,il,DET,_
208-8,BO141,208,208,9,rime,rime,rima,NOUN,_
208-9,BO141,208,208,10,che,che,che,PRON,_
208-10,BO141,208,208,11,facilizzano,facilizzano,facilizzare,VERB,_
208-11,BO141,208,208,12,la,la,il,DET,_
208-12,BO141,208,208,13,me~,me~,memorizzazione,NOUN,Interrupted=Yes
208-13,BO141,208,208,14,la,la,il,DET,_
208-14,BO141,208,208,15,memorizzazione,memorizzazione,memorizzazione,NOUN,_
209-0,BO141,209,209,1,quindi,quindi,quindi,ADV,_
209-1,BO141,209,209,2,anche:,anche,anche,ADV,_
209-2,BO141,209,209,3,anche,anche,anche,ADV,_
209-3,BO141,209,209,4,le,le,il,DET,_
209-4,BO141,209,209,5,pubblicità,pubblicità,pubblicità,NOUN,_
209-5,BO141,209,209,6,la~,la~,lavorare,VERB,Interrupted=Yes
209-6,BO141,209,209,7,lavorano,lavorano,lavorare,VERB,_
209-7,BO141,209,209,8,o,o,o,CCONJ,_
209-8,BO141,209,209,9-10,sull',sull',_,_,Truncated=Yes
209-8a,_,_,209,9,_,su,su,ADP,_
209-8b,_,_,209,10,_,l',il,DET,_
209-9,BO141,209,209,11,attivazione,attivazione,attivazione,NOUN,_
209-10,BO141,209,209,12,di,di,di,ADP,_
209-11,BO141,209,209,13,di,di,di,ADP,_
209-12,BO141,209,209,14,di,di,di,ADP,_
209-13,BO141,209,209,15,"frames,",frames,frame,NOUN,Intonation=weakly_rising|Lang=eng
210-0,BO141,210,210,1,o,o,o,CCONJ,_
210-1,BO141,210,210,2-3,sulle,sulle,_,_,_
210-1a,_,_,210,2,_,su,su,ADP,_
210-1b,_,_,210,3,_,le,il,DET,_
210-2,BO141,210,210,4,"presupposizioni,",presupposizioni,presupposizione,NOUN,Intonation=weakly_rising
210-3,BO141,210,210,5,anche::,anche,anche,ADV,_
210-4,BO141,210,210,6,abbiamo,abbiamo,avere,AUX,_
210-5,BO141,210,210,7,visto:,visto,vedere,VERB,_
210-6,BO141,210,210,8,a~,a~,X,X,Interrupted=Yes
210-7,BO141,210,210,9,per,per,per,ADP,_
210-8,BO141,210,210,10,esempio,esempio,esempio,NOUN,_
210-9,BO141,210,210,11,i,i,il,DET,_
210-10,BO141,210,210,12,"superlativi,",superlativi,superlativo,ADJ,Intonation=weakly_rising
211-0,BO141,211,211,1,oppure,oppure,oppure,CCONJ,_
211-1,BO141,211,211,2,l',l',il,DET,Truncated=Yes
211-2,BO141,211,211,3,u~,u~,utilizzo,NOUN,Interrupted=Yes
211-3,BO141,211,211,4,l',l',il,DET,Truncated=Yes
211-4,BO141,211,211,5,u~,u~,utilizzo,NOUN,Interrupted=Yes
211-5,BO141,211,211,6,l',l',il,DET,Truncated=Yes
211-6,BO141,211,211,7,utilizzo,utilizzo,utilizzo,NOUN,_
211-7,BO141,211,211,8,del~,del~,di,ADP,Interrupted=Yes
211-8,BO141,211,211,9-10,della,della,_,_,_
211-8a,_,_,211,9,_,di,di,ADP,_
211-8b,_,_,211,10,_,la,il,DET,_
211-9,BO141,211,211,11,o,o,o,CCONJ,_
211-10,BO141,211,211,12,che,che,che,PRON,_
211-11,BO141,211,211,13,in,in,in,ADP,_
211-12,BO141,211,211,14,qualche,qualche,qualche,DET,_
211-13,BO141,211,211,15,modo,modo,modo,NOUN,_
211-14,BO141,211,211,16,eh,eh,eh,INTJ,_
211-15,BO141,211,211,17,n~,n~,non,ADV,Interrupted=Yes
211-16,BO141,211,211,18,n~,n~,non,ADV,Interrupted=Yes
211-17,BO141,211,211,19,non,non,non,ADV,_
211-18,BO141,211,211,20,ti,ti,ti,PRON,_
211-19,BO141,211,211,21,dà,dà,dare,VERB,_
211-20,BO141,211,211,22,altre,altre,altro,DET,_
211-21,BO141,211,211,23,scelte,scelte,scelta,NOUN,_
211-22,BO141,211,211,24,in,in,in,ADP,_
211-23,BO141,211,211,25,qualche,qualche,qualche,DET,_
211-24,BO141,211,211,26,modo,modo,modo,NOUN,_
212-0,BO141,212,212,1,quindi::,quindi,quindi,ADV,_
212-1,BO141,212,212,2,eh,eh,eh,INTJ,_
212-2,BO141,212,212,3,abbiamo,abbiamo,avere,AUX,_
212-3,BO141,212,212,4,visto,visto,vedere,VERB,_
212-4,BO141,212,212,5,n~,n~,numeroso,ADJ,Interrupted=Yes
212-5,BO141,212,212,6,n~,n~,numeroso,ADJ,Interrupted=Yes
212-6,BO141,212,212,7,n~,n~,numeroso,ADJ,Interrupted=Yes
212-7,BO141,212,212,8,numerosi,numerosi,numeroso,ADJ,_
212-8,BO141,212,212,9,e::h,eh,eh,INTJ,_
213-0,BO141,213,213,1,numerosi,numerosi,numeroso,ADJ,_
213-1,BO141,213,213,2,slogan,slogan,slogan,NOUN,_
213-2,BO141,213,213,3,di,di,di,ADP,_
213-3,BO141,213,213,4,"questi,",questi,questo,PRON,Intonation=weakly_rising
213-4,BO141,213,213,5,quindi::,quindi,quindi,ADV,_
213-5,BO141,213,213,6,sono,sono,essere,AUX,_
214-0,BO117,214,214,1,mh,mh,mh,INTJ,_
214-1,BO117,214,214,2,"mh,",mh,mh,INTJ,Intonation=weakly_rising
214-2,BO117,214,214,3,{P},{P},_,_,_
214-3,BO117,214,214,4,va,va,andare,VERB,_
214-4,BO117,214,214,5,"bene,",bene,bene,ADV,Intonation=weakly_rising