token_id,speaker,tu_id,unit,id,span,form,lemma,upos,jefferson_feats
0-0,BO112,0,0,1,si,si,si,PRON,_
0-1,BO112,0,0,2,sente?,sente,sentire,VERB,Intonation=rising
1-0,BO112,1,1,1,"incominciamo,",incominciamo,incominciare,VERB,Intonation=weakly_rising
2-0,BO112,2,2,1,ragazzi,ragazzi,ragazzo,NOUN,_
2-1,BO112,2,2,2,"oggi,",oggi,oggi,ADV,Intonation=weakly_rising
3-0,BO112,3,3,1,>allora<,allora,allora,ADV,_
3-1,BO112,3,3,2,oggi,oggi,oggi,ADV,_
3-2,BO112,3,3,3,io,io,io,PRON,_
3-3,BO112,3,3,4,{P},{P},_,_,_
3-4,BO112,3,3,5,non,non,non,ADV,_
3-5,BO112,3,3,6,ho,ho,avere,VERB,_
3-6,BO112,3,3,7,la,la,il,DET,_
3-7,BO112,3,3,8,voce.,voce,voce,NOUN,Intonation=falling
4-0,BO112,4,4,1,che,che,che,PRON,_
4-1,BO112,4,4,2,sono,sono,essere,AUX,_
4-2,BO112,4,4,3,sostanzialmente,sostanzialmente,sostanzialmente,ADV,_
4-3,BO112,4,4,4,{P},{P},_,_,_
4-4,BO112,4,4,5,malata.,malata,malato,ADJ,Intonation=falling
4-5,BO112,4,4,6,quindi,quindi,quindi,ADV,_
4-6,BO112,4,4,7-8,statemi,statemi,_,_,_
4-6a,_,_,4,7,_,state,stare,VERB,_
4-6b,_,_,4,8,_,mi,mi,PRON,_
4-7,BO112,4,4,9,lontano,lontano,lontano,ADV,_
4-8,BO112,4,4,10,però,però,però,ADV,_
4-9,BO112,4,4,11,son,son,essere,AUX,_
4-10,BO112,4,4,12,venuta,venuta,venire,VERB,_
4-11,BO112,4,4,13,lo,lo,il,DET,_
4-12,BO112,4,4,14,stesso,stesso,stesso,ADJ,_
4-13,BO112,4,4,15,perché,perché,perché,SCONJ,_
4-14,BO112,4,4,16,essendo,essendo,essere,AUX,_
4-15,BO112,4,4,17,la,la,il,DET,_
4-16,BO112,4,4,18,seconda,seconda,secondo,ADJ,_
4-17,BO112,4,4,19,lezione,lezione,lezione,NOUN,_
4-18,BO112,4,4,20,diventava,diventava,diventare,VERB,_
4-19,BO112,4,4,21,impossibile,impossibile,impossibile,ADJ,_
5-0,BO112,5,5,1,e::hm,ehm,ehm,INTJ,_
5-1,BO112,5,5,2,chi,chi,chi,PRON,_
5-2,BO112,5,5,3,di,di,di,ADP,_
5-3,BO112,5,5,4,voi,voi,voi,PRON,_
5-4,BO112,5,5,5,non,non,non,ADV,_
5-5,BO112,5,5,6,era,era,essere,VERB,_
5-6,BO112,5,5,7-8,alla,alla,_,_,_
5-6a,_,_,5,7,_,a,a,ADP,_
5-6b,_,_,5,8,_,la,il,DET,_
5-7,BO112,5,5,9,lezione,lezione,lezione,NOUN,_
5-8,BO112,5,5,10,di,di,di,ADP,_
5-9,BO112,5,5,11,ieri,ieri,ieri,ADV,_
5-10,BO112,5,5,12,alzi,alzi,alzare,VERB,_
5-11,BO112,5,5,13,la,la,il,DET,_
5-12,BO112,5,5,14,mano?,mano,mano,NOUN,Intonation=rising
6-0,BO112,6,6,1,allora,allora,allora,ADV,_
6-1,BO112,6,6,2,non,non,non,ADV,_
6-2,BO112,6,6,3,siete,siete,essere,AUX,_
6-3,BO112,6,6,4,"tantissimi,",tantissimi,tanto,ADJ,Intonation=weakly_rising
6-4,BO112,6,6,5,comunque,comunque,comunque,ADV,_
6-5,BO112,6,6,6,{P},{P},_,_,_
6-6,BO112,6,6,7,innanzi,innanzi,innanzi,ADP,_
6-7,BO112,6,6,8,tutto,tutto,tutto,PRON,_
6-8,BO112,6,6,9,vi,vi,vi,PRON,_
6-9,BO112,6,6,10,potete,potete,potere,AUX,_
6-10,BO112,6,6,11,fare,fare,fare,VERB,_
6-11,BO112,6,6,12,spiegare,spiegare,spiegare,VERB,_
6-12,BO112,6,6,13,{P},{P},_,_,_
6-13,BO112,6,6,14,qualcosa,qualcosa,qualcosa,PRON,_
6-14,BO112,6,6,15-16,dai,dai,_,_,_
6-14a,_,_,6,15,_,da,da,ADP,_
6-14b,_,_,6,16,_,i,il,DET,_
6-15,BO112,6,6,17,vostri,vostri,vostro,DET,_
6-16,BO112,6,6,18,colleghi.,colleghi,collega,NOUN,Intonation=falling
6-17,BO112,6,6,19,e,e,e,CCONJ,_
6-18,BO112,6,6,20,in,in,in,ADP,_
6-19,BO112,6,6,21,secondo,secondo,secondo,ADJ,_
6-20,BO112,6,6,22,"luogo,",luogo,luogo,NOUN,Intonation=weakly_rising
7-0,BO112,7,7,1,io,io,io,PRON,_
7-1,BO112,7,7,2,soprattutto,soprattutto,soprattutto,ADV,_
7-2,BO112,7,7,3,{P},{P},_,_,_
7-3,BO112,7,7,4-5,nell',nell',_,_,Truncated=Yes
7-3a,_,_,7,4,_,in,in,PRON,_
7-3b,_,_,7,5,_,l',il,DET,_
7-4,BO112,7,7,6,"intervallo,",intervallo,intervallo,NOUN,Intonation=weakly_rising
8-0,BO112,8,8,1,faccio,faccio,fare,VERB,_
8-1,BO112,8,8,2,lo,lo,il,PRON,_
8-2,BO112,8,8,3,{P},{P},_,_,_
8-3,BO112,8,8,4,andare,andare,andare,VERB,_
8-4,BO112,8,8,5,le,le,il,DET,_
8-5,BO112,8,8,6,"slides,",slides,slide,NOUN,Intonation=weakly_rising
8-6,BO112,8,8,7,che,che,che,PRON,_
8-7,BO112,8,8,8,sono,sono,essere,AUX,_
8-8,BO112,8,8,9,relative,relative,relativo,ADJ,_
8-9,BO112,8,8,10-11,agli,agli,_,_,_
8-9a,_,_,8,10,_,a,a,ADP,_
8-9b,_,_,8,11,_,gli,il,DET,_
8-10,BO112,8,8,12,aspetti,aspetti,aspetto,NOUN,_
8-11,BO112,8,8,13,più,più,più,ADV,_
8-12,BO112,8,8,14,"tecnici,",tecnici,tecnico,ADJ,Intonation=weakly_rising
9-0,BO112,9,9,1,come::,come,come,ADP,_
9-1,BO112,9,9,2,il,il,il,DET,_
9-2,BO112,9,9,3,programma:,programma,programma,NOUN,_
9-3,BO112,9,9,4,eccetera.,eccetera,eccetera,ADV,Intonation=falling
9-4,BO112,9,9,5,ci,ci,ci,PRON,_
9-5,BO112,9,9,6,sono,sono,essere,VERB,_
9-6,BO112,9,9,7,le,le,il,DET,_
9-7,BO112,9,9,8,due,due,due,NUM,_
9-8,BO112,9,9,9,ragazze,ragazze,ragazzo,NOUN,_
9-9,BO112,9,9,10,di,di,di,ADP,_
9-10,BO112,9,9,11,magistrale,magistrale,magistrale,ADJ,_
9-12,BO112,9,9,13,che:,che,che,PRON,_
9-13,BO112,9,9,14,che,che,che,PRON,_
9-14,BO112,9,9,15,si,si,si,PRON,_
9-15,BO112,9,9,16,lamentavano,lamentavano,lamentare,VERB,_
9-16,BO112,9,9,17-18,delle,delle,_,_,_
9-16a,_,_,9,17,_,di,di,ADP,_
9-16b,_,_,9,18,_,le,il,DET,_
9-17,BO112,9,9,19,date?,date,data,NOUN,Intonation=rising
10-0,BO112,10,10,1,non,non,non,ADV,_
10-1,BO112,10,10,2,ci,ci,ci,PRON,_
10-2,BO112,10,10,3,sono,sono,essere,VERB,_
10-3,BO112,10,10,4,più?,più,più,ADV,Intonation=rising
11-0,BO112,11,11,1,no,no,no,ADV,_
11-1,BO112,11,11,2,mi,mi,mi,PRON,_
11-2,BO112,11,11,3,è,è,essere,AUX,_
11-3,BO112,11,11,4,venuto,venuto,venire,VERB,_
11-4,BO112,11,11,5,in,in,in,ADP,_
11-5,BO112,11,11,6,mente,mente,mente,NOUN,_
11-6,BO112,11,11,7,dopo.,dopo,dopo,ADV,Intonation=falling
11-7,BO112,11,11,8,non,non,non,ADV,_
11-8,BO112,11,11,9,ci,ci,ci,PRON,_
11-9,BO112,11,11,10,ho,ho,avere,AUX,_
11-10,BO112,11,11,11,pensato,pensato,pensare,VERB,_
11-11,BO112,11,11,12,ieri.,ieri,ieri,ADV,Intonation=falling
12-0,BO112,12,12,1,che,che,che,SCONJ,_
12-1,BO112,12,12,2,in,in,in,ADP,_
12-2,BO112,12,12,3,realtà,realtà,realtà,NOUN,_
12-3,BO112,12,12,4,il,il,il,DET,_
12-4,BO112,12,12,5,problema,problema,problema,NOUN,_
12-5,BO112,12,12,6-7,del,del,_,_,_
12-5a,_,_,12,6,_,di,di,ADP,_
12-5b,_,_,12,7,_,il,il,DET,_
12-6,BO112,12,12,8,sedici,sedici,sedici,NUM,_
12-7,BO112,12,12,9,"marzo,",marzo,marzo,NOUN,Intonation=weakly_rising
12-8,BO112,12,12,10,come,come,come,ADP,_
12-9,BO112,12,12,11,primo,primo,primo,ADJ,_
12-10,BO112,12,12,12,appello,appello,appello,NOUN,_
12-11,BO112,12,12,13,per,per,per,ADP,_
12-12,BO112,12,12,14,i,i,il,DET,_
12-13,BO112,12,12,15,sei,sei,sei,NUM,_
12-14,BO112,12,12,16,cieffeu,cieffeu,CFU,NOUN,_
13-0,BO112,13,13,1,è,è,essere,AUX,_
13-1,BO112,13,13,2,anche,anche,anche,ADV,_
13-2,BO112,13,13,3,legato,legato,legare,VERB,_
13-3,BO112,13,13,4-5,al,al,_,_,_
13-3a,_,_,13,4,_,a,a,ADP,_
13-3b,_,_,13,5,_,il,il,DET,_
13-4,BO112,13,13,6,fatto,fatto,fatto,NOUN,_
13-5,BO112,13,13,7,che,che,che,SCONJ,_
14-0,BO112,14,14,1,quando,quando,quando,SCONJ,_
14-1,BO112,14,14,2,io,io,io,PRON,_
14-2,BO112,14,14,3,ho,ho,avere,AUX,_
14-3,BO112,14,14,4,scelto,scelto,scegliere,VERB,_
14-4,BO112,14,14,5,il,il,il,DET,_
14-5,BO112,14,14,6,laboratorio,laboratorio,laboratorio,NOUN,_
14-6,BO112,14,14,7,e,e,e,CCONJ,_
14-7,BO112,14,14,8,si,si,si,PRON,_
14-8,BO112,14,14,9,parla,parla,parlare,VERB,_
14-9,BO112,14,14,10,di,di,di,ADP,_
14-10,BO112,14,14,11,sei,sei,sei,NUM,_
14-11,BO112,14,14,12,{P},{P},_,_,_
14-12,BO112,14,14,13,sei,sei,sei,NUM,_
14-13,BO112,14,14,14,quattro,quattro,quattro,NUM,_
14-14,BO112,14,14,15,o,o,o,CCONJ,_
14-15,BO112,14,14,16,sei,sei,sei,NUM,_
14-16,BO112,14,14,17,mesi,mesi,mese,NOUN,_
14-17,BO112,14,14,18,"fa,",fa,fa,ADV,Intonation=weakly_rising
15-0,BO112,15,15,1,non,non,non,ADV,_
15-1,BO112,15,15,2,pensavo,pensavo,pensare,VERB,_
15-2,BO112,15,15,3,di,di,di,ADP,_
15-3,BO112,15,15,4,dover,dover,dovere,AUX,_
15-4,BO112,15,15,5,iniziare,iniziare,iniziare,VERB,_
15-5,BO112,15,15,6,il,il,il,DET,_
15-6,BO112,15,15,7,corso,corso,corso,NOUN,_
15-7,BO112,15,15,8,in,in,in,ADP,_
15-8,BO112,15,15,9,"ritardo,",ritardo,ritardo,NOUN,Intonation=weakly_rising
15-9,BO112,15,15,10,a,a,a,ADP,_
15-10,BO112,15,15,11,causa,causa,causa,NOUN,_
15-11,BO112,15,15,12-13,del,del,_,_,_
15-11a,_,_,15,12,_,di,di,ADP,_
15-11b,_,_,15,13,_,il,il,DET,_
15-12,BO112,15,15,14,fit.,fit,fit,NOUN,Intonation=falling
16-0,BO112,16,16,1,"ovviamente,",ovviamente,ovviamente,ADV,Intonation=weakly_rising
16-1,BO112,16,16,2,quindi,quindi,quindi,ADV,_
16-2,BO112,16,16,3,aveva,aveva,avere,VERB,_
16-3,BO112,16,16,4,molto,molto,molto,DET,_
16-4,BO112,16,16,5,senso,senso,senso,NOUN,_
16-5,BO112,16,16,6,come,come,come,ADP,_
16-6,BO112,16,16,7,"data,",data,data,NOUN,Intonation=weakly_rising
16-7,BO112,16,16,8,il,il,il,DET,_
16-8,BO112,16,16,9,sedici,sedici,sedici,NUM,_
16-9,BO112,16,16,10,marzo.,marzo,marzo,NOUN,Intonation=falling
17-0,BO112,17,17,1,ve~,ve~,ve~,PRON,Interrupted=Yes
17-1,BO112,17,17,2,ve,ve,vi,PRON,_
17-2,BO112,17,17,3,l',l',lo,PRON,Truncated=Yes
17-3,BO112,17,17,4,ho,ho,avere,AUX,_
17-4,BO112,17,17,5,detto,detto,dire,VERB,_
17-5,BO112,17,17,6,ieri,ieri,ieri,ADV,_
17-6,BO112,17,17,7,come,come,come,ADP,_
17-7,BO112,17,17,8,mai,mai,mai,ADV,_
17-8,BO112,17,17,9,è,è,essere,AUX,_
17-9,BO112,17,17,10,iniziato,iniziato,iniziare,VERB,_
17-10,BO112,17,17,11,in,in,in,ADP,_
17-11,BO112,17,17,12,ritardo,ritardo,ritardo,NOUN,_
17-12,BO112,17,17,13,il,il,il,DET,_
17-13,BO112,17,17,14,corso?,corso,corso,NOUN,Intonation=rising
18-0,BO112,18,18,1,ve,ve,vi,PRON,_
18-1,BO112,18,18,2,l',l',lo,PRON,Truncated=Yes
18-2,BO112,18,18,3,ho,ho,avere,AUX,_
18-3,BO112,18,18,4,detto?,detto,dire,VERB,Intonation=rising
18-4,BO112,18,18,5,sì.,sì,sì,ADV,Intonation=falling
19-0,BO112,19,19,1,quindi,quindi,quindi,ADV,_
19-1,BO112,19,19,2,qualche,qualche,qualche,DET,_
19-2,BO112,19,19,3,cosa,cosa,cosa,NOUN,_
19-3,BO112,19,19,4,che,che,che,PRON,_
19-4,BO112,19,19,5,non,non,non,ADV,_
19-5,BO112,19,19,6,dipendeva,dipendeva,dipendere,VERB,_
19-6,BO112,19,19,7,da,da,da,ADP,_
19-7,BO112,19,19,8,me.,me,me,PRON,Intonation=falling
19-8,BO112,19,19,9,quindi,quindi,quindi,ADV,_
19-9,BO112,19,19,10,{P},{P},_,_,_
19-10,BO112,19,19,11-12,all',all',_,_,Truncated=Yes
19-10a,_,_,19,11,_,a,a,ADP,_
19-10b,_,_,19,12,_,l',il,DET,_
19-11,BO112,19,19,13,epoca,epoca,epoca,NOUN,_
19-12,BO112,19,19,14,il,il,il,DET,_
19-13,BO112,19,19,15,sedici,sedici,sedici,NUM,_
19-14,BO112,19,19,16,marzo,marzo,marzo,NOUN,_
19-15,BO112,19,19,17,era,era,essere,AUX,_
19-16,BO112,19,19,18,un,un,uno,DET,_
19-17,BO112,19,19,19,epoca,epoca,epoca,NOUN,_
19-18,BO112,19,19,20,quanto,quanto,quanto,ADV,_
19-19,BO112,19,19,21,mai,mai,mai,ADV,_
19-20,BO112,19,19,22,{P},{P},_,_,_
19-21,BO112,19,19,23,e:h,eh,eh,INTJ,_
19-22,BO112,19,19,24,sensata.,sensata,sensato,ADJ,Intonation=falling
20-0,BO112,20,20,1,allora,allora,allora,ADV,_
20-1,BO112,20,20,2,"e::hm,",ehm,ehm,INTJ,Intonation=weakly_rising
20-2,BO112,20,20,3,"io,",io,io,PRON,Intonation=weakly_rising
20-3,BO112,20,20,4,volevo,volevo,volere,AUX,_
20-4,BO112,20,20,5,solo,solo,solo,ADV,_
20-5,BO112,20,20,6-7,chiedervi,chiedervi,_,_,_
20-5a,_,_,20,6,_,chieder,chiedere,VERB,_
20-5b,_,_,20,7,_,vi,vi,PRON,_
20-6,BO112,20,20,8,se,se,se,SCONJ,_
20-7,BO112,20,20,9,c',c',ci,PRON,Truncated=Yes
20-8,BO112,20,20,10,è,è,essere,VERB,_
20-9,BO112,20,20,11,qualcuno,qualcuno,qualcuno,PRON,_
20-10,BO112,20,20,12,di,di,di,ADP,_
20-11,BO112,20,20,13,voi,voi,voi,PRON,_
20-12,BO112,20,20,14,che,che,che,PRON,_
20-13,BO112,20,20,15,sa,sa,sapere,VERB,_
20-14,BO112,20,20,16,già,già,già,ADV,_
20-15,BO112,20,20,17,che,che,che,SCONJ,_
20-16,BO112,20,20,18,non,non,non,ADV,_
20-17,BO112,20,20,19,frequenterà,frequenterà,frequentare,VERB,_
20-18,BO112,20,20,20,mai,mai,mai,ADV,_
20-19,BO112,20,20,21,il,il,il,DET,_
20-20,BO112,20,20,22,"mercoledì,",mercoledì,mercoledì,NOUN,Intonation=weakly_rising
21-0,BO112,21,21,1,il,il,il,DET,_
21-1,BO112,21,21,2,"mercoledì,",mercoledì,mercoledì,NOUN,Intonation=weakly_rising
22-0,BO112,22,22,1,okay.,okay,okay,INTJ,Intonation=falling
22-1,BO112,22,22,2,il,il,il,DET,_
22-2,BO112,22,22,3,"giovedì,",giovedì,giovedì,NOUN,Intonation=weakly_rising
23-0,BO112,23,23,1,ma,ma,ma,CCONJ,_
23-1,BO112,23,23,2,sono,sono,essere,AUX,_
23-2,BO112,23,23,3,{P},{P},_,_,_
23-3,BO112,23,23,4,sono,sono,essere,AUX,_
23-4,BO112,23,23,5,numeri,numeri,numero,NOUN,_
23-5,BO112,23,23,6,molto,molto,molto,ADV,_
23-6,BO112,23,23,7,molto,molto,molto,ADV,_
23-7,BO112,23,23,8,inutili.,inutili,inutile,ADJ,Intonation=falling
23-8,BO112,23,23,9,n:on,non,non,ADV,_
23-9,BO112,23,23,10,c',c',ci,PRON,Truncated=Yes
23-10,BO112,23,23,11,è,è,essere,VERB,_
23-11,BO112,23,23,12,problema.,problema,problema,NOUN,Intonation=falling
24-0,BO112,24,24,1,e::,e,e,CCONJ,_
24-1,BO112,24,24,2,"ieri,",ieri,ieri,ADV,Intonation=weakly_rising
24-2,BO112,24,24,3,abbiamo,abbiamo,avere,AUX,_
24-3,BO112,24,24,4,iniziato,iniziato,iniziare,VERB,_
24-4,BO112,24,24,5,a,a,a,ADP,_
24-5,BO112,24,24,6,"spegare,",spegare,spegare,VERB,Intonation=weakly_rising
25-0,BO112,25,25,1,qual,qual,quale,PRON,_
25-1,BO112,25,25,2,è,è,essere,AUX,_
25-2,BO112,25,25,3,{P},{P},_,_,_
25-3,BO112,25,25,4,l',l',il,DET,Truncated=Yes
25-4,BO112,25,25,5,ambito,ambito,ambito,NOUN,_
25-5,BO112,25,25,6,di,di,di,ADP,_
25-6,BO112,25,25,7,studi,studi,studio,NOUN,_
25-7,BO112,25,25,8-9,dell',dell',_,_,Truncated=Yes
25-7a,_,_,25,8,_,di,di,ADP,_
25-7b,_,_,25,9,_,l',il,DET,_
25-8,BO112,25,25,10,"antropologia,",antropologia,antropologia,NOUN,Intonation=weakly_rising
26-0,BO112,26,26,1,e,e,e,CCONJ,_
26-1,BO112,26,26,2,oggi,oggi,oggi,ADV,_
26-2,BO112,26,26,3,ci,ci,ci,PRON,_
26-3,BO112,26,26,4,siamo,siamo,essere,AUX,_
26-4,BO112,26,26,5,ripromessi,ripromessi,ripromettere,VERB,_
26-5,BO112,26,26,6,di,di,di,ADP,_
26-6,BO112,26,26,7,procedere,procedere,procedere,VERB,_
26-7,BO112,26,26,8,con,con,con,ADP,_
26-8,BO112,26,26,9,il,il,il,DET,_
26-9,BO112,26,26,10,concetto,concetto,concetto,NOUN,_
26-10,BO112,26,26,11,di,di,di,ADP,_
26-11,BO112,26,26,12,"cultura,",cultura,cultura,NOUN,Intonation=weakly_rising
26-12,BO112,26,26,13,e,e,e,CCONJ,_
26-13,BO112,26,26,14-15,nella,nella,_,_,_
26-13a,_,_,26,14,_,in,in,ADP,_
26-13b,_,_,26,15,_,la,il,DET,_
26-14,BO112,26,26,16,seconda,seconda,secondo,ADJ,_
26-15,BO112,26,26,17,"parte,",parte,parte,NOUN,Intonation=weakly_rising
27-0,BO112,27,27,1,di,di,di,ADP,_
27-1,BO112,27,27,2,evidenziare,evidenziare,evidenziare,VERB,_
27-2,BO112,27,27,3,attraverso,attraverso,attraverso,ADP,_
27-3,BO112,27,27,4,un,un,uno,DET,_
27-4,BO112,27,27,5,"caso,",caso,caso,NOUN,Intonation=weakly_rising
27-5,BO112,27,27,6,che,che,che,PRON,_
27-6,BO112,27,27,7,è,è,essere,AUX,_
27-7,BO112,27,27,8,il,il,il,DET,_
27-8,BO112,27,27,9,matrimonio,matrimonio,matrimonio,NOUN,_
27-9,BO112,27,27,10,"combinato,",combinato,combinato,ADJ,Intonation=weakly_rising
28-0,BO112,28,28,1,come,come,come,ADP,_
28-1,BO112,28,28,2,l',l',il,DET,Truncated=Yes
28-2,BO112,28,28,3,antropologia,antropologia,antropologia,NOUN,_
28-3,BO112,28,28,4,ragioni.,ragioni,ragione,NOUN,Intonation=falling
29-0,BO112,29,29,1,in,in,in,ADP,_
29-1,BO112,29,29,2,"particolare,",particolare,particolare,NOUN,Intonation=weakly_rising
29-2,BO112,29,29,3,vi,vi,vi,PRON,_
29-3,BO112,29,29,4,chiederò,chiederò,chiedere,VERB,_
29-4,BO112,29,29,5-6,nell',nell',_,_,Truncated=Yes
29-4a,_,_,29,5,_,in,in,ADP,_
29-4b,_,_,29,6,_,l',il,DET,_
29-5,BO112,29,29,7,intervallo,intervallo,intervallo,NOUN,_
29-6,BO112,29,29,8,{P},{P},_,_,_
29-7,BO112,29,29,9,avete,avete,avere,AUX,_
29-8,BO112,29,29,10,riflettuto,riflettuto,riflettere,VERB,_
29-9,BO112,29,29,11-12,sulla,sulla,_,_,_
29-9a,_,_,29,11,_,su,su,ADP,_
29-9b,_,_,29,12,_,la,il,DET,_
30-0,BO112,30,30,1,sì.,sì,sì,ADV,Intonation=falling
30-1,BO112,30,30,2,bene.,bene,bene,ADV,Intonation=falling
31-0,BO112,31,31,1,e,e,e,CCONJ,_
31-1,BO112,31,31,2,quindi,quindi,quindi,ADV,_
31-2,BO112,31,31,3,avevo,avevo,avere,AUX,_
31-3,BO112,31,31,4,chiesto,chiesto,chiedere,VERB,_
31-4,BO112,31,31,5,di,di,di,ADP,_
31-5,BO112,31,31,6,riflettere,riflettere,riflettere,VERB,_
31-6,BO112,31,31,7,{P},{P},_,_,_
31-7,BO112,31,31,8,e,e,e,CCONJ,_
31-8,BO112,31,31,9,di,di,di,ADP,_
31-9,BO112,31,31,10,associare,associare,associare,VERB,_
31-10,BO112,31,31,11-12,dei,dei,_,_,_
31-10a,_,_,31,11,_,di,di,ADP,_
31-10b,_,_,31,12,_,i,il,DET,_
31-11,BO112,31,31,13,termini,termini,termine,NOUN,_
31-12,BO112,31,31,14,e,e,e,CCONJ,_
31-13,BO112,31,31,15-16,degli,degli,_,_,_
31-13a,_,_,31,15,_,di,di,ADP,_
31-13b,_,_,31,16,_,gli,il,DET,_
31-14,BO112,31,31,17,"aggettivi,",aggettivi,aggettivo,NOUN,Intonation=weakly_rising
32-0,BO112,32,32,1-2,a:i,ai,_,_,_
32-0a,_,_,32,1,_,a,a,ADP,_
32-0b,_,_,32,2,_,i,il,DET,_
32-1,BO112,32,32,3,due,due,due,NUM,_
32-2,BO112,32,32,4,concetti,concetti,concetto,NOUN,_
32-3,BO112,32,32,5,di,di,di,ADP,_
32-4,BO112,32,32,6,matrimonio,matrimonio,matrimonio,NOUN,_
32-5,BO112,32,32,7,combinato,combinato,combinato,ADJ,_
32-6,BO112,32,32,8,e,e,e,CCONJ,_
32-7,BO112,32,32,9,matrimonio,matrimonio,matrimonio,NOUN,_
32-8,BO112,32,32,10,d',d',di,ADP,SpaceAfter=No
32-9,BO112,32,32,11,amore.,amore,amore,NOUN,Intonation=falling
33-0,BO112,33,33,1,ci,ci,ci,PRON,_
33-1,BO112,33,33,2,avete,avete,avere,AUX,_
33-2,BO112,33,33,3,pensato?,pensato,pensare,VERB,Intonation=rising
34-0,BO112,34,34,1,allora,allora,allora,ADV,_
34-1,BO112,34,34,2,chi,chi,chi,PRON,_
34-2,BO112,34,34,3,lo,lo,lo,PRON,_
34-3,BO112,34,34,4,"desidera,",desidera,desiderare,VERB,Intonation=weakly_rising
34-4,BO112,34,34,5,{P},{P},_,_,_
34-5,BO112,34,34,6,abbiamo,abbiamo,abbiare,VERB,_
34-6,BO112,34,34,7,questa,questa,questo,DET,_
34-7,BO112,34,34,8,fantastica,fantastica,fantastico,NOUN,_
34-8,BO112,34,34,9,lim,lim,LIM,NOUN,_
34-9,BO112,34,34,10,che,che,che,PRON,_
34-10,BO112,34,34,11,è,è,essere,AUX,_
34-11,BO112,34,34,12,la,la,il,DET,_
34-12,BO112,34,34,13,"lavagna,",lavagna,lavagna,NOUN,Intonation=weakly_rising
35-0,BO112,35,35,1,quindi,quindi,quindi,ADV,_
36-0,BO112,36,36,1,chi,chi,chi,PRON,_
36-1,BO112,36,36,2,vuole,vuole,volere,AUX,_
36-2,BO112,36,36,3,potrà,potrà,potere,AUX,_
36-3,BO112,36,36,4,venire,venire,venire,VERB,_
36-4,BO112,36,36,5,a,a,a,ADP,_
36-5,BO112,36,36,6,scrivere,scrivere,scrivere,VERB,_
36-6,BO112,36,36,7-8,nell',nell',_,_,Truncated=Yes
36-6a,_,_,36,7,_,in,in,ADP,_
36-6b,_,_,36,8,_,l',il,DET,_
36-7,BO112,36,36,9,"intervallo,",intervallo,intervallo,NOUN,Intonation=weakly_rising
36-8,BO112,36,36,10,i,i,il,DET,_
36-9,BO112,36,36,11,termini,termini,termine,NOUN,_
36-10,BO112,36,36,12,e,e,e,CCONJ,_
36-11,BO112,36,36,13,gli,gli,il,DET,_
36-12,BO112,36,36,14,aggettivi,aggettivi,aggettivo,NOUN,_
36-13,BO112,36,36,15,associati,associati,associato,VERB,_
36-14,BO112,36,36,16,{P},{P},_,_,_
36-15,BO112,36,36,17,a,a,a,ADP,_
36-16,BO112,36,36,18,questi,questi,questo,DET,_
36-17,BO112,36,36,19,due,due,due,NUM,_
36-18,BO112,36,36,20,ambiti,ambiti,ambito,NOUN,_
36-19,BO112,36,36,21,di:,di,di,ADP,_
36-20,BO112,36,36,22,{P},{P},_,_,_
36-21,BO112,36,36,23,di,di,di,ADP,_
36-22,BO112,36,36,24,pratica.,pratica,pratica,NOUN,Intonation=falling
37-0,BO112,37,37,1,oggi,oggi,oggi,ADV,_
37-1,BO112,37,37,2,cominciamo,cominciamo,cominciare,VERB,_
37-2,BO112,37,37,3,con,con,con,ADP,_
37-3,BO112,37,37,4,il,il,il,DET,_
37-4,BO112,37,37,5,concetto,concetto,concetto,NOUN,_
37-5,BO112,37,37,6,di,di,di,ADP,_
37-6,BO112,37,37,7,"cultura,",cultura,cultura,NOUN,Intonation=weakly_rising
38-0,BO112,38,38,1,e::h,eh,eh,INTJ,_
38-1,BO112,38,38,2,che,che,che,PRON,_
38-2,BO112,38,38,3,è,è,essere,AUX,_
38-3,BO112,38,38,4,un,un,uno,DET,_
38-4,BO112,38,38,5,concetto,concetto,concetto,NOUN,_
38-5,BO112,38,38,6,come,come,come,SCONJ,_
38-6,BO112,38,38,7,abbiamo,abbiamo,avere,AUX,_
38-7,BO112,38,38,8,visto,visto,vedere,VERB,_
38-8,BO112,38,38,9,ieri,ieri,ieri,ADV,_
38-9,BO112,38,38,10,centrale,centrale,centrale,ADJ,_
38-10,BO112,38,38,11,per,per,per,ADP,_
38-11,BO112,38,38,12,l',l',il,DET,Truncated=Yes
38-12,BO112,38,38,13,"antropologia,",antropologia,antropologia,NOUN,Intonation=weakly_rising
39-0,BO112,39,39,1,e:,e,e,CCONJ,_
39-1,BO112,39,39,2,per,per,per,ADP,_
39-2,BO112,39,39,3,fare,fare,fare,VERB,_
39-3,BO112,39,39,4,"questo,",questo,questo,DET,Intonation=weakly_rising
39-4,BO112,39,39,5,io,io,io,PRON,_
39-5,BO112,39,39,6,mi,mi,mi,PRON,_
39-6,BO112,39,39,7,"avvalgo,",avvalgo,avvalere,VERB,Intonation=weakly_rising
40-0,BO112,40,40,1,di,di,di,ADP,_
40-1,BO112,40,40,2,questo::,questo,questo,PRON,_
41-0,BO112,41,41,1,indirizzo,indirizzo,indirizzo,NOUN,_
41-1,BO112,41,41,2,online,online,online,ADJ,_
41-2,BO112,41,41,3-4,della,della,_,_,_
41-2a,_,_,41,3,_,di,di,ADP,_
41-2b,_,_,41,4,_,la,il,DET,_
41-3,BO112,41,41,5,treccani.,treccani,Treccani,PROPN,Intonation=falling
41-4,BO112,41,41,6,perché?,perché,perché,SCONJ,Intonation=rising
41-5,BO112,41,41,7,perché,perché,perché,SCONJ,_
41-6,BO112,41,41,8,le,le,le,PRON,_
41-7,BO112,41,41,9,ho,ho,avere,AUX,_
41-8,BO112,41,41,10,scritte,scritte,scrivere,VERB,_
41-9,BO112,41,41,11,io,io,io,PRON,_
41-10,BO112,41,41,12,quelle,quelle,quello,PRON,_
41-11,BO112,41,41,13,voci.,voci,voce,NOUN,Intonation=falling
41-12,BO112,41,41,14,se,se,se,SCONJ,_
41-13,BO112,41,41,15,no,no,no,ADV,_
41-14,BO112,41,41,16,ovvio,ovvio,ovvio,ADJ,_
41-15,BO112,41,41,17,non,non,non,ADV,_
41-16,BO112,41,41,18,è,è,essere,VERB,_
41-17,BO112,41,41,19,che,che,che,SCONJ,_
41-18,BO112,41,41,20,uno,uno,uno,PRON,_
41-19,BO112,41,41,21,può,può,potere,AUX,_
41-20,BO112,41,41,22,dire,dire,dire,VERB,_
41-21,BO112,41,41,23,guardiamo,guardiamo,guardare,VERB,_
41-22,BO112,41,41,24,la,la,il,DET,_
41-23,BO112,41,41,25,"trecccani,",trecccani,Treccani,PROPN,Intonation=weakly_rising
42-0,BO112,42,42,1,le,le,le,PRON,_
42-1,BO112,42,42,2,ho,ho,avere,AUX,_
42-2,BO112,42,42,3,scritte,scritte,scrivere,VERB,_
42-3,BO112,42,42,4,io,io,io,PRON,_
42-4,BO112,42,42,5,quindi:,quindi,quindi,ADV,_
43-0,BO112,43,43,1,posso,posso,potere,AUX,_
43-1,BO112,43,43,2-3,(utilizzarle.),utilizzarle,_,_,Intonation=falling
43-1a,_,_,43,2,_,utilizzar,utilizzare,VERB,_
43-1b,_,_,43,3,_,le,le,PRON,_
44-0,BO112,44,44,1,quindi,quindi,quindi,ADV,_
44-1,BO112,44,44,2,se,se,se,SCONJ,_
44-2,BO112,44,44,3,"volete,",volete,volere,AUX,Intonation=weakly_rising
44-3,BO112,44,44,4,potete,potete,potere,AUX,_
44-4,BO112,44,44,5,{tossisce},{tossisce},_,_,_
44-5,BO112,44,44,6,potete,potete,potere,AUX,_
44-6,BO112,44,44,7,andare,andare,andare,VERB,_
44-7,BO112,44,44,8,su,su,su,ADP,_
44-8,BO112,44,44,9,questa::,questa,questo,DET,_
44-9,BO112,44,44,10,pagina,pagina,pagina,NOUN,_
44-10,BO112,44,44,11-12,della,della,_,_,_
44-10a,_,_,44,11,_,di,di,ADP,_
44-10b,_,_,44,12,_,la,il,DET,_
44-11,BO112,44,44,13,treccani,treccani,Treccani,PROPN,_
44-12,BO112,44,44,14,"scuola,",scuola,scuola,NOUN,Intonation=weakly_rising
45-0,BO112,45,45,1,e,e,e,CCONJ,_
45-1,BO112,45,45,2,troverete,troverete,trovare,VERB,_
45-2,BO112,45,45,3,tutte,tutte,tutto,DET,_
45-3,BO112,45,45,4,{P},{P},_,_,_
45-4,BO112,45,45,5,le,le,il,DET,_
45-5,BO112,45,45,6,slides,slides,slide,NOUN,_
45-6,BO112,45,45,7,che,che,che,PRON,_
45-7,BO112,45,45,8,trovate,trovate,trovare,VERB,_
45-8,BO112,45,45,9,"oggi,",oggi,oggi,ADV,Intonation=weakly_rising
46-0,BO112,46,46,1,"però,",però,però,ADV,Intonation=weakly_rising
46-1,BO112,46,46,2,più,più,più,ADV,_
46-2,BO112,46,46,3,dettagliate.,dettagliate,dettagliato,ADJ,Intonation=falling
46-3,BO112,46,46,4,mh?,mh,mh,INTJ,Intonation=rising
47-0,BO112,47,47,1,quindi,quindi,quindi,ADV,_
47-1,BO112,47,47,2,abbiamo,abbiamo,avere,AUX,_
47-2,BO112,47,47,3,visto,visto,vedere,VERB,_
47-3,BO112,47,47,4,alcune::,alcune,alcuno,DET,_
47-4,BO112,47,47,5,alcuni,alcuni,alcuno,DET,_
47-5,BO112,47,47,6,aspetti,aspetti,aspetto,NOUN,_
47-6,BO112,47,47,7,li,li,li,PRON,_
47-7,BO112,47,47,8,abbiamo,abbiamo,avere,AUX,_
47-8,BO112,47,47,9,già,già,già,ADV,_
47-9,BO112,47,47,10,trattati,trattati,trattare,VERB,_
47-10,BO112,47,47,11,ieri,ieri,ieri,ADV,_
47-11,BO112,47,47,12,però,però,però,ADV,_
47-12,BO112,47,47,13,e::h,eh,eh,INTJ,_
47-13,BO112,47,47,14,{P},{P},_,_,_
47-14,BO112,47,47,15,"velocemente,",velocemente,velocemente,ADV,Intonation=weakly_rising
48-0,BO112,48,48,1,quindi,quindi,quindi,ADV,_
48-1,BO112,48,48,2,abbiamo,abbiamo,avere,AUX,_
48-2,BO112,48,48,3,visto,visto,vedere,VERB,_
48-3,BO112,48,48,4,che,che,che,SCONJ,_
48-4,BO112,48,48,5,l',l',il,DET,Truncated=Yes
48-5,BO112,48,48,6,antropologia,antropologia,antropologia,NOUN,_
48-6,BO112,48,48,7,nasce,nasce,nascere,VERB,_
48-7,BO112,48,48,8,in,in,in,ADP,_
48-8,BO112,48,48,9,europa,europa,Europa,PROPN,_
48-9,BO112,48,48,10,ne~,ne~,ne~,X,Interrupted=Yes
48-10,BO112,48,48,11,in,in,in,ADP,_
48-11,BO112,48,48,12,europa,europa,Europa,PROPN,_
48-12,BO112,48,48,13,e,e,e,CCONJ,_
48-13,BO112,48,48,14,in,in,in,ADP,_
48-14,BO112,48,48,15,particolare,particolare,particolare,NOUN,_
48-15,BO112,48,48,16-17,negli,negli,_,_,_
48-15a,_,_,48,16,_,in,in,ADP,_
48-15b,_,_,48,17,_,gli,il,DET,_
48-16,BO112,48,48,18,stati,stati,Stati,PROPN,_
48-17,BO112,48,48,19,"uniti,",uniti,Uniti,PROPN,Intonation=weakly_rising
48-18,BO112,48,48,20-21,nel,nel,_,_,_
48-18a,_,_,48,20,_,in,in,ADP,_
48-18b,_,_,48,21,_,il,il,DET,_
48-19,BO112,48,48,22,diciannovesimo,diciannovesimo,diciannovesimo,ADJ,_
48-20,BO112,48,48,23,secolo.,secolo,secolo,NOUN,Intonation=falling
49-0,BO112,49,49,1,e:h,eh,eh,INTJ,_
49-1,BO112,49,49,2,vi,vi,vi,PRON,_
49-2,BO112,49,49,3,ricordate,ricordate,ricordare,VERB,_
49-3,BO112,49,49,4,che,che,che,SCONJ,_
49-4,BO112,49,49,5,{P},{P},_,_,_
49-5,BO112,49,49,6,abbiamo,abbiamo,avere,AUX,_
49-6,BO112,49,49,7,parlato,parlato,parlare,VERB,_
49-7,BO112,49,49,8-9,dell',dell',_,_,Truncated=Yes
49-7a,_,_,49,8,_,di,di,ADP,_
49-7b,_,_,49,9,_,l',il,DET,_
49-8,BO112,49,49,10,"antropologia,",antropologia,antropologia,NOUN,Intonation=weakly_rising
49-9,BO112,49,49,11,evoluzionista.,evoluzionista,evoluzionista,ADJ,Intonation=falling
50-0,BO112,50,50,1,qualcuno,qualcuno,qualcuno,PRON,_
50-1,BO112,50,50,2,giustamente,giustamente,giustamente,ADV,_
50-2,BO112,50,50,3,mi,mi,mi,PRON,_
50-3,BO112,50,50,4,ha,ha,avere,AUX,_
50-4,BO112,50,50,5,"chiesto,",chiesto,chiedere,VERB,Intonation=weakly_rising
50-5,BO112,50,50,6,ma,ma,ma,CCONJ,_
50-6,BO112,50,50,7,come,come,come,ADP,_
50-7,BO112,50,50,8,lei,lei,lei,PRON,_
50-8,BO112,50,50,9,ha,ha,avere,AUX,_
50-9,BO112,50,50,10,detto,detto,dire,VERB,_
50-10,BO112,50,50,11,che,che,che,SCONJ,_
51-0,BO112,51,51,1,è,è,essere,AUX,_
51-1,BO112,51,51,2,nata,nata,nascere,VERB,_
51-2,BO112,51,51,3-4,nell',nell',_,_,Truncated=Yes
51-2a,_,_,51,3,_,in,in,ADP,_
51-2b,_,_,51,4,_,l',il,DET,_
51-3,BO112,51,51,5,"ottocento,",ottocento,Ottocento,PROPN,Intonation=weakly_rising
51-4,BO112,51,51,6,e,e,e,CCONJ,_
51-5,BO112,51,51,7,poi,poi,poi,ADV,_
51-6,BO112,51,51,8,ha,ha,avere,AUX,_
51-7,BO112,51,51,9,citato,citato,citare,VERB,_
51-8,BO112,51,51,10,erodoto.,erodoto,Erodoto,PROPN,Intonation=falling
52-0,BO112,52,52,1,"sì,",sì,sì,ADV,Intonation=weakly_rising
52-1,BO112,52,52,2,ma,ma,ma,CCONJ,_
52-2,BO112,52,52,3,erodoto,erodoto,Erodoto,PROPN,_
52-3,BO112,52,52,4,l',l',lo,PRON,Truncated=Yes
52-4,BO112,52,52,5,ho,ho,avere,AUX,_
52-5,BO112,52,52,6,menzionato,menzionato,menzionare,VERB,_
52-6,BO112,52,52,7,come,come,come,ADP,_
52-7,BO112,52,52,8,{P},{P},_,_,_
52-8,BO112,52,52,9,un,un,uno,DET,_
52-9,BO112,52,52,10,mitico,mitico,mitico,ADJ,_
52-10,BO112,52,52,11,padre,padre,padre,NOUN,_
52-11,BO112,52,52,12,"fondatore,",fondatore,fondatore,NOUN,Intonation=weakly_rising
53-0,BO112,53,53,1,non,non,non,ADV,_
53-1,BO112,53,53,2,certo,certo,certo,ADV,_
53-2,BO112,53,53,3,come,come,come,ADP,_
53-3,BO112,53,53,4,un,un,uno,DET,_
53-4,BO112,53,53,5,"antropologo,",antropologo,antropologo,NOUN,Intonation=weakly_rising
53-5,BO112,53,53,6,semplicemente,semplicemente,semplicemente,ADV,_
53-6,BO112,53,53,7,come,come,come,ADP,_
53-7,BO112,53,53,8,uno,uno,uno,DET,_
53-8,BO112,53,53,9,"studioso,",studioso,studioso,NOUN,Intonation=weakly_rising
54-0,BO112,54,54,1,a,a,a,ADP,_
54-1,BO112,54,54,2,cui,cui,cui,PRON,_
54-2,BO112,54,54,3,gli,gli,il,DET,_
54-3,BO112,54,54,4,{P},{P},_,_,_
54-4,BO112,54,54,5,antropologi,antropologi,antropologo,NOUN,_
54-5,BO112,54,54,6,amano,amano,amare,VERB,_
54-6,BO112,54,54,7,far,far,fare,VERB,_
54-7,BO112,54,54,8,"risalire,",risalire,risalire,VERB,Intonation=weakly_rising
54-8,BO112,54,54,9,la,la,il,DET,_
54-9,BO112,54,54,10,loro,loro,loro,DET,_
54-10,BO112,54,54,11,disciplina.,disciplina,disciplina,NOUN,Intonation=falling
55-0,BO112,55,55,1,perché,perché,perché,SCONJ,_
55-1,BO112,55,55,2,{P},{P},_,_,_
55-2,BO112,55,55,3-4,nel,nel,_,_,_
55-2a,_,_,55,3,_,in,in,ADP,_
55-2b,_,_,55,4,_,il,il,DET,_
55-3,BO112,55,55,5,brano,brano,brano,NOUN,_
55-4,BO112,55,55,6,che,che,che,PRON,_
55-5,BO112,55,55,7,vi,vi,vi,PRON,_
55-6,BO112,55,55,8,ho,ho,avere,AUX,_
55-7,BO112,55,55,9,detto,detto,dire,VERB,_
55-8,BO112,55,55,10,"ieri,",ieri,ieri,ADV,Intonation=weakly_rising
55-9,BO112,55,55,11,erodoto,erodoto,Erodoto,PROPN,_
55-10,BO112,55,55,12,evidenziava,evidenziava,evidenziare,VERB,_
55-11,BO112,55,55,13,{P},{P},_,_,_
55-12,BO112,55,55,14,la,la,il,DET,_
55-13,BO112,55,55,15,"relatività,",relatività,relatività,NOUN,Intonation=weakly_rising
55-14,BO112,55,55,16-17,dei,dei,_,_,_
55-14a,_,_,55,16,_,di,di,ADP,_
55-14b,_,_,55,17,_,i,il,DET,_
55-15,BO112,55,55,18,costumi.,costumi,costume,NOUN,Intonation=falling
56-0,BO112,56,56,1,è,è,essere,AUX,_
56-1,BO112,56,56,2,chiaro,chiaro,chiaro,ADJ,_
56-2,BO112,56,56,3,che,che,che,SCONJ,_
56-3,BO112,56,56,4,l',l',il,DET,Truncated=Yes
56-4,BO112,56,56,5,interesse,interesse,interesse,NOUN,_
56-5,BO112,56,56,6,per,per,per,ADP,_
56-6,BO112,56,56,7,l',l',il,DET,Truncated=Yes
56-7,BO112,56,56,8,altro,altro,altro,PRON,_
56-8,BO112,56,56,9,non,non,non,ADV,_
56-9,BO112,56,56,10,è,è,essere,AUX,_
56-10,BO112,56,56,11,una,una,uno,DET,_
56-11,BO112,56,56,12,novità.,novità,novità,NOUN,Intonation=falling
57-0,BO112,57,57,1-2,nel,nel,_,_,_
57-0a,_,_,57,1,_,in,in,ADP,_
57-0b,_,_,57,2,_,il,il,DET,_
57-1,BO112,57,57,3,pensiero,pensiero,pensiero,NOUN,_
57-2,BO112,57,57,4,cosiddetto,cosiddetto,cosiddetto,ADJ,_
57-3,BO112,57,57,5,{P},{P},_,_,_
57-4,BO112,57,57,6,"occidentale,",occidentale,occidentale,ADJ,Intonation=weakly_rising
58-0,BO112,58,58,1,o,o,o,CCONJ,_
58-1,BO112,58,58,2,euroamericano.,euroamericano,euroamericano,ADJ,Intonation=falling
59-0,BO112,59,59,1,e,e,e,CCONJ,_
59-1,BO112,59,59,2,cioè,cioè,cioè,CCONJ,_
59-2,BO112,59,59,3,c',c',ci,PRON,Truncated=Yes
59-3,BO112,59,59,4,è,è,essere,VERB,_
59-4,BO112,59,59,5,sempre,sempre,sempre,ADV,_
59-5,BO112,59,59,6,stato,stato,essere,AUX,_
59-6,BO112,59,59,7,un,un,uno,DET,_
59-7,BO112,59,59,8,interesse.,interesse,interesse,NOUN,Intonation=falling
60-0,BO112,60,60,1,in,in,in,ADP,_
60-1,BO112,60,60,2,"particolare,",particolare,particolare,NOUN,Intonation=weakly_rising
61-0,BO112,61,61,1,possiamo,possiamo,potere,AUX,_
61-1,BO112,61,61,2,distinguere,distinguere,distinguere,VERB,_
61-2,BO112,61,61,3,due,due,due,NUM,_
61-3,BO112,61,61,4,tipi,tipi,tipo,NOUN,_
61-4,BO112,61,61,5,di,di,di,ADP,_
61-5,BO112,61,61,6,alterità.,alterità,alterità,NOUN,Intonation=falling
62-0,BO112,62,62,1,in,in,in,ADP,_
62-1,BO112,62,62,2,"europa,",europa,Europa,PROPN,Intonation=weakly_rising
63-0,BO112,63,63,1,infatti,infatti,infatti,ADV,_
63-1,BO112,63,63,2,l',l',il,DET,Truncated=Yes
63-2,BO112,63,63,3,"altro,",altro,altro,PRON,Intonation=weakly_rising
64-0,BO112,64,64,1,è,è,essere,AUX,_
64-1,BO112,64,64,2,soprattutto,soprattutto,soprattutto,ADV,_
64-2,BO112,64,64,3,il,il,il,DET,_
64-3,BO112,64,64,4,suddito,suddito,suddito,NOUN,_
64-4,BO112,64,64,5,coloniale.,coloniale,coloniale,ADJ,Intonation=falling
65-0,BO112,65,65,1,e,e,e,CCONJ,_
65-1,BO112,65,65,2,quindi,quindi,quindi,ADV,_
65-2,BO112,65,65,3,qualcuno,qualcuno,qualcuno,PRON,_
65-3,BO112,65,65,4,che,che,che,PRON,_
65-4,BO112,65,65,5,"sostanzialmente,",sostanzialmente,sostanzialmente,ADV,Intonation=weakly_rising
66-0,BO112,66,66,1,non,non,non,ADV,_
66-1,BO112,66,66,2,vediamo,vediamo,vedere,VERB,_
66-2,BO112,66,66,3,mai.,mai,mai,ADV,Intonation=falling
67-0,BO112,67,67,1,mentre,mentre,mentre,SCONJ,_
67-1,BO112,67,67,2,invece,invece,invece,ADV,_
67-2,BO112,67,67,3,{P},{P},_,_,_
67-3,BO112,67,67,4-5,negli,negli,_,_,_
67-3a,_,_,67,4,_,in,in,ADP,_
67-3b,_,_,67,5,_,gli,il,DET,_
67-4,BO112,67,67,6,stati,stati,Stati,PROPN,_
67-5,BO112,67,67,7,"uniti,",uniti,Uniti,PROPN,Intonation=weakly_rising
67-6,BO112,67,67,8,l',l',il,DET,Truncated=Yes
67-7,BO112,67,67,9,"altro,",altro,altro,PRON,Intonation=weakly_rising
67-8,BO112,67,67,10,è,è,essere,AUX,_
67-9,BO112,67,67,11,il,il,il,DET,_
67-10,BO112,67,67,12,nativo,nativo,nativo,NOUN,_
67-11,BO112,67,67,13,americano.,americano,americano,ADJ,Intonation=falling
67-12,BO112,67,67,14,qualcuno,qualcuno,qualcuno,PRON,_
67-13,BO112,67,67,15,di,di,di,ADP,_
67-14,BO112,67,67,16,estremamente,estremamente,estremo,ADV,_
67-15,BO112,67,67,17,vicino.,vicino,vicino,ADV,Intonation=falling
68-0,BO112,68,68,1,avete,avete,avere,AUX,_
68-1,BO112,68,68,2,mai,mai,mai,ADV,_
68-2,BO112,68,68,3,sentito,sentito,sentire,VERB,_
68-3,BO112,68,68,4,parlare,parlare,parlare,VERB,_
68-4,BO112,68,68,5,di,di,di,ADP,_
68-5,BO112,68,68,6,{P},{P},_,_,_
68-6,BO112,68,68,7,esibizioni,esibizioni,esibizione,NOUN,_
68-7,BO112,68,68,8,etnologiche?,etnologiche,etnologico,ADJ,Intonation=rising
69-0,BO112,69,69,1,le,le,il,DET,_
69-1,BO112,69,69,2,valigie,valigie,valigia,NOUN,_
69-2,BO112,69,69,3,ragazzi,ragazzi,ragazzare,VERB,_
69-3,BO112,69,69,4,mettetele,mettetele,_,_,_
69-3a,_,_,69,,_,mettete,mettere,VERB,
69-3b,_,_,69,,_,le,le,PRON,
69-4,BO112,69,69,5,più,più,più,ADV,_
69-5,BO112,69,69,6,in,in,in,ADP,_
69-6,BO112,69,69,7,"qua,",qua,qua,ADV,Intonation=weakly_rising
69-7,BO112,69,69,8,perché,perché,perché,SCONJ,_
69-8,BO112,69,69,9,lì,lì,lì,ADV,_
69-9,BO112,69,69,10,proprio,proprio,proprio,ADV,_
69-10,BO112,69,69,11,{P},{P},_,_,_
69-11,BO112,69,69,12,mi,mi,mi,PRON,_
69-12,BO112,69,69,13,"uccidono,",uccidono,uccidere,VERB,Intonation=weakly_rising
69-13,BO112,69,69,14,di,di,di,ADP,_
69-14,BO112,69,69,15,chi,chi,chi,PRON,_
69-15,BO112,69,69,16,è,è,essere,VERB,_
69-16,BO112,69,69,17,quella?,quella,quello,DET,Intonation=rising
69-17,BO112,69,69,18,mettetela,mettetela,mettetela,NOUN,_
69-18,BO112,69,69,19,qua.,qua,qua,ADV,Intonation=falling
70-0,BO112,70,70,1,l',l',il,DET,Truncated=Yes
70-1,BO112,70,70,2,addetta,addetta,addetto,NOUN,_
70-2,BO112,70,70,3-4,alla,alla,_,_,_
70-2a,_,_,70,3,_,a,a,ADP,_
70-2b,_,_,70,4,_,la,il,DET,_
70-3,BO112,70,70,5,sicurezza,sicurezza,sicurezza,NOUN,_
70-4,BO112,70,70,6,è,è,essere,AUX,_
70-5,BO112,70,70,7,sconvolta,sconvolta,sconvolto,ADJ,_
70-6,BO112,70,70,8,da:,da,da,ADP,_
70-7,BO112,70,70,9,questo,questo,questo,DET,_
70-8,BO112,70,70,10,corso.,corso,corso,NOUN,Intonation=falling
71-0,BO112,71,71,1,spostiamo,spostiamo,spostare,VERB,_
71-1,BO112,71,71,2,anche,anche,anche,ADV,_
71-2,BO112,71,71,3,"quella,",quella,quello,PRON,Intonation=weakly_rising
72-0,BO112,72,72,1,e::hm,ehm,ehm,INTJ,_
73-0,BO112,73,73,1,avete,avete,avere,AUX,_
73-1,BO112,73,73,2,mai,mai,mai,ADV,_
73-2,BO112,73,73,3,sentito,sentito,sentire,VERB,_
73-3,BO112,73,73,4,parlare,parlare,parlare,VERB,_
73-4,BO112,73,73,5,di,di,di,ADP,_
73-5,BO112,73,73,6,esibizioni,esibizioni,esibizione,NOUN,_
73-6,BO112,73,73,7,etnologiche?,etnologiche,etnologico,ADJ,Intonation=rising
73-7,BO112,73,73,8,lei,lei,lei,PRON,_
73-8,BO112,73,73,9,si:?,si,si,PRON,Intonation=rising
74-0,???,74,74,1,non,non,non,ADV,_
74-1,???,74,74,2,si,si,si,PRON,_
74-2,???,74,74,3,sente,sente,sentire,VERB,_
74-3,???,74,74,4,qua,qua,qua,ADV,_
75-0,BO112,75,75,1,non,non,non,ADV,_
75-1,BO112,75,75,2,si,si,si,PRON,_
75-2,BO112,75,75,3,sente?,sente,sentire,VERB,Intonation=rising
76-0,BO112,76,76,1,davvero?,davvero,davvero,ADV,Intonation=rising
77-0,BO112,77,77,1,e::hm,ehm,ehm,INTJ,_
77-1,BO112,77,77,2,"mah,",mah,mah,INTJ,Intonation=weakly_rising
78-0,BO112,78,78,1,volume?,volume,volume,NOUN,Intonation=rising
79-0,BO112,79,79,1,c',c',ci,PRON,Truncated=Yes
79-1,BO112,79,79,2,è,è,essere,VERB,_
79-2,BO112,79,79,3,il,il,il,DET,_
79-3,BO112,79,79,4,ragazzo,ragazzo,ragazzo,NOUN,_
79-4,BO112,79,79,5,fuori?,fuori,fuori,ADV,Intonation=rising
80-0,BO112,80,80,1,presumo,presumo,presumere,NOUN,_
80-1,BO112,80,80,2,che,che,che,PRON,_
80-2,BO112,80,80,3,si,si,si,PRON,_
80-3,BO112,80,80,4,possa,possa,potere,AUX,_
80-4,BO112,80,80,5,alzare,alzare,alzare,VERB,_
80-5,BO112,80,80,6,il,il,il,DET,_
80-6,BO112,80,80,7,volume,volume,volume,NOUN,_
80-7,BO112,80,80,8,da,da,da,ADP,_
80-8,BO112,80,80,9,qua,qua,qua,ADV,_
80-9,BO112,80,80,10,ma,ma,ma,CCONJ,_
80-10,BO112,80,80,11,non,non,non,ADV,_
80-11,BO112,80,80,12,so,so,sapere,VERB,_
80-12,BO112,80,80,13,se,se,se,SCONJ,_
80-13,BO112,80,80,14,io,io,io,PRON,_
80-14,BO112,80,80,15,ho,ho,avere,VERB,_
80-15,BO112,80,80,16,le,le,il,DET,_
80-16,BO112,80,80,17,"chiavi,",chiavi,chiave,NOUN,Intonation=weakly_rising
81-0,BO112,81,81,1,non,non,non,ADV,_
81-1,BO112,81,81,2,si,si,si,PRON,_
81-2,BO112,81,81,3,sente,sente,sentire,VERB,_
81-3,BO112,81,81,4,per,per,per,ADP,_
81-4,BO112,81,81,5,nie~,nie~,nie~,X,Interrupted=Yes
81-5,BO112,81,81,6,devo,devo,dovere,AUX,_
81-6,BO112,81,81,7,"parlare,",parlare,parlare,VERB,Intonation=weakly_rising
81-7,BO112,81,81,8,se,se,se,SCONJ,_
81-8,BO112,81,81,9,"parlo,",parlo,parlare,VERB,Intonation=weakly_rising
81-9,BO112,81,81,10,se,se,se,SCONJ,_
81-10,BO112,81,81,11,parlo,parlo,parlare,VERB,_
81-11,BO112,81,81,12,così?,così,così,ADV,Intonation=rising
82-0,BO112,82,82,1,di,di,di,ADP,_
82-1,BO112,82,82,2,più?,più,più,ADV,Intonation=rising
83-0,BO112,83,83,1,°vediamo,vediamo,vedere,VERB,Volume=low
83-1,BO112,83,83,2,un,un,uno,DET,Volume=low
83-2,BO112,83,83,3,"po',°",po',poco,ADV,Intonation=weakly_rising|Volume=low
84-0,BO112,84,84,1,così,così,così,ADV,_
84-1,BO112,84,84,2,"naturalmente,",naturalmente,naturalmente,ADV,Intonation=weakly_rising
85-0,BO112,85,85,1,il,il,il,DET,_
85-1,BO112,85,85,2,ragazzo,ragazzo,ragazzo,NOUN,_
85-2,BO112,85,85,3,non,non,non,ADV,_
85-3,BO112,85,85,4,c',c',ci,PRON,Truncated=Yes
85-4,BO112,85,85,5,è.,è,essere,VERB,Intonation=falling
86-0,BO112,86,86,1,allora,allora,allora,ADV,_
86-1,BO112,86,86,2,io,io,io,PRON,_
86-2,BO112,86,86,3,posso,posso,potere,AUX,_
86-3,BO112,86,86,4,provare,provare,provare,VERB,_
86-4,BO112,86,86,5,a,a,a,ADP,_
86-5,BO112,86,86,6,parlare,parlare,parlare,VERB,_
86-6,BO112,86,86,7,un,un,uno,DET,_
86-7,BO112,86,86,8,po',po',poco,ADV,_
86-8,BO112,86,86,9,più,più,più,ADV,_
86-9,BO112,86,86,10,"forte,",forte,forte,ADJ,Intonation=weakly_rising
87-0,BO112,87,87,1,"così,",così,così,ADV,Intonation=weakly_rising
88-0,BO112,88,88,1,si,si,si,PRON,_
88-1,BO112,88,88,2,sente,sente,sentire,VERB,_
88-2,BO112,88,88,3,meglio?,meglio,meglio,ADV,Intonation=rising
89-0,BO112,89,89,1,mi,mi,mi,PRON,_
89-1,BO112,89,89,2,toglierò,toglierò,togliere,VERB,_
89-2,BO112,89,89,3,quel,quel,quello,DET,_
89-3,BO112,89,89,4,{P},{P},_,_,_
89-4,BO112,89,89,5,poco,poco,poco,ADV,_
89-5,BO112,89,89,6,di,di,di,ADP,_
89-6,BO112,89,89,7,voce,voce,voce,NOUN,_
89-7,BO112,89,89,8,che,che,che,PRON,_
89-8,BO112,89,89,9,mi,mi,mi,PRON,_
89-9,BO112,89,89,10,è,è,essere,AUX,_
89-10,BO112,89,89,11,"rimasto,",rimasto,rimanere,VERB,Intonation=weakly_rising
90-0,BO112,90,90,1,>allora<,allora,allora,ADV,_
90-1,BO112,90,90,2,esibizioni,esibizioni,esibizione,NOUN,_
90-2,BO112,90,90,3,"etnologiche,",etnologiche,etnologico,ADJ,Intonation=weakly_rising
90-3,BO112,90,90,4,sappiamo,sappiamo,sapere,VERB,_
90-4,BO112,90,90,5,che,che,che,DET,_
90-5,BO112,90,90,6,cosa,cosa,cosa,NOUN,_
90-6,BO112,90,90,7,sono?,sono,essere,AUX,Intonation=rising
91-0,BO112,91,91,1,allora,allora,allora,ADV,_
91-1,BO112,91,91,2,le,le,il,DET,_
91-2,BO112,91,91,3,esibizioni,esibizioni,esibizione,NOUN,_
91-3,BO112,91,91,4,"etnologiche,",etnologiche,etnologico,ADJ,Intonation=weakly_rising
92-0,BO112,92,92,1,erano,erano,essere,AUX,_
92-1,BO112,92,92,2,quelli,quelli,quello,PRON,_
92-2,BO112,92,92,3,che,che,che,PRON,_
92-3,BO112,92,92,4,una,una,uno,DET,_
92-4,BO112,92,92,5,volta,volta,volta,NOUN,_
92-5,BO112,92,92,6,venivano,venivano,venire,AUX,_
92-6,BO112,92,92,7,chiamati,chiamati,chiamare,VERB,_
92-7,BO112,92,92,8,<zoo,zoo,zoo,NOUN,_
92-8,BO112,92,92,9,umani>.,umani,umano,ADJ,Intonation=falling
93-0,BO112,93,93,1,non,non,non,ADV,_
93-1,BO112,93,93,2,so,so,sapere,VERB,_
93-2,BO112,93,93,3,se,se,se,SCONJ,_
93-3,BO112,93,93,4,ne,ne,ne,PRON,_
93-4,BO112,93,93,5,avete,avete,avere,AUX,_
93-5,BO112,93,93,6,mai,mai,mai,ADV,_
93-6,BO112,93,93,7,sentito,sentito,sentire,VERB,_
93-7,BO112,93,93,8,parlare.,parlare,parlare,VERB,Intonation=falling
94-0,BO112,94,94,1,e,e,e,CCONJ,_
94-1,BO112,94,94,2,"cioè,",cioè,cioè,CCONJ,Intonation=weakly_rising
95-0,BO112,95,95,1-2,delle,delle,_,_,_
95-0a,_,_,95,1,_,di,di,ADP,_
95-0b,_,_,95,2,_,le,il,DET,_
95-1,BO112,95,95,3,{P},{P},_,_,_
95-2,BO112,95,95,4,m::,m,m,INTJ,_
96-0,BO112,96,96,1,"esibizioni,",esibizioni,esibizione,NOUN,Intonation=weakly_rising
97-0,BO112,97,97,1,di,di,di,ADP,_
97-1,BO112,97,97,2,"popolazioni,",popolazioni,popolazione,NOUN,Intonation=weakly_rising
97-2,BO112,97,97,3,"colonizzate,",colonizzate,colonizzato,ADJ,Intonation=weakly_rising
98-0,BO112,98,98,1,che,che,che,PRON,_
98-1,BO112,98,98,2,venivano,venivano,venire,AUX,_
98-2,BO112,98,98,3,portate,portate,portare,VERB,_
98-3,BO112,98,98,4,{P},{P},_,_,_
98-4,BO112,98,98,5,in,in,in,ADP,_
98-5,BO112,98,98,6,"occidente,",occidente,occidente,NOUN,Intonation=weakly_rising
99-0,BO112,99,99,1,e,e,e,CCONJ,_
99-1,BO112,99,99,2,venivano,venivano,venire,AUX,_
99-2,BO112,99,99,3,"mostrate,",mostrate,mostrare,VERB,Intonation=weakly_rising
99-3,BO112,99,99,4-5,al,al,_,_,_
99-3a,_,_,99,4,_,a,a,ADP,_
99-3b,_,_,99,5,_,il,il,DET,_
99-4,BO112,99,99,6,pubblico,pubblico,pubblico,NOUN,_
99-5,BO112,99,99,7,occidentale.,occidentale,occidentale,ADJ,Intonation=falling
100-0,BO112,100,100,1,quindi,quindi,quindi,ADV,_
100-1,BO112,100,100,2,ad,ad,a,ADP,_
100-2,BO112,100,100,3,"esempio,",esempio,esempio,NOUN,Intonation=weakly_rising
100-3,BO112,100,100,4,"pigmei,",pigmei,pigmeo,NOUN,Intonation=weakly_rising
100-4,BO112,100,100,5,"aborigeni,",aborigeni,aborigeno,NOUN,Intonation=weakly_rising
100-5,BO112,100,100,6,insomma,insomma,insomma,ADV,_
100-6,BO112,100,100,7,{P},{P},_,_,_
100-7,BO112,100,100,8,che,che,che,PRON,_
100-8,BO112,100,100,9,venivano,venivano,venire,AUX,_
100-9,BO112,100,100,10,"mostrati,",mostrati,mostrare,VERB,Intonation=weakly_rising
100-10,BO112,100,100,11,in,in,in,ADP,_
100-11,BO112,100,100,12,"genere,",genere,genere,NOUN,Intonation=weakly_rising
100-12,BO112,100,100,13,in,in,in,ADP,_
100-13,BO112,100,100,14,occasioni,occasioni,occasione,NOUN,_
100-14,BO112,100,100,15,di,di,di,ADP,_
100-15,BO112,100,100,16,"expo,",expo,expo,NOUN,Intonation=weakly_rising
100-16,BO112,100,100,17,"fiere,",fiere,fiera,NOUN,Intonation=weakly_rising
101-0,BO112,101,101,1,come,come,come,ADV,_
101-1,BO112,101,101,2,se,se,se,SCONJ,_
101-2,BO112,101,101,3,"mostrassero,",mostrassero,mostrare,VERB,Intonation=weakly_rising
101-3,BO112,101,101,4-5,degli,degli,_,_,_
101-3a,_,_,101,4,_,di,di,ADP,_
101-3b,_,_,101,5,_,gli,il,DET,_
101-4,BO112,101,101,6,animali.,animali,animale,NOUN,Intonation=falling
102-0,BO112,102,102,1,infatti,infatti,infatti,ADV,_
102-1,BO112,102,102,2,per,per,per,ADP,_
102-2,BO112,102,102,3,quello,quello,quello,PRON,_
102-3,BO112,102,102,4,venivano,venivano,venire,AUX,_
102-4,BO112,102,102,5,chiamati,chiamati,chiamare,VERB,_
102-5,BO112,102,102,6,zoo,zoo,zoo,NOUN,_
102-6,BO112,102,102,7,umani.,umani,umano,ADJ,Intonation=falling
103-0,BO112,103,103,1,devo,devo,dovere,AUX,_
103-1,BO112,103,103,2,dire,dire,dire,VERB,_
103-2,BO112,103,103,3,che,che,che,SCONJ,_
104-0,BO112,104,104,1,questa,questa,questo,DET,_
104-1,BO112,104,104,2,tradizione,tradizione,tradizione,NOUN,_
104-2,BO112,104,104,3-4,degli,degli,_,_,_
104-2a,_,_,104,3,_,di,di,ADP,_
104-2b,_,_,104,4,_,gli,il,DET,_
104-3,BO112,104,104,5,zoo,zoo,zoo,NOUN,_
104-4,BO112,104,104,6,"umani,",umani,umano,ADJ,Intonation=weakly_rising
104-5,BO112,104,104,7,in,in,in,ADP,_
104-6,BO112,104,104,8,realtà,realtà,realtà,NOUN,_
104-7,BO112,104,104,9,non,non,non,ADV,_
104-8,BO112,104,104,10,è,è,essere,AUX,_
104-9,BO112,104,104,11,mai,mai,mai,ADV,_
104-10,BO112,104,104,12,tramontata.,tramontata,tramontare,VERB,Intonation=falling
104-11,BO112,104,104,13,perché,perché,perché,SCONJ,_
104-12,BO112,104,104,14,recentemente,recentemente,recentemente,ADV,_
104-13,BO112,104,104,15,qualche,qualche,qualche,DET,_
104-14,BO112,104,104,16,anno,anno,anno,NOUN,_
104-15,BO112,104,104,17,"fa,",fa,fa,ADV,Intonation=weakly_rising
105-0,BO112,105,105,1,e::,e,e,CCONJ,_
105-1,BO112,105,105,2,vi,vi,vi,PRON,_
105-2,BO112,105,105,3,ho,ho,avere,AUX,_
105-3,BO112,105,105,4,detto,detto,dire,VERB,_
105-4,BO112,105,105,5,che,che,che,SCONJ,_
105-5,BO112,105,105,6,sono,sono,essere,AUX,_
105-6,BO112,105,105,7,un,un,uno,DET,_
105-7,BO112,105,105,8,"antropologa,",antropologa,antropologa,NOUN,Intonation=weakly_rising
105-8,BO112,105,105,9,"asiatista,",asiatista,asiatista,ADJ,Intonation=weakly_rising
105-9,BO112,105,105,10,ho,ho,avere,AUX,_
105-10,BO112,105,105,11,lavorato,lavorato,lavorare,VERB,_
105-11,BO112,105,105,12,in,in,in,ADP,_
105-12,BO112,105,105,13,sri,sri,Sri,PROPN,_
105-13,BO112,105,105,14,"lanka,",lanka,Lanka,PROPN,Intonation=weakly_rising
105-14,BO112,105,105,15,e,e,e,CCONJ,_
105-15,BO112,105,105,16,vedremo,vedremo,vedere,VERB,_
105-16,BO112,105,105,17,forse,forse,forse,ADV,_
105-17,BO112,105,105,18,la,la,il,DET,_
105-18,BO112,105,105,19,prossima,prossima,prossimo,ADJ,_
105-19,BO112,105,105,20,"volta,",volta,volta,NOUN,Intonation=weakly_rising
106-0,BO112,106,106,1,la,la,il,DET,_
106-1,BO112,106,106,2,ricerca,ricerca,ricerca,NOUN,_
106-2,BO112,106,106,3,che,che,che,PRON,_
106-3,BO112,106,106,4,ho,ho,avere,AUX,_
106-4,BO112,106,106,5,"fatto,",fatto,fare,VERB,Intonation=weakly_rising
107-0,BO112,107,107,1,"allora,",allora,allora,ADV,Intonation=weakly_rising
108-0,BO112,108,108,1,il,il,il,DET,_
108-1,BO112,108,108,2-3,nello,nello,_,_,_
108-1a,_,_,108,2,_,in,in,ADP,_
108-1b,_,_,108,3,_,lo,il,DET,_
108-2,BO112,108,108,4,sri,sri,Sri,PROPN,_
108-3,BO112,108,108,5,lanka,lanka,Lanka,PROPN,_
108-4,BO112,108,108,6,c',c',ci,PRON,Truncated=Yes
108-5,BO112,108,108,7,è,è,essere,VERB,_
108-6,BO112,108,108,8,una,una,uno,DET,_
108-7,BO112,108,108,9,popolazione,popolazione,popolazione,NOUN,_
108-8,BO112,108,108,10,cosiddetta,cosiddetta,cosiddetto,ADJ,_
108-9,BO112,108,108,11,{P},{P},_,_,_
108-10,BO112,108,108,12,di,di,di,ADP,_
108-11,BO112,108,108,13,cacciatori,cacciatori,cacciatore,NOUN,_
108-12,BO112,108,108,14,e,e,e,CCONJ,_
108-13,BO112,108,108,15,"raccoglitori,",raccoglitori,raccoglitore,NOUN,Intonation=weakly_rising
109-0,BO112,109,109,1,cioè,cioè,cioè,CCONJ,_
109-1,BO112,109,109,2,una,una,uno,DET,_
109-2,BO112,109,109,3,società,società,società,NOUN,_
109-3,BO112,109,109,4,"acquisitiva,",acquisitiva,acquisitivo,ADJ,Intonation=weakly_rising
110-0,BO112,110,110,1,vedremo,vedremo,vedere,VERB,_
110-1,BO112,110,110,2,che,che,che,DET,_
110-2,BO112,110,110,3,cosa,cosa,cosa,NOUN,_
110-3,BO112,110,110,4,"significa,",significa,significare,VERB,Intonation=weakly_rising
111-0,BO112,111,111,1,che,che,che,PRON,_
111-1,BO112,111,111,2,sono,sono,essere,AUX,_
111-2,BO112,111,111,3,i,i,il,DET,_
111-3,BO112,111,111,4,bagnaletto.,bagnaletto,bagnaletto,NOUN,Intonation=falling
112-0,BO112,112,112,1,ecco.,ecco,ecco,ADV,Intonation=falling
112-1,BO112,112,112,2,in,in,in,ADP,_
112-2,BO112,112,112,3,occasione,occasione,occasione,NOUN,_
112-3,BO112,112,112,4,di,di,di,ADP,_
112-4,BO112,112,112,5,una,una,uno,DET,_
112-5,BO112,112,112,6,festa,festa,festa,NOUN,_
112-6,BO112,112,112,7,{P},{P},_,_,_
112-7,BO112,112,112,8,che,che,che,PRON,_
112-8,BO112,112,112,9,c',c',ci,PRON,Truncated=Yes
112-9,BO112,112,112,10,era,era,essere,VERB,_
112-10,BO112,112,112,11-12,nella,nella,_,_,_
112-10a,_,_,112,11,_,in,in,ADP,_
112-10b,_,_,112,12,_,la,il,DET,_
112-11,BO112,112,112,13,capitale,capitale,capitale,NOUN,_
112-12,BO112,112,112,14,"colombo,",colombo,Colombo,PROPN,Intonation=weakly_rising
113-0,BO112,113,113,1,"questi,",questi,questo,PRON,Intonation=weakly_rising
113-1,BO112,113,113,2,erano,erano,essere,AUX,_
113-2,BO112,113,113,3,stati,stati,essere,AUX,_
113-3,BO112,113,113,4,"portati,",portati,portare,VERB,Intonation=weakly_rising
114-0,BO112,114,114,1,e,e,e,CCONJ,_
114-1,BO112,114,114,2,facevano,facevano,fare,VERB,_
114-2,BO112,114,114,3,{P},{P},_,_,_
114-3,BO112,114,114,4,se,se,se,PRON,_
114-4,BO112,114,114,5,stessi.,stessi,stesso,ADJ,Intonation=falling
115-0,BO112,115,115,1,quindi,quindi,quindi,ADV,_
115-1,BO112,115,115,2,stavano,stavano,stare,AUX,_
115-2,BO112,115,115,3,"lì,",lì,lì,ADV,Intonation=weakly_rising
115-3,BO112,115,115,4,intagliavano,intagliavano,intagliare,VERB,_
115-4,BO112,115,115,5,{P},{P},_,_,_
115-5,BO112,115,115,6,qualche,qualche,qualche,DET,_
115-6,BO112,115,115,7,pezzo,pezzo,pezzo,NOUN,_
115-7,BO112,115,115,8,di,di,di,ADP,_
115-8,BO112,115,115,9,"legno,",legno,legno,NOUN,Intonation=weakly_rising
116-0,BO112,116,116,1,facevano,facevano,fare,VERB,_
116-1,BO112,116,116,2,naturalmente,naturalmente,naturalmente,ADV,_
116-2,BO112,116,116,3-4,delle,delle,_,_,_
116-2a,_,_,116,3,_,di,di,ADP,_
116-2b,_,_,116,4,_,le,il,DET,_
116-3,BO112,116,116,5,"danze,",danze,danza,NOUN,Intonation=weakly_rising
116-4,BO112,116,116,6,perché,perché,perché,SCONJ,_
116-5,BO112,116,116,7,le,le,il,DET,_
116-6,BO112,116,116,8,popolazioni,popolazioni,popolazione,NOUN,_
116-7,BO112,116,116,9,tra,tra,tra,ADP,_
116-8,BO112,116,116,10,virgolette,virgolette,virgoletta,NOUN,_
116-9,BO112,116,116,11,"primitive,",primitive,primitivo,ADJ,Intonation=weakly_rising
116-10,BO112,116,116,12,ballano,ballano,ballare,VERB,_
116-11,BO112,116,116,13,"sempre,",sempre,sempre,ADV,Intonation=weakly_rising
117-0,BO112,117,117,1,eh?,eh,eh,INTJ,Intonation=rising
117-1,BO112,117,117,2,e,e,e,CCONJ,_
117-2,BO112,117,117,3,quindi,quindi,quindi,ADV,_
117-3,BO112,117,117,4,c',c',ci,PRON,Truncated=Yes
117-4,BO112,117,117,5,era,era,essere,VERB,_
117-5,BO112,117,117,6,un',un',uno,DET,Truncated=Yes
117-6,BO112,117,117,7,esposizione,esposizione,esposizione,NOUN,_
117-7,BO112,117,117,8,umana.,umana,umano,ADJ,Intonation=falling
117-8,BO112,117,117,9,su,su,su,ADP,_
117-9,BO112,117,117,10,"questo,",questo,questo,PRON,Intonation=weakly_rising
118-0,BO112,118,118,1,se,se,se,SCONJ,_
118-1,BO112,118,118,2,volete,volete,volere,AUX,_
118-2,BO112,118,118,3,leggere,leggere,leggere,VERB,_
118-3,BO112,118,118,4,soprattutto,soprattutto,soprattutto,ADV,_
118-4,BO112,118,118,5,intendo,intendo,intendere,VERB,_
118-5,BO112,118,118,6,quelli,quelli,quello,PRON,_
118-6,BO112,118,118,7,di,di,di,ADP,_
118-7,BO112,118,118,8,"storia,",storia,storia,NOUN,Intonation=weakly_rising
119-0,BO112,119,119,1,un,un,uno,DET,_
119-1,BO112,119,119,2,libro,libro,libro,NOUN,_
119-2,BO112,119,119,3,molto,molto,molto,ADV,_
119-3,BO112,119,119,4,"bello,",bello,bello,ADJ,Intonation=weakly_rising
119-4,BO112,119,119,5,è,è,essere,AUX,_
119-5,BO112,119,119,6,questo,questo,questo,DET,_
119-6,BO112,119,119,7,libro,libro,libro,NOUN,_
119-7,BO112,119,119,8,di,di,di,ADP,_
119-8,BO112,119,119,9,guida,guida,guida,NOUN,_
119-9,BO112,119,119,10,"battista,",battista,battista,ADJ,Intonation=weakly_rising
119-10,BO112,119,119,11,umanità,umanità,umanità,NOUN,_
119-11,BO112,119,119,12,in,in,in,ADP,_
119-12,BO112,119,119,13,"mostra,",mostra,mostra,NOUN,Intonation=weakly_rising
120-0,BO112,120,120,1,che,che,che,SCONJ,_
120-1,BO112,120,120,2,parla,parla,parlare,VERB,_
120-2,BO112,120,120,3,proprio,proprio,proprio,ADV,_
120-3,BO112,120,120,4-5,delle,delle,_,_,_
120-3a,_,_,120,4,_,di,di,ADP,_
120-3b,_,_,120,5,_,le,il,DET,_
120-4,BO112,120,120,6,esibizioni,esibizioni,esibizione,NOUN,_
120-5,BO112,120,120,7,{P},{P},_,_,_
120-6,BO112,120,120,8,esposizioni,esposizioni,esposizione,NOUN,_
120-7,BO112,120,120,9,t~,t~,t~,X,Interrupted=Yes
120-8,BO112,120,120,10,m::,m,m,INTJ,_
120-9,BO112,120,120,11,"etniche,",etniche,etnico,ADJ,Intonation=weakly_rising
120-10,BO112,120,120,12,esibizioni,esibizioni,esibizione,NOUN,_
120-11,BO112,120,120,13,"etnologiche,",etnologiche,etnologico,ADJ,Intonation=weakly_rising
121-0,BO112,121,121,1,che,che,che,SCONJ,_
121-1,BO112,121,121,2,ci,ci,ci,PRON,_
121-2,BO112,121,121,3,sono,sono,essere,AUX,_
121-3,BO112,121,121,4,state,state,essere,VERB,_
121-4,BO112,121,121,5,in,in,in,ADP,_
121-5,BO112,121,121,6,italia,italia,Italia,PROPN,_
121-6,BO112,121,121,7-8,dal,dal,_,_,_
121-6a,_,_,121,7,_,da,da,ADP,_
121-6b,_,_,121,8,_,il,il,DET,_
121-7,BO112,121,121,9,milleottocentocentottanta,milleottocentocentottanta,milleottocentocentottanta,NUM,_
121-8,BO112,121,121,10-11,al,al,_,_,_
121-8a,_,_,121,10,_,a,a,ADP,_
121-8b,_,_,121,11,_,il,il,DET,_
121-9,BO112,121,121,12,"millenovecentoquaranta,",millenovecentoquaranta,millenovecentoquaranta,NUM,Intonation=weakly_rising
122-0,BO112,122,122,1,e,e,e,CCONJ,_
122-1,BO112,122,122,2,anche,anche,anche,ADV,_
122-2,BO112,122,122,3,di,di,di,ADP,_
122-3,BO112,122,122,4,scambi,scambi,scambio,NOUN,_
122-4,BO112,122,122,5,intercorsi,intercorsi,intercorso,ADJ,_
122-5,BO112,122,122,6,tra,tra,tra,ADP,_
122-6,BO112,122,122,7,la,la,il,DET,_
122-7,BO112,122,122,8,popolazione,popolazione,popolazione,NOUN,_
122-8,BO112,122,122,9,"italiana,",italiana,italiano,ADJ,Intonation=weakly_rising
123-0,BO112,123,123,1,e,e,e,CCONJ,_
123-1,BO112,123,123,2,queste,queste,questo,DET,_
123-2,BO112,123,123,3,persone,persone,persona,NOUN,_
123-3,BO112,123,123,4,che,che,che,PRON,_
123-4,BO112,123,123,5,che,che,che,PRON,_
123-5,BO112,123,123,6,venivano,venivano,venire,AUX,_
123-6,BO112,123,123,7,portate,portate,portare,VERB,_
123-7,BO112,123,123,8,spesso,spesso,spesso,ADV,_
123-8,BO112,123,123,9,con,con,con,ADP,_
123-9,BO112,123,123,10,la,la,il,DET,_
123-10,BO112,123,123,11,promessa,promessa,promessa,NOUN,_
123-11,BO112,123,123,12,{P},{P},_,_,_
123-12,BO112,123,123,13,di,di,di,ADP,_
123-13,BO112,123,123,14,grandi,grandi,grande,ADJ,_
123-14,BO112,123,123,15,ricompense.,ricompense,ricompensa,NOUN,Intonation=falling
124-0,BO112,124,124,1,e,e,e,CCONJ,_
124-1,BO112,124,124,2,che,che,che,PRON,_
124-2,BO112,124,124,3,spesso,spesso,spesso,ADV,_
124-3,BO112,124,124,4,finivano,finivano,finire,VERB,_
124-4,BO112,124,124,5,{P},{P},_,_,_
124-5,BO112,124,124,6,"uccise,",uccise,uccidere,VERB,Intonation=weakly_rising
125-0,BO112,125,125,1,o,o,o,CCONJ,_
125-1,BO112,125,125,2,morivano,morivano,morire,VERB,_
125-2,BO112,125,125,3,di,di,di,ADP,_
125-3,BO112,125,125,4,malattia.,malattia,malattia,NOUN,Intonation=falling
126-0,BO112,126,126,1,immaginatevi,immaginatevi,_,_,_
126-0a,_,_,126,,_,immaginate,immaginare,VERB,
126-0b,_,_,126,,_,vi,vi,PRON,
126-1,BO112,126,126,2,cosa,cosa,cosa,PRON,_
126-2,BO112,126,126,3,vuol,vuol,volere,AUX,_
126-3,BO112,126,126,4,dire,dire,dire,VERB,_
126-4,BO112,126,126,5,fare,fare,fare,VERB,_
126-5,BO112,126,126,6,la,la,il,DET,_
126-6,BO112,126,126,7,{P},{P},_,_,_
126-7,BO112,126,126,8,l',l',il,DET,Truncated=Yes
126-8,BO112,126,126,9,esibizione,esibizione,esibizione,NOUN,_
126-9,BO112,126,126,10,di,di,di,ADP,_
126-10,BO112,126,126,11,un,un,uno,DET,_
126-11,BO112,126,126,12,"villaggio,",villaggio,villaggio,NOUN,Intonation=weakly_rising
126-12,BO112,126,126,13,in,in,in,ADP,_
126-13,BO112,126,126,14,cui,cui,cui,PRON,_
126-14,BO112,126,126,15,bisogna,bisogna,bisognare,VERB,_
126-15,BO112,126,126,16,stare,stare,stare,VERB,_
126-16,BO112,126,126,17,con,con,con,ADP,_
126-17,BO112,126,126,18,una,una,uno,DET,_
126-18,BO112,126,126,19,gonna,gonna,gonna,NOUN,_
126-19,BO112,126,126,20,di,di,di,ADP,_
126-20,BO112,126,126,21,paglia,paglia,paglia,NOUN,_
126-21,BO112,126,126,22,"nudi,",nudi,nudo,ADJ,Intonation=weakly_rising
127-0,BO112,127,127,1,in,in,in,ADP,_
127-1,BO112,127,127,2,dicembre,dicembre,dicembre,NOUN,_
127-2,BO112,127,127,3,a,a,a,ADP,_
127-3,BO112,127,127,4,"torino,",torino,Torino,PROPN,Intonation=weakly_rising
127-4,BO112,127,127,5,mh?,mh,mh,INTJ,Intonation=rising
128-0,BO112,128,128,1,questa,questa,questo,PRON,_
128-1,BO112,128,128,2,era,era,essere,AUX,_
128-2,BO112,128,128,3,la,la,il,DET,_
128-3,BO112,128,128,4,situazione.,situazione,situazione,NOUN,Intonation=falling
128-4,BO112,128,128,5,ecco.,ecco,ecco,ADV,Intonation=falling
129-0,BO112,129,129,1,"naturalmente,",naturalmente,naturalmente,ADV,Intonation=weakly_rising
129-1,BO112,129,129,2,l',l',il,DET,Truncated=Yes
129-2,BO112,129,129,3,esigenza,esigenza,esigenza,NOUN,_
129-3,BO112,129,129,4,di,di,di,ADP,_
129-4,BO112,129,129,5,{P},{P},_,_,_
129-5,BO112,129,129,6,e::,e,e,CCONJ,_
129-6,BO112,129,129,7,conoscere,conoscere,conoscere,VERB,_
129-7,BO112,129,129,8,le,le,il,DET,_
129-8,BO112,129,129,9,"popolazioni,",popolazioni,popolazione,NOUN,Intonation=weakly_rising
130-0,BO112,130,130,1,è,è,essere,AUX,_
130-1,BO112,130,130,2,"legata,",legata,legare,VERB,Intonation=weakly_rising
130-2,BO112,130,130,3,anche,anche,anche,ADV,_
131-0,BO112,131,131,1-2,alla,alla,_,_,_
131-0a,_,_,131,1,_,a,a,ADP,_
131-0b,_,_,131,2,_,la,il,DET,_
131-1,BO112,131,131,3,necessità,necessità,necessità,NOUN,_
131-2,BO112,131,131,4,di,di,di,ADP,_
131-3,BO112,131,131,5,amministrare,amministrare,amministrare,VERB,_
131-4,BO112,131,131,6,il,il,il,DET,_
131-5,BO112,131,131,7,territorio.,territorio,territorio,NOUN,Intonation=falling
132-0,BO112,132,132,1,è,è,essere,AUX,_
132-1,BO112,132,132,2,chiaro,chiaro,chiaro,ADJ,_
132-2,BO112,132,132,3,che,che,che,SCONJ,_
132-3,BO112,132,132,4,se,se,se,SCONJ,_
132-4,BO112,132,132,5,io,io,io,PRON,_
132-5,BO112,132,132,6,sono,sono,essere,AUX,_
132-6,BO112,132,132,7,un,un,uno,DET,_
132-7,BO112,132,132,8,governo,governo,governo,NOUN,_
132-8,BO112,132,132,9,"coloniale,",coloniale,coloniale,ADJ,Intonation=weakly_rising
133-0,BO112,133,133,1,ho,ho,avere,VERB,_
133-1,BO112,133,133,2,bisogno,bisogno,bisogno,NOUN,_
133-2,BO112,133,133,3,di,di,di,ADP,_
133-3,BO112,133,133,4,sapere,sapere,sapere,VERB,_
133-4,BO112,133,133,5,come,come,come,SCONJ,_
133-5,BO112,133,133,6,funzionano,funzionano,funzionare,VERB,_
133-6,BO112,133,133,7,le,le,il,DET,_
133-7,BO112,133,133,8,popolazioni,popolazioni,popolazione,NOUN,_
133-8,BO112,133,133,9,"sottomesse,",sottomesse,sottomesso,ADJ,Intonation=weakly_rising
134-0,BO112,134,134,1,perché,perché,perché,SCONJ,_
134-1,BO112,134,134,2,in,in,in,ADP,_
134-2,BO112,134,134,3,questo,questo,questo,DET,_
134-3,BO112,134,134,4,modo,modo,modo,NOUN,_
134-4,BO112,134,134,5,li,li,li,PRON,_
134-5,BO112,134,134,6,saprò,saprò,sapere,VERB,_
134-6,BO112,134,134,7,gestire,gestire,gestire,VERB,_
134-7,BO112,134,134,8,{P},{P},_,_,_
134-8,BO112,134,134,9,in,in,in,ADP,_
134-9,BO112,134,134,10,modo,modo,modo,NOUN,_
134-10,BO112,134,134,11,più,più,più,ADV,_
134-11,BO112,134,134,12,efficace.,efficace,efficace,ADJ,Intonation=falling
135-0,BO112,135,135,1,è,è,essere,AUX,_
135-1,BO112,135,135,2,chiaro,chiaro,chiaro,ADJ,_
135-2,BO112,135,135,3,che,che,che,SCONJ,_
135-3,BO112,135,135,4,noi,noi,noi,PRON,_
135-4,BO112,135,135,5,non,non,non,ADV,_
135-5,BO112,135,135,6,dobbiamo,dobbiamo,dovere,AUX,_
135-6,BO112,135,135,7,ridurre,ridurre,ridurre,VERB,_
135-7,BO112,135,135,8,l',l',il,DET,Truncated=Yes
135-8,BO112,135,135,9,impresa,impresa,impresa,NOUN,_
135-9,BO112,135,135,10,antropologica,antropologica,antropologico,ADJ,_
135-10,BO112,135,135,11,solo,solo,solo,ADV,_
135-11,BO112,135,135,12-13,alla,alla,_,_,_
135-11a,_,_,135,12,_,a,a,ADP,_
135-11b,_,_,135,13,_,la,il,DET,_
135-12,BO112,135,135,14,sua,sua,suo,DET,_
135-13,BO112,135,135,15,dimensione,dimensione,dimensione,NOUN,_
135-14,BO112,135,135,16,coloniale.,coloniale,coloniale,ADJ,Intonation=falling
136-0,BO112,136,136,1,ci,ci,ci,PRON,_
136-1,BO112,136,136,2,sono,sono,essere,VERB,_
136-2,BO112,136,136,3,anche,anche,anche,ADV,_
136-3,BO112,136,136,4-5,degli,degli,_,_,_
136-3a,_,_,136,4,_,di,di,ADP,_
136-3b,_,_,136,5,_,gli,il,DET,_
136-4,BO112,136,136,6,interessi,interessi,interesse,NOUN,_
136-5,BO112,136,136,7,scientifici,scientifici,scientifico,ADJ,_
137-0,BO112,137,137,1,effettivi.,effettivi,effettivo,ADJ,Intonation=falling
137-1,BO112,137,137,2,che,che,che,PRON,_
137-2,BO112,137,137,3,non,non,non,ADV,_
137-3,BO112,137,137,4,riguardano,riguardano,riguardare,VERB,_
137-4,BO112,137,137,5,il,il,il,DET,_
137-5,BO112,137,137,6,dominio,dominio,dominio,NOUN,_
137-6,BO112,137,137,7,coloniale.,coloniale,coloniale,ADJ,Intonation=falling
137-7,BO112,137,137,8,però,però,però,ADV,_
137-8,BO112,137,137,9,è,è,essere,AUX,_
137-9,BO112,137,137,10,chiaro,chiaro,chiaro,ADJ,_
137-10,BO112,137,137,11,che,che,che,SCONJ,_
137-11,BO112,137,137,12,{P},{P},_,_,_
137-12,BO112,137,137,13-14,all',all',_,_,Truncated=Yes
137-12a,_,_,137,13,_,a,a,ADP,_
137-12b,_,_,137,14,_,l',il,DET,_
137-13,BO112,137,137,15,inizio,inizio,inizio,NOUN,_
137-14,BO112,137,137,16-17,dell',dell',_,_,Truncated=Yes
137-14a,_,_,137,16,_,di,di,ADP,_
137-14b,_,_,137,17,_,l',il,DET,_
137-15,BO112,137,137,18,"antropologia,",antropologia,antropologia,NOUN,Intonation=weakly_rising
138-0,BO112,138,138,1,in,in,in,ADP,_
138-1,BO112,138,138,2,senso,senso,senso,NOUN,_
138-2,BO112,138,138,3,"stretto,",stretto,stretto,ADJ,Intonation=weakly_rising
138-3,BO112,138,138,4,quindi,quindi,quindi,ADV,_
138-4,BO112,138,138,5,non,non,non,ADV,_
138-5,BO112,138,138,6,quella,quella,quello,PRON,_
138-6,BO112,138,138,7,ottocentesca,ottocentesca,ottocentesco,ADJ,_
138-7,BO112,138,138,8,ma,ma,ma,CCONJ,_
138-8,BO112,138,138,9,quella,quella,quello,PRON,_
138-9,BO112,138,138,10,"successiva,",successiva,successivo,ADJ,Intonation=weakly_rising
139-0,BO112,139,139,1,ha,ha,avere,VERB,ProsodicLink=Yes
139-1,BO112,139,139,2,"anche,",anche,anche,ADV,Intonation=weakly_rising
139-2,BO112,139,139,3,una,una,uno,DET,_
139-3,BO112,139,139,4,"dimensione,",dimensione,dimensione,NOUN,Intonation=weakly_rising
140-0,BO112,140,140,1,che,che,che,PRON,_
140-1,BO112,140,140,2,"riguarda,",riguarda,riguardare,VERB,Intonation=weakly_rising
140-2,BO112,140,140,3,il:,il,il,DET,_
140-3,BO112,140,140,4,suo,suo,suo,DET,_
140-4,BO112,140,140,5,rapporto,rapporto,rapporto,NOUN,_
140-5,BO112,140,140,6-7,col,col,_,_,_
140-5a,_,_,140,6,_,con,con,ADP,_
140-5b,_,_,140,7,_,il,il,DET,_
140-6,BO112,140,140,8,colonialismo.,colonialismo,colonialismo,NOUN,Intonation=falling
141-0,BO112,141,141,1,e::,e,e,CCONJ,_
141-1,BO112,141,141,2,avete,avete,avere,AUX,_
141-2,BO112,141,141,3,{P},{P},_,_,_
141-3,BO112,141,141,4,fatto,fatto,fare,VERB,_
141-4,BO112,141,141,5,non,non,non,ADV,_
141-5,BO112,141,141,6,so,so,sapere,VERB,_
141-6,BO112,141,141,7,la,la,il,DET,_
141-7,BO112,141,141,8,differe~,differe~,differe~,X,Interrupted=Yes
141-8,BO112,141,141,9,avete,avete,avere,AUX,_
141-9,BO112,141,141,10,studiato,studiato,studiato,VERB,_
141-10,BO112,141,141,11,che,che,che,DET,_
141-11,BO112,141,141,12,cos',cos',cos',PRON,Truncated=Yes
141-12,BO112,141,141,13,è,è,essere,AUX,_
141-13,BO112,141,141,14,il,il,il,DET,_
141-14,BO112,141,141,15,governo,governo,governo,NOUN,_
141-15,BO112,141,141,16,"indiretto,",indiretto,indiretto,ADJ,Intonation=weakly_rising
142-0,BO112,142,142,1,o::,o,o,CCONJ,_
142-1,BO112,142,142,2,l',l',il,DET,Truncated=Yes
142-2,BO112,142,142,3,"assimilazione,",assimilazione,assimilazione,NOUN,Intonation=weakly_rising
142-3,BO112,142,142,4,quindi,quindi,quindi,ADV,_
142-4,BO112,142,142,5,inghilterra,inghilterra,Inghilterra,PROPN,_
142-5,BO112,142,142,6,o,o,o,CCONJ,_
142-6,BO112,142,142,7,"francia,",francia,Francia,PROPN,Intonation=weakly_rising
143-0,BO112,143,143,1,è,è,essere,AUX,_
143-1,BO112,143,143,2,chiaro,chiaro,chiaro,ADJ,_
143-2,BO112,143,143,3,che,che,che,SCONJ,_
143-3,BO112,143,143,4,se,se,se,SCONJ,_
143-4,BO112,143,143,5,io,io,io,PRON,_
143-5,BO112,143,143,6,esercito,esercito,esercito,NOUN,_
143-6,BO112,143,143,7,un,un,uno,DET,_
143-7,BO112,143,143,8,governo,governo,governo,NOUN,_
143-8,BO112,143,143,9,"indiretto,",indiretto,indiretto,ADJ,Intonation=weakly_rising
144-0,BO112,144,144,1,ho,ho,avere,VERB,_
144-1,BO112,144,144,2,bisogno,bisogno,bisogno,NOUN,_
144-2,BO112,144,144,3,di,di,di,ADP,_
144-3,BO112,144,144,4,sapere,sapere,sapere,VERB,_
144-4,BO112,144,144,5,chi,chi,chi,PRON,_
144-5,BO112,144,144,6,sono,sono,essere,AUX,_
144-6,BO112,144,144,7,i,i,il,DET,_
144-7,BO112,144,144,8,"capi,",capi,capo,NOUN,Intonation=weakly_rising
144-8,BO112,144,144,9,politici,politici,politico,ADJ,_
144-9,BO112,144,144,10,per,per,per,ADP,_
144-10,BO112,144,144,11,esempio,esempio,esempio,NOUN,_
144-11,BO112,144,144,12,no?,no,no,ADV,Intonation=rising
144-12,BO112,144,144,13,li,li,li,PRON,_
144-13,BO112,144,144,14,devo,devo,dovere,AUX,_
144-14,BO112,144,144,15,individuare.,individuare,individuare,VERB,Intonation=falling
144-15,BO112,144,144,16,perché,perché,perché,SCONJ,_
144-16,BO112,144,144,17,a,a,a,ADP,_
144-17,BO112,144,144,18,loro,loro,loro,PRON,_
144-18,BO112,144,144,19,farò,farò,fare,VERB,_
144-19,BO112,144,144,20,riferimento.,riferimento,riferimento,NOUN,Intonation=falling
145-0,BO112,145,145,1,ecco,ecco,ecco,ADV,_
145-1,BO112,145,145,2,la,la,il,DET,_
145-2,BO112,145,145,3,teoria,teoria,teoria,NOUN,_
145-3,BO112,145,145,4,"evoluzionista,",evoluzionista,evoluzionista,ADJ,Intonation=weakly_rising
145-4,BO112,145,145,5,quella,quella,quello,PRON,_
145-5,BO112,145,145,6,a,a,a,ADP,_
145-6,BO112,145,145,7,cui,cui,cui,PRON,_
145-7,BO112,145,145,8,avevamo,avevamo,avere,AUX,_
145-8,BO112,145,145,9,cita~,cita~,cita~,X,Interrupted=Yes
145-9,BO112,145,145,10,accennato,accennato,accennare,VERB,_
145-10,BO112,145,145,11,"ieri,",ieri,ieri,ADV,Intonation=weakly_rising
145-11,BO112,145,145,12,è,è,essere,AUX,_
145-12,BO112,145,145,13,la,la,il,DET,_
145-13,BO112,145,145,14,"teoria,",teoria,teoria,NOUN,Intonation=weakly_rising
146-0,BO112,146,146,1,che:,che,che,SCONJ,_
146-1,BO112,146,146,2,eh,eh,eh,INTJ,_
146-2,BO112,146,146,3,si,si,si,PRON,_
146-3,BO112,146,146,4,sviluppa,sviluppa,sviluppare,VERB,_
146-4,BO112,146,146,5-6,alla,alla,_,_,_
146-4a,_,_,146,5,_,a,a,ADP,_
146-4b,_,_,146,6,_,la,il,DET,_
146-5,BO112,146,146,7,fine,fine,fine,NOUN,_
146-6,BO112,146,146,8-9,dell',dell',_,_,Truncated=Yes
146-6a,_,_,146,8,_,di,di,ADP,_
146-6b,_,_,146,9,_,l',il,DET,_
146-7,BO112,146,146,10,ottocento.,ottocento,Ottocento,PROPN,Intonation=falling
147-0,BO112,147,147,1,come,come,come,ADV,_
147-1,BO112,147,147,2,immagina,immagina,immaginare,VERB,_
147-2,BO112,147,147,3,{P},{P},_,_,_
147-3,BO112,147,147,4,la,la,il,DET,_
147-4,BO112,147,147,5,storia,storia,storia,NOUN,_
147-5,BO112,147,147,6-7,dell',dell',_,_,Truncated=Yes
147-5a,_,_,147,6,_,di,di,ADP,_
147-5b,_,_,147,7,_,l',il,DET,_
147-6,BO112,147,147,8,umanità,umanità,umanità,NOUN,_
147-7,BO112,147,147,9,la,la,il,DET,_
147-8,BO112,147,147,10,teoria,teoria,teoria,NOUN,_
147-9,BO112,147,147,11,evoluzionista.,evoluzionista,evoluzionista,ADJ,Intonation=falling
148-0,BO112,148,148,1,immagina,immagina,immaginare,VERB,_
148-1,BO112,148,148,2,che,che,che,SCONJ,_
148-2,BO112,148,148,3,ci,ci,ci,PRON,_
148-3,BO112,148,148,4,siano,siano,essere,VERB,_
148-4,BO112,148,148,5,tanti,tanti,tanto,DET,_
148-5,BO112,148,148,6,stadi.,stadi,stadio,NOUN,Intonation=falling
149-0,BO112,149,149,1,"immaginate,",immaginate,immaginare,VERB,Intonation=weakly_rising
149-1,BO112,149,149,2,una::,una,uno,DET,_
150-0,BO112,150,150,1,"piramide,",piramide,piramide,NOUN,Intonation=weakly_rising
151-0,BO112,151,151,1,con,con,con,ADP,_
151-1,BO112,151,151,2-3,degli,degli,_,_,_
151-1a,_,_,151,2,_,di,di,ADP,_
151-1b,_,_,151,3,_,gli,il,DET,_
151-2,BO112,151,151,4,strati.,strati,strato,NOUN,Intonation=falling
151-3,BO112,151,151,5-6,alla,alla,_,_,_
151-3a,_,_,151,5,_,a,a,ADP,_
151-3b,_,_,151,6,_,la,il,DET,_
151-4,BO112,151,151,7,base,base,base,NOUN,_
151-5,BO112,151,151,8,c',c',ci,PRON,Truncated=Yes
151-6,BO112,151,151,9,è,è,essere,VERB,_
151-7,BO112,151,151,10,ad,ad,a,ADP,_
151-8,BO112,151,151,11,esempio,esempio,esempio,NOUN,_
151-9,BO112,151,151,12,lo,lo,il,DET,_
151-10,BO112,151,151,13,stato,stato,stato,NOUN,_
151-11,BO112,151,151,14,"selvaggio,",selvaggio,selvaggio,ADJ,Intonation=weakly_rising
152-0,BO112,152,152,1,a,a,a,ADP,_
152-1,BO112,152,152,2,metà,metà,metà,NOUN,_
152-2,BO112,152,152,3,c',c',ci,PRON,Truncated=Yes
152-3,BO112,152,152,4,è,è,essere,VERB,_
152-4,BO112,152,152,5,lo,lo,il,DET,_
152-5,BO112,152,152,6,stadio,stadio,stadio,NOUN,_
152-6,BO112,152,152,7-8,della,della,_,_,_
152-6a,_,_,152,7,_,di,di,ADP,_
152-6b,_,_,152,8,_,la,il,DET,_
152-7,BO112,152,152,9,"barbarie,",barbarie,barbarie,NOUN,Intonation=weakly_rising
153-0,BO112,153,153,1,e,e,e,CCONJ,_
153-1,BO112,153,153,2,in,in,in,ADP,_
153-2,BO112,153,153,3,cima,cima,cima,NOUN,_
153-3,BO112,153,153,4,c',c',ci,PRON,Truncated=Yes
153-4,BO112,153,153,5,è,è,essere,VERB,_
153-5,BO112,153,153,6,lo,lo,il,DET,_
153-6,BO112,153,153,7,stadio,stadio,stadio,NOUN,_
153-7,BO112,153,153,8-9,della,della,_,_,_
153-7a,_,_,153,8,_,di,di,ADP,_
153-7b,_,_,153,9,_,la,il,DET,_
153-8,BO112,153,153,10,{P},{P},_,_,_
153-9,BO112,153,153,11,civiltà.,civiltà,civiltà,NOUN,Intonation=falling
154-0,BO112,154,154,1,a,a,a,ADP,_
154-1,BO112,154,154,2,questi,questi,questo,DET,_
154-2,BO112,154,154,3,stadi,stadi,stadio,NOUN,_
154-3,BO112,154,154,4,"corrispondono,",corrispondono,corrispondere,VERB,Intonation=weakly_rising
154-4,BO112,154,154,5,ad,ad,a,ADP,_
154-5,BO112,154,154,6,"esempio,",esempio,esempio,NOUN,Intonation=weakly_rising
155-0,BO112,155,155,1,sistemi,sistemi,sistema,NOUN,_
155-1,BO112,155,155,2,di,di,di,ADP,_
155-2,BO112,155,155,3,famiglia,famiglia,famiglia,NOUN,_
155-3,BO112,155,155,4,diverse.,diverse,diverso,DET,Intonation=falling
155-4,BO112,155,155,5,che,che,che,DET,_
155-5,BO112,155,155,6,cosa,cosa,cosa,NOUN,_
155-6,BO112,155,155,7,ci,ci,ci,PRON,_
155-7,BO112,155,155,8,sarà,sarà,essere,VERB,_
155-8,BO112,155,155,9-10,nello,nello,_,_,_
155-8a,_,_,155,9,_,in,in,ADP,_
155-8b,_,_,155,10,_,lo,il,DET,_
155-9,BO112,155,155,11,stadio,stadio,stadio,NOUN,_
155-10,BO112,155,155,12,selvaggio?,selvaggio,selvaggio,ADJ,Intonation=rising
156-0,BO112,156,156,1,la,la,il,DET,_
156-1,BO112,156,156,2,promiscuità,promiscuità,promiscuità,NOUN,_
156-2,BO112,156,156,3,originario.,originario,originario,ADJ,Intonation=falling
156-3,BO112,156,156,4,no?,no,no,ADV,Intonation=rising
157-0,BO112,157,157,1,tutti,tutti,tutto,PRON,_
157-1,BO112,157,157,2,si,si,si,PRON,_
157-2,BO112,157,157,3,accoppiano,accoppiano,accoppiare,VERB,_
157-3,BO112,157,157,4,con,con,con,ADP,_
157-4,BO112,157,157,5,tutto.,tutto,tutto,PRON,Intonation=falling
157-5,BO112,157,157,6,secondo,secondo,secondo,ADP,_
157-6,BO112,157,157,7,questi,questi,questo,DET,_
157-7,BO112,157,157,8,evoluzionisti,evoluzionisti,evoluzionista,NOUN,_
157-8,BO112,157,157,9,ottocenteschi.,ottocenteschi,ottocentesco,ADJ,Intonation=falling
158-0,BO112,158,158,1,poi,poi,poi,ADV,_
158-1,BO112,158,158,2,man,man,mano,NOUN,_
158-2,BO112,158,158,3,mano,mano,mano,NOUN,_
158-3,BO112,158,158,4,che,che,che,PRON,_
158-4,BO112,158,158,5,si,si,si,PRON,_
158-5,BO112,158,158,6,sale,sale,salire,VERB,_
158-6,BO112,158,158,7,verso,verso,verso,ADP,_
158-7,BO112,158,158,8,{P},{P},_,_,_
158-8,BO112,158,158,9,il,il,il,DET,_
158-9,BO112,158,158,10,"vertice,",vertice,vertice,NOUN,Intonation=weakly_rising
159-0,BO112,159,159,1,i,i,il,DET,_
159-1,BO112,159,159,2,sistemi,sistemi,sistema,NOUN,_
159-2,BO112,159,159,3,{P},{P},_,_,_
159-3,BO112,159,159,4,tra,tra,tra,ADP,_
159-4,BO112,159,159,5,virgolette,virgolette,virgoletta,NOUN,_
159-5,BO112,159,159,6,"migliorano,",migliorano,migliorare,VERB,Intonation=weakly_rising
160-0,BO112,160,160,1,e,e,e,CCONJ,_
160-1,BO112,160,160,2,si,si,si,PRON,_
160-2,BO112,160,160,3,avvicinano,avvicinano,avvicinare,VERB,_
160-3,BO112,160,160,4,di,di,di,ADP,_
160-4,BO112,160,160,5,"più,",più,più,ADV,Intonation=weakly_rising
160-5,BO112,160,160,6-7,al,al,_,_,_
160-5a,_,_,160,6,_,a,a,ADP,_
160-5b,_,_,160,7,_,il,il,DET,_
160-6,BO112,160,160,8,nostro.,nostro,nostro,PRON,Intonation=falling
161-0,BO112,161,161,1,o,o,o,CCONJ,_
161-1,BO112,161,161,2,"meglio,",meglio,meglio,ADV,Intonation=weakly_rising
162-0,BO112,162,162,1-2,al,al,_,_,_
162-0a,_,_,162,1,_,a,a,ADP,_
162-0b,_,_,162,2,_,il,il,DET,_
162-1,BO112,162,162,3,"sistema,",sistema,sistema,NOUN,Intonation=weakly_rising
163-0,BO112,163,163,1,in,in,in,ADP,_
163-1,BO112,163,163,2,"vigore,",vigore,vigore,NOUN,Intonation=weakly_rising
163-2,BO112,163,163,3,{P},{P},_,_,_
163-3,BO112,163,163,4-5,alla,alla,_,_,_
163-3a,_,_,163,4,_,a,a,ADP,_
163-3b,_,_,163,5,_,la,il,DET,_
163-4,BO112,163,163,6,fine,fine,fine,NOUN,_
163-5,BO112,163,163,7-8,dell',dell',_,_,Truncated=Yes
163-5a,_,_,163,7,_,di,di,ADP,_
163-5b,_,_,163,8,_,l',il,DET,_
163-6,BO112,163,163,9,ottocento,ottocento,ottocento,NOUN,_
164-0,BO112,164,164,1,in,in,in,ADP,_
164-1,BO112,164,164,2,gran,gran,Grande,PROPN,_
164-2,BO112,164,164,3,bretagna.,bretagna,Bretagna,PROPN,Intonation=falling
165-0,BO112,165,165,1,"quindi,",quindi,quindi,ADV,Intonation=weakly_rising
166-0,BO112,166,166,1,per,per,per,ADP,_
166-1,BO112,166,166,2,esempio,esempio,esempio,NOUN,_
166-2,BO112,166,166,3-4,dal,dal,_,_,_
166-2a,_,_,166,3,_,da,da,ADP,_
166-2b,_,_,166,4,_,il,il,DET,_
166-3,BO112,166,166,5,punto,punto,punto,NOUN,_
166-4,BO112,166,166,6,di,di,di,ADP,_
166-5,BO112,166,166,7,vista,vista,vista,NOUN,_
166-6,BO112,166,166,8,di,di,di,ADP,_
166-7,BO112,166,166,9,pare~,pare~,pare~,X,Interrupted=Yes
166-8,BO112,166,166,10-11,della,della,_,_,_
166-8a,_,_,166,10,_,di,di,ADP,_
166-8b,_,_,166,11,_,la,il,DET,_
166-9,BO112,166,166,12,"parentela,",parentela,parentela,NOUN,Intonation=weakly_rising
166-10,BO112,166,166,13,quale,quale,quale,DET,_
166-11,BO112,166,166,14,forma,forma,forma,NOUN,_
166-12,BO112,166,166,15,matrimoniale?,matrimoniale,matrimoniale,ADJ,Intonation=rising
167-0,BO112,167,167,1,la,la,il,DET,_
167-1,BO112,167,167,2,monogamia.,monogamia,monogamia,NOUN,Intonation=falling
168-0,BO112,168,168,1,mh?,mh,mh,INTJ,Intonation=rising
169-0,BO112,169,169,1,poi,poi,poi,ADV,_
169-1,BO112,169,169,2,abbiamo,abbiamo,avere,VERB,_
169-2,BO112,169,169,3,ad,ad,a,ADP,_
169-3,BO112,169,169,4,"esempio,",esempio,esempio,NOUN,Intonation=weakly_rising
170-0,BO112,170,170,1-2,sul,sul,_,_,_
170-0a,_,_,170,1,_,su,su,ADP,_
170-0b,_,_,170,2,_,il,il,DET,_
170-1,BO112,170,170,3,piano,piano,piano,NOUN,_
170-2,BO112,170,170,4-5,della,della,_,_,_
170-2a,_,_,170,4,_,di,di,ADP,_
170-2b,_,_,170,5,_,la,il,DET,_
170-3,BO112,170,170,6,"religione,",religione,religione,NOUN,Intonation=weakly_rising
171-0,BO112,171,171,1,l',l',il,DET,Truncated=Yes
171-1,BO112,171,171,2,"animismo,",animismo,animismo,NOUN,Intonation=weakly_rising
171-2,BO112,171,171,3,cioè,cioè,cioè,CCONJ,_
171-3,BO112,171,171,4,la,la,il,DET,_
171-4,BO112,171,171,5,credenza,credenza,credenza,NOUN,_
171-5,BO112,171,171,6,che,che,che,PRON,_
171-6,BO112,171,171,7,ogni,ogni,ogni,DET,_
171-7,BO112,171,171,8,{P},{P},_,_,_
171-8,BO112,171,171,9,oggetto,oggetto,oggetto,NOUN,_
171-9,BO112,171,171,10,ogni,ogni,ogni,DET,_
171-10,BO112,171,171,11,animale,animale,animale,NOUN,_
171-11,BO112,171,171,12,ha,ha,avere,VERB,_
171-12,BO112,171,171,13,un',un',uno,DET,Truncated=Yes
171-13,BO112,171,171,14,"anima,",anima,anima,NOUN,Intonation=weakly_rising
171-14,BO112,171,171,15-16,nello,nello,_,_,_
171-14a,_,_,171,15,_,in,in,ADP,_
171-14b,_,_,171,16,_,lo,il,DET,_
171-15,BO112,171,171,17,stadio,stadio,stadio,NOUN,_
171-16,BO112,171,171,18,{P},{P},_,_,_
171-17,BO112,171,171,19,più,più,più,ADV,_
171-18,BO112,171,171,20,{P},{P},_,_,_
171-19,BO112,171,171,21,"selvaggio,",selvaggio,selvaggio,ADJ,Intonation=weakly_rising
172-0,BO112,172,172,1,per,per,per,ADP,_
172-1,BO112,172,172,2,via,via,via,ADV,_
172-2,BO112,172,172,3,via,via,via,ADV,_
172-3,BO112,172,172,4,arrivare,arrivare,arrivare,VERB,_
172-4,BO112,172,172,5-6,al,al,_,_,_
172-4a,_,_,172,5,_,a,a,ADP,_
172-4b,_,_,172,6,_,il,il,DET,_
172-5,BO112,172,172,7,"politeismo,",politeismo,politeismo,NOUN,Intonation=weakly_rising
173-0,BO112,173,173,1,e,e,e,CCONJ,_
173-1,BO112,173,173,2,"infine,",infine,infine,ADV,Intonation=weakly_rising
174-0,BO112,174,174,1-2,nella,nella,_,_,_
174-0a,_,_,174,1,_,in,in,ADP,_
174-0b,_,_,174,2,_,la,il,DET,_
174-1,BO112,174,174,3,cultura,cultura,cultura,NOUN,_
174-2,BO112,174,174,4,vittoriana,vittoriana,vittoriano,ADJ,_
174-3,BO112,174,174,5-6,dell',dell',_,_,Truncated=Yes
174-3a,_,_,174,5,_,di,di,ADP,_
174-3b,_,_,174,6,_,l',il,DET,_
174-4,BO112,174,174,7,"ottocento,",ottocento,Ottocento,PROPN,Intonation=weakly_rising
174-5,BO112,174,174,8,qual,qual,quale,PRON,_
174-6,BO112,174,174,9,era,era,essere,AUX,_
174-7,BO112,174,174,10,la,la,la,DET,_
174-8,BO112,174,174,11,forma,forma,forma,NOUN,_
174-9,BO112,174,174,12,religiosa,religiosa,religioso,ADJ,_
174-10,BO112,174,174,13,{P},{P},_,_,_
174-11,BO112,174,174,14,più,più,più,ADV,_
174-12,BO112,174,174,15,alta?,alta,alto,ADJ,Intonation=rising
175-0,???,175,175,1,il,il,il,DET,_
175-1,???,175,175,2,monoteismo,monoteismo,monoteismo,NOUN,_
176-0,BO112,176,176,1,il,il,il,DET,_
176-1,BO112,176,176,2,monoteismo.,monoteismo,monoteismo,NOUN,Intonation=falling
176-2,BO112,176,176,3,vedete?,vedete,vedere,VERB,Intonation=rising
176-3,BO112,176,176,4,mono~,mono~,mono~,X,Interrupted=Yes
176-4,BO112,176,176,5,"gamia,",gamia,gamia,X,Intonation=weakly_rising
176-5,BO112,176,176,6,mono~,mono~,mono~,X,Interrupted=Yes
176-6,BO112,176,176,7,teismo.,teismo,teismo,NOUN,Intonation=falling
176-7,BO112,176,176,8,perché,perché,perché,SCONJ,_
176-8,BO112,176,176,9,il,il,il,DET,_
176-9,BO112,176,176,10,riferimento,riferimento,riferimento,NOUN,_
176-10,BO112,176,176,11,diventa,diventa,diventare,VERB,_
176-11,BO112,176,176,12,sempre,sempre,sempre,ADV,_
176-12,BO112,176,176,13,la,la,il,DET,_
176-13,BO112,176,176,14,cultura,cultura,cultura,NOUN,_
176-14,BO112,176,176,15,di,di,di,ADP,_
176-15,BO112,176,176,16,appartenenza.,appartenenza,appartenenza,NOUN,Intonation=falling
177-0,BO112,177,177,1,un,un,uno,DET,_
177-1,BO112,177,177,2,altro,altro,altro,ADJ,_
177-2,BO112,177,177,3,aspetto,aspetto,aspetto,NOUN,_
177-3,BO112,177,177,4,che,che,che,PRON,_
177-4,BO112,177,177,5,{P},{P},_,_,_
177-5,BO112,177,177,6,è,è,essere,AUX,_
177-6,BO112,177,177,7,molto,molto,molto,ADV,_
177-7,BO112,177,177,8,importante,importante,importante,ADJ,_
177-8,BO112,177,177,9,per,per,per,ADP,_
177-9,BO112,177,177,10,stratificare,stratificare,stratificare,VERB,_
177-10,BO112,177,177,11,{P},{P},_,_,_
177-11,BO112,177,177,12,questi,questi,questo,DET,_
177-12,BO112,177,177,13,"stadi,",stadi,stadio,NOUN,Intonation=weakly_rising
178-0,BO112,178,178,1,è,è,essere,AUX,_
178-1,BO112,178,178,2,la,la,il,DET,_
178-2,BO112,178,178,3,cultura,cultura,cultura,NOUN,_
178-3,BO112,178,178,4,materiale.,materiale,materiale,ADJ,Intonation=falling
179-0,BO112,179,179,1,cioè,cioè,cioè,CCONJ,_
179-1,BO112,179,179,2,la,la,il,DET,_
179-2,BO112,179,179,3,tecnologia.,tecnologia,tecnologia,NOUN,Intonation=falling
180-0,BO112,180,180,1,come,come,come,ADV,_
180-1,BO112,180,180,2,faccio,faccio,fare,VERB,_
180-2,BO112,180,180,3,a,a,a,ADP,_
180-3,BO112,180,180,4,dire,dire,dire,VERB,_
180-4,BO112,180,180,5,se,se,se,SCONJ,_
180-5,BO112,180,180,6,una,una,uno,DET,_
180-6,BO112,180,180,7,"popolazione,",popolazione,popolazione,NOUN,Intonation=weakly_rising
180-7,BO112,180,180,8,per,per,per,ADP,_
180-8,BO112,180,180,9,gli,gli,il,DET,_
180-9,BO112,180,180,10,"evoluzionisti,",evoluzionisti,evoluzionista,NOUN,Intonation=weakly_rising
181-0,BO112,181,181,1,è,è,essere,AUX,_
181-1,BO112,181,181,2,primitiva,primitiva,primitivo,ADJ,_
181-2,BO112,181,181,3,o,o,o,CCONJ,_
181-3,BO112,181,181,4,è,è,essere,AUX,_
181-4,BO112,181,181,5,evoluta?,evoluta,evolvere,VERB,Intonation=rising
182-0,BO112,182,182,1,dipende,dipende,dipendere,VERB,_
182-1,BO112,182,182,2,{P},{P},_,_,_
182-2,BO112,182,182,3-4,dagli,dagli,_,_,_
182-2a,_,_,182,3,_,da,da,ADP,_
182-2b,_,_,182,4,_,gli,il,DET,_
182-3,BO112,182,182,5,oggetti,oggetti,oggetto,NOUN,_
182-4,BO112,182,182,6,che,che,che,PRON,_
182-5,BO112,182,182,7,usano.,usano,usare,VERB,Intonation=falling
183-0,BO112,183,183,1,quindi,quindi,quindi,ADV,_
183-1,BO112,183,183,2,{P},{P},_,_,_
183-2,BO112,183,183,3,più,più,più,ADV,_
183-3,BO112,183,183,4,si,si,si,PRON,_
183-4,BO112,183,183,5,sviluppa,sviluppa,sviluppare,VERB,_
183-5,BO112,183,183,6,la,la,il,DET,_
183-6,BO112,183,183,7,"tecnologia,",tecnologia,tecnologia,NOUN,Intonation=weakly_rising
184-0,BO112,184,184,1,più,più,più,ADV,_
184-1,BO112,184,184,2,la,la,il,DET,_
184-2,BO112,184,184,3,popolazione,popolazione,popolazione,NOUN,_
184-3,BO112,184,184,4,è,è,essere,AUX,_
184-4,BO112,184,184,5,evoluta.,evoluta,evolvere,VERB,Intonation=falling
184-5,BO112,184,184,6,secondo,secondo,secondo,ADP,_
184-6,BO112,184,184,7,gli,gli,il,DET,_
184-7,BO112,184,184,8,evoluzionisti,evoluzionisti,evoluzionista,NOUN,_
184-8,BO112,184,184,9,ottocenteschi.,ottocenteschi,ottocentesco,ADJ,Intonation=falling
185-0,BO112,185,185,1,noi,noi,noi,PRON,_
185-1,BO112,185,185,2,la,la,la,PRON,_
185-2,BO112,185,185,3,pensiamo,pensiamo,pensare,VERB,_
185-3,BO112,185,185,4,in,in,in,ADP,_
185-4,BO112,185,185,5,modo,modo,modo,NOUN,_
185-5,BO112,185,185,6,diverso?,diverso,diverso,ADJ,Intonation=rising
186-0,???,186,186,1,spero,spero,sperare,VERB,_
186-1,???,186,186,2,di,di,di,ADP,_
186-2,???,186,186,3,sì.,sì,sì,ADV,Intonation=falling
187-0,BO112,187,187,1,spero,spero,sperare,VERB,_
187-1,BO112,187,187,2,di,di,di,ADP,_
187-2,BO112,187,187,3,sì,sì,sì,ADV,_
187-3,BO112,187,187,4,è,è,essere,AUX,_
187-4,BO112,187,187,5,una,una,uno,DET,_
187-5,BO112,187,187,6,bella,bella,bello,ADJ,_
187-6,BO112,187,187,7,"risposta,",risposta,risposta,NOUN,Intonation=weakly_rising
187-7,BO112,187,187,8,eh?,eh,eh,INTJ,Intonation=rising
188-0,BO112,188,188,1,perché,perché,perché,SCONJ,_
188-1,BO112,188,188,2,in,in,in,ADP,_
188-2,BO112,188,188,3,realtà,realtà,realtà,NOUN,_
188-3,BO112,188,188,4,ancora,ancora,ancora,ADV,_
188-4,BO112,188,188,5,"oggi,",oggi,oggi,ADV,Intonation=weakly_rising
189-0,BO112,189,189,1,in,in,in,ADP,_
189-1,BO112,189,189,2,tutto,tutto,tutto,DET,_
189-2,BO112,189,189,3,il,il,il,DET,_
189-3,BO112,189,189,4,mondo,mondo,mondo,NOUN,_
189-4,BO112,189,189,5,"euroamericano,",euroamericano,euroamericano,ADJ,Intonation=weakly_rising
190-0,BO112,190,190,1,il,il,il,DET,_
190-1,BO112,190,190,2,metodo,metodo,metodo,NOUN,_
190-2,BO112,190,190,3,di,di,di,ADP,_
190-3,BO112,190,190,4,misura,misura,misura,NOUN,_
191-0,BO112,191,191,1,per,per,per,ADP,_
191-1,BO112,191,191,2,valutare,valutare,valutare,VERB,_
191-2,BO112,191,191,3,un,un,uno,DET,_
191-3,BO112,191,191,4,gruppo,gruppo,gruppo,NOUN,_
191-4,BO112,191,191,5,"umano,",umano,umano,ADJ,Intonation=weakly_rising
191-5,BO112,191,191,6,è,è,essere,AUX,_
191-6,BO112,191,191,7,ancora,ancora,ancora,ADV,_
191-7,BO112,191,191,8,lo,lo,il,DET,_
191-8,BO112,191,191,9,sviluppo,sviluppo,sviluppo,NOUN,_
191-9,BO112,191,191,10,tecnologico.,tecnologico,tecnologico,ADJ,Intonation=falling
192-0,BO112,192,192,1,cioè,cioè,cioè,CCONJ,_
192-1,BO112,192,192,2,noi,noi,noi,PRON,_
192-2,BO112,192,192,3,pensiamo,pensiamo,pensare,VERB,_
192-3,BO112,192,192,4,a,a,a,ADP,_
192-4,BO112,192,192,5,società,società,società,NOUN,_
192-5,BO112,192,192,6,più,più,più,ADV,_
192-6,BO112,192,192,7,o,o,o,CCONJ,_
192-7,BO112,192,192,8,meno,meno,meno,ADV,_
192-8,BO112,192,192,9,"evolute,",evolute,evoluto,ADJ,Intonation=weakly_rising
192-9,BO112,192,192,10-11,sulla,sulla,_,_,_
192-9a,_,_,192,10,_,su,su,ADP,_
192-9b,_,_,192,11,_,la,il,DET,_
192-10,BO112,192,192,12,base,base,base,NOUN,_
193-0,BO112,193,193,1-2,della,della,_,_,_
193-0a,_,_,193,1,_,di,di,ADP,_
193-0b,_,_,193,2,_,la,il,DET,_
193-1,BO112,193,193,3,tecnologia,tecnologia,tecnologia,NOUN,_
193-2,BO112,193,193,4,che,che,che,PRON,_
193-3,BO112,193,193,5,possiedono.,possiedono,possedere,VERB,Intonation=falling
194-0,BO112,194,194,1,questo,questo,questo,PRON,_
194-1,BO112,194,194,2,lo,lo,lo,PRON,_
194-2,BO112,194,194,3,vedremo.,vedremo,vedere,VERB,Intonation=falling
194-3,BO112,194,194,4,in,in,in,ADP,_
194-4,BO112,194,194,5,(seguito),seguito,seguito,NOUN,_
195-0,BO112,195,195,1,"ma,",ma,ma,CCONJ,Intonation=weakly_rising
195-1,BO112,195,195,2,{P},{P},_,_,_
195-2,BO112,195,195,3,la,la,il,DET,_
195-3,BO112,195,195,4,teoria,teoria,teoria,NOUN,_
195-4,BO112,195,195,5,evoluzionista,evoluzionista,evoluzionista,ADJ,_
195-5,BO112,195,195,6,ottocentesca,ottocentesca,ottocentesco,ADJ,_
195-6,BO112,195,195,7,che,che,che,SCONJ,_
195-7,BO112,195,195,8,adesso,adesso,adesso,ADV,_
195-8,BO112,195,195,9,ci,ci,ci,PRON,_
195-9,BO112,195,195,10,fa,fa,fare,VERB,_
195-10,BO112,195,195,11,tanto,tanto,tanto,DET,_
195-11,BO112,195,195,12,impressione,impressione,impressione,NOUN,_
195-12,BO112,195,195,13,e,e,e,CCONJ,_
195-13,BO112,195,195,14,sembra,sembra,sembrare,VERB,_
195-14,BO112,195,195,15,così,così,così,ADV,_
195-15,BO112,195,195,16,"brutta,",brutta,brutto,ADJ,Intonation=weakly_rising
196-0,BO112,196,196,1,era,era,essere,AUX,_
196-1,BO112,196,196,2,in,in,in,ADP,_
196-2,BO112,196,196,3,"realtà,",realtà,realtà,NOUN,Intonation=weakly_rising
196-3,BO112,196,196,4,una,una,uno,DET,_
196-4,BO112,196,196,5,rivoluzione,rivoluzione,rivoluzione,NOUN,_
196-5,BO112,196,196,6,molto,molto,molto,ADV,_
196-6,BO112,196,196,7,positiva.,positiva,positiva,ADJ,Intonation=falling
197-0,BO112,197,197,1,perché,perché,perché,SCONJ,_
197-1,BO112,197,197,2,{P},{P},_,_,_
197-2,BO112,197,197,3,prima,prima,prima,ADV,_
197-3,BO112,197,197,4-5,della,della,_,_,_
197-3a,_,_,197,4,_,di,di,ADP,_
197-3b,_,_,197,5,_,la,il,DET,_
197-4,BO112,197,197,6,teoria,teoria,teoria,NOUN,_
197-5,BO112,197,197,7,evoluzionista,evoluzionista,evoluzionista,ADJ,_
197-6,BO112,197,197,8,"ottocentesca,",ottocentesca,ottocentesco,ADJ,Intonation=weakly_rising
198-0,BO112,198,198,1,che,che,che,DET,_
198-1,BO112,198,198,2,cosa,cosa,cosa,NOUN,_
198-2,BO112,198,198,3,si,si,si,PRON,_
198-3,BO112,198,198,4,pensava,pensava,pensare,VERB,_
198-4,BO112,198,198,5-6,delle,delle,_,_,_
198-4a,_,_,198,5,_,di,di,ADP,_
198-4b,_,_,198,6,_,le,il,DET,_
198-5,BO112,198,198,7,popolazioni,popolazioni,popolazione,NOUN,_
198-6,BO112,198,198,8,come,come,come,ADP,_
198-7,BO112,198,198,9,i,i,il,DET,_
198-8,BO112,198,198,10,"pigmei,",pigmei,pigmeo,NOUN,Intonation=weakly_rising
198-9,BO112,198,198,11,gli,gli,il,DET,_
198-10,BO112,198,198,12,"aborigeni,",aborigeni,aborigeno,NOUN,Intonation=weakly_rising
199-0,BO112,199,199,1,i,i,il,DET,_
199-1,BO112,199,199,2,bagnaletto?,bagnaletto,bagnaletto,NOUN,Intonation=rising
200-0,BO112,200,200,1,come,come,come,SCONJ,_
200-1,BO112,200,200,2,venivano,venivano,venire,AUX,_
200-2,BO112,200,200,3,{P},{P},_,_,_
200-3,BO112,200,200,4,concepiti?,concepiti,concepire,VERB,Intonation=rising
201-0,BO112,201,201,1,come,come,come,ADP,_
201-1,BO112,201,201,2,una,una,uno,DET,_
201-2,BO112,201,201,3,degenerazione,degenerazione,degenerazione,NOUN,_
201-3,BO112,201,201,4-5,dell',dell',_,_,Truncated=Yes
201-3a,_,_,201,4,_,di,di,ADP,_
201-3b,_,_,201,5,_,l',il,DET,_
201-4,BO112,201,201,6,umanità.,umanità,umanità,NOUN,Intonation=falling
202-0,BO112,202,202,1,erano,erano,essere,AUX,_
202-1,BO112,202,202,2,{P},{P},_,_,_
202-2,BO112,202,202,3,e:h,eh,eh,INTJ,_
202-3,BO112,202,202,4,c',c',ci,PRON,Truncated=Yes
202-4,BO112,202,202,5,erano,erano,essere,AUX,_
202-5,BO112,202,202,6,stati,stati,essere,AUX,_
202-6,BO112,202,202,7,adamo,adamo,Adamo,PROPN,_
202-7,BO112,202,202,8,ed,ed,e,CCONJ,_
202-8,BO112,202,202,9,"eva,",eva,Eva,PROPN,Intonation=weakly_rising
203-0,BO112,203,203,1,dopo,dopo,dopo,ADP,_
203-1,BO112,203,203,2,di,di,di,ADP,_
203-2,BO112,203,203,3,che,che,che,PRON,_
204-0,BO112,204,204,1,la,la,il,DET,_
204-1,BO112,204,204,2,civiltà,civiltà,civiltà,NOUN,_
204-2,BO112,204,204,3,occidentale,occidentale,occidentale,ADJ,_
204-3,BO112,204,204,4,aveva,aveva,avere,AUX,_
204-4,BO112,204,204,5,"continuato,",continuato,continuare,VERB,Intonation=weakly_rising
204-5,BO112,204,204,6,anche,anche,anche,ADV,_
204-6,BO112,204,204,7,se,se,se,SCONJ,_
204-7,BO112,204,204,8,ovviamente,ovviamente,ovviamente,ADV,_
204-8,BO112,204,204,9,c',c',ci,PRON,Truncated=Yes
204-9,BO112,204,204,10,era,era,essere,AUX,_
204-10,BO112,204,204,11,stata,stata,essere,AUX,_
204-11,BO112,204,204,12,l',l',il,DET,Truncated=Yes
204-12,BO112,204,204,13,uscita,uscita,uscita,NOUN,_
204-13,BO112,204,204,14-15,dal,dal,_,_,_
204-13a,_,_,204,14,_,da,da,ADP,_
204-13b,_,_,204,15,_,il,il,DET,_
204-14,BO112,204,204,16,paradiso,paradiso,paradiso,NOUN,_
204-15,BO112,204,204,17,"terrestre,",terrestre,terrestre,ADJ,Intonation=weakly_rising
204-16,BO112,204,204,18,però,però,però,ADV,_
204-17,BO112,204,204,19,"insomma,",insomma,insomma,ADV,Intonation=weakly_rising
205-0,BO112,205,205,1,aveva,aveva,avere,AUX,_
205-1,BO112,205,205,2,"tenuto,",tenuto,tenere,VERB,Intonation=weakly_rising
206-0,BO112,206,206,1,mentre,mentre,mentre,SCONJ,_
206-1,BO112,206,206,2,queste,queste,questo,DET,_
206-2,BO112,206,206,3,altre,altre,altro,ADJ,_
206-3,BO112,206,206,4,popolazioni,popolazioni,popolazione,NOUN,_
206-4,BO112,206,206,5,erano,erano,essere,AUX,_
206-5,BO112,206,206,6,"degenerate,",degenerate,degenerare,VERB,Intonation=weakly_rising
206-6,BO112,206,206,7,e,e,e,CCONJ,_
206-7,BO112,206,206,8,si,si,si,PRON,_
206-8,BO112,206,206,9,erano,erano,essere,AUX,_
206-9,BO112,206,206,10,ridotte,ridotte,ridurre,VERB,_
206-10,BO112,206,206,11,così,così,così,ADV,_
206-11,BO112,206,206,12,come,come,come,ADP,_
206-12,BO112,206,206,13,le,le,le,PRON,_
206-13,BO112,206,206,14,vedevano,vedevano,vedere,VERB,_
206-14,BO112,206,206,15,allora.,allora,allora,ADV,Intonation=falling
207-0,BO112,207,207,1,quindi,quindi,quindi,ADV,_
207-1,BO112,207,207,2,l',l',il,DET,Truncated=Yes
207-2,BO112,207,207,3,"evoluzionismo,",evoluzionismo,evoluzionismo,NOUN,Intonation=weakly_rising
207-3,BO112,207,207,4,rappresenta,rappresenta,rappresentare,VERB,_
207-4,BO112,207,207,5,un,un,uno,DET,_
207-5,BO112,207,207,6,salto,salto,salto,NOUN,_
207-6,BO112,207,207,7,in,in,in,ADP,_
207-7,BO112,207,207,8,"avanti,",avanti,avanti,NOUN,Intonation=weakly_rising
207-8,BO112,207,207,9-10,dal,dal,_,_,_
207-8a,_,_,207,9,_,da,da,ADP,_
207-8b,_,_,207,10,_,il,il,DET,_
207-9,BO112,207,207,11,punto,punto,punto,NOUN,_
207-10,BO112,207,207,12,di,di,di,ADP,_
207-11,BO112,207,207,13,vista,vista,vista,NOUN,_
207-12,BO112,207,207,14-15,della,della,_,_,_
207-12a,_,_,207,14,_,di,di,ADP,_
207-12b,_,_,207,15,_,la,il,DET,_
207-13,BO112,207,207,16,considerazione,considerazione,considerazione,NOUN,_
207-14,BO112,207,207,17,di,di,di,ADP,_
207-15,BO112,207,207,18,queste,queste,questo,DET,_
207-16,BO112,207,207,19,"popolazioni,",popolazioni,popolazione,NOUN,Intonation=weakly_rising
208-0,BO112,208,208,1,perché,perché,perché,SCONJ,_
208-1,BO112,208,208,2,le,le,le,PRON,_
208-2,BO112,208,208,3,"mette,",mette,mettere,VERB,Intonation=weakly_rising
209-0,BO112,209,209,1-2,sullo,sullo,_,_,_
209-0a,_,_,209,1,_,su,su,ADP,_
209-0b,_,_,209,2,_,lo,il,DET,_
209-1,BO112,209,209,3,stesso,stesso,stesso,ADJ,_
209-2,BO112,209,209,4,"solco,",solco,solco,NOUN,Intonation=weakly_rising
210-0,BO112,210,210,1-2,del,del,_,_,_
210-0a,_,_,210,1,_,di,di,ADP,_
210-0b,_,_,210,2,_,il,il,DET,_
210-1,BO112,210,210,3,noi.,noi,noi,PRON,Intonation=falling
211-0,BO112,211,211,1,noi,noi,noi,PRON,_
211-1,BO112,211,211,2,una,una,uno,DET,_
211-2,BO112,211,211,3,volta,volta,volta,NOUN,_
211-3,BO112,211,211,4,eravamo,eravamo,essere,AUX,_
211-4,BO112,211,211,5,così.,così,così,ADV,Intonation=falling
212-0,BO112,212,212,1,e,e,e,CCONJ,_
212-1,BO112,212,212,2,poi,poi,poi,ADV,_
212-2,BO112,212,212,3,pian,pian,piano,ADV,_
212-3,BO112,212,212,4,"piano,",piano,piano,ADV,Intonation=weakly_rising
212-4,BO112,212,212,5,tutti,tutti,tutto,PRON,_
212-5,BO112,212,212,6,siamo,siamo,essere,AUX,_
212-6,BO112,212,212,7,passati,passati,passare,VERB,_
212-7,BO112,212,212,8,attraverso,attraverso,attraverso,ADV,_
212-8,BO112,212,212,9-10,degli,degli,_,_,_
212-8a,_,_,212,9,_,di,di,ADP,_
212-8b,_,_,212,10,_,gli,il,DET,_
212-9,BO112,212,212,11,"stadi,",stadi,stadio,NOUN,Intonation=weakly_rising
212-10,BO112,212,212,12,e,e,e,CCONJ,_
212-11,BO112,212,212,13,siamo,siamo,essere,AUX,_
212-12,BO112,212,212,14,arrivati,arrivati,arrivare,VERB,_
212-13,BO112,212,212,15,in,in,in,ADP,_
212-14,BO112,212,212,16,cima.,cima,cima,NOUN,Intonation=falling
213-0,BO112,213,213,1,vedete,vedete,vedere,VERB,_
213-1,BO112,213,213,2,che,che,che,SCONJ,_
213-2,BO112,213,213,3,è,è,essere,AUX,_
213-3,BO112,213,213,4,molto,molto,molto,ADV,_
213-4,BO112,213,213,5,meglio,meglio,meglio,ADV,_
213-5,BO112,213,213,6,da,da,da,ADP,_
213-6,BO112,213,213,7,questo,questo,questo,DET,_
213-7,BO112,213,213,8,punto,punto,punto,NOUN,_
213-8,BO112,213,213,9,di,di,di,ADP,_
213-9,BO112,213,213,10,vista.,vista,vista,NOUN,Intonation=falling
214-0,BO112,214,214,1,quindi,quindi,quindi,ADV,_
214-1,BO112,214,214,2-3,al,al,_,_,_
214-1a,_,_,214,2,_,a,a,ADP,_
214-1b,_,_,214,3,_,il,il,DET,_
214-2,BO112,214,214,4,vertice,vertice,vertice,NOUN,_
214-3,BO112,214,214,5-6,dell',dell',_,_,Truncated=Yes
214-3a,_,_,214,5,_,di,di,ADP,_
214-3b,_,_,214,6,_,l',il,DET,_
214-4,BO112,214,214,7,"evoluzione,",evoluzione,evoluzione,NOUN,Intonation=weakly_rising
214-5,BO112,214,214,8,troviamo,troviamo,trovare,VERB,_
214-6,BO112,214,214,9,la,la,il,DET,_
214-7,BO112,214,214,10,società,società,società,NOUN,_
214-8,BO112,214,214,11,industriale,industriale,industriale,ADJ,_
214-9,BO112,214,214,12-13,dell',dell',_,_,Truncated=Yes
214-9a,_,_,214,12,_,di,di,ADP,_
214-9b,_,_,214,13,_,l',il,DET,_
214-10,BO112,214,214,14,"epoca,",epoca,epoca,NOUN,Intonation=weakly_rising
215-0,BO112,215,215,1,e,e,e,CCONJ,_
215-1,BO112,215,215,2,questo,questo,questo,PRON,_
215-2,BO112,215,215,3,è,è,essere,AUX,_
215-3,BO112,215,215,4,il,il,il,DET,_
215-4,BO112,215,215,5,punto,punto,punto,NOUN,_
215-5,BO112,215,215,6,più,più,più,ADV,_
215-6,BO112,215,215,7,importante.,importante,importante,ADJ,Intonation=falling
216-0,BO112,216,216,1,e,e,e,CCONJ,_
216-1,BO112,216,216,2,cioè,cioè,cioè,CCONJ,_
217-0,BO112,217,217,1-2,nel,nel,_,_,_
217-0a,_,_,217,1,_,in,in,ADP,_
217-0b,_,_,217,2,_,il,il,DET,_
217-1,BO112,217,217,3,momento,momento,momento,NOUN,_
217-2,BO112,217,217,4,in,in,in,ADP,_
217-3,BO112,217,217,5,cui,cui,cui,PRON,_
217-4,BO112,217,217,6,gli,gli,il,DET,_
217-5,BO112,217,217,7,evoluzionisti,evoluzionisti,evoluzionista,NOUN,_
217-6,BO112,217,217,8,"pensano,",pensano,pensare,VERB,Intonation=weakly_rising
217-7,BO112,217,217,9,che,che,che,SCONJ,_
217-8,BO112,217,217,10,ci,ci,ci,PRON,_
217-9,BO112,217,217,11,siano,siano,essere,VERB,_
217-10,BO112,217,217,12-13,degli,degli,_,_,_
217-10a,_,_,217,12,_,di,di,ADP,_
217-10b,_,_,217,13,_,gli,il,DET,_
217-11,BO112,217,217,14,"stadi,",stadi,stadio,NOUN,Intonation=weakly_rising
218-0,BO112,218,218,1,e,e,e,CCONJ,_
218-1,BO112,218,218,2,che,che,che,SCONJ,_
218-2,BO112,218,218,3,tutte,tutte,tutto,DET,_
218-3,BO112,218,218,4,le,le,il,DET,_
218-4,BO112,218,218,5,popolazioni,popolazioni,popolazione,NOUN,_
218-5,BO112,218,218,6,umane,umane,umano,ADJ,_
218-6,BO112,218,218,7,stiano,stiano,stare,VERB,_
218-7,BO112,218,218,8-9,nella,nella,_,_,_
218-7a,_,_,218,8,_,in,in,ADP,_
218-7b,_,_,218,9,_,la,il,DET,_
218-8,BO112,218,218,10,stessa,stessa,stesso,ADJ,_
218-9,BO112,218,218,11,"storia,",storia,storia,NOUN,Intonation=weakly_rising
219-0,BO112,219,219,1,è,è,essere,AUX,_
219-1,BO112,219,219,2,chiaro,chiaro,chiaro,ADJ,_
219-2,BO112,219,219,3,che,che,che,SCONJ,_
219-3,BO112,219,219,4,{P},{P},_,_,_
219-4,BO112,219,219,5,l',l',il,DET,Truncated=Yes
219-5,BO112,219,219,6,aborigeno,aborigeno,aborigeno,NOUN,_
219-6,BO112,219,219,7,"australiano,",australiano,australiano,ADJ,Intonation=weakly_rising
219-7,BO112,219,219,8,il,il,il,DET,_
219-8,BO112,219,219,9,pigmeo,pigmeo,pigmeo,NOUN,_
219-9,BO112,219,219,10-11,della,della,_,_,_
219-9a,_,_,219,10,_,di,di,ADP,_
219-9b,_,_,219,11,_,la,il,DET,_
219-10,BO112,219,219,12,foresta,foresta,foresta,NOUN,_
219-11,BO112,219,219,13,{P},{P},_,_,_
219-12,BO112,219,219,14,centrale,centrale,centrale,ADJ,_
219-13,BO112,219,219,15-16,dell',dell',_,_,Truncated=Yes
219-13a,_,_,219,15,_,di,di,ADP,_
219-13b,_,_,219,16,_,l',il,DET,_
219-14,BO112,219,219,17,"africa,",africa,Africa,PROPN,Intonation=weakly_rising
219-15,BO112,219,219,18,il,il,il,DET,_
219-16,BO112,219,219,19,"bagnaletto,",bagnaletto,bagnaletto,NOUN,Intonation=weakly_rising
220-0,BO112,220,220,1,i,i,il,DET,_
220-1,BO112,220,220,2,nativi,nativi,nativo,NOUN,_
220-2,BO112,220,220,3,"americani,",americani,americano,ADJ,Intonation=weakly_rising
221-0,BO112,221,221,1,diventano,diventano,diventare,VERB,_
221-1,BO112,221,221,2,importanti.,importanti,importante,ADJ,Intonation=falling
222-0,BO112,222,222,1,perché,perché,perché,SCONJ,_
222-1,BO112,222,222,2,diventano,diventano,diventare,VERB,_
222-2,BO112,222,222,3,importanti?,importanti,importante,ADJ,Intonation=rising
223-0,BO112,223,223,1,perché,perché,perché,SCONJ,_
223-1,BO112,223,223,2,sono,sono,essere,AUX,_
223-2,BO112,223,223,3,come,come,come,ADP,_
223-3,BO112,223,223,4,una,una,uno,DET,_
223-4,BO112,223,223,5,fotografia,fotografia,fotografia,NOUN,_
223-5,BO112,223,223,6-7,del,del,_,_,_
223-5a,_,_,223,6,_,di,di,ADP,_
223-5b,_,_,223,7,_,il,il,DET,_
223-6,BO112,223,223,8,nostro,nostro,nostro,DET,_
223-7,BO112,223,223,9,passato.,passato,passato,NOUN,Intonation=falling
224-0,BO112,224,224,1,noi,noi,noi,PRON,_
224-1,BO112,224,224,2,non,non,non,ADV,_
224-2,BO112,224,224,3,possiamo,possiamo,potere,AUX,_
224-3,BO112,224,224,4,sapere,sapere,sapere,VERB,_
224-4,BO112,224,224,5,come,come,come,SCONJ,_
224-5,BO112,224,224,6,"eravamo,",eravamo,essere,AUX,Intonation=weakly_rising
224-6,BO112,224,224,7,una,una,uno,DET,_
224-7,BO112,224,224,8,"volta,",volta,volta,NOUN,Intonation=weakly_rising
225-0,BO112,225,225,1,ma,ma,ma,CCONJ,_
225-1,BO112,225,225,2,invece,invece,invece,ADV,_
225-2,BO112,225,225,3,{P},{P},_,_,_
225-3,BO112,225,225,4,attraverso,attraverso,attraverso,ADP,_
225-4,BO112,225,225,5,l',l',il,DET,Truncated=Yes
225-5,BO112,225,225,6,osservazione,osservazione,osservazione,NOUN,_
225-6,BO112,225,225,7,di,di,di,ADP,_
225-7,BO112,225,225,8,queste,queste,questo,DET,_
225-8,BO112,225,225,9,"popolazioni,",popolazioni,popolazione,NOUN,Intonation=weakly_rising
226-0,BO112,226,226,1,siamo,siamo,essere,AUX,_
226-1,BO112,226,226,2,in,in,in,ADP,_
226-2,BO112,226,226,3,grado,grado,grado,NOUN,_
226-3,BO112,226,226,4,di,di,di,ADP,_
226-4,BO112,226,226,5-6,ricostruirlo.,ricostruirlo,_,_,Intonation=falling
226-4a,_,_,226,5,_,ricostruir,ricostruire,VERB,_
226-4b,_,_,226,6,_,lo,lo,PRON,_
227-0,BO112,227,227,1,"quindi,",quindi,quindi,ADV,Intonation=weakly_rising
227-1,BO112,227,227,2,in,in,in,ADP,_
227-2,BO112,227,227,3,"sostanza,",sostanza,sostanza,NOUN,Intonation=weakly_rising
227-3,BO112,227,227,4,se,se,se,SCONJ,_
227-4,BO112,227,227,5,io,io,io,PRON,_
227-5,BO112,227,227,6,guardo,guardo,guardare,VERB,_
227-6,BO112,227,227,7,un,un,uno,DET,_
227-7,BO112,227,227,8,aborigeno,aborigeno,aborigeno,NOUN,_
227-8,BO112,227,227,9,"australiano,",australiano,australiano,ADJ,Intonation=weakly_rising
228-0,BO112,228,228,1,è,è,essere,VERB,_
228-1,BO112,228,228,2,come,come,come,ADV,_
228-2,BO112,228,228,3,se,se,se,SCONJ,_
228-3,BO112,228,228,4,vedessi,vedessi,vedere,VERB,_
228-4,BO112,228,228,5,la,la,il,DET,_
228-5,BO112,228,228,6,nostra,nostra,nostro,DET,_
228-6,BO112,228,228,7,"civiltà,",civiltà,civiltà,NOUN,Intonation=weakly_rising
229-0,BO112,229,229,1,di,di,di,ADP,_
229-1,BO112,229,229,2,tanto,tanto,tanto,DET,_
229-2,BO112,229,229,3,tempo,tempo,tempo,NOUN,_
229-3,BO112,229,229,4,fa.,fa,fa,ADV,Intonation=falling
230-0,BO112,230,230,1,è,è,essere,AUX,_
230-1,BO112,230,230,2,cambiata,cambiata,cambiare,VERB,_
230-2,BO112,230,230,3,questa,questa,questo,DET,_
230-3,BO112,230,230,4,concezione?,concezione,concezione,NOUN,Intonation=rising
231-0,BO112,231,231,1,no.,no,no,ADV,Intonation=falling
231-1,BO112,231,231,2,"eh,",eh,eh,INTJ,Intonation=weakly_rising
231-2,BO112,231,231,3,ancora,ancora,ancora,ADV,_
231-3,BO112,231,231,4,oggi,oggi,oggi,ADV,_
231-4,BO112,231,231,5,voi,voi,voi,PRON,_
231-5,BO112,231,231,6,potete,potete,potere,AUX,_
231-6,BO112,231,231,7,trovare,trovare,trovare,VERB,_
231-7,BO112,231,231,8-9,delle,delle,_,_,_
231-7a,_,_,231,8,_,di,di,ADP,_
231-7b,_,_,231,9,_,le,il,DET,_
231-8,BO112,231,231,10,osservazione,osservazione,osservazione,NOUN,_
231-9,BO112,231,231,11-12,sui:,sui,_,_,_
231-9a,_,_,231,11,_,su,su,ADP,_
231-9b,_,_,231,12,_,i,il,DET,_
231-10,BO112,231,231,13,giornali,giornali,giornale,NOUN,_
231-11,BO112,231,231,14,per,per,per,ADP,_
231-12,BO112,231,231,15,"esempio,",esempio,esempio,NOUN,Intonation=weakly_rising
232-0,BO112,232,232,1,relative,relative,relativo,ADJ,_
232-1,BO112,232,232,2-3,agli,agli,_,_,_
232-1a,_,_,232,2,_,a,a,ADP,_
232-1b,_,_,232,3,_,gli,il,DET,_
232-2,BO112,232,232,4,aborigeni,aborigeni,aborigeno,NOUN,_
232-3,BO112,232,232,5,"australiani,",australiani,australiani,ADJ,Intonation=weakly_rising
233-0,BO112,233,233,1,che,che,che,PRON,_
233-1,BO112,233,233,2,parlano,parlano,parlare,VERB,_
233-2,BO112,233,233,3,di,di,di,ADP,_
234-0,BO112,234,234,1,buco,buco,buco,NOUN,_
234-1,BO112,234,234,2-3,nello,nello,_,_,_
234-1a,_,_,234,2,_,in,in,ADP,_
234-1b,_,_,234,3,_,lo,il,DET,_
234-2,BO112,234,234,4,spazio,spazio,spazio,NOUN,_
234-3,BO112,234,234,5,"tempo,",tempo,tempo,NOUN,Intonation=weakly_rising
235-0,BO112,235,235,1,di,di,di,ADP,_
235-1,BO112,235,235,2,{P},{P},_,_,_
235-2,BO112,235,235,3,no?,no,no,ADV,Intonation=rising
236-0,BO112,236,236,1,cioè,cioè,cioè,CCONJ,_
236-1,BO112,236,236,2,{P},{P},_,_,_
236-2,BO112,236,236,3,è,è,essere,VERB,_
236-3,BO112,236,236,4,come,come,come,ADV,_
236-4,BO112,236,236,5,se,se,se,SCONJ,_
236-5,BO112,236,236,6,noi,noi,noi,PRON,_
236-6,BO112,236,236,7,facessimo,facessimo,fare,VERB,_
236-7,BO112,236,236,8,un,un,uno,DET,_
236-8,BO112,236,236,9,viaggio,viaggio,viaggio,NOUN,_
236-9,BO112,236,236,10-11,nel,nel,_,_,_
236-9a,_,_,236,10,_,in,in,ADP,_
236-9b,_,_,236,11,_,il,il,DET,_
236-10,BO112,236,236,12,tempo,tempo,tempo,NOUN,_
236-11,BO112,236,236,13-14,nel,nel,_,_,_
236-11a,_,_,236,13,_,in,in,ADP,_
236-11b,_,_,236,14,_,il,il,DET,_
236-12,BO112,236,236,15,nostro,nostro,nostro,DET,_
236-13,BO112,236,236,16,"passato,",passato,passato,NOUN,Intonation=weakly_rising
237-0,BO112,237,237,1,è,è,essere,AUX,_
237-1,BO112,237,237,2,stata,stata,essere,AUX,_
237-2,BO112,237,237,3,scoperta,scoperta,scoprire,VERB,_
237-3,BO112,237,237,4,una,una,uno,DET,_
237-4,BO112,237,237,5,tribù,tribù,tribù,NOUN,_
237-5,BO112,237,237,6,che,che,che,PRON,_
237-6,BO112,237,237,7,nessuno,nessuno,nessuno,PRON,_
237-7,BO112,237,237,8,ha,ha,avere,AUX,_
237-8,BO112,237,237,9,visto,visto,vedere,VERB,_
237-9,BO112,237,237,10,ecco,ecco,ecco,ADV,_
237-10,BO112,237,237,11,com',com',come,SCONJ,Truncated=Yes
237-11,BO112,237,237,12,erano,erano,essere,VERB,_
237-12,BO112,237,237,13,i,i,il,DET,_
237-13,BO112,237,237,14,nostri,nostri,nostro,DET,_
237-14,BO112,237,237,15,"antenati,",antenati,antenato,NOUN,Intonation=weakly_rising
238-0,BO112,238,238,1,l',l',il,DET,Truncated=Yes
238-1,BO112,238,238,2,evoluzionismo,evoluzionismo,evoluzionismo,NOUN,_
238-2,BO112,238,238,3,ottocentesco,ottocentesco,ottocentesco,ADJ,_
238-3,BO112,238,238,4,"purtroppo,",purtroppo,purtroppo,ADV,Intonation=weakly_rising
238-4,BO112,238,238,5,benché,benché,benché,SCONJ,_
238-5,BO112,238,238,6,sia,sia,essere,AUX,_
238-6,BO112,238,238,7,"scientificamente,",scientificamente,scientificamente,ADV,Intonation=weakly_rising
238-7,BO112,238,238,8,completamente,completamente,completamente,ADV,_
238-8,BO112,238,238,9,"superato,",superato,superare,ADJ,Intonation=weakly_rising
239-0,BO112,239,239,1,in,in,in,ADP,_
239-1,BO112,239,239,2,realtà,realtà,realtà,NOUN,_
239-2,BO112,239,239,3,permane,permane,permanere,VERB,_
239-3,BO112,239,239,4-5,nel,nel,_,_,_
239-3a,_,_,239,4,_,in,in,ADP,_
239-3b,_,_,239,5,_,il,il,DET,_
239-4,BO112,239,239,6,senso,senso,senso,NOUN,_
239-5,BO112,239,239,7,comune.,comune,comune,ADJ,Intonation=falling
240-0,BO112,240,240,1,"dubbi,",dubbi,dubbio,NOUN,Intonation=weakly_rising
240-1,BO112,240,240,2,o,o,o,CCONJ,_
240-2,BO112,240,240,3,domande,domande,domanda,NOUN,_
240-3,BO112,240,240,4,fin,fin,fino,ADV,_
240-4,BO112,240,240,5,qua?,qua,qua,ADV,Intonation=rising
241-0,BO112,241,241,1,è,è,essere,AUX,_
241-1,BO112,241,241,2,tutto,tutto,tutto,PRON,_
241-2,BO112,241,241,3,"chiaro,",chiaro,chiaro,ADJ,Intonation=weakly_rising
241-3,BO112,241,241,4,prego.,prego,pregare,VERB,Intonation=falling
242-0,BO112,242,242,1,e:h,eh,eh,INTJ,_
242-1,BO112,242,242,2-3,passategli,passategli,_,_,_
242-1a,_,_,242,2,_,passate,passare,VERB,_
242-1b,_,_,242,3,_,gli,gli,PRON,_
242-2,BO112,242,242,4,il.,il,il,DET,Intonation=falling
242-3,BO112,242,242,5,ecco,ecco,ecco,ADV,_
242-4,BO112,242,242,6,bravo.,bravo,bravo,ADJ,Intonation=falling
243-0,???,243,243,1,che,che,che,DET,_
243-1,???,243,243,2,cosa,cosa,cosa,NOUN,_
243-2,???,243,243,3,>presume<,presume,presumere,VERB,_
243-3,???,243,243,4,che::,che,che,SCONJ,_
243-4,???,243,243,5,l',l',il,DET,Truncated=Yes
243-5,???,243,243,6,evoluzionismo,evoluzionismo,evoluzionismo,NOUN,_
243-6,???,243,243,7,non,non,non,ADV,_
243-7,???,243,243,8,sia,sia,essere,AUX,_
243-8,???,243,243,9,più,più,più,ADV,_
243-9,???,243,243,10,valido.,valido,valido,ADJ,Intonation=falling
244-0,BO112,244,244,1,allora,allora,allora,ADV,_
244-1,BO112,244,244,2,la,la,il,DET,_
244-2,BO112,244,244,3,concezione,concezione,concezione,NOUN,_
244-3,BO112,244,244,4,"evoluzionista,",evoluzionista,evoluzionista,ADJ,Intonation=weakly_rising
244-4,BO112,244,244,5,è,è,essere,AUX,_
244-5,BO112,244,244,6,stata,stata,essere,AUX,_
244-6,BO112,244,244,7,completamente,completamente,completamente,ADV,_
244-7,BO112,244,244,8,"abbandonata,",abbandonata,abbandonare,VERB,Intonation=weakly_rising
245-0,BO112,245,245,1,quando,quando,quando,SCONJ,_
245-1,BO112,245,245,2,si,si,si,PRON,_
245-2,BO112,245,245,3,è,è,essere,AUX,_
245-3,BO112,245,245,4,"capito,",capito,capire,VERB,Intonation=weakly_rising
246-0,BO112,246,246,1,che,che,che,SCONJ,_
246-1,BO112,246,246,2,in,in,in,ADP,_
246-2,BO112,246,246,3,"realtà,",realtà,realtà,NOUN,Intonation=weakly_rising
247-0,BO112,247,247,1,questa,questa,questo,DET,_
247-1,BO112,247,247,2,asserzione,asserzione,asserzione,NOUN,_
247-2,BO112,247,247,3,era,era,essere,AUX,_
247-3,BO112,247,247,4,completamente,completamente,completamente,ADV,_
247-4,BO112,247,247,5,falsa.,falsa,falso,ADJ,Intonation=falling
248-0,BO112,248,248,1,e,e,e,CCONJ,_
248-1,BO112,248,248,2,cioè,cioè,cioé,CCONJ,_
248-2,BO112,248,248,3,che,che,che,SCONJ,_
248-3,BO112,248,248,4,{P},{P},_,_,_
248-4,BO112,248,248,5,gli,gli,il,DET,_
248-5,BO112,248,248,6,aborigeni,aborigeni,aborigeno,NOUN,_
248-6,BO112,248,248,7,"australiani,",australiani,australiano,ADJ,Intonation=weakly_rising
248-7,BO112,248,248,8,i,i,il,DET,_
248-8,BO112,248,248,9,pigmei,pigmei,pigmeo,NOUN,_
248-9,BO112,248,248,10-11,del,del,_,_,_
248-9a,_,_,248,10,_,di,di,ADP,_
248-9b,_,_,248,11,_,il,il,DET,_
248-10,BO112,248,248,12,"turi,",turi,turo,NOUN,Intonation=weakly_rising
249-0,BO112,249,249,1,non,non,non,ADV,_
249-1,BO112,249,249,2,"sono,",sono,essere,AUX,Intonation=weakly_rising
250-0,BO112,250,250,1,i,i,il,DET,_
250-1,BO112,250,250,2,no~,no~,no~,X,Interrupted=Yes
250-2,BO112,250,250,3,come,come,come,ADP,_
250-3,BO112,250,250,4,i,i,il,DET,_
250-4,BO112,250,250,5,nostri,nostri,nostro,DET,_
250-5,BO112,250,250,6,antenati.,antenati,antenato,NOUN,Intonation=falling
250-6,BO112,250,250,7,sono,sono,essere,AUX,_
250-7,BO112,250,250,8-9,delle,delle,_,_,_
250-7a,_,_,250,8,_,di,di,ADP,_
250-7b,_,_,250,9,_,le,il,DET,_
250-8,BO112,250,250,10,"popolazioni,",popolazioni,popolazione,NOUN,Intonation=weakly_rising
250-9,BO112,250,250,11,in,in,in,ADP,_
250-10,BO112,250,250,12,questo,questo,questo,DET,_
250-11,BO112,250,250,13,"caso,",caso,caso,NOUN,Intonation=weakly_rising
250-12,BO112,250,250,14-15,del,del,_,_,_
250-12a,_,_,250,14,_,di,di,ADP,_
250-12b,_,_,250,15,_,il,il,DET,_
250-13,BO112,250,250,16,"duemilaediciassette,",duemilaediciassette,duemilaediciassette,NUM,Intonation=weakly_rising
251-0,BO112,251,251,1,che,che,che,SCONJ,_
251-1,BO112,251,251,2,"semplicemente,",semplicemente,semplicemente,ADV,Intonation=weakly_rising
252-0,BO112,252,252,1,si,si,si,PRON,_
252-1,BO112,252,252,2,sono,sono,essere,AUX,_
252-2,BO112,252,252,3,sviluppate,sviluppate,sviluppare,VERB,_
252-3,BO112,252,252,4,in,in,in,ADP,_
252-4,BO112,252,252,5,un,un,uno,DET,_
252-5,BO112,252,252,6,modo,modo,modo,NOUN,_
252-6,BO112,252,252,7,diverso.,diverso,diverso,ADJ,Intonation=falling
252-7,BO112,252,252,8,mh?,mh,mh,INTJ,Intonation=rising
253-0,BO112,253,253,1,ogni,ogni,ogni,DET,_
253-1,BO112,253,253,2,"cultura,",cultura,cultura,NOUN,Intonation=weakly_rising
254-0,BO112,254,254,1,infatti,infatti,infatti,ADV,_
254-1,BO112,254,254,2,il,il,il,DET,_
254-2,BO112,254,254,3,concetto,concetto,concetto,NOUN,_
254-3,BO112,254,254,4,di,di,di,ADP,_
254-4,BO112,254,254,5,cultura,cultura,cultura,NOUN,_
254-5,BO112,254,254,6,{P},{P},_,_,_
254-6,BO112,254,254,7,è,è,essere,AUX,_
254-7,BO112,254,254,8,centrale,centrale,centrale,ADJ,_
254-8,BO112,254,254,9,per,per,per,ADP,_
254-9,BO112,254,254,10,questo,questo,questo,PRON,_
254-10,BO112,254,254,11,adesso,adesso,adesso,ADV,_
254-11,BO112,254,254,12,lo,lo,lo,PRON,_
254-12,BO112,254,254,13,"vedremo,",vedremo,vedere,VERB,Intonation=weakly_rising
255-0,BO112,255,255,1,è,è,essere,AUX,_
256-0,BO112,256,256,1,e::h,eh,eh,INTJ,_
256-1,BO112,256,256,2,ogni,ogni,ogni,DET,_
256-2,BO112,256,256,3,cultura,cultura,cultura,NOUN,_
256-3,BO112,256,256,4,"cambia,",cambia,cambiare,VERB,Intonation=weakly_rising
256-4,BO112,256,256,5,si,si,si,PRON,_
256-5,BO112,256,256,6,trasforma,trasforma,trasformare,VERB,_
256-6,BO112,256,256,7,ha,ha,avere,VERB,_
256-7,BO112,256,256,8,una,una,uno,DET,_
256-8,BO112,256,256,9,"storia,",storia,storia,NOUN,Intonation=weakly_rising
256-9,BO112,256,256,10,tutte,tutte,tutto,DET,_
256-10,BO112,256,256,11,le,le,il,DET,_
256-11,BO112,256,256,12,culture.,culture,cultura,NOUN,Intonation=falling
257-0,BO112,257,257,1,non,non,non,ADV,_
257-1,BO112,257,257,2,solo,solo,solo,ADV,_
257-2,BO112,257,257,3,quelle,quelle,quello,PRON,_
257-3,BO112,257,257,4,di,di,di,ADP,_
257-4,BO112,257,257,5,cui,cui,cui,PRON,_
257-5,BO112,257,257,6,noi,noi,noi,PRON,_
257-6,BO112,257,257,7,riusciamo,riusciamo,riuscire,VERB,_
257-7,BO112,257,257,8,a,a,a,ADP,_
257-8,BO112,257,257,9,individuare,individuare,individuare,VERB,_
257-9,BO112,257,257,10,lo,lo,il,DET,_
257-10,BO112,257,257,11,sviluppo,sviluppo,sviluppo,NOUN,_
257-11,BO112,257,257,12,perché,perché,perché,SCONJ,_
257-12,BO112,257,257,13,ci,ci,ci,PRON,_
257-13,BO112,257,257,14,concentriamo,concentriamo,concentrare,VERB,_
257-14,BO112,257,257,15-16,sulla,sulla,_,_,_
257-14a,_,_,257,15,_,su,su,ADP,_
257-14b,_,_,257,16,_,la,il,DET,_
257-15,BO112,257,257,17,tecnologia.,tecnologia,tecnologia,NOUN,Intonation=falling
258-0,BO112,258,258,1,e,e,e,CCONJ,_
258-1,BO112,258,258,2,allora,allora,allora,ADV,_
258-2,BO112,258,258,3,diciamo,diciamo,dire,VERB,_
258-3,BO112,258,258,4,{P},{P},_,_,_
258-4,BO112,258,258,5,certo.,certo,certo,ADV,Intonation=falling
259-0,BO112,259,259,1-2,dall',dall',_,_,Truncated=Yes
259-0a,_,_,259,1,_,da,da,ADP,_
259-0b,_,_,259,2,_,l',il,DET,_
259-1,BO112,259,259,3,"arco,",arco,arco,NOUN,Intonation=weakly_rising
259-2,BO112,259,259,4-5,al,al,_,_,_
259-2a,_,_,259,4,_,a,a,ADP,_
259-2b,_,_,259,5,_,il,il,DET,_
259-3,BO112,259,259,6,"cannone,",cannone,cannone,NOUN,Intonation=weakly_rising
259-4,BO112,259,259,7-8,al,al,_,_,_
259-4a,_,_,259,7,_,a,a,ADP,_
259-4b,_,_,259,8,_,il,il,DET,_
259-5,BO112,259,259,9,"razzo,",razzo,razzo,NOUN,Intonation=weakly_rising
260-0,BO112,260,260,1,è,è,essere,AUX,_
260-1,BO112,260,260,2,evidente,evidente,evidente,ADJ,_
260-2,BO112,260,260,3,che,che,che,SCONJ,_
260-3,BO112,260,260,4,si,si,si,PRON,_
260-4,BO112,260,260,5,è,è,essere,AUX,_
260-5,BO112,260,260,6,evoluto.,evoluto,evolvere,VERB,Intonation=falling
260-6,BO112,260,260,7,tutte,tutte,tutto,DET,_
260-7,BO112,260,260,8,le,le,il,DET,_
260-8,BO112,260,260,9,culture,culture,cultura,NOUN,_
260-9,BO112,260,260,10,si,si,si,PRON,_
260-10,BO112,260,260,11,trasformano,trasformano,trasformare,VERB,_
260-11,BO112,260,260,12,e,e,e,CCONJ,_
260-12,BO112,260,260,13,cambiano.,cambiano,cambiare,VERB,Intonation=falling
260-13,BO112,260,260,14,"quindi,",quindi,quindi,ADV,Intonation=weakly_rising
261-0,BO112,261,261,1,gli,gli,il,DET,_
261-1,BO112,261,261,2,aborigeni,aborigeni,aborigeno,NOUN,_
261-2,BO112,261,261,3,"australiani,",australiani,australiano,ADJ,Intonation=weakly_rising
262-0,BO112,262,262,1,non,non,non,ADV,_
262-1,BO112,262,262,2,sono,sono,essere,AUX,_
262-2,BO112,262,262,3-4,delle,delle,_,_,_
262-2a,_,_,262,3,_,di,di,ADP,_
262-2b,_,_,262,4,_,le,il,DET,_
262-3,BO112,262,262,5,popolazioni,popolazioni,popolazione,NOUN,_
262-4,BO112,262,262,6,son~,son~,son~,X,Interrupted=Yes
262-5,BO112,262,262,7,senza,senza,senza,ADP,_
262-6,BO112,262,262,8,"storia,",storia,storia,NOUN,Intonation=weakly_rising
263-0,BO112,263,263,1,sono,sono,essere,AUX,_
263-1,BO112,263,263,2,semplicemente,semplicemente,semplicemente,ADV,_
263-2,BO112,263,263,3-4,delle,delle,_,_,_
263-2a,_,_,263,3,_,di,di,ADP,_
263-2b,_,_,263,4,_,le,il,DET,_
263-3,BO112,263,263,5,popolazioni,popolazioni,popolazione,NOUN,_
263-4,BO112,263,263,6,con,con,con,ADP,_
263-5,BO112,263,263,7,una,una,uno,DET,_
263-6,BO112,263,263,8,storia,storia,storia,NOUN,_
263-7,BO112,263,263,9,diversa,diversa,diverso,ADJ,_
263-8,BO112,263,263,10-11,dalla,dalla,_,_,_
263-8a,_,_,263,10,_,da,da,ADP,_
263-8b,_,_,263,11,_,la,il,DET,_
263-9,BO112,263,263,12,nostra.,nostra,nostro,DET,Intonation=falling
263-10,BO112,263,263,13,{P},{P},_,_,_
263-11,BO112,263,263,14,mh?,mh,mh,INTJ,Intonation=rising
264-0,BO112,264,264,1,ci,ci,ci,PRON,_
264-1,BO112,264,264,2,sono,sono,essere,VERB,_
264-2,BO112,264,264,3,alte,alte,alto,ADJ,_
264-3,BO112,264,264,4,domande?,domande,domanda,NOUN,Intonation=rising
265-0,BO112,265,265,1,"ora,",ora,ora,ADV,Intonation=weakly_rising
266-0,BO112,266,266,1,questo,questo,questo,PRON,_
266-1,BO112,266,266,2,l',l',lo,PRON,Truncated=Yes
266-2,BO112,266,266,3,abbiamo,abbiamo,avere,AUX,_
266-3,BO112,266,266,4,detto,detto,dire,VERB,_
266-4,BO112,266,266,5,ieri,ieri,ieri,ADV,_
266-5,BO112,266,266,6,no?,no,no,ADV,Intonation=rising
266-6,BO112,266,266,7,i,i,il,DET,_
266-7,BO112,266,266,8,materiali,materiali,materiale,NOUN,_
266-8,BO112,266,266,9,che,che,che,PRON,_
266-9,BO112,266,266,10,raccoglievano,raccoglievano,raccogliere,VERB,_
266-10,BO112,266,266,11,gli,gli,il,DET,_
266-11,BO112,266,266,12,antropologi,antropologi,antropologo,NOUN,_
266-12,BO112,266,266,13-14,dell',dell',_,_,Truncated=Yes
266-12a,_,_,266,13,_,di,di,ADP,_
266-12b,_,_,266,14,_,l',il,DET,_
266-13,BO112,266,266,15,"ottocento,",ottocento,ottocento,NUM,Intonation=weakly_rising
266-14,BO112,266,266,16,erano,erano,essere,AUX,_
266-15,BO112,266,266,17-18,delle:,delle,_,_,_
266-15a,_,_,266,17,_,di,di,ADP,_
266-15b,_,_,266,18,_,le,il,DET,_
267-0,BO112,267,267,1,ra~,ra~,ra~,X,Interrupted=Yes
267-1,BO112,267,267,2-3,dei,dei,_,_,_
267-1a,_,_,267,2,_,di,di,ADP,_
267-1b,_,_,267,3,_,i,il,DET,_
267-2,BO112,267,267,4,materiali,materiali,materiale,NOUN,_
267-3,BO112,267,267,5,{P},{P},_,_,_
267-4,BO112,267,267,6,che,che,che,PRON,_
267-5,BO112,267,267,7,venivano,venivano,venire,AUX,_
267-6,BO112,267,267,8,raccolti,raccolti,raccogliere,VERB,_
267-7,BO112,267,267,9,in,in,in,ADP,_
267-8,BO112,267,267,10,realtà,realtà,realtà,NOUN,_
267-9,BO112,267,267,11,da,da,da,ADP,_
267-10,BO112,267,267,12,"altri,",altri,altro,PRON,Intonation=weakly_rising
267-11,BO112,267,267,13,non,non,non,ADV,_
267-12,BO112,267,267,14,da,da,da,ADP,_
267-13,BO112,267,267,15,loro,loro,loro,PRON,_
267-14,BO112,267,267,16,"stessi,",stessi,stesso,ADJ,Intonation=weakly_rising
268-0,BO112,268,268,1,e,e,e,CCONJ,_
268-1,BO112,268,268,2,l',l',il,DET,Truncated=Yes
268-2,BO112,268,268,3,antropologia,antropologia,antropologia,NOUN,_
268-3,BO112,268,268,4,"evoluzionista,",evoluzionista,evoluzionista,ADJ,Intonation=weakly_rising
268-4,BO112,268,268,5,si,si,si,PRON,_
268-5,BO112,268,268,6,configura,configura,configurare,VERB,_
268-6,BO112,268,268,7,come,come,come,ADP,_
268-7,BO112,268,268,8,un,un,uno,DET,_
268-8,BO112,268,268,9,sapere,sapere,sapere,NOUN,_
268-9,BO112,268,268,10,comparativo.,comparativo,comparativo,ADJ,Intonation=falling
268-10,BO112,268,268,11,questo,questo,questo,PRON,_
268-11,BO112,268,268,12,l',l',lo,PRON,Truncated=Yes
268-12,BO112,268,268,13,abbiamo,abbiamo,avere,AUX,_
268-13,BO112,268,268,14,già,già,già,ADV,_
268-14,BO112,268,268,15,detto,detto,dire,VERB,_
268-15,BO112,268,268,16,ieri,ieri,ieri,ADV,_
268-16,BO112,268,268,17,no?,no,no,ADV,Intonation=rising
269-0,BO112,269,269,1,cioè,cioè,cioè,CCONJ,_
269-1,BO112,269,269,2,gli,gli,il,DET,_
269-2,BO112,269,269,3,antropologi,antropologi,antropologo,NOUN,_
269-3,BO112,269,269,4,"evoluzionisti,",evoluzionisti,evoluzionista,ADJ,Intonation=weakly_rising
269-4,BO112,269,269,5,confrontano,confrontano,confrontare,VERB,_
270-0,BO112,270,270,1,lo,lo,il,DET,_
270-1,BO112,270,270,2,stesso,stesso,stesso,ADJ,_
270-2,BO112,270,270,3,{P},{P},_,_,_
270-3,BO112,270,270,4,"costume,",costume,costume,NOUN,Intonation=weakly_rising
270-4,BO112,270,270,5,come,come,come,ADV,_
270-5,BO112,270,270,6,lo,lo,lo,PRON,_
270-6,BO112,270,270,7,"chiamavano,",chiamavano,chiamare,VERB,Intonation=weakly_rising
270-7,BO112,270,270,8,gli,gli,il,DET,_
270-8,BO112,270,270,9,stessi,stessi,stesso,ADJ,_
270-9,BO112,270,270,10,"usi,",usi,uso,NOUN,Intonation=weakly_rising
271-0,BO112,271,271,1,in,in,in,ADP,_
271-1,BO112,271,271,2,una,una,uno,DET,_
271-2,BO112,271,271,3,popolazione,popolazione,popolazione,NOUN,_
271-3,BO112,271,271,4,e,e,e,CCONJ,_
271-4,BO112,271,271,5,in,in,in,ADP,_
271-5,BO112,271,271,6,un',un',uno,DET,Truncated=Yes
271-6,BO112,271,271,7,altra.,altra,altro,PRON,Intonation=falling
272-0,BO112,272,272,1,prendono,prendono,prendere,VERB,_
272-1,BO112,272,272,2,ad,ad,a,ADP,_
272-2,BO112,272,272,3,esempio,esempio,esempio,NOUN,_
272-3,BO112,272,272,4,{P},{P},_,_,_
272-4,BO112,272,272,5,il,il,il,DET,_
272-5,BO112,272,272,6,"matrimonio,",matrimonio,matrimonio,NOUN,Intonation=weakly_rising
273-0,BO112,273,273,1,"poliandrico,",poliandrico,poliandrico,ADJ,Intonation=weakly_rising
273-1,BO112,273,273,2,che,che,che,SCONJ,_
273-2,BO112,273,273,3,vuol,vuol,volere,AUX,_
273-3,BO112,273,273,4,dire?,dire,dire,VERB,Intonation=rising
274-0,BO112,274,274,1,una,una,uno,DET,_
274-1,BO112,274,274,2,donna,donna,donna,NOUN,_
274-2,BO112,274,274,3,che,che,che,PRON,_
274-3,BO112,274,274,4,sposa,sposa,sposare,VERB,_
274-4,BO112,274,274,5,più,più,più,ADV,_
274-5,BO112,274,274,6,"uomini,",uomini,uomo,NOUN,Intonation=weakly_rising
275-0,BO112,275,275,1,molto,molto,molto,ADV,_
275-1,BO112,275,275,2,comune,comune,comune,ADJ,_
275-2,BO112,275,275,3,il,il,il,DET,_
275-3,BO112,275,275,4,p~,p~,p~,X,Interrupted=Yes
275-4,BO112,275,275,5,il,il,il,DET,_
275-5,BO112,275,275,6,matrimonio,matrimonio,matrimonio,NOUN,_
275-6,BO112,275,275,7,poliandrico,poliandrico,poliandrico,ADJ,_
275-7,BO112,275,275,8,"adelfico,",adelfico,adelfico,ADJ,Intonation=weakly_rising
276-0,BO112,276,276,1,che,che,che,SCONJ,_
276-1,BO112,276,276,2,vuol,vuol,volere,AUX,_
276-2,BO112,276,276,3,dire,dire,dire,VERB,_
276-3,BO112,276,276,4,che,che,che,SCONJ,_
276-4,BO112,276,276,5,una,una,uno,DET,_
276-5,BO112,276,276,6,donna,donna,donna,NOUN,_
276-6,BO112,276,276,7,sposa,sposa,sposo,ADJ,_
276-7,BO112,276,276,8,{P},{P},_,_,_
276-8,BO112,276,276,9-10,dei,dei,_,_,_
276-8a,_,_,276,9,_,di,di,ADP,_
276-8b,_,_,276,10,_,i,il,DET,_
276-9,BO112,276,276,11,"fratelli,",fratelli,fratello,NOUN,Intonation=weakly_rising
277-0,BO112,277,277,1,>cioè<,cioè,cioè,CCONJ,_
277-1,BO112,277,277,2-3,degli,degli,_,_,_
277-1a,_,_,277,2,_,di,di,ADP,_
277-1b,_,_,277,3,_,gli,il,DET,_
277-2,BO112,277,277,4,uomini,uomini,uomo,NOUN,_
277-3,BO112,277,277,5,che,che,che,PRON,_
277-4,BO112,277,277,6,sono,sono,essere,AUX,_
277-5,BO112,277,277,7,tra,tra,tra,ADP,_
277-6,BO112,277,277,8,loro,loro,loro,DET,_
277-7,BO112,277,277,9,"fratelli,",fratelli,fratello,NOUN,Intonation=weakly_rising
278-0,BO112,278,278,1,allora,allora,allora,ADV,_
278-1,BO112,278,278,2,prende,prende,prendere,VERB,_
278-2,BO112,278,278,3,queste,queste,questo,DET,_
278-3,BO112,278,278,4,istituzioni,istituzioni,istituzione,NOUN,_
278-4,BO112,278,278,5,"matrimoniali,",matrimoniali,matrimoniale,ADJ,Intonation=weakly_rising
279-0,BO112,279,279,1,una,una,uno,DET,_
279-1,BO112,279,279,2,donna,donna,donna,NOUN,_
279-2,BO112,279,279,3,che,che,che,PRON,_
279-3,BO112,279,279,4,sposa,sposa,sposare,VERB,_
279-4,BO112,279,279,5,più,più,più,ADV,_
279-5,BO112,279,279,6,"fratelli,",fratelli,fratello,NOUN,Intonation=weakly_rising
280-0,BO112,280,280,1,e,e,e,CCONJ,_
280-1,BO112,280,280,2,{P},{P},_,_,_
280-2,BO112,280,280,3,la,la,la,PRON,_
280-3,BO112,280,280,4,studia,studia,studio,NOUN,_
280-4,BO112,280,280,5,in,in,in,ADP,_
280-5,BO112,280,280,6,vari,vari,vario,DET,_
280-6,BO112,280,280,7,parti,parti,parte,NOUN,_
280-7,BO112,280,280,8-9,del,del,_,_,_
280-7a,_,_,280,8,_,di,di,ADP,_
280-7b,_,_,280,9,_,il,il,DET,_
280-8,BO112,280,280,10,mondo.,mondo,mondo,NOUN,Intonation=falling
280-9,BO112,280,280,11,e,e,e,CCONJ,_
280-10,BO112,280,280,12,fa,fa,fare,VERB,_
280-11,BO112,280,280,13-14,dei,dei,_,_,_
280-11a,_,_,280,13,_,di,di,ADP,_
280-11b,_,_,280,14,_,i,il,DET,_
280-12,BO112,280,280,15,confronti.,confronti,confronto,NOUN,Intonation=falling
281-0,BO112,281,281,1,oppure,oppure,oppure,CCONJ,_
281-1,BO112,281,281,2,{P},{P},_,_,_
281-2,BO112,281,281,3,prende,prende,prendere,VERB,_
281-3,BO112,281,281,4-5,delle,delle,_,_,_
281-3a,_,_,281,4,_,di,di,ADP,_
281-3b,_,_,281,5,_,le,il,DET,_
281-4,BO112,281,281,6,pratiche,pratiche,pratica,NOUN,_
281-5,BO112,281,281,7,di,di,di,ADP,_
281-6,BO112,281,281,8,"magia,",magia,magia,NOUN,Intonation=weakly_rising
282-0,BO112,282,282,1,e,e,e,CCONJ,_
282-1,BO112,282,282,2,dice,dice,dire,VERB,_
282-2,BO112,282,282,3,{P},{P},_,_,_
282-3,BO112,282,282,4,"come,",come,come,SCONJ,Intonation=weakly_rising
282-4,BO112,282,282,5,{P},{P},_,_,_
282-5,BO112,282,282,6,vengono,vengono,venire,AUX,_
282-6,BO112,282,282,7,{P},{P},_,_,_
282-7,BO112,282,282,8,e::hm,ehm,ehm,INTJ,_
282-8,BO112,282,282,9,sviluppate,sviluppate,sviluppare,VERB,_
282-9,BO112,282,282,10,in,in,in,ADP,_
282-10,BO112,282,282,11,questo,questo,questo,DET,_
282-11,BO112,282,282,12,"contesto,",contesto,contesto,NOUN,Intonation=weakly_rising
282-12,BO112,282,282,13,e,e,e,CCONJ,_
282-13,BO112,282,282,14,come,come,come,SCONJ,_
282-14,BO112,282,282,15,in,in,in,ADP,_
282-15,BO112,282,282,16,quest',quest',questo,DET,Truncated=Yes
282-16,BO112,282,282,17,altro?,altro,altro,PRON,Intonation=rising
282-17,BO112,282,282,18,e,e,e,CCONJ,_
282-18,BO112,282,282,19,"fa,",fa,fare,VERB,Intonation=weakly_rising
282-19,BO112,282,282,20-21,dei,dei,_,_,_
282-19a,_,_,282,20,_,di,di,ADP,_
282-19b,_,_,282,21,_,i,il,DET,_
282-20,BO112,282,282,22,confronti.,confronti,confronto,NOUN,Intonation=falling
283-0,BO112,283,283,1,quindi,quindi,quindi,ADV,_
283-1,BO112,283,283,2,{P},{P},_,_,_
283-2,BO112,283,283,3,e::h,eh,eh,INTJ,_
283-3,BO112,283,283,4,c',c',ci,PRON,Truncated=Yes
283-4,BO112,283,283,5,è,è,essere,VERB,_
283-5,BO112,283,283,6,questo,questo,questo,PRON,_
283-6,BO112,283,283,7,sapere,sapere,sapere,NOUN,_
283-7,BO112,283,283,8,"comparativo,",comparativo,comparativo,ADJ,Intonation=weakly_rising
284-0,BO112,284,284,1,ovviamente,ovviamente,ovviamente,ADV,_
284-1,BO112,284,284,2,che,che,che,SCONJ,_
284-2,BO112,284,284,3,è,è,essere,AUX,_
284-3,BO112,284,284,4,fondato,fondato,fondare,VERB,_
284-4,BO112,284,284,5,su,su,su,ADP,_
284-5,BO112,284,284,6,quest',quest',questo,DET,Truncated=Yes
284-6,BO112,284,284,7,idea,idea,idea,NOUN,_
284-7,BO112,284,284,8,centrale.,centrale,centrale,ADJ,Intonation=falling
285-0,BO112,285,285,1,>cioè<,cioè,cioè,CCONJ,_
285-1,BO112,285,285,2,l',l',il,DET,Truncated=Yes
285-2,BO112,285,285,3,unità,unità,unità,NOUN,_
285-3,BO112,285,285,4,psichica,psichica,psichico,ADJ,_
285-4,BO112,285,285,5-6,del,del,_,_,_
285-4a,_,_,285,5,_,di,di,ADP,_
285-4b,_,_,285,6,_,il,il,DET,_
285-5,BO112,285,285,7,genere,genere,genere,NOUN,_
285-6,BO112,285,285,8,umano.,umano,umano,ADJ,Intonation=falling
286-0,BO112,286,286,1,vuol,vuol,volere,AUX,_
286-1,BO112,286,286,2,dire,dire,dire,VERB,_
286-2,BO112,286,286,3,che,che,che,SCONJ,_
286-3,BO112,286,286,4,sostanzialmente,sostanzialmente,sostanzialmente,ADV,_
286-4,BO112,286,286,5,gli,gli,il,DET,_
286-5,BO112,286,286,6,uomini,uomini,uomo,NOUN,_
287-0,BO112,287,287,1,sono,sono,essere,AUX,_
287-1,BO112,287,287,2,tutti,tutti,tutto,PRON,_
287-2,BO112,287,287,3,uguali.,uguali,uguale,ADJ,Intonation=falling
288-0,BO112,288,288,1,alcuni,alcuni,alcuno,PRON,_
288-1,BO112,288,288,2,sono,sono,essere,AUX,_
288-2,BO112,288,288,3,più,più,più,ADV,_
288-3,BO112,288,288,4,sviluppati,sviluppati,sviluppato,ADJ,_
288-4,BO112,288,288,5,e,e,e,CCONJ,_
288-5,BO112,288,288,6,altri,altri,altro,PRON,_
288-6,BO112,288,288,7,meno.,meno,meno,ADV,Intonation=falling
289-0,BO112,289,289,1,ma,ma,ma,CCONJ,_
289-1,BO112,289,289,2,sono,sono,essere,AUX,_
289-2,BO112,289,289,3,tutti,tutti,tutto,PRON,_
289-3,BO112,289,289,4,dentro,dentro,dentro,ADP,_
289-4,BO112,289,289,5,uno,uno,uno,DET,_
289-5,BO112,289,289,6,stesso,stesso,stesso,ADJ,_
289-6,BO112,289,289,7,contenitore,contenitore,contenitore,NOUN,_
289-7,BO112,289,289,8,immagini~,immagini~,immagini~,ADJ,Interrupted=Yes
289-8,BO112,289,289,9,immaginabile.,immaginabile,immaginabile,ADJ,Intonation=falling
289-9,BO112,289,289,10,mh?,mh,mh,INTJ,Intonation=rising
290-0,BO112,290,290,1,e,e,e,CCONJ,_
290-1,BO112,290,290,2,quindi,quindi,quindi,ADV,_
290-2,BO112,290,290,3,la,la,il,DET,_
290-3,BO112,290,290,4,cultura,cultura,cultura,NOUN,_
290-4,BO112,290,290,5,non,non,non,ADV,_
290-5,BO112,290,290,6,è,è,essere,AUX,_
290-6,BO112,290,290,7,più,più,più,ADV,_
291-0,BO112,291,291,1,secondo,secondo,secondo,ADP,_
291-1,BO112,291,291,2,l',l',il,DET,Truncated=Yes
291-2,BO112,291,291,3,"antropologia,",antropologia,antropologia,NOUN,Intonation=weakly_rising
292-0,BO112,292,292,1,connessa,connessa,connesso,ADJ,_
292-1,BO112,292,292,2-3,al,al,_,_,_
292-1a,_,_,292,2,_,a,a,ADP,_
292-1b,_,_,292,3,_,il,il,DET,_
292-2,BO112,292,292,4,fatto,fatto,fatto,NOUN,_
292-3,BO112,292,292,5,di,di,di,ADP,_
292-4,BO112,292,292,6,avere,avere,avere,AUX,_
292-5,BO112,292,292,7,{P},{P},_,_,_
292-6,BO112,292,292,8,"studiato,",studiato,studiare,VERB,Intonation=weakly_rising
292-7,BO112,292,292,9,no,no,no,ADV,_
292-8,BO112,292,292,10,il,il,il,DET,_
292-9,BO112,292,292,11,concetto,concetto,concetto,NOUN,_
292-10,BO112,292,292,12,di,di,di,ADP,_
292-11,BO112,292,292,13,persona,persona,persona,NOUN,_
292-12,BO112,292,292,14,"colta,",colta,colto,ADJ,Intonation=weakly_rising
292-13,BO112,292,292,15,>cioè<,cioè,cioè,CCONJ,_
292-14,BO112,292,292,16,la,la,il,DET,_
292-15,BO112,292,292,17,"cultura,",cultura,cultura,NOUN,Intonation=weakly_rising
292-16,BO112,292,292,18,è,è,essere,AUX,_
292-17,BO112,292,292,19,qualcosa,qualcosa,qualcosa,PRON,_
292-18,BO112,292,292,20,che,che,che,PRON,_
292-19,BO112,292,292,21,hanno,hanno,avere,VERB,_
292-20,BO112,292,292,22,tutte,tutte,tutto,DET,_
292-21,BO112,292,292,23,le,le,il,DET,_
292-22,BO112,292,292,24,popolazioni.,popolazioni,popolazione,NOUN,Intonation=falling
293-0,BO112,293,293,1,non,non,non,ADV,_
293-1,BO112,293,293,2,è,è,essere,AUX,_
293-2,BO112,293,293,3,più,più,più,ADV,_
293-3,BO112,293,293,4,appannaggio,appannaggio,appannaggio,NOUN,_
293-4,BO112,293,293,5,di,di,di,ADP,_
293-5,BO112,293,293,6,"qualcuno,",qualcuno,qualcuno,PRON,Intonation=weakly_rising
293-6,BO112,293,293,7,la,la,il,DET,_
293-7,BO112,293,293,8,cultura,cultura,cultura,NOUN,_
293-8,BO112,293,293,9,è,è,essere,AUX,_
293-9,BO112,293,293,10,{P},{P},_,_,_
293-10,BO112,293,293,11,universale.,universale,universale,ADJ,Intonation=falling
294-0,BO112,294,294,1,ciascuna,ciascuna,ciascuno,DET,_
294-1,BO112,294,294,2,perso~,perso~,perso~,X,Interrupted=Yes
294-2,BO112,294,294,3,ciascun,ciascun,ciascuno,DET,_
294-3,BO112,294,294,4,gruppo,gruppo,gruppo,NOUN,_
294-4,BO112,294,294,5,"umano,",umano,umano,ADJ,Intonation=weakly_rising
294-5,BO112,294,294,6,ha,ha,avere,VERB,_
294-6,BO112,294,294,7,una,una,uno,DET,_
294-7,BO112,294,294,8,propria,propria,proprio,DET,_
294-8,BO112,294,294,9,cultura.,cultura,cultura,NOUN,Intonation=falling
295-0,BO112,295,295,1,è,è,essere,AUX,_
295-1,BO112,295,295,2,chiaro,chiaro,chiaro,ADJ,_
295-2,BO112,295,295,3,che,che,che,SCONJ,_
295-3,BO112,295,295,4-5,nell',nell',_,_,Truncated=Yes
295-3a,_,_,295,4,_,in,in,ADP,_
295-3b,_,_,295,5,_,l',il,DET,_
295-4,BO112,295,295,6,ottocento,ottocento,Ottocento,PROPN,_
295-5,BO112,295,295,7,gli,gli,il,DET,_
295-6,BO112,295,295,8,evoluzionisti,evoluzionisti,evoluzionista,NOUN,_
295-7,BO112,295,295,9,pensavano,pensavano,pensare,VERB,_
295-8,BO112,295,295,10,che,che,che,SCONJ,_
295-9,BO112,295,295,11,ci,ci,ci,PRON,_
295-10,BO112,295,295,12,fossero,fossero,essere,VERB,_
296-0,BO112,296,296,1,perso~,perso~,perso~,X,Interrupted=Yes
296-1,BO112,296,296,2,culture,culture,cultura,NOUN,_
296-2,BO112,296,296,3,inferiori,inferiori,inferiore,ADJ,_
296-3,BO112,296,296,4,e,e,e,CCONJ,_
296-4,BO112,296,296,5,culture,culture,cultura,NOUN,_
296-5,BO112,296,296,6,superiori.,superiori,superiore,ADJ,Intonation=falling
297-0,BO112,297,297,1,noi,noi,noi,PRON,_
297-1,BO112,297,297,2,ovvi~,ovvi~,ovvi~,ADV,Interrupted=Yes
297-2,BO112,297,297,3,{P},{P},_,_,_
297-3,BO112,297,297,4,ovviamente,ovviamente,ovviamente,ADV,_
297-4,BO112,297,297,5,oggi,oggi,oggi,ADV,_
297-5,BO112,297,297,6,non,non,non,ADV,_
297-6,BO112,297,297,7,pensiamo,pensiamo,pensare,VERB,_
297-7,BO112,297,297,8,più,più,più,ADV,_
297-8,BO112,297,297,9,qualcosa,qualcosa,qualcosa,PRON,_
297-9,BO112,297,297,10-11,del,del,_,_,_
297-9a,_,_,297,10,_,di,di,ADP,_
297-9b,_,_,297,11,_,il,il,DET,_
297-10,BO112,297,297,12,genere.,genere,genere,NOUN,Intonation=falling
298-0,BO112,298,298,1,però,però,però,ADV,_
298-1,BO112,298,298,2,c',c',ci,PRON,Truncated=Yes
298-2,BO112,298,298,3,è,è,essere,VERB,_
298-3,BO112,298,298,4,quest',quest',questo,DET,Truncated=Yes
298-4,BO112,298,298,5,"idea,",idea,idea,NOUN,Intonation=weakly_rising
299-0,BO112,299,299,1,che:,che,che,SCONJ,_
299-1,BO112,299,299,2,le,le,il,DET,_
299-2,BO112,299,299,3,culture,culture,cultura,NOUN,_
300-0,BO112,300,300,1,sono,sono,essere,AUX,_
300-1,BO112,300,300,2,{P},{P},_,_,_
300-2,BO112,300,300,3,e:::hm,ehm,ehm,INTJ,_
300-3,BO112,300,300,4,"tutte,",tutte,tutto,PRON,Intonation=weakly_rising
300-4,BO112,300,300,5,assimilabili,assimilabili,assimilabile,ADJ,_
300-5,BO112,300,300,6,per,per,per,ADP,_
300-6,BO112,300,300,7,certi,certi,certo,ADJ,_
300-7,BO112,300,300,8,versi.,versi,verso,NOUN,Intonation=falling
301-0,BO112,301,301,1,il,il,il,DET,_
301-1,BO112,301,301,2,concetto,concetto,concetto,NOUN,_
301-2,BO112,301,301,3,di,di,di,ADP,_
301-3,BO112,301,301,4,cultura,cultura,cultura,NOUN,_
301-4,BO112,301,301,5,in,in,in,ADP,_
301-5,BO112,301,301,6,antropologia,antropologia,antropologia,NOUN,_
301-6,BO112,301,301,7,"nasce,",nasce,nascere,VERB,Intonation=weakly_rising
301-7,BO112,301,301,8,con,con,con,ADP,_
301-8,BO112,301,301,9,questa,questa,questo,DET,_
301-9,BO112,301,301,10,figura,figura,figura,NOUN,_
301-10,BO112,301,301,11-12,dell',dell',_,_,Truncated=Yes
301-10a,_,_,301,11,_,di,di,ADP,_
301-10b,_,_,301,12,_,l',il,DET,_
301-11,BO112,301,301,13,antropologo,antropologo,antropologo,NOUN,_
301-12,BO112,301,301,14,tylor.,tylor,Tylor,PROPN,Intonation=falling
302-0,BO112,302,302,1,è,è,essere,AUX,_
302-1,BO112,302,302,2,lui,lui,lui,PRON,_
302-2,BO112,302,302,3,che,che,che,SCONJ,_
302-3,BO112,302,302,4,per,per,per,ADP,_
302-4,BO112,302,302,5,primo,primo,primo,ADJ,_
302-5,BO112,302,302,6,ne,ne,ne,PRON,_
302-6,BO112,302,302,7,dà,dà,dare,VERB,_
302-7,BO112,302,302,8,una,una,uno,DET,_
302-8,BO112,302,302,9,definizione.,definizione,definizione,NOUN,Intonation=falling
303-0,BO112,303,303,1,è,è,essere,AUX,_
303-1,BO112,303,303,2,chiaro,chiaro,chiaro,ADJ,_
303-2,BO112,303,303,3,che,che,che,SCONJ,_
303-3,BO112,303,303,4,questa,questa,questo,DET,_
303-4,BO112,303,303,5,definizione,definizione,definizione,NOUN,_
303-5,BO112,303,303,6,è,è,essere,AUX,_
303-6,BO112,303,303,7,cambiata,cambiata,cambiare,VERB,_
303-7,BO112,303,303,8-9,nel,nel,_,_,_
303-7a,_,_,303,8,_,in,in,ADP,_
303-7b,_,_,303,9,_,il,il,DET,_
303-8,BO112,303,303,10,tempo.,tempo,tempo,NOUN,Intonation=falling
303-9,BO112,303,303,11,"però,",però,però,ADV,Intonation=weakly_rising
304-0,BO112,304,304,1,"però,",però,però,ADV,Intonation=weakly_rising
304-1,BO112,304,304,2,{P},{P},_,_,_
304-2,BO112,304,304,3,in,in,in,ADP,_
304-3,BO112,304,304,4,fondo,fondo,fondo,NOUN,_
304-4,BO112,304,304,5,per,per,per,ADP,_
304-5,BO112,304,304,6,certi,certi,certo,ADJ,_
304-6,BO112,304,304,7,"versi,",versi,verso,NOUN,Intonation=weakly_rising
305-0,BO112,305,305,1,non,non,non,ADV,_
305-1,BO112,305,305,2,ce,ce,ce,PRON,_
305-2,BO112,305,305,3,ne,ne,ne,PRON,_
305-3,BO112,305,305,4,siamo,siamo,essere,AUX,_
305-4,BO112,305,305,5,mai,mai,mai,ADV,_
305-5,BO112,305,305,6,allontanati,allontanati,allontanare,VERB,_
305-6,BO112,305,305,7-8,del,del,_,_,_
305-6a,_,_,305,7,_,di,di,ADP,_
305-6b,_,_,305,8,_,il,il,DET,_
305-7,BO112,305,305,9,tutto.,tutto,tutto,PRON,Intonation=falling
306-0,BO112,306,306,1,qual,qual,quale,PRON,_
306-1,BO112,306,306,2,è,è,essere,AUX,_
306-2,BO112,306,306,3,l',l',il,DET,Truncated=Yes
306-3,BO112,306,306,4,aspetto,aspetto,aspetto,NOUN,_
306-4,BO112,306,306,5,interessante,interessante,interessante,ADJ,_
306-5,BO112,306,306,6,di,di,di,ADP,_
306-6,BO112,306,306,7,questo,questo,questo,DET,_
306-7,BO112,306,306,8,concetto,concetto,concetto,NOUN,_
306-8,BO112,306,306,9,di,di,di,ADP,_
306-9,BO112,306,306,10,cultura,cultura,cultura,NOUN,_
306-10,BO112,306,306,11,di,di,di,ADP,_
306-11,BO112,306,306,12,tylor.,tylor,Tylor,PROPN,Intonation=falling
307-0,BO112,307,307,1,domanda,domanda,domanda,NOUN,_
307-1,BO112,307,307,2,di,di,di,ADP,_
307-2,BO112,307,307,3,esame.,esame,esame,NOUN,Intonation=falling
308-0,BO112,308,308,1,qual,qual,quale,PRON,_
308-1,BO112,308,308,2,è,è,essere,AUX,_
308-2,BO112,308,308,3,il,il,il,DET,_
308-3,BO112,308,308,4,concetto,concetto,concetto,NOUN,_
308-4,BO112,308,308,5,di,di,di,ADP,_
308-5,BO112,308,308,6,cultura,cultura,cultura,NOUN,_
308-6,BO112,308,308,7,di,di,di,ADP,_
308-7,BO112,308,308,8,tylor?,tylor,Tylor,PROPN,Intonation=rising
309-0,BO112,309,309,1,parlo,parlo,parlare,VERB,_
309-1,BO112,309,309,2,io,io,io,PRON,_
309-2,BO112,309,309,3,"intanto,",intanto,intanto,ADV,Intonation=weakly_rising
309-3,BO112,309,309,4,che,che,che,PRON,_
309-4,BO112,309,309,5,faccio,faccio,fare,VERB,_
309-5,BO112,309,309,6,le,le,il,DET,_
309-6,BO112,309,309,7,domande,domande,domanda,NOUN,_
309-7,BO112,309,309,8,d',d',di,ADP,SpaceAfter=No
309-8,BO112,309,309,9,esame.,esame,esame,NOUN,Intonation=falling
309-9,BO112,309,309,10,domanda,domanda,domanda,NOUN,_
309-10,BO112,309,309,11,d',d',di,ADP,SpaceAfter=No
309-11,BO112,309,309,12,esame,esame,esame,NOUN,_
309-12,BO112,309,309,13,di,di,di,ADP,_
309-13,BO112,309,309,14,ieri.,ieri,ieri,ADV,Intonation=falling
310-0,BO112,310,310,1,che,che,che,DET,_
310-1,BO112,310,310,2,cosa,cosa,cosa,NOUN,_
310-2,BO112,310,310,3,significa,significa,significare,VERB,_
310-3,BO112,310,310,4,che,che,che,SCONJ,_
310-4,BO112,310,310,5,{P},{P},_,_,_
310-5,BO112,310,310,6,l',l',il,DET,Truncated=Yes
310-6,BO112,310,310,7,antropologia,antropologia,antropologia,NOUN,_
310-7,BO112,310,310,8,rende,rende,rendere,VERB,_
310-8,BO112,310,310,9,familiare,familiare,familiare,VERB,_
310-9,BO112,310,310,10,ciò,ciò,ciò,PRON,_
310-10,BO112,310,310,11,che,che,che,PRON,_
310-11,BO112,310,310,12,è,è,essere,AUX,_
310-12,BO112,310,310,13,"strano,",strano,strano,ADJ,Intonation=weakly_rising
310-13,BO112,310,310,14,e,e,e,CCONJ,_
310-14,BO112,310,310,15,rende,rende,rendere,VERB,_
310-15,BO112,310,310,16,strano,strano,strano,ADJ,_
310-16,BO112,310,310,17,ciò,ciò,ciò,PRON,_
310-17,BO112,310,310,18,che,che,che,PRON,_
310-18,BO112,310,310,19,è,è,essere,AUX,_
310-19,BO112,310,310,20,familiare?,familiare,familiare,ADJ,Intonation=rising
311-0,BO112,311,311,1,>allora<,allora,allora,ADV,_
311-1,BO112,311,311,2,il,il,il,DET,_
311-2,BO112,311,311,3,concetto,concetto,concetto,NOUN,_
311-3,BO112,311,311,4,di,di,di,ADP,_
311-4,BO112,311,311,5,"tylor,",tylor,Tylor,PROPN,Intonation=weakly_rising
312-0,BO112,312,312,1,è,è,essere,AUX,_
312-1,BO112,312,312,2,interessante,interessante,interessante,ADJ,_
312-2,BO112,312,312,3,perché,perché,perché,SCONJ,_
313-0,BO112,313,313,1,e::hm,ehm,ehm,INTJ,_
313-1,BO112,313,313,2,"include,",include,includere,VERB,Intonation=weakly_rising
313-2,BO112,313,313,3,moltissimi,moltissimi,molto,DET,_
313-3,BO112,313,313,4,aspetti,aspetti,aspetto,NOUN,_
313-4,BO112,313,313,5-6,della,della,_,_,_
313-4a,_,_,313,5,_,di,di,ADP,_
313-4b,_,_,313,6,_,la,il,DET,_
313-5,BO112,313,313,7,vita,vita,vita,NOUN,_
313-6,BO112,313,313,8,sociale.,sociale,sociale,ADJ,Intonation=falling
313-7,BO112,313,313,9,vedete?,vedete,vedere,VERB,Intonation=rising
313-8,BO112,313,313,10,quell',quell',quello,DET,Truncated=Yes
313-9,BO112,313,313,11,isieme,isieme,isieme,NOUN,_
313-10,BO112,313,313,12,complesso,complesso,complesso,ADJ,_
313-11,BO112,313,313,13,che,che,che,PRON,_
313-12,BO112,313,313,14,"include,",include,includere,VERB,Intonation=weakly_rising
314-0,BO112,314,314,1,"conoscenze,",conoscenze,conoscenza,NOUN,Intonation=weakly_rising
314-1,BO112,314,314,2,"credenze,",credenze,credenza,NOUN,Intonation=weakly_rising
314-2,BO112,314,314,3,"arte,",arte,arte,NOUN,Intonation=weakly_rising
314-3,BO112,314,314,4,"morale,",morale,morale,ADJ,Intonation=weakly_rising
314-4,BO112,314,314,5,diri~,diri~,diri~,NOUN,Interrupted=Yes
314-5,BO112,314,314,6,"diritto,",diritto,diritto,NOUN,Intonation=weakly_rising
314-6,BO112,314,314,7,"costume,",costume,costume,NOUN,Intonation=weakly_rising
315-0,BO112,315,315,1,cioè,cioè,cioè,CCONJ,_
315-1,BO112,315,315,2,{P},{P},_,_,_
315-2,BO112,315,315,3,cerca,cerca,cercare,VERB,_
315-3,BO112,315,315,4,di,di,di,ADP,_
315-4,BO112,315,315,5,inserire,inserire,inserire,VERB,_
315-5,BO112,315,315,6,quanti,quanti,quanto,PRON,_
315-6,BO112,315,315,7,più,più,più,ADV,_
315-7,BO112,315,315,8,elementi,elementi,elemento,NOUN,_
315-8,BO112,315,315,9,possibili,possibili,possibile,ADJ,_
315-9,BO112,315,315,10,per,per,per,ADP,_
315-10,BO112,315,315,11,rendere,rendere,rendere,VERB,_
315-11,BO112,315,315,12,più,più,più,ADV,_
315-12,BO112,315,315,13,vasta,vasta,vasto,ADJ,_
315-13,BO112,315,315,14,questa,questa,questo,DET,_
315-14,BO112,315,315,15,"concezione,",concezione,concezione,NOUN,Intonation=weakly_rising
316-0,BO112,316,316,1,e,e,e,CCONJ,_
316-1,BO112,316,316,2,qualsiasi,qualsiasi,qualsiasi,DET,_
316-2,BO112,316,316,3,altra,altra,altro,ADJ,_
316-3,BO112,316,316,4,capacità,capacità,capacità,NOUN,_
316-4,BO112,316,316,5,e,e,e,CCONJ,_
316-5,BO112,316,316,6,abitudine,abitudine,abitudine,NOUN,_
316-6,BO112,316,316,7,acquisita,acquisita,acquisito,ADJ,_
316-7,BO112,316,316,8-9,dall',dall',_,_,Truncated=Yes
316-7a,_,_,316,8,_,da,da,ADP,_
316-7b,_,_,316,9,_,l',il,DET,_
316-8,BO112,316,316,10,"uomo,",uomo,uomo,NOUN,Intonation=weakly_rising
317-0,BO112,317,317,1,in,in,in,ADP,_
317-1,BO112,317,317,2,quanto,quanto,quanto,ADV,_
317-2,BO112,317,317,3,membro,membro,membro,NOUN,_
317-3,BO112,317,317,4-5,della,della,_,_,_
317-3a,_,_,317,4,_,di,di,ADP,_
317-3b,_,_,317,5,_,la,il,DET,_
317-4,BO112,317,317,6,società.,società,società,NOUN,Intonation=falling
318-0,BO112,318,318,1,questa,questa,questo,DET,_
318-1,BO112,318,318,2,parte,parte,parte,NOUN,_
318-2,BO112,318,318,3,finale,finale,finale,ADJ,_
318-3,BO112,318,318,4,è,è,essere,AUX,_
318-4,BO112,318,318,5,decisiva,decisiva,decisivo,ADJ,_
318-5,BO112,318,318,6,perché,perché,perché,SCONJ,_
318-6,BO112,318,318,7,l',l',il,DET,Truncated=Yes
318-7,BO112,318,318,8,"uomo,",uomo,uomo,NOUN,Intonation=weakly_rising
319-0,BO112,319,319,1,produce,produce,produrre,VERB,_
319-1,BO112,319,319,2,"cultura,",cultura,cultura,NOUN,Intonation=weakly_rising
319-2,BO112,319,319,3,"solo,",solo,solo,ADV,Intonation=weakly_rising
320-0,BO112,320,320,1,con,con,con,ADP,_
320-1,BO112,320,320,2,altri.,altri,altro,PRON,Intonation=falling
321-0,BO112,321,321,1,ciascun,ciascun,ciascuno,DET,_
321-1,BO112,321,321,2,"uomo,",uomo,uomo,NOUN,Intonation=weakly_rising
321-2,BO112,321,321,3,è,è,essere,AUX,_
321-3,BO112,321,321,4,{P},{P},_,_,_
321-4,BO112,321,321,5,produttore,produttore,produttore,NOUN,_
321-5,BO112,321,321,6,di,di,di,ADP,_
321-6,BO112,321,321,7,cultura,cultura,cultura,NOUN,_
321-7,BO112,321,321,8,in,in,in,ADP,_
321-8,BO112,321,321,9,"quanto,",quanto,quanto,ADV,Intonation=weakly_rising
322-0,BO112,322,322,1,fa,fa,fare,VERB,_
322-1,BO112,322,322,2,parte,parte,parte,NOUN,_
322-2,BO112,322,322,3,di,di,di,ADP,_
322-3,BO112,322,322,4,un,un,uno,DET,_
322-4,BO112,322,322,5,gruppo.,gruppo,gruppo,NOUN,Intonation=falling
323-0,BO112,323,323,1,quindi,quindi,quindi,ADV,_
323-1,BO112,323,323,2,è,è,essere,AUX,_
323-2,BO112,323,323,3,in,in,in,ADP,_
323-3,BO112,323,323,4,quanto,quanto,quanto,ADV,_
323-4,BO112,323,323,5,membro,membro,membro,NOUN,_
323-5,BO112,323,323,6-7,della,della,_,_,_
323-5a,_,_,323,6,_,di,di,ADP,_
323-5b,_,_,323,7,_,la,il,DET,_
323-6,BO112,323,323,8,"società,",società,società,NOUN,Intonation=weakly_rising
323-7,BO112,323,323,9,che,che,che,PRON,_
323-8,BO112,323,323,10,l',l',il,DET,Truncated=Yes
323-9,BO112,323,323,11,uomo,uomo,uomo,NOUN,_
323-10,BO112,323,323,12,possiede,possiede,possedere,VERB,_
323-11,BO112,323,323,13,la,la,il,DET,_
323-12,BO112,323,323,14,cultura.,cultura,cultura,NOUN,Intonation=falling
323-13,BO112,323,323,15,"infatti,",infatti,infatti,ADV,Intonation=weakly_rising
324-0,BO112,324,324,1,già,già,già,ADV,_
324-1,BO112,324,324,2,nell',nell',_,_,Truncated=Yes
324-1a,_,_,324,,_,in,in,ADP,
324-1b,_,_,324,,_,l',il,DET,
324-2,BO112,324,324,3,"ottocento,",ottocento,Ottocento,PROPN,Intonation=weakly_rising
325-0,BO112,325,325,1,venivan,venivan,venire,AUX,_
325-1,BO112,325,325,2,fatti,fatti,fare,VERB,_
325-2,BO112,325,325,3,gli,gli,il,DET,_
325-3,BO112,325,325,4,esempi,esempi,esempio,NOUN,_
325-4,BO112,325,325,5-6,dei,dei,_,_,_
325-4a,_,_,325,5,_,di,di,ADP,_
325-4b,_,_,325,6,_,i,il,DET,_
325-5,BO112,325,325,7,ragazzi,ragazzi,ragazzo,NOUN,_
325-6,BO112,325,325,8,selvaggi.,selvaggi,selvaggio,ADJ,Intonation=falling
326-0,BO112,326,326,1,avete,avete,avere,AUX,_
326-1,BO112,326,326,2,visto,visto,vedere,VERB,_
326-2,BO112,326,326,3,il,il,il,DET,_
326-3,BO112,326,326,4,film,film,film,NOUN,_
326-4,BO112,326,326,5,di,di,di,ADP,_
326-5,BO112,326,326,6,truffaut?,truffaut,Truffaut,PROPN,Intonation=rising
327-0,BO112,327,327,1,eh.,eh,eh,INTJ,Intonation=falling
327-1,BO112,327,327,2,quindi,quindi,quindi,ADV,_
327-2,BO112,327,327,3,{P},{P},_,_,_
327-3,BO112,327,327,4,se,se,se,SCONJ,_
327-4,BO112,327,327,5,un,un,uno,DET,_
327-5,BO112,327,327,6,bambino,bambino,bambino,NOUN,_
327-6,BO112,327,327,7,viene,viene,venire,AUX,_
327-7,BO112,327,327,8,"cresciuto,",cresciuto,crescere,VERB,Intonation=weakly_rising
328-0,BO112,328,328,1,senza,senza,senza,ADP,_
328-1,BO112,328,328,2,la,la,il,DET,_
328-2,BO112,328,328,3,presenza,presenza,presenza,NOUN,_
328-3,BO112,328,328,4,"umana,",umana,umano,ADJ,Intonation=weakly_rising
329-0,BO112,329,329,1,non,non,non,ADV,_
329-1,BO112,329,329,2,sviluppa,sviluppa,sviluppare,VERB,_
329-2,BO112,329,329,3,il,il,il,DET,_
329-3,BO112,329,329,4,"linguaggio,",linguaggio,linguaggio,NOUN,Intonation=weakly_rising
330-0,BO112,330,330,1,e,e,e,CCONJ,_
330-1,BO112,330,330,2,ha,ha,avere,VERB,_
330-2,BO112,330,330,3,comportamenti,comportamenti,comportamento,NOUN,_
330-3,BO112,330,330,4,completamente,completamente,completamente,ADV,_
330-4,BO112,330,330,5,diversi.,diversi,diverso,ADJ,Intonation=falling
330-5,BO112,330,330,6,è,è,essere,AUX,_
330-6,BO112,330,330,7,l',l',il,DET,Truncated=Yes
330-7,BO112,330,330,8,esposizione,esposizione,esposizione,NOUN,_
330-8,BO112,330,330,9-10,alla,alla,_,_,_
330-8a,_,_,330,9,_,a,a,ADP,_
330-8b,_,_,330,10,_,la,il,DET,_
330-9,BO112,330,330,11,cultura,cultura,cultura,NOUN,_
330-10,BO112,330,330,12,che,che,che,PRON,_
330-11,BO112,330,330,13,ne,ne,ne,PRON,_
330-12,BO112,330,330,14,fa,fa,fare,VERB,_
330-13,BO112,330,330,15,{P},{P},_,_,_
330-14,BO112,330,330,16,un,un,uno,DET,_
330-15,BO112,330,330,17,essere,essere,essere,AUX,_
330-16,BO112,330,330,18,umano.,umano,umano,ADJ,Intonation=falling
331-0,BO112,331,331,1,e,e,e,CCONJ,_
331-1,BO112,331,331,2,adesso,adesso,adesso,ADV,_
331-2,BO112,331,331,3,io,io,io,PRON,_
331-3,BO112,331,331,4,vi,vi,vi,PRON,_
331-4,BO112,331,331,5,propongo,propongo,proporre,VERB,_
331-5,BO112,331,331,6,una,una,uno,DET,_
331-6,BO112,331,331,7,"sfida,",sfida,sfida,NOUN,Intonation=weakly_rising
332-0,BO112,332,332,1,e,e,e,CCONJ,_
332-1,BO112,332,332,2,cioè,cioè,cioè,CCONJ,_
333-0,BO112,333,333,1,poiché,poiché,poiché,SCONJ,_
333-1,BO112,333,333,2,abbiamo,abbiamo,avere,AUX,_
333-2,BO112,333,333,3,detto,detto,dire,VERB,_
333-3,BO112,333,333,4,che::,che,che,SCONJ,_
333-4,BO112,333,333,5,l',l',il,DET,Truncated=Yes
333-5,BO112,333,333,6,evoluzionismo,evoluzionismo,evoluzionismo,NOUN,_
333-6,BO112,333,333,7,in,in,in,ADP,_
333-7,BO112,333,333,8,realtà,realtà,realtà,NOUN,_
333-8,BO112,333,333,9,non,non,non,ADV,_
333-9,BO112,333,333,10,è,è,essere,AUX,_
333-10,BO112,333,333,11,"tramontato,",tramontato,tramontare,VERB,Intonation=weakly_rising
334-0,BO112,334,334,1,io,io,io,PRON,_
334-1,BO112,334,334,2,vi,vi,vi,PRON,_
334-2,BO112,334,334,3,invito,invito,invitare,VERB,_
334-3,BO112,334,334,4,a,a,a,ADP,_
334-4,BO112,334,334,5,leggere,leggere,leggere,VERB,_
335-0,BO112,335,335,1,questo,questo,questo,DET,_
335-1,BO112,335,335,2,"testo,",testo,testo,NOUN,Intonation=weakly_rising
336-0,BO112,336,336,1,ciascuno,ciascuno,ciascuno,PRON,_
336-1,BO112,336,336,2,di,di,di,ADP,_
336-2,BO112,336,336,3,vo~,vo~,vo~,X,Interrupted=Yes
336-3,BO112,336,336,4,uno,uno,uno,PRON,_
336-4,BO112,336,336,5,lo,lo,lo,PRON,_
336-5,BO112,336,336,6,legge,legge,leggere,VERB,_
336-6,BO112,336,336,7,{P},{P},_,_,_
336-7,BO112,336,336,8,cortesemente,cortesemente,cortesemente,ADV,_
336-8,BO112,336,336,9,a,a,a,ADP,_
336-9,BO112,336,336,10,voce,voce,voce,NOUN,_
336-10,BO112,336,336,11,"alta,",alta,alto,ADJ,Intonation=weakly_rising
337-0,BO112,337,337,1,°poi°,poi,poi,ADV,Volume=low
338-0,BO112,338,338,1,lei,lei,lei,PRON,_
338-1,BO112,338,338,2,non,non,non,ADV,_
338-2,BO112,338,338,3,è,è,essere,AUX,_
338-3,BO112,338,338,4,capace?,capace,capace,ADJ,Intonation=rising
339-0,BO112,339,339,1,legga,legga,leggere,VERB,_
339-1,BO112,339,339,2,a,a,a,ADP,_
339-2,BO112,339,339,3,voce,voce,voce,NOUN,_
339-3,BO112,339,339,4,alta,alta,alto,ADJ,_
339-4,BO112,339,339,5,così,così,così,ADV,_
339-5,BO112,339,339,6,mi,mi,mi,PRON,_
339-6,BO112,339,339,7,riposo,riposo,riposo,NOUN,_
339-7,BO112,339,339,8,un,un,uno,DET,_
339-8,BO112,339,339,9,po',po',poco,ADV,_
339-9,BO112,339,339,10,perché,perché,perché,SCONJ,_
339-10,BO112,339,339,11,{P},{P},_,_,_
339-11,BO112,339,339,12,sto,sto,stare,VERB,_
339-12,BO112,339,339,13,un,un,uno,DET,_
339-13,BO112,339,339,14,po',po',poco,ADV,_
339-14,BO112,339,339,15,xxx,x,x,X,_
340-0,???,340,340,1,per,per,per,ADP,_
340-1,???,340,340,2,studiare,studiare,studiare,VERB,_
340-2,???,340,340,3,l',l',il,DET,Truncated=Yes
340-3,???,340,340,4,origine,origine,origine,NOUN,_
340-4,???,340,340,5-6,della,della,_,_,_
340-4a,_,_,340,5,_,di,di,ADP,_
340-4b,_,_,340,6,_,la,il,DET,_
340-5,???,340,340,7,"danza,",danza,danza,NOUN,Intonation=weakly_rising
340-6,???,340,340,8,e,e,e,CCONJ,_
340-7,???,340,340,9-10,seguirne,seguirne,_,_,_
340-7a,_,_,340,9,_,seguir,seguire,VERB,_
340-7b,_,_,340,10,_,ne,ne,PRON,_
340-8,???,340,340,11,l',l',il,DET,Truncated=Yes
340-9,???,340,340,12,evoluzione,evoluzione,evoluzione,NOUN,_
340-10,???,340,340,13-14,dalla,dalla,_,_,_
340-10a,_,_,340,13,_,da,da,ADP,_
340-10b,_,_,340,14,_,la,il,DET,_
340-11,???,340,340,15,"preistoria,",preistoria,preistoria,NOUN,Intonation=weakly_rising
341-0,???,341,341,1,a,a,a,ADP,_
341-1,???,341,341,2,parte,parte,parte,NOUN,_
341-2,???,341,341,3,le,le,il,DET,_
341-3,???,341,341,4,poche,poche,poco,ADJ,_
341-4,???,341,341,5,e,e,e,CCONJ,_
341-5,???,341,341,6,imprecise,imprecise,impreciso,ADJ,_
341-6,???,341,341,7,attestazioni,attestazioni,attestazione,NOUN,_
341-7,???,341,341,8,"paleontologiche,",paleontologiche,paleontologico,ADJ,Intonation=weakly_rising
342-0,???,342,342,1,noi,noi,noi,PRON,_
342-1,???,342,342,2,abbiamo,abbiamo,avere,AUX,_
342-2,???,342,342,3,avuto,avuto,avere,VERB,_
342-3,???,342,342,4,la,la,il,DET,_
342-4,???,342,342,5,possibilità,possibilità,possibilità,NOUN,_
342-5,???,342,342,6,di,di,di,ADP,_
342-6,???,342,342,7-8,farla,farla,_,_,_
342-6a,_,_,342,7,_,far,fare,VERB,_
342-6b,_,_,342,8,_,la,la,PRON,_
342-7,???,342,342,9,rivivere,rivivere,rivivere,VERB,_
342-8,???,342,342,10,in,in,in,ADP,_
342-9,???,342,342,11,tutte,tutte,tutto,DET,_
342-10,???,342,342,12,le,le,il,DET,_
342-11,???,342,342,13,sue,sue,suo,DET,_
342-12,???,342,342,14,"fasi,",fasi,fase,NOUN,Intonation=weakly_rising
343-0,???,343,343,1,attraverso,attraverso,attraverso,ADP,_
343-1,???,343,343,2,i,i,il,DET,_
343-2,???,343,343,3,cicli,cicli,ciclo,NOUN,_
343-3,???,343,343,4,culturali,culturali,culturale,ADJ,_
343-4,???,343,343,5,di,di,di,ADP,_
343-5,???,343,343,6,quel,quel,quello,DET,_
343-6,???,343,343,7,mondo,mondo,mondo,NOUN,_
343-7,???,343,343,8,contemporaneo,contemporaneo,contemporaneo,ADJ,_
344-0,???,344,344,1,ancora,ancora,ancora,ADV,_
344-1,???,344,344,2,primitivo.,primitivo,primitivo,ADJ,Intonation=falling
345-0,???,345,345,1,"che,",che,che,SCONJ,Intonation=weakly_rising
345-1,???,345,345,2,particolarmente,particolarmente,particolarmente,ADV,_
345-2,???,345,345,3,in,in,in,ADP,_
345-3,???,345,345,4,africa,africa,Africa,PROPN,_
345-4,???,345,345,5,e,e,e,CCONJ,_
345-5,???,345,345,6,in,in,in,ADP,_
345-6,???,345,345,7,"australia,",australia,Australia,PROPN,Intonation=weakly_rising
346-0,???,346,346,1,ha,ha,avere,AUX,_
346-1,???,346,346,2,sviluppato,sviluppato,sviluppare,VERB,_
346-2,???,346,346,3-4,nel,nel,_,_,_
346-2a,_,_,346,3,_,in,in,ADP,_
346-2b,_,_,346,4,_,il,il,DET,_
346-3,???,346,346,5,nostro,nostro,nostro,DET,_
346-4,???,346,346,6,secolo,secolo,secolo,NOUN,_
346-5,???,346,346,7,gli,gli,il,DET,_
346-6,???,346,346,8,stessi,stessi,stesso,ADJ,_
346-7,???,346,346,9,motivi,motivi,motivo,NOUN,_
346-8,???,346,346,10,che,che,che,PRON,_
346-9,???,346,346,11,animarono,animarono,animare,VERB,_
346-10,???,346,346,12,la,la,il,DET,_
346-11,???,346,346,13,"danza,",danza,danza,NOUN,Intonation=weakly_rising
346-12,???,346,346,14-15,nei,nei,_,_,_
346-12a,_,_,346,14,_,in,in,ADP,_
346-12b,_,_,346,15,_,i,il,DET,_
346-13,???,346,346,16,nostri,nostri,nostro,DET,_
346-14,???,346,346,17,lontani,lontani,lontano,NOUN,_
346-15,???,346,346,18,xxx,xxx,x,X,_
347-0,???,347,347,1,e:h,eh,eh,INTJ,_
348-0,???,348,348,1-2,dell',dell',_,_,Truncated=Yes
348-0a,_,_,348,1,_,di,di,ADP,_
348-0b,_,_,348,2,_,l',il,DET,_
348-1,???,348,348,3,era,era,era,NOUN,_
348-2,???,348,348,4,paleolitica,paleolitica,paleolitico,ADJ,_
348-3,???,348,348,5,e,e,e,CCONJ,_
348-4,???,348,348,6,neolitica.,neolitica,neolitico,ADJ,Intonation=falling
349-0,???,349,349,1,accanto,accanto,accanto,ADV,_
349-1,???,349,349,2-3,al,al,_,_,_
349-1a,_,_,349,2,_,a,a,ADP,_
349-1b,_,_,349,3,_,il,il,DET,_
349-2,???,349,349,4,muro,muro,muro,NOUN,_
349-3,???,349,349,5,primordiale,primordiale,primordiale,ADJ,_
349-4,???,349,349,6,"xxx,",xxx,x,X,Intonation=weakly_rising
350-0,???,350,350,1,è,è,essere,AUX,_
350-1,???,350,350,2,inoltre,inoltre,inoltre,ADV,_
350-2,???,350,350,3,quello,quello,quello,PRON,_
350-3,???,350,350,4-5,dei,dei,_,_,_
350-3a,_,_,350,4,_,di,di,ADP,_
350-3b,_,_,350,5,_,i,il,DET,_
350-4,???,350,350,6,nostri,nostri,nostro,DET,_
350-5,???,350,350,7,fanciulli,fanciulli,fanciullo,NOUN,_
351-0,???,351,351,1,che,che,che,SCONJ,_
351-1,???,351,351,2,lo,lo,il,DET,_
351-2,???,351,351,3,xx,xx,x,X,_
351-3,???,351,351,4,sia,sia,essere,AUX,_
351-4,???,351,351,5,pure,pure,pure,ADV,_
351-5,???,351,351,6,in,in,in,ADP,_
351-6,???,351,351,7,modo,modo,modo,NOUN,_
351-7,???,351,351,8,più,più,più,ADV,_
351-8,???,351,351,9,gentile,gentile,gentile,ADJ,_
351-9,???,351,351,10,e,e,e,CCONJ,_
351-10,???,351,351,11,attenuato.,attenuato,attenuato,ADJ,Intonation=falling
352-0,???,352,352,1-2,nell',nell',_,_,SpaceAfter=No
352-0a,_,_,352,1,_,in,in,ADP,_
352-0b,_,_,352,2,_,l',il,DET,_
352-1,???,352,352,3,xxxx,xxxx,x,X,_
352-2,???,352,352,4,di,di,di,ADP,_
352-3,???,352,352,5,movimenti,movimenti,movimento,NOUN,_
352-4,???,352,352,6,xxxx,xxxx,x,X,_
353-0,???,353,353,1,possiamo,possiamo,potere,AUX,_
353-1,???,353,353,2,quindi,quindi,quindi,ADV,_
353-2,???,353,353,3,seguire,seguire,seguire,VERB,_
353-3,???,353,353,4,il,il,il,DET,_
353-4,???,353,353,5,passo,passo,passo,NOUN,_
353-5,???,353,353,6,di,di,di,ADP,_
353-6,???,353,353,7,xxxx,xxxx,x,X,_
353-7,???,353,353,8-9,dai,dai,_,_,_
353-7a,_,_,353,8,_,da,da,ADP,_
353-7b,_,_,353,9,_,i,il,DET,_
353-8,???,353,353,10,primi,primi,primo,ADJ,_
353-9,???,353,353,11,a,a,a,ADP,_
353-10,???,353,353,12,xxx,xxx,x,X,_
353-11,???,353,353,13,xxx,xxx,x,X,_
353-12,???,353,353,14,tentativi,tentativi,tentativo,NOUN,_
353-13,???,353,353,15,artistici,artistici,artistico,ADJ,_
354-0,???,354,354,1-2,nel,nel,_,_,_
354-0a,_,_,354,1,_,in,in,ADP,_
354-0b,_,_,354,2,_,il,il,DET,_
354-1,???,354,354,3,xx,xx,x,X,_
354-2,???,354,354,4-5,dell',dell',_,_,SpaceAfter=No
354-2a,_,_,354,4,_,di,di,ADP,_
354-2b,_,_,354,5,_,l',il,DET,_
354-3,???,354,354,6,xxxx,xxxx,x,X,_
355-0,???,355,355,1-2,alle,alle,_,_,_
355-0a,_,_,355,1,_,a,a,ADP,_
355-0b,_,_,355,2,_,le,il,DET,_
355-1,???,355,355,3,cerimonie,cerimonie,cerimonia,NOUN,_
355-2,???,355,355,4,danzate,danzate,danzato,ADJ,_
355-3,???,355,355,5,e,e,e,CCONJ,_
355-4,???,355,355,6-7,alle,alle,_,_,_
355-4a,_,_,355,6,_,a,a,ADP,_
355-4b,_,_,355,7,_,le,il,DET,_
355-5,???,355,355,8,culture,culture,cultura,NOUN,_
355-6,???,355,355,9,xxx,xxx,xx,X,_
355-7,???,355,355,10,e,e,e,CCONJ,_
355-8,???,355,355,11,matriarcali,matriarcali,matriarcale,ADJ,_
356-0,???,356,356,1,e,e,e,CCONJ,_
356-1,???,356,356,2,via,via,via,ADV,_
356-2,???,356,356,3,via,via,via,ADV,_
356-3,???,356,356,4,attraverso,attraverso,attraverso,ADP,_
356-4,???,356,356,5,quelle,quelle,quello,PRON,_
356-5,???,356,356,6,intermedie,intermedie,intermedio,ADJ,_
356-6,???,356,356,7,(miste),miste,misto,ADJ,_
356-7,???,356,356,8,arrivare,arrivare,arrivare,VERB,_
356-8,???,356,356,9-10,ai,ai,_,_,_
356-8a,_,_,356,9,_,a,a,ADP,_
356-8b,_,_,356,10,_,i,il,DET,_
356-9,???,356,356,11,cicli,cicli,ciclo,NOUN,_
356-10,???,356,356,12,superiori,superiori,superiore,ADJ,_
357-0,???,357,357,1,e,e,e,CCONJ,_
357-1,???,357,357,2-3,alla,alla,_,_,_
357-1a,_,_,357,2,_,a,a,ADP,_
357-1b,_,_,357,3,_,la,il,DET,_
357-2,???,357,357,4,luce,luce,luce,NOUN,_
357-3,???,357,357,5-6,della,della,_,_,_
357-3a,_,_,357,5,_,di,di,ADP,_
357-3b,_,_,357,6,_,la,il,DET,_
357-4,???,357,357,7,storia,storia,storia,NOUN,_
357-5,???,357,357,8,con,con,con,ADP,_
357-6,???,357,357,9,i,i,il,DET,_
357-7,???,357,357,10,suoi,suoi,suo,DET,_
357-8,???,357,357,11,balli,balli,ballo,NOUN,_
357-9,???,357,357,12,complessi,complessi,complesso,ADJ,_
357-10,???,357,357,13,e,e,e,CCONJ,_
357-11,???,357,357,14,spettacolari.,spettacolari,spettacolare,ADJ,Intonation=falling
358-0,???,358,358,1,e:h,eh,eh,INTJ,_
359-0,???,359,359,1,la,la,il,DET,_
359-1,???,359,359,2,forma,forma,forma,NOUN,_
359-2,???,359,359,3,tipica,tipica,tipico,ADJ,_
359-3,???,359,359,4,di,di,di,ADP,_
359-4,???,359,359,5,questa,questa,questo,DET,_
359-5,???,359,359,6,"xx,",xx,x,X,Intonation=weakly_rising
359-6,???,359,359,7,o,o,o,CCONJ,_
359-7,???,359,359,8,(esatlazione),esatlazione,esatlazione,NOUN,_
359-8,???,359,359,9,collettiva,collettiva,collettivo,ADJ,_
359-9,???,359,359,10,xxx,xxx,x,X,_
359-10,???,359,359,11,è,è,essere,AUX,_
359-11,???,359,359,12,il,il,il,DET,_
359-12,???,359,359,13,circolo.,circolo,circolo,NOUN,Intonation=falling
360-0,???,360,360,1,comune,comune,comune,ADJ,_
360-1,???,360,360,2,anche,anche,anche,ADV,_
360-2,???,360,360,3-4,agli,agli,_,_,_
360-2a,_,_,360,3,_,a,a,ADP,_
360-2b,_,_,360,4,_,gli,il,DET,_
360-3,???,360,360,5,scimpanzé.,scimpanzé,scimpanzé,NOUN,Intonation=falling
361-0,???,361,361,1,in,in,in,ADP,_
361-1,???,361,361,2,tutte,tutte,tutto,DET,_
361-2,???,361,361,3,le,le,il,DET,_
361-3,???,361,361,4,danze,danze,danza,NOUN,_
361-4,???,361,361,5,di,di,di,ADP,_
361-5,???,361,361,6,cui,cui,cui,PRON,_
361-6,???,361,361,7,si,si,si,PRON,_
361-7,???,361,361,8,è,è,essere,AUX,_
361-8,???,361,361,9,"parlato,",parlato,parlare,VERB,Intonation=weakly_rising
361-9,???,361,361,10,la,la,il,DET,_
361-10,???,361,361,11,musica,musica,musica,NOUN,_
361-11,???,361,361,12,interviene,interviene,intervenire,VERB,_
361-12,???,361,361,13,proporzionalmente,proporzionalmente,proporzionalmente,ADV,_
361-13,???,361,361,14-15,al,al,_,_,_
361-13a,_,_,361,14,_,a,a,ADP,_
361-13b,_,_,361,15,_,il,il,DET,_
361-14,???,361,361,16,grado,grado,grado,NOUN,_
361-15,???,361,361,17,di,di,di,ADP,_
361-16,???,361,361,18,civiltà,civiltà,civiltà,NOUN,_
361-17,???,361,361,19,artistica,artistica,artistico,ADJ,_
361-18,???,361,361,20,raggiunto,raggiunto,raggiunto,ADJ,_
361-19,???,361,361,21-22,dalle,dalle,_,_,_
361-19a,_,_,361,21,_,da,da,ADP,_
361-19b,_,_,361,22,_,le,il,DET,_
361-20,???,361,361,23,singole,singole,singolo,ADJ,_
361-21,???,361,361,24,tribù.,tribù,tribù,NOUN,Intonation=falling
362-0,???,362,362,1,in,in,in,ADP,_
362-1,???,362,362,2,linea,linea,linea,NOUN,_
362-2,???,362,362,3,di,di,di,ADP,_
362-3,???,362,362,4,massima,massima,massima,ADJ,_
362-4,???,362,362,5,si,si,si,PRON,_
362-5,???,362,362,6,può,può,potere,AUX,_
362-6,???,362,362,7,affermare,affermare,affermare,VERB,_
362-7,???,362,362,8,che,che,che,SCONJ,_
362-8,???,362,362,9-10,nelle,nelle,_,_,_
362-8a,_,_,362,9,_,in,in,ADP,_
362-8b,_,_,362,10,_,le,il,DET,_
362-9,???,362,362,11,culture,culture,cultura,NOUN,_
362-10,???,362,362,12,inferiori,inferiori,inferiore,ADJ,_
362-11,???,362,362,13,la,la,il,DET,_
362-12,???,362,362,14,danza,danza,danza,NOUN,_
362-13,???,362,362,15,non,non,non,ADV,_
362-14,???,362,362,16,ha,ha,avere,VERB,_
362-15,???,362,362,17,bisogno,bisogno,bisogno,NOUN,_
362-16,???,362,362,18,di,di,di,ADP,_
362-17,???,362,362,19,essa.,essa,esso,PRON,Intonation=falling
363-0,???,363,363,1,ma,ma,ma,CCONJ,_
363-1,???,363,363,2,di,di,di,ADP,_
363-2,???,363,363,3,xx,xx,x,X,_
363-3,???,363,363,4,ritmati,ritmati,ritmato,ADJ,_
363-4,???,363,363,5,che,che,che,PRON,_
363-5,???,363,363,6,accompagnano,accompagnano,accompagnare,VERB,_
363-6,???,363,363,7,xx.,xx,x,X,Intonation=falling
364-0,???,364,364,1,battito,battito,battito,NOUN,_
364-1,???,364,364,2,di,di,di,ADP,_
364-2,???,364,364,3,"mani,",mani,mano,NOUN,Intonation=weakly_rising
364-3,???,364,364,4,di,di,di,ADP,_
364-4,???,364,364,5,legni,legni,legno,NOUN,_
364-5,???,364,364,6,e,e,e,CCONJ,_
364-6,???,364,364,7,di,di,di,ADP,_
364-7,???,364,364,8,(piedi).,piedi,piede,NOUN,Intonation=falling
365-0,???,365,365,1,ove,ove,ove,SCONJ,_
365-1,???,365,365,2,non,non,non,ADV,_
365-2,???,365,365,3,vi,vi,vi,PRON,_
365-3,???,365,365,4,sia,sia,essere,VERB,_
365-4,???,365,365,5,il,il,il,DET,_
365-5,???,365,365,6,tamburo,tamburo,tamburo,NOUN,_
365-6,???,365,365,7,o,o,o,CCONJ,_
365-7,???,365,365,8,il,il,il,DET,_
365-8,???,365,365,9,tam,tam,tam,INTJ,_
365-9,???,365,365,10,tam.,tam,tam,INTJ,Intonation=falling
366-0,BO112,366,366,1,ecco.,ecco,ecco,ADV,Intonation=falling
366-1,BO112,366,366,2,{P},{P},_,_,_
366-2,BO112,366,366,3,questo,questo,questo,PRON,_
366-3,BO112,366,366,4,è,è,essere,AUX,_
366-4,BO112,366,366,5,un,un,uno,DET,_
366-5,BO112,366,366,6,manuale,manuale,manuale,NOUN,_
366-6,BO112,366,366,7,di,di,di,ADP,_
366-7,BO112,366,366,8,storia,storia,storia,NOUN,_
366-8,BO112,366,366,9-10,della,della,_,_,_
366-8a,_,_,366,9,_,di,di,ADP,_
366-8b,_,_,366,10,_,la,il,DET,_
366-9,BO112,366,366,11,danza.,danza,danza,NOUN,Intonation=falling
367-0,BO112,367,367,1,a,a,a,ADP,_
367-1,BO112,367,367,2,che,che,che,DET,_
367-2,BO112,367,367,3,epoca,epoca,epoca,NOUN,_
367-3,BO112,367,367,4,risale?,risale,risalire,VERB,Intonation=rising
368-0,BO112,368,368,1,diciamo,diciamo,dire,VERB,_
368-1,BO112,368,368,2,una,una,uno,DET,_
368-2,BO112,368,368,3,data.,data,data,NOUN,Intonation=falling
369-0,???,369,369,1,contemporanea.,contemporanea,contemporaneare,VERB,Intonation=falling
370-0,BO112,370,370,1,eh,eh,eh,INTJ,_
370-1,BO112,370,370,2,{P},{P},_,_,_
370-2,BO112,370,370,3,chi,chi,chi,PRON,_
370-3,BO112,370,370,4,l',l',lo,PRON,Truncated=Yes
370-4,BO112,370,370,5,ha,ha,avere,AUX,_
370-5,BO112,370,370,6,detto?,detto,dire,VERB,Intonation=rising
371-0,BO112,371,371,1,alzate,alzate,alzare,VERB,_
371-1,BO112,371,371,2,la,la,il,DET,_
371-2,BO112,371,371,3,mano,mano,mano,NOUN,_
371-3,BO112,371,371,4,perché,perché,perché,SCONJ,_
371-4,BO112,371,371,5,io,io,io,PRON,_
371-5,BO112,371,371,6,non,non,non,ADV,_
371-6,BO112,371,371,7,vedo.,vedo,vedere,VERB,Intonation=falling
371-7,BO112,371,371,8,eh.,eh,eh,INTJ,Intonation=falling
371-8,BO112,371,371,9,mi,mi,mi,PRON,_
371-9,BO112,371,371,10,dica.,dica,dire,VERB,Intonation=falling
372-0,???,372,372,1,io,io,io,PRON,_
372-1,???,372,372,2,ho,ho,avere,AUX,_
372-2,???,372,372,3,detto,detto,dire,VERB,_
372-3,???,372,372,4,contemporaneo.,contemporaneo,contemporaneo,ADJ,Intonation=falling
373-0,BO112,373,373,1,lui,lui,lui,PRON,_
373-1,BO112,373,373,2,ha,ha,avere,AUX,_
373-2,BO112,373,373,3,detto,detto,dire,VERB,_
373-3,BO112,373,373,4,contemporaneo.,contemporaneo,contemporaneo,ADJ,Intonation=falling
373-4,BO112,373,373,5,perché.,perché,perché,SCONJ,Intonation=falling
374-0,???,374,374,1-2,nel,nel,_,_,_
374-0a,_,_,374,1,_,in,in,ADP,_
374-0b,_,_,374,2,_,il,il,DET,_
374-1,???,374,374,3,"linguaggio,",linguaggio,linguaggio,NOUN,Intonation=weakly_rising
374-2,???,374,374,4,non,non,non,ADV,_
374-3,???,374,374,5,mi,mi,mi,PRON,_
374-4,???,374,374,6,sembra,sembra,sembrare,VERB,_
374-5,???,374,374,7,di,di,di,ADP,_
374-6,???,374,374,8,trovare,trovare,trovare,VERB,_
374-7,???,374,374,9,quegli,quegli,quello,DET,_
374-8,???,374,374,10,arcaismi,arcaismi,arcaismo,NOUN,_
374-9,???,374,374,11,tali,tali,tali,ADJ,_
374-10,???,374,374,12,e,e,e,CCONJ,_
374-11,???,374,374,13,tanti,tanti,tanto,PRON,_
374-12,???,374,374,14,da,da,da,ADP,_
374-13,???,374,374,15,dire,dire,dire,VERB,_
374-14,???,374,374,16,ottocento,ottocento,Ottocento,PROPN,_
374-15,???,374,374,17,piuttosto,piuttosto,piuttosto,ADV,_
374-16,???,374,374,18,che,che,che,SCONJ,_
374-17,???,374,374,19,inizio,inizio,inizio,NOUN,_
374-18,???,374,374,20-21,del,del,_,_,_
374-18a,_,_,374,20,_,di,di,ADP,_
374-18b,_,_,374,21,_,il,il,DET,_
374-19,???,374,374,22,secolo.,secolo,secolo,NOUN,Intonation=falling
374-20,???,374,374,23,ma,ma,ma,CCONJ,_
374-21,???,374,374,24,[è,è,essere,AUX,_
374-22,???,374,374,25,una,una,uno,DET,_
374-23,???,374,374,26,mia,mia,mio,DET,_
374-24,???,374,374,27,opinione].,opinione,opinione,NOUN,Intonation=falling
375-0,BO112,375,375,1,[poi,poi,poi,ADV,_
375-1,BO112,375,375,2,se,se,se,SCONJ,_
375-2,BO112,375,375,3,l',l',lo,PRON,Truncated=Yes
375-3,BO112,375,375,4,ho,ho,avere,AUX,_
375-4,BO112,375,375,5,messo],messo,mettere,VERB,_
375-5,BO112,375,375,6,qua,qua,qua,ADV,_
375-6,BO112,375,375,7,è,è,essere,AUX,_
375-7,BO112,375,375,8,chiaro,chiaro,chiaro,ADJ,_
375-8,BO112,375,375,9,che,che,che,SCONJ,_
376-0,???,376,376,1,ma,ma,ma,CCONJ,_
376-1,???,376,376,2,è,è,essere,AUX,_
376-2,???,376,376,3,una,una,uno,DET,_
376-3,???,376,376,4,mia,mia,mio,DET,_
376-4,???,376,376,5,opinione.,opinione,opinione,NOUN,Intonation=falling
377-0,BO112,377,377,1,"eh,",eh,eh,INTJ,Intonation=weakly_rising
377-1,BO112,377,377,2,altre,altre,altro,ADJ,_
377-2,BO112,377,377,3,idee::,idee,idea,NOUN,_
378-0,???,378,378,1,culture,culture,cultura,NOUN,_
378-1,???,378,378,2,"inferiori,",inferiori,inferiore,ADJ,Intonation=weakly_rising
378-2,???,378,378,3,finale,finale,finale,ADJ,_
378-3,???,378,378,4-5,dell',dell',_,_,Truncated=Yes
378-3a,_,_,378,4,_,di,di,ADP,_
378-3b,_,_,378,5,_,l',il,DET,_
378-4,???,378,378,6,ottocento.,ottocento,Ottocento,PROPN,Intonation=falling
379-0,BO112,379,379,1,ecco.,ecco,ecco,ADV,Intonation=falling
379-1,BO112,379,379,2,culture,culture,cultura,NOUN,_
379-2,BO112,379,379,3,inferiori,inferiori,inferiore,ADJ,_
379-3,BO112,379,379,4,dovrebbe,dovrebbe,dovere,AUX,_
379-4,BO112,379,379,5,essere,essere,essere,AUX,_
379-5,BO112,379,379,6,una,una,uno,DET,_
379-6,BO112,379,379,7,concezione,concezione,concezione,NOUN,_
379-7,BO112,379,379,8,ottocentesca.,ottocentesca,ottocentesco,ADJ,Intonation=falling
379-8,BO112,379,379,9,per,per,per,ADP,_
379-9,BO112,379,379,10,esempio,esempio,esempio,NOUN,_
379-10,BO112,379,379,11,no?,no,no,ADV,Intonation=rising
380-0,BO112,380,380,1,e:,e,e,CCONJ,_
380-1,BO112,380,380,2,l',l',il,DET,Truncated=Yes
380-2,BO112,380,380,3,idea,idea,idea,NOUN,_
380-3,BO112,380,380,4,che,che,che,SCONJ,_
380-4,BO112,380,380,5,{P},{P},_,_,_
380-5,BO112,380,380,6,ci,ci,ci,PRON,_
380-6,BO112,380,380,7,sia,sia,essere,AUX,_
380-7,BO112,380,380,8,una,una,uno,DET,_
380-8,BO112,380,380,9,similitudine,similitudine,similitudine,NOUN,_
380-9,BO112,380,380,10,con,con,con,ADP,_
380-10,BO112,380,380,11,gli,gli,il,DET,_
380-11,BO112,380,380,12,"scimpanzé,",scimpanzé,scimpanzé,NOUN,Intonation=weakly_rising
381-0,BO112,381,381,1,per,per,per,ADP,_
381-1,BO112,381,381,2,"esempio,",esempio,esempio,NOUN,Intonation=weakly_rising
382-0,BO112,382,382,1,potremmo,potremmo,potere,AUX,_
382-1,BO112,382,382,2-3,"ascriverla,",ascriverla,_,_,Intonation=weakly_rising
382-1a,_,_,382,2,_,ascriver,ascrivere,VERB,_
382-1b,_,_,382,3,_,la,la,PRON,_
382-2,BO112,382,382,4,a,a,a,ADP,_
382-3,BO112,382,382,5,qualcuno,qualcuno,qualcuno,PRON,_
382-4,BO112,382,382,6,appunto,appunto,appunto,ADV,_
382-5,BO112,382,382,7,a,a,a,ADP,_
382-6,BO112,382,382,8,qualche,qualche,qualche,DET,_
382-7,BO112,382,382,9,evoluzionista,evoluzionista,evoluzionista,NOUN,_
382-8,BO112,382,382,10-11,dell',dell',_,_,Truncated=Yes
382-8a,_,_,382,10,_,di,di,ADP,_
382-8b,_,_,382,11,_,l',il,DET,_
382-9,BO112,382,382,12,ottocento.,ottocento,ottocento,NUM,Intonation=falling
382-10,BO112,382,382,13,io,io,io,PRON,_
382-11,BO112,382,382,14,questo,questo,questo,PRON,_
382-12,BO112,382,382,15,lo,lo,lo,PRON,_
382-13,BO112,382,382,16,metto.,metto,mettere,VERB,Intonation=falling
382-14,BO112,382,382,17,perché,perché,perché,SCONJ,_
382-15,BO112,382,382,18,in,in,in,ADP,_
382-16,BO112,382,382,19,effetti,effetti,effetto,NOUN,_
382-17,BO112,382,382,20,{P},{P},_,_,_
382-18,BO112,382,382,21,è,è,essere,AUX,_
382-19,BO112,382,382,22,un,un,uno,DET,_
382-20,BO112,382,382,23,testo,testo,testo,NOUN,_
382-21,BO112,382,382,24,contemporaneo.,contemporaneo,contemporaneo,ADJ,Intonation=falling
383-0,BO112,383,383,1,di,di,di,ADP,_
383-1,BO112,383,383,2,uno,uno,uno,DET,_
383-2,BO112,383,383,3,storico,storico,storico,NOUN,_
383-3,BO112,383,383,4-5,della,della,_,_,_
383-3a,_,_,383,4,_,di,di,ADP,_
383-3b,_,_,383,5,_,la,il,DET,_
383-4,BO112,383,383,6,"danza,",danza,danza,NOUN,Intonation=weakly_rising
383-5,BO112,383,383,7,che,che,che,PRON,_
383-6,BO112,383,383,8,è,è,essere,AUX,_
383-7,BO112,383,383,9,anche,anche,anche,ADV,_
383-8,BO112,383,383,10,un,un,uno,DET,_
383-9,BO112,383,383,11,"giornalista,",giornalista,giornalista,NOUN,Intonation=weakly_rising
384-0,BO112,384,384,1,e,e,e,CCONJ,_
384-1,BO112,384,384,2,quindi,quindi,quindi,ADV,_
384-2,BO112,384,384,3,è,è,essere,AUX,_
384-3,BO112,384,384,4,un,un,uno,DET,_
384-4,BO112,384,384,5,testo,testo,testo,NOUN,_
384-5,BO112,384,384,6,che,che,che,PRON,_
384-6,BO112,384,384,7,è,è,essere,AUX,_
384-7,BO112,384,384,8,stato,stato,essere,AUX,_
384-8,BO112,384,384,9,adottato,adottato,adottare,VERB,_
384-9,BO112,384,384,10,anche,anche,anche,ADV,_
384-10,BO112,384,384,11-12,nelle,nelle,_,_,_
384-10a,_,_,384,11,_,in,in,ADP,_
384-10b,_,_,384,12,_,le,il,DET,_
384-11,BO112,384,384,13,università.,università,università,NOUN,Intonation=falling
385-0,BO112,385,385,1,in,in,in,ADP,_
385-1,BO112,385,385,2,cui,cui,cui,PRON,_
385-2,BO112,385,385,3,s:~,s~,s~,X,Interrupted=Yes
385-3,BO112,385,385,4,fino,fino,fino,ADV,_
385-4,BO112,385,385,5,a,a,a,ADP,_
385-5,BO112,385,385,6,qualche,qualche,qualche,DET,_
385-6,BO112,385,385,7,anno,anno,anno,NOUN,_
385-7,BO112,385,385,8,"fa,",fa,fa,ADV,Intonation=weakly_rising
385-8,BO112,385,385,9,in,in,in,ADP,_
385-9,BO112,385,385,10,cui,cui,cui,PRON,_
385-10,BO112,385,385,11,si,si,si,PRON,_
385-11,BO112,385,385,12,"studiava,",studiava,studiare,VERB,Intonation=weakly_rising
385-12,BO112,385,385,13,che,che,che,SCONJ,_
385-13,BO112,385,385,14,le,le,il,DET,_
385-14,BO112,385,385,15,danze,danze,danza,NOUN,_
385-15,BO112,385,385,16,"primitive,",primitive,primitivo,ADJ,Intonation=weakly_rising
386-0,BO112,386,386,1,quindi,quindi,quindi,ADV,_
386-1,BO112,386,386,2,le,le,il,DET,_
386-2,BO112,386,386,3,danze,danze,danza,NOUN,_
386-3,BO112,386,386,4,"africane,",africane,africano,ADJ,Intonation=weakly_rising
386-4,BO112,386,386,5,danze,danze,danza,NOUN,_
386-5,BO112,386,386,6,"aborigene,",aborigene,aborigeno,ADJ,Intonation=weakly_rising
387-0,BO112,387,387,1,erano,erano,essere,AUX,_
387-1,BO112,387,387,2,danze,danze,danza,NOUN,_
387-2,BO112,387,387,3,di,di,di,ADP,_
387-3,BO112,387,387,4,culture,culture,cultura,NOUN,_
387-4,BO112,387,387,5,inferiori.,inferiori,inferiore,ADJ,Intonation=falling
388-0,BO112,388,388,1-2,"nella,",nella,_,_,Intonation=weakly_rising
388-0a,_,_,388,1,_,in,in,ADP,_
388-0b,_,_,388,2,_,la,il,DET,_
388-1,BO112,388,388,3,e:h,eh,eh,INTJ,_
388-2,BO112,388,388,4-5,nel,nel,_,_,_
388-2a,_,_,388,4,_,in,in,ADP,_
388-2b,_,_,388,5,_,il,il,DET,_
388-3,BO112,388,388,6,libro,libro,libro,NOUN,_
388-4,BO112,388,388,7,che,che,che,PRON,_
388-5,BO112,388,388,8,voi,voi,voi,PRON,_
388-6,BO112,388,388,9,portate,portate,portare,VERB,_
388-7,BO112,388,388,10-11,sull',sull',_,_,Truncated=Yes
388-7a,_,_,388,10,_,su,su,ADP,_
388-7b,_,_,388,11,_,l',il,DET,_
388-8,BO112,388,388,12,antropologia,antropologia,antropologia,NOUN,_
388-9,BO112,388,388,13-14,della,della,_,_,_
388-9a,_,_,388,13,_,di,di,ADP,_
388-9b,_,_,388,14,_,la,il,DET,_
388-10,BO112,388,388,15,"danza,",danza,danza,NOUN,Intonation=weakly_rising
388-11,BO112,388,388,16,questo,questo,questo,PRON,_
388-12,BO112,388,388,17,è,è,essere,AUX,_
388-13,BO112,388,388,18,un,un,uno,DET,_
388-14,BO112,388,388,19,punto,punto,punto,NOUN,_
388-15,BO112,388,388,20,centrale.,centrale,centrale,ADJ,Intonation=falling
389-0,BO112,389,389,1,"perché,",perché,perché,SCONJ,Intonation=weakly_rising
389-1,BO112,389,389,2,{P},{P},_,_,_
389-2,BO112,389,389,3,le,le,il,DET,_
389-3,BO112,389,389,4,concezioni,concezioni,concezione,NOUN,_
389-4,BO112,389,389,5,"evoluzioniste,",evoluzioniste,evoluzionista,ADJ,Intonation=weakly_rising
390-0,BO112,390,390,1,permeano,permeano,permeare,VERB,_
390-1,BO112,390,390,2,{P},{P},_,_,_
390-2,BO112,390,390,3,moltissime,moltissime,molto,ADJ,_
390-3,BO112,390,390,4-5,delle,delle,_,_,_
390-3a,_,_,390,4,_,di,di,ADP,_
390-3b,_,_,390,5,_,le,il,DET,_
390-4,BO112,390,390,6,concezioni,concezioni,concezione,NOUN,_
390-5,BO112,390,390,7,relative,relative,relativo,ADJ,_
390-6,BO112,390,390,8-9,alla,alla,_,_,_
390-6a,_,_,390,8,_,a,a,ADP,_
390-6b,_,_,390,9,_,la,il,DET,_
390-7,BO112,390,390,10,danza.,danza,danza,NOUN,Intonation=falling
391-0,BO112,391,391,1,la,la,il,DET,_
391-1,BO112,391,391,2,danza,danza,danza,NOUN,_
391-2,BO112,391,391,3,è,è,essere,AUX,_
391-3,BO112,391,391,4,un,un,uno,DET,_
391-4,BO112,391,391,5,luogo,luogo,luogo,NOUN,_
391-5,BO112,391,391,6,{P},{P},_,_,_
391-6,BO112,391,391,7-8,nel,nel,_,_,_
391-6a,_,_,391,7,_,in,in,ADP,_
391-6b,_,_,391,8,_,il,il,DET,_
391-7,BO112,391,391,9,quale,quale,quale,PRON,_
391-8,BO112,391,391,10,gli,gli,il,DET,_
391-9,BO112,391,391,11,stereotipi,stereotipi,stereotipo,NOUN,_
392-0,BO112,392,392,1-2,sulla,sulla,_,_,_
392-0a,_,_,392,1,_,su,su,ADP,_
392-0b,_,_,392,2,_,la,il,DET,_
392-1,BO112,392,392,3,"primitività,",primitività,primitività,NOUN,Intonation=weakly_rising
392-2,BO112,392,392,4,si,si,si,PRON,_
392-3,BO112,392,392,5,addensano,addensano,addensare,VERB,_
392-4,BO112,392,392,6,in,in,in,ADP,_
392-5,BO112,392,392,7,modo,modo,modo,NOUN,_
392-6,BO112,392,392,8,particolare.,particolare,particolare,ADJ,Intonation=falling
393-0,BO112,393,393,1,un,un,uno,DET,_
393-1,BO112,393,393,2,esempio,esempio,esempio,NOUN,_
393-2,BO112,393,393,3,"tipico,",tipico,tipico,ADJ,Intonation=weakly_rising
393-3,BO112,393,393,4,è,è,essere,AUX,_
393-4,BO112,393,393,5,quello,quello,quello,PRON,_
393-5,BO112,393,393,6,relativo,relativo,relativo,ADJ,_
393-6,BO112,393,393,7-8,alle,alle,_,_,_
393-6a,_,_,393,7,_,a,a,ADP,_
393-6b,_,_,393,8,_,le,il,DET,_
393-7,BO112,393,393,9,danze,danze,danza,NOUN,_
393-8,BO112,393,393,10,africane.,africane,africano,ADJ,Intonation=falling
394-0,BO112,394,394,1,di,di,di,ADP,_
394-1,BO112,394,394,2,cui,cui,cui,PRON,_
394-2,BO112,394,394,3,oggi,oggi,oggi,ADV,_
394-3,BO112,394,394,4,{P},{P},_,_,_
394-4,BO112,394,394,5,non,non,non,ADV,_
394-5,BO112,394,394,6,parliamo.,parliamo,parlare,VERB,Intonation=falling
395-0,BO112,395,395,1,qui,qui,qui,ADV,_
395-1,BO112,395,395,2,è,è,essere,AUX,_
395-2,BO112,395,395,3,un,un,uno,DET,_
395-3,BO112,395,395,4,altro,altro,altro,ADJ,_
395-4,BO112,395,395,5,"brano,",brano,brano,NOUN,Intonation=weakly_rising
396-0,BO112,396,396,1,che,che,che,PRON,_
396-1,BO112,396,396,2,semplifica,semplifica,semplificare,VERB,_
396-2,BO112,396,396,3,{P},{P},_,_,_
396-3,BO112,396,396,4,"egregiamente,",egregiamente,egregiamente,ADV,Intonation=weakly_rising
396-4,BO112,396,396,5,questa,questa,questo,DET,_
396-5,BO112,396,396,6,posizione,posizione,posizione,NOUN,_
396-6,BO112,396,396,7-8,sulla,sulla,_,_,_
396-6a,_,_,396,7,_,su,su,ADP,_
396-6b,_,_,396,8,_,la,il,DET,_
397-0,BO112,397,397,1,"contemporaneità,",contemporaneità,contemporaneità,NOUN,Intonation=weakly_rising
398-0,BO112,398,398,1,di,di,di,ADP,_
398-1,BO112,398,398,2,"primitivi,",primitivi,primitivo,NOUN,Intonation=weakly_rising
398-2,BO112,398,398,3,che,che,che,PRON,_
398-3,BO112,398,398,4,ci,ci,ci,PRON,_
398-4,BO112,398,398,5,rimandano,rimandano,rimandare,VERB,_
398-5,BO112,398,398,6-7,all',all',_,_,Truncated=Yes
398-5a,_,_,398,6,_,a,a,ADP,_
398-5b,_,_,398,7,_,l',il,DET,_
398-6,BO112,398,398,8,immagine,immagine,immagine,NOUN,_
398-7,BO112,398,398,9-10,del,del,_,_,_
398-7a,_,_,398,9,_,di,di,ADP,_
398-7b,_,_,398,10,_,il,il,DET,_
398-8,BO112,398,398,11,passato.,passato,passato,NOUN,Intonation=falling
399-0,BO112,399,399,1,quasi,quasi,quasi,ADV,_
399-1,BO112,399,399,2,sempre,sempre,sempre,ADV,_
399-2,BO112,399,399,3,l',l',il,DET,Truncated=Yes
399-3,BO112,399,399,4,"etnologo,",etnologo,etnologo,NOUN,Intonation=weakly_rising
400-0,BO112,400,400,1,può,può,potere,AUX,_
400-1,BO112,400,400,2,giustapporre,giustapporre,giustapporre,VERB,_
400-2,BO112,400,400,3,il,il,il,DET,_
400-3,BO112,400,400,4,presente,presente,presente,NOUN,_
400-4,BO112,400,400,5-6,al,al,_,_,_
400-4a,_,_,400,5,_,a,a,ADP,_
400-4b,_,_,400,6,_,il,il,DET,_
400-5,BO112,400,400,7,passato,passato,passato,NOUN,_
400-6,BO112,400,400,8-9,del,del,_,_,_
400-6a,_,_,400,8,_,di,di,ADP,_
400-6b,_,_,400,9,_,il,il,DET,_
400-7,BO112,400,400,10,preistorico.,preistorico,preistorico,ADJ,Intonation=falling
400-8,BO112,400,400,11,eh?,eh,eh,INTJ,Intonation=rising
401-0,BO112,401,401,1,questo,questo,questo,PRON,_
401-1,BO112,401,401,2,purtroppo,purtroppo,purtroppo,ADV,_
401-2,BO112,401,401,3,non,non,non,ADV,_
401-3,BO112,401,401,4,è,è,essere,AUX,_
401-4,BO112,401,401,5,ancora,ancora,ancora,ADV,_
401-5,BO112,401,401,6,{P},{P},_,_,_
401-6,BO112,401,401,7,tramontato.,tramontato,tramontare,VERB,Intonation=falling
402-0,BO112,402,402,1,e,e,e,CCONJ,_
402-1,BO112,402,402,2,avevamo,avevamo,avere,VERB,_
402-2,BO112,402,402,3-4,delle,delle,_,_,_
402-2a,_,_,402,3,_,di,di,ADP,_
402-2b,_,_,402,4,_,le,il,DET,_
402-3,BO112,402,402,5,categorizzazioni,categorizzazioni,categorizzazione,NOUN,_
402-4,BO112,402,402,6,di,di,di,ADP,_
402-5,BO112,402,402,7,questo,questo,questo,DET,_
402-6,BO112,402,402,8,tipo.,tipo,tipo,NOUN,Intonation=falling
402-7,BO112,402,402,9,vedete?,vedete,vedere,VERB,Intonation=rising
403-0,BO112,403,403,1,culture,culture,cultura,NOUN,_
403-1,BO112,403,403,2,"primitive,",primitive,primitivo,ADJ,Intonation=weakly_rising
403-2,BO112,403,403,3,culture,culture,cultura,NOUN,_
403-3,BO112,403,403,4,"tribali,",tribali,tribale,ADJ,Intonation=weakly_rising
404-0,BO112,404,404,1,e,e,e,CCONJ,_
404-1,BO112,404,404,2,questo,questo,questo,PRON,_
404-2,BO112,404,404,3,è,è,essere,AUX,_
404-3,BO112,404,404,4,un,un,uno,DET,_
404-4,BO112,404,404,5,famoso,famoso,famoso,ADJ,_
404-5,BO112,404,404,6,manuale,manuale,manuale,NOUN,_
404-6,BO112,404,404,7-8,della,della,_,_,_
404-6a,_,_,404,7,_,di,di,ADP,_
404-6b,_,_,404,8,_,la,il,DET,_
404-7,BO112,404,404,9,danza,danza,danza,NOUN,_
404-8,BO112,404,404,10,che,che,che,PRON,_
404-9,BO112,404,404,11,adesso,adesso,adesso,ADV,_
404-10,BO112,404,404,12,non,non,non,ADV,_
404-11,BO112,404,404,13,facciamo.,facciamo,fare,VERB,Intonation=falling
405-0,BO112,405,405,1,"allora,",allora,allora,ADV,Intonation=weakly_rising
406-0,BO112,406,406,1,il,il,il,DET,_
406-1,BO112,406,406,2,concetto,concetto,concetto,NOUN,_
406-2,BO112,406,406,3,di,di,di,ADP,_
406-3,BO112,406,406,4,"cultura,",cultura,cultura,NOUN,Intonation=weakly_rising
406-4,BO112,406,406,5,naturalmente,naturalmente,naturalmente,ADV,_
406-5,BO112,406,406,6,da,da,da,ADP,_
406-6,BO112,406,406,7,tylor,tylor,Tylor,PROPN,_
406-7,BO112,406,406,8,in,in,in,ADP,_
406-8,BO112,406,406,9,poi,poi,poi,ADV,_
406-9,BO112,406,406,10,cambia.,cambia,cambiare,VERB,Intonation=falling
407-0,BO112,407,407,1,e,e,e,CCONJ,_
407-1,BO112,407,407,2,sostanzialmente,sostanzialmente,sostanzialmente,ADV,_
407-2,BO112,407,407,3,"oggi,",oggi,oggi,ADV,Intonation=weakly_rising
407-3,BO112,407,407,4,uno,uno,uno,PRON,_
407-4,BO112,407,407,5-6,degli,degli,_,_,_
407-4a,_,_,407,5,_,di,di,ADP,_
407-4b,_,_,407,6,_,gli,il,DET,_
407-5,BO112,407,407,7,approcci,approcci,approccio,NOUN,_
407-6,BO112,407,407,8,più,più,più,ADV,_
407-7,BO112,407,407,9,"interessanti,",interessanti,interessante,ADJ,Intonation=weakly_rising
408-0,BO112,408,408,1,è,è,essere,AUX,_
408-1,BO112,408,408,2,quello,quello,quello,PRON,_
408-2,BO112,408,408,3,di,di,di,ADP,_
408-3,BO112,408,408,4,{P},{P},_,_,_
408-4,BO112,408,408,5,clifford,clifford,Clifford,PROPN,_
408-5,BO112,408,408,6,geertz.,geertz,Geertz,PROPN,Intonation=falling
409-0,BO112,409,409,1,l',l',il,DET,Truncated=Yes
409-1,BO112,409,409,2,essere,essere,essere,AUX,_
409-2,BO112,409,409,3,umano,umano,umano,ADJ,_
409-3,BO112,409,409,4,viene,viene,venire,AUX,_
409-4,BO112,409,409,5,concepito,concepito,concepire,VERB,_
409-5,BO112,409,409,6,come,come,come,ADP,_
409-6,BO112,409,409,7,{P},{P},_,_,_
409-7,BO112,409,409,8,un,un,uno,DET,_
409-8,BO112,409,409,9,animale,animale,animale,NOUN,_
409-9,BO112,409,409,10,carente.,carente,carente,ADJ,Intonation=falling
410-0,BO112,410,410,1,cosa,cosa,cosa,PRON,_
410-1,BO112,410,410,2,significa.,significa,significare,VERB,Intonation=falling
411-0,BO112,411,411,1,"che,",che,che,SCONJ,Intonation=weakly_rising
411-1,BO112,411,411,2,come,come,come,SCONJ,_
411-2,BO112,411,411,3,abbiamo,abbiamo,avere,AUX,_
411-3,BO112,411,411,4,detto,detto,dire,VERB,_
411-4,BO112,411,411,5,"precedentemente,",precedentemente,precedentemente,ADV,Intonation=weakly_rising
412-0,BO112,412,412,1,l',l',il,DET,Truncated=Yes
412-1,BO112,412,412,2,essere,essere,essere,AUX,_
412-2,BO112,412,412,3,"umano,",umano,umano,ADJ,Intonation=weakly_rising
413-0,BO112,413,413,1,in,in,in,ADP,_
413-1,BO112,413,413,2,assenza,assenza,assenza,NOUN,_
413-2,BO112,413,413,3,di,di,di,ADP,_
413-3,BO112,413,413,4,una,una,uno,DET,_
413-4,BO112,413,413,5,"cultura,",cultura,cultura,NOUN,Intonation=weakly_rising
414-0,BO112,414,414,1,non,non,non,ADV,_
414-1,BO112,414,414,2,è,è,essere,AUX,_
414-2,BO112,414,414,3,in,in,in,ADP,_
414-3,BO112,414,414,4,grado,grado,grado,NOUN,_
414-4,BO112,414,414,5,neppure,neppure,neppure,ADV,_
414-5,BO112,414,414,6,di,di,di,ADP,_
414-6,BO112,414,414,7,sopravvivere.,sopravvivere,sopravvivere,VERB,Intonation=falling
415-0,BO112,415,415,1,l',l',il,DET,Truncated=Yes
415-1,BO112,415,415,2,essere,essere,essere,AUX,_
415-2,BO112,415,415,3,"umano,",umano,umano,ADJ,Intonation=weakly_rising
415-3,BO112,415,415,4,è,è,essere,AUX,_
415-4,BO112,415,415,5,per,per,per,ADP,_
415-5,BO112,415,415,6,definizione,definizione,definizione,NOUN,_
415-6,BO112,415,415,7,incompleto.,incompleto,incompleto,ADJ,Intonation=falling
415-7,BO112,415,415,8,voi,voi,voi,PRON,_
415-8,BO112,415,415,9,sapete,sapete,sapere,VERB,_
415-9,BO112,415,415,10,"che,",che,che,SCONJ,Intonation=weakly_rising
416-0,BO112,416,416,1,i,i,il,DET,_
416-1,BO112,416,416,2,bambini,bambini,bambino,NOUN,_
416-2,BO112,416,416,3,piccoli,piccoli,piccolo,ADJ,_
416-3,BO112,416,416,4,sono,sono,essere,AUX,_
416-4,BO112,416,416,5,{P},{P},_,_,_
416-5,BO112,416,416,6,"sostanzialmente,",sostanzialmente,sostanzialmente,ADV,Intonation=weakly_rising
416-6,BO112,416,416,7,prole,prole,prole,NOUN,_
416-7,BO112,416,416,8,inetta.,inetta,inetto,ADJ,Intonation=falling
416-8,BO112,416,416,9,no?,no,no,ADV,Intonation=rising
417-0,BO112,417,417,1,la,la,il,DET,_
417-1,BO112,417,417,2,specie,specie,specie,NOUN,_
417-2,BO112,417,417,3,umana,umana,umano,ADJ,_
417-3,BO112,417,417,4,ha,ha,avere,VERB,_
417-4,BO112,417,417,5,questa,questa,questo,DET,_
417-5,BO112,417,417,6,caratteristica.,caratteristica,caratteristica,NOUN,Intonation=falling
417-6,BO112,417,417,7,un,un,uno,DET,_
417-7,BO112,417,417,8,neonato,neonato,neonato,NOUN,_
417-8,BO112,417,417,9,da,da,da,ADP,_
417-9,BO112,417,417,10,solo,solo,solo,ADJ,_
417-10,BO112,417,417,11,che,che,che,PRON,_
417-11,BO112,417,417,12,fa?,fa,fare,VERB,Intonation=rising
417-12,BO112,417,417,13,muore.,muore,morire,VERB,Intonation=falling
418-0,BO112,418,418,1,tante,tante,tanto,DET,_
418-1,BO112,418,418,2,altre,altre,altro,ADJ,_
418-2,BO112,418,418,3,specie,specie,specie,NOUN,_
418-3,BO112,418,418,4,animali,animali,animale,ADJ,_
418-4,BO112,418,418,5,invece,invece,invece,ADV,_
418-5,BO112,418,418,6,hanno,hanno,avere,VERB,_
418-6,BO112,418,418,7,una,una,uno,DET,_
418-7,BO112,418,418,8,prole,prole,prole,NOUN,_
418-8,BO112,418,418,9,che,che,che,PRON,_
418-9,BO112,418,418,10,{P},{P},_,_,_
418-10,BO112,418,418,11,può,può,potere,AUX,_
418-11,BO112,418,418,12,sopravvivere.,sopravvivere,sopravvivere,VERB,Intonation=falling
419-0,BO112,419,419,1,e,e,e,CCONJ,_
419-1,BO112,419,419,2,quindi,quindi,quindi,ADV,_
419-2,BO112,419,419,3,noi,noi,noi,PRON,_
419-3,BO112,419,419,4,parliamo,parliamo,parlare,VERB,_
419-4,BO112,419,419,5,di,di,di,ADP,_
419-5,BO112,419,419,6,"incompletezza,",incompletezza,incompletezza,NOUN,Intonation=weakly_rising
420-0,BO112,420,420,1-2,nel,nel,_,_,_
420-0a,_,_,420,1,_,in,in,ADP,_
420-0b,_,_,420,2,_,il,il,DET,_
420-1,BO112,420,420,3,senso,senso,senso,NOUN,_
420-2,BO112,420,420,4,che,che,che,SCONJ,_
420-3,BO112,420,420,5,ciascun,ciascun,ciascuno,DET,_
420-4,BO112,420,420,6,individuo,individuo,individuo,NOUN,_
420-5,BO112,420,420,7,quando,quando,quando,SCONJ,_
420-6,BO112,420,420,8,viene,viene,venire,VERB,_
420-7,BO112,420,420,9-10,al,al,_,_,_
420-7a,_,_,420,9,_,a,a,ADP,_
420-7b,_,_,420,10,_,il,il,DET,_
420-8,BO112,420,420,11,"mondo,",mondo,mondo,NOUN,Intonation=weakly_rising
421-0,BO112,421,421,1,è,è,essere,AUX,_
421-1,BO112,421,421,2,come,come,come,ADV,_
421-2,BO112,421,421,3,se,se,se,SCONJ,_
421-3,BO112,421,421,4,fosse,fosse,essere,AUX,_
421-4,BO112,421,421,5,"nudo,",nudo,nudo,ADJ,Intonation=weakly_rising
421-5,BO112,421,421,6,e,e,e,CCONJ,_
421-6,BO112,421,421,7,viene,viene,venire,AUX,_
421-7,BO112,421,421,8,completato,completato,completare,VERB,_
421-8,BO112,421,421,9-10,dalla,dalla,_,_,_
421-8a,_,_,421,9,_,da,da,ADP,_
421-8b,_,_,421,10,_,la,il,DET,_
421-9,BO112,421,421,11,cultura.,cultura,cultura,NOUN,Intonation=falling
422-0,BO112,422,422,1,viene,viene,venire,AUX,_
422-1,BO112,422,422,2,reso,reso,rendere,VERB,_
422-2,BO112,422,422,3,"uomo,",uomo,uomo,NOUN,Intonation=weakly_rising
422-3,BO112,422,422,4,reso,reso,rendere,VERB,_
422-4,BO112,422,422,5,"donna,",donna,donna,NOUN,Intonation=weakly_rising
422-5,BO112,422,422,6-7,dalla,dalla,_,_,_
422-5a,_,_,422,6,_,da,da,ADP,_
422-5b,_,_,422,7,_,la,il,DET,_
422-6,BO112,422,422,8,cultura.,cultura,cultura,NOUN,Intonation=falling
423-0,BO112,423,423,1,in,in,in,ADP,_
423-1,BO112,423,423,2,realtà,realtà,realtà,NOUN,_
423-2,BO112,423,423,3,non,non,non,ADV,_
423-3,BO112,423,423,4,è,è,essere,AUX,_
423-4,BO112,423,423,5,esatto,esatto,esatto,ADJ,_
423-5,BO112,423,423,6,dire,dire,dire,VERB,_
423-6,BO112,423,423,7,"così,",così,così,ADV,Intonation=weakly_rising
423-7,BO112,423,423,8,no?,no,no,ADV,Intonation=rising
424-0,BO112,424,424,1,perché,perché,perché,SCONJ,_
424-1,BO112,424,424,2,non,non,non,ADV,_
424-2,BO112,424,424,3,viene,viene,venire,AUX,_
424-3,BO112,424,424,4,completato,completato,completare,VERB,_
424-4,BO112,424,424,5-6,dalla,dalla,_,_,_
424-4a,_,_,424,5,_,da,da,ADP,_
424-4b,_,_,424,6,_,la,il,DET,_
424-5,BO112,424,424,7,"cultura,",cultura,cultura,NOUN,Intonation=weakly_rising
424-6,BO112,424,424,8,ma,ma,ma,CCONJ,_
424-7,BO112,424,424,9,viene,viene,venire,AUX,_
424-8,BO112,424,424,10,{P},{P},_,_,_
424-9,BO112,424,424,11,"completato,",completato,completare,VERB,Intonation=weakly_rising
425-0,BO112,425,425,1-2,dalle,dalle,_,_,_
425-0a,_,_,425,1,_,da,da,ADP,_
425-0b,_,_,425,2,_,le,il,DET,_
425-1,BO112,425,425,3,culture.,culture,cultura,NOUN,Intonation=falling
425-2,BO112,425,425,4,cioè,cioè,cioè,CCONJ,_
425-3,BO112,425,425,5-6,dalla,dalla,_,_,_
425-3a,_,_,425,5,_,da,da,ADP,_
425-3b,_,_,425,6,_,la,il,DET,_
425-4,BO112,425,425,7,singola,singola,singola,ADJ,_
425-5,BO112,425,425,8,specifica,specifica,specifica,ADJ,_
425-6,BO112,425,425,9,"cultura,",cultura,cultura,NOUN,Intonation=weakly_rising
426-0,BO112,426,426,1-2,del,del,_,_,_
426-0a,_,_,426,1,_,di,di,ADP,_
426-0b,_,_,426,2,_,il,il,DET,_
426-1,BO112,426,426,3,luogo,luogo,luogo,NOUN,_
426-2,BO112,426,426,4,{P},{P},_,_,_
426-3,BO112,426,426,5,in,in,in,ADP,_
426-4,BO112,426,426,6,cui,cui,cui,PRON,_
426-5,BO112,426,426,7,"nasce,",nasce,nascere,VERB,Intonation=weakly_rising
427-0,BO112,427,427,1,uno,uno,uno,PRON,_
427-1,BO112,427,427,2-3,degli,degli,_,_,_
427-1a,_,_,427,2,_,di,di,ADP,_
427-1b,_,_,427,3,_,gli,il,DET,_
427-2,BO112,427,427,4,"esempi,",esempi,esempio,NOUN,Intonation=weakly_rising
428-0,BO112,428,428,1,>allora<,allora,allora,ADV,_
428-1,BO112,428,428,2,m::,m,m,INTJ,_
428-2,BO112,428,428,3,noi,noi,noi,PRON,_
428-3,BO112,428,428,4,adesso,adesso,adesso,ADV,_
428-4,BO112,428,428,5,tante,tante,tanto,DET,_
428-5,BO112,428,428,6,cose,cose,cosa,NOUN,_
428-6,BO112,428,428,7,le,le,le,PRON,_
428-7,BO112,428,428,8,diamo,diamo,dare,VERB,_
428-8,BO112,428,428,9,per,per,per,ADP,_
428-9,BO112,428,428,10,scontate.,scontate,scontato,ADJ,Intonation=falling
428-10,BO112,428,428,11,a,a,a,ADP,_
428-11,BO112,428,428,12,parte,parte,parte,NOUN,_
428-12,BO112,428,428,13,che,che,che,PRON,_
428-13,BO112,428,428,14,non,non,non,ADV,_
428-14,BO112,428,428,15,è,è,essere,AUX,_
428-15,BO112,428,428,16,"vero,",vero,vero,ADJ,Intonation=weakly_rising
428-16,BO112,428,428,17,perché,perché,perché,SCONJ,_
428-17,BO112,428,428,18,lo,lo,il,DET,_
428-18,BO112,428,428,19,"scalpore,",scalpore,scalpore,NOUN,Intonation=weakly_rising
428-19,BO112,428,428,20,avete,avete,avere,AUX,_
428-20,BO112,428,428,21,sentito,sentito,sentire,VERB,_
428-21,BO112,428,428,22,che::,che,che,SCONJ,_
429-0,BO112,429,429,1,ve,ve,vi,PRON,_
429-1,BO112,429,429,2,l',l',lo,PRON,Truncated=Yes
429-2,BO112,429,429,3,ho,ho,avere,AUX,_
429-3,BO112,429,429,4,già,già,già,ADV,_
429-4,BO112,429,429,5,detto,detto,dire,VERB,_
429-5,BO112,429,429,6,ieri,ieri,ieri,ADV,_
429-6,BO112,429,429,7-8,"della,",della,_,_,Intonation=weakly_rising
429-6a,_,_,429,7,_,di,di,ADP,_
429-6b,_,_,429,8,_,la,il,DET,_
429-7,BO112,429,429,9,f~,f~,f~,X,Interrupted=Yes
429-8,BO112,429,429,10-11,dell',dell',_,_,Truncated=Yes
429-8a,_,_,429,10,_,di,di,ADP,_
429-8b,_,_,429,11,_,l',il,DET,_
429-9,BO112,429,429,12,inglese,inglese,inglese,NOUN,_
429-10,BO112,429,429,13,no?,no,no,ADV,Intonation=rising
430-0,BO112,430,430,1,lo,lo,il,DET,_
430-1,BO112,430,430,2,scalpore,scalpore,scalpore,NOUN,_
430-2,BO112,430,430,3,che,che,che,PRON,_
430-3,BO112,430,430,4,ha,ha,avere,AUX,_
430-4,BO112,430,430,5,suscitato,suscitato,suscitare,VERB,_
430-5,BO112,430,430,6,il,il,il,DET,_
430-6,BO112,430,430,7,fatto,fatto,fatto,NOUN,_
430-7,BO112,430,430,8,che,che,che,SCONJ,_
430-8,BO112,430,430,9,un,un,uno,DET,_
430-9,BO112,430,430,10,inglese,inglese,inglese,NOUN,_
431-0,BO112,431,431,1,di,di,di,ADP,_
431-1,BO112,431,431,2,diecimila,diecimila,diecimila,NUM,_
431-2,BO112,431,431,3,anni,anni,anno,NOUN,_
431-3,BO112,431,431,4,"fa,",fa,fa,ADV,Intonation=weakly_rising
431-4,BO112,431,431,5,fosse,fosse,essere,AUX,_
431-5,BO112,431,431,6,nero,nero,nero,ADJ,_
431-6,BO112,431,431,7,con,con,con,ADP,_
431-7,BO112,431,431,8,gli,gli,il,DET,_
431-8,BO112,431,431,9,occhi,occhi,occhio,NOUN,_
431-9,BO112,431,431,10,"azzurri,",azzurri,azzurro,ADJ,Intonation=weakly_rising
431-10,BO112,431,431,11,ce,ce,ce,PRON,_
431-11,BO112,431,431,12,la,la,la,PRON,_
431-12,BO112,431,431,13,dice,dice,dire,VERB,_
431-13,BO112,431,431,14,lunga,lunga,lungo,ADJ,_
431-14,BO112,431,431,15-16,sul,sul,_,_,_
431-14a,_,_,431,15,_,su,su,ADP,_
431-14b,_,_,431,16,_,il,il,DET,_
431-15,BO112,431,431,17,fatto,fatto,fatto,NOUN,_
431-16,BO112,431,431,18,che,che,che,SCONJ,_
431-17,BO112,431,431,19,in,in,in,ADP,_
431-18,BO112,431,431,20,realtà,realtà,realtà,NOUN,_
431-19,BO112,431,431,21,{P},{P},_,_,_
431-20,BO112,431,431,22,non,non,non,ADV,_
431-21,BO112,431,431,23,abbiamo,abbiamo,avere,AUX,_
431-22,BO112,431,431,24,superato,superato,superare,VERB,_
431-23,BO112,431,431,25,tutto.,tutto,tutto,PRON,Intonation=falling
432-0,BO112,432,432,1,"però,",però,però,ADV,Intonation=weakly_rising
433-0,BO112,433,433,1,l',l',il,DET,Truncated=Yes
433-1,BO112,433,433,2,idea,idea,idea,NOUN,_
433-2,BO112,433,433,3,che,che,che,SCONJ,_
433-3,BO112,433,433,4,{P},{P},_,_,_
433-4,BO112,433,433,5,ad,ad,a,ADP,_
433-5,BO112,433,433,6,esempio,esempio,esempio,NOUN,_
433-6,BO112,433,433,7,un,un,uno,DET,_
433-7,BO112,433,433,8,bambino,bambino,bambino,NOUN,_
433-8,BO112,433,433,9,"adottato,",adottato,adottato,ADJ,Intonation=weakly_rising
434-0,BO112,434,434,1,cambi,cambi,cambiare,VERB,_
434-1,BO112,434,434,2,completamente,completamente,completamente,ADV,_
434-2,BO112,434,434,3,e::h,eh,eh,INTJ,_
434-3,BO112,434,434,4,il,il,il,DET,_
434-4,BO112,434,434,5,proprio,proprio,proprio,DET,_
434-5,BO112,434,434,6,comportamento,comportamento,comportamento,NOUN,_
434-6,BO112,434,434,7-8,sulla,sulla,_,_,_
434-6a,_,_,434,7,_,su,su,ADP,_
434-6b,_,_,434,8,_,la,il,DET,_
434-7,BO112,434,434,9,base,base,base,NOUN,_
434-8,BO112,434,434,10-11,della,della,_,_,_
434-8a,_,_,434,10,_,di,di,ADP,_
434-8b,_,_,434,11,_,la,il,DET,_
434-9,BO112,434,434,12,famiglia,famiglia,famiglia,NOUN,_
434-10,BO112,434,434,13,che,che,che,PRON,_
434-11,BO112,434,434,14,lo,lo,lo,PRON,_
434-12,BO112,434,434,15,"accoglie,",accoglie,accogliere,VERB,Intonation=weakly_rising
435-0,BO112,435,435,1,e,e,e,CCONJ,_
435-1,BO112,435,435,2,non,non,non,ADV,_
435-2,BO112,435,435,3-4,sulla,sulla,_,_,_
435-2a,_,_,435,3,_,su,su,ADP,_
435-2b,_,_,435,4,_,la,il,DET,_
435-3,BO112,435,435,5,base,base,base,NOUN,_
435-4,BO112,435,435,6-7,della,della,_,_,_
435-4a,_,_,435,6,_,di,di,ADP,_
435-4b,_,_,435,7,_,la,il,DET,_
435-5,BO112,435,435,8,sua,sua,suo,DET,_
435-6,BO112,435,435,9,"genetica,",genetica,genetica,NOUN,Intonation=weakly_rising
436-0,BO112,436,436,1,era,era,essere,AUX,_
436-1,BO112,436,436,2,un,un,uno,DET,_
436-2,BO112,436,436,3,esempio,esempio,esempio,NOUN,_
436-3,BO112,436,436,4,che,che,che,PRON,_
436-4,BO112,436,436,5,gli,gli,il,DET,_
436-5,BO112,436,436,6,antropologi,antropologi,antropologo,NOUN,_
436-6,BO112,436,436,7,fornivano,fornivano,fornire,VERB,_
436-7,BO112,436,436,8,sempre,sempre,sempre,ADV,_
436-8,BO112,436,436,9,e,e,e,CCONJ,_
436-9,BO112,436,436,10,"dicevano,",dicevano,dire,VERB,Intonation=weakly_rising
437-0,BO112,437,437,1,se,se,se,SCONJ,_
437-1,BO112,437,437,2,noi,noi,noi,PRON,_
437-2,BO112,437,437,3,prendiamo,prendiamo,prendere,VERB,_
437-3,BO112,437,437,4,un,un,uno,DET,_
437-4,BO112,437,437,5,"bambino,",bambino,bambino,NOUN,Intonation=weakly_rising
438-0,BO112,438,438,1,"inuit,",inuit,inuit,NOUN,Intonation=weakly_rising
439-0,BO112,439,439,1,inuit,inuit,inuit,NOUN,_
439-1,BO112,439,439,2,sarebbe,sarebbe,essere,AUX,_
439-2,BO112,439,439,3,la,la,il,DET,_
439-3,BO112,439,439,4,parola,parola,parola,NOUN,_
439-4,BO112,439,439,5,più,più,più,ADV,_
439-5,BO112,439,439,6,appropriata,appropriata,appropriato,ADJ,_
440-0,BO112,440,440,1,per,per,per,ADP,_
440-1,BO112,440,440,2,{P},{P},_,_,_
440-2,BO112,440,440,3,definire,definire,definire,VERB,_
440-3,BO112,440,440,4,quelli,quelli,quello,PRON,_
440-4,BO112,440,440,5,che,che,che,PRON,_
440-5,BO112,440,440,6,una,una,uno,DET,_
440-6,BO112,440,440,7,volta,volta,volta,NOUN,_
440-7,BO112,440,440,8,venivano,venivano,venire,AUX,_
440-8,BO112,440,440,9,chiamati,chiamati,chiamato,VERB,_
440-9,BO112,440,440,10,eschimesi.,eschimesi,eschimese,NOUN,Intonation=falling
440-10,BO112,440,440,11,no?,no,no,ADV,Intonation=rising
441-0,BO112,441,441,1,eschimesi,eschimesi,eschimese,NOUN,_
441-1,BO112,441,441,2,vuol,vuol,volere,AUX,_
441-2,BO112,441,441,3,dire,dire,dire,VERB,_
441-3,BO112,441,441,4,mangiatori,mangiatori,mangiatore,NOUN,_
441-4,BO112,441,441,5,di,di,di,ADP,_
441-5,BO112,441,441,6,carne,carne,carne,NOUN,_
441-6,BO112,441,441,7,"cruda,",cruda,cruda,ADJ,Intonation=weakly_rising
441-7,BO112,441,441,8,un,un,uno,DET,_
441-8,BO112,441,441,9,termine,termine,termine,NOUN,_
441-9,BO112,441,441,10,dispregiativo,dispregiativo,dispregiativo,ADJ,_
441-10,BO112,441,441,11,che,che,che,PRON,_
441-11,BO112,441,441,12,usavano,usavano,usare,VERB,_
441-12,BO112,441,441,13,popolazioni,popolazioni,popolazione,NOUN,_
441-13,BO112,441,441,14,vicine.,vicine,vicino,ADJ,Intonation=falling
442-0,BO112,442,442,1,quindi,quindi,quindi,ADV,_
442-1,BO112,442,442,2,se,se,se,SCONJ,_
442-2,BO112,442,442,3,un,un,uno,DET,_
442-3,BO112,442,442,4,bambino,bambino,bambino,NOUN,_
442-4,BO112,442,442,5,inuit,inuit,inuit,ADJ,_
442-5,BO112,442,442,6,viene,viene,venire,AUX,_
442-6,BO112,442,442,7,"cresciuto,",cresciuto,crescere,VERB,Intonation=weakly_rising
442-7,BO112,442,442,8,in,in,in,ADP,_
442-8,BO112,442,442,9,un,un,uno,DET,_
442-9,BO112,442,442,10,altro,altro,altro,ADJ,_
442-10,BO112,442,442,11,luogo,luogo,luogo,NOUN,_
443-0,BO112,443,443,1,si,si,si,PRON,_
443-1,BO112,443,443,2,"comporterà,",comporterà,comportare,VERB,Intonation=weakly_rising
443-2,BO112,443,443,3,come,come,come,ADP,_
443-3,BO112,443,443,4,un,un,uno,DET,_
443-4,BO112,443,443,5,bambino,bambino,bambino,NOUN,_
443-5,BO112,443,443,6-7,dell',dell',_,_,Truncated=Yes
443-5a,_,_,443,6,_,di,di,ADP,_
443-5b,_,_,443,7,_,l',il,DET,_
443-6,BO112,443,443,8,altro,altro,altro,ADJ,_
443-7,BO112,443,443,9,luogo.,luogo,luogo,NOUN,Intonation=falling
444-0,BO112,444,444,1,per,per,per,ADP,_
444-1,BO112,444,444,2,noi,noi,noi,PRON,_
444-2,BO112,444,444,3,adesso,adesso,adesso,ADV,_
444-3,BO112,444,444,4,questo,questo,questo,PRON,_
444-4,BO112,444,444,5,è,è,essere,AUX,_
444-5,BO112,444,444,6,"scontato,",scontato,scontato,ADJ,Intonation=weakly_rising
444-6,BO112,444,444,7,ma,ma,ma,CCONJ,_
444-7,BO112,444,444,8-9,nell',nell',_,_,Truncated=Yes
444-7a,_,_,444,8,_,in,in,ADP,_
444-7b,_,_,444,9,_,l',il,DET,_
444-8,BO112,444,444,10,"ottocento,",ottocento,Ottocento,PROPN,Intonation=weakly_rising
445-0,BO112,445,445,1,e,e,e,CCONJ,_
445-1,BO112,445,445,2,quando,quando,quando,SCONJ,_
445-2,BO112,445,445,3,pian,pian,piano,ADV,_
445-3,BO112,445,445,4,pian,pian,piano,ADV,_
445-4,BO112,445,445,5,gli,gli,il,DET,_
445-5,BO112,445,445,6,antropologi,antropologi,antropologo,NOUN,_
445-6,BO112,445,445,7,hanno,hanno,avere,AUX,_
445-7,BO112,445,445,8,cominciato,cominciato,cominciare,VERB,_
445-8,BO112,445,445,9,a,a,a,ADP,_
445-9,BO112,445,445,10,combattere,combattere,combattere,VERB,_
445-10,BO112,445,445,11,per,per,per,ADP,_
445-11,BO112,445,445,12,questi,questi,questo,DET,_
445-12,BO112,445,445,13,"temi,",temi,tema,NOUN,Intonation=weakly_rising
445-13,BO112,445,445,14,non,non,non,ADV,_
445-14,BO112,445,445,15,lo,lo,lo,PRON,_
445-15,BO112,445,445,16,era,era,essere,AUX,_
445-16,BO112,445,445,17,affatto.,affatto,affatto,ADV,Intonation=falling
446-0,BO112,446,446,1,quindi,quindi,quindi,ADV,_
446-1,BO112,446,446,2,noi,noi,noi,PRON,_
446-2,BO112,446,446,3,"abbiamo,",abbiamo,avere,VERB,Intonation=weakly_rising
447-0,BO112,447,447,1,una,una,uno,DET,_
447-1,BO112,447,447,2,{P},{P},_,_,_
447-2,BO112,447,447,3,determinazione,determinazione,determinazione,NOUN,_
447-3,BO112,447,447,4,"culturale,",culturale,culturale,ADJ,Intonation=weakly_rising
448-0,BO112,448,448,1,che,che,che,PRON,_
448-1,BO112,448,448,2,fa,fa,fare,VERB,_
448-2,BO112,448,448,3,"sì,",sì,sì,ADV,Intonation=weakly_rising
449-0,BO112,449,449,1,che,che,che,SCONJ,_
449-1,BO112,449,449,2,{P},{P},_,_,_
449-2,BO112,449,449,3,ci,ci,ci,PRON,_
449-3,BO112,449,449,4,vestiamo,vestiamo,vestire,VERB,_
449-4,BO112,449,449,5,in,in,in,ADP,_
449-5,BO112,449,449,6,un,un,uno,DET,_
449-6,BO112,449,449,7,certo,certo,certo,ADJ,_
449-7,BO112,449,449,8,"modo,",modo,modo,NOUN,Intonation=weakly_rising
449-8,BO112,449,449,9,mangiamo,mangiamo,mangiare,VERB,_
449-9,BO112,449,449,10,certi,certi,certo,DET,_
449-10,BO112,449,449,11,"alimenti,",alimenti,alimento,NOUN,Intonation=weakly_rising
449-11,BO112,449,449,12,ci,ci,ci,PRON,_
449-12,BO112,449,449,13,compor~,compor~,compor~,X,Interrupted=Yes
449-13,BO112,449,449,14,ci,ci,ci,PRON,_
449-14,BO112,449,449,15,sediamo,sediamo,sedere,VERB,_
449-15,BO112,449,449,16,in,in,in,ADP,_
449-16,BO112,449,449,17,una,una,uno,DET,_
449-17,BO112,449,449,18,certa,certa,certo,ADJ,_
449-18,BO112,449,449,19,"postura,",postura,postura,NOUN,Intonation=weakly_rising
450-0,BO112,450,450,1,eccetera,eccetera,eccetera,ADV,_
450-1,BO112,450,450,2,eccetera.,eccetera,eccetera,ADV,Intonation=falling
451-0,BO112,451,451,1,e:,e,e,CCONJ,_
451-1,BO112,451,451,2,in,in,in,ADP,_
451-2,BO112,451,451,3,"generale,",generale,generale,ADJ,Intonation=weakly_rising
451-3,BO112,451,451,4,viene,viene,venire,AUX,_
451-4,BO112,451,451,5,sottolineato,sottolineato,sottolineare,VERB,_
451-5,BO112,451,451,6,come,come,come,ADP,_
451-6,BO112,451,451,7,il,il,il,DET,_
451-7,BO112,451,451,8,"corpo,",corpo,corpo,NOUN,Intonation=weakly_rising
452-0,BO112,452,452,1,proprio,proprio,proprio,ADV,_
452-1,BO112,452,452,2,un,un,uno,DET,_
452-2,BO112,452,452,3,elemento,elemento,elemento,NOUN,_
452-3,BO112,452,452,4,che,che,che,PRON,_
452-4,BO112,452,452,5,per,per,per,ADP,_
452-5,BO112,452,452,6,eccellenza,eccellenza,eccellenza,NOUN,_
452-6,BO112,452,452,7,noi,noi,noi,PRON,_
452-7,BO112,452,452,8,tendiamo,tendiamo,tendere,VERB,_
452-8,BO112,452,452,9,a,a,a,ADP,_
452-9,BO112,452,452,10,pensare,pensare,pensare,VERB,_
452-10,BO112,452,452,11,come,come,come,ADP,_
452-11,BO112,452,452,12,"naturale,",naturale,naturale,ADJ,Intonation=weakly_rising
453-0,BO112,453,453,1,in,in,in,ADP,_
453-1,BO112,453,453,2,realtà,realtà,realtà,NOUN,_
453-2,BO112,453,453,3,anche,anche,anche,ADV,_
453-3,BO112,453,453,4,il,il,il,DET,_
453-4,BO112,453,453,5,corpo,corpo,corpo,NOUN,_
453-5,BO112,453,453,6,è,è,essere,AUX,_
453-6,BO112,453,453,7,profondamente,profondamente,profondamente,ADV,_
453-7,BO112,453,453,8,culturale.,culturale,culturale,ADJ,Intonation=falling
454-0,BO112,454,454,1,questo,questo,questo,PRON,_
454-1,BO112,454,454,2,significa,significa,significare,VERB,_
454-2,BO112,454,454,3,che,che,che,SCONJ,_
454-3,BO112,454,454,4,quindi,quindi,quindi,ADV,_
454-4,BO112,454,454,5,l',l',il,DET,Truncated=Yes
454-5,BO112,454,454,6,antropologia,antropologia,antropologia,NOUN,_
454-6,BO112,454,454,7,immagina,immagina,immaginare,VERB,_
455-0,BO112,455,455,1,gli,gli,il,DET,_
455-1,BO112,455,455,2,individui,individui,individuo,NOUN,_
455-2,BO112,455,455,3,come,come,come,ADP,_
456-0,BO112,456,456,1,incapaci,incapaci,incapace,ADJ,_
456-1,BO112,456,456,2,di,di,di,ADP,_
456-2,BO112,456,456,3,determinazione,determinazione,determinazione,NOUN,_
456-3,BO112,456,456,4,di,di,di,ADP,_
456-4,BO112,456,456,5,libertà,libertà,libertà,NOUN,_
456-5,BO112,456,456,6,di,di,di,ADP,_
456-6,BO112,456,456,7,scelta?,scelta,scelta,NOUN,Intonation=rising
456-7,BO112,456,456,8,siamo,siamo,essere,AUX,_
456-8,BO112,456,456,9,tutti,tutti,tutto,DET,_
457-0,BO112,457,457,1,vittime,vittime,vittima,NOUN,_
457-1,BO112,457,457,2-3,della,della,_,_,_
457-1a,_,_,457,2,_,di,di,ADP,_
457-1b,_,_,457,3,_,la,il,DET,_
457-2,BO112,457,457,4,nostra,nostra,nostro,DET,_
457-3,BO112,457,457,5,cultura?,cultura,cultura,NOUN,Intonation=rising
458-0,BO112,458,458,1,certamente,certamente,certamente,ADV,_
458-1,BO112,458,458,2,non,non,non,ADV,_
458-2,BO112,458,458,3,è,è,essere,AUX,_
458-3,BO112,458,458,4,così.,così,così,ADV,Intonation=falling
459-0,BO112,459,459,1,c',c',ci,PRON,Truncated=Yes
459-1,BO112,459,459,2,è,è,essere,VERB,ProsodicLink=Yes
459-2,BO112,459,459,3,una,una,uno,DET,_
459-3,BO112,459,459,4,{P},{P},_,_,_
459-4,BO112,459,459,5,parte,parte,parte,NOUN,_
459-5,BO112,459,459,6,di,di,di,ADP,_
459-6,BO112,459,459,7,scelta.,scelta,scelta,NOUN,Intonation=falling
459-7,BO112,459,459,8,ma,ma,ma,CCONJ,_
459-8,BO112,459,459,9,è,è,essere,AUX,_
459-9,BO112,459,459,10,una,una,uno,DET,_
459-10,BO112,459,459,11,parte,parte,parte,NOUN,_
459-11,BO112,459,459,12,abbastanza,abbastanza,abbastanza,ADV,_
459-12,BO112,459,459,13,limitata.,limitata,limitato,ADJ,Intonation=falling
460-0,BO112,460,460,1,qui,qui,qui,ADV,_
460-1,BO112,460,460,2,"dentro,",dentro,dentro,ADV,Intonation=weakly_rising
461-0,BO112,461,461,1,è,è,essere,AUX,_
461-1,BO112,461,461,2,chiaro,chiaro,chiaro,ADJ,_
461-2,BO112,461,461,3,che,che,che,SCONJ,_
461-3,BO112,461,461,4,ciascuno,ciascuno,ciascuno,PRON,_
461-4,BO112,461,461,5,di,di,di,ADP,_
461-5,BO112,461,461,6,voi,voi,voi,PRON,_
461-6,BO112,461,461,7,ha,ha,avere,VERB,_
461-7,BO112,461,461,8,i,i,il,DET,_
461-8,BO112,461,461,9,capelli,capelli,capello,NOUN,_
461-9,BO112,461,461,10,di,di,di,ADP,_
461-10,BO112,461,461,11,un,un,uno,DET,_
461-11,BO112,461,461,12,colore,colore,colore,NOUN,_
461-12,BO112,461,461,13,diverso.,diverso,diverso,ADJ,Intonation=falling
462-0,BO112,462,462,1,è,è,essere,AUX,_
462-1,BO112,462,462,2,vestito,vestito,vestire,VERB,_
462-2,BO112,462,462,3,in,in,in,ADP,_
462-3,BO112,462,462,4,modo,modo,modo,NOUN,_
462-4,BO112,462,462,5,"diverso,",diverso,diverso,ADJ,Intonation=weakly_rising
462-5,BO112,462,462,6,eccetera.,eccetera,eccetera,ADV,Intonation=falling
462-6,BO112,462,462,7,nessuno,nessuno,nessuno,PRON,_
462-7,BO112,462,462,8,è,è,essere,AUX,_
462-8,BO112,462,462,9,venuto,venuto,venire,VERB,_
462-9,BO112,462,462,10,vestito,vestito,vestito,ADJ,_
462-10,BO112,462,462,11,da,da,da,ADP,_
462-11,BO112,462,462,12,babbo,babbo,Babbo,PROPN,_
462-12,BO112,462,462,13,natale.,natale,Natale,PROPN,Intonation=falling
463-0,BO112,463,463,1,mh?,mh,mh,INTJ,Intonation=rising
463-1,BO112,463,463,2,non,non,non,ADV,_
463-2,BO112,463,463,3,so,so,sapere,VERB,_
463-3,BO112,463,463,4,poi,poi,poi,ADV,_
463-4,BO112,463,463,5,{P},{P},_,_,_
463-5,BO112,463,463,6,siete,siete,essere,AUX,_
463-6,BO112,463,463,7,in,in,in,ADP,_
463-7,BO112,463,463,8,tanti,tanti,tanto,PRON,_
463-8,BO112,463,463,9,non,non,non,ADV,_
463-9,BO112,463,463,10,vedo,vedo,vedere,VERB,_
463-10,BO112,463,463,11,tutti,tutti,tutti,PRON,_
463-11,BO112,463,463,12,non,non,non,ADV,_
463-12,BO112,463,463,13,si,si,si,PRON,_
463-13,BO112,463,463,14,sa,sa,sapere,VERB,_
463-14,BO112,463,463,15,mai.,mai,mai,ADV,Intonation=falling
464-0,BO112,464,464,1,no?,no,no,ADV,Intonation=rising
464-1,BO112,464,464,2,quindi,quindi,quindi,ADV,_
464-2,BO112,464,464,3,ci,ci,ci,PRON,_
464-3,BO112,464,464,4,sono,sono,essere,VERB,_
464-4,BO112,464,464,5-6,dei,dei,_,_,_
464-4a,_,_,464,5,_,di,di,ADP,_
464-4b,_,_,464,6,_,i,il,DET,_
464-5,BO112,464,464,7,"range,",range,range,NOUN,Intonation=weakly_rising
465-0,BO112,465,465,1,per,per,per,ADP,_
465-1,BO112,465,465,2,fare,fare,fare,VERB,_
465-2,BO112,465,465,3,un,un,uno,DET,_
465-3,BO112,465,465,4,"esempio,",esempio,esempio,NOUN,Intonation=weakly_rising
466-0,BO112,466,466,1,l',l',il,DET,Truncated=Yes
466-1,BO112,466,466,2,allattamento,allattamento,allattamento,NOUN,_
466-2,BO112,466,466,3-4,al,al,_,_,_
466-2a,_,_,466,3,_,a,a,ADP,_
466-2b,_,_,466,4,_,il,il,DET,_
466-3,BO112,466,466,5,"seno,",seno,seno,NOUN,Intonation=weakly_rising
467-0,BO112,467,467,1,indipendentemente,indipendentemente,indipendentemente,ADV,_
467-1,BO112,467,467,2-3,dal,dal,_,_,_
467-1a,_,_,467,2,_,da,da,ADP,_
467-1b,_,_,467,3,_,il,il,DET,_
467-2,BO112,467,467,4,fatto,fatto,fatto,NOUN,_
467-3,BO112,467,467,5,che,che,che,SCONJ,_
467-4,BO112,467,467,6,uno,uno,uno,PRON,_
467-5,BO112,467,467,7,lo,lo,lo,PRON,_
467-6,BO112,467,467,8,faccia,faccia,fare,VERB,_
467-7,BO112,467,467,9,poco,poco,poco,ADV,_
467-8,BO112,467,467,10,o,o,o,CCONJ,_
467-9,BO112,467,467,11,"molto,",molto,molto,ADV,Intonation=weakly_rising
468-0,BO112,468,468,1,ha,ha,avere,VERB,_
468-1,BO112,468,468,2,un,un,uno,DET,_
468-2,BO112,468,468,3,range,range,range,NOUN,_
468-3,BO112,468,468,4,rispetto,rispetto,rispetto,NOUN,_
468-4,BO112,468,468,5-6,alla,alla,_,_,_
468-4a,_,_,468,5,_,a,a,ADP,_
468-4b,_,_,468,6,_,la,il,DET,_
468-5,BO112,468,468,7,cultura,cultura,cultura,NOUN,_
468-6,BO112,468,468,8,di,di,di,ADP,_
468-7,BO112,468,468,9,appartenenza.,appartenenza,appartenenza,NOUN,Intonation=falling
469-0,BO112,469,469,1,quindi,quindi,quindi,ADV,_
469-1,BO112,469,469,2,è,è,essere,AUX,_
469-2,BO112,469,469,3,"chiaro,",chiaro,chiaro,ADJ,Intonation=weakly_rising
469-3,BO112,469,469,4,ci,ci,ci,PRON,_
469-4,BO112,469,469,5,sono,sono,essere,VERB,_
469-5,BO112,469,469,6-7,delle,delle,_,_,_
469-5a,_,_,469,6,_,di,di,ADP,_
469-5b,_,_,469,7,_,le,il,DET,_
469-6,BO112,469,469,8,determinazioni,determinazioni,determinazione,NOUN,_
469-7,BO112,469,469,9,"individuali,",individuali,individuale,ADJ,Intonation=weakly_rising
470-0,BO112,470,470,1,e,e,e,CCONJ,_
470-1,BO112,470,470,2,c',c',ci,PRON,Truncated=Yes
470-2,BO112,470,470,3,è,è,essere,VERB,_
470-3,BO112,470,470,4,una,una,uno,DET,_
470-4,BO112,470,470,5,libertà,libertà,libertà,NOUN,_
470-5,BO112,470,470,6,di,di,di,ADP,_
470-6,BO112,470,470,7,"scelta,",scelta,scelta,NOUN,Intonation=weakly_rising
470-7,BO112,470,470,8,che,che,che,PRON,_
470-8,BO112,470,470,9,però,però,però,ADV,_
470-9,BO112,470,470,10,è,è,essere,AUX,_
470-10,BO112,470,470,11,abbastanza,abbastanza,abbastanza,ADV,_
470-11,BO112,470,470,12,{P},{P},_,_,_
470-12,BO112,470,470,13,contenuta.,contenuta,contenuto,ADJ,Intonation=falling
471-0,BO112,471,471,1,quindi,quindi,quindi,ADV,_
471-1,BO112,471,471,2,questo,questo,questo,PRON,_
471-2,BO112,471,471,3,è,è,essere,AUX,_
471-3,BO112,471,471,4,il,il,il,DET,_
471-4,BO112,471,471,5,concetto,concetto,concetto,NOUN,_
471-5,BO112,471,471,6,di,di,di,ADP,_
471-6,BO112,471,471,7,cultura,cultura,cultura,NOUN,_
471-7,BO112,471,471,8,che,che,che,PRON,_
471-8,BO112,471,471,9,{P},{P},_,_,_
471-9,BO112,471,471,10,propone,propone,proporre,VERB,_
471-10,BO112,471,471,11,"fabietti,",fabietti,Fabietti,PROPN,Intonation=weakly_rising
472-0,BO112,472,472,1,è,è,essere,AUX,_
472-1,BO112,472,472,2,più,più,più,ADV,_
472-2,BO112,472,472,3,articolato,articolato,articolare,VERB,_
472-3,BO112,472,472,4,ovviamente,ovviamente,ovviamente,ADV,_
472-4,BO112,472,472,5,di,di,di,ADP,_
472-5,BO112,472,472,6,quello,quello,quello,PRON,_
472-6,BO112,472,472,7,"tylor,",tylor,Tylor,PROPN,Intonation=weakly_rising
473-0,BO112,473,473,1,però,però,però,ADV,_
473-1,BO112,473,473,2,come,come,come,SCONJ,_
473-2,BO112,473,473,3,vedete,vedete,vedere,VERB,_
473-3,BO112,473,473,4,non,non,non,ADV,_
473-4,BO112,473,473,5,si,si,si,PRON,_
473-5,BO112,473,473,6,discosta,discosta,discostare,VERB,_
473-6,BO112,473,473,7,tantissimo,tantissimo,tanto,ADV,_
473-7,BO112,473,473,8,da,da,da,ADP,_
473-8,BO112,473,473,9,quella,quella,quello,DET,_
473-9,BO112,473,473,10,"definizione,",definizione,definizione,NOUN,Intonation=weakly_rising
474-0,BO112,474,474,1,e,e,e,CCONJ,_
474-1,BO112,474,474,2,"centra,",centra,centrare,VERB,Intonation=weakly_rising
474-2,BO112,474,474,3,{tossisce},{tossisce},_,_,_
475-0,BO112,475,475,1,la,la,il,DET,_
475-1,BO112,475,475,2,sua,sua,suo,DET,_
475-2,BO112,475,475,3,"attenzione,",attenzione,attenzione,NOUN,Intonation=weakly_rising
475-3,BO112,475,475,4-5,sul,sul,_,_,_
475-3a,_,_,475,4,_,su,su,ADP,_
475-3b,_,_,475,5,_,il,il,DET,_
475-4,BO112,475,475,6,fatto,fatto,fatto,NOUN,_
475-5,BO112,475,475,7,che,che,che,SCONJ,_
475-6,BO112,475,475,8,il,il,il,DET,_
475-7,BO112,475,475,9,conce~,conce~,conce~,X,Interrupted=Yes
475-8,BO112,475,475,10,che,che,che,SCONJ,_
475-9,BO112,475,475,11,la,la,il,DET,_
475-10,BO112,475,475,12,cultura,cultura,cultura,NOUN,_
475-11,BO112,475,475,13,è,è,essere,AUX,_
475-12,BO112,475,475,14,tramandata,tramandata,tramandare,VERB,_
475-13,BO112,475,475,15,ed,ed,e,CCONJ,_
475-14,BO112,475,475,16,acquisita.,acquisita,acquisire,VERB,Intonation=falling
476-0,BO112,476,476,1,la,la,il,DET,_
476-1,BO112,476,476,2,cultura,cultura,cultura,NOUN,_
476-2,BO112,476,476,3,si,si,si,PRON,_
476-3,BO112,476,476,4,tramanda,tramanda,tramandare,VERB,_
476-4,BO112,476,476,5,si,si,si,PRON,_
476-5,BO112,476,476,6,acquisisce.,acquisisce,acquisire,VERB,Intonation=falling
476-6,BO112,476,476,7,ci,ci,ci,PRON,_
476-7,BO112,476,476,8,sono,sono,essere,VERB,_
476-8,BO112,476,476,9-10,dei,dei,_,_,_
476-8a,_,_,476,9,_,di,di,ADP,_
476-8b,_,_,476,10,_,i,il,DET,_
476-9,BO112,476,476,11,processi,processi,processo,NOUN,_
476-10,BO112,476,476,12,"educativi,",educativi,educativo,ADJ,Intonation=weakly_rising
476-11,BO112,476,476,13,formali,formali,formale,ADJ,_
476-12,BO112,476,476,14,e,e,e,CCONJ,_
476-13,BO112,476,476,15,"informali:,",informali,informale,ADJ,Intonation=weakly_rising
477-0,BO112,477,477,1,che,che,che,PRON,_
477-1,BO112,477,477,2,costituiscono,costituiscono,costituire,VERB,_
477-2,BO112,477,477,3,l',l',il,DET,Truncated=Yes
477-3,BO112,477,477,4,individuo,individuo,individuo,NOUN,_
477-4,BO112,477,477,5,come,come,come,ADP,_
477-5,BO112,477,477,6,membro,membro,membro,NOUN,_
477-6,BO112,477,477,7-8,della,della,_,_,_
477-6a,_,_,477,7,_,di,di,ADP,_
477-6b,_,_,477,8,_,la,il,DET,_
477-7,BO112,477,477,9,società.,società,società,NOUN,Intonation=falling
478-0,BO112,478,478,1,quindi,quindi,quindi,ADV,_
478-1,BO112,478,478,2,sistemi,sistemi,sistema,NOUN,_
478-2,BO112,478,478,3,educativi,educativi,educativo,ADJ,_
478-3,BO112,478,478,4,formali,formali,formale,ADJ,_
478-4,BO112,478,478,5,come,come,come,ADP,_
478-5,BO112,478,478,6,la,la,il,DET,_
478-6,BO112,478,478,7,"scuola,",scuola,scuola,NOUN,Intonation=weakly_rising
479-0,BO112,479,479,1,sistemi,sistemi,sistema,NOUN,_
479-1,BO112,479,479,2,"educativi,",educativi,educativo,ADJ,Intonation=weakly_rising
480-0,BO112,480,480,1,informali,informali,informale,ADJ,_
480-1,BO112,480,480,2,come,come,come,ADP,_
480-2,BO112,480,480,3,{P},{P},_,_,_
480-3,BO112,480,480,4,varie,varie,vario,ADJ,_
480-4,BO112,480,480,5,attività,attività,attività,NOUN,_
480-5,BO112,480,480,6,che,che,che,PRON,_
480-6,BO112,480,480,7,possono,possono,potere,AUX,_
480-7,BO112,480,480,8,essere,essere,essere,AUX,_
480-8,BO112,480,480,9,svolte,svolte,svolgere,VERB,_
480-9,BO112,480,480,10,con,con,con,ADP,_
480-10,BO112,480,480,11,il,il,il,DET,_
480-11,BO112,480,480,12,gruppo,gruppo,gruppo,NOUN,_
480-12,BO112,480,480,13-14,dei,dei,_,_,_
480-12a,_,_,480,13,_,di,di,ADP,_
480-12b,_,_,480,14,_,i,il,DET,_
480-13,BO112,480,480,15,"pari,",pari,pari,NOUN,Intonation=weakly_rising
481-0,BO112,481,481,1,ci,ci,ci,PRON,_
481-1,BO112,481,481,2,sono,sono,essere,VERB,_
481-2,BO112,481,481,3,attività,attività,attività,NOUN,_
481-3,BO112,481,481,4,{P},{P},_,_,_
481-4,BO112,481,481,5,educative,educative,educativo,ADJ,_
481-5,BO112,481,481,6,formali,formali,formale,ADJ,_
481-6,BO112,481,481,7,come,come,come,ADP,_
481-7,BO112,481,481,8,le,le,il,DET,_
481-8,BO112,481,481,9,"iniziazioni,",iniziazioni,iniziazione,NOUN,Intonation=weakly_rising
481-9,BO112,481,481,10,che,che,che,PRON,_
481-10,BO112,481,481,11,vedremo,vedremo,vedere,VERB,_
481-11,BO112,481,481,12,in,in,in,ADP,_
481-12,BO112,481,481,13,"seguito,",seguito,seguito,NOUN,Intonation=weakly_rising
482-0,BO112,482,482,1,e:,e,e,CCONJ,_
482-1,BO112,482,482,2,l',l',il,DET,Truncated=Yes
482-2,BO112,482,482,3,altro,altro,altro,ADJ,_
482-3,BO112,482,482,4,aspetto,aspetto,aspetto,NOUN,_
482-4,BO112,482,482,5,centrale,centrale,centrale,ADJ,_
482-5,BO112,482,482,6,di,di,di,ADP,_
482-6,BO112,482,482,7,questa,questa,questo,DET,_
482-7,BO112,482,482,8,definizione,definizione,definizione,NOUN,_
482-8,BO112,482,482,9,è,è,essere,VERB,_
482-9,BO112,482,482,10,che,che,che,SCONJ,_
482-10,BO112,482,482,11,e::,e,e,INTJ,_
483-0,BO112,483,483,1,gli,gli,il,DET,_
483-1,BO112,483,483,2,individui,individui,individuo,NOUN,_
483-2,BO112,483,483,3,si,si,si,PRON,_
483-3,BO112,483,483,4,accostano,accostano,accostare,VERB,_
483-4,BO112,483,483,5-6,al,al,_,_,_
483-4a,_,_,483,5,_,a,a,ADP,_
483-4b,_,_,483,6,_,il,il,DET,_
483-5,BO112,483,483,7,"mondo,",mondo,mondo,NOUN,Intonation=weakly_rising
483-6,BO112,483,483,8,sia,sia,essere,AUX,_
483-7,BO112,483,483,9,in,in,in,ADP,_
483-8,BO112,483,483,10,senso,senso,senso,NOUN,_
483-9,BO112,483,483,11,"pratico,",pratico,pratico,ADJ,Intonation=weakly_rising
483-10,BO112,483,483,12,sia,sia,sia,CCONJ,_
483-11,BO112,483,483,13,in,in,in,ADP,_
483-12,BO112,483,483,14,senso,senso,senso,NOUN,_
483-13,BO112,483,483,15,intellettuale.,intellettuale,intellettuale,ADJ,Intonation=falling
484-0,BO112,484,484,1,quello,quello,quello,PRON,_
484-1,BO112,484,484,2,che,che,che,PRON,_
484-2,BO112,484,484,3,la,la,il,DET,_
484-3,BO112,484,484,4,cultura,cultura,cultura,NOUN,_
484-4,BO112,484,484,5,forgia,forgia,forgiare,VERB,_
484-5,BO112,484,484,6,di,di,di,ADP,_
484-6,BO112,484,484,7,"noi,",noi,noi,PRON,Intonation=weakly_rising
485-0,BO112,485,485,1,è,è,essere,AUX,_
485-1,BO112,485,485,2,anche,anche,anche,ADV,_
485-2,BO112,485,485,3,il,il,il,DET,_
485-3,BO112,485,485,4,modo,modo,modo,NOUN,_
485-4,BO112,485,485,5,di,di,di,ADP,_
485-5,BO112,485,485,6,pensare.,pensare,pensare,VERB,Intonation=falling
485-6,BO112,485,485,7,{P},{P},_,_,_
485-7,BO112,485,485,8,mh?,mh,mh,INTJ,Intonation=rising
486-0,BO112,486,486,1,e,e,e,CCONJ,_
486-1,BO112,486,486,2,come,come,come,SCONJ,_
486-2,BO112,486,486,3,abbiamo,abbiamo,avere,VERB,_
486-3,BO112,486,486,4,vis~,vis~,vis~,X,Interrupted=Yes
486-4,BO112,486,486,5,come,come,come,SCONJ,_
486-5,BO112,486,486,6,abbiamo,abbiamo,avere,AUX,_
486-6,BO112,486,486,7,accennato,accennato,accennare,VERB,_
486-7,BO112,486,486,8,"ieri,",ieri,ieri,ADV,Intonation=weakly_rising
486-8,BO112,486,486,9,anche,anche,anche,ADV,_
486-9,BO112,486,486,10,le,le,il,DET,_
486-10,BO112,486,486,11,emozioni.,emozioni,emozione,NOUN,Intonation=falling
487-0,BO112,487,487,1,quindi,quindi,quindi,ADV,_
487-1,BO112,487,487,2,noi,noi,noi,PRON,_
487-2,BO112,487,487,3,siamo,siamo,essere,AUX,_
488-0,BO112,488,488,1,esseri,esseri,essere,NOUN,_
488-1,BO112,488,488,2,"umani,",umani,umano,ADJ,Intonation=weakly_rising
488-2,BO112,488,488,3,{P},{P},_,_,_
488-3,BO112,488,488,4,culturalmente,culturalmente,culturalmente,ADV,_
488-4,BO112,488,488,5,determinati.,determinati,determinato,ADJ,Intonation=falling
489-0,BO112,489,489,1,perché,perché,perché,SCONJ,_
489-1,BO112,489,489,2,il,il,il,DET,_
489-2,BO112,489,489,3,"corpo,",corpo,corpo,NOUN,Intonation=weakly_rising
490-0,BO112,490,490,1,è,è,essere,AUX,_
490-1,BO112,490,490,2,così,così,così,ADV,_
490-2,BO112,490,490,3,interessante,interessante,interessante,ADJ,_
490-3,BO112,490,490,4,come,come,come,ADP,_
490-4,BO112,490,490,5,esempio,esempio,esempio,NOUN,_
490-5,BO112,490,490,6,di,di,di,ADP,_
490-6,BO112,490,490,7,determinazione,determinazione,determinazione,NOUN,_
490-7,BO112,490,490,8,culturale?,culturale,culturale,ADJ,Intonation=rising
491-0,BO112,491,491,1,proprio,proprio,proprio,ADV,_
491-1,BO112,491,491,2,"perché,",perché,perché,SCONJ,Intonation=weakly_rising
491-2,BO112,491,491,3,pensiamo,pensiamo,pensare,VERB,_
491-3,BO112,491,491,4,che,che,che,SCONJ,_
491-4,BO112,491,491,5,si,si,si,PRON,_
491-5,BO112,491,491,6,"allontani,",allontani,allontanare,VERB,Intonation=weakly_rising
492-0,BO112,492,492,1-2,dalla,dalla,_,_,_
492-0a,_,_,492,1,_,da,da,ADP,_
492-0b,_,_,492,2,_,la,il,DET,_
492-1,BO112,492,492,3,cultura,cultura,cultura,NOUN,_
492-2,BO112,492,492,4,e,e,e,CCONJ,_
492-3,BO112,492,492,5,sia,sia,essere,AUX,_
492-4,BO112,492,492,6,più,più,più,ADV,_
492-5,BO112,492,492,7,vicino,vicino,vicino,ADV,_
492-6,BO112,492,492,8-9,alla,alla,_,_,_
492-6a,_,_,492,8,_,a,a,ADP,_
492-6b,_,_,492,9,_,la,il,DET,_
492-7,BO112,492,492,10,natura.,natura,natura,NOUN,Intonation=falling
493-0,BO112,493,493,1,invece,invece,invece,ADV,_
493-1,BO112,493,493,2,ogni,ogni,ogni,DET,_
493-2,BO112,493,493,3,azione,azione,azione,NOUN,_
493-3,BO112,493,493,4,che,che,che,PRON,_
493-4,BO112,493,493,5,compiamo,compiamo,compiere,VERB,_
493-5,BO112,493,493,6-7,sul,sul,_,_,_
493-5a,_,_,493,6,_,su,su,ADP,_
493-5b,_,_,493,7,_,il,il,DET,_
493-6,BO112,493,493,8,nostro,nostro,nostro,DET,_
493-7,BO112,493,493,9,"corpo,",corpo,corpo,NOUN,Intonation=weakly_rising
494-0,BO112,494,494,1,è,è,essere,AUX,_
494-1,BO112,494,494,2,{P},{P},_,_,_
494-2,BO112,494,494,3,culturalmente,culturalmente,culturalmente,ADV,_
494-3,BO112,494,494,4,determinata.,determinata,determinare,VERB,Intonation=falling
495-0,BO112,495,495,1,che,che,che,SCONJ,_
495-1,BO112,495,495,2,cosa,cosa,cosa,PRON,_
495-2,BO112,495,495,3,fate,fate,fare,VERB,_
495-3,BO112,495,495,4,voi,voi,voi,PRON,_
495-4,BO112,495,495,5-6,sul,sul,_,_,_
495-4a,_,_,495,5,_,su,su,ADP,_
495-4b,_,_,495,6,_,il,il,DET,_
495-5,BO112,495,495,7,vostro,vostro,vostro,DET,_
495-6,BO112,495,495,8,corpo,corpo,corpo,NOUN,_
495-7,BO112,495,495,9-10,alla,alla,_,_,_
495-7a,_,_,495,9,_,a,a,ADP,_
495-7b,_,_,495,10,_,la,il,DET,_
495-8,BO112,495,495,11,mattina?,mattina,mattina,NOUN,Intonation=rising
496-0,BO112,496,496,1,"asupicabilmente,",asupicabilmente,asupicabilmente,ADV,Intonation=weakly_rising
496-1,BO112,496,496,2,vi,vi,vi,ADV,_
496-2,BO112,496,496,3,lavate.,lavate,lavare,VERB,Intonation=falling
497-0,BO112,497,497,1,vi,vi,vi,ADV,_
497-1,BO112,497,497,2,"lavate,",lavate,lavare,VERB,Intonation=weakly_rising
497-2,BO112,497,497,3,in,in,in,ADP,_
497-3,BO112,497,497,4,una,una,uno,DET,_
497-4,BO112,497,497,5,"modalità,",modalità,modalità,NOUN,Intonation=weakly_rising
497-5,BO112,497,497,6,che,che,che,PRON,_
497-6,BO112,497,497,7,è,è,essere,AUX,_
497-7,BO112,497,497,8,culturalmente,culturalmente,culturalmente,ADV,_
497-8,BO112,497,497,9,determinante.,determinante,determinante,ADJ,Intonation=falling
497-9,BO112,497,497,10,dopo,dopo,dopo,ADP,_
497-10,BO112,497,497,11,di,di,di,ADP,_
497-11,BO112,497,497,12,"che,",che,che,PRON,Intonation=weakly_rising
498-0,BO112,498,498,1,vi,vi,vi,PRON,_
498-1,BO112,498,498,2,"pettinate,",pettinate,pettinare,VERB,Intonation=weakly_rising
498-2,BO112,498,498,3,vi,vi,vi,PRON,_
498-3,BO112,498,498,4,"vestite,",vestite,vestire,VERB,Intonation=weakly_rising
498-4,BO112,498,498,5,vi,vi,vi,PRON,_
498-5,BO112,498,498,6,lavate,lavate,lavare,VERB,_
498-6,BO112,498,498,7,i,i,il,DET,_
498-7,BO112,498,498,8,"denti,",denti,dente,NOUN,Intonation=weakly_rising
499-0,BO112,499,499,1,in,in,in,ADP,_
499-1,BO112,499,499,2,una,una,uno,DET,_
499-2,BO112,499,499,3,"modalità,",modalità,modalità,NOUN,Intonation=weakly_rising
499-3,BO112,499,499,4,culturalmente,culturalmente,culturalmente,ADV,_
499-4,BO112,499,499,5,determinata.,determinata,determinato,ADJ,Intonation=falling
500-0,BO112,500,500,1,il,il,il,DET,_
500-1,BO112,500,500,2,modo,modo,modo,NOUN,_
500-2,BO112,500,500,3,in,in,in,ADP,_
500-3,BO112,500,500,4,cui,cui,cui,PRON,_
500-4,BO112,500,500,5,"camminate,",camminate,camminare,VERB,Intonation=weakly_rising
501-0,BO112,501,501,1,è,è,essere,AUX,_
501-1,BO112,501,501,2,culturalmente,culturalmente,culturalmente,ADV,_
501-2,BO112,501,501,3,de~,de~,de~,X,Interrupted=Yes
501-3,BO112,501,501,4,determinato.,determinato,determinato,ADJ,Intonation=falling
502-0,BO112,502,502,1,il,il,il,DET,_
502-1,BO112,502,502,2,primo,primo,primo,ADJ,_
502-2,BO112,502,502,3,a::,a,a,ADP,_
502-3,BO112,502,502,4,osservare,osservare,osservare,VERB,_
502-4,BO112,502,502,5,quest',quest',questo,DET,Truncated=Yes
502-5,BO112,502,502,6,aspetto,aspetto,aspetto,NOUN,_
502-6,BO112,502,502,7,fu,fu,essere,AUX,_
502-7,BO112,502,502,8,marcel,marcel,Marcel,PROPN,_
502-8,BO112,502,502,9,"mauss,",mauss,Mauss,PROPN,Intonation=weakly_rising
503-0,BO112,503,503,1,antropologo,antropologo,antropologo,NOUN,_
503-1,BO112,503,503,2,ed,ed,e,CCONJ,_
503-2,BO112,503,503,3,etnologo,etnologo,etnologo,NOUN,_
503-3,BO112,503,503,4,"francese,",francese,francese,ADJ,Intonation=weakly_rising
503-4,BO112,503,503,5,"millenovecentotrentasei,",millenovecentotrentasei,millenovecentotrentasei,NUM,Intonation=weakly_rising
504-0,BO112,504,504,1,a,a,a,ADP,_
504-1,BO112,504,504,2,dire,dire,dire,VERB,_
504-2,BO112,504,504,3,che,che,che,SCONJ,_
504-3,BO112,504,504,4,effettivamente,effettivamente,effettivamente,ADV,_
504-4,BO112,504,504,5,anche,anche,anche,ADV,_
504-5,BO112,504,504,6,il,il,il,DET,_
504-6,BO112,504,504,7,modo,modo,modo,NOUN,_
504-7,BO112,504,504,8,di,di,di,ADP,_
504-8,BO112,504,504,9,"camminare,",camminare,camminare,VERB,Intonation=weakly_rising
504-9,BO112,504,504,10,anche,anche,anche,ADV,_
504-10,BO112,504,504,11,il,il,il,DET,_
504-11,BO112,504,504,12,modo,modo,modo,NOUN,_
504-12,BO112,504,504,13,di,di,di,ADP,_
504-13,BO112,504,504,14,"camminare,",camminare,camminare,VERB,Intonation=weakly_rising
504-14,BO112,504,504,15,è,è,essere,AUX,_
504-15,BO112,504,504,16,culturalmente,culturalmente,culturalmente,ADV,_
504-16,BO112,504,504,17,determinato.,determinato,determinato,ADJ,Intonation=falling
505-0,BO112,505,505,1,il,il,il,DET,_
505-1,BO112,505,505,2,modo,modo,modo,NOUN,_
505-2,BO112,505,505,3,in,in,in,ADP,_
505-3,BO112,505,505,4,cui,cui,cui,PRON,_
505-4,BO112,505,505,5,state,state,stare,AUX,_
505-5,BO112,505,505,6,seduti.,seduti,sedere,VERB,Intonation=falling
506-0,BO112,506,506,1,il,il,il,DET,_
506-1,BO112,506,506,2,modo,modo,modo,NOUN,_
506-2,BO112,506,506,3,in,in,in,ADP,_
506-3,BO112,506,506,4,cui,cui,cui,PRON,_
506-4,BO112,506,506,5,dormite.,dormite,dormire,VERB,Intonation=falling
507-0,BO112,507,507,1,il,il,il,DET,_
507-1,BO112,507,507,2,modo,modo,modo,NOUN,_
507-2,BO112,507,507,3,in,in,in,ADP,_
507-3,BO112,507,507,4,cui,cui,cui,PRON,_
507-4,BO112,507,507,5,"mangiate,",mangiate,mangiare,VERB,Intonation=weakly_rising
508-0,BO112,508,508,1,e,e,e,CCONJ,_
508-1,BO112,508,508,2,soprattutto,soprattutto,soprattutto,ADV,_
508-2,BO112,508,508,3,tutte,tutte,tutto,DET,_
508-3,BO112,508,508,4,le,le,il,DET,_
508-4,BO112,508,508,5,pratiche,pratiche,pratica,NOUN,_
508-5,BO112,508,508,6,{P},{P},_,_,_
508-6,BO112,508,508,7,che,che,che,PRON,_
508-7,BO112,508,508,8,fate,fate,fare,VERB,_
508-8,BO112,508,508,9-10,sul,sul,_,_,_
508-8a,_,_,508,9,_,su,su,ADP,_
508-8b,_,_,508,10,_,il,il,DET,_
508-9,BO112,508,508,11,vostro,vostro,vostro,DET,_
508-10,BO112,508,508,12,corpo,corpo,corpo,NOUN,_
508-11,BO112,508,508,13,per,per,per,ADP,_
508-12,BO112,508,508,14-15,renderlo,renderlo,_,_,_
508-12a,_,_,508,14,_,render,rendere,VERB,_
508-12b,_,_,508,15,_,lo,lo,PRON,_
508-13,BO112,508,508,16,esteticamente,esteticamente,esteticamente,ADV,_
508-14,BO112,508,508,17,più,più,più,ADV,_
508-15,BO112,508,508,18,{P},{P},_,_,_
508-16,BO112,508,508,19,interessante.,interessante,interessante,ADJ,Intonation=falling
509-0,BO112,509,509,1,cosa,cosa,cosa,PRON,_
509-1,BO112,509,509,2,fate?,fate,fare,VERB,Intonation=rising
509-2,BO112,509,509,3,per,per,per,ADP,_
509-3,BO112,509,509,4,fa~,fa~,fa~,X,Interrupted=Yes
509-4,BO112,509,509,5-6,renderlo:,renderlo,_,_,_
509-4a,_,_,509,5,_,render,rendere,VERB,_
509-4b,_,_,509,6,_,lo,lo,PRON,_
509-5,BO112,509,509,7,esteticamente,esteticamente,esteticamente,ADV,_
509-6,BO112,509,509,8,più,più,più,ADV,_
509-7,BO112,509,509,9,interessante?,interessante,interessante,ADJ,Intonation=rising
510-0,BO112,510,510,1,alzate,alzate,alzare,VERB,_
510-1,BO112,510,510,2,la,la,il,DET,_
510-2,BO112,510,510,3,"mano,",mano,mano,NOUN,Intonation=weakly_rising
511-0,???,511,511,1,si,si,si,PRON,_
511-1,???,511,511,2,aggiungono,aggiungono,aggiungere,VERB,_
511-2,???,511,511,3,og[getti].,oggetti,oggetto,NOUN,Intonation=falling
512-0,BO112,512,512,1,[ver]o.,vero,vero,ADJ,Intonation=falling
513-0,???,513,513,1,le,le,il,DET,_
513-1,???,513,513,2,donne:,donne,donna,NOUN,_
513-2,???,513,513,3,usano,usano,usare,VERB,_
513-3,???,513,513,4,per,per,per,ADP,_
513-4,???,513,513,5,esempio,esempio,esempio,NOUN,_
513-5,???,513,513,6,gli,gli,il,DET,_
513-6,???,513,513,7,orecchini:,orecchini,orecchino,NOUN,_
513-7,???,513,513,8-9,agli,agli,_,_,_
513-7a,_,_,513,8,_,a,a,ADP,_
513-7b,_,_,513,9,_,gli,il,DET,_
513-8,???,513,513,10,"orecchi,",orecchi,orecchio,NOUN,Intonation=weakly_rising
514-0,BO112,514,514,1,"quindi,",quindi,quindi,ADV,Intonation=weakly_rising
514-1,BO112,514,514,2,ci,ci,ci,PRON,_
514-2,BO112,514,514,3,sono,sono,essere,VERB,_
514-3,BO112,514,514,4,ad,ad,a,ADP,_
514-4,BO112,514,514,5,esempio,esempio,esempio,NOUN,_
514-5,BO112,514,514,6,{P},{P},_,_,_
514-6,BO112,514,514,7,[gioielli],gioielli,gioiello,NOUN,_
515-0,???,515,515,1,[o,o,o,CCONJ,_
515-1,???,515,515,2,anche,anche,anche,ADV,_
515-2,???,515,515,3,gli],gli,il,DET,_
515-3,???,515,515,4,uomini,uomini,uomo,NOUN,_
515-4,???,515,515,5,possono,possono,potere,AUX,_
515-5,???,515,515,6,mettere,mettere,mettere,VERB,_
515-6,???,515,515,7,gli,gli,il,DET,_
515-7,???,515,515,8,orecchini,orecchini,orecchino,NOUN,_
515-8,???,515,515,9,per],per,per,ADP,_
516-0,BO112,516,516,1,[anche,anche,anche,ADV,_
516-1,BO112,516,516,2,gli,gli,il,DET,_
516-2,BO112,516,516,3,uomini,uomini,uomo,NOUN,_
516-3,BO112,516,516,4,mettono,mettono,mettere,VERB,_
516-4,BO112,516,516,5,gli],gli,il,DET,_
516-5,BO112,516,516,6,"orecchini,",orecchini,orecchino,NOUN,Intonation=weakly_rising
517-0,BO112,517,517,1,[ci,ci,ci,PRON,_
517-1,BO112,517,517,2,sono,sono,essere,VERB,_
517-2,BO112,517,517,3,i,i,il,DET,_
517-3,BO112,517,517,4,"gioielli],",gioielli,gioiello,NOUN,Intonation=weakly_rising
518-0,???,518,518,1,[si,si,si,PRON,_
518-1,???,518,518,2,mettono,mettono,mettere,VERB,_
518-2,???,518,518,3,appunto,appunto,appunto,ADV,_
518-3,???,518,518,4,gli,gli,il,DET,_
518-4,???,518,518,5,orecchi~],orecchi~,orecchi~,X,Interrupted=Yes
519-0,BO112,519,519,1,ci,ci,ci,PRON,_
519-1,BO112,519,519,2,sono,sono,essere,AUX,_
519-2,BO112,519,519,3,"abiti,",abiti,abito,NOUN,Intonation=weakly_rising
520-0,BO112,520,520,1,ci,ci,ci,PRON,_
520-1,BO112,520,520,2,sono,sono,essere,VERB,_
520-2,BO112,520,520,3,"pettinature,",pettinature,pettinatura,NOUN,Intonation=weakly_rising
521-0,BO112,521,521,1,e,e,e,CCONJ,_
521-1,BO112,521,521,2,tutto,tutto,tutto,DET,_
521-2,BO112,521,521,3,"questo,",questo,questo,PRON,Intonation=weakly_rising
521-3,BO112,521,521,4,non,non,non,ADV,_
521-4,BO112,521,521,5,è,è,essere,AUX,_
521-5,BO112,521,521,6,solo,solo,solo,ADV,_
521-6,BO112,521,521,7,esteticamente,esteticamente,esteticamente,ADV,_
521-7,BO112,521,521,8,{P},{P},_,_,_
521-8,BO112,521,521,9,"valido,",valido,valido,ADJ,Intonation=weakly_rising
522-0,BO112,522,522,1,ma,ma,ma,CCONJ,_
522-1,BO112,522,522,2,"anche,",anche,anche,ADV,Intonation=weakly_rising
522-2,BO112,522,522,3,indicatore,indicatore,indicatore,NOUN,_
522-3,BO112,522,522,4,di,di,di,ADP,_
522-4,BO112,522,522,5,status.,status,status,NOUN,Intonation=falling
523-0,BO112,523,523,1,quindi,quindi,quindi,ADV,_
523-1,BO112,523,523,2,tutti,tutti,tutto,DET,_
523-2,BO112,523,523,3,questi,questi,questo,DET,_
523-3,BO112,523,523,4,oggetti,oggetti,oggetto,NOUN,_
523-4,BO112,523,523,5,che,che,che,PRON,_
523-5,BO112,523,523,6,noi,noi,noi,PRON,_
523-6,BO112,523,523,7,poniamo,poniamo,porre,VERB,_
523-7,BO112,523,523,8-9,sul,sul,_,_,_
523-7a,_,_,523,8,_,su,su,ADP,_
523-7b,_,_,523,9,_,il,il,DET,_
523-8,BO112,523,523,10,"corpo,",corpo,corpo,NOUN,Intonation=weakly_rising
523-9,BO112,523,523,11,mandano,mandano,mandare,VERB,_
523-10,BO112,523,523,12,un,un,uno,DET,_
523-11,BO112,523,523,13,messaggio,messaggio,messaggio,NOUN,_
523-12,BO112,523,523,14,relativo,relativo,relativo,ADJ,_
523-13,BO112,523,523,15-16,allo,allo,_,_,_
523-13a,_,_,523,15,_,a,a,ADP,_
523-13b,_,_,523,16,_,lo,il,DET,_
523-14,BO112,523,523,17,status.,status,status,NOUN,Intonation=falling
524-0,BO112,524,524,1,giusto?,giusto,giusto,ADJ,Intonation=rising
525-0,BO112,525,525,1,quindi,quindi,quindi,ADV,_
525-1,BO112,525,525,2-3,fatemi,fatemi,_,_,_
525-1a,_,_,525,2,_,fate,fare,VERB,_
525-1b,_,_,525,3,_,mi,mi,PRON,_
525-2,BO112,525,525,4,un,un,uno,DET,_
525-3,BO112,525,525,5,"esempio,",esempio,esempio,NOUN,Intonation=weakly_rising
526-0,???,526,526,1,beh,beh,beh,INTJ,_
526-1,???,526,526,2,se,se,se,SCONJ,_
526-2,???,526,526,3,io,io,io,PRON,_
526-3,???,526,526,4,porto,porto,portare,VERB,_
526-4,???,526,526,5,una,una,uno,DET,_
526-5,???,526,526,6,"corona,",corona,corona,NOUN,Intonation=weakly_rising
527-0,BO112,527,527,1,ecco,ecco,ecco,ADV,_
527-1,BO112,527,527,2,una,una,uno,DET,_
527-2,BO112,527,527,3,"corona,",corona,corona,NOUN,Intonation=weakly_rising
527-3,BO112,527,527,4,è,è,essere,AUX,_
527-4,BO112,527,527,5,un,un,uno,DET,_
527-5,BO112,527,527,6,esempio,esempio,esempio,NOUN,_
527-6,BO112,527,527,7,{P},{P},_,_,_
527-7,BO112,527,527,8,più,più,più,ADV,_
527-8,BO112,527,527,9,raro.,raro,raro,ADJ,Intonation=falling
527-9,BO112,527,527,10,però,però,però,ADV,_
527-10,BO112,527,527,11,facciamo,facciamo,fare,VERB,_
527-11,BO112,527,527,12-13,degli,degli,_,_,_
527-11a,_,_,527,12,_,di,di,ADP,_
527-11b,_,_,527,13,_,gli,il,DET,_
527-12,BO112,527,527,14,esempi,esempi,esempio,NOUN,_
527-13,BO112,527,527,15,che,che,che,PRON,_
527-14,BO112,527,527,16,riguardano,riguardano,riguardare,VERB,_
527-15,BO112,527,527,17,voi.,voi,voi,PRON,Intonation=falling
528-0,BO112,528,528,1,prego,prego,prego,INTJ,_
529-0,???,529,529,1,un,un,uno,DET,_
529-1,???,529,529,2,orologio:::,orologio,orologio,NOUN,_
529-2,???,529,529,3,abbastanza,abbastanza,abbastanza,ADV,_
529-3,???,529,529,4,costosa.,costosa,costoso,ADJ,Intonation=falling
530-0,BO112,530,530,1,ecco,ecco,ecco,ADV,_
530-1,BO112,530,530,2,un,un,uno,DET,_
530-2,BO112,530,530,3,orologio,orologio,orologio,NOUN,_
530-3,BO112,530,530,4,{P},{P},_,_,_
530-4,BO112,530,530,5,"costoso,",costoso,costoso,ADJ,Intonation=weakly_rising
530-5,BO112,530,530,6,denota,denota,denotare,VERB,_
530-6,BO112,530,530,7,uno,uno,uno,DET,_
530-7,BO112,530,530,8,status,status,status,NOUN,_
530-8,BO112,530,530,9,economico,economico,economico,ADJ,_
530-9,BO112,530,530,10,elevato.,elevato,elevare,ADJ,Intonation=falling
531-0,BO112,531,531,1,altri,altri,altro,ADJ,_
531-1,BO112,531,531,2,esempi?,esempi,esempio,NOUN,Intonation=rising
532-0,???,532,532,1,una,una,uno,DET,_
532-1,???,532,532,2,collana,collana,collana,NOUN,_
532-2,???,532,532,3,di,di,di,ADP,_
532-3,???,532,532,4-5,perle.,perle,perla,NOUN,Intonation=falling
533-0,BO112,533,533,1,una,una,uno,DET,_
533-1,BO112,533,533,2,collana,collana,collana,NOUN,_
533-2,BO112,533,533,3,di,di,di,ADP,_
533-3,BO112,533,533,4-5,"perle,",perle,perla,NOUN,Intonation=weakly_rising
534-0,???,534,534,1,e::h,eh,eh,INTJ,_
534-1,???,534,534,2,non,non,non,ADV,_
534-2,???,534,534,3,lo,lo,lo,PRON,_
534-3,???,534,534,4,"so,",so,sapere,VERB,Intonation=weakly_rising
534-4,???,534,534,5,magari,magari,magari,ADV,_
534-5,???,534,534,6,viene,viene,venire,AUX,_
534-6,???,534,534,7,indossata,indossata,indossare,VERB,_
534-7,???,534,534,8,da,da,da,ADP,_
534-8,???,534,534,9,"donne,",donne,donna,NOUN,Intonation=weakly_rising
534-9,???,534,534,10,più,più,più,ADV,_
534-10,???,534,534,11,avanti,avanti,avanti,ADV,_
534-11,???,534,534,12,con,con,con,ADP,_
534-12,???,534,534,13,l',l',il,DET,Truncated=Yes
534-13,???,534,534,14,età:,età,età,NOUN,_
534-14,???,534,534,15,"magari,",magari,magari,ADV,Intonation=weakly_rising
534-15,???,534,534,16,che,che,che,PRON,_
534-16,???,534,534,17,hanno,hanno,avere,VERB,_
534-17,???,534,534,18,un,un,uno,DET,_
534-18,???,534,534,19,ceto,ceto,ceto,NOUN,_
534-19,???,534,534,20,sociale,sociale,sociale,ADJ,_
534-20,???,534,534,21,[più],più,più,ADV,_
535-0,BO112,535,535,1,[mh].,mh,mh,INTJ,Intonation=falling
536-0,BO112,536,536,1,facciamo,facciamo,fare,VERB,_
536-1,BO112,536,536,2-3,degli,degli,_,_,_
536-1a,_,_,536,2,_,di,di,ADP,_
536-1b,_,_,536,3,_,gli,il,DET,_
536-2,BO112,536,536,4,esempi,esempi,esempio,NOUN,_
536-3,BO112,536,536,5,ancora,ancora,ancora,ADV,_
536-4,BO112,536,536,6,più,più,più,ADV,_
536-5,BO112,536,536,7,smaccati.,smaccati,smaccato,ADJ,Intonation=falling
537-0,???,537,537,1,la,la,il,DET,_
537-1,???,537,537,2,cresta?,cresta,cresta,NOUN,Intonation=rising
538-0,BO112,538,538,1,no,no,no,ADV,_
538-1,BO112,538,538,2,su,su,su,INTJ,_
538-2,BO112,538,538,3,rimaniamo,rimaniamo,rimanere,VERB,_
538-3,BO112,538,538,4-5,sui,sui,_,_,_
538-3a,_,_,538,4,_,su,su,ADP,_
538-3b,_,_,538,5,_,i,il,DET,_
538-4,BO112,538,538,6,gioielli.,gioielli,gioiello,NOUN,Intonation=falling
539-0,BO112,539,539,1,perché,perché,perché,SCONJ,_
539-1,BO112,539,539,2,siete,siete,essere,AUX,_
539-2,BO112,539,539,3,giovani.,giovani,giovane,NOUN,Intonation=falling
540-0,???,540,540,1,l',l',il,DET,Truncated=Yes
540-1,???,540,540,2,anello.,anello,anello,NOUN,Intonation=falling
541-0,BO112,541,541,1,l',l',il,DET,Truncated=Yes
541-1,BO112,541,541,2,anello,anello,anello,NOUN,_
541-2,BO112,541,541,3,matrimoniale.,matrimoniale,matrimoniale,ADJ,Intonation=falling
542-0,BO112,542,542,1,no?,no,no,ADV,Intonation=rising
543-0,BO112,543,543,1,non,non,non,ADV,_
543-1,BO112,543,543,2,è,è,essere,AUX,_
543-2,BO112,543,543,3,un,un,uno,DET,_
543-3,BO112,543,543,4,indicatore,indicatore,indicatore,NOUN,_
543-4,BO112,543,543,5,di,di,di,ADP,_
543-5,BO112,543,543,6,"status,",status,status,NOUN,Intonation=weakly_rising
543-6,BO112,543,543,7,la,la,il,DET,_
543-7,BO112,543,543,8,fede?,fede,fede,NOUN,Intonation=rising
544-0,BO112,544,544,1,chi,chi,chi,PRON,_
544-1,BO112,544,544,2,ce,ce,ce,PRON,_
544-2,BO112,544,544,3,l',l',lo,PRON,Truncated=Yes
544-3,BO112,544,544,4,"ha,",ha,avere,AUX,Intonation=weakly_rising
544-4,BO112,544,544,5,significa,significa,significare,VERB,_
544-5,BO112,544,544,6,che,che,che,SCONJ,_
544-6,BO112,544,544,7,è,è,essere,AUX,_
544-7,BO112,544,544,8,{P},{P},_,_,_
544-8,BO112,544,544,9,sposato.,sposato,sposare,VERB,Intonation=falling
544-9,BO112,544,544,10,eh?,eh,eh,INTJ,Intonation=rising
545-0,BO112,545,545,1,quindi,quindi,quindi,ADV,_
545-1,BO112,545,545,2,questo,questo,questo,DET,_
545-2,BO112,545,545,3,segnale,segnale,segnale,NOUN,_
545-3,BO112,545,545,4,{P},{P},_,_,_
545-4,BO112,545,545,5,"allora,",allora,allora,ADV,Intonation=weakly_rising
545-5,BO112,545,545,6-7,nella,nella,_,_,_
545-5a,_,_,545,6,_,in,in,ADP,_
545-5b,_,_,545,7,_,la,il,DET,_
545-6,BO112,545,545,8,cultura,cultura,cultura,NOUN,_
545-7,BO112,545,545,9,italiana,italiana,italiano,ADJ,_
545-8,BO112,545,545,10,l',l',il,DET,Truncated=Yes
545-9,BO112,545,545,11,"anello,",anello,anello,NOUN,Intonation=weakly_rising
546-0,BO112,546,546,1,altrove,altrove,altrove,ADV,_
546-1,BO112,546,546,2,{P},{P},_,_,_
546-2,BO112,546,546,3,sono,sono,essere,AUX,_
546-3,BO112,546,546,4-5,degli,degli,_,_,_
546-3a,_,_,546,4,_,di,di,ADP,_
546-3b,_,_,546,5,_,gli,il,DET,_
546-4,BO112,546,546,6,altri,altri,altro,ADJ,_
546-5,BO112,546,546,7,"segnali,",segnali,segnale,NOUN,Intonation=weakly_rising
547-0,BO112,547,547,1,un,un,uno,DET,_
547-1,BO112,547,547,2,segno:,segno,segno,NOUN,_
547-2,BO112,547,547,3-4,sulla,sulla,_,_,_
547-2a,_,_,547,3,_,su,su,ADP,_
547-2b,_,_,547,4,_,la,il,DET,_
547-3,BO112,547,547,5,"fronte,",fronte,fronte,NOUN,Intonation=weakly_rising
547-4,BO112,547,547,6-7,degli,degli,_,_,_
547-4a,_,_,547,6,_,di,di,ADP,_
547-4b,_,_,547,7,_,gli,il,DET,_
547-5,BO112,547,547,8,anelli,anelli,anello,NOUN,_
547-6,BO112,547,547,9-10,ai,ai,_,_,_
547-6a,_,_,547,9,_,a,a,ADP,_
547-6b,_,_,547,10,_,i,il,DET,_
547-7,BO112,547,547,11,piedi,piedi,piede,NOUN,_
547-8,BO112,547,547,12,eccetera,eccetera,eccetera,ADV,_
547-9,BO112,547,547,13,"eccetera,",eccetera,eccetera,ADV,Intonation=weakly_rising
548-0,BO112,548,548,1,denotano,denotano,denotare,VERB,_
548-1,BO112,548,548,2,il,il,il,DET,_
548-2,BO112,548,548,3,fatto,fatto,fatto,NOUN,_
548-3,BO112,548,548,4,che,che,che,SCONJ,_
548-4,BO112,548,548,5,una,una,uno,DET,_
548-5,BO112,548,548,6,persona,persona,persona,NOUN,_
548-6,BO112,548,548,7,è,è,essere,AUX,_
548-7,BO112,548,548,8,sposata.,sposata,sposare,VERB,Intonation=falling
549-0,BO112,549,549,1,quindi,quindi,quindi,ADV,_
549-1,BO112,549,549,2,tutto,tutto,tutto,DET,_
549-2,BO112,549,549,3,quello,quello,quello,PRON,_
549-3,BO112,549,549,4,che,che,che,PRON,_
549-4,BO112,549,549,5,noi,noi,noi,PRON,_
549-5,BO112,549,549,6,portiamo,portiamo,portare,VERB,_
549-6,BO112,549,549,7-8,sul,sul,_,_,_
549-6a,_,_,549,7,_,su,su,ADP,_
549-6b,_,_,549,8,_,il,il,DET,_
549-7,BO112,549,549,9,corpo,corpo,corpo,NOUN,_
549-8,BO112,549,549,10,è,è,essere,AUX,_
549-9,BO112,549,549,11,un,un,uno,DET,_
549-10,BO112,549,549,12,"messaggio,",messaggio,messaggio,NOUN,Intonation=weakly_rising
550-0,BO112,550,550,1,che,che,che,PRON,_
550-1,BO112,550,550,2,viene,viene,venire,AUX,_
550-2,BO112,550,550,3,trasposto.,trasposto,trasporre,VERB,Intonation=falling
551-0,BO112,551,551,1,pensiamo,pensiamo,pensare,VERB,_
551-1,BO112,551,551,2,ad,ad,a,ADP,_
551-2,BO112,551,551,3,esempio,esempio,esempio,NOUN,_
551-3,BO112,551,551,4,gli,gli,il,DET,_
551-4,BO112,551,551,5,abiti,abiti,abito,NOUN,_
551-5,BO112,551,551,6,{P},{P},_,_,_
551-6,BO112,551,551,7-8,dei,dei,_,_,_
551-6a,_,_,551,7,_,di,di,ADP,_
551-6b,_,_,551,8,_,i,il,DET,_
551-7,BO112,551,551,9,"religiosi,",religiosi,religioso,NOUN,Intonation=weakly_rising
552-0,BO112,552,552,1,se,se,se,SCONJ,_
552-1,BO112,552,552,2,uno,uno,uno,PRON,_
552-2,BO112,552,552,3,è,è,essere,AUX,_
552-3,BO112,552,552,4,un,un,uno,DET,_
552-4,BO112,552,552,5,"frate,",frate,frate,NOUN,Intonation=weakly_rising
553-0,BO112,553,553,1,no?,no,no,ADV,Intonation=rising
553-1,BO112,553,553,2,o,o,o,CCONJ,_
553-2,BO112,553,553,3,una,una,uno,DET,_
553-3,BO112,553,553,4,"suora,",suora,suora,NOUN,Intonation=weakly_rising
554-0,BO112,554,554,1,che,che,che,SCONJ,_
554-1,BO112,554,554,2,ves~,ves~,ves~,X,Interrupted=Yes
554-2,BO112,554,554,3,è,è,essere,AUX,_
554-3,BO112,554,554,4,un,un,uno,DET,_
554-4,BO112,554,554,5,messaggio,messaggio,messaggio,NOUN,_
554-5,BO112,554,554,6,"chiarissimo,",chiarissimo,chiaro,ADJ,Intonation=weakly_rising
554-6,BO112,554,554,7,soltanto,soltanto,soltanto,ADV,_
554-7,BO112,554,554,8,attraverso,attraverso,attraverso,ADP,_
554-8,BO112,554,554,9,l',l',il,DET,Truncated=Yes
554-9,BO112,554,554,10,abito.,abito,abito,NOUN,Intonation=falling
555-0,BO112,555,555,1,"bene,",bene,bene,ADV,Intonation=weakly_rising
555-1,BO112,555,555,2,domande,domande,domanda,NOUN,_
555-2,BO112,555,555,3,fin,fin,fino,ADV,_
555-3,BO112,555,555,4,qua?,qua,quo,DET,Intonation=rising
555-4,BO112,555,555,5,dubbi?,dubbi,dubbio,NOUN,Intonation=rising
556-0,BO112,556,556,1,chiedete,chiedete,chiedere,VERB,_
556-1,BO112,556,556,2,quello,quello,quello,PRON,_
556-2,BO112,556,556,3,che,che,che,PRON,_
556-3,BO112,556,556,4,"volete,",volete,volere,AUX,Intonation=weakly_rising
557-0,BO112,557,557,1,quindi,quindi,quindi,ADV,_
557-1,BO112,557,557,2,la,la,il,DET,_
557-2,BO112,557,557,3,"cultura,",cultura,cultura,NOUN,Intonation=weakly_rising
558-0,BO112,558,558,1,viene,viene,venire,AUX,_
558-1,BO112,558,558,2,{P},{P},_,_,_
558-2,BO112,558,558,3,questa,questa,questo,PRON,_
558-3,BO112,558,558,4,è,è,essere,AUX,_
558-4,BO112,558,558,5,una,una,uno,DET,_
558-5,BO112,558,558,6,sorta,sorta,sorta,NOUN,_
558-6,BO112,558,558,7,di:,di,di,ADP,_
558-7,BO112,558,558,8,elenco,elenco,elenco,NOUN,_
558-8,BO112,558,558,9,di,di,di,ADP,_
558-9,BO112,558,558,10,caratteristiche,caratteristiche,caratteristica,NOUN,_
558-10,BO112,558,558,11-12,della,della,_,_,_
558-10a,_,_,558,11,_,di,di,ADP,_
558-10b,_,_,558,12,_,la,il,DET,_
558-11,BO112,558,558,13,"cultura,",cultura,cultura,NOUN,Intonation=weakly_rising
558-12,BO112,558,558,14,che,che,che,PRON,_
558-13,BO112,558,558,15,io,io,io,PRON,_
558-14,BO112,558,558,16,posso,posso,potere,AUX,_
558-15,BO112,558,558,17-18,chiedervi,chiedervi,_,_,_
558-15a,_,_,558,17,_,chieder,chiedere,VERB,_
558-15b,_,_,558,18,_,vi,vi,ADV,_
558-16,BO112,558,558,19,infatti,infatti,infatti,ADV,_
558-17,BO112,558,558,20-21,all',all',_,_,Truncated=Yes
558-17a,_,_,558,20,_,a,a,ADP,_
558-17b,_,_,558,21,_,l',il,DET,_
558-18,BO112,558,558,22,"esame,",esame,esame,NOUN,Intonation=weakly_rising
559-0,BO112,559,559,1,oppure,oppure,oppure,CCONJ,_
559-1,BO112,559,559,2,ve,ve,vi,PRON,_
559-2,BO112,559,559,3,ne,ne,ne,PRON,_
559-3,BO112,559,559,4,posso,posso,potere,AUX,_
559-4,BO112,559,559,5,chiedere,chiedere,chiedere,VERB,_
559-5,BO112,559,559,6,una,una,uno,PRON,_
559-6,BO112,559,559,7-8,nello,nello,_,_,_
559-6a,_,_,559,7,_,in,in,ADP,_
559-6b,_,_,559,8,_,lo,il,DET,_
559-7,BO112,559,559,9,"specifico,",specifico,specifico,ADJ,Intonation=weakly_rising
559-8,BO112,559,559,10,no?,no,no,ADV,Intonation=rising
559-9,BO112,559,559,11,andando,andando,andare,VERB,_
559-10,BO112,559,559,12,in,in,in,ADP,_
559-11,BO112,559,559,13,profondità.,profondità,profondità,NOUN,Intonation=falling
560-0,BO112,560,560,1,la,la,il,DET,_
560-1,BO112,560,560,2,"cultura,",cultura,cultura,NOUN,Intonation=weakly_rising
560-2,BO112,560,560,3,e,e,e,CCONJ,_
560-3,BO112,560,560,4,questo,questo,questo,PRON,_
560-4,BO112,560,560,5,lo,lo,lo,PRON,_
560-5,BO112,560,560,6,trovate,trovate,trovare,VERB,_
560-6,BO112,560,560,7-8,sul,sul,_,_,_
560-6a,_,_,560,7,_,su,su,ADP,_
560-6b,_,_,560,8,_,il,il,DET,_
560-7,BO112,560,560,9,fabietti.,fabietti,Fabietti,PROPN,Intonation=falling
560-8,BO112,560,560,10,non,non,non,ADV,_
560-9,BO112,560,560,11,avete,avete,avere,VERB,_
560-10,BO112,560,560,12,bisogno,bisogno,bisogno,NOUN,_
560-11,BO112,560,560,13,di,di,di,ADP,_
560-12,BO112,560,560,14,"scrivere,",scrivere,scrivere,VERB,Intonation=weakly_rising
561-0,BO112,561,561,1,primo,primo,primo,ADJ,_
561-1,BO112,561,561,2,capitolo,capitolo,capitolo,NOUN,_
561-2,BO112,561,561,3,(credo,credo,credere,VERB,_
561-3,BO112,561,561,4,che,che,che,SCONJ,_
561-4,BO112,561,561,5,sia),sia,essere,AUX,_
562-0,BO112,562,562,1,è,è,essere,AUX,_
562-1,BO112,562,562,2,{P},{P},_,_,_
562-2,BO112,562,562,3,un,un,uno,DET,_
562-3,BO112,562,562,4,{P},{P},_,_,_
562-4,BO112,562,562,5,complesso,complesso,complesso,NOUN,_
562-5,BO112,562,562,6,di,di,di,ADP,_
562-6,BO112,562,562,7,"modelli,",modelli,modello,NOUN,Intonation=weakly_rising
562-7,BO112,562,562,8,ha,ha,avere,VERB,_
562-8,BO112,562,562,9,una,una,uno,DET,_
562-9,BO112,562,562,10,dimensione,dimensione,dimensione,NOUN,_
562-10,BO112,562,562,11,operativa.,operativa,operativo,ADJ,Intonation=falling
562-11,BO112,562,562,12,una,una,uno,DET,_
562-12,BO112,562,562,13,dimensione,dimensione,dimensione,NOUN,_
562-13,BO112,562,562,14,selettiva.,selettiva,selettivo,ADJ,Intonation=falling
562-14,BO112,562,562,15,eccetera,eccetera,eccetera,ADV,_
562-15,BO112,562,562,16,"eccetera,",eccetera,eccetera,ADV,Intonation=weakly_rising
563-0,BO112,563,563,1,noi,noi,noi,PRON,_
563-1,BO112,563,563,2,"oggi,",oggi,oggi,ADV,Intonation=weakly_rising
564-0,BO112,564,564,1,m::,m,m,INTJ,_
564-1,BO112,564,564,2,non,non,non,ADV,_
564-2,BO112,564,564,3,le,le,le,PRON,_
564-3,BO112,564,564,4,{P},{P},_,_,_
564-4,BO112,564,564,5,esaminiamo,esaminiamo,esaminare,VERB,_
564-5,BO112,564,564,6,tutte,tutte,tutto,PRON,_
564-6,BO112,564,564,7,ci,ci,ci,PRON,_
564-7,BO112,564,564,8,fermiamo,fermiamo,fermare,VERB,_
564-8,BO112,564,564,9,su,su,su,ADP,_
564-9,BO112,564,564,10,questo,questo,questo,DET,_
564-10,BO112,564,564,11,aspetto,aspetto,aspetto,NOUN,_
564-11,BO112,564,564,12,{P},{P},_,_,_
564-12,BO112,564,564,13-14,della,della,_,_,_
564-12a,_,_,564,13,_,di,di,ADP,_
564-12b,_,_,564,14,_,la,il,DET,_
564-13,BO112,564,564,15,cultura,cultura,cultura,NOUN,_
564-14,BO112,564,564,16,stratificata.,stratificata,stratificato,ADJ,Intonation=falling
564-15,BO112,564,564,17,mh?,mh,mh,INTJ,Intonation=rising
565-0,BO112,565,565,1,che,che,che,DET,_
565-1,BO112,565,565,2,cosa,cosa,cosa,NOUN,_
565-2,BO112,565,565,3,significa,significa,significare,VERB,_
565-3,BO112,565,565,4,che,che,che,SCONJ,_
565-4,BO112,565,565,5,la,la,il,DET,_
565-5,BO112,565,565,6,cultura,cultura,cultura,NOUN,_
565-6,BO112,565,565,7,è,è,essere,AUX,_
565-7,BO112,565,565,8,"stratificata,",stratificata,stratificare,VERB,Intonation=weakly_rising
566-0,BO112,566,566,1,che,che,che,SCONJ,_
566-1,BO112,566,566,2,ci,ci,ci,PRON,_
566-2,BO112,566,566,3,sono,sono,essere,VERB,_
567-0,BO112,567,567,1,persone,persone,persona,NOUN,_
567-1,BO112,567,567,2,diverse,diverse,diverso,ADJ,_
567-2,BO112,567,567,3,che,che,che,PRON,_
567-3,BO112,567,567,4,appartengono,appartengono,appartenere,VERB,_
567-4,BO112,567,567,5,a,a,a,ADP,_
567-5,BO112,567,567,6,strati,strati,strato,NOUN,_
567-6,BO112,567,567,7,"diversi,",diversi,diverso,DET,Intonation=weakly_rising
568-0,BO112,568,568,1-2,della,della,_,_,_
568-0a,_,_,568,1,_,di,di,ADP,_
568-0b,_,_,568,2,_,la,il,DET,_
568-1,BO112,568,568,3,"cultura,",cultura,cultura,NOUN,Intonation=weakly_rising
568-2,BO112,568,568,4,e,e,e,CCONJ,_
568-3,BO112,568,568,5,quindi,quindi,quindi,ADV,_
568-4,BO112,568,568,6,la,la,il,DET,_
568-5,BO112,568,568,7,cultura,cultura,cultura,NOUN,_
568-6,BO112,568,568,8,non,non,non,ADV,_
568-7,BO112,568,568,9,è,è,essere,AUX,_
568-8,BO112,568,568,10,omogenea.,omogenea,omogeneo,ADJ,Intonation=falling
569-0,BO112,569,569,1,abbiamo,abbiamo,avere,AUX,_
569-1,BO112,569,569,2,fatto,fatto,fare,VERB,_
569-2,BO112,569,569,3,prima,prima,prima,ADV,_
569-3,BO112,569,569,4,l',l',il,DET,Truncated=Yes
569-4,BO112,569,569,5,esempio,esempio,esempio,NOUN,_
569-5,BO112,569,569,6-7,della,della,_,_,_
569-5a,_,_,569,6,_,di,di,ADP,_
569-5b,_,_,569,7,_,la,il,DET,_
569-6,BO112,569,569,8,fede.,fede,fede,NOUN,Intonation=falling
570-0,BO112,570,570,1,o,o,o,CCONJ,_
570-1,BO112,570,570,2-3,degli,degli,_,_,_
570-1a,_,_,570,2,_,di,di,ADP,_
570-1b,_,_,570,3,_,gli,il,DET,_
570-2,BO112,570,570,4,abiti.,abiti,abito,NOUN,Intonation=falling
571-0,BO112,571,571,1,secondo,secondo,secondo,ADP,_
571-1,BO112,571,571,2,"voi,",voi,voi,PRON,Intonation=weakly_rising
571-2,BO112,571,571,3,essere,essere,essere,AUX,_
571-3,BO112,571,571,4,una,una,uno,PRON,_
571-4,BO112,571,571,5,{P},{P},_,_,_
571-5,BO112,571,571,6,in,in,in,ADP,_
571-6,BO112,571,571,7,"italia,",italia,Italia,PROPN,Intonation=weakly_rising
572-0,BO112,572,572,1,e::h,eh,eh,INTJ,_
572-1,BO112,572,572,2,noi,noi,noi,PRON,_
572-2,BO112,572,572,3,"diciamo,",diciamo,dire,VERB,Intonation=weakly_rising
572-3,BO112,572,572,4,e:h,eh,eh,INTJ,_
572-4,BO112,572,572,5,l',l',il,DET,Truncated=Yes
572-5,BO112,572,572,6,appartenenza,appartenenza,appartenenza,NOUN,_
572-6,BO112,572,572,7,a,a,a,ADP,_
572-7,BO112,572,572,8,una,una,uno,DET,_
572-8,BO112,572,572,9,cultura,cultura,cultura,NOUN,_
572-9,BO112,572,572,10,italiana.,italiana,italiano,ADJ,Intonation=falling
572-10,BO112,572,572,11,c',c',ci,PRON,Truncated=Yes
572-11,BO112,572,572,12,è,è,essere,VERB,_
572-12,BO112,572,572,13,una,una,uno,DET,_
572-13,BO112,572,572,14,differenza?,differenza,differenza,NOUN,Intonation=rising
573-0,BO112,573,573,1,tra,tra,tra,ADP,_
573-1,BO112,573,573,2,l',l',il,DET,Truncated=Yes
573-2,BO112,573,573,3,essere,essere,essere,NOUN,_
573-3,BO112,573,573,4,{P},{P},_,_,_
573-4,BO112,573,573,5-6,del,del,_,_,_
573-4a,_,_,573,5,_,di,di,ADP,_
573-4b,_,_,573,6,_,il,il,DET,_
573-5,BO112,573,573,7,"sud,",sud,Sud,PROPN,Intonation=weakly_rising
573-6,BO112,573,573,8-9,del,del,_,_,_
573-6a,_,_,573,8,_,di,di,ADP,_
573-6b,_,_,573,9,_,il,il,DET,_
573-7,BO112,573,573,10,"nord,",nord,Nord,PROPN,Intonation=weakly_rising
573-8,BO112,573,573,11,"poveri,",poveri,povero,ADJ,Intonation=weakly_rising
573-9,BO112,573,573,12,"ricchi,",ricchi,ricco,ADJ,Intonation=weakly_rising
573-10,BO112,573,573,13,"uomini,",uomini,uomo,NOUN,Intonation=weakly_rising
573-11,BO112,573,573,14,"donne,",donne,donna,NOUN,Intonation=weakly_rising
573-12,BO112,573,573,15,e:h?,eh,eh,INTJ,Intonation=rising
574-0,BO112,574,574,1,noi,noi,noi,PRON,_
574-1,BO112,574,574,2,non,non,non,ADV,_
574-2,BO112,574,574,3,riusciamo,riusciamo,riuscire,VERB,_
574-3,BO112,574,574,4,a,a,a,ADP,_
574-4,BO112,574,574,5,"identificare,",identificare,identificare,VERB,Intonation=weakly_rising
575-0,BO112,575,575,1,un,un,uno,DET,_
575-1,BO112,575,575,2,"italiano,",italiano,italiano,NOUN,Intonation=weakly_rising
576-0,BO112,576,576,1,ideale.,ideale,ideale,ADJ,Intonation=falling
576-1,BO112,576,576,2,mh?,mh,mh,INTJ,Intonation=rising
577-0,BO112,577,577,1,la,la,il,DET,_
577-1,BO112,577,577,2,cultura,cultura,cultura,NOUN,_
577-2,BO112,577,577,3,italiana,italiana,italiano,ADJ,_
577-3,BO112,577,577,4,è,è,essere,AUX,_
577-4,BO112,577,577,5,profondamente,profondamente,profondamente,ADV,_
577-5,BO112,577,577,6,stratificata.,stratificata,stratificare,VERB,Intonation=falling
577-6,BO112,577,577,7,e,e,e,CCONJ,_
577-7,BO112,577,577,8,ci,ci,ci,PRON,_
577-8,BO112,577,577,9,sono,sono,essere,VERB,_
577-9,BO112,577,577,10,tantissimi,tantissimi,tanto,DET,_
577-10,BO112,577,577,11,"livelli,",livelli,livello,NOUN,Intonation=weakly_rising
578-0,BO112,578,578,1,"economici,",economici,economico,ADJ,Intonation=weakly_rising
578-1,BO112,578,578,2,{P},{P},_,_,_
578-2,BO112,578,578,3,per,per,per,ADP,_
578-3,BO112,578,578,4,"esempio,",esempio,esempio,NOUN,Intonation=weakly_rising
579-0,BO112,579,579,1,e,e,e,CCONJ,_
579-1,BO112,579,579,2,quindi,quindi,quindi,ADV,_
579-2,BO112,579,579,3,di,di,di,ADP,_
579-3,BO112,579,579,4,accesso,accesso,accesso,NOUN,_
579-4,BO112,579,579,5-6,alle,alle,_,_,_
579-4a,_,_,579,5,_,a,a,ADP,_
579-4b,_,_,579,6,_,le,il,DET,_
579-5,BO112,579,579,7,"risorse,",risorse,risorsa,NOUN,Intonation=weakly_rising
580-0,BO112,580,580,1,avete,avete,avere,AUX,_
580-1,BO112,580,580,2,studiato,studiato,studiare,VERB,_
580-2,BO112,580,580,3,burgieu?,burgieu,Burgieu,PROPN,Intonation=rising
581-0,BO112,581,581,1,"vabbè,",vabbè,vabbè,INTJ,Intonation=weakly_rising
581-1,BO112,581,581,2,non,non,non,ADV,_
581-2,BO112,581,581,3,ha,ha,avere,VERB,_
581-3,BO112,581,581,4,importanza.,importanza,importanza,NOUN,Intonation=falling
581-4,BO112,581,581,5,insomma,insomma,insomma,ADV,_
581-5,BO112,581,581,6,{P},{P},_,_,_
581-6,BO112,581,581,7,>la,la,il,DET,_
581-7,BO112,581,581,8,cultura,cultura,cultura,NOUN,_
581-8,BO112,581,581,9,"stratificata<,",stratificata,stratificato,ADJ,Intonation=weakly_rising
582-0,BO112,582,582,1,però,però,però,ADV,_
582-1,BO112,582,582,2,ci,ci,ci,PRON,_
582-2,BO112,582,582,3,sono,sono,essere,VERB,_
582-3,BO112,582,582,4-5,degli,degli,_,_,_
582-3a,_,_,582,4,_,di,di,ADP,_
582-3b,_,_,582,5,_,gli,il,DET,_
582-4,BO112,582,582,6,esempi,esempi,esempio,NOUN,_
582-5,BO112,582,582,7,che,che,che,PRON,_
582-6,BO112,582,582,8,sono,sono,essere,AUX,_
582-7,BO112,582,582,9,"particolarmente,",particolarmente,particolarmente,ADV,Intonation=weakly_rising
583-0,BO112,583,583,1,e::h,eh,eh,INTJ,_
584-0,BO112,584,584,1,interessanti,interessanti,interessante,NOUN,_
584-1,BO112,584,584,2,per,per,per,ADP,_
584-2,BO112,584,584,3,la,la,il,DET,_
584-3,BO112,584,584,4,stratificazione,stratificazione,stratificazione,NOUN,_
584-4,BO112,584,584,5-6,della,della,_,_,_
584-4a,_,_,584,5,_,di,di,ADP,_
584-4b,_,_,584,6,_,la,il,DET,_
584-5,BO112,584,584,7,"cultura,",cultura,cultura,NOUN,Intonation=weakly_rising
585-0,BO112,585,585,1,e,e,e,CCONJ,_
585-1,BO112,585,585,2,sono,sono,essere,AUX,_
585-2,BO112,585,585,3,quelli,quelli,quello,PRON,_
585-3,BO112,585,585,4-5,delle,delle,_,_,_
585-3a,_,_,585,4,_,di,di,ADP,_
585-3b,_,_,585,5,_,le,le,PRON,_
585-4,BO112,585,585,6,{P},{P},_,_,_
585-5,BO112,585,585,7-8,della,della,_,_,_
585-5a,_,_,585,7,_,di,di,ADP,_
585-5b,_,_,585,8,_,la,il,DET,_
585-6,BO112,585,585,9,società,società,società,NOUN,_
585-7,BO112,585,585,10,indiana.,indiana,indiano,ADJ,Intonation=falling
586-0,BO112,586,586,1,la,la,il,DET,_
586-1,BO112,586,586,2,società,società,società,NOUN,_
586-2,BO112,586,586,3,"indiana,",indiana,indiano,ADJ,Intonation=weakly_rising
586-3,BO112,586,586,4-5,dal,dal,_,_,_
586-3a,_,_,586,4,_,da,da,ADP,_
586-3b,_,_,586,5,_,il,il,DET,_
586-4,BO112,586,586,6,punto,punto,punto,NOUN,_
586-5,BO112,586,586,7,di,di,di,ADP,_
586-6,BO112,586,586,8,vista,vista,vista,NOUN,_
586-7,BO112,586,586,9-10,della,della,_,_,_
586-7a,_,_,586,9,_,di,di,ADP,_
586-7b,_,_,586,10,_,la,il,DET,_
586-8,BO112,586,586,11,stratificazione,stratificazione,stratificazione,NOUN,_
586-9,BO112,586,586,12,ha,ha,avere,AUX,_
586-10,BO112,586,586,13,raggiunto,raggiunto,raggiungere,VERB,_
586-11,BO112,586,586,14,vette,vette,vetta,NOUN,_
586-12,BO112,586,586,15,"straordinarie,",straordinarie,straordinario,ADJ,Intonation=weakly_rising
587-0,BO112,587,587,1,perché,perché,perché,SCONJ,_
587-1,BO112,587,587,2,conosce,conosce,conoscere,VERB,_
587-2,BO112,587,587,3,il,il,il,DET,_
587-3,BO112,587,587,4,sistema,sistema,sistema,NOUN,_
587-4,BO112,587,587,5-6,delle,delle,_,_,_
587-4a,_,_,587,5,_,di,di,ADP,_
587-4b,_,_,587,6,_,le,il,DET,_
587-5,BO112,587,587,7,caste.,caste,casta,NOUN,Intonation=falling
588-0,BO112,588,588,1,conoscete::,conoscete,conoscere,VERB,_
588-1,BO112,588,588,2,le,le,il,DET,_
588-2,BO112,588,588,3,caste?,caste,casta,NOUN,Intonation=rising
589-0,BO112,589,589,1,sapete,sapete,sapere,VERB,_
589-1,BO112,589,589,2,che,che,che,DET,_
589-2,BO112,589,589,3,cosa,cosa,cosa,NOUN,_
589-3,BO112,589,589,4,sono?,sono,essere,AUX,Intonation=rising
590-0,BO112,590,590,1,ditemi,ditemi,_,_,_
590-0a,_,_,590,,_,dite,dire,VERB,
590-0b,_,_,590,,_,mi,mi,PRON,
590-1,BO112,590,590,2,un,un,uno,DET,_
590-2,BO112,590,590,3,po'.,po',poco,ADV,Intonation=falling
591-0,BO112,591,591,1,se,se,se,SCONJ,_
591-1,BO112,591,591,2,lo,lo,lo,PRON,_
591-2,BO112,591,591,3,sapete::,sapete,sapere,VERB,_
591-3,BO112,591,591,4,volete,volete,volere,AUX,_
591-4,BO112,591,591,5,fare,fare,fare,VERB,_
591-5,BO112,591,591,6,"una,",una,uno,DET,Intonation=weakly_rising
592-0,BO112,592,592,1,provare,provare,provare,VERB,_
592-1,BO112,592,592,2,a,a,a,ADP,_
592-2,BO112,592,592,3-4,dirlo?,dirlo,_,_,Intonation=rising
592-2a,_,_,592,3,_,dir,dire,VERB,_
592-2b,_,_,592,4,_,lo,lo,PRON,_
593-0,BO112,593,593,1,"prego,",prego,prego,INTJ,Intonation=weakly_rising
594-0,???,594,594,1,e:h,eh,eh,INTJ,_
594-1,???,594,594,2,sono,sono,essere,AUX,_
594-2,???,594,594,3,i,i,il,DET,_
594-3,???,594,594,4,diversi,diversi,diverso,ADJ,_
594-4,???,594,594,5,livelli,livelli,livello,NOUN,_
594-5,???,594,594,6,sociali::,sociali,sociale,ADJ,_
594-6,???,594,594,7-8,all',all',_,_,Truncated=Yes
594-6a,_,_,594,7,_,a,a,ADP,_
594-6b,_,_,594,8,_,l',il,DET,_
594-7,???,594,594,9,interno,interno,interno,NOUN,_
594-8,???,594,594,10,interno,interno,interno,NOUN,_
594-9,???,594,594,11-12,della,della,_,_,_
594-9a,_,_,594,11,_,di,di,ADP,_
594-9b,_,_,594,12,_,la,il,DET,_
594-10,???,594,594,13,(comunità),comunità,comunità,NOUN,_
594-11,???,594,594,14,indiana:,indiana,indiano,ADJ,_
595-0,???,595,595,1,xxx,xxx,x,X,_
596-0,BO112,596,596,1,"allora,",allora,allora,ADV,Intonation=weakly_rising
597-0,BO112,597,597,1,la,la,il,DET,_
597-1,BO112,597,597,2,società,società,società,NOUN,_
597-2,BO112,597,597,3,indiana,indiana,indiano,ADJ,_
597-3,BO112,597,597,4,è,è,essere,AUX,_
597-4,BO112,597,597,5,"allora,",allora,allora,ADV,Intonation=weakly_rising
598-0,BO112,598,598,1,naturalmente,naturalmente,naturalmente,ADV,_
598-1,BO112,598,598,2,le,le,il,DET,_
598-2,BO112,598,598,3,caste,caste,casta,NOUN,_
598-3,BO112,598,598,4,sono,sono,essere,AUX,_
598-4,BO112,598,598,5,una,una,uno,DET,_
598-5,BO112,598,598,6,pratica,pratica,pratica,NOUN,_
598-6,BO112,598,598,7,sociale.,sociale,sociale,ADJ,Intonation=falling
599-0,BO112,599,599,1-2,dal,dal,_,_,_
599-0a,_,_,599,1,_,da,da,ADP,_
599-0b,_,_,599,2,_,il,il,DET,_
599-1,BO112,599,599,3,punto,punto,punto,NOUN,_
599-2,BO112,599,599,4,di,di,di,ADP,_
599-3,BO112,599,599,5,vista,vista,vista,NOUN,_
599-4,BO112,599,599,6,legislativo,legislativo,legislativo,ADJ,_
599-5,BO112,599,599,7,sono,sono,essere,AUX,_
599-6,BO112,599,599,8,state,state,essere,AUX,_
599-7,BO112,599,599,9,abolite.,abolite,abolire,VERB,Intonation=falling
599-8,BO112,599,599,10,non,non,non,ADV,_
599-9,BO112,599,599,11,esistono.,esistono,esistere,VERB,Intonation=falling
600-0,BO112,600,600,1,ma,ma,ma,CCONJ,_
600-1,BO112,600,600,2,in,in,in,ADP,_
600-2,BO112,600,600,3,realtà,realtà,realtà,NOUN,_
600-3,BO112,600,600,4,ci,ci,ci,PRON,_
600-4,BO112,600,600,5,sono.,sono,essere,VERB,Intonation=falling
601-0,BO112,601,601,1,quindi,quindi,quindi,ADV,_
601-1,BO112,601,601,2,{P},{P},_,_,_
601-2,BO112,601,601,3,le,le,il,DET,_
601-3,BO112,601,601,4,caste,caste,casta,NOUN,_
601-4,BO112,601,601,5,rappresentano,rappresentano,rappresentare,VERB,_
601-5,BO112,601,601,6,{P},{P},_,_,_
601-6,BO112,601,601,7,una,una,uno,DET,_
601-7,BO112,601,601,8,{P},{P},_,_,_
601-8,BO112,601,601,9,e:h,eh,eh,INTJ,_
601-9,BO112,601,601,10,"stratificazione,",stratificazione,stratificazione,NOUN,Intonation=weakly_rising
602-0,BO112,602,602,1,in,in,in,ADP,_
602-1,BO112,602,602,2,cui,cui,cui,PRON,_
602-2,BO112,602,602,3,c',c',ci,PRON,Truncated=Yes
602-3,BO112,602,602,4,è,è,essere,VERB,_
602-4,BO112,602,602,5,una,una,uno,DET,_
602-5,BO112,602,602,6,"gerarchia,",gerarchia,gerarchia,NOUN,Intonation=weakly_rising
603-0,BO112,603,603,1,che,che,che,PRON,_
603-1,BO112,603,603,2,dipende,dipende,dipendere,VERB,_
603-2,BO112,603,603,3-4,dall',dall',_,_,Truncated=Yes
603-2a,_,_,603,3,_,da,da,ADP,_
603-2b,_,_,603,4,_,l',il,DET,_
603-3,BO112,603,603,5,ordine,ordine,ordine,NOUN,_
603-4,BO112,603,603,6,di,di,di,ADP,_
603-5,BO112,603,603,7,purezza,purezza,purezza,NOUN,_
603-6,BO112,603,603,8,rituale.,rituale,rituale,ADJ,Intonation=falling
604-0,BO112,604,604,1,quindi,quindi,quindi,ADV,_
604-1,BO112,604,604,2,{P},{P},_,_,_
604-2,BO112,604,604,3,una,una,uno,DET,_
604-3,BO112,604,604,4,gerarchia,gerarchia,gerarchia,NOUN,_
604-4,BO112,604,604,5,che,che,che,PRON,_
604-5,BO112,604,604,6,dipende,dipende,dipendere,VERB,_
604-6,BO112,604,604,7-8,dall',dall',_,_,Truncated=Yes
604-6a,_,_,604,7,_,da,da,ADP,_
604-6b,_,_,604,8,_,l',il,DET,_
604-7,BO112,604,604,9,ordine,ordine,ordine,NOUN,_
604-8,BO112,604,604,10-11,della,della,_,_,_
604-8a,_,_,604,10,_,di,di,ADP,_
604-8b,_,_,604,11,_,la,il,DET,_
604-9,BO112,604,604,12,purezza,purezza,purezza,NOUN,_
604-10,BO112,604,604,13,rituale.,rituale,rituale,ADJ,Intonation=falling
605-0,BO112,605,605,1,quindi,quindi,quindi,ADV,_
605-1,BO112,605,605,2,ci,ci,ci,PRON,_
605-2,BO112,605,605,3,sono,sono,essere,VERB,_
605-3,BO112,605,605,4,"persone,",persone,persona,NOUN,Intonation=weakly_rising
606-0,BO112,606,606,1,che,che,che,PRON,_
606-1,BO112,606,606,2,sono,sono,essere,VERB,_
606-2,BO112,606,606,3-4,alla,alla,_,_,_
606-2a,_,_,606,3,_,a,a,ADP,_
606-2b,_,_,606,4,_,la,il,DET,_
606-3,BO112,606,606,5,base,base,base,NOUN,_
606-4,BO112,606,606,6-7,della,della,_,_,_
606-4a,_,_,606,6,_,di,di,ADP,_
606-4b,_,_,606,7,_,la,il,DET,_
606-5,BO112,606,606,8,"piramide,",piramide,piramide,NOUN,Intonation=weakly_rising
607-0,BO112,607,607,1,che,che,che,SCONJ,_
607-1,BO112,607,607,2,sono,sono,essere,AUX,_
608-0,BO112,608,608,1,persone,persone,persona,NOUN,_
609-0,BO112,609,609,1,che,che,che,PRON,_
609-1,BO112,609,609,2,svolgono,svolgono,svolgere,VERB,_
609-2,BO112,609,609,3,lavori,lavori,lavoro,NOUN,_
609-3,BO112,609,609,4,più,più,più,ADV,_
609-4,BO112,609,609,5,"umili,",umili,umile,ADJ,Intonation=weakly_rising
610-0,BO112,610,610,1,e,e,e,CCONJ,_
610-1,BO112,610,610,2,poi,poi,poi,ADV,_
610-2,BO112,610,610,3,pian,pian,piano,ADV,_
610-3,BO112,610,610,4,piano,piano,piano,ADV,_
610-4,BO112,610,610,5,"salendo,",salendo,salire,VERB,Intonation=weakly_rising
610-5,BO112,610,610,6,la,la,il,DET,_
610-6,BO112,610,610,7,purezza,purezza,purezza,NOUN,_
610-7,BO112,610,610,8,rituale,rituale,rituale,ADJ,_
610-8,BO112,610,610,9,"aumenta,",aumenta,aumentare,VERB,Intonation=weakly_rising
611-0,BO112,611,611,1,e,e,e,CCONJ,_
611-1,BO112,611,611,2-3,alla,alla,_,_,_
611-1a,_,_,611,2,_,a,a,ADP,_
611-1b,_,_,611,3,_,la,il,DET,_
611-2,BO112,611,611,4,vetta,vetta,vetta,NOUN,_
611-3,BO112,611,611,5-6,della,della,_,_,_
611-3a,_,_,611,5,_,di,di,ADP,_
611-3b,_,_,611,6,_,la,il,DET,_
611-4,BO112,611,611,7,"piramide,",piramide,piramide,NOUN,Intonation=weakly_rising
611-5,BO112,611,611,8,ci,ci,ci,PRON,_
611-6,BO112,611,611,9,sono,sono,essere,VERB,_
611-7,BO112,611,611,10,"persone,",persone,persone,NOUN,Intonation=weakly_rising
612-0,BO112,612,612,1,particolarmente,particolarmente,particolarmente,ADV,_
612-1,BO112,612,612,2,pure.,pure,pure,ADV,Intonation=falling
613-0,BO112,613,613,1,esistono,esistono,esistere,VERB,_
613-1,BO112,613,613,2,poi,poi,poi,ADV,_
613-2,BO112,613,613,3,{P},{P},_,_,_
613-3,BO112,613,613,4,i,i,il,DET,_
613-4,BO112,613,613,5,fuori,fuori,fuori,ADV,_
613-5,BO112,613,613,6,"casta,",casta,casta,NOUN,Intonation=weakly_rising
614-0,BO112,614,614,1,che,che,che,PRON,_
614-1,BO112,614,614,2,sono,sono,essere,AUX,_
614-2,BO112,614,614,3,i,i,il,DET,_
614-3,BO112,614,614,4,"galit,",galit,galit,NOUN,Intonation=weakly_rising
615-0,BO112,615,615,1-2,sui,sui,_,_,_
615-0a,_,_,615,1,_,su,su,ADP,_
615-0b,_,_,615,2,_,i,il,DET,_
615-1,BO112,615,615,3,quali,quali,quale,PRON,_
615-2,BO112,615,615,4,vedremo,vedremo,vedere,VERB,_
615-3,BO112,615,615,5,un,un,uno,DET,_
615-4,BO112,615,615,6,video,video,video,NOUN,_
615-5,BO112,615,615,7-8,nelle,nelle,_,_,_
615-5a,_,_,615,7,_,in,in,ADP,_
615-5b,_,_,615,8,_,le,il,DET,_
615-6,BO112,615,615,9,prossime,prossime,prossimo,ADJ,_
615-7,BO112,615,615,10,lezioni.,lezioni,lezione,NOUN,Intonation=falling
616-0,BO112,616,616,1,allora,allora,allora,ADV,_
616-1,BO112,616,616,2,l',l',il,DET,Truncated=Yes
616-2,BO112,616,616,3,esempio,esempio,esempio,NOUN,_
616-3,BO112,616,616,4-5,della,della,_,_,_
616-3a,_,_,616,4,_,di,di,ADP,_
616-3b,_,_,616,5,_,la,il,DET,_
616-4,BO112,616,616,6,stratificazione,stratificazione,stratificazione,NOUN,_
616-5,BO112,616,616,7,indiana,indiana,indiano,ADJ,_
616-6,BO112,616,616,8,è,è,essere,AUX,_
616-7,BO112,616,616,9,un,un,uno,DET,_
616-8,BO112,616,616,10,esempio,esempio,esempio,NOUN,_
616-9,BO112,616,616,11,"estremo,",estremo,estremo,ADJ,Intonation=weakly_rising
617-0,BO112,617,617,1,però,però,però,ADV,_
617-1,BO112,617,617,2,comunque,comunque,comunque,ADV,_
617-2,BO112,617,617,3,la,la,il,DET,_
617-3,BO112,617,617,4,stratificazione,stratificazione,stratificazione,NOUN,_
617-4,BO112,617,617,5,avviene,avviene,avvenire,VERB,_
617-5,BO112,617,617,6,{P},{P},_,_,_
617-6,BO112,617,617,7,in,in,in,ADP,_
617-7,BO112,617,617,8,tutte,tutte,tutto,DET,_
617-8,BO112,617,617,9,le,le,il,DET,_
617-9,BO112,617,617,10,società.,società,società,NOUN,Intonation=falling
618-0,BO112,618,618,1,vedete,vedete,vedere,VERB,_
618-1,BO112,618,618,2,che,che,che,SCONJ,_
618-2,BO112,618,618,3,io,io,io,PRON,_
618-3,BO112,618,618,4,passo,passo,passare,VERB,_
618-4,BO112,618,618,5,{P},{P},_,_,_
618-5,BO112,618,618,6,da,da,da,ADP,_
618-6,BO112,618,618,7,un,un,uno,DET,_
618-7,BO112,618,618,8,tema,tema,tema,NOUN,_
618-8,BO112,618,618,9-10,all',all',_,_,Truncated=Yes
618-8a,_,_,618,9,_,a,a,ADP,_
618-8b,_,_,618,10,_,l',il,DET,_
618-9,BO112,618,618,11,altro.,altro,altro,PRON,Intonation=falling
618-10,BO112,618,618,12,"quindi,",quindi,quindi,ADV,Intonation=weakly_rising
619-0,BO112,619,619,1,pian,pian,piano,ADV,_
619-1,BO112,619,619,2,piano,piano,piano,ADV,_
619-2,BO112,619,619,3-4,nel,nel,_,_,_
619-2a,_,_,619,3,_,in,in,ADP,_
619-2b,_,_,619,4,_,il,il,DET,_
619-3,BO112,619,619,5,fabietti,fabietti,Fabietti,PROPN,_
619-4,BO112,619,619,6,voi,voi,voi,PRON,_
619-5,BO112,619,619,7,andrete,andrete,andare,VERB,_
619-6,BO112,619,619,8,a,a,a,ADP,_
619-7,BO112,619,619,9,"cercare,",cercare,cercare,VERB,Intonation=weakly_rising
620-0,BO112,620,620,1,i,i,il,DET,_
620-1,BO112,620,620,2,vari,vari,vario,ADJ,_
620-2,BO112,620,620,3,punti,punti,punto,NOUN,_
620-3,BO112,620,620,4-5,sui,sui,_,_,_
620-3a,_,_,620,4,_,su,su,ADP,_
620-3b,_,_,620,5,_,i,il,DET,_
620-4,BO112,620,620,6,quali,quali,quale,PRON,_
620-5,BO112,620,620,7,abbiamo,abbiamo,avere,AUX,_
620-6,BO112,620,620,8,lavorato.,lavorato,lavorare,VERB,Intonation=falling
620-7,BO112,620,620,9,mh?,mh,mh,INTJ,Intonation=rising
621-0,BO112,621,621,1-2,dal,dal,_,_,_
621-0a,_,_,621,1,_,da,da,ADP,_
621-0b,_,_,621,2,_,il,il,DET,_
621-1,BO112,621,621,3,punto,punto,punto,NOUN,_
621-2,BO112,621,621,4,di,di,di,ADP,_
621-3,BO112,621,621,5,vista,vista,vista,NOUN,_
621-4,BO112,621,621,6-7,dell',dell',_,_,Truncated=Yes
621-4a,_,_,621,6,_,di,di,ADP,_
621-4b,_,_,621,7,_,l',il,DET,_
621-5,BO112,621,621,8,"antropologia,",antropologia,antropologia,NOUN,Intonation=weakly_rising
622-0,BO112,622,622,1,quello,quello,quello,PRON,_
622-1,BO112,622,622,2,che,che,che,PRON,_
622-2,BO112,622,622,3,ci,ci,ci,PRON,_
622-3,BO112,622,622,4,interessa,interessa,interessare,VERB,_
622-4,BO112,622,622,5,non,non,non,ADV,_
622-5,BO112,622,622,6,è,è,essere,AUX,_
622-6,BO112,622,622,7,solo,solo,solo,ADV,_
623-0,BO112,623,623,1,com',com',come,SCONJ,Truncated=Yes
623-1,BO112,623,623,2,è,è,essere,AUX,_
623-2,BO112,623,623,3,costituita,costituita,costituire,VERB,_
623-3,BO112,623,623,4,la,la,il,DET,_
623-4,BO112,623,623,5,"società,",società,società,NOUN,Intonation=weakly_rising
623-5,BO112,623,623,6,ma,ma,ma,CCONJ,_
623-6,BO112,623,623,7,anche,anche,anche,ADV,_
623-7,BO112,623,623,8,come,come,come,ADP,_
623-8,BO112,623,623,9,fa,fa,fa,ADV,_
623-9,BO112,623,623,10,l',l',il,DET,Truncated=Yes
623-10,BO112,623,623,11,antropologo,antropologo,antropologo,NOUN,_
623-11,BO112,623,623,12,a,a,a,ADP,_
623-12,BO112,623,623,13-14,studiarla.,studiarla,_,_,Intonation=falling
623-12a,_,_,623,13,_,studiar,studiare,VERB,_
623-12b,_,_,623,14,_,la,la,PRON,_
624-0,BO112,624,624,1,immaginate,immaginate,immaginare,VERB,_
624-1,BO112,624,624,2,una,una,uno,DET,_
624-2,BO112,624,624,3,società,società,società,NOUN,_
624-3,BO112,624,624,4,divisa,divisa,diviso,ADJ,_
624-4,BO112,624,624,5,in,in,in,ADP,_
624-5,BO112,624,624,6,caste.,caste,casta,NOUN,Intonation=falling
625-0,BO112,625,625,1,se,se,se,SCONJ,_
625-1,BO112,625,625,2,voi,voi,voi,PRON,_
625-2,BO112,625,625,3,avete,avete,avere,VERB,_
625-3,BO112,625,625,4,qualcuno,qualcuno,qualcuno,PRON,_
625-4,BO112,625,625,5,che,che,che,PRON,_
625-5,BO112,625,625,6,vi,vi,vi,PRON,_
625-6,BO112,625,625,7,"accompagna,",accompagna,accompagnare,VERB,Intonation=weakly_rising
625-7,BO112,625,625,8,e,e,e,CCONJ,_
625-8,BO112,625,625,9,che,che,che,SCONJ,_
626-0,BO112,626,626,1,in,in,in,ADP,_
626-1,BO112,626,626,2,antropologia,antropologia,antropologia,NOUN,_
626-2,BO112,626,626,3,si,si,si,PRON,_
626-3,BO112,626,626,4,chiama,chiama,chiamare,VERB,_
626-4,BO112,626,626,5,{P},{P},_,_,_
626-5,BO112,626,626,6,"informatore,",informatore,informatore,NOUN,Intonation=weakly_rising
627-0,BO112,627,627,1,non,non,non,ADV,_
627-1,BO112,627,627,2,ha,ha,avere,VERB,_
627-2,BO112,627,627,3,niente,niente,niente,PRON,_
627-3,BO112,627,627,4,a,a,a,ADP,_
627-4,BO112,627,627,5,che,che,che,SCONJ,_
627-5,BO112,627,627,6,"fare,",fare,fare,VERB,Intonation=weakly_rising
627-6,BO112,627,627,7,con,con,con,ADP,_
627-7,BO112,627,627,8,la,la,il,DET,_
627-8,BO112,627,627,9,"polizia,",polizia,polizia,NOUN,Intonation=weakly_rising
627-9,BO112,627,627,10,eh?,eh,eh,INTJ,Intonation=rising
628-0,BO112,628,628,1,informatore,informatore,informatore,NOUN,_
628-1,BO112,628,628,2,vuol,vuol,volere,AUX,_
628-2,BO112,628,628,3,"dire,",dire,dire,VERB,Intonation=weakly_rising
629-0,BO112,629,629,1,l',l',il,DET,Truncated=Yes
629-1,BO112,629,629,2,interlocutore,interlocutore,interlocutore,NOUN,_
629-2,BO112,629,629,3,"privilegiato,",privilegiato,privilegiato,ADJ,Intonation=weakly_rising
629-3,BO112,629,629,4,quello,quello,quello,PRON,_
629-4,BO112,629,629,5,con,con,con,ADP,_
629-5,BO112,629,629,6,cui,cui,cui,PRON,_
629-6,BO112,629,629,7,parlo,parlo,parlare,VERB,_
629-7,BO112,629,629,8,di,di,di,ADP,_
629-8,BO112,629,629,9,"più,",più,più,ADV,Intonation=weakly_rising
630-0,BO112,630,630,1,possiamo,possiamo,potere,AUX,_
630-1,BO112,630,630,2,anche,anche,anche,ADV,_
630-2,BO112,630,630,3,accantonare,accantonare,accantonare,VERB,_
630-3,BO112,630,630,4,questa,questa,questo,DET,_
630-4,BO112,630,630,5,"parola,",parola,parola,NOUN,Intonation=weakly_rising
630-5,BO112,630,630,6,però,però,però,ADV,_
631-0,BO112,631,631,1,visto,visto,vedere,VERB,_
631-1,BO112,631,631,2,che,che,che,SCONJ,_
631-2,BO112,631,631,3,la,la,la,PRON,_
631-3,BO112,631,631,4,trovate,trovate,trovare,VERB,_
631-4,BO112,631,631,5-6,nei,nei,_,_,_
631-4a,_,_,631,5,_,in,in,ADP,_
631-4b,_,_,631,6,_,i,il,DET,_
631-5,BO112,631,631,7,"testi,",testi,testo,NOUN,Intonation=weakly_rising
631-6,BO112,631,631,8,è,è,essere,AUX,_
631-7,BO112,631,631,9,bene,bene,bene,ADV,_
631-8,BO112,631,631,10,saperla.,saperla,_,_,Intonation=falling
631-8a,_,_,631,,_,saper,sapere,VERB,
631-8b,_,_,631,,_,la,la,PRON,
632-0,BO112,632,632,1,di,di,di,ADP,_
632-1,BO112,632,632,2,che,che,che,DET,_
632-2,BO112,632,632,3,casta,casta,casta,NOUN,_
632-3,BO112,632,632,4,deve,deve,dovere,AUX,_
632-4,BO112,632,632,5,"essere,",essere,essere,AUX,Intonation=weakly_rising
632-5,BO112,632,632,6,il,il,il,DET,_
632-6,BO112,632,632,7,mio,mio,mio,DET,_
632-7,BO112,632,632,8,infomatore?,infomatore,infomatore,NOUN,Intonation=rising
633-0,BO112,633,633,1,ha,ha,avere,AUX,_
633-1,BO112,633,633,2,alzato,alzato,alzare,VERB,_
633-2,BO112,633,633,3,la,la,il,DET,_
633-3,BO112,633,633,4,mano?,mano,mano,NOUN,Intonation=rising
634-0,BO112,634,634,1,°no°.,no,no,ADV,Intonation=falling|Volume=low
635-0,BO112,635,635,1,allora,allora,allora,ADV,_
635-1,BO112,635,635,2,{P},{P},_,_,_
635-2,BO112,635,635,3,deve,deve,dovere,AUX,_
635-3,BO112,635,635,4,appartenere,appartenere,appartenere,VERB,_
635-4,BO112,635,635,5,a,a,a,ADP,_
635-5,BO112,635,635,6,una,una,uno,DET,_
635-6,BO112,635,635,7,casta,casta,casta,NOUN,_
635-7,BO112,635,635,8,"alta,",alta,alto,ADJ,Intonation=weakly_rising
635-8,BO112,635,635,9,a,a,a,ADP,_
635-9,BO112,635,635,10,una,una,uno,DET,_
635-10,BO112,635,635,11,casta,casta,casta,NOUN,_
635-11,BO112,635,635,12,"bassa,",bassa,basso,ADJ,Intonation=weakly_rising
635-12,BO112,635,635,13,a,a,a,ADP,_
635-13,BO112,635,635,14,nessuna,nessuna,nessuno,DET,_
635-14,BO112,635,635,15,"casta,",casta,casta,NOUN,Intonation=weakly_rising
635-15,BO112,635,635,16,deve,deve,dovere,AUX,_
635-16,BO112,635,635,17,stare,stare,stare,VERB,_
635-17,BO112,635,635,18-19,nei,nei,_,_,_
635-17a,_,_,635,18,_,in,in,ADP,_
635-17b,_,_,635,19,_,i,il,DET,_
635-18,BO112,635,635,20,fuori,fuori,fuori,ADV,_
635-19,BO112,635,635,21,"casta,",casta,casta,NOUN,Intonation=weakly_rising
636-0,BO112,636,636,1,immaginiamo,immaginiamo,immaginare,VERB,_
636-1,BO112,636,636,2,che,che,che,SCONJ,_
636-2,BO112,636,636,3,sia,sia,essere,AUX,_
636-3,BO112,636,636,4,{P},{P},_,_,_
636-4,BO112,636,636,5,questo,questo,questo,DET,_
636-5,BO112,636,636,6,interlocutore,interlocutore,interlocutore,NOUN,_
636-6,BO112,636,636,7,indiano.,indiano,indiano,ADJ,Intonation=falling
637-0,BO112,637,637,1,un,un,uno,DET,_
637-1,BO112,637,637,2,vo~,vo~,vo~,X,Interrupted=Yes
637-2,BO112,637,637,3,lei,lei,lei,PRON,_
637-3,BO112,637,637,4,dice,dice,dire,VERB,_
637-4,BO112,637,637,5,una,una,uno,DET,_
637-5,BO112,637,637,6,casta,casta,casta,NOUN,_
637-6,BO112,637,637,7,bassa.,bassa,basso,ADJ,Intonation=falling
638-0,BO112,638,638,1,c',c',ci,PRON,Truncated=Yes
638-1,BO112,638,638,2,è,è,essere,VERB,_
638-2,BO112,638,638,3,qualcuno,qualcuno,qualcuno,PRON,_
638-3,BO112,638,638,4,che,che,che,PRON,_
638-4,BO112,638,638,5,ha,ha,avere,VERB,_
638-5,BO112,638,638,6,un',un',uno,DET,Truncated=Yes
638-6,BO112,638,638,7,altra,altra,altro,ADJ,_
638-7,BO112,638,638,8,idea?,idea,idea,NOUN,Intonation=rising
639-0,???,639,639,1,magari,magari,magari,ADV,_
639-1,???,639,639,2,più,più,più,ADV,_
639-2,???,639,639,3,di,di,di,ADP,_
639-3,???,639,639,4,un,un,uno,DET,_
639-4,???,639,639,5,"interlocutore,",interlocutore,interlocutore,NOUN,Intonation=weakly_rising
640-0,BO112,640,640,1,no,no,no,ADV,_
640-1,BO112,640,640,2,e:h,eh,eh,INTJ,_
640-2,BO112,640,640,3,dicevo,dicevo,dire,VERB,_
640-3,BO112,640,640,4,quel,quel,quello,DET,_
640-4,BO112,640,640,5,ragazzo,ragazzo,ragazzo,NOUN,_
640-5,BO112,640,640,6,là.,là,là,ADV,Intonation=falling
641-0,???,641,641,1,dovresti:,dovresti,dovere,AUX,_
641-1,???,641,641,2,dovresti,dovresti,dovere,AUX,_
641-2,???,641,641,3,avere,avere,avere,VERB,_
641-3,???,641,641,4,più,più,più,ADV,_
641-4,???,641,641,5,"informazioni,",informazioni,informazione,NOUN,Intonation=weakly_rising
641-5,???,641,641,6,per,per,per,ADP,_
641-6,???,641,641,7,ogni::,ogni,ogni,DET,_
642-0,BO112,642,642,1,allora,allora,allora,ADV,_
642-1,BO112,642,642,2,"naturalmente,",naturalmente,naturalmente,ADV,Intonation=weakly_rising
642-2,BO112,642,642,3,possiamo,possiamo,potere,AUX,_
642-3,BO112,642,642,4-5,averne,averne,_,_,_
642-3a,_,_,642,4,_,aver,avere,VERB,_
642-3b,_,_,642,5,_,ne,ne,PRON,_
642-4,BO112,642,642,6,di,di,di,ADP,_
642-5,BO112,642,642,7,[più].,più,più,ADV,Intonation=falling
643-0,???,643,643,1,"[grazie],",grazie,grazie,INTJ,Intonation=weakly_rising
644-0,BO112,644,644,0,{ride},{ride},_,X,_
645-0,BO112,645,645,1,e,e,e,CCONJ,_
645-1,BO112,645,645,2,"questo,",questo,questo,PRON,Intonation=weakly_rising
645-2,BO112,645,645,3,è,è,essere,AUX,_
645-3,BO112,645,645,4,possibile.,possibile,possibile,ADJ,Intonation=falling
645-4,BO112,645,645,5,però,però,però,ADV,_
645-5,BO112,645,645,6,immaginiamo,immaginiamo,immaginere,VERB,_
645-6,BO112,645,645,7,{P},{P},_,_,_
645-7,BO112,645,645,8,facciamo,facciamo,fare,VERB,_
645-8,BO112,645,645,9,sempre,sempre,sempre,ADV,_
645-9,BO112,645,645,10-11,delle,delle,_,_,_
645-9a,_,_,645,10,_,di,di,ADP,_
645-9b,_,_,645,11,_,le,il,DET,_
645-10,BO112,645,645,12,ipotesi,ipotesi,ipotesi,NOUN,_
645-11,BO112,645,645,13,eh?,eh,eh,INTJ,Intonation=rising
646-0,BO112,646,646,1,è,è,essere,AUX,_
646-1,BO112,646,646,2,chiaro,chiaro,chiaro,ADJ,_
646-2,BO112,646,646,3,che,che,che,SCONJ,_
646-3,BO112,646,646,4,noi,noi,noi,PRON,_
646-4,BO112,646,646,5,possiamo,possiamo,potere,AUX,_
646-5,BO112,646,646,6,avere,avere,avere,VERB,_
646-6,BO112,646,646,7,più,più,più,ADV,_
646-7,BO112,646,646,8,in~,in~,in~,X,Interrupted=Yes
646-8,BO112,646,646,9,interlocutori,interlocutori,interlocutore,NOUN,_
646-9,BO112,646,646,10,di,di,di,ADP,_
646-10,BO112,646,646,11,varie,varie,vario,DET,_
646-11,BO112,646,646,12,"caste,",caste,casta,NOUN,Intonation=weakly_rising
646-12,BO112,646,646,13,però,però,però,ADV,_
646-13,BO112,646,646,14,i,i,il,DET,_
646-14,BO112,646,646,15,genere,genere,genere,NOUN,_
646-15,BO112,646,646,16,c',c',ci,PRON,Truncated=Yes
646-16,BO112,646,646,17,è,è,essere,VERB,_
646-17,BO112,646,646,18,una,una,uno,DET,_
646-18,BO112,646,646,19,persona,persona,persona,NOUN,_
646-19,BO112,646,646,20,"privilegiata,",privilegiata,privilegiato,ADJ,Intonation=weakly_rising
646-20,BO112,646,646,21,con,con,con,ADP,_
646-21,BO112,646,646,22,la,la,il,DET,_
646-22,BO112,646,646,23,quale,quale,quale,PRON,_
646-23,BO112,646,646,24,parliamo,parliamo,parlare,VERB,_
646-24,BO112,646,646,25,di,di,di,ADP,_
646-25,BO112,646,646,26,più,più,più,ADV,_
646-26,BO112,646,646,27,con,con,con,ADP,_
646-27,BO112,646,646,28,la,la,il,DET,_
646-28,BO112,646,646,29,quale,quale,quale,PRON,_
646-29,BO112,646,646,30,lavoriamo,lavoriamo,lavorere,VERB,_
646-30,BO112,646,646,31,di,di,di,ADP,_
646-31,BO112,646,646,32,"più,",più,più,ADV,Intonation=weakly_rising
647-0,BO112,647,647,1,in,in,in,ADP,_
647-1,BO112,647,647,2,sostanza,sostanza,sostanza,NOUN,_
647-2,BO112,647,647,3,una,una,uno,DET,_
647-3,BO112,647,647,4,sorta,sorta,sorta,NOUN,_
647-4,BO112,647,647,5,di,di,di,ADP,_
647-5,BO112,647,647,6,collaboratore.,collaboratore,collaboratore,NOUN,Intonation=falling
648-0,BO112,648,648,1,in,in,in,ADP,_
648-1,BO112,648,648,2,questo,questo,questo,DET,_
648-2,BO112,648,648,3,"caso,",caso,caso,NOUN,Intonation=weakly_rising
649-0,BO112,649,649,1,a,a,a,ADP,_
649-1,BO112,649,649,2,quale,quale,quale,DET,_
649-2,BO112,649,649,3,casta,casta,casta,NOUN,_
649-3,BO112,649,649,4,deve,deve,dovere,AUX,_
649-4,BO112,649,649,5,appartenere,appartenere,appartenere,VERB,_
649-5,BO112,649,649,6,il,il,il,DET,_
649-6,BO112,649,649,7,"collaboratore,",collaboratore,collaboratore,NOUN,Intonation=weakly_rising
649-7,BO112,649,649,8,prego.,prego,prego,INTJ,Intonation=falling
650-0,???,650,650,1,dipende,dipende,dipendere,VERB,_
650-1,???,650,650,2-3,dallo,dallo,_,_,_
650-1a,_,_,650,2,_,da,da,ADP,_
650-1b,_,_,650,3,_,lo,il,DET,_
650-2,???,650,650,4,studio,studio,studio,NOUN,_
650-3,???,650,650,5,che,che,che,PRON,_
650-4,???,650,650,6,si,si,si,PRON,_
650-5,???,650,650,7,vuole,vuole,volere,AUX,_
650-6,???,650,650,8,fare.,fare,fare,VERB,Intonation=falling
651-0,???,651,651,1,se::,se,se,SCONJ,_
651-1,???,651,651,2,io,io,io,PRON,_
651-2,???,651,651,3,voglio,voglio,volere,AUX,_
651-3,???,651,651,4,studiare,studiare,studiare,VERB,_
651-4,???,651,651,5,la,la,il,DET,_
651-5,???,651,651,6,casta,casta,casta,NOUN,_
651-6,???,651,651,7,"elevata,",elevata,elevato,ADJ,Intonation=weakly_rising
651-7,???,651,651,8,di,di,di,ADP,_
651-8,???,651,651,9,quella,quella,quello,DET,_
651-9,???,651,651,10,determinata,determinata,determinata,ADJ,_
651-10,???,651,651,11,"popolazione,",popolazione,popolazione,NOUN,Intonation=weakly_rising
651-11,???,651,651,12,prenderò,prenderò,prendere,VERB,_
651-12,???,651,651,13,una,una,uno,DET,_
651-13,???,651,651,14,persona,persona,persona,NOUN,_
651-14,???,651,651,15,appartenente,appartenente,appartenere,VERB,_
651-15,???,651,651,16,a,a,a,ADP,_
651-16,???,651,651,17,[quella,quella,quello,DET,_
651-17,???,651,651,18,casta].,casta,casta,NOUN,Intonation=falling
652-0,BO112,652,652,1,[allora,allora,allora,ADV,_
652-1,BO112,652,652,2,intanto],intanto,intanto,ADV,_
652-2,BO112,652,652,3,questa,questa,questo,DET,_
652-3,BO112,652,652,4,risposta,risposta,risposta,NOUN,_
652-4,BO112,652,652,5,è,è,essere,AUX,_
652-5,BO112,652,652,6,bellissima.,bellissima,bello,ADJ,Intonation=falling
653-0,BO112,653,653,1,giustamente,giustamente,giustamente,ADV,_
653-1,BO112,653,653,2,la,la,il,DET,_
653-2,BO112,653,653,3,vostra,vostra,vostro,DET,_
653-3,BO112,653,653,4,collega,collega,collega,NOUN,_
653-4,BO112,653,653,5,ha,ha,avere,AUX,_
653-5,BO112,653,653,6,detto,detto,dire,VERB,_
653-6,BO112,653,653,7,{P},{P},_,_,_
653-7,BO112,653,653,8,dipende,dipende,dipendere,VERB,_
653-8,BO112,653,653,9,da,da,da,ADP,_
653-9,BO112,653,653,10,che,che,che,DET,_
653-10,BO112,653,653,11,cosa,cosa,cosa,NOUN,_
653-11,BO112,653,653,12,devo,devo,dovere,AUX,_
653-12,BO112,653,653,13,studiare.,studiare,studiare,VERB,Intonation=falling
653-13,BO112,653,653,14,no?,no,no,ADV,Intonation=rising
654-0,BO112,654,654,1,e,e,e,CCONJ,_
654-1,BO112,654,654,2,quindi,quindi,quindi,ADV,_
654-2,BO112,654,654,3,è,è,essere,AUX,_
654-3,BO112,654,654,4,"chiaro,",chiaro,chiaro,ADJ,Intonation=weakly_rising
654-4,BO112,654,654,5,se,se,se,SCONJ,_
654-5,BO112,654,654,6,io,io,io,PRON,_
654-6,BO112,654,654,7,mi,mi,mi,PRON,_
654-7,BO112,654,654,8,concentro,concentro,concentrare,VERB,_
654-8,BO112,654,654,9,su,su,su,ADP,_
654-9,BO112,654,654,10,una,una,uno,DET,_
654-10,BO112,654,654,11,casta,casta,casta,NOUN,_
654-11,BO112,654,654,12,elevata,elevata,elevato,ADJ,_
654-12,BO112,654,654,13-14,dei,dei,_,_,_
654-12a,_,_,654,13,_,di,di,ADP,_
654-12b,_,_,654,14,_,i,il,DET,_
654-13,BO112,654,654,15,"brahmani,",brahmani,brahmano,NOUN,Intonation=weakly_rising
655-0,BO112,655,655,1,"probabilmente,",probabilmente,probabilmente,ADV,Intonation=weakly_rising
655-1,BO112,655,655,2,ho,ho,avere,VERB,_
655-2,BO112,655,655,3,bisogno,bisogno,bisogno,NOUN,_
655-3,BO112,655,655,4,{P},{P},_,_,_
655-4,BO112,655,655,5,di,di,di,ADP,_
655-5,BO112,655,655,6,un,un,uno,DET,_
655-6,BO112,655,655,7,informatore,informatore,informatore,NOUN,_
655-7,BO112,655,655,8,brahmano.,brahmano,brahmano,ADJ,Intonation=falling
656-0,BO112,656,656,1,ed,ed,e,CCONJ,_
656-1,BO112,656,656,2,è,è,essere,AUX,_
656-2,BO112,656,656,3,vero.,vero,vero,ADJ,Intonation=falling
656-3,BO112,656,656,4,"però,",però,però,ADV,Intonation=weakly_rising
656-4,BO112,656,656,5,è,è,essere,AUX,_
656-5,BO112,656,656,6,altrettanto,altrettanto,altrettanto,ADV,_
656-6,BO112,656,656,7,"vero,",vero,vero,ADJ,Intonation=weakly_rising
656-7,BO112,656,656,8,è,è,essere,AUX,_
656-8,BO112,656,656,9,giustissimo,giustissimo,giusto,ADJ,_
656-9,BO112,656,656,10,"questo,",questo,questo,PRON,Intonation=weakly_rising
657-0,BO112,657,657,1,che,che,che,SCONJ,_
657-1,BO112,657,657,2,{P},{P},_,_,_
657-2,BO112,657,657,3,presumibilmente,presumibilmente,presumibilmente,ADV,_
657-3,BO112,657,657,4,quando,quando,quando,SCONJ,_
657-4,BO112,657,657,5,io,io,io,PRON,_
657-5,BO112,657,657,6,faccio,faccio,fare,VERB,_
657-6,BO112,657,657,7,una,una,uno,DET,_
657-7,BO112,657,657,8,"ricerca,",ricerca,ricerca,NOUN,Intonation=weakly_rising
657-8,BO112,657,657,9,ho,ho,avere,VERB,_
657-9,BO112,657,657,10,bisogno,bisogno,bisogno,NOUN,_
658-0,BO112,658,658,1,facciamo,facciamo,fare,VERB,_
658-1,BO112,658,658,2,un,un,uno,DET,_
658-2,BO112,658,658,3,esempio.,esempio,esempio,NOUN,Intonation=falling
658-3,BO112,658,658,4,io,io,io,PRON,_
658-4,BO112,658,658,5,faccio,faccio,fare,VERB,_
658-5,BO112,658,658,6,uno,uno,uno,DET,_
658-6,BO112,658,658,7,studio,studio,studio,NOUN,_
658-7,BO112,658,658,8-9,sui,sui,_,_,_
658-7a,_,_,658,8,_,su,su,ADP,_
658-7b,_,_,658,9,_,i,il,DET,_
658-8,BO112,658,658,10,brahmani.,brahmani,brahmano,NOUN,Intonation=falling
659-0,BO112,659,659,1,però,però,però,ADV,_
659-1,BO112,659,659,2,voglio,voglio,volere,AUX,_
659-2,BO112,659,659,3,sapere,sapere,sapere,VERB,_
659-3,BO112,659,659,4,anche,anche,anche,ADV,_
659-4,BO112,659,659,5,il,il,il,DET,_
659-5,BO112,659,659,6,punto,punto,punto,NOUN,_
659-6,BO112,659,659,7,di,di,di,ADP,_
659-7,BO112,659,659,8,vista,vista,vista,NOUN,_
659-8,BO112,659,659,9,di,di,di,ADP,_
659-9,BO112,659,659,10,altre,altre,altro,ADJ,_
659-10,BO112,659,659,11,caste,caste,casta,NOUN,_
659-11,BO112,659,659,12-13,sui,sui,_,_,_
659-11a,_,_,659,12,_,su,su,ADP,_
659-11b,_,_,659,13,_,i,il,DET,_
659-12,BO112,659,659,14,"brahmani,",brahmani,brahmano,NOUN,Intonation=weakly_rising
660-0,BO112,660,660,1,quindi,quindi,quindi,ADV,_
660-1,BO112,660,660,2,{P},{P},_,_,_
660-2,BO112,660,660,3,il,il,il,DET,_
660-3,BO112,660,660,4,mio,mio,mio,DET,_
660-4,BO112,660,660,5,ideale,ideale,ideale,NOUN,_
660-5,BO112,660,660,6,è,è,essere,AUX,_
660-6,BO112,660,660,7,avere,avere,avere,VERB,_
660-7,BO112,660,660,8,accesso,accesso,accesso,NOUN,_
660-8,BO112,660,660,9,{P},{P},_,_,_
660-9,BO112,660,660,10,a,a,a,ADP,_
660-10,BO112,660,660,11,varie,varie,vario,DET,_
660-11,BO112,660,660,12,{P},{P},_,_,_
660-12,BO112,660,660,13,caste.,caste,casta,NOUN,Intonation=falling
661-0,BO112,661,661,1,quindi,quindi,quindi,ADV,_
661-1,BO112,661,661,2,chi,chi,chi,PRON,_
661-2,BO112,661,661,3,devo,devo,dovere,AUX,_
661-3,BO112,661,661,4,scegliere.,scegliere,scegliere,VERB,Intonation=falling
662-0,BO112,662,662,1,prego.,prego,prego,INTJ,Intonation=falling
663-0,???,663,663,1,uno::,uno,uno,PRON,_
663-1,???,663,663,2,non,non,non,ADV,_
663-2,???,663,663,3,appartenente,appartenente,appartenente,ADJ,_
663-3,???,663,663,4,a,a,a,ADP,_
663-4,???,663,663,5,nessuna,nessuna,nessuno,DET,_
663-5,???,663,663,6,"casta,",casta,casta,NOUN,Intonation=weakly_rising
663-6,???,663,663,7,perché,perché,perché,SCONJ,_
663-7,???,663,663,8,ci,ci,ci,PRON,_
663-8,???,663,663,9,serve,serve,servire,VERB,_
663-9,???,663,663,10,un,un,uno,DET,_
663-10,???,663,663,11,giudizio::,giudizio,giudizio,NOUN,_
663-11,???,663,663,12,imparziale.,imparziale,imparziale,ADJ,Intonation=falling
664-0,BO112,664,664,1,allora,allora,allora,ADV,_
664-1,BO112,664,664,2,se,se,se,SCONJ,_
664-2,BO112,664,664,3,{P},{P},_,_,_
664-3,BO112,664,664,4,è,è,essere,AUX,_
664-4,BO112,664,664,5,uno,uno,uno,PRON,_
664-5,BO112,664,664,6,appartenente,appartenente,appartenere,VERB,_
664-6,BO112,664,664,7,a,a,a,ADP,_
664-7,BO112,664,664,8,nessuna,nessuna,nessuno,DET,_
664-8,BO112,664,664,9,"casta,",casta,casta,NOUN,Intonation=weakly_rising
664-9,BO112,664,664,10,nessuno,nessuno,nessuno,PRON,_
664-10,BO112,664,664,11,lo,lo,lo,PRON,_
664-11,BO112,664,664,12,fa,fa,fare,VERB,_
664-12,BO112,664,664,13,entrare,entrare,entrare,VERB,_
664-13,BO112,664,664,14,in,in,in,ADP,_
664-14,BO112,664,664,15,casa.,casa,casa,NOUN,Intonation=falling
665-0,BO112,665,665,1,perché,perché,perché,SCONJ,_
665-1,BO112,665,665,2,se,se,se,SCONJ,_
665-2,BO112,665,665,3,è,è,essere,AUX,_
665-3,BO112,665,665,4,un,un,uno,DET,_
665-4,BO112,665,665,5,"dalit,",dalit,dalit,NOUN,Intonation=weakly_rising
665-5,BO112,665,665,6,nessuno,nessuno,nessuno,PRON,_
665-6,BO112,665,665,7,lo,lo,lo,PRON,_
665-7,BO112,665,665,8,vuole.,vuole,volere,VERB,Intonation=falling
666-0,BO112,666,666,1,se,se,se,SCONJ,_
666-1,BO112,666,666,2,è,è,essere,AUX,_
666-2,BO112,666,666,3,un,un,uno,DET,_
666-3,BO112,666,666,4,fuori,fuori,fuori,NOUN,_
666-4,BO112,666,666,5,"casta,",casta,casta,NOUN,Intonation=weakly_rising
666-5,BO112,666,666,6,{P},{P},_,_,_
666-6,BO112,666,666,7,lui,lui,lui,PRON,_
666-7,BO112,666,666,8,non,non,non,ADV,_
666-8,BO112,666,666,9,non,non,non,ADV,_
666-9,BO112,666,666,10,può,può,potere,AUX,_
666-10,BO112,666,666,11,neanche,neanche,neanche,ADV,_
667-0,BO112,667,667,1,"mangiare,",mangiare,mangiare,VERB,Intonation=weakly_rising
667-1,BO112,667,667,2,m,m,m,INTJ,_
667-2,BO112,667,667,3,allora,allora,allora,ADV,_
667-3,BO112,667,667,4,le,le,il,DET,_
667-4,BO112,667,667,5,caste,caste,casta,NOUN,_
667-5,BO112,667,667,6,sono,sono,essere,AUX,_
667-6,BO112,667,667,7,"endogamiche,",endogamiche,endogamico,ADJ,Intonation=weakly_rising
668-0,BO112,668,668,1,vuole,vuole,volere,AUX,_
668-1,BO112,668,668,2,dire,dire,dire,VERB,_
668-2,BO112,668,668,3,ci,ci,ci,PRON,_
668-3,BO112,668,668,4,si,si,si,PRON,_
668-4,BO112,668,668,5,sposa,sposa,sposare,VERB,_
668-5,BO112,668,668,6,dentro,dentro,dentro,ADV,_
668-6,BO112,668,668,7,la,la,il,DET,_
668-7,BO112,668,668,8,casta.,casta,casta,NOUN,Intonation=falling
669-0,BO112,669,669,1,e,e,e,CCONJ,_
669-1,BO112,669,669,2,"prevedono,",prevedono,prevedere,VERB,Intonation=weakly_rising
669-2,BO112,669,669,3,"endogamiche,",endogamiche,endogamico,ADJ,Intonation=weakly_rising
670-0,BO112,670,670,1,e,e,e,CCONJ,_
670-1,BO112,670,670,2,prevedono,prevedono,prevedere,VERB,_
670-2,BO112,670,670,3,che,che,che,SCONJ,_
670-3,BO112,670,670,4,la,la,il,DET,_
670-4,BO112,670,670,5,"commensalità,",commensalità,commensalità,NOUN,Intonation=weakly_rising
670-5,BO112,670,670,6,si,si,si,PRON,_
670-6,BO112,670,670,7,svolga,svolga,svolgere,VERB,_
670-7,BO112,670,670,8,solo,solo,solo,ADV,_
670-8,BO112,670,670,9-10,all',all',_,_,Truncated=Yes
670-8a,_,_,670,9,_,a,a,ADP,_
670-8b,_,_,670,10,_,l',il,DET,_
670-9,BO112,670,670,11,interno,interno,interno,NOUN,_
670-10,BO112,670,670,12-13,della,della,_,_,_
670-10a,_,_,670,12,_,di,di,ADP,_
670-10b,_,_,670,13,_,la,il,DET,_
670-11,BO112,670,670,14,casta.,casta,casta,NOUN,Intonation=falling
671-0,BO112,671,671,1,cioè,cioè,cioè,CCONJ,_
671-1,BO112,671,671,2,io,io,io,PRON,_
671-2,BO112,671,671,3,non,non,non,ADV,_
671-3,BO112,671,671,4,posso,posso,potere,AUX,_
671-4,BO112,671,671,5,"mangiare,",mangiare,mangiare,VERB,Intonation=weakly_rising
672-0,BO112,672,672,1,con,con,con,ADP,_
672-1,BO112,672,672,2,qualcuno,qualcuno,qualcuno,PRON,_
672-2,BO112,672,672,3,che,che,che,PRON,_
672-3,BO112,672,672,4,è,è,essere,AUX,_
672-4,BO112,672,672,5,di,di,di,ADP,_
672-5,BO112,672,672,6,casta,casta,casta,NOUN,_
672-6,BO112,672,672,7,inferiore,inferiore,inferiore,ADJ,_
672-7,BO112,672,672,8-9,alla,alla,_,_,_
672-7a,_,_,672,8,_,a,a,ADP,_
672-7b,_,_,672,9,_,la,il,DET,_
672-8,BO112,672,672,10,mia.,mia,mio,DET,Intonation=falling
673-0,BO112,673,673,1,perché,perché,perché,SCONJ,_
673-1,BO112,673,673,2,sennò,sennò,sennò,AVV,_
673-2,BO112,673,673,3,perdo,perdo,perdere,VERB,_
673-3,BO112,673,673,4,la,la,il,DET,_
673-4,BO112,673,673,5,mia,mia,mio,DET,_
673-5,BO112,673,673,6,purezza,purezza,purezza,NOUN,_
673-6,BO112,673,673,7,rituale.,rituale,rituale,ADJ,Intonation=falling
674-0,???,674,674,1,comunque,comunque,comunque,ADV,_
674-1,???,674,674,2,qualcuno,qualcuno,qualcuno,PRON,_
674-2,???,674,674,3,con,con,con,ADP,_
674-3,???,674,674,4,un,un,uno,DET,_
674-4,???,674,674,5,giudizio,giudizio,giudizio,NOUN,_
674-5,???,674,674,6,imparziale,imparziale,imparziale,ADJ,_
674-6,???,674,674,7-8,nei,nei,_,_,_
674-6a,_,_,674,7,_,in,in,ADP,_
674-6b,_,_,674,8,_,i,il,DET,_
674-7,???,674,674,9,[confronti,confronti,confronto,NOUN,_
674-8,???,674,674,10,xxx],x,x,X,_
675-0,BO112,675,675,1,[ecco].,ecco,ecco,ADV,Intonation=falling
675-1,BO112,675,675,2,{P},{P},_,_,_
675-2,BO112,675,675,3,questo,questo,questo,PRON,_
675-3,BO112,675,675,4,è,è,essere,AUX,_
675-4,BO112,675,675,5,un,un,uno,DET,_
675-5,BO112,675,675,6,altro,altro,altro,ADJ,_
675-6,BO112,675,675,7,discorso.,discorso,discorso,NOUN,Intonation=falling
675-7,BO112,675,675,8,qualcuno,qualcuno,qualcuno,PRON,_
675-8,BO112,675,675,9,con,con,con,ADP,_
675-9,BO112,675,675,10,un,un,uno,DET,_
675-10,BO112,675,675,11,giudizio,giudizio,giudizio,NOUN,_
675-11,BO112,675,675,12,imparziale,imparziale,imparziale,ADJ,_
675-12,BO112,675,675,13,"quindi,",quindi,quindi,ADV,Intonation=weakly_rising
675-13,BO112,675,675,14,ci,ci,ci,PRON,_
675-14,BO112,675,675,15,stiamo,stiamo,stare,AUX,_
675-15,BO112,675,675,16,"avvicinando,",avvicinando,avvicinare,VERB,Intonation=weakly_rising
676-0,BO112,676,676,1,qual,qual,quale,PRON,_
676-1,BO112,676,676,2,è,è,essere,AUX,_
676-2,BO112,676,676,3,il,il,il,DET,_
676-3,BO112,676,676,4,mio,mio,mio,DET,_
676-4,BO112,676,676,5,informatore,informatore,informatore,NOUN,_
676-5,BO112,676,676,6,"ideale,",ideale,ideale,ADJ,Intonation=weakly_rising
676-6,BO112,676,676,7,prego.,prego,prego,INTJ,Intonation=falling
677-0,???,677,677,1,qualcuno,qualcuno,qualcuno,PRON,_
677-1,???,677,677,2,che,che,che,PRON,_
677-2,???,677,677,3,può,può,potere,AUX,_
677-3,???,677,677,4,produrre,produrre,produrre,VERB,_
677-4,???,677,677,5,più,più,più,ADV,_
677-5,???,677,677,6,informazioni,informazioni,informazione,NOUN,_
677-6,???,677,677,7,"[(quello)],",quello,quello,PRON,Intonation=weakly_rising
678-0,BO112,678,678,1,[più,più,più,ADV,_
678-1,BO112,678,678,2,alta].,alta,alto,ADJ,Intonation=falling
679-0,???,679,679,1,chi,chi,chi,PRON,_
679-1,???,679,679,2,può,può,potere,AUX,_
679-2,???,679,679,3,produrre,produrre,produrre,VERB,_
679-3,???,679,679,4,più,più,più,ADP,_
679-4,???,679,679,5,"informazioni,",informazioni,informazione,NOUN,Intonation=weakly_rising
679-5,???,679,679,6,[più:,più,più,ADV,_
679-6,???,679,679,7,più,più,più,ADV,_
679-7,???,679,679,8,dati].,dati,dare,NOUN,Intonation=falling
680-0,BO112,680,680,1,[sì,sì,sì,ADV,_
680-1,BO112,680,680,2,sì,sì,sì,ADV,_
680-2,BO112,680,680,3,ci,ci,ci,PRON,_
680-3,BO112,680,680,4,stiamo],stiamo,stare,AUX,_
680-4,BO112,680,680,5,ancora,ancora,ancora,ADV,_
680-5,BO112,680,680,6,"chiedendo,",chiedendo,chiedere,VERB,Intonation=weakly_rising
681-0,BO112,681,681,1,di,di,di,ADP,_
681-1,BO112,681,681,2,quale,quale,quale,DET,_
681-2,BO112,681,681,3,casta,casta,casta,NOUN,_
681-3,BO112,681,681,4,è,è,essere,AUX,_
681-4,BO112,681,681,5,questa,questa,questo,DET,_
681-5,BO112,681,681,6,"persona,",persona,persona,NOUN,Intonation=weakly_rising
681-6,BO112,681,681,7,che,che,che,PRON,_
681-7,BO112,681,681,8,diventa,diventa,diventare,VERB,_
681-8,BO112,681,681,9,il,il,il,DET,_
681-9,BO112,681,681,10,mio,mio,mio,DET,_
681-10,BO112,681,681,11,interlocutore,interlocutore,interlocutore,NOUN,_
681-11,BO112,681,681,12,"privilegiato,",privilegiato,privilegiato,ADJ,Intonation=weakly_rising
682-0,BO112,682,682,1,e,e,e,CCONJ,_
682-1,BO112,682,682,2,che,che,che,SCONJ,_
682-2,BO112,682,682,3,per~,per~,per~,X,Interrupted=Yes
682-3,BO112,682,682,4,mi,mi,mi,PRON,_
682-4,BO112,682,682,5,permette,permette,permettere,VERB,_
682-5,BO112,682,682,6,di,di,di,ADP,_
682-6,BO112,682,682,7,avere,avere,avere,VERB,_
682-7,BO112,682,682,8,accesso,accesso,accesso,NOUN,_
682-8,BO112,682,682,9,a,a,a,ADP,_
682-9,BO112,682,682,10,tutte,tutte,tutto,DET,_
682-10,BO112,682,682,11,le,le,il,DET,_
682-11,BO112,682,682,12,dimensioni,dimensioni,dimensione,NOUN,_
682-12,BO112,682,682,13-14,del,del,_,_,_
682-12a,_,_,682,13,_,di,di,ADP,_
682-12b,_,_,682,14,_,il,il,DET,_
682-13,BO112,682,682,15,sociale.,sociale,sociale,ADJ,Intonation=falling
683-0,???,683,683,1,allora,allora,allora,ADV,_
683-1,???,683,683,2,[quella,quella,quello,PRON,_
683-2,???,683,683,3,più],più,più,ADV,_
683-3,???,683,683,4,"alta,",alta,alto,ADJ,Intonation=weakly_rising
684-0,BO112,684,684,1,"[troviamo],",troviamo,trovare,VERB,Intonation=weakly_rising
685-0,BO112,685,685,1,allora,allora,allora,ADV,_
685-1,BO112,685,685,2,intanto,intanto,intanto,ADV,_
685-2,BO112,685,685,3,deve,deve,dovere,AUX,_
685-3,BO112,685,685,4,essere,essere,essere,AUX,_
685-4,BO112,685,685,5,di,di,di,ADP,_
685-5,BO112,685,685,6,casta,casta,casta,NOUN,_
685-6,BO112,685,685,7,alta.,alta,alto,ADJ,Intonation=falling
686-0,BO112,686,686,1,perché,perché,perché,SCONJ,_
686-1,BO112,686,686,2,così,così,così,ADV,_
686-2,BO112,686,686,3,entro,entro,entro,ADP,_
686-3,BO112,686,686,4,dappertutto.,dappertutto,dappertutto,ADV,Intonation=falling
686-4,BO112,686,686,5,mh?,mh,mh,INTJ,Intonation=rising
687-0,BO112,687,687,1,perché,perché,perché,SCONJ,_
687-1,BO112,687,687,2,se,se,se,SCONJ,_
687-2,BO112,687,687,3,io,io,io,PRON,_
687-3,BO112,687,687,4,sono,sono,essere,AUX,_
687-4,BO112,687,687,5,di,di,di,ADP,_
687-5,BO112,687,687,6,casta,casta,casta,NOUN,_
687-6,BO112,687,687,7,"bassa,",bassa,basso,ADJ,Intonation=weakly_rising
688-0,BO112,688,688,1,i,i,il,DET,_
688-1,BO112,688,688,2,brahmani,brahmani,brahmano,NOUN,_
688-2,BO112,688,688,3,non,non,non,ADV,_
688-3,BO112,688,688,4,mi,mi,mi,PRON,_
688-4,BO112,688,688,5,"ricevono,",ricevono,ricevere,VERB,Intonation=weakly_rising
688-5,BO112,688,688,6,le,le,il,DET,_
688-6,BO112,688,688,7,caste,caste,casta,NOUN,_
688-7,BO112,688,688,8,alte,alte,alto,ADJ,_
689-0,BO112,689,689,1,"successive,",successive,successive,ADJ,Intonation=weakly_rising
689-1,BO112,689,689,2,non,non,non,ADV,_
689-2,BO112,689,689,3,mi,mi,mi,PRON,_
689-3,BO112,689,689,4,ricevono.,ricevono,ricevere,VERB,Intonation=falling
690-0,BO112,690,690,1,quindi,quindi,quindi,ADV,_
690-1,BO112,690,690,2,devono,devono,dovere,AUX,_
690-2,BO112,690,690,3,essere,essere,essere,AUX,_
690-3,BO112,690,690,4,{P},{P},_,_,_
690-4,BO112,690,690,5,di,di,di,ADP,_
690-5,BO112,690,690,6,casta,casta,casta,NOUN,_
690-6,BO112,690,690,7,"alta,",alta,alto,ADJ,Intonation=weakly_rising
690-7,BO112,690,690,8,così,così,così,ADV,_
690-8,BO112,690,690,9,posso,posso,potere,AUX,_
690-9,BO112,690,690,10,entrare,entrare,entrare,VERB,_
690-10,BO112,690,690,11,ovunque.,ovunque,ovunque,ADV,Intonation=falling
691-0,BO112,691,691,1,"e,",e,e,CCONJ,Intonation=weakly_rising
692-0,BO112,692,692,1,"prego,",prego,prego,INTJ,Intonation=weakly_rising
693-0,???,693,693,1,quindi,quindi,quindi,ADV,_
693-1,???,693,693,2,direi,direi,dire,VERB,_
693-2,???,693,693,3,è,è,essere,AUX,_
693-3,???,693,693,4-5,della,della,_,_,_
693-3a,_,_,693,4,_,di,di,ADP,_
693-3b,_,_,693,5,_,la,il,DET,_
693-4,???,693,693,6,casta,casta,casta,NOUN,_
693-5,???,693,693,7,più,più,più,ADV,_
693-6,???,693,693,8,"alta,",alta,alto,ADJ,Intonation=weakly_rising
693-7,???,693,693,9,quindi,quindi,quindi,ADV,_
693-8,???,693,693,10,xxx,x,x,X,_
693-9,???,693,693,11,xxx,x,x,X,_
694-0,BO112,694,694,1,sì,sì,sì,ADV,_
694-1,BO112,694,694,2,la,la,il,DET,_
694-2,BO112,694,694,3,"casta,",casta,casta,NOUN,Intonation=weakly_rising
694-3,BO112,694,694,4,la,la,il,DET,_
694-4,BO112,694,694,5,casta,casta,casta,NOUN,_
694-5,BO112,694,694,6,più,più,più,ADV,_
694-6,BO112,694,694,7,alta,alta,alto,ADJ,_
694-7,BO112,694,694,8,per,per,per,ADP,_
694-8,BO112,694,694,9,quella,quella,quello,PRON,_
694-9,BO112,694,694,10-11,dei,dei,_,_,_
694-9a,_,_,694,10,_,di,di,ADP,_
694-9b,_,_,694,11,_,i,il,DET,_
694-10,BO112,694,694,12,brahmani.,brahmani,brahmano,NOUN,Intonation=falling
695-0,BO112,695,695,1,ma,ma,ma,CCONJ,_
695-1,BO112,695,695,2,non,non,non,ADV,_
695-2,BO112,695,695,3,basta.,basta,bastare,VERB,Intonation=falling
696-0,BO112,696,696,1,deve,deve,dovere,AUX,_
696-1,BO112,696,696,2,essere,essere,essere,AUX,_
697-0,BO112,697,697,1,"sì,",sì,sì,ADV,Intonation=weakly_rising
697-1,BO112,697,697,2-3,della,della,_,_,_
697-1a,_,_,697,2,_,di,di,ADP,_
697-1b,_,_,697,3,_,la,il,DET,_
697-2,BO112,697,697,4,casta,casta,casta,NOUN,_
697-3,BO112,697,697,5,più,più,più,ADV,_
697-4,BO112,697,697,6,alta,alta,alto,ADJ,_
697-5,BO112,697,697,7,ma,ma,ma,CCONJ,_
697-6,BO112,697,697,8,"anche,",anche,anche,ADV,Intonation=weakly_rising
698-0,BO112,698,698,1,cosa,cosa,cosa,PRON,_
698-1,BO112,698,698,2,deve,deve,dovere,AUX,_
698-2,BO112,698,698,3,avere,avere,avere,VERB,_
698-3,BO112,698,698,4,come,come,come,ADP,_
698-4,BO112,698,698,5,"caratteristica,",caratteristica,caratteristica,NOUN,Intonation=weakly_rising
698-5,BO112,698,698,6,oltre,oltre,oltre,ADV,_
698-6,BO112,698,698,7,a,a,a,ADP,_
698-7,BO112,698,698,8,essere,essere,essere,AUX,_
698-8,BO112,698,698,9,di,di,di,ADP,_
698-9,BO112,698,698,10,una,una,uno,DET,_
698-10,BO112,698,698,11,casta,casta,casta,NOUN,_
698-11,BO112,698,698,12,alta?,alta,alto,ADJ,Intonation=rising
698-12,BO112,698,698,13,c',c',ci,PRON,Truncated=Yes
698-13,BO112,698,698,14,è,è,essere,VERB,_
698-14,BO112,698,698,15,qualcuno,qualcuno,qualcuno,PRON,_
698-15,BO112,698,698,16,che,che,che,PRON,_
698-16,BO112,698,698,17,ha,ha,avere,AUX,_
698-17,BO112,698,698,18,alzato,alzato,alzare,VERB,_
698-18,BO112,698,698,19,la,la,il,DET,_
698-19,BO112,698,698,20,mano?,mano,mano,NOUN,Intonation=rising
699-0,BO112,699,699,1,sono,sono,essere,AUX,_
699-1,BO112,699,699,2,indecisa,indecisa,indeciso,ADJ,_
699-2,BO112,699,699,3,se,se,se,SCONJ,_
699-3,BO112,699,699,4,l',l',lo,PRON,Truncated=Yes
699-4,BO112,699,699,5,aveva,aveva,avere,AUX,_
699-5,BO112,699,699,6,alzata,alzata,alzare,VERB,_
699-6,BO112,699,699,7,o,o,o,CCONJ,_
699-7,BO112,699,699,8,no.,no,no,ADV,Intonation=falling
700-0,???,700,700,1,posta,posta,porre,VERB,_
700-1,???,700,700,2,la,la,il,DET,_
700-2,???,700,700,3,conoscenza,conoscenza,conoscenza,NOUN,_
700-3,???,700,700,4-5,delle,delle,_,_,_
700-3a,_,_,700,4,_,di,di,ADP,_
700-3b,_,_,700,5,_,le,il,DET,_
700-4,???,700,700,6,"lingue,",lingue,lingua,NOUN,Intonation=weakly_rising
701-0,BO112,701,701,1,certo,certo,certo,ADV,_
701-1,BO112,701,701,2,deve,deve,dovere,AUX,_
701-2,BO112,701,701,3,conoscere,conoscere,conoscere,VERB,_
701-3,BO112,701,701,4,molte,molte,molto,DET,_
701-4,BO112,701,701,5,"lingue,",lingue,lingua,NOUN,Intonation=weakly_rising
701-5,BO112,701,701,6,ma,ma,ma,CCONJ,_
701-6,BO112,701,701,7-8,dal,dal,_,_,_
701-6a,_,_,701,7,_,da,da,ADP,_
701-6b,_,_,701,8,_,il,il,DET,_
701-7,BO112,701,701,9,punto,punto,punto,NOUN,_
701-8,BO112,701,701,10,di,di,di,ADP,_
701-9,BO112,701,701,11,vista,vista,vista,NOUN,_
701-10,BO112,701,701,12-13,del,del,_,_,_
701-10a,_,_,701,12,_,di,di,ADP,_
701-10b,_,_,701,13,_,il,il,DET,_
701-11,BO112,701,701,14,rapporto,rapporto,rapporto,NOUN,_
701-12,BO112,701,701,15,con,con,con,ADP,_
701-13,BO112,701,701,16,le,le,il,DET,_
701-14,BO112,701,701,17,"caste,",caste,casta,NOUN,Intonation=weakly_rising
701-15,BO112,701,701,18,cosa,cosa,cosa,PRON,_
701-16,BO112,701,701,19,deve,deve,dovere,AUX,_
701-17,BO112,701,701,20,"pensare,",pensare,pensare,VERB,Intonation=weakly_rising
701-18,BO112,701,701,21,prego.,prego,prego,INTJ,Intonation=falling
702-0,???,702,702,1,può,può,potere,AUX,_
702-1,???,702,702,2,essere,essere,essere,AUX,_
702-2,???,702,702,3,un,un,uno,DET,_
702-3,???,702,702,4,capo,capo,capo,NOUN,_
702-4,???,702,702,5,tribù,tribù,tribù,NOUN,_
702-5,???,702,702,6,in,in,in,ADP,_
702-6,???,702,702,7,questo,questo,questo,DET,_
702-7,???,702,702,8,caso,caso,caso,NOUN,_
702-8,???,702,702,9,ma,ma,ma,CCONJ,_
702-9,???,702,702,10,non:,non,non,ADV,_
703-0,BO112,703,703,1,allora,allora,allora,ADV,_
703-1,BO112,703,703,2,la,la,il,DET,_
703-2,BO112,703,703,3,sua,sua,suo,DET,_
703-3,BO112,703,703,4,"posizione,",posizione,posizione,NOUN,Intonation=weakly_rising
703-4,BO112,703,703,5,allora,allora,allora,ADV,_
703-5,BO112,703,703,6,"diciamo,",diciamo,dire,VERB,Intonation=weakly_rising
703-6,BO112,703,703,7,deve,deve,dovere,AUX,_
703-7,BO112,703,703,8,appartenere,appartenere,appartenere,VERB,_
703-8,BO112,703,703,9,a,a,a,ADP,_
703-9,BO112,703,703,10,una,una,uno,DET,_
703-10,BO112,703,703,11,casta,casta,casta,NOUN,_
703-11,BO112,703,703,12,alta.,alta,alto,ADJ,Intonation=falling
704-0,BO112,704,704,1,"ma,",ma,ma,CCONJ,Intonation=weakly_rising
704-1,BO112,704,704,2,che,che,che,DET,_
704-2,BO112,704,704,3,cosa,cosa,cosa,NOUN,_
704-3,BO112,704,704,4,deve,deve,dovere,AUX,_
704-4,BO112,704,704,5,pensare,pensare,pensare,VERB,_
704-5,BO112,704,704,6-7,del,del,_,_,_
704-5a,_,_,704,6,_,di,di,ADP,_
704-5b,_,_,704,7,_,il,il,DET,_
704-6,BO112,704,704,8,sistema,sistema,sistema,NOUN,_
704-7,BO112,704,704,9,castale?,castale,castale,ADJ,Intonation=rising
705-0,???,705,705,1,deve,deve,dovere,AUX,_
705-1,???,705,705,2,essere,essere,essere,AUX,_
705-2,???,705,705,3,contro,contro,contro,ADV,_
706-0,???,706,706,1,deve,deve,dovere,AUX,_
706-1,???,706,706,2,essere,essere,essere,AUX,_
706-2,???,706,706,3,contro,contro,contro,ADV,_
707-0,BO112,707,707,1,dev',dev',dovere,AUX,Truncated=Yes
707-1,BO112,707,707,2,essere,essere,essere,AUX,_
707-2,BO112,707,707,3,contro,contro,contro,ADP,_
707-3,BO112,707,707,4,eh?,eh,eh,INTJ,Intonation=rising
708-0,BO112,708,708,1,perché,perché,perché,SCONJ,_
708-1,BO112,708,708,2,se,se,se,SCONJ,_
708-2,BO112,708,708,3,non,non,non,ADV,_
708-3,BO112,708,708,4,è,è,essere,AUX,_
708-4,BO112,708,708,5,"contro,",contro,contro,ADP,Intonation=weakly_rising
708-5,BO112,708,708,6,lui,lui,lui,PRON,_
708-6,BO112,708,708,7-8,nelle,nelle,_,_,_
708-6a,_,_,708,7,_,in,in,ADP,_
708-6b,_,_,708,8,_,le,il,DET,_
708-7,BO112,708,708,9,cas~,cas~,cas~,X,Interrupted=Yes
708-8,BO112,708,708,10-11,nelle,nelle,_,_,_
708-8a,_,_,708,10,_,in,in,ADP,_
708-8b,_,_,708,11,_,le,il,DET,_
708-9,BO112,708,708,12,case,case,casa,NOUN,_
708-10,BO112,708,708,13-14,dei,dei,_,_,_
708-10a,_,_,708,13,_,di,di,ADP,_
708-10b,_,_,708,14,_,i,il,DET,_
708-11,BO112,708,708,15,quelli,quelli,quello,PRON,_
708-12,BO112,708,708,16-17,delle,delle,_,_,_
708-12a,_,_,708,16,_,di,di,ADP,_
708-12b,_,_,708,17,_,le,il,DET,_
708-13,BO112,708,708,18,caste,caste,casta,NOUN,_
708-14,BO112,708,708,19,"inferiori,",inferiori,inferiore,ADJ,Intonation=weakly_rising
708-15,BO112,708,708,20,non,non,non,ADV,_
708-16,BO112,708,708,21,ci,ci,ci,PRON,_
708-17,BO112,708,708,22,entra,entra,entrare,VERB,_
708-18,BO112,708,708,23,proprio.,proprio,proprio,DET,Intonation=falling
708-19,BO112,708,708,24,eh?,eh,eh,INTJ,Intonation=rising
709-0,BO112,709,709,1,quindi,quindi,quindi,ADV,_
709-1,BO112,709,709,2,da,da,da,ADP,_
709-2,BO112,709,709,3,un,un,uno,DET,_
709-3,BO112,709,709,4,lato,lato,lato,NOUN,_
709-4,BO112,709,709,5,deve,deve,dovere,AUX,_
709-5,BO112,709,709,6,appartenere,appartenere,appartenere,VERB,_
709-6,BO112,709,709,7,ad,ad,a,ADP,_
709-7,BO112,709,709,8,una,una,uno,DET,_
709-8,BO112,709,709,9,casta,casta,casta,NOUN,_
709-9,BO112,709,709,10,"alta,",alta,alto,ADJ,Intonation=weakly_rising
709-10,BO112,709,709,11,perché,perché,perché,SCONJ,_
709-11,BO112,709,709,12,in,in,in,ADP,_
709-12,BO112,709,709,13,questo,questo,questo,DET,_
709-13,BO112,709,709,14,modo,modo,modo,NOUN,_
709-14,BO112,709,709,15,{P},{P},_,_,_
709-15,BO112,709,709,16,ha,ha,avere,VERB,_
709-16,BO112,709,709,17,accesso,accesso,accesso,NOUN,_
709-17,BO112,709,709,18,a,a,a,ADP,_
709-18,BO112,709,709,19,tutte,tutte,tutto,DET,_
709-19,BO112,709,709,20,le,le,il,DET,_
709-20,BO112,709,709,21,"abitazioni,",abitazioni,abitazione,NOUN,Intonation=weakly_rising
709-21,BO112,709,709,22-23,dei,dei,_,_,_
709-21a,_,_,709,22,_,di,di,ADP,_
709-21b,_,_,709,23,_,i,il,DET,_
709-22,BO112,709,709,24,membri,membri,membro,NOUN,_
709-23,BO112,709,709,25,di,di,di,ADP,_
709-24,BO112,709,709,26,tutte,tutte,tutto,DET,_
709-25,BO112,709,709,27,le,le,il,DET,_
709-26,BO112,709,709,28,caste.,caste,casta,NOUN,Intonation=falling
710-0,BO112,710,710,1,d',d',da,ADP,SpaceAfter=No
710-1,BO112,710,710,2,altra,altra,altro,DET,_
710-2,BO112,710,710,3,parte,parte,parte,NOUN,_
710-3,BO112,710,710,4,dev',dev',dovere,AUX,Truncated=Yes
710-4,BO112,710,710,5,essere,essere,essere,AUX,_
710-5,BO112,710,710,6,contrario,contrario,contrario,ADJ,_
710-6,BO112,710,710,7-8,al,al,_,_,_
710-6a,_,_,710,7,_,a,a,ADP,_
710-6b,_,_,710,8,_,il,il,DET,_
710-7,BO112,710,710,9,sistema,sistema,sistema,NOUN,_
710-8,BO112,710,710,10,"castale,",castale,castale,ADJ,Intonation=weakly_rising
711-0,BO112,711,711,1,perché,perché,perché,SCONJ,_
711-1,BO112,711,711,2,se,se,se,SCONJ,_
711-2,BO112,711,711,3,"no,",no,no,ADV,Intonation=weakly_rising
711-3,BO112,711,711,4,<lui,lui,lui,PRON,_
711-4,BO112,711,711,5,non,non,non,ADV,_
711-5,BO112,711,711,6,entra>,entra,entrare,VERB,_
711-6,BO112,711,711,7-8,nelle,nelle,_,_,_
711-6a,_,_,711,7,_,in,in,ADP,_
711-6b,_,_,711,8,_,le,il,DET,_
711-7,BO112,711,711,9,case,case,casa,NOUN,_
711-8,BO112,711,711,10-11,delle,delle,_,_,_
711-8a,_,_,711,10,_,di,di,ADP,_
711-8b,_,_,711,11,_,le,il,DET,_
711-9,BO112,711,711,12,caste,caste,casta,NOUN,_
711-10,BO112,711,711,13,inferiori.,inferiori,inferiore,ADJ,Intonation=falling
712-0,BO112,712,712,1,quando,quando,quando,SCONJ,_
712-1,BO112,712,712,2,io,io,io,PRON,_
712-2,BO112,712,712,3,lavora~,lavora~,lavora~,X,Interrupted=Yes
712-3,BO112,712,712,4,allora,allora,allora,ADV,_
712-4,BO112,712,712,5,io,io,io,PRON,_
712-5,BO112,712,712,6,ho,ho,avere,AUX,_
712-6,BO112,712,712,7,lavorato,lavorato,lavorare,VERB,_
712-7,BO112,712,712,8,in,in,in,ADP,_
712-8,BO112,712,712,9,sri,sri,Sri,PROPN,_
712-9,BO112,712,712,10,lanka,lanka,Lanka,PROPN,_
712-10,BO112,712,712,11,sia,sia,essere,AUX,_
712-11,BO112,712,712,12,come,come,come,ADP,_
712-12,BO112,712,712,13,"ricercatrice,",ricercatrice,ricercatore,NOUN,Intonation=weakly_rising
713-0,BO112,713,713,1,sia,sia,essere,AUX,_
713-1,BO112,713,713,2,come,come,come,ADP,_
713-2,BO112,713,713,3,"cooperante,",cooperante,cooperante,NOUN,Intonation=weakly_rising
714-0,BO112,714,714,1,dopo,dopo,dopo,ADP,_
714-1,BO112,714,714,2,lo,lo,il,DET,_
714-2,BO112,714,714,3,"tsunami,",tsunami,tsunami,NOUN,Intonation=weakly_rising
715-0,BO112,715,715,1,cercavano,cercavano,cercare,VERB,_
715-1,BO112,715,715,2,una::,una,uno,DET,_
715-2,BO112,715,715,3,era,era,ero,NOUN,_
715-3,BO112,715,715,4,un,un,uno,DET,_
715-4,BO112,715,715,5,pool,pool,pool,NOUN,_
715-5,BO112,715,715,6,di,di,di,ADP,_
715-6,BO112,715,715,7,oennegi,oennegi,ONG,NOUN,_
715-7,BO112,715,715,8,internazionali,internazionali,internazionale,ADJ,_
715-8,BO112,715,715,9,e,e,e,CCONJ,_
715-9,BO112,715,715,10,avevano,avevano,avere,VERB,_
715-10,BO112,715,715,11,bisogno,bisogno,bisogno,NOUN,_
715-11,BO112,715,715,12,di,di,di,ADP,_
715-12,BO112,715,715,13,qualcuno,qualcuno,qualcuno,PRON,_
715-13,BO112,715,715,14,che,che,che,PRON,_
715-14,BO112,715,715,15,si,si,si,PRON,_
715-15,BO112,715,715,16,occupasse,occupasse,occupare,VERB,_
715-16,BO112,715,715,17-18,del,del,_,_,_
715-16a,_,_,715,17,_,di,di,ADP,_
715-16b,_,_,715,18,_,il,il,DET,_
715-17,BO112,715,715,19,genere.,genere,genere,NOUN,Intonation=falling
716-0,BO112,716,716,1,ad,ad,a,ADP,_
716-1,BO112,716,716,2,un,un,uno,DET,_
716-2,BO112,716,716,3,certo,certo,certo,ADJ,_
716-3,BO112,716,716,4,"punto,",punto,punto,NOUN,Intonation=weakly_rising
716-4,BO112,716,716,5,si,si,si,PRON,_
716-5,BO112,716,716,6,trattava,trattava,trattare,VERB,_
716-6,BO112,716,716,7,di,di,di,ADP,_
716-7,BO112,716,716,8,andare,andare,andare,VERB,_
716-8,BO112,716,716,9-10,nei,nei,_,_,_
716-8a,_,_,716,9,_,in,in,ADP,_
716-8b,_,_,716,10,_,i,il,DET,_
717-0,BO112,717,717,1,campi,campi,campo,NOUN,_
717-1,BO112,717,717,2,"profughi,",profughi,profugo,NOUN,Intonation=weakly_rising
718-0,BO112,718,718,1,campi,campi,campo,NOUN,_
718-1,BO112,718,718,2,"distrutti,",distrutti,distrutto,ADJ,Intonation=weakly_rising
719-0,BO112,719,719,1,erano,erano,essere,AUX,_
719-1,BO112,719,719,2,{P},{P},_,_,_
719-2,BO112,719,719,3,c',c',ci,PRON,Truncated=Yes
719-3,BO112,719,719,4,era,era,essere,VERB,_
719-4,BO112,719,719,5,stata,stata,essere,AUX,_
719-5,BO112,719,719,6,la,la,il,DET,_
719-6,BO112,719,719,7,distruzione,distruzione,distruzione,NOUN,_
719-7,BO112,719,719,8-9,dello,dello,_,_,_
719-7a,_,_,719,8,_,di,di,ADP,_
719-7b,_,_,719,9,_,lo,il,DET,_
719-8,BO112,719,719,10,"tsunami,",tsunami,tsunami,NOUN,Intonation=weakly_rising
720-0,BO112,720,720,1,e,e,e,CCONJ,_
720-1,BO112,720,720,2,si,si,si,PRON,_
720-2,BO112,720,720,3,stava,stava,stare,AUX,_
720-3,BO112,720,720,4,ricostruendo.,ricostruendo,ricostruire,VERB,Intonation=falling
720-4,BO112,720,720,5,e,e,e,CCONJ,_
720-5,BO112,720,720,6,c',c',ci,PRON,Truncated=Yes
720-6,BO112,720,720,7,erano,erano,essere,VERB,_
720-7,BO112,720,720,8,queste,queste,questo,DET,_
720-8,BO112,720,720,9,donne,donne,donna,NOUN,_
720-9,BO112,720,720,10-11,nei,nei,_,_,_
720-9a,_,_,720,10,_,in,in,ADP,_
720-9b,_,_,720,11,_,i,il,DET,_
720-10,BO112,720,720,12,campi,campi,campo,NOUN,_
720-11,BO112,720,720,13,"profughi,",profughi,profugo,NOUN,Intonation=weakly_rising
721-0,BO112,721,721,1,che,che,che,PRON,_
721-1,BO112,721,721,2,avevano::,avevano,avere,VERB,_
722-0,BO112,722,722,1,volevano,volevano,volere,AUX,_
722-1,BO112,722,722,2,dire,dire,dire,VERB,_
722-2,BO112,722,722,3,la,la,il,DET,_
722-3,BO112,722,722,4,"loro,",loro,loro,DET,Intonation=weakly_rising
723-0,BO112,723,723,1,su,su,su,ADP,_
723-1,BO112,723,723,2,come,come,come,ADV,_
723-2,BO112,723,723,3,doveva,doveva,dovere,AUX,_
723-3,BO112,723,723,4,avvenire,avvenire,avvenire,VERB,_
723-4,BO112,723,723,5,la,la,il,DET,_
723-5,BO112,723,723,6,ricostruzione.,ricostruzione,ricostruzione,NOUN,Intonation=falling
724-0,BO112,724,724,1,e,e,e,CCONJ,_
724-1,BO112,724,724,2,io,io,io,PRON,_
724-2,BO112,724,724,3,un,un,uno,DET,_
724-3,BO112,724,724,4,"giorno,",giorno,giorno,NOUN,Intonation=weakly_rising
725-0,BO112,725,725,1,a,a,a,ADP,_
725-1,BO112,725,725,2,a:::hm,ahm,ahm,INTJ,_
726-0,BO112,726,726,1,ero,ero,essere,AUX,_
727-0,BO112,727,727,1,>cioè<,cioè,cioè,CCONJ,_
727-1,BO112,727,727,2,in,in,in,ADP,_
727-2,BO112,727,727,3,pratica,pratica,pratica,NOUN,_
727-3,BO112,727,727,4,la,la,il,DET,_
727-4,BO112,727,727,5,ragazza,ragazza,ragazzo,NOUN,_
727-5,BO112,727,727,6,con,con,con,ADP,_
727-6,BO112,727,727,7,cui,cui,cui,PRON,_
727-7,BO112,727,727,8,lavoravo,lavoravo,lavorare,VERB,_
727-8,BO112,727,727,9,di,di,di,ADP,_
727-9,BO112,727,727,10,solito,solito,solito,NOUN,_
727-10,BO112,727,727,11,non,non,non,ADV,_
727-11,BO112,727,727,12,c',c',ci,PRON,Truncated=Yes
727-12,BO112,727,727,13,"era,",era,essere,VERB,Intonation=weakly_rising
728-0,BO112,728,728,1,allora,allora,allora,ADV,_
728-1,BO112,728,728,2,c',c',ci,PRON,Truncated=Yes
728-2,BO112,728,728,3,era,era,essere,VERB,_
728-3,BO112,728,728,4,una,una,uno,DET,_
728-4,BO112,728,728,5,ragazza,ragazza,ragazzo,NOUN,_
728-5,BO112,728,728,6-7,dell',dell',_,_,Truncated=Yes
728-5a,_,_,728,6,_,di,di,ADP,_
728-5b,_,_,728,7,_,l',il,DET,_
728-6,BO112,728,728,8,ufficio,ufficio,ufficio,NOUN,_
728-7,BO112,728,728,9,che,che,che,PRON,_
728-8,BO112,728,728,10,mi,mi,mi,PRON,_
728-9,BO112,728,728,11,ha,ha,avere,AUX,_
728-10,BO112,728,728,12,detto,detto,dire,VERB,_
728-11,BO112,728,728,13,va,va,andare,AUX,_
728-12,BO112,728,728,14,bene,bene,bene,ADV,_
728-13,BO112,728,728,15,{P},{P},_,_,_
728-14,BO112,728,728,16,fai,fai,fare,VERB,_
728-15,BO112,728,728,17,venire,venire,venire,VERB,_
728-16,BO112,728,728,18,lei.,lei,lei,PRON,Intonation=falling
729-0,BO112,729,729,1,arriviamo,arriviamo,arrivare,VERB,_
729-1,BO112,729,729,2-3,nel,nel,_,_,_
729-1a,_,_,729,2,_,in,in,ADP,_
729-1b,_,_,729,3,_,il,il,DET,_
729-2,BO112,729,729,4,campo,campo,campo,NOUN,_
729-3,BO112,729,729,5,"profughi,",profughi,profugo,NOUN,Intonation=weakly_rising
730-0,BO112,730,730,1,avete,avete,avere,AUX,_
730-1,BO112,730,730,2,presente,presente,presente,ADJ,_
730-2,BO112,730,730,3,com',com',come,SCONJ,Truncated=Yes
730-3,BO112,730,730,4,è,è,essere,AUX,_
730-4,BO112,730,730,5,un,un,uno,DET,_
730-5,BO112,730,730,6,campo,campo,campo,NOUN,_
730-6,BO112,730,730,7,profughi.,profughi,profugo,NOUN,Intonation=falling
730-7,BO112,730,730,8,ci,ci,ci,PRON,_
730-8,BO112,730,730,9,son,son,essere,VERB,_
730-9,BO112,730,730,10-11,delle,delle,delle,DET,_
730-10,BO112,730,730,12,"baracche,",baracche,baracca,NOUN,Intonation=weakly_rising
731-0,BO112,731,731,1,e,e,e,CCONJ,_
731-1,BO112,731,731,2,c',c',ci,PRON,Truncated=Yes
731-2,BO112,731,731,3,è,è,essere,VERB,_
731-3,BO112,731,731,4,la,la,il,DET,_
731-4,BO112,731,731,5,gente,gente,gente,NOUN,_
731-5,BO112,731,731,6,che,che,che,PRON,_
731-6,BO112,731,731,7,abita,abita,abitare,VERB,_
731-7,BO112,731,731,8,lì.,lì,lì,ADV,Intonation=falling
732-0,BO112,732,732,1,e,e,e,CCONJ,_
732-1,BO112,732,732,2,{P},{P},_,_,_
732-2,BO112,732,732,3,i,i,il,DET,_
732-3,BO112,732,732,4,protagonisti,protagonisti,protagonista,NOUN,_
732-4,BO112,732,732,5,di,di,di,ADP,_
732-5,BO112,732,732,6,questi:,questi,questo,PRON,_
733-0,BO112,733,733,1,e::hm,ehm,ehm,INTJ,_
733-1,BO112,733,733,2,eventi,eventi,evento,NOUN,_
733-2,BO112,733,733,3,sono,sono,essere,AUX,_
733-3,BO112,733,733,4,{P},{P},_,_,_
733-4,BO112,733,733,5-6,delle,delle,_,_,_
733-4a,_,_,733,5,_,di,di,ADP,_
733-4b,_,_,733,6,_,le,il,DET,_
733-5,BO112,733,733,7,famiglie,famiglie,famiglia,NOUN,_
733-6,BO112,733,733,8,di,di,di,ADP,_
733-7,BO112,733,733,9,pescatori.,pescatori,pescatore,NOUN,Intonation=falling
734-0,BO112,734,734,1,"allora::,",allora,allora,ADV,Intonation=weakly_rising
734-1,BO112,734,734,2,"arriviamo,",arriviamo,arrivare,VERB,Intonation=weakly_rising
735-0,BO112,735,735,1,e,e,e,CCONJ,_
735-1,BO112,735,735,2,{P},{P},_,_,_
735-2,BO112,735,735,3,queste,queste,questo,DET,_
735-3,BO112,735,735,4,"donne,",donne,donna,NOUN,Intonation=weakly_rising
735-4,BO112,735,735,5,come,come,come,ADP,_
735-5,BO112,735,735,6,"sempre,",sempre,sempre,ADV,Intonation=weakly_rising
736-0,BO112,736,736,1,ci,ci,ci,PRON,_
736-1,BO112,736,736,2,offrono,offrono,offrire,VERB,_
736-2,BO112,736,736,3-4,del,del,_,_,_
736-2a,_,_,736,3,_,di,di,ADP,_
736-2b,_,_,736,4,_,il,il,DET,_
736-3,BO112,736,736,5,tè,tè,tè,NOUN,_
736-4,BO112,736,736,6,caldo.,caldo,caldo,ADJ,Intonation=falling
737-0,BO112,737,737,1,e,e,e,CCONJ,_
737-1,BO112,737,737,2,"lei,",lei,lei,PRON,Intonation=weakly_rising
737-2,BO112,737,737,3,lo,lo,lo,PRON,_
737-3,BO112,737,737,4,rifiuta.,rifiuta,rifiutare,VERB,Intonation=falling
738-0,BO112,738,738,1,dopo,dopo,dopo,ADV,_
738-1,BO112,738,738,2,di,di,di,ADP,_
738-2,BO112,738,738,3,che,che,che,PRON,_
739-0,BO112,739,739,1,cominciano,cominciano,cominciare,VERB,_
739-1,BO112,739,739,2,a,a,a,ADP,_
739-2,BO112,739,739,3,"parlare,",parlare,parlare,VERB,Intonation=weakly_rising
740-0,BO112,740,740,1,e,e,e,CCONJ,_
740-1,BO112,740,740,2,lei,lei,lei,PRON,_
740-2,BO112,740,740,3,dice,dice,dire,VERB,_
740-3,BO112,740,740,4,non,non,non,ADV,_
740-4,BO112,740,740,5,posso:,posso,potere,AUX,_
740-5,BO112,740,740,6,tradurre,tradurre,tradurre,VERB,_
740-6,BO112,740,740,7,quello,quello,quello,PRON,_
740-7,BO112,740,740,8,che,che,che,PRON,_
740-8,BO112,740,740,9,"dicono,",dicono,dire,VERB,Intonation=weakly_rising
740-9,BO112,740,740,10,perché,perché,perché,SCONJ,_
740-10,BO112,740,740,11,usano,usano,usare,VERB,_
740-11,BO112,740,740,12-13,delle,delle,_,_,_
740-11a,_,_,740,12,_,di,di,ADP,_
740-11b,_,_,740,13,_,le,il,DET,_
740-12,BO112,740,740,14,brutte,brutte,brutto,ADJ,_
740-13,BO112,740,740,15,parole.,parole,parola,NOUN,Intonation=falling
741-0,BO112,741,741,1,in,in,in,ADP,_
741-1,BO112,741,741,2,pratica,pratica,pratica,NOUN,_
741-2,BO112,741,741,3,"questa,",questa,questo,DET,Intonation=weakly_rising
742-0,BO112,742,742,1,"impiegata,",impiegata,impiegato,NOUN,Intonation=weakly_rising
743-0,BO112,743,743,1,era,era,essere,AUX,_
743-1,BO112,743,743,2,una,una,uno,DET,_
743-2,BO112,743,743,3,ragazza,ragazza,ragazzo,NOUN,_
743-3,BO112,743,743,4,di,di,di,ADP,_
743-4,BO112,743,743,5,casta,casta,casta,NOUN,_
743-5,BO112,743,743,6,"alta,",alta,alto,ADJ,Intonation=weakly_rising
744-0a,BO112,744,744,1,per,per,per,ADP,_
744-0b,BO112,744,744,,cui,cui,cui,PRON,
744-1,BO112,744,744,2,"ostentatamente,",ostentatamente,ostentatamente,ADV,Intonation=weakly_rising
744-2,BO112,744,744,3,si,si,si,PRON,_
744-3,BO112,744,744,4,è,è,essere,AUX,_
744-4,BO112,744,744,5,rifiutata,rifiutata,rifiutare,VERB,_
744-5,BO112,744,744,6,di,di,di,ADP,_
744-6,BO112,744,744,7,collaborare,collaborare,collaborare,VERB,_
744-7,BO112,744,744,8-9,nel,nel,_,_,_
744-7a,_,_,744,8,_,in,in,ADP,_
744-7b,_,_,744,9,_,il,il,DET,_
744-8,BO112,744,744,10,lavoro.,lavoro,lavoro,NOUN,Intonation=falling
744-9,BO112,744,744,11,io,io,io,PRON,_
744-10,BO112,744,744,12,le,le,le,PRON,_
744-11,BO112,744,744,13,ho,ho,avere,AUX,_
744-12,BO112,744,744,14,"detto,",detto,dire,VERB,Intonation=weakly_rising
744-13,BO112,744,744,15,ma,ma,ma,CCONJ,_
744-14,BO112,744,744,16,"scusami,",scusami,_,_,Intonation=weakly_rising
744-14a,_,_,744,,_,scusa,scusare,VERB,
744-14b,_,_,744,,_,mi,mi,PRON,
745-0,BO112,745,745,1,tu,tu,tu,PRON,_
745-1,BO112,745,745,2,lavori,lavori,lavorare,VERB,_
745-2,BO112,745,745,3,per,per,per,ADP,_
745-3,BO112,745,745,4,un',un',uno,DET,Truncated=Yes
745-4,BO112,745,745,5,"oennegi,",oennegi,ONG,NOUN,Intonation=weakly_rising
746-0,BO112,746,746,1,che,che,che,SCONJ,_
746-1,BO112,746,746,2,si,si,si,PRON,_
746-2,BO112,746,746,3,occupa,occupa,occupare,VERB,_
746-3,BO112,746,746,4-5,della,della,_,_,_
746-3a,_,_,746,4,_,di,di,ADP,_
746-3b,_,_,746,5,_,la,il,DET,_
746-4,BO112,746,746,6,ricostruzione,ricostruzione,ricostruzione,NOUN,_
746-5,BO112,746,746,7-8,dei,dei,_,_,_
746-5a,_,_,746,7,_,di,di,ADP,_
746-5b,_,_,746,8,_,i,il,DET,_
746-6,BO112,746,746,9,campi,campi,campo,NOUN,_
746-7,BO112,746,746,10,profughi.,profughi,profugo,NOUN,Intonation=falling
747-0,BO112,747,747,1,lei,lei,lei,PRON,_
747-1,BO112,747,747,2,mi,mi,mi,PRON,_
747-2,BO112,747,747,3,ha,ha,avere,AUX,_
747-3,BO112,747,747,4,detto,detto,dire,VERB,_
747-4,BO112,747,747,5,"infatti,",infatti,infatti,ADV,Intonation=weakly_rising
748-0,BO112,748,748,1,ma,ma,ma,CCONJ,_
748-1,BO112,748,748,2,io,io,io,PRON,_
748-2,BO112,748,748,3,lavoro,lavoro,lavorare,VERB,_
748-3,BO112,748,748,4,in,in,in,ADP,_
748-4,BO112,748,748,5,ufficio.,ufficio,ufficio,NOUN,Intonation=falling
749-0,BO112,749,749,1,non,non,non,ADV,_
749-1,BO112,749,749,2,faceva,faceva,fare,VERB,_
749-2,BO112,749,749,3,una,una,uno,DET,_
749-3,BO112,749,749,4,{P},{P},_,_,_
749-4,BO112,749,749,5,una,una,uno,DET,_
749-5,BO112,749,749,6,piega.,piega,piega,NOUN,Intonation=falling
749-6,BO112,749,749,7,eh?,eh,eh,INTJ,Intonation=rising
750-0,BO112,750,750,1,quindi,quindi,quindi,ADV,_
750-1,BO112,750,750,2,il,il,il,DET,_
750-2,BO112,750,750,3,sistema,sistema,sistema,NOUN,_
750-3,BO112,750,750,4,"castale,",castale,castale,ADJ,Intonation=weakly_rising
750-4,BO112,750,750,5,è,è,essere,AUX,_
750-5,BO112,750,750,6,profondamente,profondamente,profondamente,ADV,_
750-6,BO112,750,750,7,radicato,radicato,radicare,VERB,_
751-0,BO112,751,751,1,solo,solo,solo,ADV,_
751-1,BO112,751,751,2,"che,",che,che,SCONJ,Intonation=weakly_rising
751-2,BO112,751,751,3,è,è,essere,AUX,_
751-3,BO112,751,751,4,una,una,uno,DET,_
751-4,BO112,751,751,5,"dimensione,",dimensione,dimensione,NOUN,Intonation=weakly_rising
752-0,BO112,752,752,1,invisibile.,invisibile,invisibile,ADJ,Intonation=falling
753-0,BO112,753,753,1,>cioè<,cioè,cioè,CCONJ,_
753-1,BO112,753,753,2-3,nel,nel,_,_,_
753-1a,_,_,753,2,_,in,in,ADP,_
753-1b,_,_,753,3,_,il,il,DET,_
753-2,BO112,753,753,4,momento,momento,momento,NOUN,_
753-3,BO112,753,753,5,in,in,in,ADP,_
753-4,BO112,753,753,6,"cui,",cui,cui,PRON,Intonation=weakly_rising
754-0,BO112,754,754,1,l',l',il,DET,Truncated=Yes
754-1,BO112,754,754,2,antropologo,antropologo,antropologo,NOUN,_
754-2,BO112,754,754,3,o,o,o,CCONJ,_
754-3,BO112,754,754,4,in,in,in,ADP,_
754-4,BO112,754,754,5,generale,generale,generale,ADJ,_
754-5,BO112,754,754,6,l',l',il,DET,Truncated=Yes
754-6,BO112,754,754,7,"occidentale,",occidentale,occidentale,NOUN,Intonation=weakly_rising
754-7,BO112,754,754,8,si,si,si,PRON,_
754-8,BO112,754,754,9,reca,reca,recare,VERB,_
754-9,BO112,754,754,10,in,in,in,ADP,_
754-10,BO112,754,754,11,"india,",india,India,PROPN,Intonation=weakly_rising
755-0,BO112,755,755,1,non,non,non,ADV,_
755-1,BO112,755,755,2,è,è,essere,AUX,_
756-0,BO112,756,756,1,che,che,che,SCONJ,_
756-1,BO112,756,756,2,possa,possa,potere,AUX,_
756-2,BO112,756,756,3,vedere,vedere,vedere,VERB,_
757-0,BO112,757,757,1,cosa,cosa,cosa,PRON,_
757-1,BO112,757,757,2,sta,sta,stare,AUX,_
757-2,BO112,757,757,3,succedendo.,succedendo,succedere,VERB,Intonation=falling
758-0,BO112,758,758,1,però,però,però,ADV,_
758-1,BO112,758,758,2,queste,queste,questo,DET,_
758-2,BO112,758,758,3,"dinamiche,",dinamiche,dinamica,NOUN,Intonation=weakly_rising
758-3,BO112,758,758,4-5,nel,nel,_,_,_
758-3a,_,_,758,4,_,in,in,ADP,_
758-3b,_,_,758,5,_,il,il,DET,_
758-4,BO112,758,758,6,tempo,tempo,tempo,NOUN,_
758-5,BO112,758,758,7,{P},{P},_,_,_
758-6,BO112,758,758,8,si,si,si,PRON,_
758-7,BO112,758,758,9,scoprono.,scoprono,scoprire,VERB,Intonation=falling
759-0,BO112,759,759,1,domande?,domande,domanda,NOUN,Intonation=rising
760-0,BO112,760,760,1,"prego,",prego,prego,INTJ,Intonation=weakly_rising
761-0,???,761,761,1,e::h,eh,eh,INTJ,_
761-1,???,761,761,2,come,come,come,ADV,_
761-2,???,761,761,3,si,si,si,PRON,_
761-3,???,761,761,4,"riconosce,",riconosce,riconoscere,VERB,Intonation=weakly_rising
761-4,???,761,761,5,un,un,uno,DET,_
761-5,???,761,761,6,appartenente,appartenente,appartenente,ADJ,_
761-6,???,761,761,7,a,a,a,ADP,_
761-7,???,761,761,8,una,una,uno,DET,_
761-8,???,761,761,9,"casta,",casta,casta,NOUN,Intonation=weakly_rising
761-9,???,761,761,10,piuttosto,piuttosto,piuttosto,ADV,_
761-10,???,761,761,11,che,che,che,SCONJ,_
761-11,???,761,761,12,a,a,a,ADP,_
761-12,???,761,761,13,un',un',uno,DET,Truncated=Yes
761-13,???,761,761,14,altra?,altra,altro,PRON,Intonation=rising
762-0,BO112,762,762,1,allora,allora,allora,ADV,_
762-1,BO112,762,762,2,ci,ci,ci,PRON,_
762-2,BO112,762,762,3,sono,sono,essere,VERB,_
762-3,BO112,762,762,4,tante,tante,tanto,DET,_
762-4,BO112,762,762,5,"variabili,",variabili,variabile,NOUN,Intonation=weakly_rising
762-5,BO112,762,762,6,perché,perché,perché,SCONJ,_
762-6,BO112,762,762,7,le,le,il,DET,_
762-7,BO112,762,762,8,caste,caste,casta,NOUN,_
762-8,BO112,762,762,9,sono,sono,essere,AUX,_
762-9,BO112,762,762,10,un,un,uno,DET,_
762-10,BO112,762,762,11,tema,tema,tema,NOUN,_
762-11,BO112,762,762,12,estremamente,estremamente,estremamente,ADV,_
762-12,BO112,762,762,13,complesso.,complesso,complesso,ADJ,Intonation=falling
762-13,BO112,762,762,14,comunque,comunque,comunque,ADV,_
762-14,BO112,762,762,15,dedicheremo,dedicheremo,dedicare,VERB,_
762-15,BO112,762,762,16,una,una,uno,DET,_
762-16,BO112,762,762,17,parte,parte,parte,NOUN,_
762-17,BO112,762,762,18-19,della,della,_,_,_
762-17a,_,_,762,18,_,di,di,ADP,_
762-17b,_,_,762,19,_,la,il,DET,_
762-18,BO112,762,762,20,lezione,lezione,lezione,NOUN,_
762-19,BO112,762,762,21,a,a,a,ADP,_
762-20,BO112,762,762,22,questo,questo,questo,PRON,_
762-21,BO112,762,762,23,e,e,e,CCONJ,_
762-22,BO112,762,762,24,vedrete,vedrete,vedere,VERB,_
762-23,BO112,762,762,25,che,che,che,SCONJ,_
762-24,BO112,762,762,26,risponderò,risponderò,rispondere,VERB,_
762-25,BO112,762,762,27,a,a,a,ADP,_
762-26,BO112,762,762,28,tutte,tutte,tutto,DET,_
762-27,BO112,762,762,29,le,le,il,DET,_
762-28,BO112,762,762,30,domande,domande,domanda,NOUN,_
762-29,BO112,762,762,31,{P},{P},_,_,_
762-30,BO112,762,762,32,adesso,adesso,adesso,ADV,_
762-31,BO112,762,762,33,è,è,essere,AUX,_
762-32,BO112,762,762,34,prematuro.,prematuro,prematuro,ADJ,Intonation=falling
763-0,BO112,763,763,1,"prego,",prego,prego,INTJ,Intonation=weakly_rising
764-0,???,764,764,1,mi,mi,mi,PRON,_
764-1,???,764,764,2,"scusi,",scusi,scusare,VERB,Intonation=weakly_rising
764-2,???,764,764,3,lo,lo,il,DET,_
764-3,???,764,764,4,straniero.,straniero,straniero,NOUN,Intonation=falling
764-4,???,764,764,5,[in,in,in,ADP,_
764-5,???,764,764,6,questo]::,questo,questo,PRON,_
765-0,BO112,765,765,1,[lo,lo,il,DET,_
765-1,BO112,765,765,2,stranie~],stranie~,stranie~,X,Interrupted=Yes
766-0,BO112,766,766,1,e,e,e,CCONJ,_
766-1,BO112,766,766,2,anche,anche,anche,ADV,_
766-2,BO112,766,766,3,questo,questo,questo,PRON,_
766-3,BO112,766,766,4,ne,ne,ne,PRON,_
766-4,BO112,766,766,5,parleremo.,parleremo,parlare,VERB,Intonation=falling
766-5,BO112,766,766,6,eh?,eh,eh,INTJ,Intonation=rising
766-6,BO112,766,766,7,comunque,comunque,comunque,ADV,_
766-7,BO112,766,766,8,diciamo,diciamo,dire,VERB,_
766-8,BO112,766,766,9,che,che,che,SCONJ,_
766-9,BO112,766,766,10,sta,sta,stare,VERB,_
766-10,BO112,766,766,11,abbastanza,abbastanza,abbastanza,ADV,_
766-11,BO112,766,766,12,in,in,in,ADP,_
766-12,BO112,766,766,13,"alto,",alto,alto,NOUN,Intonation=weakly_rising
766-13,BO112,766,766,14,anche,anche,anche,ADV,_
766-14,BO112,766,766,15,se,se,se,SCONJ,_
766-15,BO112,766,766,16,non,non,non,ADV,_
766-16,BO112,766,766,17,appartiene,appartiene,appartenere,VERB,_
766-17,BO112,766,766,18-19,al,al,_,_,_
766-17a,_,_,766,18,_,a,a,ADP,_
766-17b,_,_,766,19,_,il,il,DET,_
766-18,BO112,766,766,20,sistema,sistema,sistema,NOUN,_
766-19,BO112,766,766,21,castale.,castale,castale,ADJ,Intonation=falling
767-0,BO112,767,767,1,"allora,",allora,allora,ADV,Intonation=weakly_rising
767-1,BO112,767,767,2-3,nella,nella,_,_,_
767-1a,_,_,767,2,_,in,in,ADP,_
767-1b,_,_,767,3,_,la,il,DET,_
767-2,BO112,767,767,4,pausa,pausa,pausa,NOUN,_
767-3,BO112,767,767,5,vi,vi,vi,PRON,_
767-4,BO112,767,767,6,chiedo,chiedo,chiedere,VERB,_
767-5,BO112,767,767,7,di,di,di,ADP,_
767-6,BO112,767,767,8,venire,venire,venire,VERB,_
767-7,BO112,767,767,9,{P},{P},_,_,_
767-8,BO112,767,767,10,a,a,a,ADP,_
767-9,BO112,767,767,11,scrivere,scrivere,scrivere,VERB,_
767-10,BO112,767,767,12,quello,quello,quello,PRON,_
767-11,BO112,767,767,13,che,che,che,PRON,_
767-12,BO112,767,767,14,avete,avete,avere,AUX,_
768-0,BO112,768,768,1,"pensato,",pensato,pensare,VERB,Intonation=weakly_rising
768-1,BO112,768,768,2-3,sui,sui,_,_,_
768-1a,_,_,768,2,_,su,su,ADP,_
768-1b,_,_,768,3,_,i,il,DET,_
768-2,BO112,768,768,4,"due,",due,due,NUM,Intonation=weakly_rising
768-3,BO112,768,768,5,{P},{P},_,_,_
768-4,BO112,768,768,6,io,io,io,PRON,_
768-5,BO112,768,768,7,preparo,preparo,preparare,VERB,_
768-6,BO112,768,768,8,la,la,il,DET,_
768-7,BO112,768,768,9,"lavagna,",lavagna,lavagna,NOUN,Intonation=weakly_rising
769-0,???,769,769,0,{brusio_diffuso},{brusio_diffuso},_,X,_
770-0,BO112,770,770,1,bene,bene,bene,ADV,_
770-1,BO112,770,770,2,raga~,raga~,raga~,NOUN,Interrupted=Yes
771-0,BO112,771,771,1,ragazzi,ragazzi,ragazzo,NOUN,_
771-1,BO112,771,771,2,"rientriamo,",rientriamo,rientrare,VERB,Intonation=weakly_rising
771-2,BO112,771,771,3,la,la,il,DET,_
771-3,BO112,771,771,4,pausa,pausa,pausa,NOUN,_
771-4,BO112,771,771,5-6,del,del,_,_,_
771-4a,_,_,771,5,_,di,di,ADP,_
771-4b,_,_,771,6,_,il,il,DET,_
771-5,BO112,771,771,7,venerdì,venerdì,venerdì,NOUN,_
771-6,BO112,771,771,8,è,è,essere,AUX,_
771-7,BO112,771,771,9,breve,breve,breve,ADJ,_
771-8,BO112,771,771,10,perché,perché,perché,SCONJ,_
771-9,BO112,771,771,11,so,so,sapere,VERB,_
771-10,BO112,771,771,12,che,che,che,SCONJ,_
771-11,BO112,771,771,13,molti,molti,molto,PRON,_
771-12,BO112,771,771,14,scappano,scappano,scappare,VERB,_
771-13,BO112,771,771,15,hanno::,hanno,avere,VERB,_
771-14,BO112,771,771,16,prendono,prendono,prendere,VERB,_
771-15,BO112,771,771,17,il,il,il,DET,_
771-16,BO112,771,771,18,"treno,",treno,treno,NOUN,Intonation=weakly_rising
771-17,BO112,771,771,19,quindi,quindi,quindi,ADV,_
771-18,BO112,771,771,20,cerchiamo,cerchiamo,cercare,VERB,_
771-19,BO112,771,771,21,di,di,di,ADP,_
771-20,BO112,771,771,22-23,farvi,farvi,_,_,_
771-20a,_,_,771,22,_,far,fare,VERB,_
771-20b,_,_,771,23,_,vi,vi,PRON,_
771-21,BO112,771,771,24,rientrare,rientrare,rientrare,VERB,_
771-22,BO112,771,771,25,"tutti,",tutti,tutto,PRON,Intonation=weakly_rising
772-0,BO112,772,772,1,finire,finire,finire,VERB,_
772-1,BO112,772,772,2,magari,magari,magari,ADV,_
772-2,BO112,772,772,3,cinque,cinque,cinque,NUM,_
772-3,BO112,772,772,4,minuti,minuti,minuto,NOUN,_
772-4,BO112,772,772,5,"prima,",prima,prima,ADV,Intonation=weakly_rising
773-0,BO112,773,773,1,mi,mi,mi,PRON,_
773-1,BO112,773,773,2,chiudete,chiudete,chiudere,VERB,_
773-2,BO112,773,773,3,la,la,il,DET,_
773-3,BO112,773,773,4,porta,porta,porta,NOUN,_
773-4,BO112,773,773,5,così,così,così,ADV,_
773-5,BO112,773,773,6,capiscono,capiscono,capire,VERB,_
773-6,BO112,773,773,7,che,che,che,SCONJ,_
773-7,BO112,773,773,8,è,è,essere,AUX,_
773-8,BO112,773,773,9,finita,finita,finire,VERB,_
773-9,BO112,773,773,10,la,la,il,DET,_
773-10,BO112,773,773,11,pausa?,pausa,pausa,NOUN,Intonation=rising
774-0,BO112,774,774,1,allora,allora,allora,ADV,_
774-1,BO112,774,774,2,"quando::,",quando,quando,SCONJ,Intonation=weakly_rising
775-0,BO112,775,775,1,allora,allora,allora,ADV,_
775-1,BO112,775,775,2,questo:::,questo,questo,PRON,_
775-2,BO112,775,775,3,questa,questa,questo,DET,_
775-3,BO112,775,775,4,"esercitazione,",esercitazione,esercitazione,NOUN,Intonation=weakly_rising
776-0,BO112,776,776,1-2,sul,sul,_,_,_
776-0a,_,_,776,1,_,su,su,ADP,_
776-0b,_,_,776,2,_,il,il,DET,_
776-1,BO112,776,776,3,matrimonio,matrimonio,matrimonio,NOUN,_
776-2,BO112,776,776,4,"combinato,",combinato,combinato,ADJ,Intonation=weakly_rising
776-3,BO112,776,776,5,è,è,essere,VERB,_
776-4,BO112,776,776,6,{P},{P},_,_,_
776-5,BO112,776,776,7,per,per,per,ADP,_
776-6,BO112,776,776,8-9,mostrarvi,mostrarvi,_,_,_
776-6a,_,_,776,8,_,mostrar,mostrare,VERB,_
776-6b,_,_,776,9,_,vi,vi,PRON,_
776-7,BO112,776,776,10,come,come,come,SCONJ,_
776-8,BO112,776,776,11,ragiona,ragiona,ragionare,VERB,_
776-9,BO112,776,776,12,un,un,uno,DET,_
776-10,BO112,776,776,13,antropologo.,antropologo,antropologo,NOUN,Intonation=falling
777-0,BO112,777,777,1,>cioè<,cioè,cioé,CCONJ,_
777-1,BO112,777,777,2,come,come,come,SCONJ,_
777-2,BO112,777,777,3,funziona,funziona,funzionare,VERB,_
777-3,BO112,777,777,4,il,il,il,DET,_
777-4,BO112,777,777,5,ragionamento,ragionamento,ragionamento,NOUN,_
777-5,BO112,777,777,6,{P},{P},_,_,_
777-6,BO112,777,777,7,"antropologico,",antropologico,antropologico,ADJ,Intonation=weakly_rising
778-0,BO112,778,778,1-2,sulla,sulla,_,_,_
778-0a,_,_,778,1,_,su,su,ADP,_
778-0b,_,_,778,2,_,la,il,DET,_
778-1,BO112,778,778,3,base,base,base,NOUN,_
778-2,BO112,778,778,4-5,delle,delle,_,_,_
778-2a,_,_,778,4,_,di,di,ADP,_
778-2b,_,_,778,5,_,le,il,DET,_
778-3,BO112,778,778,6,pratiche,pratiche,pratica,NOUN,_
778-4,BO112,778,778,7,osservate.,osservate,osservato,ADJ,Intonation=falling
779-0,BO112,779,779,1,innanzitutto,innanzitutto,innanzitutto,ADV,_
779-1,BO112,779,779,2,"vediamo,",vediamo,vedere,VERB,Intonation=weakly_rising
779-2,BO112,779,779,3,quali,quali,quale,PRON,_
779-3,BO112,779,779,4,sono,sono,essere,AUX,_
779-4,BO112,779,779,5,i,i,il,DET,_
779-5,BO112,779,779,6,termini,termini,termine,NOUN,_
779-6,BO112,779,779,7,che,che,che,PRON,_
779-7,BO112,779,779,8,vengono,vengono,venire,AUX,_
779-8,BO112,779,779,9,"associati,",associati,associare,VERB,Intonation=weakly_rising
780-0,BO112,780,780,1,da::,da,da,ADP,_
780-1,BO112,780,780,2,un,un,uno,DET,_
780-2,BO112,780,780,3,(uditorio),uditorio,uditorio,NOUN,_
780-3,BO112,780,780,4,standard,standard,standard,ADJ,_
780-4,BO112,780,780,5,"italiano,",italiano,italiano,ADJ,Intonation=weakly_rising
781-0,BO112,781,781,1,a,a,a,ADP,_
781-1,BO112,781,781,2,queste,queste,questo,DET,_
781-2,BO112,781,781,3,{P},{P},_,_,_
781-3,BO112,781,781,4,due,due,due,NUM,_
781-4,BO112,781,781,5,pratiche,pratiche,pratica,NOUN,_
781-5,BO112,781,781,6-7,del,del,_,_,_
781-5a,_,_,781,6,_,di,di,ADP,_
781-5b,_,_,781,7,_,il,il,DET,_
781-6,BO112,781,781,8,matrimonio,matrimonio,matrimonio,NOUN,_
781-7,BO112,781,781,9,d',d',di,ADP,SpaceAfter=No
781-8,BO112,781,781,10,"amore,",amore,amore,NOUN,Intonation=weakly_rising
781-9,BO112,781,781,11-12,del,del,_,_,_
781-9a,_,_,781,11,_,di,di,ADP,_
781-9b,_,_,781,12,_,il,il,DET,_
781-10,BO112,781,781,13,matrimonio,matrimonio,matrimonio,NOUN,_
781-11,BO112,781,781,14,combinato.,combinato,combinato,ADJ,Intonation=falling
782-0,BO112,782,782,1,spero,spero,sperare,VERB,_
782-1,BO112,782,782,2,di,di,di,ADP,_
782-2,BO112,782,782,3,fare,fare,fare,VERB,_
782-3,BO112,782,782,4,giusto,giusto,giusto,ADJ,_
782-4,BO112,782,782,5,se,se,se,SCONJ,_
782-5,BO112,782,782,6,schiaccio,schiaccio,schiare,VERB,_
782-6,BO112,782,782,7,"qua,",qua,qua,ADV,Intonation=weakly_rising
782-7,BO112,782,782,8,mi,mi,mi,PRON,_
782-8,BO112,782,782,9,viene,viene,venire,VERB,_
782-9,BO112,782,782,10,fuori,fuori,fuori,ADV,_
782-10,BO112,782,782,11,xxx,x,x,X,_
782-11,BO112,782,782,12,penna?,penna,penna,NOUN,Intonation=rising
783-0,BO112,783,783,1,sì.,sì,sì,ADV,Intonation=falling
784-0,BO112,784,784,1,allora,allora,allora,ADV,_
784-1,BO112,784,784,2,{P},{P},_,_,_
784-2,BO112,784,784,3,quello,quello,quello,PRON,_
784-3,BO112,784,784,4,che,che,che,PRON,_
784-4,BO112,784,784,5,hanno,hanno,avere,AUX,_
784-5,BO112,784,784,6,scritto,scritto,scrivere,VERB,_
784-6,BO112,784,784,7,i,i,il,DET,_
784-7,BO112,784,784,8,vostri,vostri,vostro,DET,_
784-8,BO112,784,784,9,colleghi,colleghi,collega,NOUN,_
784-9,BO112,784,784,10,sono,sono,essere,AUX,_
785-0,BO112,785,785,1-2,delle,delle,_,_,_
785-0a,_,_,785,1,_,di,di,ADP,_
785-0b,_,_,785,2,_,le,il,DET,_
785-1,BO112,785,785,3,{P},{P},_,_,_
785-2,BO112,785,785,4,innanzitutto,innanzitutto,innanzitutto,ADV,_
785-3,BO112,785,785,5,alcune,alcune,alcuno,DET,_
785-4,BO112,785,785,6,"contrapposizioni,",contrapposizioni,contrapposizione,NOUN,Intonation=weakly_rising
786-0,BO112,786,786,1,ad,ad,a,ADP,_
786-1,BO112,786,786,2,esempio,esempio,esempio,NOUN,_
786-2,BO112,786,786,3,falso,falso,falso,ADJ,_
786-3,BO112,786,786,4,"vero,",vero,vero,ADJ,Intonation=weakly_rising
787-0,BO112,787,787,1,forzato,forzato,forzato,ADJ,_
787-1,BO112,787,787,2,"felice,",felice,felice,ADJ,Intonation=weakly_rising
788-0,BO112,788,788,1,pericoloso,pericoloso,pericoloso,ADJ,_
788-1,BO112,788,788,2,"utopico,",utopico,utopico,ADJ,Intonation=weakly_rising
789-0,BO112,789,789,1,"atipico,",atipico,atipico,ADJ,Intonation=weakly_rising
789-1,BO112,789,789,2,immagino.,immagino,immaginare,VERB,Intonation=falling
790-0,BO112,790,790,1,convenzionale.,convenzionale,convenzionale,ADJ,Intonation=falling
790-1,BO112,790,790,2,prestabilito,prestabilito,prestabilito,ADJ,_
790-2,BO112,790,790,3,"passionale,",passionale,passionale,ADJ,Intonation=weakly_rising
791-0,BO112,791,791,1,sotto,sotto,sotto,ADP,_
791-1,BO112,791,791,2,il,il,il,DET,_
791-2,BO112,791,791,3,matrimonio,matrimonio,matrimonio,NOUN,_
791-3,BO112,791,791,4,"combinato,",combinato,combinato,ADJ,Intonation=weakly_rising
791-4,BO112,791,791,5,è,è,essere,AUX,_
791-5,BO112,791,791,6,stata,stata,essere,AUX,_
791-6,BO112,791,791,7,messa,messa,mettere,VERB,_
791-7,BO112,791,791,8,anche,anche,anche,ADV,_
791-8,BO112,791,791,9,la,la,il,DET,_
791-9,BO112,791,791,10,"dote,",dote,dote,NOUN,Intonation=weakly_rising
792-0,BO112,792,792,1,politicamente,politicamente,politicamente,ADV,_
792-1,BO112,792,792,2,"utile,",utile,utile,ADJ,Intonation=weakly_rising
793-0,BO112,793,793,1,"moderno,",moderno,moderno,ADJ,Intonation=weakly_rising
794-0,BO112,794,794,1,instabile,instabile,instabile,ADJ,_
794-1,BO112,794,794,2,"imprevedibile,",imprevedibile,imprevedibile,ADJ,Intonation=weakly_rising
795-0,BO112,795,795,1,vediamo,vediamo,vedere,VERB,_
795-1,BO112,795,795,2,altri,altri,altro,ADJ,_
795-2,BO112,795,795,3,"aggettivi,",aggettivi,aggettivo,NOUN,Intonation=weakly_rising
796-0,BO112,796,796,1,"scopo,",scopo,scopo,NOUN,Intonation=weakly_rising
797-0,BO112,797,797,1,"prestigio,",prestigio,prestigio,NOUN,Intonation=weakly_rising
797-1,BO112,797,797,2,cittadinanza,cittadinanza,cittadinanza,NOUN,_
797-2,BO112,797,797,3,"economia,",economia,economia,NOUN,Intonation=weakly_rising
797-3,BO112,797,797,4,sotto,sotto,sotto,ADP,_
797-4,BO112,797,797,5,quello,quello,quello,PRON,_
797-5,BO112,797,797,6,"combinato,",combinato,combinato,ADJ,Intonation=weakly_rising
798-0,BO112,798,798,1,e,e,e,CCONJ,_
798-1,BO112,798,798,2,invece,invece,invece,ADV,_
798-2,BO112,798,798,3,il,il,il,DET,_
798-3,BO112,798,798,4,matrimonio,matrimonio,matrimonio,NOUN,_
798-4,BO112,798,798,5,d',d',di,ADP,SpaceAfter=No
798-5,BO112,798,798,6,amore,amore,amore,NOUN,_
798-6,BO112,798,798,7,popolare.,popolare,popolare,ADJ,Intonation=falling
798-7,BO112,798,798,8,forse,forse,forse,ADV,_
798-8,BO112,798,798,9,questo,questo,questo,PRON,_
798-9,BO112,798,798,10,bisogna,bisogna,bisognare,VERB,_
798-10,BO112,798,798,11,che,che,che,SCONJ,_
798-11,BO112,798,798,12,me,me,me,PRON,_
798-12,BO112,798,798,13,lo,lo,lo,PRON,_
798-13,BO112,798,798,14,spiegate,spiegate,spiegare,VERB,_
798-14,BO112,798,798,15,perché,perché,perché,SCONJ,_
798-15,BO112,798,798,16,{P},{P},_,_,_
798-16,BO112,798,798,17,popolare,popolare,popolare,VERB,_
798-17,BO112,798,798,18,[non,non,non,ADV,_
798-18,BO112,798,798,19,l',l',lo,PRON,Truncated=Yes
798-19,BO112,798,798,20,ho,ho,avere,AUX,_
798-20,BO112,798,798,21,capito].,capito,capire,VERB,Intonation=falling
799-0,???,799,799,1-2,[nel,nel,_,_,_
799-0a,_,_,799,1,_,in,in,ADP,_
799-0b,_,_,799,2,_,il,il,DET,_
799-1,???,799,799,3,senso::],senso,senso,NOUN,_
800-0,???,800,800,1,non,non,non,ADV,_
800-1,???,800,800,2,"aristocratico,",aristocratico,aristocratico,ADJ,Intonation=weakly_rising
800-2,???,800,800,3,xxx,x,x,X,_
801-0,???,801,801,1-2,nel,nel,_,_,_
801-0a,_,_,801,1,_,in,in,ADP,_
801-0b,_,_,801,2,_,il,il,DET,_
801-1,???,801,801,3,senso::,senso,senso,NOUN,_
801-2,???,801,801,4,non,non,non,ADV,_
801-3,???,801,801,5,aristocratico.,aristocratico,aristocratico,ADJ,Intonation=falling
802-0,BO112,802,802,1,quinidi:,quinidi,quindi,ADV,_
803-0,BO112,803,803,1,di,di,di,ADP,_
803-1,BO112,803,803,2,ceti,ceti,ceto,NOUN,_
803-2,BO112,803,803,3,sociali:,sociali,sociale,ADJ,_
803-3,BO112,803,803,4,non,non,non,ADV,_
803-4,BO112,803,803,5,"elevati,",elevati,elevato,ADJ,Intonation=weakly_rising
804-0,BO112,804,804,1,in,in,in,ADP,_
804-1,BO112,804,804,2,questo,questo,questo,DET,_
804-2,BO112,804,804,3,senso.,senso,senso,NOUN,Intonation=falling
804-3,BO112,804,804,4,d',d',di,ADP,Intonation=falling
804-4,BO112,804,804,,accordo.,accordo,accordo,NOUN,
805-0,BO112,805,805,1,c',c',ci,PRON,Truncated=Yes
805-1,BO112,805,805,2,è,è,essere,VERB,_
805-2,BO112,805,805,3,qualcuno,qualcuno,qualcuno,PRON,_
805-3,BO112,805,805,4,"che,",che,che,SCONJ,Intonation=weakly_rising
805-4,BO112,805,805,5,prima,prima,prima,ADV,_
806-0,BO112,806,806,1,che,che,che,SCONJ,_
806-1,BO112,806,806,2,noi,noi,noi,PRON,_
806-2,BO112,806,806,3,"procediamo,",procediamo,procedare,VERB,Intonation=weakly_rising
806-3,BO112,806,806,4,vuole,vuole,volere,AUX,_
806-4,BO112,806,806,5,aggiungere,aggiungere,aggiungere,VERB,_
806-5,BO112,806,806,6,qualche,qualche,qualche,DET,_
806-6,BO112,806,806,7,termine,termine,termine,NOUN,_
806-7,BO112,806,806,8,che:,che,che,PRON,_
806-8,BO112,806,806,9,{P},{P},_,_,_
806-9,BO112,806,806,10,gli,gli,gli,PRON,_
806-10,BO112,806,806,11,sembra,sembra,sembrare,VERB,_
806-11,BO112,806,806,12,mancante?,mancante,mancante,ADJ,Intonation=rising
807-0,BO112,807,807,1,in,in,in,ADP,_
807-1,BO112,807,807,2,questa:,questa,questo,DET,_
807-2,BO112,807,807,3,lista,lista,lista,NOUN,_
808-0,BO112,808,808,1,associata,associata,associato,ADJ,_
808-1,BO112,808,808,2,a,a,a,ADP,_
808-2,BO112,808,808,3,queste,queste,questo,DET,_
808-3,BO112,808,808,4,pratiche?,pratiche,pratica,NOUN,Intonation=rising
808-4,BO112,808,808,5,prego.,prego,prego,INTJ,Intonation=falling
809-0,BO112,809,809,1,ha,ha,avere,AUX,_
809-1,BO112,809,809,2,alzato,alzato,alzare,VERB,_
809-2,BO112,809,809,3,la,la,il,DET,_
809-3,BO112,809,809,4,mano?,mano,mano,NOUN,Intonation=rising
810-0,BO112,810,810,1,mi,mi,mi,PRON,_
810-1,BO112,810,810,2,"dica,",dica,dire,VERB,Intonation=weakly_rising
811-0,???,811,811,1,e:h,eh,eh,INTJ,_
811-1,???,811,811,2,"sotto,",sotto,sotto,ADP,Intonation=weakly_rising
811-2,???,811,811,3,il,il,il,DET,_
811-3,???,811,811,4,matrimonio,matrimonio,matrimonio,NOUN,_
811-4,???,811,811,5,"combinato,",combinato,combinato,ADJ,Intonation=weakly_rising
811-5,???,811,811,6,tendenzialmente,tendenzialmente,tendenzialmente,ADV,_
812-0,???,812,812,1,anche,anche,anche,ADV,_
812-1,???,812,812,2,se,se,se,SCONJ,_
812-2,???,812,812,3,{P},{P},_,_,_
812-3,???,812,812,4,xxx,x,x,X,_
812-4,???,812,812,5,può,può,potere,AUX,_
812-5,???,812,812,6,essere,essere,essere,AUX,_
812-6,???,812,812,7,un',un',uno,DET,Truncated=Yes
812-7,???,812,812,8,assurdità,assurdità,assurdità,NOUN,_
812-8,???,812,812,9,più,più,più,ADV,_
812-9,???,812,812,10,"duraturo,",duraturo,duraturo,ADJ,Intonation=weakly_rising
813-0,???,813,813,1,più,più,più,ADV,_
813-1,???,813,813,2,duraturo.,duraturo,duraturo,ADJ,Intonation=falling
813-2,???,813,813,3,per,per,per,ADP,_
814-0,BO112,814,814,1,quindi,quindi,quindi,ADV,_
814-1,BO112,814,814,2,il,il,il,DET,_
814-2,BO112,814,814,3,contrario,contrario,contrario,NOUN,_
814-3,BO112,814,814,4,di,di,di,ADP,_
814-4,BO112,814,814,5,questo::,questo,questo,PRON,_
814-5,BO112,814,814,6,che,che,che,PRON,_
814-6,BO112,814,814,7,ha,ha,avere,AUX,_
814-7,BO112,814,814,8,scritto:,scritto,scrivere,VERB,_
815-0,BO112,815,815,1,instabile.,instabile,instabile,ADJ,Intonation=falling
815-1,BO112,815,815,2,più,più,più,ADV,_
815-2,BO112,815,815,3,"duraturo,",duraturo,duraturo,ADJ,Intonation=weakly_rising
816-0,BO112,816,816,1,altre::,altre,altro,DET,_
816-1,BO112,816,816,2,osservazioni,osservazioni,osservazione,NOUN,_
816-2,BO112,816,816,3,che,che,che,PRON,_
816-3,BO112,816,816,4,vi,vi,vi,PRON,_
816-4,BO112,816,816,5,sembrano,sembrano,sembrare,VERB,_
816-5,BO112,816,816,6,mancare,mancare,mancare,VERB,_
817-0,BO112,817,817,1,"prego,",prego,prego,INTJ,Intonation=weakly_rising
818-0,???,818,818,1,che:,che,che,SCONJ,_
818-1,???,818,818,2,c',c',ci,PRON,Truncated=Yes
818-2,???,818,818,3,è,è,essere,VERB,_
818-3,???,818,818,4,differenza,differenza,differenza,NOUN,_
818-4,???,818,818,5,fra,fra,fra,ADP,_
818-5,???,818,818,6,il,il,il,DET,_
818-6,???,818,818,7,punto,punto,punto,NOUN,_
818-7,???,818,818,8,di,di,di,ADP,_
818-8,???,818,818,9,vista,vista,vista,NOUN,_
818-9,???,818,818,10,giuridico,giuridico,giuridico,ADJ,_
818-10,???,818,818,11,tra,tra,tra,ADP,_
818-11,???,818,818,12,matrimonio,matrimonio,matrimonio,NOUN,_
818-12,???,818,818,13,combinato,combinato,combinato,ADJ,_
818-13,???,818,818,14,e,e,e,CCONJ,_
818-14,???,818,818,15,matrimonio,matrimonio,matrimonio,ADJ,_
818-15,???,818,818,16,"forzato,",forzato,forzato,ADJ,Intonation=weakly_rising
818-16,???,818,818,17,perché,perché,perché,SCONJ,_
818-17,???,818,818,18,quello,quello,quello,PRON,_
818-18,???,818,818,19,forzato,forzato,forzato,ADJ,_
818-19,???,818,818,20,uno,uno,uno,PRON,_
818-20,???,818,818,21-22,dei,dei,_,_,_
818-20a,_,_,818,21,_,di,di,ADP,_
818-20b,_,_,818,22,_,i,il,DET,_
818-21,???,818,818,23,due,due,due,NUM,_
818-22,???,818,818,24,sog[getti,soggetti,soggetto,NOUN,_
818-23,???,818,818,25,non,non,non,ADV,_
818-24,???,818,818,26,xx],x,x,X,_
819-0,BO112,819,819,1,[questo],questo,questo,PRON,_
819-1,BO112,819,819,2,è,è,essere,AUX,_
819-2,BO112,819,819,3,matrimonio,matrimonio,matrimonio,NOUN,_
819-3,BO112,819,819,4,d',d',di,ADP,SpaceAfter=No
819-4,BO112,819,819,5,amore.,amore,amore,NOUN,Intonation=falling
819-5,BO112,819,819,6,noi,noi,noi,PRON,_
819-6,BO112,819,819,7,stiamo,stiamo,stare,AUX,_
819-7,BO112,819,819,8,facendo,facendo,fare,VERB,_
819-8,BO112,819,819,9,matrimonio,matrimonio,matrimonio,NOUN,_
819-9,BO112,819,819,10,"combinato,",combinato,combinato,ADJ,Intonation=weakly_rising
819-10,BO112,819,819,11,[matrimonio,matrimonio,matrimonio,NOUN,_
819-11,BO112,819,819,12,d',d',di,ADP,SpaceAfter=No
819-12,BO112,819,819,13,amore].,amore,amore,NOUN,Intonation=falling
820-0,???,820,820,1,[sì,sì,sì,ADV,_
820-1,???,820,820,2,"però],",però,però,ADV,Intonation=weakly_rising
820-2,???,820,820,3,qualcuno,qualcuno,qualcuno,PRON,_
820-3,???,820,820,4,ha,ha,avere,AUX,_
820-4,???,820,820,5,scritto,scritto,scrivere,VERB,_
820-5,???,820,820,6,sotto,sotto,sotto,ADP,_
820-6,???,820,820,7,quello,quello,quello,PRON,_
820-7,???,820,820,8,"combinato,",combinato,combinato,ADJ,Intonation=weakly_rising
821-0,???,821,821,1,forzato.,forzato,forzato,ADJ,Intonation=falling
822-0,BO112,822,822,1,sì,sì,sì,ADV,_
822-1,BO112,822,822,2,perché,perché,perché,SCONJ,_
822-2,BO112,822,822,3,c',c',ci,PRON,Truncated=Yes
822-3,BO112,822,822,4,è,è,essere,VERB,_
822-4,BO112,822,822,5,l',l',il,DET,Truncated=Yes
822-5,BO112,822,822,6,"idea,",idea,idea,NOUN,Intonation=weakly_rising
822-6,BO112,822,822,7,appunto,appunto,appunto,ADV,_
822-7,BO112,822,822,8,che,che,che,SCONJ,_
822-8,BO112,822,822,9,{P},{P},_,_,_
822-9,BO112,822,822,10,ci,ci,ci,PRON,_
822-10,BO112,822,822,11,sia,sia,essere,VERB,_
822-11,BO112,822,822,12,un,un,uno,DET,_
822-12,BO112,822,822,13,obbligo,obbligo,obbligo,NOUN,_
822-13,BO112,822,822,14,no?,no,no,ADV,Intonation=rising
822-14,BO112,822,822,15,che,che,che,SCONJ,_
822-15,BO112,822,822,16,le,le,il,DET,_
822-16,BO112,822,822,17,famiglie,famiglie,famiglia,NOUN,_
822-17,BO112,822,822,18,costringano.,costringano,costringere,VERB,Intonation=falling
823-0,BO112,823,823,1,quindi,quindi,quindi,ADV,_
823-1,BO112,823,823,2,non,non,non,ADV,_
823-2,BO112,823,823,3,è,è,essere,AUX,_
823-3,BO112,823,823,4,una,una,uno,DET,_
823-4,BO112,823,823,5,questione,questione,questione,NOUN,_
823-5,BO112,823,823,6,{P},{P},_,_,_
823-6,BO112,823,823,7-8,del,del,_,_,_
823-6a,_,_,823,7,_,di,di,ADP,_
823-6b,_,_,823,8,_,il,il,DET,_
823-7,BO112,823,823,9,forzato,forzato,forzato,NOUN,_
823-8,BO112,823,823,10,in,in,in,ADP,_
823-9,BO112,823,823,11,senso,senso,senso,NOUN,_
823-10,BO112,823,823,12,tecnico.,tecnico,tecnico,ADJ,Intonation=falling
824-0,???,824,824,1,xxx,x,x,X,_
825-0,BO112,825,825,1,se,se,se,SCONJ,_
825-1,BO112,825,825,2,interpreto,interpreto,interpretare,VERB,_
825-2,BO112,825,825,3,bene.,bene,bene,ADV,Intonation=falling
825-3,BO112,825,825,4,chi,chi,chi,PRON,_
825-4,BO112,825,825,5,è,è,essere,VERB,_
825-5,BO112,825,825,6,che,che,che,SCONJ,_
825-6,BO112,825,825,7,ha,ha,avere,AUX,_
825-7,BO112,825,825,8,scritto,scritto,scrivere,VERB,_
825-8,BO112,825,825,9,forzato?,forzato,forzato,ADJ,Intonation=rising
826-0,BO112,826,826,1,ho,ho,avere,AUX,_
826-1,BO112,826,826,2,ragione?,ragione,ragione,NOUN,Intonation=rising
826-2,BO112,826,826,3,{P},{P},_,_,_
826-3,BO112,826,826,4,eh.,eh,eh,INTJ,Intonation=falling
827-0,BO112,827,827,1,altro?,altro,altro,PRON,Intonation=rising
827-1,BO112,827,827,2,altre,altre,altro,PRON,_
827-2,BO112,827,827,3,due:,due,due,NUM,_
827-3,BO112,827,827,4,possibilità,possibilità,possibilità,NOUN,_
827-4,BO112,827,827,5,che:,che,che,PRON,_
827-5,BO112,827,827,6,rimangono,rimangono,rimanere,VERB,_
827-6,BO112,827,827,7,{P},{P},_,_,_
827-7,BO112,827,827,8,di,di,di,ADP,_
827-8,BO112,827,827,9,aggiungere,aggiungere,aggiungere,VERB,_
827-9,BO112,827,827,10,"termini,",termini,termine,NOUN,Intonation=weakly_rising
827-10,BO112,827,827,11,se,se,se,SCONJ,_
827-11,BO112,827,827,12,"volete,",volete,volere,AUX,Intonation=weakly_rising
827-12,BO112,827,827,13,che,che,che,PRON,_
827-13,BO112,827,827,14,mancano,mancano,mancare,VERB,_
828-0,BO112,828,828,1,"prego,",prego,prego,INTJ,Intonation=weakly_rising
829-0,???,829,829,1,dote.,dote,dote,NOUN,Intonation=falling
830-0,BO112,830,830,1,dote,dote,dote,NOUN,_
830-1,BO112,830,830,2,l',l',il,PRON,Truncated=Yes
830-2,BO112,830,830,3,abbiamo,abbiamo,avere,AUX,_
830-3,BO112,830,830,4,già,già,già,ADV,_
830-4,BO112,830,830,5,"messa,",messa,mettere,VERB,Intonation=weakly_rising
830-5,BO112,830,830,6,questo::,questo,questo,PRON,_
830-6,BO112,830,830,7,c',c',ci,PRON,Truncated=Yes
830-7,BO112,830,830,8,è.,è,essere,VERB,Intonation=falling
830-8,BO112,830,830,9,"dote,",dote,dote,NOUN,Intonation=weakly_rising
831-0,???,831,831,1,ah,ah,ah,INTJ,_
831-1,???,831,831,2,okay.,okay,okay,INTJ,Intonation=falling
832-0,???,832,832,1,non,non,non,ADV,_
832-1,???,832,832,2,avevo,avevo,avere,AUX,_
832-2,???,832,832,3,letto.,letto,leggere,VERB,Intonation=falling
833-0,BO112,833,833,1,ah.,ah,ah,INTJ,Intonation=falling
833-1,BO112,833,833,2,allora,allora,allora,ADV,_
833-2,BO112,833,833,3,la,la,il,DET,_
833-3,BO112,833,833,4,"dote,",dote,dote,NOUN,Intonation=weakly_rising
833-4,BO112,833,833,5,sappiamo,sappiamo,sapere,VERB,_
833-5,BO112,833,833,6,che,che,che,SCONJ,_
833-6,BO112,833,833,7,cos',cos',cos',PRON,Truncated=Yes
833-7,BO112,833,833,8,è?,è,essere,AUX,Intonation=rising
834-0,BO112,834,834,1,è,è,essere,AUX,_
834-1,BO112,834,834,2,l',l',il,DET,Truncated=Yes
834-2,BO112,834,834,3,insieme,insieme,insieme,NOUN,_
834-3,BO112,834,834,4-5,dei,dei,_,_,_
834-3a,_,_,834,4,_,di,di,ADP,_
834-3b,_,_,834,5,_,i,il,DET,_
834-4,BO112,834,834,6,beni,beni,bene,NOUN,_
834-5,BO112,834,834,7,che,che,che,PRON,_
834-6,BO112,834,834,8,"passano,",passano,passare,VERB,Intonation=weakly_rising
835-0,???,835,835,1,da,da,da,ADP,_
835-1,???,835,835,2,una,una,uno,DET,_
835-2,???,835,835,3,famiglia,famiglia,famiglia,NOUN,_
835-3,???,835,835,4,a,a,a,ADP,_
835-4,???,835,835,5,un',un',uno,DET,Truncated=Yes
835-5,???,835,835,6,altra.,altra,altro,PRON,Intonation=falling
835-6,???,835,835,7,cioè,cioè,cioè,CCONJ,_
835-7,???,835,835,8-9,dalla,dalla,_,_,_
835-7a,_,_,835,8,_,da,da,ADP,_
835-7b,_,_,835,9,_,la,il,DET,_
835-8,???,835,835,10,famiglia,famiglia,famiglia,NOUN,_
835-9,???,835,835,11-12,della,della,_,_,_
835-9a,_,_,835,11,_,di,di,ADP,_
835-9b,_,_,835,12,_,la,il,DET,_
835-10,???,835,835,13,sposa,sposa,sposo,NOUN,_
835-11,???,835,835,14,a,a,a,ADP,_
835-12,???,835,835,15,una,una,uno,DET,_
835-13,???,835,835,16,famiglia::,famiglia,famiglia,NOUN,_
835-14,???,835,835,17,patrilineare.,patrilineare,patrilineare,ADJ,Intonation=falling
836-0,BO112,836,836,1,no.,no,no,ADV,Intonation=falling
836-1,BO112,836,836,2,patrilineare,patrilineare,patrilineare,VERB,_
836-2,BO112,836,836,3,no.,no,no,ADV,Intonation=falling
836-3,BO112,836,836,4,non,non,non,ADV,_
836-4,BO112,836,836,5,c',c',ci,PRON,Truncated=Yes
836-5,BO112,836,836,6,entra,entra,entrare,VERB,_
836-6,BO112,836,836,7,nulla.,nulla,nulla,PRON,Intonation=falling
837-0,BO112,837,837,1,allora,allora,allora,ADV,_
837-1,BO112,837,837,2,{P},{P},_,_,_
837-2,BO112,837,837,3,fermiamoci.,fermiamoci,_,_,Intonation=falling
837-2a,_,_,837,,_,fermiamo,fermare,VERB,
837-2b,_,_,837,,_,ci,ci,PRON,
838-0,BO112,838,838,1,la,la,il,DET,_
838-1,BO112,838,838,2,dote,dote,dote,NOUN,_
838-2,BO112,838,838,3,sono,sono,essere,AUX,_
838-3,BO112,838,838,4,i,i,il,DET,_
838-4,BO112,838,838,5,beni,beni,bene,NOUN,_
838-5,BO112,838,838,6,che,che,che,PRON,_
838-6,BO112,838,838,7,la,la,il,DET,_
838-7,BO112,838,838,8,sposa,sposa,sposo,NOUN,_
838-8,BO112,838,838,9,porta,porta,portare,VERB,_
838-9,BO112,838,838,10,con,con,con,ADP,_
838-10,BO112,838,838,11,sé.,sé,sé,PRON,Intonation=falling
839-0,BO112,839,839,1,quindi,quindi,quindi,ADV,_
839-1,BO112,839,839,2,un,un,uno,DET,_
839-2,BO112,839,839,3,passaggio,passaggio,passaggio,NOUN,_
839-3,BO112,839,839,4,di,di,di,ADP,_
839-4,BO112,839,839,5,beni,beni,bene,NOUN,_
839-5,BO112,839,839,6-7,dalla,dalla,_,_,_
839-5a,_,_,839,6,_,da,da,ADP,_
839-5b,_,_,839,7,_,la,il,DET,_
839-6,BO112,839,839,8,famiglia,famiglia,famiglia,NOUN,_
839-7,BO112,839,839,9-10,della,della,_,_,_
839-7a,_,_,839,9,_,di,di,ADP,_
839-7b,_,_,839,10,_,la,il,DET,_
839-8,BO112,839,839,11,"moglie,",moglie,moglie,NOUN,Intonation=weakly_rising
840-0,BO112,840,840,1,sostanzialmente,sostanzialmente,sostanzialmente,ADV,_
840-1,BO112,840,840,2-3,al,al,_,_,_
840-1a,_,_,840,2,_,a,a,ADP,_
840-1b,_,_,840,3,_,il,il,DET,_
840-2,BO112,840,840,4,nuovo,nuovo,nuovo,ADJ,_
840-3,BO112,840,840,5,nucleo,nucleo,nucleo,NOUN,_
840-4,BO112,840,840,6,"familiare,",familiare,familiare,ADJ,Intonation=weakly_rising
840-5,BO112,840,840,7,e,e,e,CCONJ,_
840-6,BO112,840,840,8,o,o,o,CCONJ,_
840-7,BO112,840,840,9,{P},{P},_,_,_
840-8,BO112,840,840,10-11,alla,alla,_,_,_
840-8a,_,_,840,10,_,a,a,ADP,_
840-8b,_,_,840,11,_,la,il,DET,_
840-9,BO112,840,840,12,famiglia,famiglia,famiglia,NOUN,_
840-10,BO112,840,840,13-14,del,del,_,_,_
840-10a,_,_,840,13,_,di,di,ADP,_
840-10b,_,_,840,14,_,il,il,DET,_
840-11,BO112,840,840,15,marito.,marito,marito,NOUN,Intonation=falling
841-0,BO112,841,841,1,il,il,il,DET,_
841-1,BO112,841,841,2,contrario,contrario,contrario,NOUN,_
841-2,BO112,841,841,3-4,della,della,_,_,_
841-2a,_,_,841,3,_,di,di,ADP,_
841-2b,_,_,841,4,_,la,il,DET,_
841-3,BO112,841,841,5,dote,dote,dote,NOUN,_
841-4,BO112,841,841,6,che,che,che,PRON,_
841-5,BO112,841,841,7,cos',cos',cos',PRON,Truncated=Yes
841-6,BO112,841,841,8,è?,è,essere,AUX,Intonation=rising
842-0,BO112,842,842,1,la,la,il,DET,_
842-1,BO112,842,842,2,cosiddetta,cosiddetta,cosiddetto,ADJ,_
842-2,BO112,842,842,3,{P},{P},_,_,_
842-3,BO112,842,842,4,ricchezza,ricchezza,ricchezza,NOUN,_
842-4,BO112,842,842,5-6,della,della,_,_,_
842-4a,_,_,842,5,_,di,di,ADP,_
842-4b,_,_,842,6,_,la,il,DET,_
842-5,BO112,842,842,7,sposa.,sposa,sposo,NOUN,Intonation=falling
843-0,BO112,843,843,1,bride,bride,bride,NOUN,Lang=eng
843-1,BO112,843,843,2,welth,welth,welth,NOUN,Lang=eng
844-0,BO112,844,844,1,una,una,uno,DET,_
844-1,BO112,844,844,2,volta,volta,volta,NOUN,_
844-2,BO112,844,844,3,si,si,si,PRON,_
844-3,BO112,844,844,4,chiamava,chiamava,chiamare,VERB,_
844-4,BO112,844,844,5,il,il,il,DET,_
844-5,BO112,844,844,6,prezzo,prezzo,prezzo,NOUN,_
844-6,BO112,844,844,7-8,della,della,_,_,_
844-6a,_,_,844,7,_,di,di,ADP,_
844-6b,_,_,844,8,_,la,il,DET,_
844-7,BO112,844,844,9,sposa.,sposa,sposo,NOUN,Intonation=falling
844-8,BO112,844,844,10,avete,avete,avere,AUX,_
844-9,BO112,844,844,11,presente,presente,presente,ADJ,_
844-10,BO112,844,844,12,quando,quando,quando,SCONJ,_
844-11,BO112,844,844,13,"dice,",dice,dire,VERB,Intonation=weakly_rising
844-12,BO112,844,844,14,ah,ah,ah,INTJ,_
844-13,BO112,844,844,15,quanti,quanti,quanto,DET,_
844-14,BO112,844,844,16,cammelli,cammelli,cammello,NOUN,_
844-15,BO112,844,844,17,"vuoi,",vuoi,volere,AUX,Intonation=weakly_rising
844-16,BO112,844,844,18,no,no,no,ADV,_
844-17,BO112,844,844,19,questo,questo,questo,PRON,_
845-0,BO112,845,845,1,ecco.,ecco,ecco,ADV,Intonation=falling
845-1,BO112,845,845,2,>cioè<,cioè,cioè,CCONJ,_
845-2,BO112,845,845,3,l',l',il,DET,Truncated=Yes
845-3,BO112,845,845,4,idea,idea,idea,NOUN,_
845-4,BO112,845,845,5,che,che,che,SCONJ,_
845-5,BO112,845,845,6,ci,ci,ci,PRON,_
845-6,BO112,845,845,7,sia,sia,essere,AUX,_
845-7,BO112,845,845,8,una,una,uno,DET,_
845-8,BO112,845,845,9,transazione,transazione,transazione,NOUN,_
845-9,BO112,845,845,10,"economica,",economica,economico,ADJ,Intonation=weakly_rising
845-10a,BO112,845,845,11,per,per,per,ADP,_
845-10b,BO112,845,845,,cui,cui,cui,PRON,
845-11,BO112,845,845,12,c',c',ci,PRON,Truncated=Yes
845-12,BO112,845,845,13,è,è,essere,VERB,_
845-13,BO112,845,845,14,un,un,uno,DET,_
845-14,BO112,845,845,15,passaggio,passaggio,passaggio,NOUN,_
845-15,BO112,845,845,16,di,di,di,ADP,_
845-16,BO112,845,845,17,"beni,",beni,bene,NOUN,Intonation=weakly_rising
846-0,BO112,846,846,1,e,e,e,CCONJ,_
846-1,BO112,846,846,2,di,di,di,ADP,_
846-2,BO112,846,846,3,"servizi,",servizi,servizio,NOUN,Intonation=weakly_rising
846-3,BO112,846,846,4-5,dalla,dalla,_,_,_
846-3a,_,_,846,4,_,da,da,ADP,_
846-3b,_,_,846,5,_,la,il,DET,_
846-4,BO112,846,846,6,famiglia,famiglia,famiglia,NOUN,_
846-5,BO112,846,846,7-8,del,del,_,_,_
846-5a,_,_,846,7,_,di,di,ADP,_
846-5b,_,_,846,8,_,il,il,DET,_
846-6,BO112,846,846,9,"marito,",marito,marito,NOUN,Intonation=weakly_rising
847-0,BO112,847,847,1-2,alla,alla,_,_,_
847-0a,_,_,847,1,_,a,a,ADP,_
847-0b,_,_,847,2,_,la,il,DET,_
847-1,BO112,847,847,3,famiglia,famiglia,famiglia,NOUN,_
847-2,BO112,847,847,4-5,della,della,_,_,_
847-2a,_,_,847,4,_,di,di,ADP,_
847-2b,_,_,847,5,_,la,il,DET,_
847-3,BO112,847,847,6,moglie.,moglie,moglie,NOUN,Intonation=falling
848-0,BO112,848,848,1,"quindi,",quindi,quindi,ADV,Intonation=weakly_rising
849-0,BO112,849,849,1,una,una,uno,DET,_
849-1,BO112,849,849,2,donna,donna,donna,NOUN,_
849-2,BO112,849,849,3,va,va,andare,VERB,_
849-3,BO112,849,849,4,in,in,in,ADP,_
849-4,BO112,849,849,5,una,una,uno,DET,_
849-5,BO112,849,849,6,"famiglia,",famiglia,famiglia,NOUN,Intonation=weakly_rising
849-6,BO112,849,849,7,e,e,e,CCONJ,_
849-7,BO112,849,849,8,in,in,in,ADP,_
849-8,BO112,849,849,9,cambio,cambio,cambio,NOUN,_
849-9,BO112,849,849,10,la,la,il,DET,_
849-10,BO112,849,849,11,"famiglia,",famiglia,famiglia,NOUN,Intonation=weakly_rising
849-11,BO112,849,849,12,perdendo,perdendo,perdere,VERB,_
849-12,BO112,849,849,13,questa,questa,questo,DET,_
849-13,BO112,849,849,14,{P},{P},_,_,_
849-14,BO112,849,849,15,"figura,",figura,figura,NOUN,Intonation=weakly_rising
850-0,BO112,850,850,1,riceve,riceve,ricevere,VERB,_
850-1,BO112,850,850,2-3,dei,dei,_,_,_
850-1a,_,_,850,2,_,di,di,ADP,_
850-1b,_,_,850,3,_,i,il,DET,_
850-2,BO112,850,850,4,beni.,beni,bene,NOUN,Intonation=falling
851-0,BO112,851,851,1,mh?,mh,mh,INTJ,Intonation=rising
852-0,BO112,852,852,1,un',un',uno,DET,Truncated=Yes
852-1,BO112,852,852,2,altra,altra,altro,ADJ,_
852-2,BO112,852,852,3,domanda,domanda,domanda,NOUN,_
852-3,BO112,852,852,4,tipica,tipica,tipico,ADJ,_
852-4,BO112,852,852,5-6,dell',dell',_,_,Truncated=Yes
852-4a,_,_,852,5,_,di,di,ADP,_
852-4b,_,_,852,6,_,l',il,DET,_
852-5,BO112,852,852,7,esame,esame,esame,NOUN,_
852-6,BO112,852,852,8,può,può,potere,AUX,_
852-7,BO112,852,852,9,essere,essere,essere,AUX,_
852-8,BO112,852,852,10,questa.,questa,questo,DET,Intonation=falling
852-9,BO112,852,852,11,differenza,differenza,differenza,NOUN,_
852-10,BO112,852,852,12,fra,fra,fra,ADP,_
852-11,BO112,852,852,13,{P},{P},_,_,_
852-12,BO112,852,852,14,dote,dote,dote,NOUN,_
852-13,BO112,852,852,15,e,e,e,CCONJ,_
852-14,BO112,852,852,16,ricchezza,ricchezza,ricchezza,NOUN,_
852-15,BO112,852,852,17-18,della,della,_,_,_
852-15a,_,_,852,17,_,di,di,ADP,_
852-15b,_,_,852,18,_,la,il,DET,_
852-16,BO112,852,852,19,sposa,sposa,sposo,NOUN,_
852-17,BO112,852,852,20,e,e,e,CCONJ,_
852-18,BO112,852,852,21,le,le,il,DET,_
852-19,BO112,852,852,22,implicazioni.,implicazioni,implicazione,NOUN,Intonation=falling
852-20,BO112,852,852,23,no?,no,no,ADV,Intonation=rising
853-0,BO112,853,853,1,"allora,",allora,allora,ADV,Intonation=weakly_rising
854-0,BO112,854,854,1,più,più,più,ADV,_
854-1,BO112,854,854,2,o,o,o,CCONJ,_
854-2,BO112,854,854,3,meno,meno,meno,ADV,_
854-3,BO112,854,854,4,quello,quello,quello,PRON,_
854-4,BO112,854,854,5,che,che,che,PRON,_
854-5,BO112,854,854,6,avete,avete,avere,AUX,_
854-6,BO112,854,854,7,scritto,scritto,scrivere,VERB,_
854-7,BO112,854,854,8,voi,voi,voi,PRON,_
854-8,BO112,854,854,9,è,è,essere,AUX,_
854-9,BO112,854,854,10,quello,quello,quello,PRON,_
854-10,BO112,854,854,11,che,che,che,PRON,_
854-11,BO112,854,854,12,viene,viene,venire,AUX,_
854-12,BO112,854,854,13,sempre,sempre,sempre,ADV,_
854-13,BO112,854,854,14,scritto:,scritto,scrivere,VERB,_
854-14,BO112,854,854,15,quando,quando,quando,SCONJ,_
854-15,BO112,854,854,16,presentiamo,presentiamo,presentere,VERB,_
854-16,BO112,854,854,17,questo,questo,questo,DET,_
854-17,BO112,854,854,18,tipo,tipo,tipo,NOUN,_
854-18,BO112,854,854,19,di,di,di,ADP,_
854-19,BO112,854,854,20,tabella.,tabella,tabella,NOUN,Intonation=falling
855-0,BO112,855,855,1,il,il,il,DET,_
855-1,BO112,855,855,2,matrimonio,matrimonio,matrimonio,NOUN,_
855-2,BO112,855,855,3,"combinato,",combinato,combinato,ADJ,Intonation=weakly_rising
855-3,BO112,855,855,4,è,è,essere,AUX,_
855-4,BO112,855,855,5,caratterizzato,caratterizzato,caratterizzare,VERB,_
855-5,BO112,855,855,6,molto,molto,molto,ADV,_
855-6,BO112,855,855,7,"spesso,",spesso,spesso,ADV,Intonation=weakly_rising
856-0,BO112,856,856,1,da,da,da,ADP,_
856-1,BO112,856,856,2,{P},{P},_,_,_
856-2,BO112,856,856,3,e::hm,ehm,ehm,INTJ,_
857-0,BO112,857,857,1,"aggettivi,",aggettivi,aggettivo,ADV,Intonation=weakly_rising
858-0,BO112,858,858,1,più,più,più,ADV,_
858-1,BO112,858,858,2,negativi.,negativi,negativo,ADJ,Intonation=falling
858-2,BO112,858,858,3,mh?,mh,mh,INTJ,Intonation=rising
859-0,BO112,859,859,1,è,è,essere,AUX,_
859-1,BO112,859,859,2,connotato,connotato,connotare,VERB,_
859-2,BO112,859,859,3,negativamente.,negativamente,negativamente,ADV,Intonation=falling
860-0,BO112,860,860,1,cosa,cosa,cosa,PRON,_
860-1,BO112,860,860,2,fanno,fanno,fare,VERB,_
860-2,BO112,860,860,3,gli,gli,il,DET,_
860-3,BO112,860,860,4,antropologi.,antropologi,antropologo,NOUN,Intonation=falling
860-4,BO112,860,860,5,come,come,come,SCONJ,_
860-5,BO112,860,860,6,lavorano?,lavorano,lavorare,VERB,Intonation=rising
861-0,BO112,861,861,1,"allora,",allora,allora,ADV,Intonation=weakly_rising
862-0,BO112,862,862,1,immaginiamo,immaginiamo,immaginare,VERB,_
862-1,BO112,862,862,2,di,di,di,ADP,_
862-2,BO112,862,862,3,"lavorare,",lavorare,lavorare,VERB,Intonation=weakly_rising
862-3,BO112,862,862,4,come,come,come,SCONJ,_
862-4,BO112,862,862,5,ho,ho,avere,AUX,_
862-5,BO112,862,862,6,fatto,fatto,fare,VERB,_
862-6,BO112,862,862,7,"io,",io,io,PRON,Intonation=weakly_rising
863-0,BO112,863,863,1,in,in,in,ADP,_
863-1,BO112,863,863,2,un,un,uno,DET,_
863-2,BO112,863,863,3,{P},{P},_,_,_
863-3,BO112,863,863,4,contesto,contesto,contesto,NOUN,_
863-4,BO112,863,863,5,culturale,culturale,culturale,ADJ,_
863-5,BO112,863,863,6-7,nel,nel,_,_,_
863-5a,_,_,863,6,_,in,in,ADP,_
863-5b,_,_,863,7,_,il,il,DET,_
863-6,BO112,863,863,8,quale,quale,quale,PRON,_
863-7,BO112,863,863,9,il,il,il,DET,_
863-8,BO112,863,863,10,matrimonio,matrimonio,matrimonio,NOUN,_
863-9,BO112,863,863,11,combinato,combinato,combinato,ADJ,_
863-10,BO112,863,863,12,è,è,essere,AUX,_
863-11,BO112,863,863,13,una,una,uno,DET,_
863-12,BO112,863,863,14,prassi.,prassi,prassi,NOUN,Intonation=falling
864-0,BO112,864,864,1,la,la,il,DET,_
864-1,BO112,864,864,2,prima,prima,primo,ADJ,_
864-2,BO112,864,864,3,cosa,cosa,cosa,NOUN,_
864-3,BO112,864,864,4,che,che,che,PRON,_
864-4,BO112,864,864,5,fanno,fanno,fare,VERB,_
864-5,BO112,864,864,6,gli,gli,il,DET,_
864-6,BO112,864,864,7,"antropologi,",antropologi,antropologo,NOUN,Intonation=weakly_rising
864-7,BO112,864,864,8,è,è,essere,AUX,_
864-8,BO112,864,864,9,innanzitutto,innanzitutto,innanzitutto,ADV,_
864-9,BO112,864,864,10,"indagare,",indagare,indagare,VERB,Intonation=weakly_rising
865-0,BO112,865,865,1,che,che,che,DET,_
865-1,BO112,865,865,2,cosa,cosa,cosa,NOUN,_
865-2,BO112,865,865,3,gli,gli,il,DET,_
865-3,BO112,865,865,4,attori,attori,attore,NOUN,_
865-4,BO112,865,865,5,"sociali,",sociali,sociale,ADJ,Intonation=weakly_rising
865-5,BO112,865,865,6,dicono,dicono,dire,VERB,_
865-6,BO112,865,865,7-8,del,del,_,_,_
865-6a,_,_,865,7,_,di,di,ADP,_
865-6b,_,_,865,8,_,il,il,DET,_
865-7,BO112,865,865,9,matrimonio,matrimonio,matrimonio,NOUN,_
865-8,BO112,865,865,10,combinato.,combinato,combinato,ADJ,Intonation=falling
866-0,BO112,866,866,1,cosa,cosa,cosa,PRON,_
866-1,BO112,866,866,2,ne,ne,ne,PRON,_
866-2,BO112,866,866,3,"pensano,",pensano,pensare,VERB,Intonation=weakly_rising
866-3,BO112,866,866,4,mh?,mh,mh,INTJ,Intonation=rising
867-0,BO112,867,867,1,quindi,quindi,quindi,ADV,_
867-1,BO112,867,867,2,si,si,si,PRON,_
867-2,BO112,867,867,3,fanno,fanno,fare,VERB,_
867-3,BO112,867,867,4,"colloqui,",colloqui,colloquio,NOUN,Intonation=weakly_rising
867-4,BO112,867,867,5,interviste.,interviste,intervista,NOUN,Intonation=falling
867-5,BO112,867,867,6,che,che,che,DET,_
867-6,BO112,867,867,7,cosa,cosa,cosa,NOUN,_
867-7,BO112,867,867,8,"pensano,",pensano,pensare,VERB,Intonation=weakly_rising
868-0,BO112,868,868,1,quelli,quelli,quello,PRON,_
868-1,BO112,868,868,2,che,che,che,PRON,_
868-2,BO112,868,868,3,praticano,praticano,praticare,VERB,_
868-3,BO112,868,868,4,il,il,il,DET,_
868-4,BO112,868,868,5,matrimonio,matrimonio,matrimonio,NOUN,_
868-5,BO112,868,868,6,"combinato,",combinato,combinato,ADJ,Intonation=weakly_rising
869-0,BO112,869,869,1-2,del,del,_,_,_
869-0a,_,_,869,1,_,di,di,ADP,_
869-0b,_,_,869,2,_,il,il,DET,_
869-1,BO112,869,869,3,matrimonio,matrimonio,matrimonio,NOUN,_
869-2,BO112,869,869,4,combinato?,combinato,combinato,ADJ,Intonation=rising
870-0,BO112,870,870,1,hanno,hanno,avere,VERB,_
870-1,BO112,870,870,2,un,un,uno,DET,_
870-2,BO112,870,870,3,idea,idea,idea,NOUN,_
870-3,BO112,870,870,4,simile,simile,simile,ADJ,_
870-4,BO112,870,870,5,a,a,a,ADP,_
870-5,BO112,870,870,6,questa?,questa,questo,PRON,Intonation=rising
871-0,BO112,871,871,1,"naturalmente,",naturalmente,naturalmente,ADV,Intonation=weakly_rising
871-1,BO112,871,871,2,no.,no,no,ADV,Intonation=falling
872-0,BO112,872,872,1,hanno,hanno,avere,VERB,_
872-1,BO112,872,872,2,un',un',uno,DET,Truncated=Yes
872-2,BO112,872,872,3,"idea,",idea,idea,NOUN,Intonation=weakly_rising
872-3,BO112,872,872,4,sostanzialmente,sostanzialmente,sostanzialmente,ADV,_
872-4,BO112,872,872,5,opposta.,opposta,opposto,ADJ,Intonation=falling
873-0,BO112,873,873,1,"allora,",allora,allora,ADV,Intonation=weakly_rising
874-0,BO112,874,874,1,togliamo,togliamo,togliere,VERB,_
874-1,BO112,874,874,2,subito,subito,subito,ADV,_
874-2,BO112,874,874,3,e::hm,ehm,ehm,INTJ,_
875-0,BO112,875,875,1,noi,noi,noi,PRON,_
875-1,BO112,875,875,2,qui,qui,qui,ADV,_
875-2,BO112,875,875,3,stiamo,stiamo,stare,AUX,_
875-3,BO112,875,875,4,parlando,parlando,parlare,VERB,_
875-4,BO112,875,875,5,di,di,di,ADP,_
875-5,BO112,875,875,6,matrimoni,matrimoni,matrimonio,NOUN,_
875-6,BO112,875,875,7,combinati,combinati,combinare,ADJ,_
875-7,BO112,875,875,8,che,che,che,PRON,_
875-8,BO112,875,875,9,sono,sono,essere,AUX,_
875-9,BO112,875,875,10,una,una,uno,DET,_
875-10,BO112,875,875,11,prassi,prassi,prassi,NOUN,_
875-11,BO112,875,875,12,"sociale,",sociale,sociale,ADJ,Intonation=weakly_rising
876-0,BO112,876,876,1,che:,che,che,SCONJ,_
876-1,BO112,876,876,2,assolutamente,assolutamente,assolutamente,ADV,_
876-2,BO112,876,876,3,non,non,non,ADV,_
876-3,BO112,876,876,4,ha,ha,avere,VERB,_
876-4,BO112,876,876,5,nulla,nulla,nulla,PRON,_
876-5,BO112,876,876,6,a,a,a,ADP,_
876-6,BO112,876,876,7,che,che,che,SCONJ,_
876-7,BO112,876,876,8,fare,fare,fare,VERB,_
876-8,BO112,876,876,9,con,con,con,ADP,_
877-0,BO112,877,877,1,bambine,bambine,bambina,NOUN,_
877-1,BO112,877,877,2,date,date,dato,ADJ,_
878-0,BO112,878,878,1,a,a,a,ADP,_
878-1,BO112,878,878,2,"vecchi,",vecchi,vecchio,ADJ,Intonation=weakly_rising
878-2,BO112,878,878,3,no?,no,no,ADV,Intonation=rising
879-0,BO112,879,879,1,obbligate,obbligate,obbligato,ADJ,_
879-1,BO112,879,879,2,a,a,a,ADP,_
879-2,BO112,879,879,3-4,sposarsi,sposarsi,_,_,_
879-2a,_,_,879,3,_,sposar,sposare,VERB,_
879-2b,_,_,879,4,_,si,si,PRON,_
879-3,BO112,879,879,5,no.,no,no,ADV,Intonation=falling
879-4,BO112,879,879,6,non,non,non,ADV,_
879-5,BO112,879,879,7,stiamo,stiamo,stare,AUX,_
879-6,BO112,879,879,8,parlando,parlando,parlare,VERB,_
879-7,BO112,879,879,9,di,di,di,ADP,_
879-8,BO112,879,879,10,casi,casi,caso,NOUN,_
879-9,BO112,879,879,11,"limite,",limite,limite,ADJ,Intonation=weakly_rising
880-0,BO112,880,880,1,o,o,o,CCONJ,_
880-1,BO112,880,880,2,di,di,di,ADP,_
880-2,BO112,880,880,3,{P},{P},_,_,_
880-3,BO112,880,880,4,matrimoni,matrimoni,matrimonio,NOUN,_
880-4,BO112,880,880,5,forzati,forzati,forzato,ADJ,_
880-5,BO112,880,880,6,in,in,in,ADP,_
880-6,BO112,880,880,7,senso,senso,senso,NOUN,_
880-7,BO112,880,880,8,tecnico,tecnico,tecnico,ADJ,_
880-8,BO112,880,880,9,>cioè<,cioè,cioè,CCONJ,_
880-9,BO112,880,880,10,{P},{P},_,_,_
880-10,BO112,880,880,11,matrimoni,matrimoni,matrimonio,NOUN,_
880-11,BO112,880,880,12,obbligati.,obbligati,obbligato,ADJ,Intonation=falling
881-0,BO112,881,881,1,stiamo,stiamo,stare,AUX,_
881-1,BO112,881,881,2,parlando,parlando,parlare,VERB,_
881-2,BO112,881,881,3,di,di,di,ADP,_
881-3,BO112,881,881,4,una,una,uno,DET,_
881-4,BO112,881,881,5,pratica.,pratica,pratica,NOUN,Intonation=falling
882-0,BO112,882,882,1,cioè,cioè,cioè,CCONJ,_
882-1,BO112,882,882,2,il,il,il,DET,_
882-2,BO112,882,882,3,fatto,fatto,fatto,NOUN,_
882-3,BO112,882,882,4,che,che,che,SCONJ,_
882-4,BO112,882,882,5,"normalmente,",normalmente,normalmente,ADV,Intonation=weakly_rising
883-0,BO112,883,883,1,m::olta,molta,molto,DET,_
883-1,BO112,883,883,2,parte,parte,parte,NOUN,_
883-2,BO112,883,883,3-4,del,del,_,_,_
883-2a,_,_,883,3,_,di,di,ADP,_
883-2b,_,_,883,4,_,il,il,DET,_
883-4,BO112,883,883,6,subcontinente,subcontinente,subcontinente,NOUN,_
883-5,BO112,883,883,7,"indiano,",indiano,indiano,ADJ,Intonation=weakly_rising
884-0,BO112,884,884,1,i,i,il,DET,_
884-1,BO112,884,884,2,matrimoni,matrimoni,matrimonio,NOUN,_
884-2,BO112,884,884,3,sono,sono,essere,AUX,_
884-3,BO112,884,884,4,combinati.,combinati,combinato,ADJ,Intonation=falling
885-0,BO112,885,885,1,vale,vale,valere,VERB,_
885-1,BO112,885,885,2,a,a,a,ADP,_
885-2,BO112,885,885,3,dire,dire,dire,VERB,_
885-3,BO112,885,885,4,che,che,che,SCONJ,_
885-4,BO112,885,885,5,{P},{P},_,_,_
885-5,BO112,885,885,6,le,le,il,DET,_
885-6,BO112,885,885,7,famiglie,famiglie,famiglia,NOUN,_
885-7,BO112,885,885,8,si,si,si,PRON,_
885-8,BO112,885,885,9,mettono,mettono,mettere,VERB,_
885-9,BO112,885,885,10,d',d',di,ADP,Intonation=weakly_rising
885-10,BO112,885,885,11,accordo,accordo,accordo,NOUN,
886-0,BO112,886,886,1,per,per,per,ADP,_
886-1,BO112,886,886,2,far,far,fare,VERB,_
886-2,BO112,886,886,3,conoscere,conoscere,conoscere,VERB,_
887-0,BO112,887,887,1,i,i,il,DET,_
887-1,BO112,887,887,2,"giovani,",giovani,giovane,NOUN,Intonation=weakly_rising
888-0,BO112,888,888,1,dopo,dopo,dopo,ADP,_
888-1,BO112,888,888,2,di,di,di,ADP,_
888-2,BO112,888,888,3,che,che,che,PRON,_
888-3,BO112,888,888,4,se,se,se,SCONJ,_
888-4,BO112,888,888,5,questo:,questo,questo,DET,_
888-5,BO112,888,888,6,questa,questa,questo,DET,_
888-6,BO112,888,888,7,"conoscenza,",conoscenza,conoscenza,NOUN,Intonation=weakly_rising
889-0,BO112,889,889,1,>diciamo<,diciamo,dire,VERB,_
889-1,BO112,889,889,2,ha,ha,avere,VERB,_
889-2,BO112,889,889,3-4,dei,dei,_,_,_
889-2a,_,_,889,3,_,di,di,ADP,_
889-2b,_,_,889,4,_,i,il,DET,_
889-3,BO112,889,889,5,riscontri,riscontri,riscontro,NOUN,_
889-4,BO112,889,889,6,"positivi,",positivi,positivo,ADJ,Intonation=weakly_rising
890-0,BO112,890,890,1,si,si,si,PRON,_
890-1,BO112,890,890,2,arriva,arriva,arrivare,VERB,_
890-2,BO112,890,890,3-4,al,al,_,_,_
890-2a,_,_,890,3,_,a,a,ADP,_
890-2b,_,_,890,4,_,il,il,DET,_
890-3,BO112,890,890,5,matrimonio.,matrimonio,matrimonio,NOUN,Intonation=falling
891-0,BO112,891,891,1,ma,ma,ma,CCONJ,_
891-1,BO112,891,891,2,questo,questo,questo,PRON,_
891-2,BO112,891,891,3,"oggi,",oggi,oggi,ADV,Intonation=weakly_rising
891-3,BO112,891,891,4,avviene,avviene,avvenire,VERB,_
891-4,BO112,891,891,5,anche,anche,anche,ADV,_
891-5,BO112,891,891,6,attraverso,attraverso,attraverso,ADP,_
891-6,BO112,891,891,7,ad,ad,a,ADP,_
891-7,BO112,891,891,8,esempio:,esempio,esempio,NOUN,_
892-0,BO112,892,892,1,con,con,con,ADP,_
892-1,BO112,892,892,2,i,i,il,DET,_
892-2,BO112,892,892,3,social,social,social,NOUN,_
892-3,BO112,892,892,4,no?,no,no,ADV,Intonation=rising
892-4,BO112,892,892,5,quindi,quindi,quindi,ADV,_
892-5,BO112,892,892,6,ci,ci,ci,PRON,_
892-6,BO112,892,892,7,sono,sono,essere,VERB,_
892-7,BO112,892,892,8,gli,gli,il,DET,_
892-8,BO112,892,892,9,avvisi,avvisi,avviso,NOUN,_
892-9,BO112,892,892,10,matrimoniali,matrimoniali,matrimoniale,ADJ,_
892-10,BO112,892,892,11,eccetera,eccetera,eccetera,ADV,_
892-11,BO112,892,892,12,eccetera.,eccetera,eccetera,ADV,Intonation=falling
893-0,BO112,893,893,1,quindi,quindi,quindi,ADV,_
893-1,BO112,893,893,2,{P},{P},_,_,_
893-2,BO112,893,893,3,togliamo,togliamo,togliere,VERB,_
893-3,BO112,893,893,4,questo,questo,questo,DET,_
893-4,BO112,893,893,5,aspetto,aspetto,aspetto,NOUN,_
893-5,BO112,893,893,6,"estremo,",estremo,estremo,ADJ,Intonation=weakly_rising
893-6,BO112,893,893,7,questi,questi,questo,DET,_
893-7,BO112,893,893,8,matrimoni,matrimoni,matrimonio,NOUN,_
893-8,BO112,893,893,9,non,non,non,ADV,_
893-9,BO112,893,893,10,li,li,li,PRON,_
893-10,BO112,893,893,11,"consideriamo,",consideriamo,considerare,VERB,Intonation=weakly_rising
893-11,BO112,893,893,12,noi,noi,noi,PRON,_
893-12,BO112,893,893,13,consideriamo,consideriamo,considerare,VERB,_
893-13,BO112,893,893,14,il,il,il,DET,_
893-14,BO112,893,893,15,matrimonio,matrimonio,matrimonio,NOUN,_
893-15,BO112,893,893,16,combinato,combinato,combinato,ADJ,_
893-16,BO112,893,893,17,standard.,standard,standard,ADJ,Intonation=falling
893-17,BO112,893,893,18,diciamo,diciamo,dire,VERB,_
893-18,BO112,893,893,19,così.,così,così,ADV,Intonation=falling
894-0,BO112,894,894,1,"quindi,",quindi,quindi,ADV,Intonation=weakly_rising
895-0,BO112,895,895,1,la,la,il,DET,_
895-1,BO112,895,895,2,prima,prima,primo,ADJ,_
895-2,BO112,895,895,3,concezione,concezione,concezione,NOUN,_
895-3,BO112,895,895,4,che,che,che,PRON,_
895-4,BO112,895,895,5,emerge,emerge,emergere,VERB,_
895-5,BO112,895,895,6-7,dagli,dagli,_,_,_
895-5a,_,_,895,6,_,da,da,ADP,_
895-5b,_,_,895,7,_,gli,il,DET,_
895-6,BO112,895,895,8,attori,attori,attore,NOUN,_
895-7,BO112,895,895,9,"sociali,",sociali,sociale,ADJ,Intonation=weakly_rising
896-0,BO112,896,896,1,è,è,essere,VERB,_
896-1,BO112,896,896,2,che,che,che,SCONJ,_
897-0,BO112,897,897,1,il,il,il,DET,_
897-1,BO112,897,897,2,matrimonio,matrimonio,matrimonio,NOUN,_
897-2,BO112,897,897,3,"combinato,",combinato,combinato,ADJ,Intonation=weakly_rising
898-0,BO112,898,898,1,è,è,essere,AUX,_
898-1,BO112,898,898,2,molto,molto,molto,ADV,_
898-2,BO112,898,898,3,molto,molto,molto,ADV,_
898-3,BO112,898,898,4,molto,molto,molto,ADV,_
898-4,BO112,898,898,5,meglio,meglio,meglio,ADV,_
898-5,BO112,898,898,6-7,del,del,_,_,_
898-5a,_,_,898,6,_,di,di,ADP,_
898-5b,_,_,898,7,_,il,il,DET,_
898-6,BO112,898,898,8,matrimonio,matrimonio,matrimonio,NOUN,_
898-7,BO112,898,898,9,d',d',di,ADP,SpaceAfter=No
898-8,BO112,898,898,10,amore.,amore,amore,NOUN,Intonation=falling
899-0,BO112,899,899,1,per,per,per,ADP,_
899-1,BO112,899,899,2,tantissime,tantissime,tanto,ADJ,_
899-2,BO112,899,899,3,ragioni.,ragioni,ragione,NOUN,Intonation=falling
900-0,BO112,900,900,1,la,la,il,DET,_
900-1,BO112,900,900,2,"prima,",prima,primo,ADJ,Intonation=weakly_rising
901-0,BO112,901,901,1,è,è,essere,VERB,_
901-1,BO112,901,901,2,che,che,che,SCONJ,_
901-2,BO112,901,901,3,{P},{P},_,_,_
901-3,BO112,901,901,4,ovviamente,ovviamente,ovviamente,ADV,_
901-4,BO112,901,901,5,il,il,il,DET,_
901-5,BO112,901,901,6,matrimonio,matrimonio,matrimonio,NOUN,_
901-6,BO112,901,901,7,"combinato,",combinato,combinato,ADJ,Intonation=weakly_rising
902-0,BO112,902,902,1,è,è,essere,AUX,_
902-1,BO112,902,902,2,{P},{P},_,_,_
902-2,BO112,902,902,3,organizzato,organizzato,organizzare,VERB,_
902-3,BO112,902,902,4-5,dai,dai,_,_,_
902-3a,_,_,902,4,_,da,da,ADP,_
902-3b,_,_,902,5,_,i,il,DET,_
902-4,BO112,902,902,6,propri,propri,proprio,DET,_
902-5,BO112,902,902,7,genitori.,genitori,genitore,NOUN,Intonation=falling
903-0,BO112,903,903,1,e,e,e,CCONJ,_
903-1,BO112,903,903,2,"quindi,",quindi,quindi,ADV,Intonation=weakly_rising
904-0,BO112,904,904,1,i,i,il,DET,_
904-1,BO112,904,904,2,genitori,genitori,genitore,NOUN,_
905-0,BO112,905,905,1,sono,sono,essere,AUX,_
905-1,BO112,905,905,2,le,le,il,DET,_
905-2,BO112,905,905,3,persone,persone,persona,NOUN,_
905-3,BO112,905,905,4,che,che,che,PRON,_
905-4,BO112,905,905,5,meglio,meglio,meglio,ADV,_
905-5,BO112,905,905,6,"sanno,",sanno,sapere,VERB,Intonation=weakly_rising
906-0,BO112,906,906,1,che,che,che,DET,_
906-1,BO112,906,906,2,cosa,cosa,cosa,PRON,_
906-2,BO112,906,906,3,è,è,essere,AUX,_
906-3,BO112,906,906,4,bene,bene,bene,ADV,_
906-4,BO112,906,906,5,{P},{P},_,_,_
906-5,BO112,906,906,6,per,per,per,ADP,_
906-6,BO112,906,906,7,i,i,il,DET,_
906-7,BO112,906,906,8,figli.,figli,figlio,NOUN,Intonation=falling
907-0,BO112,907,907,1,il,il,il,DET,_
907-1,BO112,907,907,2,matrimonio,matrimonio,matrimonio,NOUN,_
907-2,BO112,907,907,3,d',d',di,ADP,SpaceAfter=No
907-3,BO112,907,907,4,amore,amore,amore,NOUN,_
907-4,BO112,907,907,5,è,è,essere,AUX,_
907-5,BO112,907,907,6,concepito,concepito,concepire,VERB,_
907-6,BO112,907,907,7,"come,",come,come,ADP,Intonation=weakly_rising
908-0,BO112,908,908,1,let~,let~,let~,ADV,Interrupted=Yes
908-1,BO112,908,908,2,le~,le~,le~,ADV,Interrupted=Yes
908-2,BO112,908,908,3,"letteralmente,",letteralmente,letteralmente,ADV,Intonation=weakly_rising
909-0,BO112,909,909,1,una,una,uno,DET,_
909-1,BO112,909,909,2,fiamma,fiamma,fiamma,NOUN,_
909-2,BO112,909,909,3,che,che,che,PRON,_
909-3,BO112,909,909,4,si,si,si,PRON,_
909-4,BO112,909,909,5,spegne,spegne,spegnere,NOUN,_
909-5,BO112,909,909,6,subito.,subito,subito,ADV,Intonation=falling
909-6,BO112,909,909,7,no?,no,no,ADV,Intonation=rising
910-0,BO112,910,910,1,io,io,io,PRON,_
910-1,BO112,910,910,2,ho,ho,avere,VERB,_
910-2,BO112,910,910,3,una,una,uno,DET,_
910-3,BO112,910,910,4,"passione,",passione,passione,NOUN,Intonation=weakly_rising
910-4,BO112,910,910,5,mi,mi,mi,PRON,_
910-5,BO112,910,910,6,innamoro,innamoro,innamorare,VERB,_
910-6,BO112,910,910,7,di,di,di,ADP,_
910-7,BO112,910,910,8,questo.,questo,questo,DET,Intonation=falling
910-8,BO112,910,910,9,"mh,",mh,mh,INTJ,Intonation=weakly_rising
911-0,BO112,911,911,1,ma,ma,ma,CCONJ,_
911-1,BO112,911,911,2,funzionerà?,funzionerà,funzionere,VERB,Intonation=rising
912-0,BO112,912,912,1,ma,ma,ma,CCONJ,_
912-1,BO112,912,912,2,siamo,siamo,essere,AUX,_
912-2,BO112,912,912,3,adatti?,adatti,adatto,ADJ,Intonation=rising
913-0,BO112,913,913,1,abbiamo,abbiamo,avere,AUX,_
913-1,BO112,913,913,2,fatto,fatto,fare,VERB,_
913-2,BO112,913,913,3,studi,studi,studio,NOUN,_
913-3,BO112,913,913,4,simili?,simili,simile,ADJ,Intonation=rising
913-4,BO112,913,913,5,abbiamo,abbiamo,avere,VERB,_
913-5,BO112,913,913,6-7,dei,dei,dei,DET,_
913-6,BO112,913,913,8,lavori,lavori,lavoro,NOUN,_
913-7,BO112,913,913,9,che,che,che,PRON,_
913-8,BO112,913,913,10,possono,possono,potere,AUX,_
913-9,BO112,913,913,11-12,integrarsi?,integrarsi,_,_,Intonation=rising
913-9a,_,_,913,11,_,integrar,integrare,VERB,_
913-9b,_,_,913,12,_,si,si,PRON,_
914-0,BO112,914,914,1,o,o,o,CCONJ,_
914-1,BO112,914,914,2,semplicemente,semplicemente,semplicemente,ADV,_
914-2,BO112,914,914,3,ho,ho,avere,AUX,_
914-3,BO112,914,914,4,perso,perso,perdere,VERB,_
914-4,BO112,914,914,5,la,la,il,DET,_
914-5,BO112,914,914,6,testa?,testa,testa,NOUN,Intonation=rising
915-0,BO112,915,915,1,mh?,mh,mh,INTJ],Intonation=rising
916-0,BO112,916,916,1,quindi,quindi,quindi,ADV,_
916-1,BO112,916,916,2,la,la,il,DET,_
916-2,BO112,916,916,3,concezione,concezione,concezione,NOUN,_
916-3,BO112,916,916,4-5,del,del,_,_,_
916-3a,_,_,916,4,_,di,di,ADP,_
916-3b,_,_,916,5,_,il,il,DET,_
916-4,BO112,916,916,6,matrimonio,matrimonio,matrimonio,NOUN,_
916-5,BO112,916,916,7,d',d',di,ADP,SpaceAfter=No
916-6,BO112,916,916,8,"amore,",amore,amore,NOUN,Intonation=weakly_rising
916-7,BO112,916,916,9,è,è,essere,AUX,_
916-8,BO112,916,916,10,"come,",come,come,ADV,Intonation=weakly_rising
917-0,BO112,917,917,1,è,è,essere,AUX,_
917-1,BO112,917,917,2,una,una,uno,DET,_
917-2,BO112,917,917,3,concezione,concezione,concezione,NOUN,_
917-3,BO112,917,917,4,di,di,di,ADP,_
917-4,BO112,917,917,5,un,un,uno,DET,_
917-5,BO112,917,917,6,matrimonio,matrimonio,matrimonio,NOUN,_
917-6,BO112,917,917,7,estremamente,estremamente,estremamente,ADV,_
917-7,BO112,917,917,8,{P},{P},_,_,_
917-8,BO112,917,917,9,"pericoloso,",pericoloso,pericoloso,ADJ,Intonation=weakly_rising
918-0,BO112,918,918,1,proprio,proprio,proprio,ADV,_
918-1,BO112,918,918,2,"perché,",perché,perché,SCONJ,Intonation=weakly_rising
918-2,BO112,918,918,3,non,non,non,ADV,_
918-3,BO112,918,918,4,risponde,risponde,rispondere,VERB,_
918-4,BO112,918,918,5,a,a,a,ADP,_
918-5,BO112,918,918,6-7,dei,dei,dei,DET,_
918-6,BO112,918,918,8,"bisogni,",bisogni,bisogno,NOUN,Intonation=weakly_rising
919-0,BO112,919,919,1,di,di,di,ADP,_
919-1,BO112,919,919,2,stabilità,stabilità,stabilità,NOUN,_
919-2,BO112,919,919,3,sociale.,sociale,sociale,ADJ,Intonation=falling
920-0,BO112,920,920,1,ma,ma,ma,X,_
920-1,BO112,920,920,2,in~,in~,in~,X,Interrupted=Yes
920-2,BO112,920,920,3,risponde,risponde,rispondere,VERB,_
920-3,BO112,920,920,4,semplicemente,semplicemente,semplicemente,ADV,_
920-4,BO112,920,920,5-6,all',all',_,_,Truncated=Yes
920-4a,_,_,920,5,_,a,a,ADP,_
920-4b,_,_,920,6,_,l',il,DET,_
920-5,BO112,920,920,7,impulso,impulso,impulso,NOUN,_
920-6,BO112,920,920,8-9,del,del,_,_,_
920-6a,_,_,920,8,_,di,di,ADP,_
920-6b,_,_,920,9,_,il,il,DET,_
920-7,BO112,920,920,10,momento.,momento,momento,NOUN,Intonation=falling
921-0,BO112,921,921,1,"quindi,",quindi,quindi,ADV,Intonation=weakly_rising
921-1,BO112,921,921,2,se,se,se,SCONJ,_
921-2,BO112,921,921,3,invece,invece,invece,ADV,_
921-3,BO112,921,921,4,io,io,io,PRON,_
921-4,BO112,921,921,5,devo,devo,dovere,AUX,_
921-5,BO112,921,921,6,{P},{P},_,_,_
921-6,BO112,921,921,7,pianificare,pianificare,pianificare,VERB,_
921-7,BO112,921,921,8,la,la,il,DET,_
921-8,BO112,921,921,9,mia,mia,mio,DET,_
921-9,BO112,921,921,10,"vita,",vita,vita,NOUN,Intonation=weakly_rising
922-0,BO112,922,922,1,in,in,in,ADP,_
922-1,BO112,922,922,2,modo,modo,modo,NOUN,_
922-2,BO112,922,922,3,"intelligente,",intelligente,intelligente,ADJ,Intonation=weakly_rising
923-0,BO112,923,923,1,e,e,e,CCONJ,_
923-1,BO112,923,923,2,"sensato,",sensato,sensato,ADJ,Intonation=weakly_rising
924-0,BO112,924,924,1,chi,chi,chi,PRON,_
924-1,BO112,924,924,2,meglio,meglio,meglio,ADV,_
924-2,BO112,924,924,3-4,dei,dei,_,_,_
924-2a,_,_,924,3,_,di,di,ADP,_
924-2b,_,_,924,4,_,i,il,DET,_
924-3,BO112,924,924,5,"genitori,",genitori,genitore,NOUN,Intonation=weakly_rising
925-0,BO112,925,925,1,mi,mi,mi,PRON,_
925-1,BO112,925,925,2,conosce?,conosce,conoscere,VERB,Intonation=rising
926-0,BO112,926,926,1,e,e,e,CCONJ,_
926-1,BO112,926,926,2,sa,sa,sapere,VERB,_
926-2,BO112,926,926,3,{P},{P},_,_,_
926-3,BO112,926,926,4,quali,quali,quale,PRON,_
926-4,BO112,926,926,5,sono,sono,essere,AUX,_
926-5,BO112,926,926,6,le,le,il,DET,_
926-6,BO112,926,926,7,mie,mie,mio,DET,_
926-7,BO112,926,926,8,caratteristiche,caratteristiche,caratteristica,NOUN,_
926-8,BO112,926,926,9,i,i,il,DET,_
926-9,BO112,926,926,10,miei,miei,mio,DET,_
926-10,BO112,926,926,11,limiti,limiti,limite,NOUN,_
926-11,BO112,926,926,12,le,le,il,DET,_
926-12,BO112,926,926,13,mie,mie,mio,DET,_
926-13,BO112,926,926,14,"qualità,",qualità,qualità,NOUN,Intonation=weakly_rising
927-0,BO112,927,927,1,e,e,e,CCONJ,_
927-1,BO112,927,927,2,sa,sa,sapere,VERB,_
927-2,BO112,927,927,3,con,con,con,ADP,_
927-3,BO112,927,927,4,quali,quali,quale,DET,_
927-4,BO112,927,927,5,persone,persone,persona,NOUN,_
927-5,BO112,927,927,6,posso,posso,potere,AUX,_
927-6,BO112,927,927,7,andare,andare,andare,VERB,_
927-7,BO112,927,927,8,d',d',di,ADP,Intonation=rising
927-8,BO112,927,927,,accordo?,accordo,accordo,NOUN,
928-0,BO112,928,928,1,questo,questo,questo,PRON,_
928-1,BO112,928,928,2,che,che,che,PRON,_
928-2,BO112,928,928,3,abbiamo,abbiamo,avere,AUX,_
928-3,BO112,928,928,4,"illustrato,",illustrato,illustrare,VERB,Intonation=weakly_rising
928-4,BO112,928,928,5,è,è,essere,AUX,_
928-5,BO112,928,928,6,quello,quello,quello,PRON,_
928-6,BO112,928,928,7,che,che,che,PRON,_
928-7,BO112,928,928,8,si,si,si,PRON,_
928-8,BO112,928,928,9,chiama,chiama,chiamare,VERB,_
929-0,BO112,929,929,1,il,il,il,DET,_
929-1,BO112,929,929,2,punto,punto,punto,NOUN,_
929-2,BO112,929,929,3,di,di,di,ADP,_
929-3,BO112,929,929,4,"vista,",vista,vista,NOUN,Intonation=weakly_rising
930-0,BO112,930,930,1,emico.,emico,emico,ADJ,Intonation=falling
931-0,BO112,931,931,1,in,in,in,ADP,_
931-1,BO112,931,931,2,"antropologia,",antropologia,antropologia,NOUN,Intonation=weakly_rising
931-2,BO112,931,931,3,noi,noi,noi,PRON,_
931-3,BO112,931,931,4,distinguiamo,distinguiamo,distinguere,VERB,_
931-4,BO112,931,931,5,tra,tra,tra,ADP,_
932-0,BO112,932,932,1,punto,punto,punto,NOUN,_
932-1,BO112,932,932,2,di,di,di,ADP,_
932-2,BO112,932,932,3,vista,vista,vista,NOUN,_
932-3,BO112,932,932,4,{P},{P},_,_,_
932-4,BO112,932,932,5,"emico,",emico,emico,ADJ,Intonation=weakly_rising
933-0,BO112,933,933,1,e,e,e,CCONJ,_
933-1,BO112,933,933,2,punto,punto,punto,NOUN,_
933-2,BO112,933,933,3,di,di,di,ADP,_
933-3,BO112,933,933,4,vista,vista,vista,NOUN,_
933-4,BO112,933,933,5,{P},{P},_,_,_
933-5,BO112,933,933,6,etico.,etico,etico,ADJ,Intonation=falling
934-0,BO112,934,934,1,che,che,che,PRON,_
934-1,BO112,934,934,2,non,non,non,ADV,_
934-2,BO112,934,934,3,ha,ha,avere,VERB,_
934-3,BO112,934,934,4,nulla,nulla,nulla,PRON,_
934-4,BO112,934,934,5,{P},{P},_,_,_
934-5,BO112,934,934,6,a,a,a,ADP,_
934-6,BO112,934,934,7,che,che,che,SCONJ,_
934-7,BO112,934,934,8,fare,fare,fare,VERB,_
934-8,BO112,934,934,9,{P},{P},_,_,_
934-9,BO112,934,934,10,con,con,con,ADP,_
934-10,BO112,934,934,11,la,la,il,DET,_
934-11,BO112,934,934,12,questione,questione,questione,NOUN,_
934-12,BO112,934,934,13,morale.,morale,morale,ADJ,Intonation=falling
935-0,BO112,935,935,1,il,il,il,DET,_
935-1,BO112,935,935,2,punto,punto,punto,NOUN,_
935-2,BO112,935,935,3,di,di,di,ADP,_
935-3,BO112,935,935,4,vista,vista,vista,NOUN,_
935-4,BO112,935,935,5,"emico,",emico,emico,ADJ,Intonation=weakly_rising
936-0,BO112,936,936,1,è,è,essere,AUX,_
936-1,BO112,936,936,2,il,il,il,DET,_
936-2,BO112,936,936,3,punto,punto,punto,NOUN,_
936-3,BO112,936,936,4,di,di,di,ADP,_
936-4,BO112,936,936,5,vista,vista,vista,NOUN,_
936-5,BO112,936,936,6,interno.,interno,interno,ADJ,Intonation=falling
937-0,BO112,937,937,1,il,il,il,DET,_
937-1,BO112,937,937,2,punto,punto,punto,NOUN,_
937-2,BO112,937,937,3,di,di,di,ADP,_
937-3,BO112,937,937,4,{P},{P},_,_,_
937-4,BO112,937,937,5,di,di,di,ADP,_
937-5,BO112,937,937,6,vista,vista,vista,NOUN,_
937-6,BO112,937,937,7-8,dei,dei,_,_,_
937-6a,_,_,937,7,_,di,di,ADP,_
937-6b,_,_,937,8,_,i,il,DET,_
937-7,BO112,937,937,9,protagonisti,protagonisti,protagonista,NOUN,_
937-8,BO112,937,937,10-11,delle,delle,_,_,_
937-8a,_,_,937,10,_,di,di,ADP,_
937-8b,_,_,937,11,_,le,il,DET,_
937-9,BO112,937,937,12,pratiche.,pratiche,pratica,NOUN,Intonation=falling
938-0,BO112,938,938,1,quindi,quindi,quindi,ADV,_
938-1,BO112,938,938,2,il,il,il,DET,_
938-2,BO112,938,938,3,punto,punto,punto,NOUN,_
938-3,BO112,938,938,4,di,di,di,ADP,_
938-4,BO112,938,938,5,vista,vista,vista,NOUN,_
939-0,BO112,939,939,1,di,di,di,ADP,_
939-1,BO112,939,939,2,chi,chi,chi,PRON,_
939-2,BO112,939,939,3,si,si,si,PRON,_
939-3,BO112,939,939,4,sposa,sposa,sposare,VERB,_
939-4,BO112,939,939,5,con,con,con,ADP,_
939-5,BO112,939,939,6,il,il,il,DET,_
939-6,BO112,939,939,7,matrimonio,matrimonio,matrimonio,NOUN,_
939-7,BO112,939,939,8,"combinato,",combinato,combinato,ADJ,Intonation=weakly_rising
939-8,BO112,939,939,9,se,se,se,SCONJ,_
939-9,BO112,939,939,10,stiamo,stiamo,stare,AUX,_
939-10,BO112,939,939,11,studiando,studiando,studiare,VERB,_
939-11,BO112,939,939,12,i,i,il,DET,_
939-12,BO112,939,939,13,matrimoni,matrimoni,matrimonio,NOUN,_
939-13,BO112,939,939,14,combinati.,combinati,combinato,ADJ,Intonation=falling
940-0,BO112,940,940,1,invece,invece,invece,ADV,_
940-1,BO112,940,940,2,il,il,il,DET,_
940-2,BO112,940,940,3,punto,punto,punto,NOUN,_
940-3,BO112,940,940,4,di,di,di,ADP,_
940-4,BO112,940,940,5,vista,vista,vista,NOUN,_
940-5,BO112,940,940,6,"etico,",etico,etico,ADJ,Intonation=weakly_rising
941-0,BO112,941,941,1,è,è,essere,AUX,_
941-1,BO112,941,941,2,il,il,il,DET,_
941-2,BO112,941,941,3,punto,punto,punto,NOUN,_
941-3,BO112,941,941,4,di,di,di,ADP,_
941-4,BO112,941,941,5,vista,vista,vista,NOUN,_
941-5,BO112,941,941,6-7,dello,dello,_,_,_
941-5a,_,_,941,6,_,di,di,ADP,_
941-5b,_,_,941,7,_,lo,il,DET,_
941-6,BO112,941,941,8,scienziato,scienziato,scienziato,NOUN,_
941-7,BO112,941,941,9,sociale,sociale,sociale,ADJ,_
941-8,BO112,941,941,10,che,che,che,PRON,_
941-9,BO112,941,941,11,studia,studia,studiare,VERB,_
941-10,BO112,941,941,12,il,il,il,DET,_
941-11,BO112,941,941,13,fenomeno.,fenomeno,fenomeno,NOUN,Intonation=falling
942-0,BO112,942,942,1,"quindi,",quindi,quindi,ADV,Intonation=weakly_rising
942-1,BO112,942,942,2,se,se,se,SCONJ,_
942-2,BO112,942,942,3,ci,ci,ci,PRON,_
942-3,BO112,942,942,4,fosse,fosse,essere,AUX,_
942-4,BO112,942,942,5,un,un,uno,DET,_
942-5,BO112,942,942,6,antropologo,antropologo,antropologo,NOUN,_
942-6,BO112,942,942,7-8,delle,delle,_,_,_
942-6a,_,_,942,7,_,di,di,ADP,_
942-6b,_,_,942,8,_,le,il,DET,_
942-7,BO112,942,942,9,"trobriand,",trobriand,Trobriand,PROPN,Intonation=weakly_rising
943-0,BO112,943,943,1,che,che,che,PRON,_
943-1,BO112,943,943,2,viene,viene,venire,VERB,_
943-2,BO112,943,943,3,qui,qui,qui,ADV,_
943-3,BO112,943,943,4,{P},{P},_,_,_
943-4,BO112,943,943,5,e,e,e,CCONJ,_
943-5,BO112,943,943,6,vuole,vuole,volere,AUX,_
943-6,BO112,943,943,7,fare,fare,fare,VERB,_
943-7,BO112,943,943,8,una,una,uno,DET,_
943-8,BO112,943,943,9,ricerca,ricerca,ricerca,NOUN,_
944-0,BO112,944,944,1-2,sui,sui,_,_,_
944-0a,_,_,944,1,_,su,su,ADP,_
944-0b,_,_,944,2,_,i,il,DET,_
944-1,BO112,944,944,3,corsi,corsi,corso,NOUN,_
944-2,BO112,944,944,4,di,di,di,ADP,_
944-3,BO112,944,944,5,antropologia,antropologia,antropologia,NOUN,_
944-4,BO112,944,944,6,culturale,culturale,culturale,ADJ,_
944-5,BO112,944,944,7,a,a,a,ADP,_
944-6,BO112,944,944,8,"bologna,",bologna,Bologna,PROPN,Intonation=weakly_rising
945-0,BO112,945,945,1,e,e,e,CCONJ,_
945-1,BO112,945,945,2,vi,vi,vi,ADV,_
945-2,BO112,945,945,3,{P},{P},_,_,_
945-3,BO112,945,945,4,"intervistasse,",intervistasse,intervistare,VERB,Intonation=weakly_rising
946-0,BO112,946,946,1,il,il,il,DET,_
946-1,BO112,946,946,2,vostro,vostro,vostro,NOUN,_
946-2,BO112,946,946,3,sarebbe,sarebbe,essere,AUX,_
946-3,BO112,946,946,4,un,un,uno,DET,_
946-4,BO112,946,946,5,punto,punto,punto,NOUN,_
946-5,BO112,946,946,6,di,di,di,ADP,_
946-6,BO112,946,946,7,vista,vista,vista,NOUN,_
946-7,BO112,946,946,8,"emico,",emico,emico,ADJ,Intonation=weakly_rising
947-0,BO112,947,947,1-2,sul,sul,_,_,_
947-0a,_,_,947,1,_,su,su,ADP,_
947-0b,_,_,947,2,_,il,il,DET,_
947-1,BO112,947,947,3,corso,corso,corso,NOUN,_
947-2,BO112,947,947,4,di,di,di,ADP,_
947-3,BO112,947,947,5,antropologia.,antropologia,antropologia,NOUN,Intonation=falling
948-0,BO112,948,948,1,mentre,mentre,mentre,SCONJ,_
948-1,BO112,948,948,2,invece,invece,invece,ADV,_
948-2,BO112,948,948,3,la,la,il,DET,_
948-3,BO112,948,948,4,sua,sua,suo,DET,_
948-4,BO112,948,948,5,"analisi,",analisi,analisi,NOUN,Intonation=weakly_rising
948-5,BO112,948,948,6,in,in,in,ADP,_
948-6,BO112,948,948,7,cui,cui,cui,PRON,_
948-7,BO112,948,948,8,dirà,dirà,dire,VERB,_
948-8,BO112,948,948,9,sì,sì,sì,ADV,_
948-9,BO112,948,948,10,c',c',ci,PRON,Truncated=Yes
948-10,BO112,948,948,11,è,è,essere,VERB,_
948-11,BO112,948,948,12,"questo,",questo,questo,PRON,Intonation=weakly_rising
948-12,BO112,948,948,13,fanno,fanno,fare,VERB,_
948-13,BO112,948,948,14,i,i,il,DET,_
948-14,BO112,948,948,15,parziali,parziali,parziale,NOUN,_
948-15,BO112,948,948,16,"così,",così,così,ADV,Intonation=weakly_rising
948-16,BO112,948,948,17,eccetera,eccetera,eccetera,ADV,_
948-17,BO112,948,948,18,"eccetera,",eccetera,eccetera,ADV,Intonation=weakly_rising
948-18,BO112,948,948,19,quello,quello,quello,PRON,_
948-19,BO112,948,948,20,è,è,essere,AUX,_
948-20,BO112,948,948,21,il,il,il,DET,_
948-21,BO112,948,948,22,punto,punto,punto,NOUN,_
948-22,BO112,948,948,23,di,di,di,ADP,_
948-23,BO112,948,948,24,vista,vista,vista,NOUN,_
948-24,BO112,948,948,25,etico.,etico,etico,ADJ,Intonation=falling
948-25a,BO112,948,948,26,d',d',di,NOUN,Intonation=rising
948-25b,BO112,948,948,,accordo?,accordo,accordo,NOUN,
949-0,BO112,949,949,1,"quindi,",quindi,quindi,ADV,Intonation=weakly_rising
949-1,BO112,949,949,2-3,nel,nel,_,_,_
949-1a,_,_,949,2,_,in,in,ADP,_
949-1b,_,_,949,3,_,il,il,DET,_
949-2,BO112,949,949,4,matrimonio,matrimonio,matrimonio,NOUN,_
949-3,BO112,949,949,5,"combinato,",combinato,combinato,ADJ,Intonation=weakly_rising
950-0,BO112,950,950,1,il,il,il,DET,_
950-1,BO112,950,950,2,punto,punto,punto,NOUN,_
950-2,BO112,950,950,3,di,di,di,ADP,_
950-3,BO112,950,950,4,vista,vista,vista,NOUN,_
950-4,BO112,950,950,5,"emico,",emico,emico,ADJ,Intonation=weakly_rising
951-0,BO112,951,951,1,è,è,essere,AUX,_
951-1,BO112,951,951,2,quello,quello,quello,PRON,_
951-2,BO112,951,951,3,che,che,che,PRON,_
951-3,BO112,951,951,4,vi,vi,vi,PRON,_
951-4,BO112,951,951,5,ho,ho,avere,AUX,_
951-5,BO112,951,951,6,appena,appena,appena,ADV,_
951-6,BO112,951,951,7,illustrato.,illustrato,illlustrare,VERB,Intonation=falling
952-0,BO112,952,952,1,quindi,quindi,quindi,ADV,_
952-1,BO112,952,952,2,gli,gli,il,DET,_
952-2,BO112,952,952,3,antropologi,antropologi,antropologo,NOUN,_
952-3,BO112,952,952,4,prima,prima,prima,ADV,_
952-4,BO112,952,952,5,di,di,di,ADP,_
952-5,BO112,952,952,6,"tutto,",tutto,tutto,PRON,Intonation=weakly_rising
953-0,BO112,953,953,1,indagano,indagano,indagare,VERB,_
953-1,BO112,953,953,2,il,il,il,DET,_
953-2,BO112,953,953,3,punto,punto,punto,NOUN,_
953-3,BO112,953,953,4,di,di,di,ADP,_
953-4,BO112,953,953,5,vista,vista,vista,NOUN,_
953-5,BO112,953,953,6,emico.,emico,emico,ADJ,Intonation=falling
954-0,BO112,954,954,1,sempre,sempre,sempre,ADV,_
954-1,BO112,954,954,2,e,e,e,CCONJ,_
954-2,BO112,954,954,3,comunque.,comunque,comunque,ADV,Intonation=falling
954-3,BO112,954,954,4,no?,no,no,ADV,Intonation=rising
955-0,BO112,955,955,1,chiediamo,chiediamo,chiedere,VERB,_
956-0,BO112,956,956,1,perché,perché,perché,SCONJ,_
956-1,BO112,956,956,2,fate,fate,fare,VERB,_
956-2,BO112,956,956,3,questo?,questo,questo,PRON,Intonation=rising
956-3,BO112,956,956,4,come,come,come,ADP,_
956-4,BO112,956,956,5,lo,lo,lo,PRON,_
956-5,BO112,956,956,6,fate,fate,fare,NOUN,_
956-6,BO112,956,956,7,cosa,cosa,cosa,PRON,_
956-7,BO112,956,956,8,pensate?,pensate,pensare,VERB,Intonation=rising
956-8,BO112,956,956,9,mh?,mh,mh,INTJ,Intonation=rising
957-0,BO112,957,957,1,anche,anche,anche,ADV,_
957-1,BO112,957,957,2,questo,questo,questo,PRON,_
957-2,BO112,957,957,3,adesso,adesso,adesso,ADV,_
957-3,BO112,957,957,4,sembra,sembra,sembrare,VERB,_
957-4,BO112,957,957,5,così,così,così,ADV,_
957-5,BO112,957,957,6,ovvio.,ovvio,ovvio,ADJ,Intonation=falling
957-6,BO112,957,957,7,ma,ma,ma,CCONJ,_
957-7,BO112,957,957,8,non,non,non,ADV,_
957-8,BO112,957,957,9,lo,lo,lo,PRON,_
957-9,BO112,957,957,10,"era,",era,essere,AUX,Intonation=weakly_rising
958-0,BO112,958,958,1,mh?,mh,mh,INTJ,Intonation=rising
958-1,BO112,958,958,2,m:,m,m,INTJ,_
958-2,BO112,958,958,3,non,non,non,ADV,_
958-3,BO112,958,958,4,mi,mi,mi,PRON,_
958-4,BO112,958,958,5,soffermo,soffermo,soffermare,VERB,_
958-5,BO112,958,958,6,su,su,su,ADP,_
958-6,BO112,958,958,7,questo.,questo,questo,PRON,Intonation=falling
959-0,BO112,959,959,1,"secondo,",secondo,secondo,ADP,Intonation=weakly_rising
960-0,BO112,960,960,1,l~,l~,l~,X,Interrupted=Yes
960-1,BO112,960,960,2,l',l',il,DET,Truncated=Yes
960-2,BO112,960,960,3,"antropologo,",antropologo,antropologo,NOUN,Intonation=weakly_rising
961-0,BO112,961,961,1,pratica,pratica,praticare,VERB,_
961-1,BO112,961,961,2,{P},{P},_,_,_
961-2,BO112,961,961,3,l',l',il,DET,Truncated=Yes
961-3,BO112,961,961,4,osservazione,osservazione,osservazione,NOUN,_
961-4,BO112,961,961,5,partecipante.,partecipante,partecipante,NOUN,Intonation=falling
962-0,BO112,962,962,1,quella,quella,quello,PRON,_
962-1,BO112,962,962,2,di,di,di,ADP,_
962-2,BO112,962,962,3,cui,cui,cui,PRON,_
962-3,BO112,962,962,4,abbiamo,abbiamo,avere,AUX,_
962-4,BO112,962,962,5,parlato,parlato,parlare,VERB,_
962-5,BO112,962,962,6,ieri.,ieri,ieri,ADV,Intonation=falling
963-0,BO112,963,963,1,osserva,osserva,osservare,VERB,_
963-1,BO112,963,963,2,le,le,il,DET,_
963-2,BO112,963,963,3,pratiche,pratiche,pratica,NOUN,_
963-3,BO112,963,963,4,matrimoniali.,matrimoniali,matrimoniale,ADJ,Intonation=falling
964-0,BO112,964,964,1,"osserva,",osserva,osservare,VERB,Intonation=weakly_rising
965-0,BO112,965,965,1,questi,questi,questo,PRON,_
965-1,BO112,965,965,2,che,che,che,PRON,_
965-2,BO112,965,965,3,si,si,si,PRON,_
965-3,BO112,965,965,4,sposano,sposano,sposare,VERB,_
965-4,BO112,965,965,5,con,con,con,ADP,_
965-5,BO112,965,965,6,il,il,il,DET,_
965-6,BO112,965,965,7,matrimonio,matrimonio,matrimonio,NOUN,_
965-7,BO112,965,965,8,combinato.,combinato,combinato,ADJ,Intonation=falling
966-0,BO112,966,966,1,funziona?,funziona,funzionare,VERB,Intonation=rising
967-0,BO112,967,967,1,come,come,come,ADV,_
967-1,BO112,967,967,2,sono,sono,essere,AUX,_
967-2,BO112,967,967,3,questi,questi,questo,DET,_
967-3,BO112,967,967,4,matrimoni?,matrimoni,matrimonio,NOUN,Intonation=rising
968-0,BO112,968,968,1,sono,sono,essere,AUX,_
968-1,BO112,968,968,2,felici?,felici,felice,ADJ,Intonation=rising
969-0,BO112,969,969,1,allora,allora,allora,ADV,_
970-0,BO112,970,970,1,in,in,in,ADP,_
970-1,BO112,970,970,2,questo,questo,questo,DET,_
970-2,BO112,970,970,3,caso,caso,caso,NOUN,_
970-3,BO112,970,970,4,l',l',il,DET,Truncated=Yes
970-4,BO112,970,970,5,"altropologo,",altropologo,altropologo,NOUN,Intonation=weakly_rising
971-0,BO112,971,971,1,si,si,si,PRON,_
971-1,BO112,971,971,2,accorge,accorge,accorgere,VERB,_
971-2,BO112,971,971,3,{P},{P},_,_,_
971-3,BO112,971,971,4,che,che,che,SCONJ,_
971-4,BO112,971,971,5,esiste,esiste,esistere,VERB,_
971-5,BO112,971,971,6,un',un',uno,DET,Truncated=Yes
971-6,BO112,971,971,7,ideologia,ideologia,ideologia,NOUN,_
971-7,BO112,971,971,8-9,dell',dell',_,_,Truncated=Yes
971-7a,_,_,971,8,_,di,di,ADP,_
971-7b,_,_,971,9,_,l',il,DET,_
971-8,BO112,971,971,10,amore,amore,amore,NOUN,_
971-9,BO112,971,971,11,che,che,che,PRON,_
971-10,BO112,971,971,12,è,è,essere,AUX,_
971-11,BO112,971,971,13,completamente,completamente,completamente,ADV,_
971-12,BO112,971,971,14,diversa,diversa,diverso,PRON,_
972-0,BO112,972,972,1,e,e,e,CCONJ,_
972-1,BO112,972,972,2,cioè,cioè,cioè,CCONJ,_
972-2,BO112,972,972,3,l',l',il,DET,Truncated=Yes
972-3,BO112,972,972,4,idea,idea,idea,NOUN,_
972-4,BO112,972,972,5,{P},{P},_,_,_
972-5,BO112,972,972,6,non,non,non,ADV,_
972-6,BO112,972,972,7,è,è,essere,VERB,_
972-7,BO112,972,972,8,che,che,che,SCONJ,_
972-8,BO112,972,972,9,ci,ci,ci,PRON,_
972-9,BO112,972,972,10,si,si,si,PRON,_
972-10,BO112,972,972,11,innamora,innamora,innamorare,VERB,_
972-11,BO112,972,972,12,e,e,e,CCONJ,_
972-12,BO112,972,972,13,ci,ci,ci,PRON,_
972-13,BO112,972,972,14,si,si,si,PRON,_
972-14,BO112,972,972,15,sposa.,sposa,sposare,VERB,Intonation=falling
973-0,BO112,973,973,1,ma,ma,ma,CCONJ,_
973-1,BO112,973,973,2,è,è,essere,AUX,_
973-2,BO112,973,973,3,esattamente,esattamente,esattamente,ADV,_
973-3,BO112,973,973,4,il,il,il,DET,_
973-4,BO112,973,973,5,contrario.,contrario,contrario,NOUN,Intonation=falling
974-0,BO112,974,974,1,e,e,e,CCONJ,_
974-1,BO112,974,974,2,cioè,cioè,cioé,CCONJ,_
974-2,BO112,974,974,3,che,che,che,SCONJ,_
974-3,BO112,974,974,4,ci,ci,ci,PRON,_
974-4,BO112,974,974,5,si,si,si,PRON,_
974-5,BO112,974,974,6,"sposa,",sposa,sposare,VERB,Intonation=weakly_rising
975-0,BO112,975,975,1,e,e,e,CCONJ,_
975-1,BO112,975,975,2,che,che,che,SCONJ,_
975-2,BO112,975,975,3,l',l',il,DET,Truncated=Yes
975-3,BO112,975,975,4,"amore,",amore,amore,NOUN,Intonation=weakly_rising
975-4,BO112,975,975,5,è,è,essere,AUX,_
975-5,BO112,975,975,6,il,il,il,DET,_
975-6,BO112,975,975,7,frutto,frutto,frutto,NOUN,_
976-0,BO112,976,976,1-2,della,della,_,_,_
976-0a,_,_,976,1,_,di,di,ADP,_
976-0b,_,_,976,2,_,la,il,DET,_
976-1,BO112,976,976,3,conoscenza,conoscenza,conoscenza,NOUN,_
976-2,BO112,976,976,4,"reciproca,",reciproca,reciproco,ADJ,Intonation=weakly_rising
977-0,BO112,977,977,1,che,che,che,SCONJ,_
977-1,BO112,977,977,2,si,si,si,PRON,_
977-2,BO112,977,977,3,approfondisce,approfondisce,approfondire,VERB,_
977-3,BO112,977,977,4-5,nel,nel,_,_,_
977-3a,_,_,977,4,_,in,in,ADP,_
977-3b,_,_,977,5,_,il,il,DET,_
977-4,BO112,977,977,6,tempo,tempo,tempo,NOUN,_
977-5,BO112,977,977,7,a,a,a,ADP,_
977-6,BO112,977,977,8,seguito,seguito,seguito,NOUN,_
977-7,BO112,977,977,9-10,del,del,_,_,_
977-7a,_,_,977,9,_,di,di,ADP,_
977-7b,_,_,977,10,_,il,il,DET,_
977-8,BO112,977,977,11,matrimonio.,matrimonio,matrimonio,NOUN,Intonation=falling
978-0,BO112,978,978,1,"quindi,",quindi,quindi,ADV,Intonation=weakly_rising
978-1,BO112,978,978,2,è,è,essere,AUX,_
978-2,BO112,978,978,3,una,una,uno,DET,_
978-3,BO112,978,978,4,concezione,concezione,concezione,NOUN,_
978-4,BO112,978,978,5,completamente,completamente,completamente,ADV,_
978-5,BO112,978,978,6,diversa.,diversa,diverso,ADJ,Intonation=falling
979-0,BO112,979,979,1,"immaginate,",immaginate,immaginare,VERB,Intonation=weakly_rising
979-1,BO112,979,979,2,che,che,che,SCONJ,_
979-2,BO112,979,979,3,i,i,il,DET,_
979-3,BO112,979,979,4,vostri,vostri,vostro,DET,_
979-4,BO112,979,979,5,nonni,nonni,nonno,NOUN,_
979-5,BO112,979,979,6,{P},{P},_,_,_
979-6,BO112,979,979,7,si,si,si,PRON,_
979-7,BO112,979,979,8,fossero,fossero,essere,AUX,_
979-8,BO112,979,979,9,sposati,sposati,sposare,VERB,_
979-9,BO112,979,979,10,con,con,con,ADP,_
979-10,BO112,979,979,11,il,il,il,DET,_
979-11,BO112,979,979,12,matrimonio,matrimonio,matrimonio,NOUN,_
979-12,BO112,979,979,13,combinato,combinato,combinato,ADJ,_
979-13,BO112,979,979,14,e,e,e,CCONJ,_
979-14,BO112,979,979,15,voi,voi,voi,PRON,_
979-15,BO112,979,979,16,avreste,avreste,avere,VERB,_
979-16,BO112,979,979,17,assimilato,assimilato,assimilare,VERB,_
980-0,BO112,980,980,1,la,la,il,DET,_
980-1,BO112,980,980,2,bontà,bontà,bontà,NOUN,_
980-2,BO112,980,980,3,di,di,di,ADP,_
980-3,BO112,980,980,4,questa,questa,questo,DET,_
980-4,BO112,980,980,5,istituzione.,istituzione,istituzione,NOUN,Intonation=falling
980-5,BO112,980,980,6,che,che,che,SCONJ,_
980-6,BO112,980,980,7,i,i,il,DET,_
980-7,BO112,980,980,8,vostri,vostri,vostro,DET,_
980-8,BO112,980,980,9,genitori,genitori,genitore,NOUN,_
980-9,BO112,980,980,10,si,si,si,PRON,_
980-10,BO112,980,980,11,fossero,fossero,essere,AUX,_
980-11,BO112,980,980,12,sposati,sposati,sposare,VERB,_
980-12,BO112,980,980,13,con,con,con,ADP,_
980-13,BO112,980,980,14,il,il,il,DET,_
980-14,BO112,980,980,15,matrimonio,matrimonio,matrimonio,NOUN,_
980-15,BO112,980,980,16,combinato.,combinato,combinato,ADJ,Intonation=falling
980-16,BO112,980,980,17,eccetera,eccetera,eccetera,ADV,_
980-17,BO112,980,980,18,eccetera.,eccetera,eccetera,ADV,Intonation=falling
981-0,BO112,981,981,1,mh?,mh,mh,INTJ,Intonation=rising
982-0,BO112,982,982,1,il,il,il,DET,_
982-1,BO112,982,982,2,matrimonio,matrimonio,matrimonio,NOUN,_
982-2,BO112,982,982,3,"combinato,",combinato,combinato,ADJ,Intonation=weakly_rising
982-3,BO112,982,982,4,è,è,essere,AUX,_
982-4,BO112,982,982,5,talmente,talmente,talmente,ADV,_
982-5,BO112,982,982,6,considerato,considerato,considerare,VERB,_
982-6,BO112,982,982,7,meglio,meglio,meglio,ADV,_
983-0,BO112,983,983,1,no,no,no,ADV,_
983-1,BO112,983,983,2,l:::~,l~,l~,X,Interrupted=Yes
983-2,BO112,983,983,3,di,di,di,ADP,_
983-3,BO112,983,983,4,quello,quello,quello,PRON,_
983-4,BO112,983,983,5,d',d',di,ADP,SpaceAfter=No
983-5,BO112,983,983,6,"amore,",amore,amore,NOUN,Intonation=weakly_rising
984-0,BO112,984,984,1,"che,",che,che,SCONJ,Intonation=weakly_rising
984-1,BO112,984,984,2,laddove,laddove,laddove,PRON,_
984-2,BO112,984,984,3,esistono,esistono,esistere,VERB,_
984-3,BO112,984,984,4,matrimoni,matrimoni,matrimonio,NOUN,_
984-4,BO112,984,984,5,(d',d',di,ADP,SpaceAfter=No
984-5,BO112,984,984,6,"amore),",amore,amore,NOUN,Intonation=weakly_rising
984-6,BO112,984,984,7,vengono,vengono,venire,AUX,_
984-7,BO112,984,984,8,camuffati,camuffati,camuffare,VERB,_
984-8,BO112,984,984,9,da,da,da,ADP,_
984-9,BO112,984,984,10,matrimoni,matrimoni,matrimonio,NOUN,_
984-10,BO112,984,984,11,combinati.,combinati,combinato,ADJ,Intonation=falling
984-11,BO112,984,984,12,mh?,mh,mh,INTJ,Intonation=rising
985-0,BO112,985,985,1,quindi,quindi,quindi,ADV,_
985-1,BO112,985,985,2,una,una,uno,DET,_
985-2,BO112,985,985,3,volta,volta,volta,NOUN,_
985-3,BO112,985,985,4,io,io,io,PRON,_
985-4,BO112,985,985,5,ero,ero,essere,AUX,_
985-5,BO112,985,985,6,a,a,a,ADP,_
985-6,BO112,985,985,7,un,un,uno,DET,_
985-7,BO112,985,985,8,matrimonio::,matrimonio,matrimonio,NOUN,_
986-0,BO112,986,986,1,sempre,sempre,sempre,ADV,_
986-1,BO112,986,986,2,in,in,in,ADP,_
986-2,BO112,986,986,3,sri,sri,Sri,PROPN,_
986-3,BO112,986,986,4,"lanka,",lanka,Lanka,PROPN,Intonation=weakly_rising
987-0,BO112,987,987,1,ovviamente,ovviamente,ovviamente,ADV,_
987-1,BO112,987,987,2,doveva,doveva,dovere,AUX,_
987-2,BO112,987,987,3,essere,essere,essere,AUX,_
987-3,BO112,987,987,4,un,un,uno,DET,_
987-4,BO112,987,987,5,matrimonio,matrimonio,matrimonio,NOUN,_
987-5,BO112,987,987,6,"combinato,",combinato,combinato,ADJ,Intonation=weakly_rising
987-6,BO112,987,987,7,perché,perché,perché,SCONJ,_
987-7,BO112,987,987,8,una,una,uno,DET,_
987-8,BO112,987,987,9,cosa,cosa,cosa,NOUN,_
987-9,BO112,987,987,10,seria:,seria,serio,ADJ,_
987-10,BO112,987,987,11,famiglie,famiglie,famiglia,NOUN,_
987-11,BO112,987,987,12,insomma,insomma,insomma,ADV,_
987-12,BO112,987,987,13,{P},{P},_,_,_
987-13,BO112,987,987,14,per,per,per,ADP,_
987-14,BO112,987,987,15,bene,bene,bene,ADV,_
987-15,BO112,987,987,16,eccetera,eccetera,eccetera,ADV,_
987-16,BO112,987,987,17,"eccetera,",eccetera,eccetera,ADV,Intonation=weakly_rising
988-0,BO112,988,988,1,io,io,io,PRON,_
988-1,BO112,988,988,2,vedendo,vedendo,vedere,VERB,_
988-2,BO112,988,988,3,i,i,il,DET,_
988-3,BO112,988,988,4,due,due,due,NUM,_
988-4,BO112,988,988,5,"sposi,",sposi,sposo,NOUN,Intonation=weakly_rising
989-0,BO112,989,989,1,a,a,a,ADP,_
989-1,BO112,989,989,2,me,me,me,PRON,_
989-2,BO112,989,989,3,venivan,venivan,venire,VERB,_
989-3,BO112,989,989,4-5,dei,dei,dei,DET,_
989-4,BO112,989,989,6,gran,gran,grande,ADJ,_
989-5,BO112,989,989,7,dubbi.,dubbi,dubbio,NOUN,Intonation=falling
990-0,BO112,990,990,1,di,di,di,ADP,_
990-1,BO112,990,990,2,guardavano,guardavano,guardare,VERB,_
990-2,BO112,990,990,3,in,in,in,ADP,_
990-3,BO112,990,990,4,un,un,uno,DET,_
990-4,BO112,990,990,5,modo,modo,modo,NOUN,_
990-5,BO112,990,990,6,che,che,che,PRON,_
990-6,BO112,990,990,7,secondo,secondo,secondo,ADP,_
990-7,BO112,990,990,8,me,me,me,PRON,_
990-8,BO112,990,990,9,denotava,denotava,denotare,VERB,_
990-9,BO112,990,990,10,una,una,uno,DET,_
990-10,BO112,990,990,11,conoscenza,conoscenza,conoscenza,NOUN,_
991-0,BO112,991,991,1,già,già,già,ADV,_
991-1,BO112,991,991,2,{P},{P},_,_,_
991-2,BO112,991,991,3,"approfondita,",approfondita,approfondire,VERB,Intonation=weakly_rising
992-0,BO112,992,992,1,allora,allora,allora,ADV,_
992-1,BO112,992,992,2,ho,ho,avere,AUX,_
992-2,BO112,992,992,3,preso,preso,prendere,VERB,_
992-3,BO112,992,992,4,da,da,da,ADP,_
992-4,BO112,992,992,5,parte,parte,parte,NOUN,_
992-5,BO112,992,992,6,un,un,uno,DET,_
992-6,BO112,992,992,7,parente,parente,parente,NOUN,_
992-7,BO112,992,992,8,e,e,e,CCONJ,_
992-8,BO112,992,992,9,ho,ho,avere,AUX,_
992-9,BO112,992,992,10,detto,detto,dire,VERB,_
992-10,BO112,992,992,11,ma,ma,ma,CCONJ,_
992-11,BO112,992,992,12,"scusa,",scusa,scusare,VERB,Intonation=weakly_rising
992-12,BO112,992,992,13,ma,ma,ma,CCONJ,_
992-13,BO112,992,992,14,questi,questi,questo,DET,_
992-14,BO112,992,992,15,due,due,due,NUM,_
992-15,BO112,992,992,16,ragazzi,ragazzi,ragazzo,NOUN,_
993-0,BO112,993,993,1,davvero,davvero,davvero,ADV,_
993-1,BO112,993,993,2,si,si,si,PRON,_
993-2,BO112,993,993,3,sono,sono,essere,AUX,_
993-3,BO112,993,993,4,incontrati,incontrati,incontrare,VERB,_
993-4,BO112,993,993,5,poche,poche,poco,DET,_
993-5,BO112,993,993,6,"volte:,",volte,volta,NOUN,Intonation=weakly_rising
994-0,BO112,994,994,1,e:,e,e,CCONJ,_
994-1,BO112,994,994,2,non,non,non,ADV,_
994-2,BO112,994,994,3,si,si,si,PRON,_
994-3,BO112,994,994,4,conoscevano,conoscevano,conoscere,VERB,_
994-4,BO112,994,994,5,tanto,tanto,tanto,ADV,_
994-5,BO112,994,994,6,"prima,",prima,prima,ADV,Intonation=weakly_rising
995-0,BO112,995,995,1,lui,lui,lui,PRON,_
995-1,BO112,995,995,2,ha,ha,avere,AUX,_
995-2,BO112,995,995,3,detto,detto,dire,VERB,_
995-3,BO112,995,995,4,guarda,guarda,guardare,VERB,_
995-4,BO112,995,995,5,per,per,per,ADP,_
995-5,BO112,995,995,6,carità,carità,carità,NOUN,_
995-6,BO112,995,995,7,questi,questi,questo,PRON,_
995-7,BO112,995,995,8,si,si,si,PRON,_
995-8,BO112,995,995,9,son,son,essere,AUX,_
995-9,BO112,995,995,10,conosciuti,conosciuti,conoscere,VERB,_
995-10,BO112,995,995,11-12,all',all',_,_,Truncated=Yes
995-10a,_,_,995,11,_,a,a,ADP,_
995-10b,_,_,995,12,_,l',il,DET,_
995-11,BO112,995,995,13,università,università,università,NOUN,_
996-0,BO112,996,996,1,da,da,da,ADP,_
996-1,BO112,996,996,2,"tempo,",tempo,tempo,NOUN,Intonation=weakly_rising
997-0,BO112,997,997,1,però,però,però,ADV,_
997-1,BO112,997,997,2,mi,mi,mi,PRON,_
997-2,BO112,997,997,3,"raccomando,",raccomando,raccomandare,VERB,Intonation=weakly_rising
997-3,BO112,997,997,4,>cioè<,cioè,cioè,CCONJ,_
997-4,BO112,997,997,5,noi,noi,noi,PRON,_
997-5,BO112,997,997,6,facciam,facciam,fare,VERB,_
997-6,BO112,997,997,7,finta,finta,finta,NOUN,_
997-7,BO112,997,997,8,di,di,di,ADP,_
997-8,BO112,997,997,9,"niente,",niente,niente,PRON,Intonation=weakly_rising
998-0,BO112,998,998,1,abbiamo,abbiamo,avere,AUX,_
998-1,BO112,998,998,2,fatto,fatto,fare,VERB,_
998-2,BO112,998,998,3,tutte,tutte,tutto,DET,_
998-3,BO112,998,998,4,le,le,il,DET,_
998-4,BO112,998,998,5,cose,cose,cosa,NOUN,_
998-5,BO112,998,998,6,in,in,in,ADP,_
998-6,BO112,998,998,7,"regola,",regola,regola,NOUN,Intonation=weakly_rising
999-0,BO112,999,999,1,non,non,non,ADV,_
999-1,BO112,999,999,2-3,"dirlo,",dirlo,_,_,Intonation=weakly_rising
999-1a,_,_,999,2,_,dir,dire,VERB,_
999-1b,_,_,999,3,_,lo,lo,PRON,_
999-2,BO112,999,999,4,perché,perché,perché,SCONJ,_
999-3,BO112,999,999,5,non,non,non,ADV,_
999-4,BO112,999,999,6,sta,sta,stare,VERB,_
999-5,BO112,999,999,7,bene.,bene,bene,ADV,Intonation=falling
1000-0,BO112,1000,1000,1,perché,perché,perché,SCONJ,_
1000-1,BO112,1000,1000,2,"ovviamente,",ovviamente,ovviamente,ADV,Intonation=weakly_rising
1001-0,BO112,1001,1001,1,naturalmente,naturalmente,naturalmente,ADV,_
1001-1,BO112,1001,1001,2,anche,anche,anche,ADV,_
1001-2,BO112,1001,1001,3-4,nei,nei,_,_,_
1001-2a,_,_,1001,3,_,in,in,ADP,_
1001-2b,_,_,1001,4,_,i,il,DET,_
1001-3,BO112,1001,1001,5,contesti,contesti,contesto,NOUN,_
1001-4,BO112,1001,1001,6,di,di,di,ADP,_
1001-5,BO112,1001,1001,7,matrimoni,matrimoni,matrimonio,NOUN,_
1001-6,BO112,1001,1001,8,"combinati,",combinati,combinato,ADJ,Intonation=weakly_rising
1001-7,BO112,1001,1001,9,ci,ci,ci,PRON,_
1001-8,BO112,1001,1001,10,sono,sono,essere,VERB,_
1001-9,BO112,1001,1001,11,tante,tante,tanto,DET,_
1001-10,BO112,1001,1001,12,persone,persone,persona,NOUN,_
1001-11,BO112,1001,1001,13,che,che,che,PRON,_
1001-12,BO112,1001,1001,14,non,non,non,ADV,_
1001-13,BO112,1001,1001,15,si,si,si,PRON,_
1001-14,BO112,1001,1001,16,sposano,sposano,sposare,VERB,_
1001-15,BO112,1001,1001,17,con,con,con,ADP,_
1001-16,BO112,1001,1001,18,il,il,il,DET,_
1001-17,BO112,1001,1001,19,matrimonio,matrimonio,matrimonio,NOUN,_
1001-18,BO112,1001,1001,20,combinato.,combinato,combinato,ADJ,Intonation=falling
1001-19,BO112,1001,1001,21,però,però,però,ADV,_
1001-20,BO112,1001,1001,22,questa,questa,questo,PRON,_
1001-21,BO112,1001,1001,23,è,è,essere,AUX,_
1001-22,BO112,1001,1001,24,la,la,il,DET,_
1001-23,BO112,1001,1001,25,concezione,concezione,concezione,NOUN,_
1001-24,BO112,1001,1001,26,xxx,x,x,X,_
1002-0,BO112,1002,1002,1,"quindi,",quindi,quindi,ADV,Intonation=weakly_rising
1003-0,BO112,1003,1003,1,prima,prima,prima,ADV,_
1003-1,BO112,1003,1003,2,di,di,di,ADP,_
1003-2,BO112,1003,1003,3,tutto,tutto,tutto,DET,_
1003-3,BO112,1003,1003,4,punto,punto,punto,PRON,_
1003-4,BO112,1003,1003,5,di,di,di,ADP,_
1003-5,BO112,1003,1003,6,vista,vista,vista,NOUN,_
1003-6,BO112,1003,1003,7,emico.,emico,emico,ADJ,Intonation=falling
1004-0,BO112,1004,1004,1,"secondo,",secondo,secondo,ADV,Intonation=weakly_rising
1004-1,BO112,1004,1004,2,osservazione,osservazione,osservazione,NOUN,_
1004-2,BO112,1004,1004,3,partecipata.,partecipata,partecipato,ADJ,Intonation=falling
1005-0,BO112,1005,1005,1,"terzo,",terzo,terzo,ADV,Intonation=weakly_rising
1005-1,BO112,1005,1005,2,dimensione,dimensione,dimensione,NOUN,_
1005-2,BO112,1005,1005,3,comparativa.,comparativa,comparativo,ADJ,Intonation=falling
1006-0,BO112,1006,1006,1,dimensione,dimensione,dimensione,NOUN,_
1006-1,BO112,1006,1006,2,"comparativa,",comparativa,comparativo,ADJ,Intonation=weakly_rising
1007-0,BO112,1007,1007,1,da,da,da,ADP,_
1007-1,BO112,1007,1007,2,noi,noi,noi,PRON,_
1007-2,BO112,1007,1007,3,il,il,il,DET,_
1007-3,BO112,1007,1007,4,"matrimonio,",matrimonio,matrimonio,NOUN,Intonation=weakly_rising
1007-4,BO112,1007,1007,5,"combinato,",combinato,combinato,ADJ,Intonation=weakly_rising
1007-5,BO112,1007,1007,6,è,è,essere,AUX,_
1007-6,BO112,1007,1007,7,esistito?,esistito,esistire,VERB,Intonation=rising
1008-0,BO112,1008,1008,1,dove,dove,dove,ADV,_
1008-1,BO112,1008,1008,2,come,come,come,ADV,_
1008-2,BO112,1008,1008,3,in,in,in,ADP,_
1008-3,BO112,1008,1008,4,che,che,che,DET,_
1008-4,BO112,1008,1008,5,q~,q~,q~,X,Interrupted=Yes
1008-5,BO112,1008,1008,6,in,in,in,ADP,_
1008-6,BO112,1008,1008,7,quali,quali,quale,DET,_
1008-7,BO112,1008,1008,8,"contesti,",contesti,contesto,NOUN,Intonation=weakly_rising
1008-8,BO112,1008,1008,9,forse,forse,forse,ADV,_
1008-9,BO112,1008,1008,10,gli,gli,il,DET,_
1008-10,BO112,1008,1008,11,storici,storici,storico,NOUN,_
1008-11,BO112,1008,1008,12,sono,sono,essere,AUX,_
1008-12,BO112,1008,1008,13,più,più,più,ADV,_
1009-0,BO112,1009,1009,1,alz~,alz~,alz~,VERB,Interrupted=Yes
1009-1,BO112,1009,1009,2,alzate,alzate,alzare,VERB,_
1009-2,BO112,1009,1009,3,la,la,il,DET,_
1009-3,BO112,1009,1009,4,"mano,",mano,mano,NOUN,Intonation=weakly_rising
1009-4,BO112,1009,1009,5,così,così,così,ADV,_
1009-5,BO112,1009,1009,6,"vedo,",vedo,vedere,VERB,Intonation=weakly_rising
1010-0,BO112,1010,1010,1,prego.,prego,prego,INTJ,Intonation=falling
1010-1,BO112,1010,1010,2,"però,",però,però,ADV,Intonation=weakly_rising
1011-0,BO112,1011,1011,1,non,non,non,ADV,_
1011-1,BO112,1011,1011,2,sento,sento,sentire,VERB,_
1011-2,BO112,1011,1011,3,niente.,niente,niente,PRON,Intonation=falling
1012-0,???,1012,1012,1,a,a,a,ADP,_
1012-1,???,1012,1012,2,parte,parte,parte,NOUN,_
1012-2,???,1012,1012,3,xxx,x,x,X,_
1012-3,???,1012,1012,4,(nobiltà,nobiltà,nobiltà,NOUN,_
1012-4,???,1012,1012,5,"antica),",antica,antico,ADJ,Intonation=weakly_rising
1013-0,BO112,1013,1013,1,la,la,il,DET,_
1013-1,BO112,1013,1013,2,nobiltà,nobiltà,nobiltà,NOUN,_
1013-2,BO112,1013,1013,3,"antica,",antica,antico,ADJ,Intonation=weakly_rising
1014-0,???,1014,1014,0,{interviene_uno_studente_senza_microfono},{interviene_uno_studente_senza_microfono},_,X,_
1015-0,BO112,1015,1015,1,allora,allora,allora,ADV,_
1015-1,BO112,1015,1015,2,parla,parla,parlare,VERB,_
1015-2,BO112,1015,1015,3-4,della,della,_,_,_
1015-2a,_,_,1015,3,_,di,di,ADP,_
1015-2b,_,_,1015,4,_,la,il,DET,_
1015-3,BO112,1015,1015,5,"sicilia,",sicilia,Sicilia,PROPN,Intonation=weakly_rising
1015-4,BO112,1015,1015,6-7,degli,degli,_,_,_
1015-4a,_,_,1015,6,_,di,di,ADP,_
1015-4b,_,_,1015,7,_,gli,il,DET,_
1015-5,BO112,1015,1015,8,inizi,inizi,inizio,NOUN,_
1015-6,BO112,1015,1015,9-10,del,del,_,_,_
1015-6a,_,_,1015,9,_,di,di,ADP,_
1015-6b,_,_,1015,10,_,il,il,DET,_
1015-7,BO112,1015,1015,11,"novecento,",novecento,Novecento,PROPN,Intonation=weakly_rising
1016-0,BO112,1016,1016,1,ma:,ma,ma,CCONJ,_
1016-1,BO112,1016,1016,2,abbiamo,abbiamo,avere,VERB,_
1016-2,BO112,1016,1016,3,fenomeni,fenomeni,fenomeno,NOUN,_
1016-3,BO112,1016,1016,4,anche,anche,anche,ADV,_
1016-4,BO112,1016,1016,5,molto,molto,molto,ADV,_
1016-5,BO112,1016,1016,6,più,più,più,ADV,_
1016-6,BO112,1016,1016,7,recenti.,recenti,recente,ADJ,Intonation=falling
1017-0,BO112,1017,1017,1,ad,ad,a,ADP,_
1017-1,BO112,1017,1017,2,esempio::::,esempio,esempio,NOUN,_
1018-0,BO112,1018,1018,1,io,io,io,PRON,_
1018-1,BO112,1018,1018,2,faccio,faccio,fare,VERB,_
1018-2,BO112,1018,1018,3,"sempre,",sempre,sempre,ADV,Intonation=weakly_rising
1018-3,BO112,1018,1018,4,spesso,spesso,spesso,ADV,_
1018-4,BO112,1018,1018,5,esempi,esempi,esempio,ADJ,_
1018-5,BO112,1018,1018,6,abruzzesi,abruzzesi,abruzzese,ADJ,_
1018-6,BO112,1018,1018,7,perché,perché,perché,SCONJ,_
1018-7,BO112,1018,1018,8,ho,ho,avere,VERB,_
1018-8,BO112,1018,1018,9,un,un,uno,DET,_
1018-9,BO112,1018,1018,10,marito,marito,marito,NOUN,_
1018-10,BO112,1018,1018,11,"abruzzese,",abruzzese,abruzzese,ADJ,Intonation=weakly_rising
1018-11,BO112,1018,1018,12,quindi,quindi,quindi,ADV,_
1019-0,BO112,1019,1019,1,il,il,il,DET,_
1019-1,BO112,1019,1019,2,motivo,motivo,motivo,NOUN,_
1019-2,BO112,1019,1019,3,etnografico,etnografico,etnografico,ADJ,_
1019-3,BO112,1019,1019,4,è,è,essere,AUX,_
1019-4,BO112,1019,1019,5,"questo,",questo,questo,PRON,Intonation=weakly_rising
1020-0,BO112,1020,1020,1,e,e,e,CCONJ,_
1020-1,BO112,1020,1020,2,fino,fino,fino,ADV,_
1020-2,BO112,1020,1020,3,a:::m,am,am,INTJ,_
1021-0,BO112,1021,1021,1,diciamo,diciamo,dire,VERB,_
1021-1,BO112,1021,1021,2,{P},{P},_,_,_
1021-2,BO112,1021,1021,3,un,un,uno,DET,_
1021-3,BO112,1021,1021,4,periodo,periodo,periodo,NOUN,_
1021-4,BO112,1021,1021,5,abbastanza,abbastanza,abbastanza,ADV,_
1021-5,BO112,1021,1021,6,{P},{P},_,_,_
1021-6,BO112,1021,1021,7,relativamente,relativamente,relativamente,ADV,_
1021-7,BO112,1021,1021,8,"recente,",recente,recente,ADJ,Intonation=weakly_rising
1022-0,BO112,1022,1022,1,c',c',ci,PRON,Truncated=Yes
1022-1,BO112,1022,1022,2,erano,erano,essere,VERB,_
1022-2,BO112,1022,1022,3-4,delle,delle,delle,DET,_
1022-3,BO112,1022,1022,5,donne,donne,donna,NOUN,_
1022-4,BO112,1022,1022,6,abruzzesi,abruzzesi,abruzzese,ADJ,_
1022-5,BO112,1022,1022,7,che,che,che,PRON,_
1022-6,BO112,1022,1022,8,"venivano,",venivano,venire,VERB,Intonation=weakly_rising
1023-0,BO112,1023,1023,1,importate,importate,importare,VERB,_
1023-1,BO112,1023,1023,2,in,in,in,ADP,_
1023-2,BO112,1023,1023,3,emilia,emilia,Emilia,PROPN,_
1023-3,BO112,1023,1023,4,"romagna,",romagna,Romagna,PROPN,Intonation=weakly_rising
1024-0,BO112,1024,1024,1,per,per,per,ADP,_
1024-1,BO112,1024,1024,2,matrimoni,matrimoni,matrimonio,NOUN,_
1024-2,BO112,1024,1024,3,con,con,con,ADP,_
1024-3,BO112,1024,1024,4,i,i,il,DET,_
1024-4,BO112,1024,1024,5,contadini,contadini,contadino,NOUN,_
1024-5,BO112,1024,1024,6,"emiliani,",emiliani,emiliano,ADJ,Intonation=weakly_rising
1025-0,BO112,1025,1025,1,perché,perché,perché,SCONJ,_
1025-1,BO112,1025,1025,2,le,le,il,DET,_
1025-2,BO112,1025,1025,3,donne,donne,donna,NOUN,_
1025-3,BO112,1025,1025,4,"emiliane,",emiliane,emiliano,ADJ,Intonation=weakly_rising
1026-0,BO112,1026,1026,1,m:,m,m,INTJ,_
1026-1,BO112,1026,1026,2,erano,erano,essere,AUX,_
1026-2,BO112,1026,1026,3,molto,molto,molto,ADV,_
1026-3,BO112,1026,1026,4,"emancipate,",emancipate,emancipare,VERB,Intonation=weakly_rising
1027-0,BO112,1027,1027,1,non,non,non,ADV,_
1027-1,BO112,1027,1027,2,volevano,volevano,volere,AUX,_
1027-2,BO112,1027,1027,3,rimanere,rimanere,rimanere,VERB,_
1028-0,BO112,1028,1028,1,legate,legate,legare,VERB,_
1028-1,BO112,1028,1028,2-3,alla,alla,_,_,_
1028-1a,_,_,1028,2,_,a,a,ADP,_
1028-1b,_,_,1028,3,_,la,il,DET,_
1028-2,BO112,1028,1028,4,terra.,terra,terra,NOUN,Intonation=falling
1029-0,BO112,1029,1029,1,e,e,e,CCONJ,_
1029-1,BO112,1029,1029,2,"quindi,",quindi,quindi,ADV,Intonation=weakly_rising
1030-0,BO112,1030,1030,1,si,si,si,PRON,_
1030-1,BO112,1030,1030,2,organizzavano,organizzavano,organizzare,VERB,_
1030-2,BO112,1030,1030,3,questi,questi,questo,DET,_
1030-3,BO112,1030,1030,4,matrimoni,matrimoni,matrimonio,NOUN,_
1030-4,BO112,1030,1030,5,combinati,combinati,combinato,ADJ,_
1030-5,BO112,1030,1030,6,con,con,con,ADP,_
1030-6,BO112,1030,1030,7-8,dei,dei,dei,DET,_
1030-7,BO112,1030,1030,9,"sensali,",sensali,sensale,ADJ,Intonation=weakly_rising
1031-0,BO112,1031,1031,1,e,e,e,CCONJ,_
1031-1,BO112,1031,1031,2,{P},{P},_,_,_
1031-2,BO112,1031,1031,3,o~,o~,o~,X,Interrupted=Yes
1031-3,BO112,1031,1031,4,e:,e,e,CCONJ,_
1031-4,BO112,1031,1031,5,attualmente,attualmente,attualmente,ADV,_
1031-5,BO112,1031,1031,6,ci,ci,ci,PRON,_
1031-6,BO112,1031,1031,7,sono,sono,essere,VERB,_
1031-7,BO112,1031,1031,8,{P},{P},_,_,_
1031-8,BO112,1031,1031,9,donne,donne,donna,NOUN,_
1031-9,BO112,1031,1031,10,abruzzesi,abruzzesi,abruzzese,ADJ,_
1031-10,BO112,1031,1031,11,che,che,che,PRON,_
1031-11,BO112,1031,1031,12,>vennero,vennero,venire,VERB,_
1031-12,BO112,1031,1031,13,in,in,in,ADP,_
1031-13,BO112,1031,1031,14,emilia,emilia,Emilia,PROPN,_
1031-14,BO112,1031,1031,15,"romagna<,",romagna,Romagna,PROPN,Intonation=weakly_rising
1031-15,BO112,1031,1031,16,che,che,che,PROPN,_
1031-16,BO112,1031,1031,17,sono,sono,essere,AUX,_
1031-17,BO112,1031,1031,18,venute,venute,venire,VERB,_
1031-18,BO112,1031,1031,19,proprio,proprio,proprio,ADV,_
1031-19,BO112,1031,1031,20,in,in,in,ADP,_
1031-20,BO112,1031,1031,21,questo,questo,questo,DET,_
1031-21,BO112,1031,1031,22,modo.,modo,modo,NOUN,Intonation=falling
1031-22,BO112,1031,1031,23,senza,senza,senza,ADP,_
1031-23,BO112,1031,1031,24,xxx,x,x,X,_
1031-24,BO112,1031,1031,25,{P},{P},_,_,_
1031-25,BO112,1031,1031,26,avere,avere,avere,AUX,_
1031-26,BO112,1031,1031,27,mai,mai,mai,ADV,_
1031-27,BO112,1031,1031,28,visto,visto,vedere,VERB,_
1031-28,BO112,1031,1031,29,prima,prima,prima,ADV,_
1031-29,BO112,1031,1031,30,e,e,e,CCONJ,_
1031-30,BO112,1031,1031,31,si,si,si,PRON,_
1031-31,BO112,1031,1031,32,parla,parla,parlare,VERB,_
1031-32,BO112,1031,1031,33-34,degli,degli,_,_,_
1031-32a,_,_,1031,33,_,di,di,ADP,_
1031-32b,_,_,1031,34,_,gli,il,DET,_
1031-33,BO112,1031,1031,35,anni,anni,anno,NOUN,_
1031-34,BO112,1031,1031,36,settanta.,settanta,settanta,NUM,Intonation=falling
1031-35,BO112,1031,1031,37,mh?,mh,mh,INTJ,Intonation=rising
1032-0,BO112,1032,1032,1,senza,senza,senza,ADP,_
1032-1,BO112,1032,1032,2,avere,avere,avere,AUX,_
1032-2,BO112,1032,1032,3,mai,mai,mai,ADV,_
1032-3,BO112,1032,1032,4,visto,visto,vedere,VERB,_
1032-4,BO112,1032,1032,5,prima,prima,prima,ADV,_
1032-5,BO112,1032,1032,6,il,il,il,DET,_
1032-6,BO112,1032,1032,7,proprio,proprio,proprio,DET,_
1032-7,BO112,1032,1032,8,marito.,marito,marito,NOUN,Intonation=falling
1033-0,BO112,1033,1033,1,quindi,quindi,quindi,ADV,_
1033-1,BO112,1033,1033,2-3,dal,dal,_,_,_
1033-1a,_,_,1033,2,_,da,da,ADP,_
1033-1b,_,_,1033,3,_,il,il,DET,_
1033-2,BO112,1033,1033,4,punto,punto,punto,NOUN,_
1033-3,BO112,1033,1033,5,di,di,di,ADP,_
1033-4,BO112,1033,1033,6,vista,vista,vista,NOUN,_
1033-5,BO112,1033,1033,7,"comparativo,",comparativo,comparativo,ADJ,Intonation=weakly_rising
1033-6,BO112,1033,1033,8,quello,quello,quello,PRON,_
1033-7,BO112,1033,1033,9,che,che,che,PRON,_
1033-8,BO112,1033,1033,10,noi,noi,noi,PRON,_
1033-9,BO112,1033,1033,11,facciamo,facciamo,fare,VERB,_
1033-10,BO112,1033,1033,12,è,è,essere,AUX,_
1034-0,BO112,1034,1034,1,esaminare,esaminare,esaminare,VERB,_
1034-1,BO112,1034,1034,2,un,un,uno,DET,_
1034-2,BO112,1034,1034,3,fenomeno,fenomeno,fenomeno,NOUN,_
1034-3,BO112,1034,1034,4,analogo,analogo,analogo,ADJ,_
1034-4,BO112,1034,1034,5,in,in,in,ADP,_
1034-5,BO112,1034,1034,6,contesti,contesti,contesto,NOUN,_
1034-6,BO112,1034,1034,7,vicini.,vicini,vicino,ADJ,Intonation=falling
1035-0,BO112,1035,1035,1,ed,ed,e,CCONJ,_
1035-1,BO112,1035,1035,2,"ora,",ora,ora,ADV,Intonation=weakly_rising
1036-0,BO112,1036,1036,1,ed,ed,e,CCONJ,_
1036-1,BO112,1036,1036,2,ora,ora,ora,ADV,_
1036-2,BO112,1036,1036,3,a~,a~,a~,X,Interrupted=Yes
1036-3,BO112,1036,1036,4-5,alla,alla,_,_,_
1036-3a,_,_,1036,4,_,a,a,ADP,_
1036-3b,_,_,1036,5,_,la,il,DET,_
1036-4,BO112,1036,1036,6,luce,luce,luce,NOUN,_
1036-5,BO112,1036,1036,7,di,di,di,ADP,_
1036-6,BO112,1036,1036,8,"questo,",questo,questo,PRON,Intonation=weakly_rising
1037-0,BO112,1037,1037,1,analizziamo,analizziamo,analizzare,VERB,_
1037-1,BO112,1037,1037,2,{P},{P},_,_,_
1037-2,BO112,1037,1037,3,questi,questi,questo,DET,_
1037-3,BO112,1037,1037,4,"termini,",termini,termine,NOUN,Intonation=weakly_rising
1037-4,BO112,1037,1037,5,che,che,che,PRON,_
1037-5,BO112,1037,1037,6,{P},{P},_,_,_
1037-6,BO112,1037,1037,7,e:h,eh,eh,INTJ,_
1037-7,BO112,1037,1037,8,sono,sono,essere,AUX,_
1037-8,BO112,1037,1037,9,stati,stati,essere,AUX,_
1037-9,BO112,1037,1037,10,proposti,proposti,proporre,VERB,_
1037-10,BO112,1037,1037,11,da,da,da,ADP,_
1037-11,BO112,1037,1037,12,voi.,voi,voi,PRON,Intonation=falling
1038-0,BO112,1038,1038,1,"allora,",allora,allora,ADV,Intonation=weakly_rising
1039-0,BO112,1039,1039,1,l',l',il,DET,Truncated=Yes
1039-1,BO112,1039,1039,2,antropologo,antropologo,antropologo,NOUN,_
1039-2,BO112,1039,1039,3,non,non,non,ADV,_
1039-3,BO112,1039,1039,4,sfugge,sfugge,sfuggire,VERB,_
1039-4,BO112,1039,1039,5-6,alla,alla,_,_,_
1039-4a,_,_,1039,5,_,a,a,ADP,_
1039-4b,_,_,1039,6,_,la,il,DET,_
1039-5,BO112,1039,1039,7,propria,propria,proprio,DET,_
1039-6,BO112,1039,1039,8,cultura.,cultura,cultura,NOUN,Intonation=falling
1040-0,BO112,1040,1040,1,cioè,cioè,cioè,CCONJ,_
1040-1,BO112,1040,1040,2,non,non,non,ADV,_
1040-2,BO112,1040,1040,3,è,è,essere,VERB,_
1040-3,BO112,1040,1040,4,che,che,che,SCONJ,_
1040-4,BO112,1040,1040,5,"io,",io,io,PRON,Intonation=weakly_rising
1041-0,BO112,1041,1041,1,una,una,uno,DET,_
1041-1,BO112,1041,1041,2,volta,volta,volta,NOUN,_
1041-2,BO112,1041,1041,3,che,che,che,SCONJ,_
1041-3,BO112,1041,1041,4,vado,vado,andare,VERB,_
1041-4,BO112,1041,1041,5-6,nella,nella,_,_,_
1041-4a,_,_,1041,5,_,in,in,ADP,_
1041-4b,_,_,1041,6,_,la,il,DET,_
1041-5,BO112,1041,1041,7,mie,mie,mio,DET,_
1041-6,BO112,1041,1041,8,e~,e~,e~,X,Interrupted=Yes
1041-7,BO112,1041,1041,9-10,nel::,nel,_,_,_
1041-7a,_,_,1041,9,_,in,in,ADP,_
1041-7b,_,_,1041,10,_,il,il,DET,_
1041-8,BO112,1041,1041,11-12,nell',nell',_,_,Truncated=Yes
1041-8a,_,_,1041,11,_,in,in,ADP,_
1041-8b,_,_,1041,12,_,l',il,DET,_
1041-9,BO112,1041,1041,13,india,india,India,PROPN,_
1041-10,BO112,1041,1041,14-15,del,del,_,_,_
1041-10a,_,_,1041,14,_,di,di,ADP,_
1041-10b,_,_,1041,15,_,il,il,DET,_
1041-11,BO112,1041,1041,16,"sud,",sud,Sud,PROPN,Intonation=weakly_rising
1042-0,BO112,1042,1042,1,decido,decido,decidere,VERB,_
1042-1,BO112,1042,1042,2,di,di,di,ADP,_
1042-2,BO112,1042,1042,3,fare,fare,fare,VERB,_
1042-3,BO112,1042,1042,4,un,un,uno,DET,_
1042-4,BO112,1042,1042,5,matrimonio,matrimonio,matrimonio,NOUN,_
1042-5,BO112,1042,1042,6,combinato.,combinato,combinato,ADJ,Intonation=falling
1042-6,BO112,1042,1042,7,eh?,eh,eh,INTJ,Intonation=rising
1043-0,BO112,1043,1043,1,la,la,il,DET,_
1043-1,BO112,1043,1043,2,trasformazione,trasformazione,trasformazione,NOUN,_
1043-2,BO112,1043,1043,3,che,che,che,PRON,_
1043-3,BO112,1043,1043,4,avviene,avviene,avvenire,VERB,_
1043-4,BO112,1043,1043,5-6,dalla,dalla,_,_,_
1043-4a,_,_,1043,5,_,da,da,ADP,_
1043-4b,_,_,1043,6,_,la,il,DET,_
1043-5,BO112,1043,1043,7,conoscenza,conoscenza,conoscenza,NOUN,_
1043-6,BO112,1043,1043,8-9,degli,degli,_,_,_
1043-6a,_,_,1043,8,_,di,di,ADP,_
1043-6b,_,_,1043,9,_,gli,il,DET,_
1043-7,BO112,1043,1043,10,altri,altri,altro,PRON,_
1043-8,BO112,1043,1043,11,non,non,non,ADV,_
1043-9,BO112,1043,1043,12,"significa,",significa,significare,VERB,Intonation=weakly_rising
1044-0,BO112,1044,1044,1,assumere,assumere,assumere,VERB,_
1044-1,BO112,1044,1044,2,{P},{P},_,_,_
1044-2,BO112,1044,1044,3,le,le,il,DET,_
1044-3,BO112,1044,1044,4,pratiche,pratiche,pratica,NOUN,_
1044-4,BO112,1044,1044,5-6,degli,degli,_,_,_
1044-4a,_,_,1044,5,_,di,di,ADP,_
1044-4b,_,_,1044,6,_,gli,il,DET,_
1044-5,BO112,1044,1044,7,altri.,altri,altro,PRON,Intonation=falling
1045-0,BO112,1045,1045,1,significa,significa,significare,VERB,_
1045-1,BO112,1045,1045,2,però,però,però,ADV,_
1045-2,BO112,1045,1045,3,"riflettere,",riflettere,riflettere,VERB,Intonation=weakly_rising
1045-3,BO112,1045,1045,4-5,sulle,sulle,_,_,_
1045-3a,_,_,1045,4,_,su,su,ADP,_
1045-3b,_,_,1045,5,_,le,le,DET,_
1045-4,BO112,1045,1045,6,loro,loro,loro,PRON,_
1045-5,BO112,1045,1045,7,e,e,e,CCONJ,_
1045-6,BO112,1045,1045,8-9,sulle,sulle,_,_,_
1045-6a,_,_,1045,8,_,su,su,ADP,_
1045-6b,_,_,1045,9,_,le,il,DET,_
1045-7,BO112,1045,1045,10,proprie.,proprie,proprio,DET,Intonation=falling
1046-0,BO112,1046,1046,1,cominciamo,cominciamo,cominciare,VERB,_
1046-1,BO112,1046,1046,2,da,da,da,ADP,_
1046-2,BO112,1046,1046,3,falso,falso,falso,ADJ,_
1046-3,BO112,1046,1046,4,e,e,e,CCONJ,_
1046-4,BO112,1046,1046,5,vero.,vero,vero,ADJ,Intonation=falling
1047-0,BO112,1047,1047,1,cosa,cosa,cosa,PRON,_
1047-1,BO112,1047,1047,2,significa,significa,significare,VERB,_
1047-2,BO112,1047,1047,3,falso,falso,falso,ADJ,_
1047-3,BO112,1047,1047,4,e,e,e,CCONJ,_
1047-4,BO112,1047,1047,5,vero?,vero,vero,ADJ,Intonation=rising
1047-5,BO112,1047,1047,6,chi,chi,chi,PRON,_
1047-6,BO112,1047,1047,7,è,è,essere,VERB,_
1047-7,BO112,1047,1047,8,che,che,che,SCONJ,_
1047-8,BO112,1047,1047,9,l',l',lo,PRON,Truncated=Yes
1047-9,BO112,1047,1047,10,aveva,aveva,avere,AUX,_
1047-10,BO112,1047,1047,11,scritto?,scritto,scrivere,VERB,Intonation=rising
1048-0,BO112,1048,1048,1,che,che,che,DET,_
1048-1,BO112,1048,1048,2,cosa,cosa,cosa,NOUN,_
1048-2,BO112,1048,1048,3,intendeva.,intendeva,intendere,VERB,Intonation=falling
1049-0,???,1049,1049,1,si,si,si,PRON,_
1049-1,???,1049,1049,2,presuppone,presuppone,presupporre,VERB,_
1049-2,???,1049,1049,3,che,che,che,SCONJ,_
1049-3,???,1049,1049,4,in,in,in,ADP,_
1049-4,???,1049,1049,5,un,un,uno,DET,_
1049-5,???,1049,1049,6,matrimo~,matrimo~,matrimo~,X,Interrupted=Yes
1050-0,???,1050,1050,1,si,si,si,PRON,_
1050-1,???,1050,1050,2,presuppono,presuppono,presupporre,VERB,_
1050-2,???,1050,1050,3,che,che,che,SCONJ,_
1050-3,???,1050,1050,4,in,in,in,ADP,_
1050-4,???,1050,1050,5,un,un,uno,DET,_
1050-5,???,1050,1050,6,matrimonio,matrimonio,matrimonio,NOUN,_
1050-6,???,1050,1050,7,di,di,di,ADP,_
1050-7,???,1050,1050,8,"amore,",amore,amore,NOUN,Intonation=weakly_rising
1050-8,???,1050,1050,9,ci,ci,ci,PRON,_
1050-9,???,1050,1050,10,sia,sia,essere,VERB,_
1050-10,???,1050,1050,11,l',l',il,DET,Truncated=Yes
1050-11,???,1050,1050,12,amore,amore,amore,NOUN,_
1050-12,???,1050,1050,13,e,e,e,CCONJ,_
1050-13,???,1050,1050,14,quindi,quindi,quindi,ADV,_
1050-14,???,1050,1050,15,che,che,che,SCONJ,_
1050-15,???,1050,1050,16,sia,sia,essere,AUX,_
1050-16,???,1050,1050,17,vero.,vero,vero,ADJ,Intonation=falling
1051-0,???,1051,1051,1,invece,invece,invece,ADV,_
1051-1,???,1051,1051,2,in,in,in,ADP,_
1051-2,???,1051,1051,3,quello,quello,quello,PRON,_
1051-3,???,1051,1051,4,combinato:,combinato,combinato,ADJ,_
1051-4,???,1051,1051,5,sia,sia,essere,AUX,_
1051-5,???,1051,1051,6,falso.,falso,falso,ADJ,Intonation=falling
1052-0,???,1052,1052,1,per,per,per,ADP,_
1052-1,???,1052,1052,2,questo,questo,questo,DET,_
1052-2,???,1052,1052,3,motivo.,motivo,motivo,NOUN,Intonation=falling
1053-0,BO112,1053,1053,1,quindi,quindi,quindi,ADV,_
1053-1,BO112,1053,1053,2,"questo,",questo,questo,PRON,Intonation=weakly_rising
1053-2,BO112,1053,1053,3,in,in,in,ADP,_
1053-3,BO112,1053,1053,4,parte,parte,parte,NOUN,_
1053-4,BO112,1053,1053,5,abbiamo,abbiamo,avere,AUX,_
1053-5,BO112,1053,1053,6,già,già,già,ADV,_
1053-6,BO112,1053,1053,7,risposto,risposto,rispondere,VERB,_
1053-7,BO112,1053,1053,8,perché,perché,perché,SCONJ,_
1054-0,BO112,1054,1054,1,abbiamo,abbiamo,avere,AUX,_
1054-1,BO112,1054,1054,2,visto,visto,vedere,VERB,_
1054-2,BO112,1054,1054,3,come,come,come,ADP,_
1054-3,BO112,1054,1054,4,la,la,il,DET,_
1054-4,BO112,1054,1054,5,concezione,concezione,concezione,NOUN,_
1054-5,BO112,1054,1054,6-7,dell',dell',_,_,Truncated=Yes
1054-5a,_,_,1054,6,_,di,di,ADP,_
1054-5b,_,_,1054,7,_,l',il,DET,_
1054-6,BO112,1054,1054,8,amore,amore,amore,NOUN,_
1054-7,BO112,1054,1054,9,sia,sia,essere,AUX,_
1054-8,BO112,1054,1054,10,diversa.,diversa,diverso,ADJ,Intonation=falling
1054-9,BO112,1054,1054,11,no?,no,no,ADV,Intonation=rising
1055-0,BO112,1055,1055,1,quindi,quindi,quindi,ADV,_
1055-1,BO112,1055,1055,2,quello,quello,quello,PRON,_
1055-2,BO112,1055,1055,3,che,che,che,PRON,_
1055-3,BO112,1055,1055,4,si,si,si,PRON,_
1055-4,BO112,1055,1055,5,"sviluppa,",sviluppa,sviluppare,VERB,Intonation=weakly_rising
1056-0,BO112,1056,1056,1,non,non,non,ADV,_
1056-1,BO112,1056,1056,2,è,è,essere,AUX,_
1056-2,BO112,1056,1056,3,"prima,",prima,prima,ADV,Intonation=weakly_rising
1056-3,BO112,1056,1056,4,ma,ma,ma,CCONJ,_
1056-4,BO112,1056,1056,5,è,è,essere,AUX,_
1056-5,BO112,1056,1056,6,dopo,dopo,dopo,ADP,_
1056-6,BO112,1056,1056,7,il,il,il,DET,_
1056-7,BO112,1056,1056,8,matrimonio.,matrimonio,matrimonio,NOUN,Intonation=falling
1057-0,BO112,1057,1057,1,pericoloso,pericoloso,pericoloso,ADJ,_
1057-1,BO112,1057,1057,2,e,e,e,CCONJ,_
1057-2,BO112,1057,1057,3,utopico.,utopico,utopico,ADJ,Intonation=falling
1058-0,BO112,1058,1058,1,questo,questo,questo,PRON,_
1058-1,BO112,1058,1058,2,mi,mi,mi,PRON,_
1058-2,BO112,1058,1058,3,sembra,sembra,sembrare,VERB,_
1058-3,BO112,1058,1058,4,già,già,già,ADV,_
1058-4,BO112,1058,1058,5,{P},{P},_,_,_
1058-5,BO112,1058,1058,6,che,che,che,SCONJ,_
1058-6,BO112,1058,1058,7,abbia,abbia,avere,VERB,_
1058-7,BO112,1058,1058,8,una,una,uno,DET,_
1058-8,BO112,1058,1058,9,declinazione,declinazione,declinazione,NOUN,_
1058-9,BO112,1058,1058,10,diversa.,diversa,diverso,ADJ,Intonation=falling
1058-10,BO112,1058,1058,11,chi,chi,chi,PRON,_
1058-11,BO112,1058,1058,12,l',l',lo,PRON,Truncated=Yes
1058-12,BO112,1058,1058,13,ha,ha,avere,AUX,_
1058-13,BO112,1058,1058,14,scritto?,scritto,scrivere,VERB,Intonation=rising
1059-0,BO112,1059,1059,1,che,che,che,DET,_
1059-1,BO112,1059,1059,2,cosa,cosa,cosa,NOUN,_
1059-2,BO112,1059,1059,3,significava?,significava,significare,VERB,Intonation=rising
1060-0,???,1060,1060,1,pericoloso,pericoloso,pericoloso,ADJ,_
1060-1,???,1060,1060,2,perché,perché,perché,SCONJ,_
1060-2,???,1060,1060,3,{P},{P},_,_,_
1060-3,???,1060,1060,4,quello,quello,quello,PRON,_
1060-4,???,1060,1060,5,"combinato,",combinato,combinato,ADJ,Intonation=weakly_rising
1061-0,???,1061,1061,1,perché::,perché,perché,SCONJ,_
1061-1,???,1061,1061,2,ci,ci,ci,PRON,_
1061-2,???,1061,1061,3,sono,sono,essere,VERB,_
1061-3,???,1061,1061,4,vari,vari,vario,DET,_
1061-4,???,1061,1061,5,esempi,esempi,esempio,NOUN,_
1061-5,???,1061,1061,6,anche,anche,anche,ADV,_
1061-6,???,1061,1061,7,a,a,a,ADP,_
1061-7,???,1061,1061,8,livello,livello,livello,NOUN,_
1061-8,???,1061,1061,9,storico,storico,storico,ADJ,_
1061-9,???,1061,1061,10,di,di,di,ADP,_
1061-10,???,1061,1061,11,matrimoni,matrimoni,matrimonio,NOUN,_
1061-11,???,1061,1061,12,finiti,finiti,finito,ADJ,_
1061-12,???,1061,1061,13,male,male,male,ADV,_
1061-13,???,1061,1061,14,che,che,che,SCONJ,_
1061-14,???,1061,1061,15,sono,sono,essere,AUX,_
1061-15,???,1061,1061,16,finiti,finiti,finire,VERB,_
1061-16,???,1061,1061,17,con,con,con,ADP,_
1061-17,???,1061,1061,18,faide,faide,faida,NOUN,_
1061-18,???,1061,1061,19,tra,tra,tra,ADP,_
1061-19,???,1061,1061,20,"famiglie,",famiglie,famiglia,NOUN,Intonation=weakly_rising
1062-0,???,1062,1062,1,oppure,oppure,oppure,CCONJ,_
1062-1,???,1062,1062,2,anche:,anche,anche,ADV,_
1063-0,???,1063,1063,1,e::h,eh,eh,INTJ,_
1063-1,???,1063,1063,2,conflitti,conflitti,conflitto,NOUN,_
1063-2,???,1063,1063,3,anche,anche,anche,ADV,_
1063-3,???,1063,1063,4,interni,interni,interno,ADJ,_
1063-4,???,1063,1063,5-6,alla,alla,_,_,_
1063-4a,_,_,1063,5,_,a,a,ADP,_
1063-4b,_,_,1063,6,_,la,il,DET,_
1063-5,???,1063,1063,7,"famiglia,",famiglia,famiglia,NOUN,Intonation=weakly_rising
1064-0,???,1064,1064,1,e::,e,e,CCONJ,_
1064-1,???,1064,1064,2,quindi,quindi,quindi,ADV,_
1064-2,???,1064,1064,3,mi,mi,mi,PRON,_
1064-3,???,1064,1064,4,{P},{P},_,_,_
1064-4,???,1064,1064,5,mi,mi,mi,PRON,_
1064-5,???,1064,1064,6,ricordo,ricordo,ricordare,VERB,_
1064-6,???,1064,1064,7,di,di,di,ADP,_
1064-7,???,1064,1064,8,omicidi,omicidi,omicidio,NOUN,_
1064-8,???,1064,1064,9,e,e,e,CCONJ,_
1064-9,???,1064,1064,10,violenze,violenze,violenza,NOUN,_
1064-10,???,1064,1064,11,anche,anche,anche,ADV,_
1064-11,???,1064,1064,12,in,in,in,ADP,_
1064-12,???,1064,1064,13,"casa,",casa,casa,NOUN,Intonation=weakly_rising
1065-0,???,1065,1065,1,quindi,quindi,quindi,ADV,_
1065-1,???,1065,1065,2,pericoloso,pericoloso,pericoloso,ADJ,_
1065-2,???,1065,1065,3,in,in,in,ADP,_
1065-3,???,1065,1065,4,quella,quella,quello,DET,_
1065-4,???,1065,1065,5,connotazione.,connotazione,connotazione,NOUN,Intonation=falling
1066-0,???,1066,1066,1,utopico,utopico,utopico,ADJ,_
1066-1,???,1066,1066,2,invece,invece,invece,ADV,_
1066-2,???,1066,1066,3,{P},{P},_,_,_
1066-3,???,1066,1066,4,per,per,per,ADP,_
1066-4,???,1066,1066,5,il,il,il,DET,_
1066-5,???,1066,1066,6,matrimonio,matrimonio,matrimonio,NOUN,_
1066-6,???,1066,1066,7,d',d',di,ADP,SpaceAfter=No
1066-7,???,1066,1066,8,amore,amore,amore,NOUN,_
1066-8,???,1066,1066,9,perché::,perché,perché,SCONJ,_
1067-0,???,1067,1067,1,e::hm,ehm,ehm,INTj,_
1068-0,???,1068,1068,1,secondo,secondo,secondo,ADP,_
1068-1,???,1068,1068,2,>diciamo<,diciamo,dire,VERB,_
1068-2,???,1068,1068,3,quella,quella,quello,PRON,_
1068-3,???,1068,1068,4,che,che,che,PRON,_
1068-4,???,1068,1068,5,è,è,essere,AUX,_
1068-5,???,1068,1068,6,stata,stata,essere,AUX,_
1068-6,???,1068,1068,7,diciamo,diciamo,dire,VERB,_
1068-7,???,1068,1068,8,quella,quella,quello,PRON,_
1068-8,???,1068,1068,9,che,che,che,PRON,_
1068-9,???,1068,1068,10,è,è,essere,AUX,_
1068-10,???,1068,1068,11,stata,stata,essere,AUX,_
1068-11,???,1068,1068,12,la,la,il,DET,_
1068-12,???,1068,1068,13,mia,mia,mio,DET,_
1068-13,???,1068,1068,14,"educazione,",educazione,educazione,NOUN,Intonation=weakly_rising
1069-0,???,1069,1069,1,e::h,eh,eh,INTJ,_
1069-1,???,1069,1069,2,a,a,a,ADP,_
1069-2,???,1069,1069,3,"personale,",personale,personale,ADJ,Intonation=weakly_rising
1069-3,???,1069,1069,4,è,è,essere,AUX,_
1069-4,???,1069,1069,5,un,un,uno,DET,_
1069-5,???,1069,1069,6,po',po',poco,ADV,_
1069-6,???,1069,1069,7,una,una,uno,DET,_
1069-7,???,1069,1069,8,favola,favola,favola,NOUN,_
1069-8,???,1069,1069,9,disneiana,disneiana,disneiano,ADJ,_
1069-9,???,1069,1069,10,no?,no,no,ADV,Intonation=rising
1070-0,???,1070,1070,1,no,no,no,ADV,_
1070-1,???,1070,1070,2,è,è,essere,AUX,_
1070-2,???,1070,1070,3,l',l',il,DET,Truncated=Yes
1070-3,???,1070,1070,4,"amore,",amore,amore,NOUN,Intonation=weakly_rising
1071-0,???,1071,1071,1,quindi,quindi,quindi,ADV,_
1071-1,???,1071,1071,2,{P},{P},_,_,_
1071-2,???,1071,1071,3,siccome,siccome,siccome,SCONJ,_
1071-3,???,1071,1071,4,(tutto),tutto,tutto,PRON,_
1071-4,???,1071,1071,5,è,è,essere,AUX,_
1071-5,???,1071,1071,6,[destinato,destinato,destinare,VERB,_
1071-6,???,1071,1071,7,a,a,a,ADP,_
1071-7,???,1071,1071,8,"finire],",finire,finire,VERB,Intonation=weakly_rising
1072-0,BO112,1072,1072,1,[ma,ma,ma,CCONJ,_
1072-1,BO112,1072,1072,2,lei],lei,lei,PRON,_
1072-2,BO112,1072,1072,3,è,è,essere,AUX,_
1072-3,BO112,1072,1072,4,già,già,già,ADV,_
1072-4,BO112,1072,1072,5,così,così,così,ADV,_
1072-5,BO112,1072,1072,6,{P},{P},_,_,_
1072-6,BO112,1072,1072,7,smaccatamente,smaccatamente,smaccatamente,ADV,_
1072-7,BO112,1072,1072,8,cinico,cinico,cinico,ADJ,_
1072-8,BO112,1072,1072,9,che:,che,che,SCONJ,_
1073-0,BO112,1073,1073,1,in,in,in,ADP,_
1073-1,BO112,1073,1073,2,~,~,_,_,_
1073-2,BO112,1073,1073,3,in~,in~,in~,X,Interrupted=Yes
1073-3,BO112,1073,1073,4,{P},{P},_,_,_
1073-4,BO112,1073,1073,5,io,io,io,PRON,_
1073-5,BO112,1073,1073,6,veramente,veramente,veramente,ADV,_
1073-6,BO112,1073,1073,7,non,non,non,ADV,_
1073-7,BO112,1073,1073,8,{P},{P},_,_,_
1073-8,BO112,1073,1073,9,sì.,sì,sì,INTJ,Intonation=falling
1074-0,???,1074,1074,1,e::,e,e,INTJ,_
1075-0,???,1075,1075,1,diciamo,diciamo,dire,VERB,_
1075-1,???,1075,1075,2,che,che,che,SCONJ,_
1075-2,???,1075,1075,3,per,per,per,ADP,_
1075-3,???,1075,1075,4,quanto,quanto,quanto,PRON,_
1075-4,???,1075,1075,5,bello,bello,bello,ADJ,_
1075-5,???,1075,1075,6,"sia,",sia,essere,AUX,Intonation=weakly_rising
1075-6,???,1075,1075,7,e,e,e,CCONJ,_
1075-7,???,1075,1075,8,per,per,per,ADP,_
1075-8,???,1075,1075,9,quanto,quanto,quanto,PRON,_
1075-9,???,1075,1075,10,siamo,siamo,essere,AUX,_
1075-10,???,1075,1075,11,stati,stati,essere,AUX,_
1075-11,???,1075,1075,12,educati,educati,educare,VERB,_
1075-12,???,1075,1075,13,tutti,tutti,tutto,PRON,_
1075-13,???,1075,1075,14,con,con,con,ADP,_
1076-0,???,1076,1076,1,immagino,immagino,immaginare,VERB,_
1076-1,???,1076,1076,2,le,le,il,DET,_
1076-2,???,1076,1076,3,relazioni,relazioni,relazione,NOUN,_
1076-3,???,1076,1076,4,utopiche,utopiche,utopico,ADJ,_
1076-4,???,1076,1076,5,con,con,con,ADP,_
1076-5,???,1076,1076,6,la,la,il,DET,_
1076-6,???,1076,1076,7,"disney,",disney,Diseny,PROPN,Intonation=weakly_rising
1077-0,???,1077,1077,1,tendiamo,tendiamo,tendere,VERB,_
1077-1,???,1077,1077,2,a,a,a,ADP,_
1077-2,???,1077,1077,3,definire,definire,definire,VERB,_
1077-3,???,1077,1077,4,in,in,in,ADP,_
1077-4,???,1077,1077,5,qualche,qualche,qualche,DET,_
1077-5,???,1077,1077,6,modo,modo,modo,NOUN,_
1077-6,???,1077,1077,7,l',l',il,DET,Truncated=Yes
1077-7,???,1077,1077,8,"amore,",amore,amore,NOUN,Intonation=weakly_rising
1077-8,???,1077,1077,9,qualcosa,qualcosa,qualcosa,PRON,_
1077-9,???,1077,1077,10,di:,di,di,ADP,_
1078-0,???,1078,1078,1,e:h,eh,eh,INTJ,_
1078-1,???,1078,1078,2,bello,bello,bello,ADJ,_
1078-2,???,1078,1078,3,da,da,da,ADP,_
1078-3,???,1078,1078,4,"pensare,",pensare,pensare,VERB,Intonation=weakly_rising
1078-4,???,1078,1078,5,ma,ma,ma,CCONJ,_
1078-5,???,1078,1078,6,difficile,difficile,difficile,ADJ,_
1078-6,???,1078,1078,7,da,da,da,ADP,_
1078-7,???,1078,1078,8,attuare.,attuare,attuare,VERB,Intonation=falling
1079-0,???,1079,1079,1,in,in,in,ADP,_
1079-1,???,1079,1079,2,questo,questo,questo,DET,_
1079-2,???,1079,1079,3,senso.,senso,senso,NOUN,Intonation=falling
1080-0,BO112,1080,1080,1,allora,allora,allora,ADV,_
1080-1,BO112,1080,1080,2,il,il,il,DET,_
1080-2,BO112,1080,1080,3,ragionamento,ragionamento,ragionamento,NOUN,_
1080-3,BO112,1080,1080,4,"antropologico,",antropologico,antropologico,ADJ,Intonation=weakly_rising
1080-4,BO112,1080,1080,5,serve,serve,servire,VERB,_
1080-5,BO112,1080,1080,6,a,a,a,ADP,_
1080-6,BO112,1080,1080,7,mettere,mettere,mettere,VERB,_
1081-0,BO112,1081,1081,1,in,in,in,ADP,_
1081-1,BO112,1081,1081,2,discussione,discussione,discussione,NOUN,_
1081-2,BO112,1081,1081,3,queste,queste,questo,DET,_
1081-3,BO112,1081,1081,4,{P},{P},_,_,_
1081-4,BO112,1081,1081,5,attribuzioni.,attribuzioni,attribuzione,NOUN,Intonation=falling
1081-5,BO112,1081,1081,6,no?,no,no,ADV,Intonation=rising
1082-0,BO112,1082,1082,1,abbiamo,abbiamo,avere,AUX,_
1082-1,BO112,1082,1082,2,visto,visto,vedere,VERB,_
1082-2,BO112,1082,1082,3,che,che,che,SCONJ,_
1082-3,BO112,1082,1082,4,è,è,essere,AUX,_
1082-4,BO112,1082,1082,5,un,un,uno,DET,_
1082-5,BO112,1082,1082,6,sapere,sapere,sapere,NOUN,_
1082-6,BO112,1082,1082,7,critco.,critco,critco,NOUN,Intonation=falling
1082-7,BO112,1082,1082,8,quindi,quindi,quindi,ADV,_
1082-8,BO112,1082,1082,9,cominciamo,cominciamo,cominciare,VERB,_
1082-9,BO112,1082,1082,10,a,a,a,ADP,_
1082-10,BO112,1082,1082,11,discutere.,discutere,discutere,VERB,Intonation=falling
1083-0,BO112,1083,1083,1,allora,allora,allora,ADV,_
1083-1,BO112,1083,1083,2,per,per,per,ADP,_
1083-2,BO112,1083,1083,3,esempio,esempio,esempio,NOUN,_
1084-0,BO112,1084,1084,1,questo,questo,questo,PRON,_
1084-1,BO112,1084,1084,2,che,che,che,PRON,_
1084-2,BO112,1084,1084,3,lei,lei,lei,PRON,_
1084-3,BO112,1084,1084,4,ha,ha,avere,AUX,_
1084-4,BO112,1084,1084,5,definito,definito,definire,VERB,_
1084-5,BO112,1084,1084,6,pericoloso.,pericoloso,pericoloso,ADJ,Intonation=falling
1085-0,BO112,1085,1085,1,vogliamo,vogliamo,volere,AUX,_
1085-1,BO112,1085,1085,2-3,lasciarlo,lasciarlo,_,_,_
1085-1a,_,_,1085,2,_,lasciar,lasciare,VERB,_
1085-1b,_,_,1085,3,_,lo,lo,PRON,_
1085-2,BO112,1085,1085,4,solo,solo,solo,ADV,_
1085-3,BO112,1085,1085,5,qua?,qua,qua,ADV,Intonation=rising
1086-0,BO112,1086,1086,1,secondo,secondo,secondo,ADP,_
1086-1,BO112,1086,1086,2,me,me,me,PRON,_
1087-0,???,1087,1087,1,veramente,veramente,veramente,ADV,_
1087-1,???,1087,1087,2,avrei,avrei,avere,AUX,_
1087-2,???,1087,1087,3,voluto,voluto,volere,AUX,_
1087-3,???,1087,1087,4,scrivere,scrivere,scrivere,VERB,_
1087-4,???,1087,1087,5,peggiorativi.,peggiorativi,peggiorativo,NOUN,Intonation=falling
1087-5,???,1087,1087,6,infatti,infatti,infatti,ADV,_
1087-6,???,1087,1087,7-8,nell',nell',_,_,Truncated=Yes
1087-6a,_,_,1087,7,_,in,in,ADP,_
1087-6b,_,_,1087,8,_,l',il,DET,_
1087-7,???,1087,1087,9,altro,altro,altro,PRON,_
1087-8,???,1087,1087,10,avevo,avevo,avere,AUX,_
1087-9,???,1087,1087,11,scritto,scritto,scrivere,VERB,_
1087-10,???,1087,1087,12,matrimonio,matrimonio,matrimonio,NOUN,_
1087-11,???,1087,1087,13,d',d',di,ADP,SpaceAfter=No
1087-12,???,1087,1087,14,amore,amore,amore,NOUN,_
1087-13,???,1087,1087,15,avrei,avrei,avere,AUX,_
1087-14,???,1087,1087,16,voluto,voluto,volere,AUX,_
1087-15,???,1087,1087,17,scrivere,scrivere,scrivere,VERB,_
1087-16,???,1087,1087,18,MOLTO,molto,molto,ADV,Volume=high
1087-17,???,1087,1087,19,pericoloso.,pericoloso,pericoloso,ADJ,Intonation=falling
1088-0,BO112,1088,1088,1,{ride},{ride},_,_,_
1088-1,BO112,1088,1088,2,okay.,okay,okay,INTJ,Intonation=falling
1089-0,BO112,1089,1089,1,d',d',di,ADP,SpaceAfter=No
1089-1,BO112,1089,1089,2,accordo.,accordo,accordo,NOUN,Intonation=falling
1089-2,BO112,1089,1089,3,quindi,quindi,quindi,ADV,_
1089-3,BO112,1089,1089,4,sicuramente,sicuramente,sicuramente,ADV,_
1089-4,BO112,1089,1089,5,cominciamo,cominciamo,cominciare,VERB,_
1089-5,BO112,1089,1089,6,a,a,a,ADP,_
1089-6,BO112,1089,1089,7,vedere,vedere,vedere,VERB,_
1089-7,BO112,1089,1089,8,che,che,che,SCONJ,_
1089-8,BO112,1089,1089,9,{P},{P},_,_,_
1089-9,BO112,1089,1089,10,molti,molti,molto,DET,_
1089-10,BO112,1089,1089,11,aggettivi,aggettivi,aggettivo,NOUN,_
1089-11,BO112,1089,1089,12,possono,possono,potere,AUX,_
1089-12,BO112,1089,1089,13,essere,essere,essere,AUX,_
1090-0,BO112,1090,1090,1,e:,e,e,INTJ,_
1090-1,BO112,1090,1090,2,"utopico,",utopico,utopico,ADJ,Intonation=weakly_rising
1091-0,BO112,1091,1091,1,l',l',il,DET,Truncated=Yes
1091-1,BO112,1091,1091,2,"utopia,",utopia,utopia,NOUN,Intonation=weakly_rising
1092-0,BO112,1092,1092,1,è,è,essere,AUX,_
1092-1,BO112,1092,1092,2,solo,solo,solo,ADV,_
1092-2,BO112,1092,1092,3,di,di,di,ADP,_
1092-3,BO112,1092,1092,4,qua?,qua,qua,NOUN,Intonation=rising
1093-0,???,1093,1093,1,eh,eh,eh,INTJ,_
1093-1,???,1093,1093,2,un,un,uno,DET,_
1093-2,???,1093,1093,3,"combinato,",combinato,combinato,NOUN,Intonation=weakly_rising
1093-3,???,1093,1093,4,non,non,non,ADV,_
1093-4,???,1093,1093,5,è::,è,essere,AUX,_
1093-5,???,1093,1093,6-7,nel,nel,_,_,_
1093-5a,_,_,1093,6,_,in,in,ADP,_
1093-5b,_,_,1093,7,_,il,il,DET,_
1093-6,???,1093,1093,8,lato,lato,lato,NOUN,_
1093-7,???,1093,1093,9,utopico,utopico,utopico,ADJ,_
1093-8,???,1093,1093,10,non,non,non,ADV,_
1093-9,???,1093,1093,11,avrei,avrei,avere,AUX,_
1093-10,???,1093,1093,12,messo,messo,mettere,VERB,_
1093-11,???,1093,1093,13,sotto,sotto,sotto,ADP,_
1093-12,???,1093,1093,14,combinato.,combinato,combinato,ADJ,Intonation=falling
1094-0,???,1094,1094,1,perché::,perché,perché,SCONJ,_
1094-1,???,1094,1094,2,essendo,essendo,essere,AUX,_
1094-2,???,1094,1094,3,organizzato,organizzato,organizzare,VERB,_
1094-3,???,1094,1094,4-5,dalle,dalle,_,_,_
1094-3a,_,_,1094,4,_,da,da,ADP,_
1094-3b,_,_,1094,5,_,le,il,DET,_
1094-4,???,1094,1094,6,"famiglie,",famiglie,famiglia,NOUN,Intonation=weakly_rising
1095-0,???,1095,1095,1,è,è,essere,AUX,_
1095-1,???,1095,1095,2,già,già,già,ADV,_
1095-2,???,1095,1095,3,più,più,più,ADV,_
1095-3,???,1095,1095,4-5,sul,sul,_,_,_
1095-3a,_,_,1095,4,_,su,su,ADP,_
1095-3b,_,_,1095,5,_,il,il,DET,_
1095-4,???,1095,1095,6,piano,piano,piano,NOUN,_
1095-5,???,1095,1095,7,"concreto,",concreto,concreto,ADJ,Intonation=weakly_rising
1095-6,???,1095,1095,8,che,che,che,PRON,_
1095-7,???,1095,1095,9-10,sul,sul,_,_,_
1095-7a,_,_,1095,9,_,su,su,ADP,_
1095-7b,_,_,1095,10,_,il,il,DET,_
1095-8,???,1095,1095,11,piano,piano,piano,NOUN,_
1095-9,???,1095,1095,12,emotivo,emotivo,emotivo,ADJ,_
1095-10,???,1095,1095,13,e:,e,e,INTJ,_
1096-0,???,1096,1096,1,per,per,per,ADP,_
1096-1,???,1096,1096,2,e::,e,e,INTJ,_
1096-2,???,1096,1096,3,cioè,cioè,cioè,CCONJ,_
1096-3,???,1096,1096,4,sono,sono,essere,AUX,_
1096-4,???,1096,1096,5,[cose],cose,cosa,NOUN,_
1096-5,???,1096,1096,6,più,più,più,ADV,_
1096-6,???,1096,1096,7,tradizionali.,tradizionali,tradizionale,ADJ,Intonation=falling
1097-0,BO112,1097,1097,1,[ecco],ecco,ecco,ADV,_
1098-0,BO112,1098,1098,1,ecco,ecco,ecco,ADV,_
1098-1,BO112,1098,1098,2,"questo,",questo,questo,PRON,Intonation=weakly_rising
1098-2,BO112,1098,1098,3,anche,anche,anche,ADV,_
1098-3,BO112,1098,1098,4,questo,questo,questo,PRON,_
1098-4,BO112,1098,1098,5,noi,noi,noi,PRON,_
1098-5,BO112,1098,1098,6,"dobbiamo,",dobbiamo,dovere,AUX,Intonation=weakly_rising
1099-0,BO112,1099,1099,1,e:h,eh,eh,INTJ,_
1099-1,BO112,1099,1099,2,{P},{P},_,_,_
1099-2,BO112,1099,1099,3,decostruire,decostruire,decostruire,VERB,_
1099-3,BO112,1099,1099,4,quest',quest',questo,DET,Truncated=Yes
1099-4,BO112,1099,1099,5,immagine.,immagine,immagine,NOUN,Intonation=falling
1100-0,BO112,1100,1100,1,cioè,cioè,cioè,CCONJ,_
1100-1,BO112,1100,1100,2,il,il,il,DET,_
1100-2,BO112,1100,1100,3,fatto,fatto,fatto,NOUN,_
1100-3,BO112,1100,1100,4,"che,",che,che,SCONJ,Intonation=weakly_rising
1100-4,BO112,1100,1100,5,il,il,il,DET,_
1100-5,BO112,1100,1100,6,fa~,fa~,fa~,X,Interrupted=Yes
1100-6,BO112,1100,1100,7,il,il,il,DET,_
1100-7,BO112,1100,1100,8,fatto,fatto,fatto,NOUN,_
1100-8,BO112,1100,1100,9,che,che,che,SCONJ,_
1100-9,BO112,1100,1100,10,il,il,il,DET,_
1100-10,BO112,1100,1100,11,matrimonio,matrimonio,matrimonio,NOUN,_
1100-11,BO112,1100,1100,12,combinato,combinato,combinato,ADJ,_
1100-12,BO112,1100,1100,13,sia,sia,essere,AUX,_
1100-13,BO112,1100,1100,14,organizzato,organizzato,organizzare,VERB,_
1100-14,BO112,1100,1100,15-16,dalle,dalle,_,_,_
1100-14a,_,_,1100,15,_,da,da,ADP,_
1100-14b,_,_,1100,16,_,le,il,DET,_
1100-15,BO112,1100,1100,17,famiglie,famiglie,famiglia,NOUN,_
1100-16,BO112,1100,1100,18,non,non,non,ADV,_
1100-17,BO112,1100,1100,19,toglie,toglie,togliere,VERB,_
1100-18,BO112,1100,1100,20,nulla,nulla,nulla,PRON,_
1101-0,BO112,1101,1101,1-2,alla,alla,_,_,_
1101-0a,_,_,1101,1,_,a,a,ADP,_
1101-0b,_,_,1101,2,_,la,il,DET,_
1101-1,BO112,1101,1101,3,"emotività,",emotività,emotività,NOUN,Intonation=weakly_rising
1102-0,BO112,1102,1102,1,preoccupazioni,preoccupazioni,preoccupazione,NOUN,_
1102-1,BO112,1102,1102,2,relativamente:,relativamente,relativamente,ADV,_
1103-0,BO112,1103,1103,1-2,alla:,alla,_,_,_
1103-0a,_,_,1103,1,_,a,a,ADP,_
1103-0b,_,_,1103,2,_,la,il,DET,_
1103-1,BO112,1103,1103,3,non,non,non,ADV,_
1103-2,BO112,1103,1103,4,so,so,sapere,VERB,_
1103-3,BO112,1103,1103,5-6,alle,alle,_,_,_
1103-3a,_,_,1103,5,_,a,a,ADP,_
1103-3b,_,_,1103,6,_,le,il,DET,_
1103-4,BO112,1103,1103,7,pratiche,pratiche,pratica,NOUN,_
1103-5,BO112,1103,1103,8,"sessuali,",sessuali,sessuale,ADJ,Intonation=weakly_rising
1104-0,BO112,1104,1104,1-2,all',all',_,_,Truncated=Yes
1104-0a,_,_,1104,1,_,a,a,ADP,_
1104-0b,_,_,1104,2,_,l',il,DET,_
1104-1,BO112,1104,1104,3,estetica,estetica,estetica,NOUN,_
1104-2,BO112,1104,1104,4-5,del,del,_,_,_
1104-2a,_,_,1104,4,_,di,di,ADP,_
1104-2b,_,_,1104,5,_,il,il,DET,_
1104-3,BO112,1104,1104,6,"matrimonio,",matrimonio,matrimonio,NOUN,Intonation=weakly_rising
1105-0,BO112,1105,1105,1,a,a,a,ADP,_
1105-1,BO112,1105,1105,2,quello,quello,quello,PRON,_
1105-2,BO112,1105,1105,3,che,che,che,PRON,_
1105-3,BO112,1105,1105,4,"succederà,",succederà,succedere,VERB,Intonation=weakly_rising
1105-4,BO112,1105,1105,5,eh?,eh,eh,INTJ,Intonation=rising
1106-0,BO112,1106,1106,1,non,non,non,ADV,_
1106-1,BO112,1106,1106,2,non,non,non,ADV,_
1106-2,BO112,1106,1106,3,toglie,toglie,togliere,VERB,_
1106-3,BO112,1106,1106,4,"niente,",niente,niente,PRON,Intonation=weakly_rising
1107-0,BO112,1107,1107,1,e,e,e,CCONJ,_
1107-1,BO112,1107,1107,2,"se,",se,se,SCONJ,Intonation=weakly_rising
1107-2,BO112,1107,1107,3,una,una,uno,DET,_
1107-3,BO112,1107,1107,4,buona,buona,buono,ADJ,_
1107-4,BO112,1107,1107,5,strategia,strategia,strategia,NOUN,_
1107-5,BO112,1107,1107,6,per,per,per,ADP,_
1107-6,BO112,1107,1107,7,"entrare,",entrare,entrare,VERB,Intonation=weakly_rising
1107-7,BO112,1107,1107,8-9,dal,dal,_,_,_
1107-7a,_,_,1107,8,_,da,da,ADP,_
1107-7b,_,_,1107,9,_,il,il,DET,_
1107-8,BO112,1107,1107,10,punto,punto,punto,NOUN,_
1107-9,BO112,1107,1107,11,di,di,di,ADP,_
1107-10,BO112,1107,1107,12,vista,vista,vista,NOUN,_
1107-11,BO112,1107,1107,13,emico,emico,emico,ADJ,_
1107-12,BO112,1107,1107,14,per,per,per,ADP,_
1107-13,BO112,1107,1107,15,"esempio,",esempio,esempio,NOUN,Intonation=weakly_rising
1107-14,BO112,1107,1107,16,è,è,essere,AUX,_
1107-15,BO112,1107,1107,17,leggere,leggere,leggere,VERB,_
1107-16,BO112,1107,1107,18,i,i,il,DET,_
1107-17,BO112,1107,1107,19,romanzi.,romanzi,romanzo,NOUN,Intonation=falling
1108-0,BO112,1108,1108,1,no?,no,no,ADV,Intonation=rising
1108-1,BO112,1108,1108,2,che,che,che,SCONJ,_
1108-2,BO112,1108,1108,3,raccontino,raccontino,raccontare,VERB,_
1108-3,BO112,1108,1108,4,di,di,di,ADP,_
1108-4,BO112,1108,1108,5,matrimoni,matrimoni,matrimonio,NOUN,_
1108-5,BO112,1108,1108,6,combinati.,combinati,combinato,ADJ,Intonation=falling
1109-0,BO112,1109,1109,1,e,e,e,CCONJ,_
1109-1,BO112,1109,1109,2,vi,vi,vi,ADV,_
1109-2,BO112,1109,1109,3,accorgerete,accorgerete,accorgere,VERB,_
1109-3,BO112,1109,1109,4,che,che,che,PRON,_
1109-4,BO112,1109,1109,5,c',c',ci,PRON,Truncated=Yes
1109-5,BO112,1109,1109,6,è,è,essere,VERB,_
1109-6,BO112,1109,1109,7,un,un,uno,DET,_
1109-7,BO112,1109,1109,8,enorme,enorme,enorme,ADJ,_
1109-8,BO112,1109,1109,9,pathos,pathos,pathos,NOUN,_
1110-0,BO112,1110,1110,1,anche,anche,anche,ADV,_
1110-1,BO112,1110,1110,2,in,in,in,ADP,_
1110-2,BO112,1110,1110,3,questi.,questi,questo,DET,Intonation=falling
1110-3,BO112,1110,1110,4,mh?,mh,mh,INTJ,Intonation=rising
1111-0,BO112,1111,1111,1,e,e,e,CCONJ,_
1111-1,BO112,1111,1111,2,quindi,quindi,quindi,ADV,_
1111-2,BO112,1111,1111,3,anche,anche,anche,ADV,_
1111-3,BO112,1111,1111,4-5,dal,dal,_,_,_
1111-3a,_,_,1111,4,_,da,da,ADP,_
1111-3b,_,_,1111,5,_,il,il,DET,_
1111-4,BO112,1111,1111,6,punto,punto,punto,NOUN,_
1111-5,BO112,1111,1111,7,di,di,di,ADP,_
1111-6,BO112,1111,1111,8,vista,vista,vista,NOUN,_
1111-7,BO112,1111,1111,9-10,dell',dell',_,_,Truncated=Yes
1111-7a,_,_,1111,9,_,di,di,ADP,_
1111-7b,_,_,1111,10,_,l',il,DET,_
1111-8,BO112,1111,1111,11,"utopia,",utopia,utopia,NOUN,Intonation=weakly_rising
1112-0,BO112,1112,1112,1,non,non,non,ADV,_
1112-1,BO112,1112,1112,2,si,si,si,PRON,_
1112-2,BO112,1112,1112,3,sottraggono.,sottraggono,sottrarre,VERB,Intonation=falling
1112-3,BO112,1112,1112,4,perché,perché,perché,SCONJ,_
1112-4,BO112,1112,1112,5,comunque,comunque,comunque,ADV,_
1112-5,BO112,1112,1112,6,l',l',il,DET,Truncated=Yes
1112-6,BO112,1112,1112,7,immaginario,immaginario,immaginario,NOUN,_
1112-7,BO112,1112,1112,8,è,è,essere,AUX,_
1112-8,BO112,1112,1112,9,l',l',il,DET,Truncated=Yes
1112-9,BO112,1112,1112,10,opposto,opposto,opposto,NOUN,_
1112-10,BO112,1112,1112,11-12,del,del,_,_,_
1112-10a,_,_,1112,11,_,di,di,ADP,_
1112-10b,_,_,1112,12,_,il,il,DET,_
1112-11,BO112,1112,1112,13,nostro,nostro,nostro,PRON,_
1112-12,BO112,1112,1112,14,ma,ma,ma,CCONJ,_
1112-13,BO112,1112,1112,15,{P},{P},_,_,_
1112-14,BO112,1112,1112,16,è,è,essere,AUX,_
1112-15,BO112,1112,1112,17,uguale.,uguale,uguale,ADJ,Intonation=falling
1113-0,BO112,1113,1113,1,perché,perché,perché,SCONJ,_
1113-1,BO112,1113,1113,2,{P},{P},_,_,_
1113-2,BO112,1113,1113,3,noi,noi,noi,PRON,_
1113-3,BO112,1113,1113,4,immaginiamo,immaginiamo,immaginare,VERB,_
1113-4,BO112,1113,1113,5,che,che,che,SCONJ,_
1113-5,BO112,1113,1113,6,il,il,il,DET,_
1113-6,BO112,1113,1113,7,matrimonio,matrimonio,matrimonio,NOUN,_
1113-7,BO112,1113,1113,8,d',d',di,ADP,SpaceAfter=No
1113-8,BO112,1113,1113,9,amore,amore,amore,NOUN,_
1113-9,BO112,1113,1113,10,"funzioni,",funzioni,funzionare,VERB,Intonation=weakly_rising
1114-0,BO112,1114,1114,1,insomma,insomma,insomma,ADV,_
1115-0,BO112,1115,1115,1,"e,",e,e,CCONJ,Intonation=weakly_rising
1115-1,BO112,1115,1115,2,loro,loro,loro,PRON,_
1115-2,BO112,1115,1115,3,immaginano,immaginano,immaginare,VERB,_
1115-3,BO112,1115,1115,4,che,che,che,SCONJ,_
1115-4,BO112,1115,1115,5,il,il,il,DET,_
1115-5,BO112,1115,1115,6,matrimonio,matrimonio,matrimonio,NOUN,_
1115-6,BO112,1115,1115,7,combinato,combinato,combinato,ADJ,_
1115-7,BO112,1115,1115,8,funzioni.,funzioni,funzionare,VERB,Intonation=falling
1115-8,BO112,1115,1115,9-10,sul,sul,_,_,_
1115-8a,_,_,1115,9,_,su,su,ADP,_
1115-8b,_,_,1115,10,_,il,il,DET,_
1115-9,BO112,1115,1115,11,"funzionamento,",funzionamento,funzionamento,NOUN,Intonation=weakly_rising
1115-10,BO112,1115,1115,12,difatti,difatti,difatti,CCONJ,_
1115-11,BO112,1115,1115,13,"loro,",loro,loro,PRON,Intonation=weakly_rising
1116-0,BO112,1116,1116,1,adesso,adesso,adesso,ADV,_
1116-1,BO112,1116,1116,2,ci,ci,ci,PRON,_
1116-2,BO112,1116,1116,3,arriviamo.,arriviamo,arrivare,VERB,Intonation=falling
1117-0,BO112,1117,1117,1,forzato,forzato,forzato,ADJ,_
1117-1,BO112,1117,1117,2,e,e,e,CCONJ,_
1117-2,BO112,1117,1117,3,"felice,",felice,felice,ADJ,Intonation=weakly_rising
1118-0,BO112,1118,1118,1,chi,chi,chi,PRON,_
1118-1,BO112,1118,1118,2,l',l',lo,PRON,Truncated=Yes
1118-2,BO112,1118,1118,3,avrà,avrà,avere,AUX,_
1118-3,BO112,1118,1118,4,scritto,scritto,scrivere,VERB,_
1118-4,BO112,1118,1118,5,"questo,",questo,questo,PRON,Intonation=weakly_rising
1119-0,BO112,1119,1119,1,prego.,prego,prego,INTJ,Intonation=falling
1120-0,BO112,1120,1120,1,allora,allora,allora,ADV,_
1120-1,BO112,1120,1120,2,"felice,",felice,felice,ADJ,Intonation=weakly_rising
1121-0,BO112,1121,1121,1,sappiamo,sappiamo,sapere,VERB,_
1121-1,BO112,1121,1121,2,che,che,che,SCONJ,_
1121-2,BO112,1121,1121,3,può,può,potere,AUX,_
1121-3,BO112,1121,1121,4,essere,essere,essere,AUX,_
1122-0,BO112,1122,1122,1,abbiamo,abbiamo,avere,AUX,_
1122-1,BO112,1122,1122,2,scoperto,scoperto,scoprire,VERB,_
1122-2,BO112,1122,1122,3,attraverso,attraverso,attraverso,ADP,_
1122-3,BO112,1122,1122,4,l',l',il,DET,Truncated=Yes
1122-4,BO112,1122,1122,5,analisi,analisi,analisi,NOUN,_
1122-5,BO112,1122,1122,6,"antropologica,",antropologica,antropologico,ADJ,Intonation=weakly_rising
1122-6,BO112,1122,1122,7,siamo,siamo,essere,AUX,_
1122-7,BO112,1122,1122,8,"partiti,",partiti,partire,VERB,Intonation=weakly_rising
1122-8,BO112,1122,1122,9,pensavamo,pensavamo,pensare,VERB,_
1122-9,BO112,1122,1122,10,che,che,che,SCONJ,_
1122-10,BO112,1122,1122,11,i,i,il,DET,_
1122-11,BO112,1122,1122,12,matrimoni,matrimoni,matrimonio,NOUN,_
1122-12,BO112,1122,1122,13,combinati,combinati,combinato,ADJ,_
1122-13,BO112,1122,1122,14,fossero,fossero,essere,AUX,_
1123-0,BO112,1123,1123,1,tutti,tutti,tutto,PRON,_
1123-1,BO112,1123,1123,2,"infelici,",infelici,infelice,ADJ,Intonation=weakly_rising
1124-0,BO112,1124,1124,1,abbiamo,abbiamo,avere,AUX,_
1124-1,BO112,1124,1124,2,scoperto,scoperto,scoprire,VERB,_
1124-2,BO112,1124,1124,3,attrverso,attrverso,attrverso,ADP,_
1124-3,BO112,1124,1124,4,{P},{P},_,_,_
1124-4,BO112,1124,1124,5,l',l',il,DET,Truncated=Yes
1124-5,BO112,1124,1124,6,analisi,analisi,analisi,NOUN,_
1124-6,BO112,1124,1124,7-8,del,del,_,_,_
1124-6a,_,_,1124,7,_,di,di,ADP,_
1124-6b,_,_,1124,8,_,il,il,DET,_
1124-7,BO112,1124,1124,9,punto,punto,punto,NOUN,_
1124-8,BO112,1124,1124,10,di,di,di,ADP,_
1124-9,BO112,1124,1124,11,vista,vista,vista,NOUN,_
1124-10,BO112,1124,1124,12,etico,etico,etico,ADJ,_
1124-11,BO112,1124,1124,13-14,dell',dell',_,_,Truncated=Yes
1124-11a,_,_,1124,13,_,di,di,ADP,_
1124-11b,_,_,1124,14,_,l',il,DET,_
1124-12,BO112,1124,1124,15,osservazione,osservazione,osservazione,NOUN,_
1124-13,BO112,1124,1124,16,partecipante,partecipante,partecipante,ADJ,_
1124-14,BO112,1124,1124,17,che,che,che,PRON,_
1124-15,BO112,1124,1124,18,non,non,non,ADV,_
1124-16,BO112,1124,1124,19,è,è,essere,AUX,_
1124-17,BO112,1124,1124,20,vero.,vero,vero,ADJ,Intonation=falling
1125-0,BO112,1125,1125,1,che,che,che,SCONJ,_
1125-1,BO112,1125,1125,2,c',c',ci,PRON,Truncated=Yes
1125-2,BO112,1125,1125,3,è,è,essere,VERB,_
1125-3,BO112,1125,1125,4,tanta,tanta,tanto,DET,_
1125-4,BO112,1125,1125,5,gente,gente,gente,NOUN,_
1125-5,BO112,1125,1125,6,che,che,che,PRON,_
1125-6,BO112,1125,1125,7,con,con,con,ADP,_
1125-7,BO112,1125,1125,8,i,i,il,DET,_
1125-8,BO112,1125,1125,9,matrimoni,matrimoni,matrimonio,NOUN,_
1125-9,BO112,1125,1125,10,combinati,combinati,combinato,ADJ,_
1125-10,BO112,1125,1125,11,è,è,essere,AUX,_
1125-11,BO112,1125,1125,12,ben,ben,bene,ADV,_
1125-12,BO112,1125,1125,13,felice.,felice,felice,ADJ,Intonation=falling
1125-13,BO112,1125,1125,14,mh?,mh,mh,INTJ,Intonation=rising
1126-0,BO112,1126,1126,1,"e,",e,e,CCONJ,Intonation=weakly_rising
1126-1,BO112,1126,1126,2,la,la,il,DET,_
1126-2,BO112,1126,1126,3,"forzatura,",forzatura,forzatura,NOUN,Intonation=weakly_rising
1127-0,BO112,1127,1127,1,abbiamo,abbiamo,avere,AUX,_
1127-1,BO112,1127,1127,2,scoperto,scoperto,scoprire,VERB,_
1127-2,BO112,1127,1127,3,che,che,che,SCONJ,_
1127-3,BO112,1127,1127,4,in,in,in,ADP,_
1127-4,BO112,1127,1127,5,realtà,realtà,realtà,NOUN,_
1127-5,BO112,1127,1127,6-7,nel,nel,_,_,_
1127-5a,_,_,1127,6,_,in,in,ADP,_
1127-5b,_,_,1127,7,_,il,il,DET,_
1127-6,BO112,1127,1127,8,nostro,nostro,nostro,DET,_
1127-7,BO112,1127,1127,9,"immaginario,",immaginario,immaginario,NOUN,Intonation=weakly_rising
1128-0,BO112,1128,1128,1,è:,è,essere,AUX,_
1128-1,BO112,1128,1128,2,e,e,e,CCONJ,_
1128-2,BO112,1128,1128,3,soprattutto,soprattutto,soprattutto,ADV,_
1128-3,BO112,1128,1128,4,legato,legato,legare,VERB,_
1128-4,BO112,1128,1128,5,a,a,a,ADP,_
1128-5,BO112,1128,1128,6,quei,quei,quello,DET,_
1128-6,BO112,1128,1128,7,fenomeni,fenomeni,fenomeno,NOUN,_
1128-7,BO112,1128,1128,8,"estremi,",estremi,estremo,ADJ,Intonation=weakly_rising
1129-0,BO112,1129,1129,1,che,che,che,PRON,_
1129-1,BO112,1129,1129,2,non,non,non,ADV,_
1129-2,BO112,1129,1129,3,riguardano,riguardano,riguardare,VERB,_
1129-3,BO112,1129,1129,4,la,la,il,DET,_
1129-4,BO112,1129,1129,5,maggior,maggior,maggiore,ADJ,_
1129-5,BO112,1129,1129,6,parte,parte,parte,NOUN,_
1129-6,BO112,1129,1129,7-8,della,della,_,_,_
1129-6a,_,_,1129,7,_,di,di,ADP,_
1129-6b,_,_,1129,8,_,la,il,DET,_
1129-7,BO112,1129,1129,9,società.,società,società,NOUN,Intonation=falling
1130-0,BO112,1130,1130,1,ci,ci,ci,PRON,_
1130-1,BO112,1130,1130,2,sono.,sono,essere,VERB,Intonation=falling
1131-0,BO112,1131,1131,1,noi,noi,noi,PRON,_
1131-1,BO112,1131,1131,2,t~,t~,t~,X,Interrupted=Yes
1131-2,BO112,1131,1131,3,li,li,li,PRON,_
1131-3,BO112,1131,1131,4,teniamo,teniamo,tenere,VERB,_
1131-4,BO112,1131,1131,5,"presente,",presente,presente,ADJ,Intonation=weakly_rising
1131-5,BO112,1131,1131,6,ma,ma,ma,CCONJ,_
1131-6,BO112,1131,1131,7,non,non,non,ADV,_
1131-7,BO112,1131,1131,8,sono,sono,essere,AUX,_
1131-8,BO112,1131,1131,9,la,la,il,DET,_
1131-9,BO112,1131,1131,10,classe,classe,classe,NOUN,_
1131-10,BO112,1131,1131,11-12,del,del,_,_,_
1131-10a,_,_,1131,11,_,di,di,ADP,_
1131-10b,_,_,1131,12,_,il,il,DET,_
1131-11,BO112,1131,1131,13,matrimonio,matrimonio,matrimonio,NOUN,_
1131-12,BO112,1131,1131,14,combinato.,combinato,combinato,ADJ,Intonation=falling
1132-0,???,1132,1132,1,si,si,si,PRON,_
1132-1,???,1132,1132,2,a,a,a,ADP,_
1132-2,???,1132,1132,3,me,me,me,PRON,_
1132-3,???,1132,1132,4,veniva,veniva,venire,VERB,_
1132-4,???,1132,1132,5,da::,da,da,ADP,_
1132-5,???,1132,1132,6,pensare,pensare,pensare,VERB,_
1133-0,???,1133,1133,1,e::h,eh,eh,INTJ,_
1133-1,???,1133,1133,2-3,ai,ai,_,_,_
1133-1a,_,_,1133,2,_,a,a,ADP,_
1133-1b,_,_,1133,3,_,i,il,DET,_
1133-2,???,1133,1133,4,matrimoni:,matrimoni,matrimonio,NOUN,_
1133-3,???,1133,1133,5,durante,durante,durante,ADP,_
1133-4,???,1133,1133,6,il,il,il,DET,_
1133-5,???,1133,1133,7,medioevo,medioevo,medioevo,NOUN,_
1133-6,???,1133,1133,8,per,per,per,ADP,_
1133-7,???,1133,1133,9,esempio.,esempio,esempio,NOUN,Intonation=falling
1134-0,???,1134,1134,1,"cioè,",cioè,cioè,CCONJ,Intonation=weakly_rising
1134-1,???,1134,1134,2,era,era,essere,AUX,_
1134-2,???,1134,1134,3,raro,raro,raro,ADJ,_
1134-3,???,1134,1134,4,che,che,che,SCONJ,_
1134-4,???,1134,1134,5,fossero,fossero,essere,AUX,_
1134-5,???,1134,1134,6,per,per,per,ADP,_
1134-6,???,1134,1134,7,amore.,amore,amore,NOUN,Intonation=falling
1135-0,???,1135,1135,1,"spesso,",spesso,spesso,ADV,Intonation=weakly_rising
1136-0,???,1136,1136,1,e:h,eh,eh,INTJ,_
1136-1,???,1136,1136,2,non,non,non,ADV,_
1136-2,???,1136,1136,3,si,si,si,PRON,_
1136-3,???,1136,1136,4,amavano,amavano,amare,VERB,_
1136-4,???,1136,1136,5,le,le,il,DET,_
1136-5,???,1136,1136,6,due:,due,due,NUM,_
1137-0,???,1137,1137,1,diciamo,diciamo,dire,VERB,_
1137-1,???,1137,1137,2,marito,marito,marito,NOUN,_
1137-2,???,1137,1137,3,e,e,e,CCONJ,_
1137-3,???,1137,1137,4,moglie.,moglie,moglie,NOUN,Intonation=falling
1137-4,???,1137,1137,5,"quindi,",quindi,quindi,ADV,Intonation=weakly_rising
1138-0,???,1138,1138,1,ed,ed,e,CCONJ,_
1138-1,???,1138,1138,2,era,era,essere,AUX,_
1138-2,???,1138,1138,3,tutt',tutt',tutt',PRON,Truncated=Yes
1138-3,???,1138,1138,4,altro,altro,altro,PRON,_
1138-4,???,1138,1138,5,che,che,che,SCONJ,_
1138-5,???,1138,1138,6,occasionale,occasionale,occasionale,ADJ,_
1138-6,???,1138,1138,7,>cioè<,cioè,cioè,CCONJ,_
1138-7,???,1138,1138,8,erano,erano,essere,AUX,_
1138-8,???,1138,1138,9,quasi,quasi,quasi,ADV,_
1138-9,???,1138,1138,10,la,la,il,DET,_
1138-10,???,1138,1138,11,norma,norma,norma,NOUN,_
1138-11,???,1138,1138,12,durante:,durante,durante,ADP,_
1138-12,???,1138,1138,13,il,il,il,DET,_
1138-13,???,1138,1138,14,medioevo.,medioevo,medioevo,NOUN,Intonation=falling
1138-14,???,1138,1138,15,quindi,quindi,quindi,ADV,_
1139-0,BO112,1139,1139,1,ma,ma,ma,CCONJ,_
1139-1,BO112,1139,1139,2,perché?,perché,perché,ADV,Intonation=rising
1140-0,BO112,1140,1140,1,perché,perché,perché,SCONJ,_
1140-1,BO112,1140,1140,2,{P},{P},_,_,_
1140-2,BO112,1140,1140,3,perché,perché,perché,SCONJ,_
1140-3,BO112,1140,1140,4,il,il,il,DET,_
1140-4,BO112,1140,1140,5,"matrimonio,",matrimonio,matrimonio,NOUN,Intonation=weakly_rising
1141-0,BO112,1141,1141,1,non,non,non,ADV,_
1141-1,BO112,1141,1141,2,è,è,essere,AUX,_
1141-2,BO112,1141,1141,3,{P},{P},_,_,_
1141-3,BO112,1141,1141,4,il,il,il,DET,_
1141-4,BO112,1141,1141,5,coronamento,coronamento,coronamento,NOUN,_
1141-5,BO112,1141,1141,6,di,di,di,ADP,_
1141-6,BO112,1141,1141,7,un,un,uno,DET,_
1141-7,BO112,1141,1141,8,sogno,sogno,sogno,NOUN,_
1141-8,BO112,1141,1141,9,d',d',di,ADP,SpaceAfter=No
1141-9,BO112,1141,1141,10,amore.,amore,amore,NOUN,Intonation=falling
1142-0,BO112,1142,1142,1,è,è,essere,AUX,_
1142-1,BO112,1142,1142,2,un,un,uno,DET,_
1142-2,BO112,1142,1142,3,patto,patto,patto,NOUN,_
1142-3,BO112,1142,1142,4,sociale.,sociale,sociale,ADJ,Intonation=falling
1143-0,BO112,1143,1143,1,tra,tra,tra,ADP,_
1143-1,BO112,1143,1143,2,due,due,due,NUM,_
1143-2,BO112,1143,1143,3,"individui,",individui,individuo,NOUN,Intonation=weakly_rising
1143-3,BO112,1143,1143,4,volto,volto,volgere,VERB,_
1143-4,BO112,1143,1143,5-6,alla,alla,_,_,_
1143-4a,_,_,1143,5,_,a,a,ADP,_
1143-4b,_,_,1143,6,_,la,il,DET,_
1143-5,BO112,1143,1143,7,"riproduzione,",riproduzione,riproduzione,NOUN,Intonation=weakly_rising
1144-0,BO112,1144,1144,1,legittima.,legittima,legittimo,ADJ,Intonation=falling
1145-0,BO112,1145,1145,1,quindi,quindi,quindi,ADV,_
1145-1,BO112,1145,1145,2,l',l',il,DET,Truncated=Yes
1145-2,BO112,1145,1145,3,idea,idea,idea,NOUN,_
1145-3,BO112,1145,1145,4-5,del,del,_,_,_
1145-3a,_,_,1145,4,_,di,di,ADP,_
1145-3b,_,_,1145,5,_,il,il,DET,_
1145-4,BO112,1145,1145,6,matrimonio,matrimonio,matrimonio,NOUN,_
1145-5,BO112,1145,1145,7,non,non,non,ADV,_
1145-6,BO112,1145,1145,8,è,è,essere,AUX,_
1146-0,BO112,1146,1146,1,l',l',il,DET,Truncated=Yes
1146-1,BO112,1146,1146,2,idea,idea,idea,NOUN,_
1146-2,BO112,1146,1146,3,di,di,di,ADP,_
1146-3,BO112,1146,1146,4,qualche,qualche,qualche,DET,_
1146-4,BO112,1146,1146,5,cosa,cosa,cosa,NOUN,_
1146-5,BO112,1146,1146,6,che,che,che,PRON,_
1146-6,BO112,1146,1146,7,ha,ha,avere,VERB,_
1146-7,BO112,1146,1146,8,a,a,a,ADP,_
1146-8,BO112,1146,1146,9,che,che,che,SCONJ,_
1146-9,BO112,1146,1146,10,fare,fare,fare,VERB,_
1146-10,BO112,1146,1146,11,con,con,con,ADP,_
1146-11,BO112,1146,1146,12,l',l',il,DET,Truncated=Yes
1146-12,BO112,1146,1146,13,amore.,amore,amore,NOUN,Intonation=falling
1147-0,BO112,1147,1147,1-2,nel,nel,_,_,_
1147-0a,_,_,1147,1,_,in,in,ADP,_
1147-0b,_,_,1147,2,_,il,il,DET,_
1147-1,BO112,1147,1147,3,medioevo,medioevo,medioevo,NOUN,_
1147-2,BO112,1147,1147,4,come,come,come,ADV,_
1147-3,BO112,1147,1147,5,in,in,in,ADP,_
1147-4,BO112,1147,1147,6,tante,tante,tanto,DET,_
1147-5,BO112,1147,1147,7,culture.,culture,cultura,NOUN,Intonation=falling
1148-0,BO112,1148,1148,1,è,è,essere,AUX,_
1148-1,BO112,1148,1148,2,un,un,uno,DET,_
1148-2,BO112,1148,1148,3,patto.,patto,patto,NOUN,Intonation=falling
1149-0,BO112,1149,1149,1,tra,tra,tra,ADP,_
1149-1,BO112,1149,1149,2,due,due,due,NUM,_
1149-2,BO112,1149,1149,3,"individui,",individui,individuo,NOUN,Intonation=weakly_rising
1150-0,BO112,1150,1150,1,per,per,per,ADP,_
1150-1,BO112,1150,1150,2,produrre,produrre,produrre,VERB,_
1150-2,BO112,1150,1150,3-4,dei,dei,dei,DET,_
1150-3,BO112,1150,1150,5,figli,figli,figlio,NOUN,_
1150-4,BO112,1150,1150,6,legittimi.,legittimi,legittimo,ADJ,Intonation=falling
1151-0,BO112,1151,1151,1,quindi,quindi,quindi,ADV,_
1151-1,BO112,1151,1151,2,un,un,uno,DET,_
1151-2,BO112,1151,1151,3,patto,patto,patto,NOUN,_
1151-3,BO112,1151,1151,4,di,di,di,ADP,_
1151-4,BO112,1151,1151,5,alleanza.,alleanza,alleanza,NOUN,Intonation=falling
1152-0,BO112,1152,1152,1,che:,che,che,PRON,_
1152-1,BO112,1152,1152,2,ha,ha,avere,VERB,_
1152-2,BO112,1152,1152,3,a,a,a,ADP,_
1152-3,BO112,1152,1152,4,che,che,che,SCONJ,_
1152-4,BO112,1152,1152,5,fare,fare,fare,VERB,_
1152-5,BO112,1152,1152,6,con,con,con,ADP,_
1152-6,BO112,1152,1152,7,le,le,il,DET,_
1152-7,BO112,1152,1152,8,famiglie.,famiglie,famiglia,NOUN,Intonation=falling
1153-0,BO112,1153,1153,1,mh?,mh,mh,INTJ,Intonation=rising
1154-0,BO112,1154,1154,1,quindi,quindi,quindi,ADV,_
1154-1,BO112,1154,1154,2,è,è,essere,AUX,_
1154-2,BO112,1154,1154,3,giusto,giusto,giusto,ADJ,_
1154-3,BO112,1154,1154,4,quello,quello,quello,PRON,_
1154-4,BO112,1154,1154,5,che,che,che,PRON,_
1154-5,BO112,1154,1154,6,lei,lei,lei,PRON,_
1154-6,BO112,1154,1154,7,ha,ha,avere,AUX,_
1154-7,BO112,1154,1154,8,detto,detto,dire,VERB,_
1154-8,BO112,1154,1154,9,no?,no,no,ADV,Intonation=rising
1154-9,BO112,1154,1154,10,è,è,essere,AUX,_
1154-10,BO112,1154,1154,11,proprio:,proprio,proprio,ADV,_
1154-11,BO112,1154,1154,12,una,una,uno,DET,_
1154-12,BO112,1154,1154,13,continuità,continuità,continuità,NOUN,_
1154-13,BO112,1154,1154,14,assoluta.,assoluta,assoluto,ADJ,Intonation=falling
1155-0,BO112,1155,1155,1,poi,poi,poi,ADV,_
1155-1,BO112,1155,1155,2,"vediamo,",vediamo,vedere,VERB,Intonation=weakly_rising
1155-2,BO112,1155,1155,3,atipico,atipico,atipico,ADJ,_
1155-3,BO112,1155,1155,4,e,e,e,CCONJ,_
1155-4,BO112,1155,1155,5,"convenzionale,",convenzionale,convenzionale,ADJ,Intonation=weakly_rising
1156-0,BO112,1156,1156,1,questo,questo,questo,PRON,_
1156-1,BO112,1156,1156,2,è,è,essere,AUX,_
1156-2,BO112,1156,1156,3,interessante,interessante,interessante,ADJ,_
1156-3,BO112,1156,1156,4,e::,e,e,CCONJ,_
1157-0,???,1157,1157,1,io,io,io,PRON,_
1157-1,???,1157,1157,2,l',l',lo,PRON,Truncated=Yes
1157-2,???,1157,1157,3,ho,ho,avere,AUX,_
1157-3,???,1157,1157,4,messo.,messo,mettere,VERB,Intonation=falling
1158-0,BO112,1158,1158,1,e:h,eh,eh,INTJ,_
1158-1,BO112,1158,1158,2,è:,è,essere,AUX,_
1158-2,BO112,1158,1158,3,{P},{P},_,_,_
1158-3,BO112,1158,1158,4,è,è,essere,AUX,_
1158-4,BO112,1158,1158,5,anomala,anomala,anomalo,ADJ,_
1158-5,BO112,1158,1158,6,diciamo.,diciamo,dire,VERB,Intonation=falling
1159-0,???,1159,1159,1,e::h,eh,eh,INTJ,_
1160-0,???,1160,1160,1,beh,beh,beh,INTJ,_
1160-1,???,1160,1160,2,io,io,io,PRON,_
1160-2,???,1160,1160,3,l',l',lo,PRON,Truncated=Yes
1160-3,???,1160,1160,4,ho,ho,avere,AUX,_
1160-4,???,1160,1160,5,messo,messo,mettere,VERB,_
1160-5,???,1160,1160,6,perché::,perché,perché,SCONJ,_
1160-6,???,1160,1160,7,diciamo,diciamo,dire,VERB,_
1160-7,???,1160,1160,8,che,che,che,SCONJ,_
1160-8,???,1160,1160,9,{P},{P},_,_,_
1160-9,???,1160,1160,10-11,nella,nella,_,_,_
1160-9a,_,_,1160,10,_,in,in,ADP,_
1160-9b,_,_,1160,11,_,la,il,DET,_
1160-10,???,1160,1160,12,nostra,nostra,nostro,DET,_
1160-11,???,1160,1160,13,società::,società,società,NOUN,_
1161-0,???,1161,1161,1,e:h,eh,eh,INTJ,_
1161-1,???,1161,1161,2,"occidentale,",occidentale,occidentale,ADJ,Intonation=weakly_rising
1162-0,???,1162,1162,1,il,il,il,DET,_
1162-1,???,1162,1162,2,matrimonio:::,matrimonio,matrimonio,NOUN,_
1162-2,???,1162,1162,3,d',d',di,ADP,SpaceAfter=No
1162-3,???,1162,1162,4,amore,amore,amore,NOUN,ProsodicLink=Yes
1162-4,???,1162,1162,5,è,è,essere,AUX,_
1162-5,???,1162,1162,6,sicuramente::,sicuramente,sicuramente,ADV,_
1162-6,???,1162,1162,7,convenzionale,convenzionale,convenzionale,ADJ,ProsodicLink=Yes
1162-7,???,1162,1162,8,e:,e,e,CCONJ,_
1162-8,???,1162,1162,9,e,e,e,CCONJ,_
1162-9,???,1162,1162,10,invece,invece,invece,ADV,_
1162-10,???,1162,1162,11,quello::,quello,quello,PRON,_
1163-0,???,1163,1163,1,e::h,eh,eh,INTJ,_
1163-1,???,1163,1163,2,combinato,combinato,combinato,ADJ,_
1163-2,???,1163,1163,3,è,è,essere,AUX,_
1163-3,???,1163,1163,4,atipico.,atipico,atipico,ADJ,Intonation=falling
1164-0,BO112,1164,1164,1,certo,certo,certo,ADV,_
1164-1,BO112,1164,1164,2,da,da,da,ADP,_
1164-2,BO112,1164,1164,3,noi,noi,noi,PRON,_
1164-3,BO112,1164,1164,4,è,è,essere,AUX,_
1164-4,BO112,1164,1164,5,così.,così,così,ADV,Intonation=falling
1165-0,BO112,1165,1165,1,anche,anche,anche,ADV,_
1165-1,BO112,1165,1165,2,se,se,se,SCONJ,_
1165-2,BO112,1165,1165,3,{P},{P},_,_,_
1165-3,BO112,1165,1165,4,il,il,il,DET,_
1165-4,BO112,1165,1165,5,matrimonio,matrimonio,matrimonio,NOUN,_
1165-5,BO112,1165,1165,6,"combinato,",combinato,combinato,ADJ,Intonation=weakly_rising
1166-0,BO112,1166,1166,1-2,al,al,_,_,_
1166-0a,_,_,1166,1,_,a,a,ADP,_
1166-0b,_,_,1166,2,_,il,il,DET,_
1166-1,BO112,1166,1166,3,di,di,di,ADP,_
1166-2,BO112,1166,1166,4,là,là,là,ADV,_
1166-3,BO112,1166,1166,5-6,degli,degli,_,_,_
1166-3a,_,_,1166,5,_,di,di,ADP,_
1166-3b,_,_,1166,6,_,gli,il,DET,_
1166-4,BO112,1166,1166,7,excursus,excursus,excursus,NOUN,Lang=lat
1166-5,BO112,1166,1166,8,"storici,",storici,storico,ADJ,Intonation=weakly_rising
1166-6,BO112,1166,1166,9,da,da,da,ADP,_
1166-7,BO112,1166,1166,10,noi,noi,noi,PRON,_
1166-8,BO112,1166,1166,11,non,non,non,ADV,_
1166-9,BO112,1166,1166,12,esiste,esiste,esistere,VERB,_
1166-10,BO112,1166,1166,13,oggi?,oggi,oggi,ADV,Intonation=rising
1167-0,???,1167,1167,1,sì,sì,sì,ADV,_
1168-0,BO112,1168,1168,1,esiste,esiste,esistere,VERB,_
1168-1,BO112,1168,1168,2,o,o,o,CCONJ,_
1168-2,BO112,1168,1168,3,non,non,non,ADV,_
1168-3,BO112,1168,1168,4,esiste?,esiste,esistere,VERB,Intonation=rising
1169-0,BO112,1169,1169,1,prego.,prego,prego,INTJ,Intonation=falling
1170-0,BO112,1170,1170,1,voce.,voce,voce,NOUN,Intonation=falling
1171-0,???,1171,1171,1,fino,fino,fino,ADV,_
1171-1,???,1171,1171,2,a,a,a,ADP,_
1171-2,???,1171,1171,3,poco,poco,poco,DET,_
1171-3,???,1171,1171,4,tempo,tempo,tempo,NOUN,_
1171-4,???,1171,1171,5,fa,fa,fare,VERB,_
1171-5,???,1171,1171,6,non,non,non,ADV,_
1171-6,???,1171,1171,7,so,so,sapere,VERB,_
1171-7,???,1171,1171,8,se,se,se,SCONJ,_
1171-8,???,1171,1171,9,si,si,si,PRON,_
1171-9,???,1171,1171,10,può::,può,potere,AUX,_
1171-10,???,1171,1171,11,mettere,mettere,mettere,VERB,_
1171-11,???,1171,1171,12,fra,fra,fra,ADP,_
1171-12,???,1171,1171,13,il,il,il,DET,_
1171-13,???,1171,1171,14,{P},{P},_,_,_
1171-14,???,1171,1171,15,matrimonio,matrimonio,matrimonio,NOUN,_
1171-15,???,1171,1171,16,combinato.,combinato,combinato,ADJ,Intonation=falling
1171-16,???,1171,1171,17,c',c',ci,PRON,Truncated=Yes
1171-17,???,1171,1171,18,era,era,essere,VERB,_
1171-18,???,1171,1171,19,il,il,il,DET,_
1171-19,???,1171,1171,20,matrimonio,matrimonio,matrimonio,NOUN,_
1171-20,???,1171,1171,21,riparatore.,riparatore,riparatore,NOUN,Intonation=falling
1172-0,BO112,1172,1172,1,il,il,il,DET,_
1172-1,BO112,1172,1172,2,matrimonio,matrimonio,matrimonio,NOUN,_
1172-2,BO112,1172,1172,3,riparatore,riparatore,riparatore,ADJ,_
1172-3,BO112,1172,1172,4,era,era,essere,AUX,_
1172-4,BO112,1172,1172,5,un',un',uno,DET,Truncated=Yes
1172-5,BO112,1172,1172,6,altra,altra,altro,ADJ,_
1172-6,BO112,1172,1172,7,forma,forma,forma,NOUN,_
1172-7,BO112,1172,1172,8,"istituzionale,",istituzionale,istituzionale,ADJ,Intonation=weakly_rising
1173-0,BO112,1173,1173,1,che:,che,che,SCONJ,_
1173-1,BO112,1173,1173,2,invece,invece,invece,ADV,_
1173-2,BO112,1173,1173,3,{P},{P},_,_,_
1173-3,BO112,1173,1173,4,aveva,aveva,avere,VERB,_
1173-4,BO112,1173,1173,5,a,a,a,ADP,_
1173-5,BO112,1173,1173,6,che,che,che,SCONJ,_
1173-6,BO112,1173,1173,7,fare,fare,fare,VERB,_
1173-7,BO112,1173,1173,8,effettivamente,effettivamente,effettivamente,ADV,_
1173-8,BO112,1173,1173,9,con,con,con,ADP,_
1173-9,BO112,1173,1173,10,la,la,il,DET,_
1173-10,BO112,1173,1173,11,violenza,violenza,violenza,NOUN,_
1173-11,BO112,1173,1173,12,no?,no,no,ADV,Intonation=rising
1173-12,BO112,1173,1173,13,il,il,il,DET,_
1173-13,BO112,1173,1173,14,matrimonio,matrimonio,matrimonio,NOUN,_
1173-14,BO112,1173,1173,15,riparatore,riparatore,riparatore,ADJ,_
1173-15,BO112,1173,1173,16,era,era,essere,AUX,_
1173-16,BO112,1173,1173,17,quello,quello,quello,PRON,_
1173-17,BO112,1173,1173,18,per,per,per,ADP,_
1173-18,BO112,1173,1173,19,"cui,",cui,cui,PRON,Intonation=weakly_rising
1174-0,BO112,1174,1174,1,se,se,se,SCONJ,_
1174-1,BO112,1174,1174,2,un,un,uno,DET,_
1174-2,BO112,1174,1174,3,{P},{P},_,_,_
1174-3,BO112,1174,1174,4,una,una,uno,DET,_
1174-4,BO112,1174,1174,5,donna,donna,donna,NOUN,_
1174-5,BO112,1174,1174,6,veniva,veniva,venire,AUX,_
1174-6,BO112,1174,1174,7,"violentata,",violentata,violentare,VERB,Intonation=weakly_rising
1174-7,BO112,1174,1174,8,oppure,oppure,oppure,CCONJ,_
1174-8,BO112,1174,1174,9,se,se,se,SCONJ,_
1174-9,BO112,1174,1174,10,{P},{P},_,_,_
1174-10,BO112,1174,1174,11,operava,operava,operare,VERB,_
1174-11,BO112,1174,1174,12,una,una,uno,DET,_
1174-12,BO112,1174,1174,13,scelta,scelta,scelta,NOUN,_
1174-13,BO112,1174,1174,14,"libera,",libera,libero,ADJ,Intonation=weakly_rising
1174-14,BO112,1174,1174,15,e,e,e,CCONJ,_
1174-15,BO112,1174,1174,16,scappava,scappava,scappare,VERB,_
1174-16,BO112,1174,1174,17,con,con,con,ADP,_
1174-17,BO112,1174,1174,18,un,un,uno,DET,_
1174-18,BO112,1174,1174,19,"uomo,",uomo,uomo,NOUN,Intonation=weakly_rising
1175-0,BO112,1175,1175,1,poi,poi,poi,ADV,_
1175-1,BO112,1175,1175,2,c',c',ci,PRON,Truncated=Yes
1175-2,BO112,1175,1175,3,era,era,essere,VERB,_
1175-3,BO112,1175,1175,4,il:,il,il,DET,_
1175-4,BO112,1175,1175,5,matrimonio,matrimonio,matrimonio,NOUN,_
1175-5,BO112,1175,1175,6,"riparatore,",riparatore,riparatore,ADJ,Intonation=weakly_rising
1175-6,BO112,1175,1175,7-8,nel,nel,_,_,_
1175-6a,_,_,1175,7,_,in,in,ADP,_
1175-6b,_,_,1175,8,_,il,il,DET,_
1175-7,BO112,1175,1175,9,senso,senso,senso,NOUN,_
1175-8,BO112,1175,1175,10,che,che,che,SCONJ,_
1176-0,BO112,1176,1176,1,e:h,eh,eh,INTJ,_
1176-1,BO112,1176,1176,2,riconduceva,riconduceva,ricondurre,VERB,_
1176-2,BO112,1176,1176,3,tutto,tutto,tutto,PRON,_
1176-3,BO112,1176,1176,4,a,a,a,ADP,_
1176-4,BO112,1176,1176,5,una,una,uno,DET,_
1176-5,BO112,1176,1176,6,convenzionalità,convenzionalità,convenzionalità,NOUN,_
1176-6,BO112,1176,1176,7,"quindi,",quindi,quindi,ADV,Intonation=weakly_rising
1177-0,BO112,1177,1177,1,"però,",però,però,ADV,Intonation=weakly_rising
1178-0,BO112,1178,1178,1,e::h,eh,eh,INTJ,_
1178-1,BO112,1178,1178,2,dipende,dipende,dipendere,VERB,_
1178-2,BO112,1178,1178,3,anche,anche,anche,ADV,_
1178-3,BO112,1178,1178,4,da,da,da,ADP,_
1178-4,BO112,1178,1178,5,cosa,cosa,cosa,PRON,_
1178-5,BO112,1178,1178,6,s',s',si,PRON,Truncated=Yes
1178-6,BO112,1178,1178,7,intende,intende,intendere,VERB,_
1178-7,BO112,1178,1178,8,per,per,per,ADP,_
1178-8,BO112,1178,1178,9,matrimonio,matrimonio,matrimonio,NOUN,_
1178-9,BO112,1178,1178,10,combinato.,combinato,combinato,ADJ,Intonation=falling
1179-0,BO112,1179,1179,1,in,in,in,ADP,_
1179-1,BO112,1179,1179,2,certe,certe,certo,DET,_
1179-2,BO112,1179,1179,3,classi,classi,classe,NOUN,_
1179-3,BO112,1179,1179,4,"sociali,",sociali,sociale,ADJ,Intonation=weakly_rising
1180-0,BO112,1180,1180,1,c',c',ci,PRON,Truncated=Yes
1180-1,BO112,1180,1180,2,è,è,essere,VERB,_
1180-2,BO112,1180,1180,3,un',un',uno,DET,Truncated=Yes
1180-3,BO112,1180,1180,4,aspettativa,aspettativa,aspettativa,NOUN,_
1180-4,BO112,1180,1180,5,rispetto,rispetto,rispetto,ADV,_
1180-5,BO112,1180,1180,6-7,al,al,_,_,_
1180-5a,_,_,1180,6,_,a,a,ADP,_
1180-5b,_,_,1180,7,_,il,il,DET,_
1180-6,BO112,1180,1180,8,partner,partner,partner,NOUN,_
1180-7,BO112,1180,1180,9,"matrimoniale,",matrimoniale,matrimoniale,ADJ,Intonation=weakly_rising
1180-8,BO112,1180,1180,10,molto,molto,molto,ADV,_
1180-9,BO112,1180,1180,11,precisa.,precisa,preciso,ADJ,Intonation=falling
1180-10,BO112,1180,1180,12,ma,ma,ma,CCONJ,_
1180-11,BO112,1180,1180,13,questo,questo,questo,PRON,_
1180-12,BO112,1180,1180,14,lo,lo,lo,PRON,_
1180-13,BO112,1180,1180,15,vedremo,vedremo,vedere,VERB,_
1180-14,BO112,1180,1180,16,tra,tra,tra,ADP,_
1180-15,BO112,1180,1180,17,poco.,poco,poco,ADV,Intonation=falling
1181-0,BO112,1181,1181,1,"allora,",allora,allora,ADV,Intonation=weakly_rising
1181-1,BO112,1181,1181,2,prestabilito,prestabilito,prestabilito,ADJ,_
1181-2,BO112,1181,1181,3,e,e,e,CCONJ,_
1181-3,BO112,1181,1181,4,"passionale,",passionale,passionale,ADJ,Intonation=weakly_rising
1181-4,BO112,1181,1181,5,chi,chi,chi,PRON,_
1181-5,BO112,1181,1181,6,l',l',lo,PRON,Truncated=Yes
1181-6,BO112,1181,1181,7,ha,ha,avere,AUX,_
1181-7,BO112,1181,1181,8,fatto?,fatto,fare,VERB,Intonation=rising
1182-0,BO112,1182,1182,1,cosa,cosa,cosa,PRON,_
1182-1,BO112,1182,1182,2,voleva,voleva,volere,AUX,_
1182-2,BO112,1182,1182,3,dire?,dire,dire,VERB,Intonation=rising
1183-0,???,1183,1183,1,prestabilito:,prestabilito,prestabilito,ADJ,_
1183-1,???,1183,1183,2-3,nel,nel,_,_,_
1183-1a,_,_,1183,2,_,in,in,ADP,_
1183-1b,_,_,1183,3,_,il,il,DET,_
1183-2,???,1183,1183,4,senso,senso,senso,NOUN,_
1183-3,???,1183,1183,5,{P},{P},_,_,_
1183-4,???,1183,1183,6,che,che,che,SCONJ,_
1183-5,???,1183,1183,7,un,un,uno,DET,_
1183-6,???,1183,1183,8,"matrimonio,",matrimonio,matrimonio,NOUN,Intonation=weakly_rising
1184-0,???,1184,1184,1,"combinato,",combinato,combinato,ADJ,Intonation=weakly_rising
1185-0,???,1185,1185,1,sta,sta,stare,VERB,_
1185-1,???,1185,1185,2,dentro,dentro,dentro,ADV,_
1185-2,???,1185,1185,3,determinati,determinati,determinare,VERB,_
1185-3,???,1185,1185,4,"paletti,",paletti,paletto,NOUN,Intonation=weakly_rising
1186-0,???,1186,1186,1,e,e,e,CCONJ,_
1186-1,???,1186,1186,2,(deve,deve,dovere,AUX,_
1186-2,???,1186,1186,3,portare),portare,portare,VERB,_
1186-3,???,1186,1186,4,"determinate,",determinate,determinato,ADJ,Intonation=weakly_rising
1187-0,???,1187,1187,1,e,e,e,CCONJ,_
1187-1,???,1187,1187,2,"vantaggi,",vantaggi,vantaggio,NOUN,Intonation=weakly_rising
1187-2,???,1187,1187,3-4,alle,alle,_,_,_
1187-2a,_,_,1187,3,_,a,a,ADP,_
1187-2b,_,_,1187,4,_,le,il,DET,_
1187-3,???,1187,1187,5,due,due,due,NUM,_
1187-4,???,1187,1187,6,famiglie.,famiglie,famiglia,NOUN,Intonation=falling
1188-0,???,1188,1188,1,e,e,e,CCONJ,_
1188-1,???,1188,1188,2,infatti,infatti,infatti,ADV,_
1188-2,???,1188,1188,3,poi,poi,poi,ADV,_
1188-3,???,1188,1188,4,ho,ho,avere,AUX,_
1188-4,???,1188,1188,5,scritto,scritto,scrivere,VERB,_
1188-5,???,1188,1188,6,anche,anche,anche,ADV,_
1188-6,???,1188,1188,7,appunto,appunto,appunto,ADV,_
1188-7,???,1188,1188,8,"utile,",utile,utile,ADJ,Intonation=weakly_rising
1188-8,???,1188,1188,9,per,per,per,ADP,_
1188-9,???,1188,1188,10,lo,lo,il,DET,_
1188-10,???,1188,1188,11,stesso,stesso,stesso,ADJ,_
1188-11,???,1188,1188,12,motivo.,motivo,motivo,NOUN,Intonation=falling
1189-0,???,1189,1189,1,passionale,passionale,passionale,ADJ,_
1189-1,???,1189,1189,2,"perché:,",perché,perché,NOUN,Intonation=weakly_rising
1190-0,???,1190,1190,1,è,è,essere,AUX,_
1190-1,???,1190,1190,2,qualcosa,qualcosa,qualcosa,PRON,_
1190-2,???,1190,1190,3,{P},{P},_,_,_
1190-3,???,1190,1190,4,di,di,di,ADP,_
1190-4,???,1190,1190,5,meno:,meno,meno,ADV,_
1191-0,???,1191,1191,1,concatenato.,concatenato,concatenato,ADJ,Intonation=falling
1192-0,BO112,1192,1192,1,ecco.,ecco,ecco,ADV,Intonation=falling
1192-1,BO112,1192,1192,2,"questo,",questo,questo,PRON,Intonation=weakly_rising
1192-2,BO112,1192,1192,3,"questo,",questo,questo,PRON,Intonation=weakly_rising
1193-0,BO112,1193,1193,1,"assolutamente,",assolutamente,assolutamente,ADV,Intonation=weakly_rising
1193-1,BO112,1193,1193,2,penso,penso,pensare,VERB,_
1193-2,BO112,1193,1193,3,che,che,che,SCONJ,_
1193-3,BO112,1193,1193,4,lo,lo,lo,PRON,_
1193-4,BO112,1193,1193,5,condividerebbero,condividerebbero,condividere,VERB,_
1193-5,BO112,1193,1193,6,"tutti,",tutti,tutto,PRON,Intonation=weakly_rising
1193-6,BO112,1193,1193,7,anche,anche,anche,ADV,_
1193-7,BO112,1193,1193,8-9,nelle,nelle,_,_,_
1193-7a,_,_,1193,8,_,in,in,ADP,_
1193-7b,_,_,1193,9,_,le,il,DET,_
1193-8,BO112,1193,1193,10,culture,culture,cultura,NOUN,_
1193-9,BO112,1193,1193,11,in,in,in,ADP,_
1193-10,BO112,1193,1193,12,cui,cui,cui,PRON,_
1193-11,BO112,1193,1193,13,c',c',ci,PRON,Truncated=Yes
1193-12,BO112,1193,1193,14,è,è,essere,VERB,_
1193-13,BO112,1193,1193,15,il,il,il,DET,_
1193-14,BO112,1193,1193,16,matrimonio,matrimonio,matrimonio,NOUN,_
1193-15,BO112,1193,1193,17,combinato.,combinato,combinato,ADJ,Intonation=falling
1194-0,BO112,1194,1194,1,l',l',il,DET,Truncated=Yes
1194-1,BO112,1194,1194,2,unica,unica,unico,ADJ,_
1194-2,BO112,1194,1194,3,"differenza,",differenza,differenza,NOUN,Intonation=weakly_rising
1195-0,BO112,1195,1195,1,è,è,essere,VERB,_
1195-1,BO112,1195,1195,2,che,che,che,SCONJ,_
1195-2,BO112,1195,1195,3,"noi,",noi,noi,PRON,Intonation=weakly_rising
1195-3,BO112,1195,1195,4,a,a,a,ADP,_
1195-4,BO112,1195,1195,5,passionale,passionale,passionale,ADJ,_
1195-5,BO112,1195,1195,6,diamo,diamo,dare,VERB,_
1195-6,BO112,1195,1195,7,una,una,uno,DET,_
1195-7,BO112,1195,1195,8,connotazione,connotazione,connotazione,NOUN,_
1195-8,BO112,1195,1195,9,"positiva,",positiva,positivo,ADJ,Intonation=weakly_rising
1196-0,BO112,1196,1196,1,e,e,e,CCONJ,_
1196-1,BO112,1196,1196,2,a,a,a,ADP,_
1196-2,BO112,1196,1196,3,prestabilito,prestabilito,prestabilito,ADJ,_
1196-3,BO112,1196,1196,4,negativa.,negativa,negativa,ADJ,Intonation=falling
1197-0,BO112,1197,1197,1,e,e,e,CCONJ,_
1197-1,BO112,1197,1197,2,loro,loro,loro,PRON,_
1197-2,BO112,1197,1197,3,fanno,fanno,fare,VERB,_
1197-3,BO112,1197,1197,4,il,il,il,DET,_
1197-4,BO112,1197,1197,5,contrario.,contrario,contrario,NOUN,Intonation=falling
1198-0,BO112,1198,1198,1,"però,",però,però,ADV,Intonation=weakly_rising
1199-0,BO112,1199,1199,1,ci,ci,ci,PRON,_
1199-1,BO112,1199,1199,2,s~,s~,s~,X,Interrupted=Yes
1199-2,BO112,1199,1199,3,saremmo,saremmo,essere,AUX,_
1199-3,BO112,1199,1199,4,d',d',di,ADP,SpaceAfter=No
1199-4,BO112,1199,1199,5,accordo,accordo,accordo,NOUN,_
1199-5,BO112,1199,1199,6,però,però,però,ADV,_
1199-6,BO112,1199,1199,7,"passionale,",passionale,passionale,ADJ,Intonation=weakly_rising
1199-7,BO112,1199,1199,8,non,non,non,ADV,_
1199-8,BO112,1199,1199,9,è,è,essere,AUX,_
1199-9,BO112,1199,1199,10,una,una,uno,DET,_
1199-10,BO112,1199,1199,11,qualità.,qualità,qualità,NOUN,Intonation=falling
1200-0,BO112,1200,1200,1,per,per,per,ADP,_
1200-1,BO112,1200,1200,2,un,un,uno,DET,_
1200-2,BO112,1200,1200,3,"matrimonio,",matrimonio,matrimonio,NOUN,Intonation=weakly_rising
1200-3,BO112,1200,1200,4,secondo,secondo,secondo,ADP,_
1200-4,BO112,1200,1200,5,[chi,chi,chi,PRON,_
1200-5,BO112,1200,1200,6,"pratica],",pratica,praticare,VERB,Intonation=weakly_rising
1201-0,???,1201,1201,1,[no,no,no,ADV,_
1201-1,???,1201,1201,2,non,non,non,ADV,_
1201-2,???,1201,1201,3,è,è,essere,AUX,_
1201-3,???,1201,1201,4,una],una,uno,DET,_
1201-4,???,1201,1201,5,"qualità,",qualità,qualità,NOUN,Intonation=weakly_rising
1202-0,BO112,1202,1202,1,"eh,",eh,eh,INTJ,Intonation=weakly_rising
1203-0,???,1203,1203,1,è,è,essere,AUX,_
1203-1,???,1203,1203,2,una,una,uno,DET,_
1203-2,???,1203,1203,3,cosa::,cosa,cosa,NOUN,_
1203-3,???,1203,1203,4,negativa.,negativa,negativo,ADJ,Intonation=falling
1204-0,BO112,1204,1204,1,[però,però,però,ADV,_
1204-1,BO112,1204,1204,2-3,nella,nella,_,_,_
1204-1a,_,_,1204,2,_,in,in,ADP,_
1204-1b,_,_,1204,3,_,la,il,DET,_
1204-2,BO112,1204,1204,4,nostra],nostra,nostro,DET,_
1204-3,BO112,1204,1204,5,cultura,cultura,cultura,NOUN,_
1204-4,BO112,1204,1204,6,tendenzialmente,tendenzialmente,tendenzialmente,ADV,_
1204-5,BO112,1204,1204,7,viene,viene,venire,AUX,_
1204-6,BO112,1204,1204,8,considerato,considerato,considerare,VERB,_
1204-7,BO112,1204,1204,9,anche,anche,anche,ADV,_
1204-8,BO112,1204,1204,10,una,una,uno,DET,_
1204-9,BO112,1204,1204,11,cosa,cosa,cosa,NOUN,_
1204-10,BO112,1204,1204,12,positiva,positiva,positivo,ADJ,_
1204-11,BO112,1204,1204,13,no?,no,no,ADV,Intonation=rising
1205-0,???,1205,1205,1,[il,il,il,DET,_
1205-1,???,1205,1205,2,matrimonio],matrimonio,matrimonio,NOUN,_
1206-0,???,1206,1206,1,ambivalente.,ambivalente,ambivalente,ADJ,Intonation=falling
1207-0,BO112,1207,1207,1,ambivale~,ambivale~,ambivale~,ADJ,Interrupted=Yes
1207-1,BO112,1207,1207,2,ambivalente.,ambivalente,ambivalente,ADJ,Intonation=falling
1208-0,BO112,1208,1208,1,>politicamente,politicamente,politicamente,ADV,_
1208-1,BO112,1208,1208,2,utile<.,utile,utile,ADJ,Intonation=falling
1208-2,BO112,1208,1208,3,instabile,instabile,instabile,ADJ,_
1208-3,BO112,1208,1208,4,"imprevedibile,",imprevedibile,imprevedibile,ADJ,Intonation=weakly_rising
1208-4,BO112,1208,1208,5,"moderno,",moderno,moderno,ADJ,Intonation=weakly_rising
1209-0,BO112,1209,1209,1,"prestigio,",prestigio,prestigio,NOUN,Intonation=weakly_rising
1209-1,BO112,1209,1209,2,"cittadinanza,",cittadinanza,cittadinanza,NOUN,Intonation=weakly_rising
1209-2,BO112,1209,1209,3,economia.,economia,economia,NOUN,Intonation=falling
1210-0,BO112,1210,1210,1,"quindi,",quindi,quindi,ADV,Intonation=weakly_rising
1210-1,BO112,1210,1210,2,c',c',ci,PRON,Truncated=Yes
1210-2,BO112,1210,1210,3,è,è,essere,VERB,_
1210-3,BO112,1210,1210,4,un',un',uno,DET,Truncated=Yes
1210-4,BO112,1210,1210,5,idea,idea,idea,NOUN,_
1210-5,BO112,1210,1210,6-7,della::,della,_,_,_
1210-5a,_,_,1210,6,_,di,di,ADP,_
1210-5b,_,_,1210,7,_,la,il,DET,_
1211-0,BO112,1211,1211,1-2,del,del,_,_,_
1211-0a,_,_,1211,1,_,di,di,ADP,_
1211-0b,_,_,1211,2,_,il,il,DET,_
1211-1,BO112,1211,1211,3,vantaggio.,vantaggio,vantaggio,NOUN,Intonation=falling
1212-0,BO112,1212,1212,1,cioè,cioè,cioè,CCONJ,_
1212-1,BO112,1212,1212,2,il,il,il,DET,_
1212-2,BO112,1212,1212,3,fatto,fatto,fatto,NOUN,_
1212-3,BO112,1212,1212,4,che,che,che,SCONJ,_
1213-0,BO112,1213,1213,1,il,il,il,DET,_
1213-1,BO112,1213,1213,2,matrimonio,matrimonio,matrimonio,NOUN,_
1213-2,BO112,1213,1213,3,"combinato,",combinato,combinato,ADJ,Intonation=weakly_rising
1213-3,BO112,1213,1213,4,è,è,essere,AUX,_
1213-4,BO112,1213,1213,5,qualcosa,qualcosa,qualcosa,PRON,_
1213-5,BO112,1213,1213,6,che,che,che,PRON,_
1213-6,BO112,1213,1213,7,non,non,non,ADV,_
1213-7,BO112,1213,1213,8,ha,ha,avere,VERB,_
1213-8,BO112,1213,1213,9,a,a,a,ADP,_
1213-9,BO112,1213,1213,10,che,che,che,SCONJ,_
1213-10,BO112,1213,1213,11,fare,fare,fare,VERB,_
1213-11,BO112,1213,1213,12,con,con,con,ADP,_
1213-12,BO112,1213,1213,13,un,un,uno,DET,_
1213-13,BO112,1213,1213,14,"sentimento,",sentimento,sentimento,NOUN,Intonation=weakly_rising
1214-0,BO112,1214,1214,1,bensì,bensì,bensì,CCONJ,_
1214-1,BO112,1214,1214,2,con,con,con,ADP,_
1214-2,BO112,1214,1214,3-4,delle,delle,_,_,_
1214-2a,_,_,1214,3,_,di,di,ADP,_
1214-2b,_,_,1214,4,_,le,il,DET,_
1214-3,BO112,1214,1214,5,esigenze,esigenze,esigenza,NOUN,_
1214-4,BO112,1214,1214,6,pratiche,pratiche,pratico,ADJ,_
1214-5,BO112,1214,1214,7,no?,no,no,ADV,Intonation=rising
1215-0,BO112,1215,1215,1,quindi,quindi,quindi,ADV,_
1215-1,BO112,1215,1215,2,"prestigio,",prestigio,prestigio,NOUN,Intonation=weakly_rising
1216-0,BO112,1216,1216,1,e:h,eh,eh,INTJ,_
1216-1,BO112,1216,1216,2,l',l',il,DET,Truncated=Yes
1216-2,BO112,1216,1216,3,ottenimento,ottenimento,ottenimento,NOUN,_
1216-3,BO112,1216,1216,4-5,della,della,_,_,_
1216-3a,_,_,1216,4,_,di,di,ADP,_
1216-3b,_,_,1216,5,_,la,il,DET,_
1216-4,BO112,1216,1216,6,"cittadinanza,",cittadinanza,cittadinanza,NOUN,Intonation=weakly_rising
1217-0,BO112,1217,1217,1,chi,chi,chi,PRON,_
1217-1,BO112,1217,1217,2,l',l',lo,PRON,Truncated=Yes
1217-2,BO112,1217,1217,3,ha,ha,avere,AUX,_
1217-3,BO112,1217,1217,4,scritto?,scritto,scrivere,VERB,Intonation=rising
1218-0,BO112,1218,1218,1,una,una,uno,DET,_
1218-1,BO112,1218,1218,2,dimensione,dimensione,dimensione,NOUN,_
1218-2,BO112,1218,1218,3,economica.,economica,economico,ADJ,Intonation=falling
1219-0,BO112,1219,1219,1,allora,allora,allora,ADV,_
1219-1,BO112,1219,1219,2,"questa,",questa,questo,PRON,Intonation=weakly_rising
1219-2,BO112,1219,1219,3,è,è,essere,AUX,_
1219-3,BO112,1219,1219,4,la,la,il,DET,_
1219-4,BO112,1219,1219,5,prima,prima,primo,ADJ,_
1219-5,BO112,1219,1219,6,parte,parte,parte,NOUN,_
1219-6,BO112,1219,1219,7-8,del,del,_,_,_
1219-6a,_,_,1219,7,_,di,di,ADP,_
1219-6b,_,_,1219,8,_,il,il,DET,_
1219-7,BO112,1219,1219,9,ragionamento.,ragionamento,ragionamento,NOUN,Intonation=falling
1219-8,BO112,1219,1219,10,volete,volete,volere,AUX,_
1219-9,BO112,1219,1219,11,aggiungere,aggiungere,aggiungere,VERB,_
1219-10,BO112,1219,1219,12,osservare,osservare,osservare,VERB,_
1219-11,BO112,1219,1219,13,qualche,qualche,qualche,DET,_
1219-12,BO112,1219,1219,14,cosa?,cosa,cosa,NOUN,Intonation=rising
1220-0,BO112,1220,1220,1,quindi,quindi,quindi,ADV,_
1220-1,BO112,1220,1220,2,{P},{P},_,_,_
1220-2,BO112,1220,1220,3,dica.,dica,dire,VERB,Intonation=falling
1221-0,BO112,1221,1221,1,prego.,prego,prego,INTJ,Intonation=falling
1222-0,BO112,1222,1222,1,non,non,non,ADV,_
1222-1,BO112,1222,1222,2,sento.,sento,sentire,VERB,Intonation=falling
1223-0,???,1223,1223,1,"passivo,",passivo,passivo,ADJ,Intonation=weakly_rising
1223-1,???,1223,1223,2,{P},{P},_,_,_
1223-2,???,1223,1223,3,il,il,il,DET,_
1223-3,???,1223,1223,4,combinato,combinato,combinato,ADJ,_
1223-4,???,1223,1223,5,e,e,e,CCONJ,_
1223-5,???,1223,1223,6,attivo,attivo,attivo,ADJ,_
1223-6,???,1223,1223,7,il,il,il,DET,_
1223-7,???,1223,1223,8,matrimonio,matrimonio,matrimonio,NOUN,_
1223-8,???,1223,1223,9,d',d',di,ADP,SpaceAfter=No
1223-9,???,1223,1223,10,amore.,amore,amore,NOUN,Intonation=falling
1224-0,BO112,1224,1224,1,passivo,passivo,passivo,ADJ,_
1224-1,BO112,1224,1224,2,e,e,e,CCONJ,_
1224-2,BO112,1224,1224,3,attivo.,attivo,attivo,ADJ,Intonation=falling
1225-0,???,1225,1225,1,passivo,passivo,passivo,ADJ,_
1225-1,???,1225,1225,2,perché::,perché,perché,SCONJ,_
1226-0,???,1226,1226,1,vede,vede,vedere,VERB,_
1226-1,???,1226,1226,2,diciamo,diciamo,dire,VERB,_
1227-0,???,1227,1227,1,scelto,scelto,scegliere,VERB,_
1227-1,???,1227,1227,2,da,da,da,ADP,_
1227-2,???,1227,1227,3,persone,persone,persona,NOUN,_
1227-3,???,1227,1227,4,che,che,che,PRON,_
1227-4,???,1227,1227,5,non,non,non,ADV,_
1227-5,???,1227,1227,6,partecipano,partecipano,partecipare,VERB,_
1227-6,???,1227,1227,7,attivamente,attivamente,attivamente,ADV,_
1227-7,???,1227,1227,8-9,al,al,_,_,_
1227-7a,_,_,1227,8,_,a,a,ADP,_
1227-7b,_,_,1227,9,_,il,il,DET,_
1227-8,???,1227,1227,10,matrimonio.,matrimonio,matrimonio,NOUN,Intonation=falling
1227-9,???,1227,1227,11,>cioè<,cioè,cioè,CCONJ,_
1227-10,???,1227,1227,12,i,i,il,DET,_
1227-11,???,1227,1227,13,due,due,due,NUM,_
1227-12,???,1227,1227,14,{P},{P},_,_,_
1227-13,???,1227,1227,15,interessati,interessati,interessato,ADJ,_
1227-14,???,1227,1227,16,non,non,non,ADV,_
1227-15,???,1227,1227,17,scelgono,scelgono,scegliere,VERB,_
1227-16,???,1227,1227,18,loro,loro,loro,PRON,_
1227-17,???,1227,1227,19,di,di,di,ADP,_
1227-18,???,1227,1227,20-21,"sposarsi,",sposarsi,_,_,Intonation=weakly_rising
1227-18a,_,_,1227,20,_,sposar,sposare,VERB,_
1227-18b,_,_,1227,21,_,si,si,PRON,_
1228-0,???,1228,1228,1,invece,invece,invece,ADV,_
1228-1,???,1228,1228,2,attivo,attivo,attivo,ADJ,_
1228-2,???,1228,1228,3,perché,perché,perché,SCONJ,_
1228-3,???,1228,1228,4,possono,possono,potere,AUX,_
1228-4,???,1228,1228,5-6,sceglierlo,sceglierlo,_,_,_
1228-4a,_,_,1228,5,_,sceglier,scegliere,VERB,_
1228-4b,_,_,1228,6,_,lo,lo,PRON,_
1228-5,???,1228,1228,7,loro.,loro,loro,PRON,Intonation=falling
1229-0,BO112,1229,1229,1,"allora,",allora,allora,ADV,Intonation=weakly_rising
1229-1,BO112,1229,1229,2-3,alla,alla,_,_,_
1229-1a,_,_,1229,2,_,a,a,ADP,_
1229-1b,_,_,1229,3,_,la,il,DET,_
1229-2,BO112,1229,1229,4,luce,luce,luce,NOUN,_
1229-3,BO112,1229,1229,5,di,di,di,ADP,_
1229-4,BO112,1229,1229,6,quello,quello,quello,PRON,_
1229-5,BO112,1229,1229,7,che,che,che,PRON,_
1229-6,BO112,1229,1229,8,abbiamo,abbiamo,avere,AUX,_
1229-7,BO112,1229,1229,9,detto,detto,dire,VERB,_
1229-8,BO112,1229,1229,10,fino,fino,fino,ADV,_
1229-9,BO112,1229,1229,11,"adesso,",adesso,adesso,ADV,Intonation=weakly_rising
1229-10,BO112,1229,1229,12,problematizziamo,problematizziamo,problematizzare,VERB,_
1229-11,BO112,1229,1229,13,queste,queste,questo,DET,_
1229-12,BO112,1229,1229,14,"affermazioni,",affermazioni,affermazione,NOUN,Intonation=weakly_rising
1229-13,BO112,1229,1229,15-16,nel,nel,_,_,_
1229-13a,_,_,1229,15,_,in,in,ADP,_
1229-13b,_,_,1229,16,_,il,il,DET,_
1229-14,BO112,1229,1229,17,senso,senso,senso,NOUN,_
1229-15,BO112,1229,1229,18,che,che,che,SCONJ,_
1229-16,BO112,1229,1229,19,"passivo,",passivo,passivo,ADJ,Intonation=weakly_rising
1230-0,BO112,1230,1230,1,"significa,",significa,significare,VERB,Intonation=weakly_rising
1230-1,BO112,1230,1230,2,lei,lei,lei,PRON,_
1230-2,BO112,1230,1230,3,ha,ha,avere,AUX,_
1230-3,BO112,1230,1230,4,detto::,detto,dire,VERB,_
1230-4,BO112,1230,1230,5,che,che,che,SCONJ,_
1231-0,BO112,1231,1231,1,quelli,quelli,quello,PRON,_
1231-1,BO112,1231,1231,2,che,che,che,PRON,_
1231-2,BO112,1231,1231,3,{P},{P},_,_,_
1231-3,BO112,1231,1231,4,sono,sono,essere,AUX,_
1231-4,BO112,1231,1231,5,coinvolti,coinvolti,coinvolgere,VERB,_
1231-5,BO112,1231,1231,6-7,nel,nel,_,_,_
1231-5a,_,_,1231,6,_,in,in,ADP,_
1231-5b,_,_,1231,7,_,il,il,DET,_
1231-6,BO112,1231,1231,8,matrimonio,matrimonio,matrimonio,NOUN,_
1231-7,BO112,1231,1231,9,non,non,non,ADV,_
1231-8,BO112,1231,1231,10,sono,sono,essere,AUX,_
1231-9,BO112,1231,1231,11,i,i,il,DET,_
1231-10,BO112,1231,1231,12,protagonisti.,protagonisti,protagonista,NOUN,Intonation=falling
1232-0,BO112,1232,1232,1,"giusto,",giusto,giusto,ADJ,Intonation=weakly_rising
1232-1,BO112,1232,1232,2,[ha,ha,avere,AUX,_
1232-2,BO112,1232,1232,3,detto,detto,dire,VERB,_
1232-3,BO112,1232,1232,4,così]?,così,così,ADV,Intonation=rising
1233-0,???,1233,1233,1,[no.,no,no,INTJ,Intonation=falling
1233-1,???,1233,1233,2,non],non,non,ADV,_
1233-2,???,1233,1233,3,scelgono,scelgono,scegliere,VERB,_
1233-3,???,1233,1233,4,loro.,loro,loro,PRON,Intonation=falling
1234-0,BO112,1234,1234,1,non,non,non,ADV,_
1234-1,BO112,1234,1234,2,scelgono,scelgono,scegliere,VERB,_
1234-2,BO112,1234,1234,3,loro.,loro,loro,PRON,Intonation=falling
1234-3,BO112,1234,1234,4,ma,ma,ma,CCONJ,_
1234-4,BO112,1234,1234,5,{P},{P},_,_,_
1234-5,BO112,1234,1234,6,abbiamo,abbiamo,avere,AUX,_
1234-6,BO112,1234,1234,7,"studiato,",studiato,studiare,VERB,Intonation=weakly_rising
1234-7,BO112,1234,1234,8,studiando,studiando,studiare,VERB,_
1234-8,BO112,1234,1234,9,e,e,e,CCONJ,_
1234-9,BO112,1234,1234,10,facendo,facendo,fare,VERB,_
1234-10,BO112,1234,1234,11,"osservazione,",osservazione,osservazione,NOUN,Intonation=weakly_rising
1235-0,BO112,1235,1235,1,che,che,che,PRON,_
1235-1,BO112,1235,1235,2,non,non,non,ADV,_
1235-2,BO112,1235,1235,3,è,è,essere,VERB,_
1235-3,BO112,1235,1235,4,che,che,che,SCONJ,_
1235-4,BO112,1235,1235,5,non,non,non,ADV,_
1235-5,BO112,1235,1235,6,ci,ci,ci,PRON,_
1235-6,BO112,1235,1235,7,sia,sia,essere,AUX,_
1235-7,BO112,1235,1235,8,una,una,uno,DET,_
1235-8,BO112,1235,1235,9,scelta,scelta,scelta,NOUN,_
1235-9,BO112,1235,1235,10,totalmente.,totalmente,totalmente,ADV,Intonation=falling
1236-0,BO112,1236,1236,1,ci,ci,ci,PRON,_
1236-1,BO112,1236,1236,2,sono,sono,essere,VERB,_
1236-2,BO112,1236,1236,3-4,dei,dei,dei,DET,_
1236-3,BO112,1236,1236,5,"suggerimenti,",suggerimenti,suggerimento,NOUN,Intonation=weakly_rising
1236-4,BO112,1236,1236,6,rispetto,rispetto,rispetto,NOUN,_
1236-5,BO112,1236,1236,7,a,a,a,ADP,_
1236-6,BO112,1236,1236,8,tali,tali,tale,DET,_
1236-7,BO112,1236,1236,9,partner,partner,partner,NOUN,_
1237-0,BO112,1237,1237,1,tra,tra,tra,ADP,_
1237-1,BO112,1237,1237,2,i,i,il,DET,_
1237-2,BO112,1237,1237,3,quali,quali,quale,PRON,_
1237-3,BO112,1237,1237,4,poi,poi,poi,ADV,_
1237-4,BO112,1237,1237,5,viene,viene,venire,AUX,_
1237-5,BO112,1237,1237,6,scelto,scelto,scegliere,VERB,_
1237-6,BO112,1237,1237,7,qualcuno.,qualcuno,qualcuno,PRON,Intonation=falling
1238-0,BO112,1238,1238,1,cioè,cioè,cioè,CCONJ,_
1238-1,BO112,1238,1238,2,non,non,non,ADV,_
1238-2,BO112,1238,1238,3,non,non,non,ADV,_
1238-3,BO112,1238,1238,4,dovete,dovete,dovere,AUX,_
1238-4,BO112,1238,1238,5,pensare,pensare,pensare,VERB,_
1238-5,BO112,1238,1238,6,che,che,che,SCONJ,_
1238-6,BO112,1238,1238,7,il,il,il,DET,_
1238-7,BO112,1238,1238,8,matrimonio,matrimonio,matrimonio,NOUN,_
1238-8,BO112,1238,1238,9,combinato,combinato,combinato,ADJ,_
1238-9,BO112,1238,1238,10,"significhi,",significhi,significare,VERB,Intonation=weakly_rising
1239-0,BO112,1239,1239,1,io,io,io,PRON,_
1239-1,BO112,1239,1239,2,ti,ti,ti,PRON,_
1239-2,BO112,1239,1239,3,porto,porto,portare,VERB,_
1239-3,BO112,1239,1239,4,a,a,a,ADP,_
1239-4,BO112,1239,1239,5,casa,casa,casa,NOUN,_
1239-5,BO112,1239,1239,6,questo,questo,questo,PRON,_
1239-6,BO112,1239,1239,7,e,e,e,CCONJ,_
1239-7,BO112,1239,1239,8,te,te,te,PRON,_
1239-8,BO112,1239,1239,9,lo,lo,lo,PRON,_
1239-9,BO112,1239,1239,10,devi,devi,dovere,AUX,_
1239-10,BO112,1239,1239,11,sposare.,sposare,sposare,VERB,Intonation=falling
1239-11,BO112,1239,1239,12,mh?,mh,mh,INTJ,Intonation=rising
1240-0,BO112,1240,1240,1,c',c',ci,PRON,Truncated=Yes
1240-1,BO112,1240,1240,2,è,è,essere,VERB,_
1240-2,BO112,1240,1240,3,una,una,uno,DET,_
1240-3,BO112,1240,1240,4,"ricerca,",ricerca,ricerca,NOUN,Intonation=weakly_rising
1241-0,BO112,1241,1241,1,di,di,di,ADP,_
1241-1,BO112,1241,1241,2,un,un,uno,DET,_
1241-2,BO112,1241,1241,3,possibile,possibile,possibile,ADJ,_
1241-3,BO112,1241,1241,4,"m:marito,",marito,marito,NOUN,Intonation=weakly_rising
1241-4,BO112,1241,1241,5,o,o,o,CCONJ,_
1241-5,BO112,1241,1241,6,di,di,di,ADP,_
1241-6,BO112,1241,1241,7,una,una,uno,DET,_
1241-7,BO112,1241,1241,8,possibile,possibile,possibile,ADJ,_
1241-8,BO112,1241,1241,9,"moglie,",moglie,moglie,NOUN,Intonation=weakly_rising
1242-0,BO112,1242,1242,1-2,nell',nell',_,_,Truncated=Yes
1242-0a,_,_,1242,1,_,in,in,ADP,_
1242-0b,_,_,1242,2,_,l',il,DET,_
1242-1,BO112,1242,1242,3,ambito,ambito,ambito,NOUN,_
1242-2,BO112,1242,1242,4-5,della,della,_,_,_
1242-2a,_,_,1242,4,_,di,di,ADP,_
1242-2b,_,_,1242,5,_,la,il,DET,_
1242-3,BO112,1242,1242,6,"quale,",quale,quale,PRON,Intonation=weakly_rising
1242-4,BO112,1242,1242,7,poi,poi,poi,ADV,_
1242-5,BO112,1242,1242,8,c',c',ci,PRON,Truncated=Yes
1242-6,BO112,1242,1242,9,è,è,essere,VERB,_
1242-7,BO112,1242,1242,10,una,una,uno,DET,_
1242-8,BO112,1242,1242,11,scelta.,scelta,scelta,NOUN,Intonation=falling
1243-0,BO112,1243,1243,1,è,è,essere,AUX,_
1243-1,BO112,1243,1243,2,chiaro,chiaro,chiaro,ADJ,_
1243-2,BO112,1243,1243,3,che,che,che,SCONJ,_
1243-3,BO112,1243,1243,4,è,è,essere,AUX,_
1243-4,BO112,1243,1243,5,una,una,uno,DET,_
1243-5,BO112,1243,1243,6,scelta,scelta,scelta,NOUN,_
1243-6,BO112,1243,1243,7,diversa,diversa,diverso,ADJ,_
1243-7,BO112,1243,1243,8,da,da,da,ADP,_
1243-8,BO112,1243,1243,9,quella,quella,quello,PRON,_
1243-9,BO112,1243,1243,10,che,che,che,PRON,_
1243-10,BO112,1243,1243,11,probabilmente,probabilmente,probabilmente,ADV,_
1243-11,BO112,1243,1243,12,potremmo,potremmo,potere,AUX,_
1243-12,BO112,1243,1243,13,fare,fare,fare,VERB,_
1243-13,BO112,1243,1243,14,noi.,noi,noi,PRON,Intonation=falling
1243-14,BO112,1243,1243,15,no?,no,no,ADV,Intonation=rising
1244-0,BO112,1244,1244,1-2,nel,nel,_,_,_
1244-0a,_,_,1244,1,_,in,in,ADP,_
1244-0b,_,_,1244,2,_,il,il,DET,_
1244-1,BO112,1244,1244,3,"senso,",senso,senso,NOUN,Intonation=weakly_rising
1244-2,BO112,1244,1244,4,lo,lo,lo,PRON,_
1244-3,BO112,1244,1244,5,vedi,vedi,vedere,VERB,_
1244-4,BO112,1244,1244,6,due,due,due,NUM,_
1244-5,BO112,1244,1244,7,tre,tre,tre,NUM,_
1244-6,BO112,1244,1244,8,"volte,",volte,volta,NOUN,Intonation=weakly_rising
1244-7,BO112,1244,1244,9,e,e,e,CCONJ,_
1244-8,BO112,1244,1244,10,poi,poi,poi,ADV,_
1244-9,BO112,1244,1244,11,dici,dici,dire,VERB,_
1244-10,BO112,1244,1244,12,va,va,andare,AUX,_
1244-11,BO112,1244,1244,13,bene,bene,bene,ADV,_
1244-12,BO112,1244,1244,14,o,o,o,CCONJ,_
1244-13,BO112,1244,1244,15,non,non,non,ADV,_
1244-14,BO112,1244,1244,16,va,va,andare,VERB,_
1244-15,BO112,1244,1244,17,bene.,bene,bene,ADV,Intonation=falling
1245-0,BO112,1245,1245,1,però,però,però,ADV,_
1245-1,BO112,1245,1245,2,non,non,non,ADV,_
1245-2,BO112,1245,1245,3,{P},{P},_,_,_
1245-3,BO112,1245,1245,4,non,non,non,ADV,_
1245-4,BO112,1245,1245,5,c',c',ci,PRON,Truncated=Yes
1245-5,BO112,1245,1245,6,è,è,essere,VERB,_
1245-6,BO112,1245,1245,7,una,una,uno,DET,_
1245-7,BO112,1245,1245,8,non,non,non,ADV,_
1245-8,BO112,1245,1245,9,scelta,scelta,scelta,NOUN,_
1245-9,BO112,1245,1245,10,totale.,totale,totale,ADJ,Intonation=falling
1246-0,BO112,1246,1246,1,mentre,mentre,mentre,SCONJ,_
1246-1,BO112,1246,1246,2,"invece,",invece,invece,ADV,Intonation=weakly_rising
1247-0,BO112,1247,1247,1,e::h,eh,eh,INTJ,_
1247-1,BO112,1247,1247,2,l',l',il,DET,Truncated=Yes
1247-2,BO112,1247,1247,3,ultima,ultima,ultimo,ADJ,_
1247-3,BO112,1247,1247,4,parte,parte,parte,NOUN,_
1247-4,BO112,1247,1247,5,che,che,che,PRON,_
1247-5,BO112,1247,1247,6,riguarda,riguarda,riguardare,VERB,_
1247-6,BO112,1247,1247,7,il,il,il,DET,_
1247-7,BO112,1247,1247,8,nostro,nostro,nostro,DET,_
1247-8,BO112,1247,1247,9,"lavoro,",lavoro,lavoro,NOUN,Intonation=weakly_rising
1248-0,BO112,1248,1248,1,è,è,essere,AUX,_
1248-1,BO112,1248,1248,2,proprio,proprio,proprio,ADV,_
1248-2,BO112,1248,1248,3,"quello,",quello,quello,PRON,Intonation=weakly_rising
1248-3,BO112,1248,1248,4-5,del,del,_,_,_
1248-3a,_,_,1248,4,_,di,di,ADP,_
1248-3b,_,_,1248,5,_,il,il,DET,_
1248-4,BO112,1248,1248,6,{P},{P},_,_,_
1248-5,BO112,1248,1248,7,xx,x,x,X,_
1249-0,BO112,1249,1249,1,abbiamo,abbiamo,avere,AUX,_
1249-1,BO112,1249,1249,2,"detto,",detto,dire,VERB,Intonation=weakly_rising
1249-2,BO112,1249,1249,3,"ieri,",ieri,ieri,ADV,Intonation=weakly_rising
1250-0,BO112,1250,1250,1,che,che,che,SCONJ,_
1250-1,BO112,1250,1250,2,l',l',il,DET,Truncated=Yes
1250-2,BO112,1250,1250,3,antropologia,antropologia,antropologia,NOUN,_
1250-3,BO112,1250,1250,4,rende,rende,rendere,VERB,_
1251-0,BO112,1251,1251,1,familiare,familiare,familiare,ADJ,_
1251-1,BO112,1251,1251,2,ciò,ciò,ciò,PRON,_
1251-2,BO112,1251,1251,3,che,che,che,PRON,_
1251-3,BO112,1251,1251,4,è,è,essere,AUX,_
1251-4,BO112,1251,1251,5,"strano,",strano,strano,ADJ,Intonation=weakly_rising
1251-5,BO112,1251,1251,6,e,e,e,CCONJ,_
1251-6,BO112,1251,1251,7,strano,strano,strano,ADJ,_
1251-7,BO112,1251,1251,8,ciò,ciò,ciò,PRON,_
1251-8,BO112,1251,1251,9,che,che,che,PRON,_
1251-9,BO112,1251,1251,10,è,è,essere,AUX,_
1251-10,BO112,1251,1251,11,familiare.,familiare,familiare,ADJ,Intonation=falling
1251-11,BO112,1251,1251,12,vi,vi,vi,PRON,_
1251-12,BO112,1251,1251,13,ricordate?,ricordate,ricordare,VERB,Intonation=rising
1252-0,BO112,1252,1252,1,e,e,e,CCONJ,_
1252-1,BO112,1252,1252,2,"cioè,",cioè,cioè,CCONJ,Intonation=weakly_rising
1252-2,BO112,1252,1252,3,e:hm.,ehm,ehm,INTJ,Intonation=falling
1253-0,BO112,1253,1253,1,avevamo,avevamo,avere,AUX,_
1253-1,BO112,1253,1253,2,fatto,fatto,fare,VERB,_
1253-2,BO112,1253,1253,3,questo,questo,questo,DET,_
1253-3,BO112,1253,1253,4,"disegno,",disegno,disegno,NOUN,Intonation=weakly_rising
1254-0,BO112,1254,1254,1,familiare,familiare,familiare,ADJ,_
1254-1,BO112,1254,1254,2,ciò,ciò,ciò,PRON,_
1254-2,BO112,1254,1254,3,che,che,che,PRON,_
1254-3,BO112,1254,1254,4,è,è,essere,AUX,_
1254-4,BO112,1254,1254,5,strano,strano,strano,ADJ,_
1254-5,BO112,1254,1254,6,strano,strano,strano,ADJ,_
1254-6,BO112,1254,1254,7,ciò,ciò,ciò,PRON,_
1254-7,BO112,1254,1254,8,che,che,che,PRON,_
1254-8,BO112,1254,1254,9,è,è,essere,AUX,_
1254-9,BO112,1254,1254,10,"familiare,",familiare,familiare,ADJ,Intonation=weakly_rising
1255-0,BO112,1255,1255,1,"questo,",questo,questo,PRON,Intonation=weakly_rising
1255-1,BO112,1255,1255,2,insieme.,insieme,insieme,NOUN,Intonation=falling
1255-2,BO112,1255,1255,3,viene,viene,venire,AUX,_
1255-3,BO112,1255,1255,4,chiamato,chiamato,chiamare,VERB,_
1255-4,BO112,1255,1255,5,{P},{P},_,_,_
1255-5,BO112,1255,1255,6,il,il,il,DET,_
1255-6,BO112,1255,1255,7,giro,giro,giro,NOUN,_
1255-7,BO112,1255,1255,8,lungo,lungo,lungo,ADJ,_
1255-8,BO112,1255,1255,9-10,dell',dell',_,_,Truncated=Yes
1255-8a,_,_,1255,9,_,di,di,ADP,_
1255-8b,_,_,1255,10,_,l',il,DET,_
1255-9,BO112,1255,1255,11,antropologia.,antropologia,antropologia,NOUN,Intonation=falling
1256-0,BO112,1256,1256,1,"quindi,",quindi,quindi,ADV,Intonation=weakly_rising
1256-1,BO112,1256,1256,2,una,una,uno,DET,_
1256-2,BO112,1256,1256,3,domanda,domanda,domanda,NOUN,_
1256-3,BO112,1256,1256,4,d',d',di,ADP,SpaceAfter=No
1256-4,BO112,1256,1256,5,esame,esame,esame,NOUN,_
1256-5,BO112,1256,1256,6,può,può,potere,AUX,_
1256-6,BO112,1256,1256,7,"essere,",essere,essere,AUX,Intonation=weakly_rising
1257-0,BO112,1257,1257,1,cosa,cosa,cosa,PRON,_
1257-1,BO112,1257,1257,2,s',s',si,PRON,Truncated=Yes
1257-2,BO112,1257,1257,3,intende,intende,intendere,VERB,_
1257-3,BO112,1257,1257,4,per,per,per,ADP,_
1257-4,BO112,1257,1257,5,{P},{P},_,_,_
1257-5,BO112,1257,1257,6,giro,giro,giro,NOUN,_
1257-6,BO112,1257,1257,7,lungo,lungo,lungo,ADJ,_
1257-7,BO112,1257,1257,8-9,dell',dell',_,_,Truncated=Yes
1257-7a,_,_,1257,8,_,di,di,ADP,_
1257-7b,_,_,1257,9,_,l',il,DET,_
1257-8,BO112,1257,1257,10,antropologia?,antropologia,antropologia,NOUN,Intonation=rising
1258-0,BO112,1258,1258,1,il,il,il,DET,_
1258-1,BO112,1258,1258,2,giro,giro,giro,NOUN,_
1258-2,BO112,1258,1258,3,lungo,lungo,lungo,ADJ,_
1258-3,BO112,1258,1258,4-5,dell',dell',_,_,Truncated=Yes
1258-3a,_,_,1258,4,_,di,di,ADP,_
1258-3b,_,_,1258,5,_,l',il,DET,_
1258-4,BO112,1258,1258,6,antropologia.,antropologia,antropologia,NOUN,Intonation=falling
1259-0,BO112,1259,1259,1,l',l',lo,PRON,Truncated=Yes
1259-1,BO112,1259,1259,2,abbiamo,abbiamo,avere,AUX,_
1259-2,BO112,1259,1259,3,visto,visto,vedere,VERB,_
1259-3,BO112,1259,1259,4,"ieri,",ieri,ieri,ADV,Intonation=weakly_rising
1259-4,BO112,1259,1259,5,quindi,quindi,quindi,ADV,_
1259-5,BO112,1259,1259,6,l',l',il,DET,Truncated=Yes
1259-6,BO112,1259,1259,7,"antropologo,",antropologo,antropologo,NOUN,Intonation=weakly_rising
1260-0,BO112,1260,1260,1,rende,rende,rendere,VERB,_
1260-1,BO112,1260,1260,2,strano,strano,strano,ADJ,_
1260-2,BO112,1260,1260,3,ciò,ciò,ciò,PRON,_
1260-3,BO112,1260,1260,4,che,che,che,PRON,_
1260-4,BO112,1260,1260,5,è,è,essere,AUX,_
1260-5,BO112,1260,1260,6,familiare.,familiare,familiare,ADJ,Intonation=falling
1261-0,BO112,1261,1261,1,e,e,e,CCONJ,_
1261-1,BO112,1261,1261,2,cioè,cioè,cioé,CCONJ,_
1261-2,BO112,1261,1261,3,{P},{P},_,_,_
1261-3,BO112,1261,1261,4,fa,fa,fare,VERB,_
1261-4,BO112,1261,1261,5,vedere,vedere,vedere,VERB,_
1261-5,BO112,1261,1261,6,come,come,come,ADV,_
1261-6,BO112,1261,1261,7,in,in,in,ADP,_
1261-7,BO112,1261,1261,8,"realtà,",realtà,realtà,NOUN,Intonation=weakly_rising
1261-8,BO112,1261,1261,9,quello,quello,quello,PRON,_
1261-9,BO112,1261,1261,10,che,che,che,PRON,_
1261-10,BO112,1261,1261,11,ci,ci,ci,PRON,_
1261-11,BO112,1261,1261,12,sembrava,sembrava,sembrare,VERB,_
1261-12,BO112,1261,1261,13,"così,",così,così,ADV,Intonation=weakly_rising
1262-0,BO112,1262,1262,1,"strano,",strano,strano,ADJ,Intonation=weakly_rising
1262-1,BO112,1262,1262,2,il,il,il,DET,_
1262-2,BO112,1262,1262,3,matrimonio,matrimonio,matrimonio,NOUN,_
1262-3,BO112,1262,1262,4,"combinato,",combinato,combinato,ADJ,Intonation=weakly_rising
1262-4,BO112,1262,1262,5,in,in,in,ADP,_
1262-5,BO112,1262,1262,6,realtà,realtà,realtà,NOUN,_
1262-6,BO112,1262,1262,7,risponde,risponde,rispondere,VERB,_
1262-7,BO112,1262,1262,8,a,a,a,ADP,_
1262-8,BO112,1262,1262,9,"logiche,",logiche,logica,NOUN,Intonation=weakly_rising
1263-0,BO112,1263,1263,1,che,che,che,PRON,_
1263-1,BO112,1263,1263,2,non,non,non,ADV,_
1263-2,BO112,1263,1263,3,sono,sono,essere,AUX,_
1263-3,BO112,1263,1263,4,poi,poi,poi,ADV,_
1263-4,BO112,1263,1263,5,lontane,lontane,lontano,ADJ,_
1263-5,BO112,1263,1263,6-7,dalle,dalle,_,_,_
1263-5a,_,_,1263,6,_,da,da,ADP,_
1263-5b,_,_,1263,7,_,le,il,DET,_
1263-6,BO112,1263,1263,8,"nostre,",nostre,nostro,DET,Intonation=weakly_rising
1264-0,BO112,1264,1264,1,e,e,e,CCONJ,_
1264-1,BO112,1264,1264,2,"poi,",poi,poi,ADV,Intonation=weakly_rising
1264-2,BO112,1264,1264,3,torna,torna,tornare,VERB,_
1264-3,BO112,1264,1264,4,a,a,a,ADP,_
1264-4,BO112,1264,1264,5,"casa,",casa,casa,NOUN,Intonation=weakly_rising
1265-0,BO112,1265,1265,1,e,e,e,CCONJ,_
1265-1,BO112,1265,1265,2,rende,rende,rendere,VERB,_
1265-2,BO112,1265,1265,3,{P},{P},_,_,_
1265-3,BO112,1265,1265,4,strano,strano,strano,ADJ,_
1265-4,BO112,1265,1265,5,ciò,ciò,ciò,PRON,_
1265-5,BO112,1265,1265,6,che,che,che,PRON,_
1265-6,BO112,1265,1265,7,è,è,essere,AUX,_
1265-7,BO112,1265,1265,8,familiare.,familiare,familiare,ADJ,Intonation=falling
1266-0,BO112,1266,1266,1,in,in,in,ADP,_
1266-1,BO112,1266,1266,2,che,che,che,DET,_
1266-2,BO112,1266,1266,3,senso?,senso,senso,NOUN,Intonation=rising
1267-0,BO112,1267,1267,1,in,in,in,ADP,_
1267-1,BO112,1267,1267,2,che,che,che,DET,_
1267-2,BO112,1267,1267,3,senso,senso,senso,NOUN,_
1267-3,BO112,1267,1267,4,un,un,uno,DET,_
1267-4,BO112,1267,1267,5,{P},{P},_,_,_
1267-5,BO112,1267,1267,6,uno,uno,uno,DET,_
1267-6,BO112,1267,1267,7,studio,studio,studio,NOUN,_
1267-7,BO112,1267,1267,8-9,dei,dei,_,_,_
1267-7a,_,_,1267,8,_,di,di,ADP,_
1267-7b,_,_,1267,9,_,i,il,DET,_
1267-8,BO112,1267,1267,10,matrimoni,matrimoni,matrimonio,NOUN,_
1267-9,BO112,1267,1267,11,"combinati,",combinati,combinato,ADJ,Intonation=weakly_rising
1268-0,BO112,1268,1268,1-2,nella,nella,_,_,_
1268-0a,_,_,1268,1,_,in,in,ADP,_
1268-0b,_,_,1268,2,_,la,il,DET,_
1268-1,BO112,1268,1268,3,sua,sua,suo,DET,_
1268-2,BO112,1268,1268,4,seconda,seconda,secondo,ADJ,_
1268-3,BO112,1268,1268,5,parte,parte,parte,NOUN,_
1268-4,BO112,1268,1268,6-7,del,del,_,_,_
1268-4a,_,_,1268,6,_,di,di,ADP,_
1268-4b,_,_,1268,7,_,il,il,DET,_
1268-5,BO112,1268,1268,8,giro,giro,giro,NOUN,_
1268-6,BO112,1268,1268,9,"lungo,",lungo,lungo,ADJ,Intonation=weakly_rising
1269-0,BO112,1269,1269,1,rende,rende,rendere,VERB,_
1269-1,BO112,1269,1269,2,{P},{P},_,_,_
1269-2,BO112,1269,1269,3,strano,strano,strano,ADJ,_
1269-3,BO112,1269,1269,4,ciò,ciò,ciò,PRON,_
1269-4,BO112,1269,1269,5,che,che,che,PRON,_
1269-5,BO112,1269,1269,6,è,è,essere,AUX,_
1269-6,BO112,1269,1269,7,familiare?,familiare,familiare,ADJ,Intonation=rising
1270-0,BO112,1270,1270,1,su,su,su,ADP,_
1270-1,BO112,1270,1270,2,che,che,che,DET,_
1270-2,BO112,1270,1270,3,cosa,cosa,cosa,NOUN,_
1270-3,BO112,1270,1270,4,ci,ci,ci,PRON,_
1270-4,BO112,1270,1270,5,porta,porta,portare,VERB,_
1270-5,BO112,1270,1270,6,a,a,a,ADP,_
1270-6,BO112,1270,1270,7,riflettere?,riflettere,riflettere,VERB,Intonation=rising
1271-0,BO112,1271,1271,1,prego.,prego,prego,INTJ,Intonation=falling
1272-0,???,1272,1272,1,ci,ci,ci,PRON,_
1272-1,???,1272,1272,2,sono,sono,essere,VERB,_
1272-2,???,1272,1272,3,usanze,usanze,usanza,NOUN,_
1272-3,???,1272,1272,4,diverse,diverse,diverso,ADJ,_
1272-4,???,1272,1272,5,che,che,che,PRON,_
1272-5,???,1272,1272,6,dobbiamo,dobbiamo,dovere,AUX,_
1272-6,???,1272,1272,7,{P},{P},_,_,_
1272-7,???,1272,1272,8,recepire.,recepire,recepire,VERB,Intonation=falling
1273-0,???,1273,1273,1,dobbiamo,dobbiamo,dovere,AUX,_
1274-0,BO112,1274,1274,1,certo,certo,certo,ADV,_
1274-1,BO112,1274,1274,2,c',c',ci,PRON,Truncated=Yes
1274-2,BO112,1274,1274,3,è:,è,essere,VERB,_
1275-0,BO112,1275,1275,1,sicuramente,sicuramente,sicuramente,ADV,_
1275-1,BO112,1275,1275,2,questo,questo,questo,PRON,_
1275-2,BO112,1275,1275,3,"però,",però,però,ADV,Intonation=weakly_rising
1276-0,BO112,1276,1276,1,quello,quello,quello,PRON,_
1276-1,BO112,1276,1276,2,che,che,che,PRON,_
1276-2,BO112,1276,1276,3,"conta,",conta,contare,VERB,Intonation=weakly_rising
1277-0,BO112,1277,1277,1,è,è,essere,VERB,_
1277-1,BO112,1277,1277,2,che,che,che,SCONJ,_
1277-2,BO112,1277,1277,3,{P},{P},_,_,_
1277-3,BO112,1277,1277,4,il,il,il,DET,_
1277-4,BO112,1277,1277,5,sapere,sapere,sapere,NOUN,_
1277-5,BO112,1277,1277,6,critico,critico,critico,ADJ,_
1277-6,BO112,1277,1277,7-8,dell',dell',_,_,Truncated=Yes
1277-6a,_,_,1277,7,_,di,di,ADP,_
1277-6b,_,_,1277,8,_,l',il,DET,_
1277-7,BO112,1277,1277,9,"antropologia,",antropologia,antropologia,NOUN,Intonation=weakly_rising
1278-0,BO112,1278,1278,1,sta,sta,stare,VERB,_
1278-1,BO112,1278,1278,2,qua.,qua,qua,ADV,Intonation=falling
1279-0,BO112,1279,1279,1,cioè,cioè,cioè,CCONJ,_
1279-1,BO112,1279,1279,2-3,nella,nella,_,_,_
1279-1a,_,_,1279,2,_,in,in,ADP,_
1279-1b,_,_,1279,3,_,la,il,DET,_
1279-2,BO112,1279,1279,4,capacità,capacità,capacità,NOUN,_
1279-3,BO112,1279,1279,5,di,di,di,ADP,_
1279-4,BO112,1279,1279,6,un',un',uno,DET,Truncated=Yes
1279-5,BO112,1279,1279,7,"analisi,",analisi,analisi,NOUN,Intonation=weakly_rising
1280-0,BO112,1280,1280,1,che,che,che,PRON,_
1280-1,BO112,1280,1280,2,mette,mette,mettere,VERB,_
1280-2,BO112,1280,1280,3,in,in,in,ADP,_
1280-3,BO112,1280,1280,4,discussione,discussione,discussione,NOUN,_
1280-4,BO112,1280,1280,5,i,i,il,DET,_
1280-5,BO112,1280,1280,6,nostri,nostri,nostro,DET,_
1280-6,BO112,1280,1280,7,modelli.,modelli,modello,NOUN,Intonation=falling
1281-0,BO112,1281,1281,1,non,non,non,ADV,_
1281-1,BO112,1281,1281,2,solo,solo,solo,ADV,_
1281-2,BO112,1281,1281,3,che,che,che,SCONJ,_
1281-3,BO112,1281,1281,4,noi,noi,noi,PRON,_
1281-4,BO112,1281,1281,5,vediamo,vediamo,vedere,VERB,_
1281-5,BO112,1281,1281,6,che,che,che,SCONJ,_
1281-6,BO112,1281,1281,7,ce,ce,ce,PRON,_
1281-7,BO112,1281,1281,8,ne,ne,ne,PRON,_
1281-8,BO112,1281,1281,9,sono,sono,essere,AUX,_
1281-9,BO112,1281,1281,10,"altri,",altri,altro,PRON,Intonation=weakly_rising
1281-10,BO112,1281,1281,11,non,non,non,ADV,_
1281-11,BO112,1281,1281,12,"basta,",basta,bastare,VERB,Intonation=weakly_rising
1282-0,BO112,1282,1282,1,mettiamo,mettiamo,mettere,VERB,_
1282-1,BO112,1282,1282,2,in,in,in,ADP,_
1282-2,BO112,1282,1282,3,discussione,discussione,discussione,NOUN,_
1282-3,BO112,1282,1282,4,i,i,il,DET,_
1282-4,BO112,1282,1282,5,nostri,nostri,nostro,DET,_
1282-5,BO112,1282,1282,6,modelli.,modelli,modello,NOUN,Intonation=falling
1283-0,BO112,1283,1283,1,ci,ci,ci,PRON,_
1283-1,BO112,1283,1283,2,possiamo,possiamo,potere,AUX,_
1283-2,BO112,1283,1283,3,chiedere,chiedere,chiedere,VERB,_
1283-3,BO112,1283,1283,4,{P},{P},_,_,_
1283-4,BO112,1283,1283,5,quello,quello,quello,PRON,_
1283-5,BO112,1283,1283,6,che,che,che,PRON,_
1283-6,BO112,1283,1283,7,noi,noi,noi,PRON,_
1283-7,BO112,1283,1283,8,pensiamo,pensiamo,pensare,VERB,_
1283-8,BO112,1283,1283,9-10,del,del,_,_,_
1283-8a,_,_,1283,9,_,di,di,ADP,_
1283-8b,_,_,1283,10,_,il,il,DET,_
1283-9,BO112,1283,1283,11,cosiddetto,cosiddetto,cosiddetto,ADJ,_
1283-10,BO112,1283,1283,12,matrimonio,matrimonio,matrimonio,NOUN,_
1283-11,BO112,1283,1283,13,d',d',di,ADP,SpaceAfter=No
1283-12,BO112,1283,1283,14,"amore,",amore,amore,NOUN,Intonation=weakly_rising
1284-0,BO112,1284,1284,1,ha,ha,avere,VERB,_
1284-1,BO112,1284,1284,2,senso?,senso,senso,NOUN,Intonation=rising
1285-0,BO112,1285,1285,1,oppure,oppure,oppure,CCONJ,_
1285-1,BO112,1285,1285,2,no?,no,no,ADV,Intonation=rising
1286-0,BO112,1286,1286,1,in,in,in,ADP,_
1286-1,BO112,1286,1286,2,questo,questo,questo,DET,_
1286-2,BO112,1286,1286,3,"senso,",senso,senso,NOUN,Intonation=weakly_rising
1287-0,BO112,1287,1287,1,è,è,essere,AUX,_
1287-1,BO112,1287,1287,2,un,un,uno,DET,_
1287-2,BO112,1287,1287,3,sapere,sapere,sapere,NOUN,_
1287-3,BO112,1287,1287,4,critico.,critico,critico,ADJ,Intonation=falling
1288-0,BO112,1288,1288,1,è,è,essere,AUX,_
1288-1,BO112,1288,1288,2,vero,vero,vero,ADJ,_
1288-2,BO112,1288,1288,3,che,che,che,SCONJ,_
1288-3,BO112,1288,1288,4,il,il,il,DET,_
1288-4,BO112,1288,1288,5,matrimonio,matrimonio,matrimonio,NOUN,_
1288-5,BO112,1288,1288,6,d',d',di,ADP,SpaceAfter=No
1288-6,BO112,1288,1288,7,"amore,",amore,amore,NOUN,Intonation=weakly_rising
1289-0,BO112,1289,1289,1,è,è,essere,AUX,_
1289-1,BO112,1289,1289,2,"vero,",vero,vero,ADJ,Intonation=weakly_rising
1289-2,BO112,1289,1289,3,è,è,essere,AUX,_
1289-3,BO112,1289,1289,4,"felice,",felice,felice,ADJ,Intonation=weakly_rising
1289-4,BO112,1289,1289,5,vabbè,vabbè,vabbè,CCONJ,_
1289-5,BO112,1289,1289,6,felice,felice,felice,ADJ,_
1289-6,BO112,1289,1289,7,l',l',lo,PRON,Truncated=Yes
1289-7,BO112,1289,1289,8,abbiam,abbiam,avere,AUX,_
1289-8,BO112,1289,1289,9,già,già,già,ADV,_
1289-9,BO112,1289,1289,10,visto.,visto,vedere,VERB,Intonation=falling
1290-0,BO112,1290,1290,1,è:,è,essere,AUX,_
1290-1,BO112,1290,1290,2,una,una,uno,DET,_
1290-2,BO112,1290,1290,3,libera,libera,libero,ADJ,_
1290-3,BO112,1290,1290,4,"scelta,",scelta,scelta,NOUN,Intonation=weakly_rising
1290-4,BO112,1290,1290,5,per,per,per,ADP,_
1290-5,BO112,1290,1290,6,"esempio,",esempio,esempio,NOUN,Intonation=weakly_rising
1291-0,BO112,1291,1291,1,il,il,il,DET,_
1291-1,BO112,1291,1291,2,matrimonio,matrimonio,matrimonio,NOUN,_
1291-2,BO112,1291,1291,3,d',d',di,ADP,SpaceAfter=No
1291-3,BO112,1291,1291,4,"amore,",amore,amore,NOUN,Intonation=weakly_rising
1291-4,BO112,1291,1291,5,è,è,essere,AUX,_
1291-5,BO112,1291,1291,6,una,una,uno,DET,_
1291-6,BO112,1291,1291,7,libera,libera,libero,ADJ,_
1291-7,BO112,1291,1291,8,scelta?,scelta,scelta,NOUN,Intonation=rising
1292-0,BO112,1292,1292,1,l',l',il,DET,Truncated=Yes
1292-1,BO112,1292,1292,2,"antropologo,",antropologo,antropologo,NOUN,Intonation=weakly_rising
1293-0,BO112,1293,1293,1,dopo,dopo,dopo,SCONJ,_
1293-1,BO112,1293,1293,2,aver,aver,avere,AUX,_
1293-2,BO112,1293,1293,3,fatto,fatto,fare,VERB,_
1293-3,BO112,1293,1293,4,il,il,il,DET,_
1293-4,BO112,1293,1293,5,giro,giro,giro,NOUN,_
1293-5,BO112,1293,1293,6,"lungo,",lungo,lungo,ADJ,Intonation=weakly_rising
1293-6,BO112,1293,1293,7,"allora,",allora,allora,ADV,Intonation=weakly_rising
1293-7,BO112,1293,1293,8,torna,torna,tornare,VERB,_
1293-8,BO112,1293,1293,9,a,a,a,ADP,_
1293-9,BO112,1293,1293,10,casa,casa,casa,NOUN,_
1293-10,BO112,1293,1293,11,e,e,e,CCONJ,_
1293-11,BO112,1293,1293,12,dice,dice,dire,VERB,_
1293-12,BO112,1293,1293,13,"no,",no,no,ADV,Intonation=weakly_rising
1294-0,BO112,1294,1294,1,non,non,non,ADV,_
1294-1,BO112,1294,1294,2,è,è,essere,AUX,_
1294-2,BO112,1294,1294,3,vero,vero,vero,ADJ,_
1294-3,BO112,1294,1294,4,che,che,che,SCONJ,_
1294-4,BO112,1294,1294,5,una,una,uno,DET,_
1294-5,BO112,1294,1294,6,libera,libera,libero,ADJ,_
1294-6,BO112,1294,1294,7,scelta,scelta,scelta,NOUN,_
1294-7,BO112,1294,1294,8,"perché,",perché,perché,SCONJ,Intonation=weakly_rising
1295-0,BO112,1295,1295,1,se,se,se,SCONJ,_
1295-1,BO112,1295,1295,2,io,io,io,PRON,_
1295-2,BO112,1295,1295,3,"fossi,",fossi,essere,AUX,Intonation=weakly_rising
1296-0,BO112,1296,1296,1,uno,uno,uno,DET,_
1296-1,BO112,1296,1296,2,scienziato,scienziato,scienziato,NOUN,_
1296-2,BO112,1296,1296,3,"sociale,",sociale,sociale,ADJ,Intonation=weakly_rising
1297-0,BO112,1297,1297,1,che,che,che,PRON,_
1297-1,BO112,1297,1297,2,viene,viene,venire,VERB,_
1297-2,BO112,1297,1297,3,da,da,da,ADP,_
1297-3,BO112,1297,1297,4,un,un,uno,DET,_
1297-4,BO112,1297,1297,5,altro,altro,altro,ADJ,_
1297-5,BO112,1297,1297,6,"mondo,",mondo,mondo,NOUN,Intonation=weakly_rising
1298-0,BO112,1298,1298,1-2,dalle,dalle,_,_,_
1298-0a,_,_,1298,1,_,da,da,ADP,_
1298-0b,_,_,1298,2,_,le,il,DET,_
1298-1,BO112,1298,1298,3,"trobriand,",trobriand,Trobriand,PROPN,Intonation=weakly_rising
1298-2,BO112,1298,1298,4,sempre,sempre,sempre,ADV,_
1298-3,BO112,1298,1298,5,dove,dove,dove,ADV,_
1298-4,BO112,1298,1298,6,stava,stava,stare,AUX,_
1298-5,BO112,1298,1298,7,malinowski,malinowski,Malinowski,PROPN,_
1299-0,BO112,1299,1299,1,venissi,venissi,venire,VERB,_
1299-1,BO112,1299,1299,2,"qui,",qui,qui,ADV,Intonation=weakly_rising
1300-0,BO112,1300,1300,1,e,e,e,CCONJ,_
1300-1,BO112,1300,1300,2,studiassi,studiassi,studiare,VERB,_
1300-2,BO112,1300,1300,3,il,il,il,DET,_
1300-3,BO112,1300,1300,4,"matrimonio,",matrimonio,matrimonio,NOUN,Intonation=weakly_rising
1301-0,BO112,1301,1301,1,a,a,a,ADP,_
1301-1,BO112,1301,1301,2,"bologna,",bologna,Bologna,PROPN,Intonation=weakly_rising
1301-2,BO112,1301,1301,3,oggi.,oggi,oggi,ADV,Intonation=falling
1302-0,BO112,1302,1302,1,e,e,e,CCONJ,_
1302-1,BO112,1302,1302,2,studiassi,studiassi,studiare,VERB,_
1302-2,BO112,1302,1302,3,per,per,per,ADP,_
1302-3,BO112,1302,1302,4,"esempio,",esempio,esempio,NOUN,Intonation=weakly_rising
1302-4,BO112,1302,1302,5,i,i,il,DET,_
1302-5,BO112,1302,1302,6,vostri,vostri,vostro,DET,_
1302-6,BO112,1302,1302,7,futuri,futuri,futuro,ADJ,_
1302-7,BO112,1302,1302,8,"matrimoni,",matrimoni,matrimonio,NOUN,Intonation=weakly_rising
1303-0,BO112,1303,1303,1,mai,mai,mai,ADV,_
1303-1,BO112,1303,1303,2,"direbbe,",direbbe,dire,VERB,Intonation=weakly_rising
1303-2,BO112,1303,1303,3,che,che,che,SCONJ,_
1303-3,BO112,1303,1303,4,il,il,il,DET,_
1303-4,BO112,1303,1303,5,matrimonio,matrimonio,matrimonio,NOUN,_
1303-5,BO112,1303,1303,6,è,è,essere,AUX,_
1303-6,BO112,1303,1303,7,una,una,uno,DET,_
1303-7,BO112,1303,1303,8,libera,libera,libero,ADJ,_
1303-8,BO112,1303,1303,9,scelta.,scelta,scelta,NOUN,Intonation=falling
1304-0,BO112,1304,1304,1,perché,perché,perché,SCONJ,_
1304-1,BO112,1304,1304,2,no?,no,no,ADV,Intonation=rising
1305-0,BO112,1305,1305,1,e:h,eh,eh,INTJ,_
1305-1,BO112,1305,1305,2,alzate,alzate,alzare,VERB,_
1305-2,BO112,1305,1305,3,la,la,il,DET,_
1305-3,BO112,1305,1305,4,mano,mano,mano,NOUN,_
1305-4,BO112,1305,1305,5,e,e,e,CCONJ,_
1305-5,BO112,1305,1305,6,poi,poi,poi,ADV,_
1305-6,BO112,1305,1305,7,d~,d~,d~,X,Interrupted=Yes
1305-7,BO112,1305,1305,8,prego,prego,prego,INTJ,_
1305-8,BO112,1305,1305,9,"e:h,",eh,eh,INTJ,Intonation=weakly_rising
1305-9,BO112,1305,1305,10,cominciamo,cominciamo,cominciare,VERB,_
1305-10,BO112,1305,1305,11-12,dalla,dalla,_,_,_
1305-10a,_,_,1305,11,_,da,da,ADP,_
1305-10b,_,_,1305,12,_,la,il,DET,_
1305-11,BO112,1305,1305,13,ragazza,ragazza,ragazzo,NOUN,_
1305-12,BO112,1305,1305,14,là,là,là,ADV,_
1305-13,BO112,1305,1305,15,in,in,in,ADP,_
1305-14,BO112,1305,1305,16,"fondo,",fondo,fondo,NOUN,Intonation=weakly_rising
1306-0,???,1306,1306,1,magari,magari,magari,ADV,_
1306-1,???,1306,1306,2,il,il,il,DET,_
1306-2,???,1306,1306,3,{P},{P},_,_,_
1306-3,???,1306,1306,4,il,il,il,DET,_
1306-4,???,1306,1306,5,matrimonio,matrimonio,matrimonio,NOUN,_
1306-5,???,1306,1306,6,combinato,combinato,combinato,ADJ,_
1306-6,???,1306,1306,7,è,è,essere,AUX,_
1306-7,???,1306,1306,8,"esplicito,",esplicito,esplicito,ADJ,Intonation=weakly_rising
1307-0,???,1307,1307,1,mentre,mentre,mentre,SCONJ,_
1307-1,???,1307,1307,2,quello,quello,quello,PRON,_
1307-2,???,1307,1307,3,d',d',di,ADP,SpaceAfter=No
1307-3,???,1307,1307,4,amore,amore,amore,NOUN,_
1307-4,???,1307,1307,5,è,è,essere,AUX,_
1307-5,???,1307,1307,6,implicito,implicito,implicito,ADJ,_
1307-6,???,1307,1307,7,ma,ma,ma,CCONJ,_
1307-7,???,1307,1307,8,{P},{P},_,_,_
1307-8,???,1307,1307,9,per,per,per,ADP,_
1307-9,???,1307,1307,10,questo,questo,questo,PRON,_
1307-10,???,1307,1307,11,sottendono,sottendono,sottendere,VERB,_
1307-11,???,1307,1307,12-13,(alle),alle,_,_,_
1307-11a,_,_,1307,12,_,a,a,ADP,_
1307-11b,_,_,1307,13,_,le,il,DET,_
1307-12,???,1307,1307,14,"logiche,",logiche,logica,NOUN,Intonation=weakly_rising
1308-0,???,1308,1308,1,che,che,che,SCONJ,_
1308-1,???,1308,1308,2,ci,ci,ci,PRON,_
1308-2,???,1308,1308,3,sono,sono,essere,VERB,_
1308-3,???,1308,1308,4,anche,anche,anche,ADV,_
1308-4,???,1308,1308,5-6,nel,nel,_,_,_
1308-4a,_,_,1308,5,_,in,in,ADP,_
1308-4b,_,_,1308,6,_,il,il,DET,_
1308-5,???,1308,1308,7,"combinato,",combinato,combinato,ADJ,Intonation=weakly_rising
1309-0,BO112,1309,1309,1,quali?,quali,quale,PRON,Intonation=rising
1310-0,???,1310,1310,1,non,non,non,ADV,_
1310-1,???,1310,1310,2,lo,lo,lo,PRON,_
1310-2,???,1310,1310,3,"so,",so,sapere,VERB,Intonation=weakly_rising
1310-3,???,1310,1310,4,quelle,quelle,quello,PRON,_
1310-4,???,1310,1310,5,"economiche,",economiche,economico,ADJ,Intonation=weakly_rising
1310-5,???,1310,1310,6,"sociali,",sociali,sociale,ADJ,Intonation=weakly_rising
1311-0,???,1311,1311,1,"politiche,",politiche,politico,ADJ,Intonation=weakly_rising
1312-0,???,1312,1312,1,che,che,che,SCONJ,_
1312-1,???,1312,1312,2,{P},{P},_,_,_
1312-2,???,1312,1312,3,in,in,in,ADP,_
1312-3,???,1312,1312,4,qualche,qualche,qualche,DET,_
1312-4,???,1312,1312,5,"modo,",modo,modo,NOUN,Intonation=weakly_rising
1312-5,???,1312,1312,6,creano,creano,creare,VERB,_
1312-6,???,1312,1312,7,un,un,uno,DET,_
1312-7,???,1312,1312,8,"sottofondo,",sottofondo,sottofondo,NOUN,Intonation=weakly_rising
1313-0,BO112,1313,1313,1,ecco,ecco,ecco,ADV,_
1313-1,BO112,1313,1313,2,lo,lo,il,DET,_
1313-2,BO112,1313,1313,3,spie~,spie~,spie~,VERB,Interrupted=Yes
1313-3,BO112,1313,1313,4,lo,lo,lo,PRON,_
1313-4,BO112,1313,1313,5,spieghi,spieghi,spiegare,VERB,_
1313-5,BO112,1313,1313,6,per,per,per,ADP,_
1313-6,BO112,1313,1313,7,i,i,il,DET,_
1313-7,BO112,1313,1313,8,suoi,suoi,suo,DET,_
1313-8,BO112,1313,1313,9,colleghi,colleghi,collega,NOUN,_
1313-9,BO112,1313,1313,10,un,un,uno,DET,_
1313-10,BO112,1313,1313,11,po',po',poco,ADV,_
1313-11,BO112,1313,1313,12,di,di,di,ADP,_
1313-12,BO112,1313,1313,13,più.,più,più,ADV,Intonation=falling
1314-0,BO112,1314,1314,1,n~,n~,n~,X,Interrupted=Yes
1314-1,BO112,1314,1314,2,non,non,non,ADV,_
1314-2,BO112,1314,1314,3,è,è,essere,AUX,_
1314-3,BO112,1314,1314,4,{P},{P},_,_,_
1314-4,BO112,1314,1314,5,è,è,essere,AUX,_
1314-5,BO112,1314,1314,6,proprio,proprio,proprio,ADV,_
1314-6,BO112,1314,1314,7,così,così,così,ADV,_
1314-7,BO112,1314,1314,8,eh,eh,eh,INTJ,_
1314-8,BO112,1314,1314,9,probabilmente,probabilmente,probabilmente,ADV,_
1314-9,BO112,1314,1314,10,però,però,però,ADV,_
1314-10,BO112,1314,1314,11,{P},{P},_,_,_
1314-11,BO112,1314,1314,12,esplicitiamo,esplicitiamo,esplicitare,VERB,_
1314-12,BO112,1314,1314,13,di,di,di,ADP,_
1314-13,BO112,1314,1314,14,più.,più,più,ADV,Intonation=falling
1315-0,???,1315,1315,1,ci,ci,ci,PRON,_
1315-1,???,1315,1315,2,sono,sono,essere,VERB,_
1315-2,???,1315,1315,3-4,delle,delle,_,_,_
1315-2a,_,_,1315,3,_,di,di,ADP,_
1315-2b,_,_,1315,4,_,le,il,DET,_
1315-3,???,1315,1315,5,logiche,logiche,logica,NOUN,_
1315-4,???,1315,1315,6,esplicite,esplicite,esplicito,ADJ,_
1315-5,???,1315,1315,7,che,che,che,PRON,_
1315-6,???,1315,1315,8,vengono,vengono,venire,AUX,_
1315-7,???,1315,1315,9,anche,anche,anche,ADV,_
1315-8,???,1315,1315,10,{P},{P},_,_,_
1315-9,???,1315,1315,11,"delegate,",delegate,delegare,VERB,Intonation=weakly_rising
1316-0,???,1316,1316,1,ad,ad,a,ADP,_
1316-1,???,1316,1316,2,altre,altre,altro,DET,_
1316-2,???,1316,1316,3,persone,persone,persona,NOUN,_
1316-3,???,1316,1316,4,che,che,che,PRON,_
1316-4,???,1316,1316,5,sono,sono,essere,AUX,_
1316-5,???,1316,1316,6,i,i,il,DET,_
1316-6,???,1316,1316,7,genitori.,genitori,genitore,NOUN,Intonation=falling
1317-0,???,1317,1317,1-2,nel,nel,_,_,_
1317-0a,_,_,1317,1,_,in,in,ADP,_
1317-0b,_,_,1317,2,_,il,il,DET,_
1317-1,???,1317,1317,3,caso,caso,caso,NOUN,_
1317-2,???,1317,1317,4,di,di,di,ADP,_
1317-3,???,1317,1317,5,un,un,uno,DET,_
1317-4,???,1317,1317,6,matrimonio,matrimonio,matrimonio,NOUN,_
1317-5,???,1317,1317,7,combinato.,combinato,combinato,ADJ,Intonation=falling
1318-0,???,1318,1318,1,e,e,e,CCONJ,_
1318-1,???,1318,1318,2,ci,ci,ci,PRON,_
1318-2,???,1318,1318,3,sono,sono,essere,VERB,_
1318-3,???,1318,1318,4-5,delle,delle,_,_,_
1318-3a,_,_,1318,4,_,di,di,ADP,_
1318-3b,_,_,1318,5,_,le,il,DET,_
1318-4,???,1318,1318,6,altre,altre,altro,PRON,_
1319-0,???,1319,1319,1-2,degli,degli,_,_,_
1319-0a,_,_,1319,1,_,di,di,ADP,_
1319-0b,_,_,1319,2,_,gli,il,DET,_
1319-1,???,1319,1319,3,altri,altri,altro,ADJ,_
1319-2,???,1319,1319,4,poli,poli,polo,NOUN,_
1319-3,???,1319,1319,5,di,di,di,ADP,_
1319-4,???,1319,1319,6,de~,de~,de~,X,Interrupted=Yes
1319-5,???,1319,1319,7,{P},{P},_,_,_
1319-6,???,1319,1319,8,di,di,di,ADP,_
1319-7,???,1319,1319,9,decisioni.,decisioni,decisione,NOUN,Intonation=falling
1320-0,???,1320,1320,1-2,nel,nel,_,_,_
1320-0a,_,_,1320,1,_,in,in,ADP,_
1320-0b,_,_,1320,2,_,il,il,DET,_
1320-1,???,1320,1320,3,matrimonio,matrimonio,matrimonio,NOUN,_
1320-2,???,1320,1320,4,{P},{P},_,_,_
1320-3,???,1320,1320,5,d',d',di,ADP,SpaceAfter=No
1320-4,???,1320,1320,6,"amore,",amore,amore,NOUN,Intonation=weakly_rising
1320-5,???,1320,1320,7,può,può,potere,AUX,_
1320-6,???,1320,1320,8,essere,essere,essere,AUX,_
1320-7,???,1320,1320,9,lo,lo,lo,DET,_
1320-8,???,1320,1320,10,"stesso,",stesso,stesso,ADJ,Intonation=weakly_rising
1321-0,???,1321,1321,1,può,può,potere,AUX,_
1321-1,???,1321,1321,2,essere,essere,essere,AUX,_
1321-2,???,1321,1321,3,più,più,più,ADV,_
1321-3,???,1321,1321,4,"soggettivo,",soggettivo,soggettivo,ADJ,Intonation=weakly_rising
1322-0,???,1322,1322,1,può,può,potere,AUX,_
1322-1,???,1322,1322,2,essere,essere,essere,AUX,_
1322-2,???,1322,1322,3,anche,anche,anche,ADV,_
1323-0,???,1323,1323,1,"inconscio,",inconscio,inconscio,ADJ,Intonation=weakly_rising
1324-0,???,1324,1324,1,ma::,ma,ma,CCONJ,_
1325-0,???,1325,1325,1,possono,possono,potere,AUX,_
1325-1,???,1325,1325,2,funzionare,funzionare,funzionare,VERB,_
1325-2,???,1325,1325,3-4,delle,delle,delle,DET,_
1325-3,???,1325,1325,5,logiche,logiche,logica,NOUN,_
1325-4,???,1325,1325,6,sociali,sociali,sociale,ADJ,_
1325-5,???,1325,1325,7,economiche,economiche,economico,ADJ,_
1325-6,???,1325,1325,8,e,e,e,CCONJ,_
1325-7,???,1325,1325,9,"politiche,",politiche,politico,ADJ,Intonation=weakly_rising
1326-0,???,1326,1326,1,dopo,dopo,dopo,ADV,_
1326-1,???,1326,1326,2,che,che,che,SCONJ,_
1326-2,???,1326,1326,3,quelle,quelle,quello,PRON,_
1326-3,???,1326,1326,4,estetiche:,estetiche,estetico,ADJ,_
1327-0,???,1327,1327,1,"sentimentali,",sentimentali,sentimentale,ADJ,Intonation=weakly_rising
1328-0,BO112,1328,1328,1,si,si,si,PRON,_
1328-1,BO112,1328,1328,2,però,però,però,ADV,_
1328-2,BO112,1328,1328,3,{P},{P},_,_,_
1328-3,BO112,1328,1328,4,noi,noi,noi,PRON,_
1328-4,BO112,1328,1328,5,dobbiamo,dobbiamo,dovere,AUX,_
1328-5,BO112,1328,1328,6,rispondere,rispondere,rispondere,VERB,_
1328-6,BO112,1328,1328,7-8,alla,alla,_,_,_
1328-6a,_,_,1328,7,_,a,a,ADP,_
1328-6b,_,_,1328,8,_,la,il,DET,_
1328-7,BO112,1328,1328,9,seguente,seguente,seguente,ADJ,_
1328-8,BO112,1328,1328,10,domanda.,domanda,domanda,NOUN,Intonation=falling
1329-0,BO112,1329,1329,1,perché,perché,perché,SCONJ,_
1330-0,BO112,1330,1330,1,dopo,dopo,dopo,ADV,_
1330-1,BO112,1330,1330,2,che,che,che,SCONJ,_
1330-2,BO112,1330,1330,3,usciamo,usciamo,uscire,VERB,_
1330-3,BO112,1330,1330,4,oggi,oggi,oggi,ADV,_
1330-4,BO112,1330,1330,5,da,da,da,ADP,_
1330-5,BO112,1330,1330,6,"qua,",qua,qua,ADV,Intonation=weakly_rising
1330-6,BO112,1330,1330,7,non,non,non,ADV,_
1330-7,BO112,1330,1330,8,pensiamo,pensiamo,pensare,VERB,_
1330-8,BO112,1330,1330,9,più,più,più,ADV,_
1330-9,BO112,1330,1330,10,che,che,che,SCONJ,_
1330-10,BO112,1330,1330,11,il,il,il,DET,_
1330-11,BO112,1330,1330,12,matrimonio,matrimonio,matrimonio,NOUN,_
1330-12,BO112,1330,1330,13,d',d',di,ADP,SpaceAfter=No
1330-13,BO112,1330,1330,14,amore,amore,amore,NOUN,_
1330-14,BO112,1330,1330,15,sia,sia,essere,AUX,_
1330-15,BO112,1330,1330,16,una,una,uno,DET,_
1330-16,BO112,1330,1330,17,libera,libera,libero,ADJ,_
1330-17,BO112,1330,1330,18,scelta?,scelta,scelta,NOUN,Intonation=rising
1331-0,BO112,1331,1331,1,da,da,da,ADP,_
1331-1,BO112,1331,1331,2,cosa,cosa,cosa,PRON,_
1331-2,BO112,1331,1331,3,dipende?,dipende,dipendere,VERB,Intonation=rising
1332-0,BO112,1332,1332,1,perché,perché,perché,SCONJ,_
1332-1,BO112,1332,1332,2,gli,gli,il,DET,_
1332-2,BO112,1332,1332,3,an~,an~,an~,X,Interrupted=Yes
1332-3,BO112,1332,1332,4,il,il,il,DET,_
1332-4,BO112,1332,1332,5,ragionamento,ragionamento,ragionamento,NOUN,_
1332-5,BO112,1332,1332,6,antropologico,antropologico,antropologico,ADJ,_
1332-6,BO112,1332,1332,7,ci,ci,ci,PRON,_
1332-7,BO112,1332,1332,8,ha,ha,avere,AUX,_
1332-8,BO112,1332,1332,9,portato,portato,portare,VERB,_
1332-9,BO112,1332,1332,10,a,a,a,ADP,_
1332-10,BO112,1332,1332,11,riflettere,riflettere,riflettere,VERB,_
1332-11,BO112,1332,1332,12,su,su,su,ADP,_
1332-12,BO112,1332,1332,13,questo.,questo,questo,PRON,Intonation=falling
1332-13,BO112,1332,1332,14,perché,perché,perché,SCONJ,_
1332-14,BO112,1332,1332,15,non,non,non,ADV,_
1332-15,BO112,1332,1332,16,pensiamo,pensiamo,pensare,VERB,_
1332-16,BO112,1332,1332,17,più,più,più,ADV,_
1332-17,BO112,1332,1332,18,che,che,che,SCONJ,_
1332-18,BO112,1332,1332,19,sia,sia,essere,AUX,_
1332-19,BO112,1332,1332,20,una,una,uno,DET,_
1332-20,BO112,1332,1332,21,libera,libera,libero,ADJ,_
1332-21,BO112,1332,1332,22,scelta.,scelta,scelta,NOUN,Intonation=falling
1333-0,BO112,1333,1333,1,lei,lei,lei,PRON,_
1333-1,BO112,1333,1333,2,ha,ha,avere,AUX,_
1333-2,BO112,1333,1333,3,già,già,già,ADV,_
1333-3,BO112,1333,1333,4,alzato,alzato,alzare,VERB,_
1333-4,BO112,1333,1333,5,la,la,il,DET,_
1333-5,BO112,1333,1333,6,ma~,ma~,ma~,X,Interrupted=Yes
1333-6,BO112,1333,1333,7,ecco,ecco,ecco,ADV,_
1333-7,BO112,1333,1333,8,questa,questa,questo,PRON,_
1333-8,BO112,1333,1333,9,che,che,che,PRON,_
1333-9,BO112,1333,1333,10,non,non,non,ADV,_
1333-10,BO112,1333,1333,11,ha,ha,avere,AUX,_
1333-11,BO112,1333,1333,12,mai,mai,mai,ADV,_
1333-12,BO112,1333,1333,13,"parlato,",parlato,parlare,VERB,Intonation=weakly_rising
1333-13,BO112,1333,1333,14,prego.,prego,prego,INTJ,Intonation=falling
1334-0,BO112,1334,1334,1,la,la,il,DET,_
1334-1,BO112,1334,1334,2,raga~,raga~,raga~,X,Interrupted=Yes
1334-2,BO112,1334,1334,3,passatele,passatele,_,_,_
1334-2a,_,_,1334,,_,passate,passare,VERB,
1334-2b,_,_,1334,,_,le,le,PRON,
1334-3,BO112,1334,1334,4,il,il,il,DET,_
1334-4,BO112,1334,1334,5,microfono,microfono,microfono,NOUN,_
1334-5,BO112,1334,1334,6,"ragazzi,",ragazzi,ragazzo,NOUN,Intonation=weakly_rising
1334-6,BO112,1334,1334,7,se,se,se,SCONJ,_
1334-7,BO112,1334,1334,8,no,no,no,ADV,_
1334-8,BO112,1334,1334,9,non,non,non,ADV,_
1334-9,BO112,1334,1334,10,si,si,si,PRON,_
1334-10,BO112,1334,1334,11,sente.,sente,sentire,VERB,Intonation=falling
1335-0,???,1335,1335,1,è,è,essere,AUX,_
1335-1,???,1335,1335,2,determinato,determinato,determinare,VERB,_
1335-2,???,1335,1335,3-4,dai,dai,_,_,_
1335-2a,_,_,1335,3,_,da,da,ADP,_
1335-2b,_,_,1335,4,_,i,il,DET,_
1335-3,???,1335,1335,5,sentimenti.,sentimenti,sentimento,NOUN,Intonation=falling
1336-0,???,1336,1336,1,quindi,quindi,quindi,ADV,_
1336-1,???,1336,1336,2,in,in,in,ADP,_
1336-2,???,1336,1336,3,qualche,qualche,qualche,DET,_
1336-3,???,1336,1336,4,"modo,",modo,modo,NOUN,Intonation=weakly_rising
1337-0,???,1337,1337,1,c',c',ci,PRON,Truncated=Yes
1337-1,???,1337,1337,2,è,è,essere,VERB,_
1337-2,???,1337,1337,3,qualcosa,qualcosa,qualcosa,PRON,_
1337-3,???,1337,1337,4,a,a,a,ADP,_
1337-4,???,1337,1337,5,cui,cui,cui,PRON,_
1337-5,???,1337,1337,6,è,è,essere,AUX,_
1337-6,???,1337,1337,7,"vincolato,",vincolato,vincolare,VERB,Intonation=weakly_rising
1337-7,???,1337,1337,8,non,non,non,ADV,_
1337-8,???,1337,1337,9,è,è,essere,AUX,_
1337-9,???,1337,1337,10,totalmente,totalmente,totalmente,ADV,_
1337-10,???,1337,1337,11,libero.,libero,libero,ADJ,Intonation=falling
1338-0,???,1338,1338,1,bisogna,bisogna,bisognare,VERB,_
1338-1,???,1338,1338,2,vedere,vedere,vedere,VERB,_
1338-2,???,1338,1338,3,cosa,cosa,cosa,PRON,_
1338-3,???,1338,1338,4,intendi,intendi,intendere,VERB,_
1338-4,???,1338,1338,5,per,per,per,ADP,_
1338-5,???,1338,1338,6,libero,libero,libero,ADJ,_
1338-6,???,1338,1338,7,però.,però,però,ADV,Intonation=falling
1339-0,BO112,1339,1339,1,allora,allora,allora,ADV,_
1339-1,BO112,1339,1339,2,l~,l~,l~,X,Interrupted=Yes
1339-2,BO112,1339,1339,3,la,la,la,PRON,_
1339-3,BO112,1339,1339,4,riformulo,riformulo,riformulare,VERB,_
1339-4,BO112,1339,1339,5,meglio.,meglio,meglio,ADV,Intonation=falling
1339-5,BO112,1339,1339,6,mh?,mh,mh,INTJ,Intonation=rising
1340-0,BO112,1340,1340,1,la,la,il,DET,_
1340-1,BO112,1340,1340,2,domanda,domanda,domanda,NOUN,_
1340-2,BO112,1340,1340,3,è,è,essere,AUX,_
1341-0,BO112,1341,1341,1,dopo,dopo,dopo,ADV,_
1341-1,BO112,1341,1341,2,che,che,che,SCONJ,_
1341-2,BO112,1341,1341,3,abbiamo,abbiamo,avere,AUX,_
1341-3,BO112,1341,1341,4,analizzato,analizzato,analizzare,VERB,_
1341-4,BO112,1341,1341,5,i,i,il,DET,_
1341-5,BO112,1341,1341,6,marimoni,marimoni,matrimonio,NOUN,_
1341-6,BO112,1341,1341,7,combinati,combinati,combinato,ADJ,_
1341-7,BO112,1341,1341,8,e,e,e,CCONJ,_
1341-8,BO112,1341,1341,9,li,li,li,PRON,_
1341-9,BO112,1341,1341,10,abbiamo,abbiamo,avere,AUX,_
1341-10,BO112,1341,1341,11,caratterizzati,caratterizzati,caratterizzare,VERB,_
1341-11,BO112,1341,1341,12,come,come,come,ADV,_
1341-12,BO112,1341,1341,13,{P},{P},_,_,_
1341-13,BO112,1341,1341,14-15,delle,delle,_,_,_
1341-13a,_,_,1341,14,_,di,di,ADP,_
1341-13b,_,_,1341,15,_,le,il,DET,_
1341-14,BO112,1341,1341,16,"pratiche,",pratiche,pratica,NOUN,Intonation=weakly_rising
1341-15,BO112,1341,1341,17,in,in,in,ADP,_
1341-16,BO112,1341,1341,18,cui,cui,cui,PRON,_
1341-17,BO112,1341,1341,19,c',c',ci,PRON,Truncated=Yes
1341-18,BO112,1341,1341,20,e,e,e,CCONJ,_
1341-19,BO112,1341,1341,21,una,una,uno,DET,_
1341-20,BO112,1341,1341,22,componente,componente,componente,NOUN,_
1341-21,BO112,1341,1341,23,che,che,che,PRON,_
1341-22,BO112,1341,1341,24,non,non,non,ADV,_
1341-23,BO112,1341,1341,25,è,è,essere,AUX,_
1341-24,BO112,1341,1341,26,di,di,di,ADP,_
1341-25,BO112,1341,1341,27,libera,libera,libero,ADJ,_
1341-26,BO112,1341,1341,28,"scelta,",scelta,scelta,NOUN,Intonation=weakly_rising
1342-0,BO112,1342,1342,1,li,li,li,PRON,_
1342-1,BO112,1342,1342,2,abbiamo,abbiamo,avere,AUX,_
1342-2,BO112,1342,1342,3,definiti,definiti,definire,VERB,_
1342-3,BO112,1342,1342,4,"così,",così,così,ADV,Intonation=weakly_rising
1343-0,BO112,1343,1343,1,quello,quello,quello,PRON,_
1343-1,BO112,1343,1343,2,che,che,che,PRON,_
1343-2,BO112,1343,1343,3,ci,ci,ci,PRON,_
1343-3,BO112,1343,1343,4,interessa,interessa,interessare,VERB,_
1343-4,BO112,1343,1343,5,è,è,essere,AUX,_
1343-5,BO112,1343,1343,6,tornare,tornare,tornare,VERB,_
1343-6,BO112,1343,1343,7,a,a,a,ADP,_
1343-7,BO112,1343,1343,8,"casa,",casa,casa,NOUN,Intonation=weakly_rising
1344-0,BO112,1344,1344,1,e,e,e,CCONJ,_
1344-1,BO112,1344,1344,2,guardare,guardare,guardare,VERB,_
1344-2,BO112,1344,1344,3,il,il,il,DET,_
1344-3,BO112,1344,1344,4,nostro,nostro,nostro,DET,_
1344-4,BO112,1344,1344,5,matrimonio.,matrimonio,matrimonio,NOUN,Intonation=falling
1345-0,BO112,1345,1345,1,in,in,in,ADP,_
1345-1,BO112,1345,1345,2,che,che,che,DET,_
1345-2,BO112,1345,1345,3,"senso,",senso,senso,NOUN,Intonation=weakly_rising
1345-3,BO112,1345,1345,4,il,il,il,DET,_
1345-4,BO112,1345,1345,5,matrimonio,matrimonio,matrimonio,NOUN,_
1345-5,BO112,1345,1345,6,non,non,non,ADV,_
1345-6,BO112,1345,1345,7,è,è,essere,AUX,_
1345-7,BO112,1345,1345,8,una,una,uno,DET,_
1345-8,BO112,1345,1345,9,libera,libera,libero,ADJ,_
1345-9,BO112,1345,1345,10,"scelta,",scelta,scelta,NOUN,Intonation=weakly_rising
1345-10,BO112,1345,1345,11,naturalmente,naturalmente,naturalmente,ADV,_
1345-11,BO112,1345,1345,12,non,non,non,ADV,_
1345-12,BO112,1345,1345,13,parlo,parlo,parlare,VERB,_
1345-13,BO112,1345,1345,14-15,della,della,_,_,_
1345-13a,_,_,1345,14,_,di,di,ADP,_
1345-13b,_,_,1345,15,_,la,il,DET,_
1345-14,BO112,1345,1345,16,questione,questione,questione,NOUN,_
1345-15,BO112,1345,1345,17,sentimenta~,sentimenta~,sentimenta~,X,Interrupted=Yes
1345-16,BO112,1345,1345,18,parlo,parlo,parlare,VERB,_
1345-17,BO112,1345,1345,19-20,della,della,_,_,_
1345-17a,_,_,1345,19,_,di,di,ADP,_
1345-17b,_,_,1345,20,_,la,il,DET,_
1345-18,BO112,1345,1345,21,questione,questione,questione,NOUN,_
1345-19,BO112,1345,1345,22-23,dei,dei,_,_,_
1345-19a,_,_,1345,22,_,di,di,ADP,_
1345-19b,_,_,1345,23,_,i,il,DET,_
1345-20,BO112,1345,1345,24,"vincoli,",vincoli,vincolo,NOUN,Intonation=weakly_rising
1346-0,BO112,1346,1346,1,sociali.,sociali,sociale,ADJ,Intonation=falling
1347-0,BO112,1347,1347,1,mh?,mh,mh,INTJ,Intonation=rising
1348-0,BO112,1348,1348,1,in,in,in,ADP,_
1348-1,BO112,1348,1348,2,che,che,che,DET,_
1348-2,BO112,1348,1348,3,senso,senso,senso,NOUN,_
1348-3,BO112,1348,1348,4,non,non,non,ADV,_
1348-4,BO112,1348,1348,5,è,è,essere,AUX,_
1348-5,BO112,1348,1348,6,una,una,uno,DET,_
1348-6,BO112,1348,1348,7,libera,libera,libero,ADJ,_
1348-7,BO112,1348,1348,8,scelta,scelta,scelta,NOUN,_
1348-8,BO112,1348,1348,9,il,il,il,DET,_
1348-9,BO112,1348,1348,10,nostro,nostro,nostro,DET,_
1348-10,BO112,1348,1348,11,matrimonio.,matrimonio,matrimonio,NOUN,Intonation=falling
1348-11,BO112,1348,1348,12,eh,eh,eh,INTJ,_
1348-12,BO112,1348,1348,13,in,in,in,ADP,_
1348-13,BO112,1348,1348,14,fondo,fondo,fondo,NOUN,_
1348-14,BO112,1348,1348,15,lì,lì,lì,ADV,_
1348-15,BO112,1348,1348,16,in,in,in,ADP,_
1348-16,BO112,1348,1348,17,alto,alto,alto,ADV,_
1348-17,BO112,1348,1348,18,in,in,in,ADP,_
1348-18,BO112,1348,1348,19,alto.,alto,alto,ADV,Intonation=falling
1348-19,BO112,1348,1348,20,bene.,bene,bene,ADV,Intonation=falling
1349-0,BO112,1349,1349,1,strilli,strilli,strillo,NOUN,_
1349-1,BO112,1349,1349,2,"eh,",eh,eh,INTJ,Intonation=weakly_rising
1349-2,BO112,1349,1349,3,perché,perché,perché,SCONJ,_
1349-3,BO112,1349,1349,4,saranno,saranno,essere,AUX,_
1349-4,BO112,1349,1349,5,sì~,sì~,sì~,X,Interrupted=Yes
1350-0,???,1350,1350,1,perché,perché,perché,SCONJ,_
1351-0,BO112,1351,1351,1,no,no,no,ADV,_
1351-1,BO112,1351,1351,2,no,no,no,ADV,_
1351-2,BO112,1351,1351,3,è,è,essere,AUX,_
1351-3,BO112,1351,1351,4,lei.,lei,lei,PRON,Intonation=falling
1351-4,BO112,1351,1351,5,la,la,il,DET,_
1351-5,BO112,1351,1351,6,ragazza.,ragazza,ragazzo,NOUN,Intonation=falling
1352-0,???,1352,1352,1,perché,perché,perché,SCONJ,_
1352-1,???,1352,1352,2,{P},{P},_,_,_
1352-2,???,1352,1352,3,e:h,eh,eh,INTJ,_
1352-3,???,1352,1352,4,potrebbe,potrebbe,potere,AUX,_
1352-4,???,1352,1352,5,essere,essere,essere,AUX,_
1352-5,???,1352,1352,6,una,una,uno,DET,_
1352-6,???,1352,1352,7,imposizione,imposizione,imposizione,NOUN,_
1352-7,???,1352,1352,8-9,della,della,_,_,_
1352-7a,_,_,1352,8,_,di,di,ADP,_
1352-7b,_,_,1352,9,_,la,il,DET,_
1352-8,???,1352,1352,10,società.,società,società,NOUN,Intonation=falling
1352-9,???,1352,1352,11,cioè,cioè,cioè,CCONJ,_
1352-10,???,1352,1352,12,tutti,tutti,tutto,PRON,_
1352-11,???,1352,1352,13,si,si,si,PRON,_
1352-12,???,1352,1352,14,"sposano,",sposano,sposare,VERB,Intonation=weakly_rising
1352-13,???,1352,1352,15,e,e,e,CCONJ,_
1352-14,???,1352,1352,16,quindi,quindi,quindi,ADV,_
1352-15,???,1352,1352,17,mi,mi,mi,PRON,_
1352-16,???,1352,1352,18,sposo,sposo,sposare,VERB,_
1352-17,???,1352,1352,19,anch',anch',anche,ADV,Truncated=Yes
1352-18,???,1352,1352,20,io,io,io,PRON,_
1352-19,???,1352,1352,21,xxx,x,x,X,_
1352-20,???,1352,1352,22,xxx,x,x,X,_
1353-0,BO112,1353,1353,1,allora.,allora,allora,ADV,Intonation=falling
1353-1,BO112,1353,1353,2,da,da,da,ADP,_
1353-2,BO112,1353,1353,3,un,un,uno,DET,_
1353-3,BO112,1353,1353,4,lato,lato,lato,NOUN,_
1353-4,BO112,1353,1353,5,c',c',ci,PRON,Truncated=Yes
1353-5,BO112,1353,1353,6,è,è,essere,VERB,_
1353-6,BO112,1353,1353,7,"sicuramente,",sicuramente,sicuramente,ADV,Intonation=weakly_rising
1353-7,BO112,1353,1353,8,è,è,essere,AUX,_
1353-8,BO112,1353,1353,9,"vero,",vero,vero,ADJ,Intonation=weakly_rising
1353-9,BO112,1353,1353,10,un',un',uno,DET,Truncated=Yes
1353-10,BO112,1353,1353,11,aspettativa,aspettativa,aspettativa,NOUN,_
1353-11,BO112,1353,1353,12,sociale.,sociale,sociale,ADJ,Intonation=falling
1354-0,BO112,1354,1354,1,no?,no,no,ADV,Intonation=rising
1354-1,BO112,1354,1354,2,questo,questo,questo,PRON,_
1354-2,BO112,1354,1354,3,sì.,sì,sì,INTJ,Intonation=falling
1355-0,BO112,1355,1355,1,però,però,però,ADV,_
1355-1,BO112,1355,1355,2,non,non,non,ADV,_
1355-2,BO112,1355,1355,3,è,è,essere,AUX,_
1355-3,BO112,1355,1355,4,soltanto,soltanto,soltanto,ADV,_
1355-4,BO112,1355,1355,5,questo,questo,questo,PRON,_
1355-5,BO112,1355,1355,6,è,è,essere,AUX,_
1355-6,BO112,1355,1355,7,anche,anche,anche,ADV,_
1355-7,BO112,1355,1355,8,questo,questo,questo,PRON,_
1355-8,BO112,1355,1355,9,ma,ma,ma,CCONJ,_
1355-9,BO112,1355,1355,10,{P},{P},_,_,_
1355-10,BO112,1355,1355,11-12,al,al,_,_,_
1355-10a,_,_,1355,11,_,a,a,ADP,_
1355-10b,_,_,1355,12,_,il,il,DET,_
1355-11,BO112,1355,1355,13,di,di,di,ADP,_
1355-12,BO112,1355,1355,14,là,là,là,ADV,_
1355-13,BO112,1355,1355,15-16,dell',dell',_,_,Truncated=Yes
1355-13a,_,_,1355,15,_,di,di,ADP,_
1355-13b,_,_,1355,16,_,l',il,DET,_
1355-14,BO112,1355,1355,17,aspettativa,aspettativa,aspettativa,NOUN,_
1355-15,BO112,1355,1355,18,"sociale,",sociale,sociale,ADJ,Intonation=weakly_rising
1355-16,BO112,1355,1355,19,perché,perché,perché,SCONJ,_
1355-17,BO112,1355,1355,20,non,non,non,ADV,_
1355-18,BO112,1355,1355,21,possiamo,possiamo,potere,AUX,_
1356-0,BO112,1356,1356,1,"immaginare,",immaginare,immaginare,VERB,Intonation=weakly_rising
1357-0,BO112,1357,1357,1,adesso,adesso,adesso,ADV,_
1357-1,BO112,1357,1357,2,non,non,non,ADV,_
1357-2,BO112,1357,1357,3,mi,mi,mi,PRON,_
1357-3,BO112,1357,1357,4,ricordo,ricordo,ricordare,VERB,_
1357-4,BO112,1357,1357,5,"prego,",prego,prego,INTJ,Intonation=weakly_rising
1357-5,BO112,1357,1357,6,la,la,il,DET,_
1357-6,BO112,1357,1357,7,ragazza,ragazza,ragazzo,NOUN,_
1357-7,BO112,1357,1357,8-9,coi,coi,_,_,_
1357-7a,_,_,1357,8,_,con,con,ADP,_
1357-7b,_,_,1357,9,_,i,il,DET,_
1357-8,BO112,1357,1357,10,capelli,capelli,capello,NOUN,_
1357-9,BO112,1357,1357,11,[rossi].,rossi,rosso,ADJ,Intonation=falling
1358-0,???,1358,1358,1,[perché],perché,perché,SCONJ,_
1358-1,???,1358,1358,2,comunque,comunque,comunque,ADV,_
1358-2,???,1358,1358,3,anche,anche,anche,ADV,_
1358-3,???,1358,1358,4,se,se,se,SCONJ,_
1358-4,???,1358,1358,5,è,è,essere,AUX,_
1358-5,???,1358,1358,6,un,un,uno,DET,_
1358-6,???,1358,1358,7,matrimonio,matrimonio,matrimonio,NOUN,_
1358-7,???,1358,1358,8,d',d',di,ADP,SpaceAfter=No
1358-8,???,1358,1358,9,"amore,",amore,amore,NOUN,Intonation=weakly_rising
1359-0,???,1359,1359,1,lo,lo,il,DET,_
1359-1,???,1359,1359,2,stesso,stesso,stesso,PRON,_
1359-2,???,1359,1359,3,si,si,si,PRON,_
1359-3,???,1359,1359,4,ha,ha,avere,VERB,_
1359-4,???,1359,1359,5,un,un,uno,DET,_
1359-5,???,1359,1359,6,parere,parere,parere,NOUN,_
1359-6,???,1359,1359,7,da,da,da,ADP,_
1359-7,???,1359,1359,8,parte,parte,parte,NOUN,_
1359-8,???,1359,1359,9-10,delle,delle,_,_,_
1359-8a,_,_,1359,9,_,di,di,ADP,_
1359-8b,_,_,1359,10,_,le,il,DET,_
1359-9,???,1359,1359,11,"famiglie,",famiglie,famiglia,NOUN,Intonation=weakly_rising
1359-10,???,1359,1359,12,quindi,quindi,quindi,ADV,_
1359-11,???,1359,1359,13,potrebbe,potrebbe,potere,AUX,_
1359-12,???,1359,1359,14,essere,essere,essere,AUX,_
1359-13,???,1359,1359,15,anche,anche,anche,ADV,_
1359-14,???,1359,1359,16,una,una,uno,DET,_
1359-15,???,1359,1359,17,forzatura,forzatura,forzatura,NOUN,_
1359-16,???,1359,1359,18,in,in,in,ADP,_
1359-17,???,1359,1359,19,questo,questo,questo,DET,_
1359-18,???,1359,1359,20,senso.,senso,senso,NOUN,Intonation=falling
1360-0,BO112,1360,1360,1,"allora,",allora,allora,ADV,Intonation=weakly_rising
1360-1,BO112,1360,1360,2,"innanzitutto,",innanzitutto,innanzitutto,ADV,Intonation=weakly_rising
1361-0,BO112,1361,1361,1,l',l',il,DET,Truncated=Yes
1361-1,BO112,1361,1361,2,antropologia,antropologia,antropologia,NOUN,_
1361-2,BO112,1361,1361,3,porta,porta,portare,VERB,_
1361-3,BO112,1361,1361,4,a,a,a,ADP,_
1361-4,BO112,1361,1361,5,riflettere,riflettere,riflettere,VERB,_
1361-5,BO112,1361,1361,6,su,su,su,ADP,_
1361-6,BO112,1361,1361,7,quanto,quanto,quanto,PRON,_
1362-0,BO112,1362,1362,1,"immensamente,",immensamente,immensamente,ADV,Intonation=weakly_rising
1363-0,BO112,1363,1363,1,"strutturalizziamo,",strutturalizziamo,strutturalizzare,VERB,Intonation=weakly_rising
1363-1,BO112,1363,1363,2,l',l',il,DET,Truncated=Yes
1363-2,BO112,1363,1363,3,opinione,opinione,opinione,NOUN,_
1363-3,BO112,1363,1363,4-5,delle,delle,_,_,_
1363-3a,_,_,1363,4,_,di,di,ADP,_
1363-3b,_,_,1363,5,_,le,il,DET,_
1363-4,BO112,1363,1363,6,"famiglie,",famiglie,famiglia,NOUN,Intonation=weakly_rising
1364-0,BO112,1364,1364,1-2,nell',nell',_,_,Truncated=Yes
1364-0a,_,_,1364,1,_,in,in,ADP,_
1364-0b,_,_,1364,2,_,l',il,DET,_
1364-1,BO112,1364,1364,3,ambito,ambito,ambito,NOUN,_
1364-2,BO112,1364,1364,4-5,del,del,_,_,_
1364-2a,_,_,1364,4,_,di,di,ADP,_
1364-2b,_,_,1364,5,_,il,il,DET,_
1364-3,BO112,1364,1364,6,matrimonio,matrimonio,matrimonio,NOUN,_
1364-4,BO112,1364,1364,7,d',d',di,ADP,SpaceAfter=No
1364-5,BO112,1364,1364,8,amore.,amore,amore,NOUN,Intonation=falling
1365-0,BO112,1365,1365,1,mh?,mh,mh,INTJ,Intonation=rising
1365-1,BO112,1365,1365,2,questo,questo,questo,PRON,_
1365-2,BO112,1365,1365,3,è,è,essere,AUX,_
1365-3,BO112,1365,1365,4,importante.,importante,importante,ADJ,Intonation=falling
1366-0,BO112,1366,1366,1,cioè,cioè,cioè,CCONJ,_
1366-1,BO112,1366,1366,2,{P},{P},_,_,_
1366-2,BO112,1366,1366,3,il,il,il,DET,_
1366-3,BO112,1366,1366,4,matrimonio,matrimonio,matrimonio,NOUN,_
1366-4,BO112,1366,1366,5,combinato,combinato,combinato,ADJ,_
1366-5,BO112,1366,1366,6,ci,ci,ci,PRON,_
1366-6,BO112,1366,1366,7,"mostra,",mostra,mostrare,VERB,Intonation=weakly_rising
1367-0,BO112,1367,1367,1,il,il,il,DET,_
1367-1,BO112,1367,1367,2,lavoro,lavoro,lavoro,NOUN,_
1367-2,BO112,1367,1367,3-4,delle,delle,_,_,_
1367-2a,_,_,1367,3,_,di,di,ADP,_
1367-2b,_,_,1367,4,_,le,il,DET,_
1367-3,BO112,1367,1367,5,famiglie,famiglie,famiglia,NOUN,_
1367-4,BO112,1367,1367,6-7,sul,sul,_,_,_
1367-4a,_,_,1367,6,_,su,su,ADP,_
1367-4b,_,_,1367,7,_,il,il,DET,_
1367-5,BO112,1367,1367,8,matrimonio.,matrimonio,matrimonio,NOUN,Intonation=falling
1368-0,BO112,1368,1368,1,quanto,quanto,quanto,PRON,_
1368-1,BO112,1368,1368,2,"incida,",incida,incidere,VERB,Intonation=weakly_rising
1369-0,BO112,1369,1369,1,la,la,il,DET,_
1369-1,BO112,1369,1369,2,componente,componente,componente,NOUN,_
1369-2,BO112,1369,1369,3,familiare.,familiare,familiare,ADJ,Intonation=falling
1370-0,BO112,1370,1370,1,ritornando,ritornando,ritornare,VERB,_
1370-1,BO112,1370,1370,2,a,a,a,ADP,_
1370-2,BO112,1370,1370,3,casa,casa,casa,NOUN,_
1370-3,BO112,1370,1370,4,ci,ci,ci,PRON,_
1370-4,BO112,1370,1370,5,accorgiamo,accorgiamo,accorgere,VERB,_
1370-5,BO112,1370,1370,6,che,che,che,SCONJ,_
1370-6,BO112,1370,1370,7,la,la,il,DET,_
1370-7,BO112,1370,1370,8,componente,componente,componente,NOUN,_
1370-8,BO112,1370,1370,9,familiare,familiare,familiare,ADJ,_
1370-9,BO112,1370,1370,10,è,è,essere,AUX,_
1370-10,BO112,1370,1370,11,molto,molto,molto,ADV,_
1370-11,BO112,1370,1370,12,più,più,più,ADV,_
1370-12,BO112,1370,1370,13,decisiva,decisiva,decisivo,ADJ,_
1370-13,BO112,1370,1370,14,di,di,di,ADP,_
1370-14,BO112,1370,1370,15,quanto,quanto,quanto,PRON,_
1370-15,BO112,1370,1370,16,noi,noi,noi,PRON,_
1370-16,BO112,1370,1370,17,pensiamo.,pensiamo,pensare,VERB,Intonation=falling
1371-0,BO112,1371,1371,1,e,e,e,CCONJ,_
1371-1,BO112,1371,1371,2,quindi,quindi,quindi,ADV,_
1371-2,BO112,1371,1371,3,il,il,il,DET,_
1371-3,BO112,1371,1371,4,ricercato,ricercato,ricercato,NOUN,_
1371-4,BO112,1371,1371,5,speciale,speciale,speciale,ADJ,_
1371-5,BO112,1371,1371,6,che,che,che,PRON,_
1371-6,BO112,1371,1371,7,viene,viene,venire,VERB,_
1371-7,BO112,1371,1371,8-9,dall',dall',_,_,Truncated=Yes
1371-7a,_,_,1371,8,_,da,da,ADP,_
1371-7b,_,_,1371,9,_,l',il,DET,_
1371-8,BO112,1371,1371,10,"esterno,",esterno,esterno,NOUN,Intonation=weakly_rising
1372-0,BO112,1372,1372,1,non,non,non,ADV,_
1372-1,BO112,1372,1372,2,penserebbe,penserebbe,pensare,VERB,_
1372-2,BO112,1372,1372,3,"affatto,",affatto,affatto,ADV,Intonation=weakly_rising
1372-3,BO112,1372,1372,4,che,che,che,SCONJ,_
1372-4,BO112,1372,1372,5,il,il,il,DET,_
1372-5,BO112,1372,1372,6,matrimonio,matrimonio,matrimonio,NOUN,_
1372-6,BO112,1372,1372,7,d',d',di,ADP,SpaceAfter=No
1372-7,BO112,1372,1372,8,"amore,",amore,amore,NOUN,Intonation=weakly_rising
1373-0,BO112,1373,1373,1,in,in,in,ADP,_
1373-1,BO112,1373,1373,2,"sostanza,",sostanza,sostanza,NOUN,Intonation=weakly_rising
1373-2,BO112,1373,1373,3,significa,significa,significare,VERB,_
1373-3,BO112,1373,1373,4,che,che,che,SCONJ,_
1373-4,BO112,1373,1373,5,sposo,sposo,sposare,VERB,_
1373-5,BO112,1373,1373,6,chi,chi,chi,PRON,_
1373-6,BO112,1373,1373,7,mi,mi,mi,PRON,_
1373-7,BO112,1373,1373,8,pare.,pare,parere,VERB,Intonation=falling
1374-0,BO112,1374,1374,1,perché,perché,perché,SCONJ,_
1374-1,BO112,1374,1374,2,non,non,non,ADV,_
1374-2,BO112,1374,1374,3,è,è,essere,AUX,_
1374-3,BO112,1374,1374,4,vero.,vero,vero,ADJ,Intonation=falling
1375-0,BO112,1375,1375,1,voi,voi,voi,PRON,_
1375-1,BO112,1375,1375,2,non,non,non,ADV,_
1375-2,BO112,1375,1375,3,sposate,sposate,sposare,VERB,_
1375-3,BO112,1375,1375,4,chi,chi,chi,PRON,_
1375-4,BO112,1375,1375,5,vi,vi,vi,PRON,_
1375-5,BO112,1375,1375,6,pare.,pare,parere,VERB,Intonation=falling
1375-6,BO112,1375,1375,7,chi,chi,chi,PRON,_
1375-7,BO112,1375,1375,8,sposate?,sposate,sposare,VERB,Intonation=rising
1376-0,BO112,1376,1376,1,prego.,prego,prego,INTJ,Intonation=falling
1377-0,BO112,1377,1377,1,lei.,lei,lei,PRON,Intonation=falling
1378-0,BO112,1378,1378,1,sì,sì,sì,ADV,_
1378-1,BO112,1378,1378,2,sì,sì,sì,ADV,_
1379-0,???,1379,1379,1,e:h,eh,eh,INTJ,_
1379-1,???,1379,1379,2,io,io,io,PRON,_
1379-2,???,1379,1379,3,penso,penso,pensare,VERB,_
1379-3,???,1379,1379,4,che,che,che,SCONJ,_
1379-4,???,1379,1379,5,{P},{P},_,_,_
1379-5,???,1379,1379,6-7,alla,alla,_,_,_
1379-5a,_,_,1379,6,_,a,a,ADP,_
1379-5b,_,_,1379,7,_,la,il,DET,_
1379-6,???,1379,1379,8,fine,fine,fine,NOUN,_
1379-7,???,1379,1379,9,"sposiamo,",sposiamo,sposare,VERB,Intonation=weakly_rising
1380-0,???,1380,1380,1,il,il,il,DET,_
1380-1,???,1380,1380,2,sentimento,sentimento,sentimento,NOUN,_
1380-2,???,1380,1380,3,stesso.,stesso,stesso,ADJ,Intonation=falling
1380-3,???,1380,1380,4,perché,perché,perché,SCONJ,_
1380-4,???,1380,1380,5-6,alla,alla,_,_,_
1380-4a,_,_,1380,5,_,a,a,ADP,_
1380-4b,_,_,1380,6,_,la,il,DET,_
1380-5,???,1380,1380,7,fine,fine,fine,NOUN,_
1380-6,???,1380,1380,8,diventiamo,diventiamo,diventare,VERB,_
1380-7,???,1380,1380,9,schiavi,schiavi,schiavo,NOUN,_
1380-8,???,1380,1380,10,di,di,di,ADP,_
1380-9,???,1380,1380,11,questo,questo,questo,DET,_
1380-10,???,1380,1380,12,sentimento.,sentimento,sentimento,NOUN,Intonation=falling
1381-0,BO112,1381,1381,1,è,è,essere,AUX,_
1381-1,BO112,1381,1381,2,un,un,uno,DET,_
1381-2,BO112,1381,1381,3,poeta,poeta,poeta,NOUN,_
1381-3,BO112,1381,1381,4,cinico.,cinico,cinico,ADJ,Intonation=falling
1381-4,BO112,1381,1381,5,{ride},{ride},_,_,_
1382-0,BO112,1382,1382,1,ragazzi,ragazzi,ragazzo,NOUN,_
1382-1,BO112,1382,1382,2,"qui,",qui,qui,ADV,Intonation=weakly_rising
1383-0,BO112,1383,1383,1,"allora,",allora,allora,ADV,Intonation=weakly_rising
1383-1,BO112,1383,1383,2,io,io,io,PRON,_
1383-2,BO112,1383,1383,3,capisco,capisco,capire,VERB,_
1383-3,BO112,1383,1383,4,che,che,che,SCONJ,_
1384-0,BO112,1384,1384,1,"voi:,",voi,voi,PRON,Intonation=weakly_rising
1385-0,BO112,1385,1385,1,data,data,dare,VERB,_
1385-1,BO112,1385,1385,2,anche,anche,anche,ADV,_
1385-2,BO112,1385,1385,3,l',l',il,DET,Truncated=Yes
1385-3,BO112,1385,1385,4,etero~,etero~,etero~,X,Interrupted=Yes
1386-0,BO112,1386,1386,1,data,data,dare,VERB,_
1386-1,BO112,1386,1386,2,anche,anche,anche,ADV,_
1386-2,BO112,1386,1386,3,l',l',il,DET,Truncated=Yes
1386-3,BO112,1386,1386,4,eterogeneità,eterogeneità,eterogeneità,NOUN,_
1386-4,BO112,1386,1386,5-6,delle,delle,_,_,_
1386-4a,_,_,1386,5,_,di,di,ADP,_
1386-4b,_,_,1386,6,_,le,il,DET,_
1386-5,BO112,1386,1386,7,provenienze,provenienze,provenienza,NOUN,_
1386-6,BO112,1386,1386,8-9,dei,dei,_,_,_
1386-6a,_,_,1386,8,_,di,di,ADP,_
1386-6b,_,_,1386,9,_,i,il,DET,_
1386-7,BO112,1386,1386,10,corsi,corsi,corso,NOUN,_
1386-8,BO112,1386,1386,11,di,di,di,ADP,_
1386-9,BO112,1386,1386,12,"laurea,",laurea,laurea,NOUN,Intonation=weakly_rising
1386-10,BO112,1386,1386,13,qui,qui,qui,ADV,_
1386-11,BO112,1386,1386,14,stiam,stiam,stare,AUX,_
1386-12,BO112,1386,1386,15,parlando,parlando,parlare,VERB,_
1386-13,BO112,1386,1386,16-17,dei,dei,_,_,_
1386-13a,_,_,1386,16,_,di,di,ADP,_
1386-13b,_,_,1386,17,_,i,il,DET,_
1386-14,BO112,1386,1386,18,vincoli,vincoli,vincolo,NOUN,_
1386-15,BO112,1386,1386,19,sociali,sociali,sociale,ADJ,_
1386-16,BO112,1386,1386,20,ragazzi.,ragazzi,ragazzo,NOUN,Intonation=falling
1387-0,BO112,1387,1387,1,il,il,il,DET,_
1387-1,BO112,1387,1387,2,"sentimento,",sentimento,sentimento,NOUN,Intonation=weakly_rising
1387-2,BO112,1387,1387,3,per,per,per,ADP,_
1387-3,BO112,1387,1387,4,"adesso,",adesso,adesso,ADV,Intonation=weakly_rising
1387-4,BO112,1387,1387,5,lasciatelo,lasciatelo,_,_,_
1387-4a,_,_,1387,,_,lasciate,lasciare,VERB,
1387-4b,_,_,1387,,_,lo,lo,PRON,
1387-5,BO112,1387,1387,6,da,da,da,ADP,_
1387-6,BO112,1387,1387,7,parte.,parte,parte,NOUN,Intonation=falling
1388-0,BO112,1388,1388,1,mi,mi,mi,PRON,_
1388-1,BO112,1388,1388,2,dica,dica,dire,VERB,_
1388-2,BO112,1388,1388,3,lei.,lei,lei,PRON,Intonation=falling
1389-0,???,1389,1389,1,e:h,eh,eh,INTJ,_
1389-1,???,1389,1389,2,forse,forse,forse,ADV,_
1389-2,???,1389,1389,3,in,in,in,ADP,_
1389-3,???,1389,1389,4,alcuni,alcuni,alcuno,DET,_
1389-4,???,1389,1389,5,casi,casi,caso,NOUN,_
1389-5,???,1389,1389,6,siamo,siamo,essere,AUX,_
1389-6,???,1389,1389,7,portati,portati,portare,VERB,_
1389-7,???,1389,1389,8,a,a,a,ADP,_
1389-8,???,1389,1389,9,sposare,sposare,sposare,VERB,_
1389-9,???,1389,1389,10,chi,chi,chi,PRON,_
1389-10,???,1389,1389,11,siamo,siamo,essere,AUX,_
1389-11,???,1389,1389,12,abitua~,abitua~,abitua~,X,Interrupted=Yes
1389-12,???,1389,1389,13,chi,chi,chi,PRON,_
1389-13,???,1389,1389,14,siam~,siam~,siam~,X,Interrupted=Yes
1389-14,???,1389,1389,15,chi,chi,chi,PRON,_
1389-15,???,1389,1389,16,c',c',ci,PRON,Truncated=Yes
1389-16,???,1389,1389,17,hanno,hanno,avere,AUX,_
1389-17,???,1389,1389,18,abituato,abituato,abituare,VERB,_
1389-18,???,1389,1389,19,a,a,a,ADP,_
1389-19,???,1389,1389,20,volere.,volere,volere,VERB,Intonation=falling
1390-0,BO112,1390,1390,1,è,è,essere,AUX,_
1390-1,BO112,1390,1390,2,questa,questa,questo,PRON,_
1390-2,BO112,1390,1390,3,la,la,il,DET,_
1390-3,BO112,1390,1390,4,differenza,differenza,differenza,NOUN,_
1390-4,BO112,1390,1390,5,ragazzi.,ragazzi,ragazzo,VERB,Intonation=falling
1391-0,BO112,1391,1391,1,"cioè,",cioè,cioè,CCONJ,Intonation=weakly_rising
1392-0,BO112,1392,1392,1,il,il,il,DET,_
1392-1,BO112,1392,1392,2,contesto,contesto,contesto,NOUN,_
1392-2,BO112,1392,1392,3-4,nel,nel,_,_,_
1392-2a,_,_,1392,3,_,in,in,ADP,_
1392-2b,_,_,1392,4,_,il,il,DET,_
1392-3,BO112,1392,1392,5,quale,quale,quale,PRON,_
1392-4,BO112,1392,1392,6,voi,voi,voi,PRON,_
1392-5,BO112,1392,1392,7,"crescete,",crescete,crescere,VERB,Intonation=weakly_rising
1392-6,BO112,1392,1392,8,e,e,e,CCONJ,_
1392-7,BO112,1392,1392,9-10,al,al,_,_,_
1392-7a,_,_,1392,9,_,a,a,ADP,_
1392-7b,_,_,1392,10,_,il,il,DET,_
1392-8,BO112,1392,1392,11,quale,quale,quale,PRON,_
1392-9,BO112,1392,1392,12,i,i,il,DET,_
1392-10,BO112,1392,1392,13,vostri,vostri,vostro,DET,_
1392-11,BO112,1392,1392,14,{P},{P},_,_,_
1392-12,BO112,1392,1392,15,genitori,genitori,genitore,NOUN,_
1392-13,BO112,1392,1392,16,vi,vi,vi,PRON,_
1392-14,BO112,1392,1392,17,"espongono,",espongono,esporre,VERB,Intonation=weakly_rising
1393-0,BO112,1393,1393,1,è,è,essere,AUX,_
1393-1,BO112,1393,1393,2,un,un,uno,DET,_
1393-2,BO112,1393,1393,3,contesto,contesto,contesto,NOUN,_
1393-3,BO112,1393,1393,4-5,nel,nel,_,_,_
1393-3a,_,_,1393,4,_,in,in,ADP,_
1393-3b,_,_,1393,5,_,il,il,DET,_
1393-4,BO112,1393,1393,6,quale,quale,quale,PRON,_
1393-5,BO112,1393,1393,7,auspicabilmente,auspicabilmente,auspicabilmente,ADV,_
1393-6,BO112,1393,1393,8,voi,voi,voi,PRON,_
1393-7,BO112,1393,1393,9,troverete,troverete,trovare,VERB,_
1393-8,BO112,1393,1393,10,il,il,il,DET,_
1393-9,BO112,1393,1393,11,partner,partner,partner,NOUN,_
1393-10,BO112,1393,1393,12,matrimoniale.,matrimoniale,matrimoniale,ADJ,Intonation=falling
1394-0,BO112,1394,1394,1,perché,perché,perché,SCONJ,_
1394-1,BO112,1394,1394,2,se,se,se,SCONJ,_
1394-2,BO112,1394,1394,3,voi,voi,voi,PRON,_
1394-3,BO112,1394,1394,4,andate,andate,andare,VERB,_
1394-4,BO112,1394,1394,5,a,a,a,ADP,_
1394-5,BO112,1394,1394,6,"casa,",casa,casa,NOUN,Intonation=weakly_rising
1395-0,BO112,1395,1395,1,e,e,e,CCONJ,_
1395-1,BO112,1395,1395,2,dite,dite,dire,VERB,_
1395-2,BO112,1395,1395,3,{P},{P},_,_,_
1395-3,BO112,1395,1395,4,ah,ah,ah,INTJ,_
1395-4,BO112,1395,1395,5,sai,sai,sapere,VERB,_
1395-5,BO112,1395,1395,6,che,che,che,SCONJ,_
1395-6,BO112,1395,1395,7,sotto,sotto,sotto,ADP,_
1395-7,BO112,1395,1395,8,il,il,il,DET,_
1395-8,BO112,1395,1395,9,ponte,ponte,ponte,NOUN,_
1395-9,BO112,1395,1395,10,ho,ho,avere,AUX,_
1395-10,BO112,1395,1395,11,incontrato,incontrato,incontrare,VERB,_
1395-11,BO112,1395,1395,12,un,un,uno,DET,_
1395-12,BO112,1395,1395,13,clochard.,clochard,clochard,NOUN,Intonation=falling
1396-0,BO112,1396,1396,1,e,e,e,CCONJ,_
1396-1,BO112,1396,1396,2,domani,domani,domani,ADV,_
1396-2,BO112,1396,1396,3,mi,mi,mi,PRON,_
1396-3,BO112,1396,1396,4,"sposo,",sposo,sposare,VERB,Intonation=weakly_rising
1397-0,BO112,1397,1397,1,scoprite,scoprite,scoprire,VERB,_
1397-1,BO112,1397,1397,2,che,che,che,SCONJ,_
1397-2,BO112,1397,1397,3,le,le,il,DET,_
1397-3,BO112,1397,1397,4,famiglie,famiglie,famiglia,NOUN,_
1397-4,BO112,1397,1397,5,c',c',ci,PRON,Truncated=Yes
1397-5,BO112,1397,1397,6,entrano,entrano,entrare,VERB,_
1397-6,BO112,1397,1397,7,tanto.,tanto,tanto,ADV,Intonation=falling
1397-7,BO112,1397,1397,8,eh?,eh,eh,INTJ,Intonation=rising
1398-0,BO112,1398,1398,1,che,che,che,PRON,_
1398-1,BO112,1398,1398,2,non,non,non,ADV,_
1398-2,BO112,1398,1398,3,è,è,essere,AUX,_
1398-3,BO112,1398,1398,4,vero,vero,vero,ADJ,_
1398-4,BO112,1398,1398,5,che,che,che,SCONJ,_
1398-5,BO112,1398,1398,6,sposate,sposate,sposare,VERB,_
1398-6,BO112,1398,1398,7,chi,chi,chi,PRON,_
1398-7,BO112,1398,1398,8,"volete,",volete,volere,AUX,Intonation=weakly_rising
1398-8,BO112,1398,1398,9,non,non,non,ADV,_
1398-9,BO112,1398,1398,10,è,è,essere,AUX,_
1398-10,BO112,1398,1398,11,vero.,vero,vero,ADJ,Intonation=falling
1399-0,BO112,1399,1399,1-2,dal,dal,_,_,_
1399-0a,_,_,1399,1,_,da,da,ADP,_
1399-0b,_,_,1399,2,_,il,il,DET,_
1399-1,BO112,1399,1399,3,punto,punto,punto,NOUN,_
1399-2,BO112,1399,1399,4,di,di,di,ADP,_
1399-3,BO112,1399,1399,5,vista,vista,vista,NOUN,_
1399-4,BO112,1399,1399,6-7,dell',dell',_,_,Truncated=Yes
1399-4a,_,_,1399,6,_,di,di,ADP,_
1399-4b,_,_,1399,7,_,l',il,DET,_
1399-5,BO112,1399,1399,8,analisi,analisi,analisi,NOUN,_
1399-6,BO112,1399,1399,9,sociale,sociale,sociale,ADJ,_
1399-7,BO112,1399,1399,10,voi,voi,voi,PRON,_
1399-8,BO112,1399,1399,11,non,non,non,ADV,_
1399-9,BO112,1399,1399,12,sposate,sposate,sposare,VERB,_
1399-10,BO112,1399,1399,13,chi,chi,chi,PRON,_
1399-11,BO112,1399,1399,14,"volete,",volete,volere,AUX,Intonation=weakly_rising
1399-12,BO112,1399,1399,15,assolutamente.,assolutamente,assolutamente,ADV,Intonation=falling
1400-0,BO112,1400,1400,1,"voi,",voi,voi,PRON,Intonation=weakly_rising
1401-0,BO112,1401,1401,1-2,nell',nell',_,_,Truncated=Yes
1401-0a,_,_,1401,1,_,in,in,ADP,_
1401-0b,_,_,1401,2,_,l',il,DET,_
1401-1,BO112,1401,1401,3,ambito,ambito,ambito,NOUN,_
1401-2,BO112,1401,1401,4,di,di,di,ADP,_
1401-3,BO112,1401,1401,5,un,un,uno,DET,_
1401-4,BO112,1401,1401,6,gruppo,gruppo,gruppo,NOUN,_
1401-5,BO112,1401,1401,7,estremamente,estremamente,estremamente,ADV,_
1401-6,BO112,1401,1401,8,"ristretto,",ristretto,ristretto,ADJ,Intonation=weakly_rising
1402-0,BO112,1402,1402,1,di,di,di,ADP,_
1402-1,BO112,1402,1402,2,partner,partner,partner,NOUN,_
1402-2,BO112,1402,1402,3,"matrimoniali,",matrimoniali,matrimoniale,ADJ,Intonation=weakly_rising
1403-0,BO112,1403,1403,1,che,che,che,PRON,_
1403-1,BO112,1403,1403,2,hanno,hanno,avere,VERB,_
1403-2,BO112,1403,1403,3,a,a,a,ADP,_
1403-3,BO112,1403,1403,4,che,che,che,SCONJ,_
1403-4,BO112,1403,1403,5,fare,fare,fare,VERB,_
1403-5,BO112,1403,1403,6,con,con,con,ADP,_
1403-6,BO112,1403,1403,7,{P},{P},_,_,_
1403-7,BO112,1403,1403,8,più,più,più,ADV,_
1403-8,BO112,1403,1403,9,o,o,o,CCONJ,_
1403-9,BO112,1403,1403,10,meno,meno,meno,ADV,_
1403-10,BO112,1403,1403,11,un,un,uno,DET,_
1403-11,BO112,1403,1403,12,posto,posto,posto,NOUN,_
1403-12,BO112,1403,1403,13,analogo,analogo,analogo,ADJ,_
1403-13,BO112,1403,1403,14,a,a,a,ADP,_
1403-14,BO112,1403,1403,15,livello,livello,livello,NOUN,_
1403-15,BO112,1403,1403,16,di,di,di,ADP,_
1404-0,BO112,1404,1404,1,educazione,educazione,educazione,NOUN,_
1404-1,BO112,1404,1404,2,cioè,cioè,cioè,CCONJ,_
1404-2,BO112,1404,1404,3,di,di,di,ADP,_
1404-3,BO112,1404,1404,4,scolarizzazione,scolarizzazione,scolarizzazione,NOUN,_
1405-0,BO112,1405,1405,1,un,un,uno,DET,_
1405-1,BO112,1405,1405,2,vostro,vostro,vostro,NOUN,_
1405-2,BO112,1405,1405,3,analogo,analogo,analogo,ADJ,_
1405-3,BO112,1405,1405,4,più,più,più,ADV,_
1405-4,BO112,1405,1405,5,o,o,o,CCONJ,_
1405-5,BO112,1405,1405,6,meno,meno,meno,ADV,_
1405-6,BO112,1405,1405,7,a,a,a,ADP,_
1405-7,BO112,1405,1405,8,livello,livello,livello,NOUN,_
1405-8,BO112,1405,1405,9,di,di,di,ADP,_
1406-0,BO112,1406,1406,1,ceto,ceto,ceto,NOUN,_
1406-1,BO112,1406,1406,2,"sociale,",sociale,sociale,ADJ,Intonation=weakly_rising
1407-0,BO112,1407,1407,1,voi,voi,voi,PRON,_
1407-1,BO112,1407,1407,2,andate,andate,andare,VERB,_
1407-2,BO112,1407,1407,3,a,a,a,ADP,_
1407-3,BO112,1407,1407,4,pescare,pescare,pescare,VERB,_
1407-4,BO112,1407,1407,5,il,il,il,DET,_
1407-5,BO112,1407,1407,6,vostro,vostro,vostro,DET,_
1407-6,BO112,1407,1407,7,partner,partner,partner,NOUN,_
1407-7,BO112,1407,1407,8,matrimoniale.,matrimoniale,matrimoniale,ADJ,Intonation=falling
1408-0,BO112,1408,1408,1,e,e,e,CCONJ,_
1408-1,BO112,1408,1408,2,se,se,se,SCONJ,_
1408-2,BO112,1408,1408,3,{P},{P},_,_,_
1408-3,BO112,1408,1408,4,fate,fate,fare,VERB,_
1408-4,BO112,1408,1408,5,una,una,uno,DET,_
1408-5,BO112,1408,1408,6,scelta,scelta,scelta,NOUN,_
1409-0,BO112,1409,1409,1,che,che,che,SCONJ,_
1409-1,BO112,1409,1409,2,la,la,il,DET,_
1409-2,BO112,1409,1409,3,famiglia,famiglia,famiglia,NOUN,_
1409-3,BO112,1409,1409,4,non,non,non,ADV,_
1409-4,BO112,1409,1409,5,"approva,",approva,approvare,VERB,Intonation=weakly_rising
1410-0,BO112,1410,1410,1,sono,sono,essere,AUX,_
1410-1,BO112,1410,1410,2,"guai,",guai,guaio,NOUN,Intonation=weakly_rising
1410-2,BO112,1410,1410,3,anche,anche,anche,ADV,_
1410-3,BO112,1410,1410,4,qui.,qui,qui,ADV,Intonation=falling
1411-0,BO112,1411,1411,1,mh?,mh,mh,INTJ,Intonation=rising
1412-0,BO112,1412,1412,1,non,non,non,ADV,_
1412-1,BO112,1412,1412,2,so,so,sapere,VERB,_
1412-2,BO112,1412,1412,3,se,se,se,SCONJ,_
1412-3,BO112,1412,1412,4,siete,siete,essere,AUX,_
1412-4,BO112,1412,1412,5,d',d',di,ADP,SpaceAfter=No
1412-5,BO112,1412,1412,6,accordo.,accordo,accordo,NOUN,Intonation=falling
1413-0,BO112,1413,1413,1,allora,allora,allora,ADV,_
1413-1,BO112,1413,1413,2,l',l',il,DET,Truncated=Yes
1413-2,BO112,1413,1413,3,antropologia,antropologia,antropologia,NOUN,_
1413-3,BO112,1413,1413,4,ci,ci,ci,PRON,_
1413-4,BO112,1413,1413,5,insegna,insegna,insegnare,VERB,_
1413-5,BO112,1413,1413,6,a,a,a,ADP,_
1413-6,BO112,1413,1413,7,riflettere,riflettere,riflettere,VERB,_
1413-7,BO112,1413,1413,8,su,su,su,ADP,_
1413-8,BO112,1413,1413,9,"questo,",questo,questo,PRON,Intonation=weakly_rising
1413-9,BO112,1413,1413,10,cioè,cioè,cioè,CCONJ,_
1414-0,BO112,1414,1414,1,per,per,per,ADP,_
1414-1,BO112,1414,1414,2,riuscire,riuscire,riuscire,VERB,_
1414-2,BO112,1414,1414,3,a,a,a,ADP,_
1414-3,BO112,1414,1414,4,riflettere,riflettere,riflettere,VERB,_
1414-4,BO112,1414,1414,5-6,sul,sul,_,_,_
1414-4a,_,_,1414,5,_,su,su,ADP,_
1414-4b,_,_,1414,6,_,il,il,DET,_
1414-5,BO112,1414,1414,7,nostro,nostro,nostro,DET,_
1414-6,BO112,1414,1414,8,{P},{P},_,_,_
1414-7,BO112,1414,1414,9,matrimonio.,matrimonio,matrimonio,NOUN,Intonation=falling
1414-8,BO112,1414,1414,10,tipo,tipo,tipo,NOUN,_
1414-9,BO112,1414,1414,11,di,di,di,ADP,_
1414-10,BO112,1414,1414,12,matrimonio.,matrimonio,matrimonio,NOUN,Intonation=falling
1415-0,BO112,1415,1415,1,noi,noi,noi,PRON,_
1415-1,BO112,1415,1415,2,abbiamo,abbiamo,avere,VERB,_
1415-2,BO112,1415,1415,3,bisogno,bisogno,bisogno,NOUN,_
1415-3,BO112,1415,1415,4,di,di,di,ADP,_
1415-4,BO112,1415,1415,5,vedere,vedere,vedere,VERB,_
1415-5,BO112,1415,1415,6,anche,anche,anche,ADV,_
1415-6,BO112,1415,1415,7,altri,altri,altro,ADJ,_
1415-7,BO112,1415,1415,8,esempi.,esempi,esempio,NOUN,Intonation=falling
1416-0,BO112,1416,1416,1,è,è,essere,AUX,_
1416-1,BO112,1416,1416,2,per,per,per,ADP,_
1416-2,BO112,1416,1416,3,quello,quello,quello,PRON,_
1416-3,BO112,1416,1416,4,che,che,che,PRON,_
1416-4,BO112,1416,1416,5,il,il,il,DET,_
1416-5,BO112,1416,1416,6,giro,giro,giro,NOUN,_
1416-6,BO112,1416,1416,7,lungo,lungo,lungo,ADJ,_
1416-7,BO112,1416,1416,8,è,è,essere,AUX,_
1416-8,BO112,1416,1416,9,una,una,uno,DET,_
1416-9,BO112,1416,1416,10,dimensione,dimensione,dimensione,NOUN,_
1416-10,BO112,1416,1416,11,imprescendibile,imprescendibile,imprescendibile,ADJ,_
1416-11,BO112,1416,1416,12,di,di,di,ADP,_
1416-12,BO112,1416,1416,13,un,un,uno,DET,_
1416-13,BO112,1416,1416,14,lavoro,lavoro,lavoro,NOUN,_
1416-14,BO112,1416,1416,15,antropologico.,antropologico,antropologico,ADJ,Intonation=falling
1417-0,BO112,1417,1417,1,perché,perché,perché,SCONJ,_
1417-1,BO112,1417,1417,2,se,se,se,SCONJ,_
1417-2,BO112,1417,1417,3,io,io,io,PRON,_
1417-3,BO112,1417,1417,4,non,non,non,ADV,_
1417-4,BO112,1417,1417,5,mi,mi,mi,PRON,_
1417-5,BO112,1417,1417,6,sposto,sposto,spostare,VERB,_
1417-6,BO112,1417,1417,7,e,e,e,CCONJ,_
1417-7,BO112,1417,1417,8,non,non,non,ADV,_
1417-8,BO112,1417,1417,9,vedo,vedo,vedere,VERB,_
1417-9,BO112,1417,1417,10,{P},{P},_,_,_
1417-10,BO112,1417,1417,11,altre,altre,altro,ADJ,_
1417-11,BO112,1417,1417,12,"pratiche,",pratiche,pratica,NOUN,Intonation=weakly_rising
1418-0,BO112,1418,1418,1,non,non,non,ADV,_
1418-1,BO112,1418,1418,2,riesco,riesco,riuscire,VERB,_
1418-2,BO112,1418,1418,3,a,a,a,ADP,_
1418-3,BO112,1418,1418,4,riflettere,riflettere,riflettere,VERB,_
1418-4,BO112,1418,1418,5,criticamente,criticamente,criticamente,ADV,_
1418-5,BO112,1418,1418,6-7,sulle,sulle,_,_,_
1418-5a,_,_,1418,6,_,su,su,ADP,_
1418-5b,_,_,1418,7,_,le,il,DET,_
1418-6,BO112,1418,1418,8,mie.,mie,mie,PRON,Intonation=falling
1419-0,BO112,1419,1419,1,non,non,non,ADV,_
1419-1,BO112,1419,1419,2,ci,ci,ci,PRON,_
1419-2,BO112,1419,1419,3,verrebbe,verrebbe,venire,VERB,_
1419-3,BO112,1419,1419,4,mai,mai,mai,ADV,_
1419-4,BO112,1419,1419,5,in,in,in,ADP,_
1419-5,BO112,1419,1419,6,mente,mente,mente,NOUN,_
1419-6,BO112,1419,1419,7,di,di,di,ADP,_
1419-7,BO112,1419,1419,8,ragionare,ragionare,ragionare,VERB,_
1419-8,BO112,1419,1419,9,su,su,su,ADP,_
1419-9,BO112,1419,1419,10,"quanto,",quanto,quanto,PRON,Intonation=weakly_rising
1419-10,BO112,1419,1419,11,è,è,essere,AUX,_
1419-11,BO112,1419,1419,12,una,una,uno,DET,_
1419-12,BO112,1419,1419,13,libera,libera,libero,ADJ,_
1419-13,BO112,1419,1419,14,scelta,scelta,scelta,NOUN,_
1419-14,BO112,1419,1419,15,o,o,o,CCONJ,_
1419-15,BO112,1419,1419,16,non,non,non,ADV,_
1419-16,BO112,1419,1419,17,lo,lo,lo,PRON,_
1419-17,BO112,1419,1419,18,è,è,essere,AUX,_
1420-0,BO112,1420,1420,1,il,il,il,DET,_
1420-1,BO112,1420,1420,2,nostro,nostro,nostro,DET,_
1420-2,BO112,1420,1420,3,"matrimonio,",matrimonio,matrimonio,NOUN,Intonation=weakly_rising
1421-0,BO112,1421,1421,1,se,se,se,SCONJ,_
1421-1,BO112,1421,1421,2,non,non,non,ADV,_
1421-2,BO112,1421,1421,3-4,sulla,sulla,_,_,_
1421-2a,_,_,1421,3,_,su,su,ADP,_
1421-2b,_,_,1421,4,_,la,il,DET,_
1421-3,BO112,1421,1421,5,base,base,base,NOUN,_
1421-4,BO112,1421,1421,6-7,dell',dell',_,_,Truncated=Yes
1421-4a,_,_,1421,6,_,di,di,ADP,_
1421-4b,_,_,1421,7,_,l',il,DET,_
1421-5,BO112,1421,1421,8,analisi,analisi,analisi,NOUN,_
1421-6,BO112,1421,1421,9,di,di,di,ADP,_
1421-7,BO112,1421,1421,10,fenomeni,fenomeni,fenomeno,NOUN,_
1422-0,BO112,1422,1422,1,"analoghi,",analoghi,analogo,ADJ,Intonation=weakly_rising
1423-0,BO112,1423,1423,1,in,in,in,ADP,_
1423-1,BO112,1423,1423,2,altre,altre,altro,DET,_
1423-2,BO112,1423,1423,3,culture.,culture,cultura,NOUN,Intonation=falling
1424-0,BO112,1424,1424,1,e,e,e,CCONJ,_
1424-1,BO112,1424,1424,2,"qui,",qui,qui,ADV,Intonation=weakly_rising
1425-0,BO112,1425,1425,1,e::h,eh,eh,INTJ,_
1426-0,BO112,1426,1426,1,questo,questo,questo,DET,_
1426-1,BO112,1426,1426,2,tipo,tipo,tipo,NOUN,_
1426-2,BO112,1426,1426,3,di,di,di,ADP,_
1426-3,BO112,1426,1426,4,"analisi,",analisi,analisi,NOUN,Intonation=weakly_rising
1426-4,BO112,1426,1426,5,ci,ci,ci,PRON,_
1426-5,BO112,1426,1426,6,mette,mette,mettere,VERB,_
1426-6,BO112,1426,1426,7,{P},{P},_,_,_
1426-7,BO112,1426,1426,8,in,in,in,ADP,_
1426-8,BO112,1426,1426,9,luce,luce,luce,NOUN,_
1426-9,BO112,1426,1426,10,come,come,come,ADP,_
1426-10,BO112,1426,1426,11,"quindi,",quindi,quindi,ADV,Intonation=weakly_rising
1427-0,BO112,1427,1427,1,sia,sia,sia,CCONJ,_
1427-1,BO112,1427,1427,2-3,nelle,nelle,_,_,_
1427-1a,_,_,1427,2,_,in,in,ADP,_
1427-1b,_,_,1427,3,_,le,il,DET,_
1427-2,BO112,1427,1427,4,culture,culture,cultura,NOUN,_
1427-3,BO112,1427,1427,5-6,del,del,_,_,_
1427-3a,_,_,1427,5,_,di,di,ADP,_
1427-3b,_,_,1427,6,_,il,il,DET,_
1427-4,BO112,1427,1427,7,eh,eh,eh,INTJ,_
1427-5,BO112,1427,1427,8,sub,sub,sub,X,_
1427-6,BO112,1427,1427,9,"india,",india,India,PROPN,Intonation=weakly_rising
1428-0,BO112,1428,1428,1,sia,sia,essere,AUX,_
1428-1,BO112,1428,1428,2,"qui,",qui,qui,ADV,Intonation=weakly_rising
1429-0,BO112,1429,1429,1,il,il,il,DET,_
1429-1,BO112,1429,1429,2,matrimonio,matrimonio,matrimonio,NOUN,_
1429-2,BO112,1429,1429,3,abbia,abbia,avere,VERB,_
1429-3,BO112,1429,1429,4,a,a,a,ADP,_
1429-4,BO112,1429,1429,5,che,che,che,SCONJ,_
1429-5,BO112,1429,1429,6,fare,fare,fare,VERB,_
1429-6,BO112,1429,1429,7,con,con,con,ADP,_
1429-7,BO112,1429,1429,8,il,il,il,DET,_
1429-8,BO112,1429,1429,9,tema,tema,tema,NOUN,_
1429-9,BO112,1429,1429,10-11,dell',dell',_,_,Truncated=Yes
1429-9a,_,_,1429,10,_,di,di,ADP,_
1429-9b,_,_,1429,11,_,l',il,DET,_
1429-10,BO112,1429,1429,12,alleanza.,alleanza,alleanza,NOUN,Intonation=falling
1429-11,BO112,1429,1429,13,mh?,mh,mh,INTJ,Intonation=rising
1430-0,BO112,1430,1430,1,cioè,cioè,cioè,CCONJ,_
1430-1,BO112,1430,1430,2,il,il,il,DET,_
1430-2,BO112,1430,1430,3,"matrimonio,",matrimonio,matrimonio,NOUN,Intonation=weakly_rising
1430-3,BO112,1430,1430,4,non,non,non,ADV,_
1430-4,BO112,1430,1430,5,è,è,essere,AUX,_
1430-5,BO112,1430,1430,6,una,una,uno,DET,_
1430-6,BO112,1430,1430,7,scelta,scelta,scelta,NOUN,_
1430-7,BO112,1430,1430,8,libera,libera,libero,ADJ,_
1430-8,BO112,1430,1430,9,di,di,di,ADP,_
1430-9,BO112,1430,1430,10,due,due,due,NUM,_
1430-10,BO112,1430,1430,11,"individui,",individui,individuo,NOUN,Intonation=weakly_rising
1431-0,BO112,1431,1431,1,ha,ha,avere,VERB,_
1431-1,BO112,1431,1431,2,a,a,a,ADP,_
1431-2,BO112,1431,1431,3,che,che,che,SCONJ,_
1431-3,BO112,1431,1431,4,fare,fare,fare,VERB,_
1431-4,BO112,1431,1431,5,con,con,con,ADP,_
1431-5,BO112,1431,1431,6,le,le,il,DET,_
1431-6,BO112,1431,1431,7,"famiglie,",famiglie,famiglia,NOUN,Intonation=weakly_rising
1432-0,BO112,1432,1432,1,di,di,di,ADP,_
1432-1,BO112,1432,1432,2,appartenenza.,appartenenza,appartenenza,NOUN,Intonation=falling
1433-0,BO112,1433,1433,1,si,si,si,PRON,_
1433-1,BO112,1433,1433,2,"creano,",creano,creare,VERB,Intonation=weakly_rising
1433-2,BO112,1433,1433,3,o,o,o,CCONJ,_
1433-3,BO112,1433,1433,4,non,non,non,ADV,_
1433-4,BO112,1433,1433,5,si,si,si,PRON,_
1433-5,BO112,1433,1433,6,creano,creano,creare,VERB,_
1433-6,BO112,1433,1433,7-8,delle,delle,_,_,_
1433-6a,_,_,1433,7,_,di,di,ADP,_
1433-6b,_,_,1433,8,_,le,il,DET,_
1433-7,BO112,1433,1433,9,alleanze.,alleanze,alleanza,NOUN,Intonation=falling
1434-0,BO112,1434,1434,1,e,e,e,CCONJ,_
1434-1,BO112,1434,1434,2,qui,qui,qui,ADV,_
1434-2,BO112,1434,1434,3,"veniamo,",veniamo,venire,VERB,Intonation=weakly_rising
1434-3,BO112,1434,1434,4-5,alla,alla,_,_,_
1434-3a,_,_,1434,4,_,a,a,ADP,_
1434-3b,_,_,1434,5,_,la,il,DET,_
1434-4,BO112,1434,1434,6,domanda,domanda,domanda,NOUN,_
1434-5,BO112,1434,1434,7,che,che,che,PRON,_
1434-6,BO112,1434,1434,8,mi,mi,mi,PRON,_
1434-7,BO112,1434,1434,9,è,è,essere,AUX,_
1434-8,BO112,1434,1434,10,stata,stata,essere,AUX,_
1434-9,BO112,1434,1434,11,fatta,fatta,fare,VERB,_
1434-10,BO112,1434,1434,12-13,nella,nella,_,_,_
1434-10a,_,_,1434,12,_,in,in,ADP,_
1434-10b,_,_,1434,13,_,la,il,DET,_
1434-11,BO112,1434,1434,14,pausa.,pausa,pausa,NOUN,Intonation=falling
1435-0,BO112,1435,1435,1,ma,ma,ma,CCONJ,_
1435-1,BO112,1435,1435,2,"qui,",qui,qui,ADV,Intonation=weakly_rising
1435-2,BO112,1435,1435,3,chi,chi,chi,PRON,_
1435-3,BO112,1435,1435,4,è,è,essere,VERB,_
1435-4,BO112,1435,1435,5,che,che,che,SCONJ,_
1435-5,BO112,1435,1435,6,me,me,me,PRON,_
1435-6,BO112,1435,1435,7,l',l',lo,PRON,Truncated=Yes
1435-7,BO112,1435,1435,8,aveva,aveva,avere,AUX,_
1435-8,BO112,1435,1435,9,"fatta,",fatta,fare,VERB,Intonation=weakly_rising
1435-9,BO112,1435,1435,10-11,sulla,sulla,_,_,_
1435-9a,_,_,1435,10,_,su,su,ADP,_
1435-9b,_,_,1435,11,_,la,il,DET,_
1435-10,BO112,1435,1435,12,{P},{P},_,_,_
1435-11,BO112,1435,1435,13,questione,questione,questione,NOUN,_
1435-12,BO112,1435,1435,14,etica?,etica,etico,ADJ,Intonation=rising
1436-0,BO112,1436,1436,1,cioè,cioè,cioè,CCONJ,_
1436-1,BO112,1436,1436,2,non,non,non,ADV,_
1436-2,BO112,1436,1436,3,{P},{P},_,_,_
1436-3,BO112,1436,1436,4,etica,etica,etica,NOUN,_
1436-4,BO112,1436,1436,5-6,nel,nel,_,_,_
1436-4a,_,_,1436,5,_,in,in,ADP,_
1436-4b,_,_,1436,6,_,il,il,DET,_
1436-5,BO112,1436,1436,7,senso,senso,senso,NOUN,_
1436-6,BO112,1436,1436,8,etica,etica,etica,NOUN,_
1436-7,BO112,1436,1436,9,"emica,",emica,emico,ADJ,Intonation=weakly_rising
1436-8,BO112,1436,1436,10,ma,ma,ma,CCONJ,_
1436-9,BO112,1436,1436,11-12,dal,dal,_,_,_
1436-9a,_,_,1436,11,_,da,da,ADP,_
1436-9b,_,_,1436,12,_,il,il,DET,_
1436-10,BO112,1436,1436,13,punto,punto,punto,NOUN,_
1436-11,BO112,1436,1436,14,di,di,di,ADP,_
1436-12,BO112,1436,1436,15,vista,vista,vista,NOUN,_
1436-13,BO112,1436,1436,16-17,della,della,_,_,_
1436-13a,_,_,1436,16,_,di,di,ADP,_
1436-13b,_,_,1436,17,_,la,il,DET,_
1436-14,BO112,1436,1436,18,"morale,",morale,morale,NOUN,Intonation=weakly_rising
1437-0,BO112,1437,1437,1,dov',dov',dove,ADV,Truncated=Yes
1437-1,BO112,1437,1437,2,è,è,essere,VERB,_
1437-2,BO112,1437,1437,3,la,la,il,DET,_
1437-3,BO112,1437,1437,4,persona,persona,persona,NOUN,_
1437-4,BO112,1437,1437,5,che,che,che,PRON,_
1437-5,BO112,1437,1437,6,mi,mi,mi,PRON,_
1437-6,BO112,1437,1437,7,ha,ha,avere,AUX,_
1437-7,BO112,1437,1437,8,fatto,fatto,fare,VERB,_
1437-8,BO112,1437,1437,9,la,la,il,DET,_
1437-9,BO112,1437,1437,10,domanda?,domanda,domanda,NOUN,Intonation=rising
1438-0,BO112,1438,1438,1,ecco.,ecco,ecco,ADV,Intonation=falling
1438-1,BO112,1438,1438,2,me,me,me,PRON,_
1438-2,BO112,1438,1438,3,"la,",la,la,PRON,Intonation=weakly_rising
1438-3,BO112,1438,1438,4,la,la,la,PRON,_
1438-4,BO112,1438,1438,5,puoi,puoi,potere,AUX,_
1438-5,BO112,1438,1438,6,dire,dire,dire,VERB,_
1438-6,BO112,1438,1438,7,adesso?,adesso,adesso,ADV,Intonation=rising
1438-7,BO112,1438,1438,8,perché,perché,perché,SCONJ,_
1438-8,BO112,1438,1438,9,a,a,a,ADP,_
1438-9,BO112,1438,1438,10,questo,questo,questo,DET,_
1438-10,BO112,1438,1438,11,punto,punto,punto,NOUN,_
1438-11,BO112,1438,1438,12,ci,ci,ci,PRON,_
1438-12,BO112,1438,1438,13,sta.,sta,stare,VERB,Intonation=falling
1439-0,???,1439,1439,1,io,io,io,PRON,_
1439-1,???,1439,1439,2,mi,mi,mi,PRON,_
1439-2,???,1439,1439,3,chiedevo,chiedevo,chiedere,VERB,_
1439-3,???,1439,1439,4,{P},{P},_,_,_
1439-4,???,1439,1439,5,come::,come,come,ADP,_
1440-0,???,1440,1440,1,m::,m,m,INTJ,_
1440-1,???,1440,1440,2,a,a,a,ADP,_
1440-2,???,1440,1440,3,parte,parte,parte,NOUN,_
1440-3,???,1440,1440,4,il,il,il,DET,_
1440-4,???,1440,1440,5,processo,processo,processo,NOUN,_
1440-5,???,1440,1440,6,"di,",di,di,ADP,Intonation=weakly_rising
1441-0,BO112,1441,1441,1,voce,voce,voce,NOUN,_
1441-1,BO112,1441,1441,2,voce,voce,voce,NOUN,_
1441-2,BO112,1441,1441,3,voce.,voce,voce,NOUN,Intonation=falling
1442-0,???,1442,1442,1,mi,mi,mi,PRON,_
1442-1,???,1442,1442,2,chiedevo,chiedevo,chiedere,VERB,_
1442-2,???,1442,1442,3,come,come,come,ADV,_
1442-3,???,1442,1442,4,a,a,a,ADP,_
1442-4,???,1442,1442,5,parte,parte,parte,NOUN,_
1442-5,???,1442,1442,6,il,il,il,DET,_
1442-6,???,1442,1442,7,processo,processo,processo,NOUN,_
1442-7,???,1442,1442,8,di:,di,di,ADP,_
1443-0,???,1443,1443,1,e:hm,ehm,ehm,INTJ,_
1443-1,???,1443,1443,2,osservazione,osservazione,osservazione,NOUN,_
1443-2,???,1443,1443,3-4,dall',dall',_,_,Truncated=Yes
1443-2a,_,_,1443,3,_,da,da,ADP,_
1443-2b,_,_,1443,4,_,l',il,DET,_
1443-3,???,1443,1443,5,altro,altro,altro,ADJ,_
1443-4,???,1443,1443,6,punto,punto,punto,NOUN,_
1443-5,???,1443,1443,7,di,di,di,ADP,_
1443-6,???,1443,1443,8,"vista,",vista,vista,NOUN,Intonation=weakly_rising
1444-0,???,1444,1444,1,mh,mh,mh,INTJ,_
1444-1,???,1444,1444,2,non,non,non,ADV,_
1444-2,???,1444,1444,3,si,si,si,PRON,_
1444-3,???,1444,1444,4,possa,possa,potere,AUX,_
1444-4,???,1444,1444,5,comunque,comunque,comunque,ADV,_
1444-5,???,1444,1444,6,evitare:,evitare,evitare,VERB,_
1444-6,???,1444,1444,7,di,di,di,ADP,_
1444-7,???,1444,1444,8,dare,dare,dare,VERB,_
1444-8,???,1444,1444,9,un,un,uno,DET,_
1444-9,???,1444,1444,10,giudizio,giudizio,giudizio,NOUN,_
1444-10,???,1444,1444,11,"morale,",morale,morale,ADJ,Intonation=weakly_rising
1444-11,???,1444,1444,12,su,su,su,ADP,_
1444-12,???,1444,1444,13,certe,certe,certo,ADJ,_
1444-13,???,1444,1444,14,"pratiche,",pratiche,pratica,NOUN,Intonation=weakly_rising
1445-0,???,1445,1445,1,che,che,che,PRON,_
1445-1,???,1445,1445,2,appaiono,appaiono,apparire,VERB,_
1445-2,???,1445,1445,3,"comunque,",comunque,comunque,ADV,Intonation=weakly_rising
1446-0,???,1446,1446,1,intimorati,intimorati,intimorato,ADJ,_
1446-1,???,1446,1446,2,diciamo,diciamo,dire,VERB,_
1446-2,???,1446,1446,3-4,dalla,dalla,_,_,_
1446-2a,_,_,1446,3,_,da,da,ADP,_
1446-2b,_,_,1446,4,_,la,il,DET,_
1446-3,???,1446,1446,5,cresima.,cresima,cresima,NOUN,Intonation=falling
1447-0,???,1447,1447,1,e::h,eh,eh,INTJ,_
1447-1,???,1447,1447,2,anche,anche,anche,ADV,_
1447-2,???,1447,1447,3,prima,prima,prima,ADV,_
1447-3,???,1447,1447,4-5,delle,delle,_,_,_
1447-3a,_,_,1447,4,_,di,di,ADP,_
1447-3b,_,_,1447,5,_,le,il,DET,_
1447-4,???,1447,1447,6,"caste,",caste,casta,NOUN,Intonation=weakly_rising
1447-5,???,1447,1447,7,xxx,x,x,X,_
1447-6,???,1447,1447,8,xxx,x,x,X,_
1447-7,???,1447,1447,9,che,che,che,PRON,_
1448-0,???,1448,1448,1,sono,sono,essere,AUX,_
1448-1,???,1448,1448,2,pratiche,pratiche,pratica,NOUN,_
1448-2,???,1448,1448,3,"culturali,","culturali,",culturale,ADJ,_
1448-5,???,1448,1448,,(di,di,di,ADP,
1448-3,???,1448,1448,4,determinati),determinati,determinato,ADJ,_
1448-4,???,1448,1448,5,"popoli,",popoli,popolo,NOUN,Intonation=weakly_rising
1449-0,???,1449,1449,1,anche,anche,anche,ADV,_
1449-1,???,1449,1449,2,lì,lì,lì,ADV,_
1449-2,???,1449,1449,3,"io,",io,io,PRON,Intonation=weakly_rising
1449-3,???,1449,1449,4,{P},{P},_,_,_
1449-4,???,1449,1449,5,non,non,non,ADV,_
1449-5,???,1449,1449,6,riesco,riesco,riuscire,VERB,_
1449-6,???,1449,1449,7,a,a,a,ADP,_
1449-7,???,1449,1449,8,definire,definire,definire,VERB,_
1449-8,???,1449,1449,9,{P},{P},_,_,_
1449-9,???,1449,1449,10,"arretrate,",arretrate,arretrato,ADJ,Intonation=weakly_rising
1449-10,???,1449,1449,11,{P},{P},_,_,_
1449-11,???,1449,1449,12,e,e,e,CCONJ,_
1449-12,???,1449,1449,13,immorali.,immorali,immorale,ADJ,Intonation=falling
1450-0,BO112,1450,1450,1,mh.,mh,mh,INTJ,Intonation=falling
1451-0,BO112,1451,1451,1,"allora,",allora,allora,ADV,Intonation=weakly_rising
1451-1,BO112,1451,1451,2,questa,questa,questo,PRON,_
1451-2,BO112,1451,1451,3,è,è,essere,AUX,_
1451-3,BO112,1451,1451,4,una,una,uno,DET,_
1451-4,BO112,1451,1451,5,domanda,domanda,domanda,NOUN,_
1451-5,BO112,1451,1451,6,centrale,centrale,centrale,ADJ,_
1451-6,BO112,1451,1451,7,{P},{P},_,_,_
1451-7,BO112,1451,1451,8,che,che,che,PRON,_
1451-8,BO112,1451,1451,9,in,in,in,ADP,_
1451-9,BO112,1451,1451,10,ogni,ogni,ogni,DET,_
1451-10,BO112,1451,1451,11,corso,corso,corso,NOUN,_
1451-11,BO112,1451,1451,12,di,di,di,ADP,_
1451-12,BO112,1451,1451,13,antropologia,antropologia,antropologia,NOUN,_
1451-13,BO112,1451,1451,14,viene,viene,venire,AUX,_
1451-14,BO112,1451,1451,15,fatta,fatta,fare,VERB,_
1451-15,BO112,1451,1451,16,ed,ed,e,CCONJ,_
1451-16,BO112,1451,1451,17,ha,ha,avere,VERB,_
1451-17,BO112,1451,1451,18,una,una,uno,DET,_
1451-18,BO112,1451,1451,19,sua,sua,suo,DET,_
1452-0,BO112,1452,1452,1,squisita,squisita,squisito,ADJ,_
1452-1,BO112,1452,1452,2,legittimata.,legittimata,legittimato,ADJ,Intonation=falling
1452-2,BO112,1452,1452,3,eh?,eh,eh,INTJ,Intonation=rising
1453-0,BO112,1453,1453,1,"allora,",allora,allora,ADV,Intonation=weakly_rising
1453-1,BO112,1453,1453,2,che,che,che,DET,_
1453-2,BO112,1453,1453,3,cosa,cosa,cosa,NOUN,_
1453-3,BO112,1453,1453,4,fanno,fanno,fare,VERB,_
1453-4,BO112,1453,1453,5,gli,gli,il,DET,_
1453-5,BO112,1453,1453,6,antropologi,antropologi,antropologo,NOUN,_
1453-6,BO112,1453,1453,7,rispetto,rispetto,rispetto,NOUN,_
1453-7,BO112,1453,1453,8,a,a,a,ADP,_
1453-8,BO112,1453,1453,9,questi,questi,questo,DET,_
1453-9,BO112,1453,1453,10,temi.,temi,tema,NOUN,Intonation=falling
1453-10,BO112,1453,1453,11,è,è,essere,AUX,_
1453-11,BO112,1453,1453,12,chiaro,chiaro,chiaro,ADJ,_
1453-12,BO112,1453,1453,13,che,che,che,SCONJ,_
1453-13,BO112,1453,1453,14,ci,ci,ci,PRON,_
1453-14,BO112,1453,1453,15,sono,sono,essere,VERB,_
1453-15,BO112,1453,1453,16-17,dei,dei,dei,DET,_
1453-16,BO112,1453,1453,18,temi,temi,tema,NOUN,_
1453-17,BO112,1453,1453,19,particolarmente,particolarmente,particolarmente,ADV,_
1453-18,BO112,1453,1453,20,sensibili.,sensibili,sensibile,ADJ,Intonation=falling
1454-0,BO112,1454,1454,1,in,in,in,ADP,_
1454-1,BO112,1454,1454,2,particolare,particolare,particolare,NOUN,_
1454-2,BO112,1454,1454,3-4,sulle,sulle,_,_,_
1454-2a,_,_,1454,3,_,su,su,ADP,_
1454-2b,_,_,1454,4,_,le,il,DET,_
1454-3,BO112,1454,1454,5,emme,emme,M,NOUN,_
1454-4,BO112,1454,1454,6,gi,gi,G,NOUN,_
1454-5,BO112,1454,1454,7,effe,effe,F,NOUN,_
1454-6,BO112,1454,1454,8,faremo,faremo,fare,VERB,_
1454-7,BO112,1454,1454,9,una,una,uno,DET,_
1454-8,BO112,1454,1454,10,conferenza,conferenza,conferenza,NOUN,_
1454-9,BO112,1454,1454,11,in,in,in,ADP,_
1454-10,BO112,1454,1454,12,"marzo,",marzo,marzo,NOUN,Intonation=weakly_rising
1455-0,BO112,1455,1455,1-2,sulle,sulle,_,_,_
1455-0a,_,_,1455,1,_,su,su,ADP,_
1455-0b,_,_,1455,2,_,le,il,DET,_
1456-0,BO112,1456,1456,1,emme,emme,M,NOUN,_
1456-1,BO112,1456,1456,2,gi,gi,G,NOUN,_
1456-2,BO112,1456,1456,3,effe,effe,F,NOUN,_
1457-0,BO112,1457,1457,1,è,è,essere,AUX,_
1457-1,BO112,1457,1457,2,un,un,uno,DET,_
1457-2,BO112,1457,1457,3,acronimo.,acronimo,acronimo,NOUN,Intonation=falling
1458-0,BO112,1458,1458,1,che,che,che,PRON,_
1458-1,BO112,1458,1458,2,significa,significa,significare,VERB,_
1458-2,BO112,1458,1458,3,"mutilazioni,",mutilazioni,mutilazione,NOUN,Intonation=weakly_rising
1459-0,BO112,1459,1459,1,genitali,genitali,genitale,ADJ,_
1459-1,BO112,1459,1459,2,"femminili,",femminili,femminile,ADJ,Intonation=weakly_rising
1460-0,BO112,1460,1460,1-2,nei,nei,_,_,_
1460-0a,_,_,1460,1,_,in,in,ADP,_
1460-0b,_,_,1460,2,_,i,il,DET,_
1460-1,BO112,1460,1460,3,"quali,",quali,quale,PRON,Intonation=weakly_rising
1460-2,BO112,1460,1460,4,rientra,rientra,rientrare,VERB,_
1460-3,BO112,1460,1460,5,anche,anche,anche,ADV,_
1461-0,BO112,1461,1461,1-2,nei,nei,_,_,_
1461-0a,_,_,1461,1,_,in,in,ADP,_
1461-0b,_,_,1461,2,_,i,il,DET,_
1461-1,BO112,1461,1461,3,quali,quali,quale,PRON,_
1461-2,BO112,1461,1461,4,"rientra,",rientra,rientrare,VERB,Intonation=weakly_rising
1462-0,BO112,1462,1462,1,anche,anche,anche,ADV,_
1462-1,BO112,1462,1462,2,l',l',il,DET,Truncated=Yes
1462-2,BO112,1462,1462,3,infibulazione,infibulazione,infibulazione,NOUN,_
1462-3,BO112,1462,1462,4,sapete,sapete,sapere,VERB,_
1462-4,BO112,1462,1462,5,che,che,che,PRON,_
1462-5,BO112,1462,1462,6,cos',cos',cos',PRON,Truncated=Yes
1462-6,BO112,1462,1462,7,è?,è,essere,AUX,Intonation=rising
1463-0,BO112,1463,1463,1,mh.,mh,mh,INTJ,Intonation=falling
1464-0,BO112,1464,1464,1,e::,e,e,CCONJ,_
1465-0,BO112,1465,1465,1,"quindi,",quindi,quindi,ADV,Intonation=weakly_rising
1466-0,BO112,1466,1466,1,alcuni,alcuni,alcuno,PRON,_
1466-1,BO112,1466,1466,2,preferiscono,preferiscono,preferire,VERB,_
1466-2,BO112,1466,1466,3,invece,invece,invece,ADV,_
1466-3,BO112,1466,1466,4-5,chiamarle,chiamarle,_,_,_
1466-3a,_,_,1466,4,_,chiamar,chiamare,VERB,_
1466-3b,_,_,1466,5,_,le,le,PRON,_
1467-0,BO112,1467,1467,1,modificazioni,modificazioni,modificazione,NOUN,_
1467-1,BO112,1467,1467,2,genitali,genitali,genitale,ADJ,_
1467-2,BO112,1467,1467,3,"femminili,",femminili,femminile,ADJ,Intonation=weakly_rising
1468-0,BO112,1468,1468,1,e:,e,e,CCONJ,_
1468-1,BO112,1468,1468,2,su,su,su,ADP,_
1468-2,BO112,1468,1468,3,questa,questa,questo,DET,_
1468-3,BO112,1468,1468,4,"differenza,",differenza,differenza,NOUN,Intonation=weakly_rising
1468-4,BO112,1468,1468,5,si,si,si,PRON,_
1468-5,BO112,1468,1468,6,"gioca,",gioca,giocare,VERB,Intonation=weakly_rising
1469-0,BO112,1469,1469,1,cos',cos',cosa,PRON,Truncated=Yes
1469-1,BO112,1469,1469,2,ho,ho,avere,AUX,_
1469-2,BO112,1469,1469,3,fatto?,fatto,fare,VERB,Intonation=rising
1470-0,BO112,1470,1470,1,ho,ho,avere,AUX,_
1470-1,BO112,1470,1470,2,sbagliato,sbagliato,sbagliare,VERB,_
1470-2,BO112,1470,1470,3,penna?,penna,penna,NOUN,Intonation=rising
1471-0,BO112,1471,1471,1,°beh,beh,beh,INTJ,Volume=low
1471-1,BO112,1471,1471,2,"però,",però,però,ADV,Intonation=weakly_rising|Volume=low
1471-2,BO112,1471,1471,3,xxxxx°,x,x,X,Volume=low
1472-0,BO112,1472,1472,1,vabbè,vabbè,vabbè,INTJ,_
1472-1,BO112,1472,1472,2,mi,mi,mi,PRON,_
1472-2,BO112,1472,1472,3,arrendo.,arrendo,arrendere,VERB,Intonation=falling
1473-0,BO112,1473,1473,1,allora,allora,allora,ADV,_
1473-1,BO112,1473,1473,2,e::hm,ehm,ehm,INTJ,_
1474-0,BO112,1474,1474,1,questi,questi,questo,DET,_
1474-1,BO112,1474,1474,2,temi,temi,tema,NOUN,_
1474-2,BO112,1474,1474,3,sono,sono,essere,AUX,_
1474-3,BO112,1474,1474,4,"temi,",temi,tema,NOUN,Intonation=weakly_rising
1474-4,BO112,1474,1474,5,che,che,che,PRON,_
1475-0,BO112,1475,1475,1,l',l',il,DET,Truncated=Yes
1475-1,BO112,1475,1475,2,antropologia,antropologia,antropologia,NOUN,_
1475-2,BO112,1475,1475,3,affronta,affronta,affrontare,VERB,_
1475-3,BO112,1475,1475,4,con,con,con,ADP,_
1475-4,BO112,1475,1475,5,una,una,uno,DET,_
1475-5,BO112,1475,1475,6,{P},{P},_,_,_
1475-6,BO112,1475,1475,7,specifica,specifica,specifica,ADJ,_
1475-7,BO112,1475,1475,8,sensibilità.,sensibilità,sensibilità,NOUN,Intonation=falling
1476-0,BO112,1476,1476,1,vale,vale,valere,VERB,_
1476-1,BO112,1476,1476,2,a,a,a,ADP,_
1476-2,BO112,1476,1476,3,dire,dire,dire,VERB,_
1477-0,BO112,1477,1477,1,l',l',il,DET,Truncated=Yes
1477-1,BO112,1477,1477,2,"antropologia,",antropologia,antropologia,NOUN,Intonation=weakly_rising
1477-2,BO112,1477,1477,3,allora,allora,allora,ADV,_
1477-3,BO112,1477,1477,4,{P},{P},_,_,_
1477-4,BO112,1477,1477,5,i,i,il,DET,_
1477-5,BO112,1477,1477,6,temi,temi,tema,NOUN,_
1477-6,BO112,1477,1477,7,sostanzialmente,sostanzialmente,sostanzialmente,ADV,_
1477-7,BO112,1477,1477,8,sono.,sono,essere,AUX,Intonation=falling
1478-0,BO112,1478,1478,1,la,la,il,DET,_
1478-1,BO112,1478,1478,2,questione,questione,questione,NOUN,_
1479-0,BO112,1479,1479,1-2,delle,delle,_,_,_
1479-0a,_,_,1479,1,_,di,di,ADP,_
1479-0b,_,_,1479,2,_,le,il,DET,_
1479-1,BO112,1479,1479,3,punizioni,punizioni,punizione,NOUN,_
1479-2,BO112,1479,1479,4,"corporali,",corporali,corporale,ADJ,Intonation=weakly_rising
1480-0,BO112,1480,1480,1,la,la,il,DET,_
1480-1,BO112,1480,1480,2,questione,questione,questione,NOUN,_
1480-2,BO112,1480,1480,3-4,del,del,_,_,_
1480-2a,_,_,1480,3,_,di,di,ADP,_
1480-2b,_,_,1480,4,_,il,il,DET,_
1480-3,BO112,1480,1480,5,{P},{P},_,_,_
1480-4,BO112,1480,1480,6,emme,emme,M,NOUN,_
1480-5,BO112,1480,1480,7,gi,gi,G,NOUN,_
1480-6,BO112,1480,1480,8,"effe,",effe,F,NOUN,Intonation=weakly_rising
1481-0,BO112,1481,1481,1,e,e,e,CCONJ,_
1481-1,BO112,1481,1481,2,lei,lei,lei,PRON,_
1481-2,BO112,1481,1481,3,menzionava,menzionava,menzionare,VERB,_
1481-3,BO112,1481,1481,4,anche?,anche,anche,ADV,Intonation=rising
1482-0,BO112,1482,1482,1,le,le,il,DET,_
1482-1,BO112,1482,1482,2,caste.,caste,casta,NOUN,Intonation=falling
1483-0,BO112,1483,1483,1,"allora,",allora,allora,ADV,Intonation=weakly_rising
1483-1,BO112,1483,1483,2,le,le,il,DET,_
1483-2,BO112,1483,1483,3,"caste,",caste,casta,NOUN,Intonation=weakly_rising
1483-3,BO112,1483,1483,4,è,è,essere,AUX,_
1483-4,BO112,1483,1483,5,un',un',uno,DET,Truncated=Yes
1483-5,BO112,1483,1483,6,altra,altra,altro,ADJ,_
1483-6,BO112,1483,1483,7,cosa.,cosa,cosa,NOUN,Intonation=falling
1483-7,BO112,1483,1483,8-9,nel,nel,_,_,_
1483-7a,_,_,1483,8,_,in,in,ADP,_
1483-7b,_,_,1483,9,_,il,il,DET,_
1483-8,BO112,1483,1483,10,senso,senso,senso,NOUN,_
1483-9,BO112,1483,1483,11,che,che,che,SCONJ,_
1484-0,BO112,1484,1484,1,il:,il,il,DET,_
1484-1,BO112,1484,1484,2,il,il,il,DET,_
1484-2,BO112,1484,1484,3,"il,",il,il,DET,Intonation=weakly_rising
1485-0,BO112,1485,1485,1,l',l',il,DET,Truncated=Yes
1485-1,BO112,1485,1485,2,"attenzione,",attenzione,attenzione,NOUN,Intonation=weakly_rising
1486-0,BO112,1486,1486,1,più,più,più,ADV,_
1486-1,BO112,1486,1486,2,{P},{P},_,_,_
1486-2,BO112,1486,1486,3,"specifica,",specifica,specifico,ADJ,Intonation=weakly_rising
1487-0,BO112,1487,1487,1-2,sulle,sulle,_,_,_
1487-0a,_,_,1487,1,_,su,su,ADP,_
1487-0b,_,_,1487,2,_,le,il,DET,_
1487-1,BO112,1487,1487,3,problematiche,problematiche,problematica,NOUN,_
1487-2,BO112,1487,1487,4,relative,relative,relativo,ADJ,_
1487-3,BO112,1487,1487,5-6,al,al,_,_,_
1487-3a,_,_,1487,5,_,a,a,ADP,_
1487-3b,_,_,1487,6,_,il,il,DET,_
1487-4,BO112,1487,1487,7,relativismo,relativismo,relativismo,NOUN,_
1487-5,BO112,1487,1487,8,"culturale,",culturale,culturale,ADJ,Intonation=weakly_rising
1488-0,BO112,1488,1488,1,hanno,hanno,avere,VERB,_
1488-1,BO112,1488,1488,2,a,a,a,ADP,_
1488-2,BO112,1488,1488,3,che,che,che,SCONJ,_
1488-3,BO112,1488,1488,4,fare,fare,fare,VERB,_
1488-4,BO112,1488,1488,5,"con,",con,con,ADP,Intonation=weakly_rising
1489-0,BO112,1489,1489,1,"pratiche,",pratiche,pratica,NOUN,Intonation=weakly_rising
1490-0,BO112,1490,1490,1,che,che,che,PRON,_
1490-1,BO112,1490,1490,2,{P},{P},_,_,_
1490-2,BO112,1490,1490,3,agiscono,agiscono,agire,VERB,_
1490-3,BO112,1490,1490,4-5,sui,sui,_,_,_
1490-3a,_,_,1490,4,_,su,su,ADP,_
1490-3b,_,_,1490,5,_,i,il,DET,_
1490-4,BO112,1490,1490,6,corpi.,corpi,corpo,NOUN,Intonation=falling
1491-0,BO112,1491,1491,1,mh?,mh,mh,INTJ,Intonation=rising
1492-0,BO112,1492,1492,1,quindi,quindi,quindi,ADV,_
1492-1,BO112,1492,1492,2,anche,anche,anche,ADV,_
1492-2,BO112,1492,1492,3,il,il,il,DET,_
1492-3,BO112,1492,1492,4,tema,tema,tema,NOUN,_
1492-4,BO112,1492,1492,5-6,del,del,_,_,_
1492-4a,_,_,1492,5,_,di,di,ADP,_
1492-4b,_,_,1492,6,_,il,il,DET,_
1492-5,BO112,1492,1492,7,xxxxxx,x,x,X,_
1493-0,BO112,1493,1493,1,"interessantissimo,",interessantissimo,interessante,ADJ,Intonation=weakly_rising
1493-1,BO112,1493,1493,2,anche,anche,anche,ADV,_
1493-2,BO112,1493,1493,3,da,da,da,ADP,_
1493-3,BO112,1493,1493,4,questo,questo,questo,DET,_
1493-4,BO112,1493,1493,5,punto,punto,punto,NOUN,_
1493-5,BO112,1493,1493,6,di,di,di,ADP,_
1493-6,BO112,1493,1493,7,vista,vista,vista,NOUN,_
1493-7,BO112,1493,1493,8,però,però,però,ADV,_
1494-0,BO112,1494,1494,1,il,il,il,DET,_
1494-1,BO112,1494,1494,2,nodo,nodo,nodo,NOUN,_
1494-2,BO112,1494,1494,3,cruciale,cruciale,cruciale,ADJ,_
1494-3,BO112,1494,1494,4,sta,sta,stare,AUX,_
1494-4,BO112,1494,1494,5,soprattutto,soprattutto,soprattutto,ADV,_
1494-5,BO112,1494,1494,6,qua.,qua,qua,ADV,Intonation=falling
1494-6,BO112,1494,1494,7,mh?,mh,mh,INTJ,Intonation=rising
1495-0,BO112,1495,1495,1,è,è,essere,AUX,_
1495-1,BO112,1495,1495,2,chiaro,chiaro,chiaro,ADJ,_
1495-2,BO112,1495,1495,3,che,che,che,SCONJ,_
1495-3,BO112,1495,1495,4,{P},{P},_,_,_
1495-4,BO112,1495,1495,5,le,le,il,DET,_
1495-5,BO112,1495,1495,6,"caste,",caste,casta,NOUN,Intonation=weakly_rising
1496-0,BO112,1496,1496,1,comportano,comportano,comportare,VERB,_
1496-1,BO112,1496,1496,2,anche,anche,anche,ADV,_
1496-2,BO112,1496,1496,3,un,un,uno,DET,_
1496-3,BO112,1496,1496,4,azione,azione,azione,NOUN,_
1496-4,BO112,1496,1496,5-6,sui,sui,_,_,_
1496-4a,_,_,1496,5,_,su,su,ADP,_
1496-4b,_,_,1496,6,_,i,il,DET,_
1496-5,BO112,1496,1496,7,"corpi,",corpi,corpo,NOUN,Intonation=weakly_rising
1496-6,BO112,1496,1496,8,come,come,come,ADP,_
1496-7,BO112,1496,1496,9,un,un,uno,DET,_
1496-8,BO112,1496,1496,10,dalit,dalit,dalit,NOUN,_
1496-9,BO112,1496,1496,11,quando,quando,quando,SCONJ,_
1496-10,BO112,1496,1496,12,viene,viene,venire,AUX,_
1496-11,BO112,1496,1496,13,picchiato,picchiato,picchiare,VERB,_
1496-12,BO112,1496,1496,14,perché,perché,perché,SCONJ,_
1496-13,BO112,1496,1496,15,è,è,essere,AUX,_
1496-14,BO112,1496,1496,16,un,un,uno,PRON,_
1496-15,BO112,1496,1496,17,fuori,fuori,fuori,ADP,_
1496-16,BO112,1496,1496,18,"casta,",casta,casta,NOUN,Intonation=weakly_rising
1497-0,BO112,1497,1497,1,però,però,però,ADV,_
1497-1,BO112,1497,1497,2-3,dal,dal,_,_,_
1497-1a,_,_,1497,2,_,da,da,ADP,_
1497-1b,_,_,1497,3,_,il,il,DET,_
1497-2,BO112,1497,1497,4,punto,punto,punto,NOUN,_
1497-3,BO112,1497,1497,5,di,di,di,ADP,_
1497-4,BO112,1497,1497,6,vista,vista,vista,NOUN,_
1497-5,BO112,1497,1497,7-8,del,del,_,_,_
1497-5a,_,_,1497,7,_,di,di,ADP,_
1497-5b,_,_,1497,8,_,il,il,DET,_
1497-6,BO112,1497,1497,9,"sistema,",sistema,sistema,NOUN,Intonation=weakly_rising
1497-7,BO112,1497,1497,10,è,è,essere,AUX,_
1497-8,BO112,1497,1497,11,un,un,uno,DET,_
1497-9,BO112,1497,1497,12,sistema,sistema,sistema,NOUN,_
1497-10,BO112,1497,1497,13,"gerarchico,",gerarchico,gerarchico,ADJ,Intonation=weakly_rising
1498-0,BO112,1498,1498,1,in,in,in,ADP,_
1498-1,BO112,1498,1498,2,cui,cui,cui,PRON,_
1498-2,BO112,1498,1498,3,ciascuno,ciascuno,ciascuno,PRON,_
1498-3,BO112,1498,1498,4,trova,trova,trovare,VERB,_
1498-4,BO112,1498,1498,5,una,una,uno,DET,_
1498-5,BO112,1498,1498,6,propria,propria,proprio,DET,_
1498-6,BO112,1498,1498,7,"collocazione,",collocazione,collocazione,NOUN,Intonation=weakly_rising
1499-0,BO112,1499,1499,1,e::,e,e,CCONJ,_
1499-1,BO112,1499,1499,2,e:hm,ehm,ehm,INTJ,_
1500-0,BO112,1500,1500,1,però,però,però,ADV,_
1500-1,BO112,1500,1500,2,le,le,il,DET,_
1500-2,BO112,1500,1500,3,emme,emme,M,NOUN,_
1500-3,BO112,1500,1500,4,gi,gi,G,NOUN,_
1500-4,BO112,1500,1500,5,effe,effe,F,NOUN,_
1500-5,BO112,1500,1500,6,sono,sono,essere,AUX,_
1500-6,BO112,1500,1500,7,tutta,tutta,tutto,DET,_
1500-7,BO112,1500,1500,8,un',un',uno,DET,Truncated=Yes
1500-8,BO112,1500,1500,9,altra,altra,altro,PRON,_
1500-9a,BO112,1500,1500,10,cosa,cosa,cosa,NOUN,_
1500-9b,BO112,1500,1500,,allora,allora,allora,ADV,
1500-10,BO112,1500,1500,11,le,le,il,DET,_
1500-11,BO112,1500,1500,12,emmegieffe,emmegieffe,MGF,NOUN,_
1500-14,BO112,1500,1500,15,sono,sono,essere,AUX,_
1500-15,BO112,1500,1500,16,un,un,uno,DET,_
1500-16,BO112,1500,1500,17,fenomeno,fenomeno,fenomeno,NOUN,_
1500-17,BO112,1500,1500,18,che,che,che,PRON,_
1500-18,BO112,1500,1500,19,riguarda,riguarda,riguardare,VERB,_
1500-19,BO112,1500,1500,20,la,la,il,DET,_
1501-0,BO112,1501,1501,1,decine,decine,decina,NOUN,_
1501-1,BO112,1501,1501,2,di,di,di,ADP,_
1501-2,BO112,1501,1501,3,milioni,milioni,milione,NOUN,_
1501-3,BO112,1501,1501,4,di,di,di,ADP,_
1501-4,BO112,1501,1501,5,donne,donne,donna,NOUN,_
1501-5,BO112,1501,1501,6-7,nel,nel,_,_,_
1501-5a,_,_,1501,6,_,in,in,ADP,_
1501-5b,_,_,1501,7,_,il,il,DET,_
1501-6,BO112,1501,1501,8,mondo.,mondo,mondo,NOUN,Intonation=falling
1501-7,BO112,1501,1501,9,mh?,mh,mh,INTJ,Intonation=rising
1502-0,BO112,1502,1502,1,"infibulazioni,",infibulazioni,infibulazione,NOUN,Intonation=weakly_rising
1502-1,BO112,1502,1502,2,"scissioni,",scissioni,scissione,NOUN,Intonation=weakly_rising
1503-0,BO112,1503,1503,1,e,e,e,CCONJ,_
1503-1,BO112,1503,1503,2,{P},{P},_,_,_
1503-2,BO112,1503,1503,3,sono,sono,essere,AUX,_
1503-3,BO112,1503,1503,4,pratiche,pratiche,pratica,NOUN,_
1503-4,BO112,1503,1503,5,"legate,",legate,legare,VERB,Intonation=weakly_rising
1504-0,BO112,1504,1504,1-2,all',all',_,_,Truncated=Yes
1504-0a,_,_,1504,1,_,a,a,ADP,_
1504-0b,_,_,1504,2,_,l',il,DET,_
1504-1,BO112,1504,1504,3,"idea,",idea,idea,NOUN,Intonation=weakly_rising
1505-0,BO112,1505,1505,1-2,"della,",della,_,_,Intonation=weakly_rising
1505-0a,_,_,1505,1,_,di,di,ADP,_
1505-0b,_,_,1505,2,_,la,la,PRON,_
1505-1,BO112,1505,1505,3-4,del,del,_,_,_
1505-1a,_,_,1505,3,_,di,di,ADP,_
1505-1b,_,_,1505,4,_,il,il,DET,_
1505-2,BO112,1505,1505,5,diventare,diventare,diventare,VERB,_
1505-3,BO112,1505,1505,6,adulti.,adulti,adulto,ADJ,Intonation=falling
1505-4,BO112,1505,1505,7,no?,no,no,ADV,Intonation=rising
1506-0,BO112,1506,1506,1,cioè,cioè,cioè,CCONJ,_
1506-1,BO112,1506,1506,2,la,la,il,DET,_
1506-2,BO112,1506,1506,3,"matrimoniabilità,",matrimoniabilità,matrimoniabilità,NOUN,Intonation=weakly_rising
1506-3,BO112,1506,1506,4,di,di,di,ADP,_
1506-4,BO112,1506,1506,5,una,una,uno,DET,_
1506-5,BO112,1506,1506,6,"donna,",donna,donna,NOUN,Intonation=weakly_rising
1507-0,BO112,1507,1507,1,spesso,spesso,spesso,ADV,_
1507-1,BO112,1507,1507,2,è,è,essere,AUX,_
1507-2,BO112,1507,1507,3,legata,legata,legare,VERB,_
1507-3,BO112,1507,1507,4-5,al,al,_,_,_
1507-3a,_,_,1507,4,_,a,a,ADP,_
1507-3b,_,_,1507,5,_,il,il,DET,_
1507-4,BO112,1507,1507,6,fatto,fatto,fatto,NOUN,_
1507-5,BO112,1507,1507,7,che,che,che,SCONJ,_
1507-6,BO112,1507,1507,8,lei,lei,lei,PRON,_
1507-7,BO112,1507,1507,9,{P},{P},_,_,_
1507-8,BO112,1507,1507,10,abbia,abbia,avere,VERB,_
1507-9,BO112,1507,1507,11,{P},{P},_,_,_
1507-10,BO112,1507,1507,12,o,o,o,CCONJ,_
1507-11,BO112,1507,1507,13,"meno,",meno,meno,ADV,Intonation=weakly_rising
1508-0,BO112,1508,1508,1,effettuato,effettuato,effettuare,VERB,_
1508-1,BO112,1508,1508,2,questa,questa,questo,DET,_
1508-2,BO112,1508,1508,3,pratica.,pratica,pratica,NOUN,Intonation=falling
1509-0,BO112,1509,1509,1,sostanzialmente,sostanzialmente,sostanzialmente,ADV,_
1509-1,BO112,1509,1509,2,in,in,in,ADP,_
1509-2,BO112,1509,1509,3,alcune,alcune,alcuno,DET,_
1509-3,BO112,1509,1509,4,"culture,",culture,cultura,NOUN,Intonation=weakly_rising
1510-0,BO112,1510,1510,1,in,in,in,ADP,_
1510-1,BO112,1510,1510,2,assenza,assenza,assenza,NOUN,_
1510-2,BO112,1510,1510,3-4,della,della,_,_,_
1510-2a,_,_,1510,3,_,di,di,ADP,_
1510-2b,_,_,1510,4,_,la,il,DET,_
1510-3,BO112,1510,1510,5,"mutilazione,",mutilazione,mutilazione,NOUN,Intonation=weakly_rising
1511-0,BO112,1511,1511,1,con,con,con,ADP,_
1511-1,BO112,1511,1511,2,la,la,il,DET,_
1511-2,BO112,1511,1511,3,"modificazione,",modificazione,modificazione,NOUN,Intonation=weakly_rising
1512-0,BO112,1512,1512,1,la,la,il,DET,_
1512-1,BO112,1512,1512,2,donna,donna,donna,NOUN,_
1512-2,BO112,1512,1512,3,non,non,non,ADV,_
1512-3,BO112,1512,1512,4,si,si,si,PRON,_
1512-4,BO112,1512,1512,5,può,può,potere,AUX,_
1512-5,BO112,1512,1512,6,sposare.,sposare,sposare,VERB,Intonation=falling
1513-0,BO112,1513,1513,1,perché,perché,perché,SCONJ,_
1513-1,BO112,1513,1513,2,mutilazione,mutilazione,mutilazione,NOUN,_
1513-2,BO112,1513,1513,3,o,o,o,CCONJ,_
1513-3,BO112,1513,1513,4,modificazione.,modificazione,modificazione,NOUN,Intonation=falling
1513-4,BO112,1513,1513,5,perché,perché,perché,SCONJ,_
1513-5,BO112,1513,1513,6,è,è,essere,AUX,_
1513-6,BO112,1513,1513,7,chiaro,chiaro,chiaro,ADJ,_
1513-7,BO112,1513,1513,8,che,che,che,SCONJ,_
1514-0,BO112,1514,1514,1-2,nel,nel,_,_,_
1514-0a,_,_,1514,1,_,in,in,ADP,_
1514-0b,_,_,1514,2,_,il,il,DET,_
1514-1,BO112,1514,1514,3,momento,momento,momento,NOUN,_
1514-2,BO112,1514,1514,4,in,in,in,ADP,_
1514-3,BO112,1514,1514,5,cui,cui,cui,PRON,_
1514-4,BO112,1514,1514,6,sto,sto,stare,AUX,_
1514-5,BO112,1514,1514,7,attento,attento,attento,ADJ,_
1514-6,BO112,1514,1514,8-9,al,al,_,_,_
1514-6a,_,_,1514,8,_,a,a,ADP,_
1514-6b,_,_,1514,9,_,il,il,DET,_
1514-7,BO112,1514,1514,10-11,alla,alla,_,_,_
1514-7a,_,_,1514,10,_,a,a,ADP,_
1514-7b,_,_,1514,11,_,la,la,DET,_
1514-8,BO112,1514,1514,12-13,al,al,_,_,_
1514-8a,_,_,1514,12,_,a,a,ADP,_
1514-8b,_,_,1514,13,_,il,il,DET,_
1514-9,BO112,1514,1514,14,problema,problema,problema,NOUN,_
1514-10,BO112,1514,1514,15-16,dal,dal,_,_,_
1514-10a,_,_,1514,15,_,da,da,ADP,_
1514-10b,_,_,1514,16,_,il,il,DET,_
1514-11,BO112,1514,1514,17,punto,punto,punto,NOUN,_
1514-12,BO112,1514,1514,18,di,di,di,ADP,_
1514-13,BO112,1514,1514,19,vista,vista,vista,NOUN,_
1514-14,BO112,1514,1514,20,{P},{P},_,_,_
1514-15,BO112,1514,1514,21,"emico,",emico,emico,ADJ,Intonation=weakly_rising
1515-0,BO112,1515,1515,1,se,se,se,SCONJ,_
1515-1,BO112,1515,1515,2,una,una,uno,DET,_
1515-2,BO112,1515,1515,3,donna,donna,donna,NOUN,_
1515-3,BO112,1515,1515,4,condivide,condivide,condividere,VERB,_
1515-4,BO112,1515,1515,5,la,la,il,DET,_
1515-5,BO112,1515,1515,6,"pratica,",pratica,pratica,NOUN,Intonation=weakly_rising
1516-0,BO112,1516,1516,1,e,e,e,CCONJ,_
1516-1,BO112,1516,1516,2,io,io,io,PRON,_
1516-2,BO112,1516,1516,3,la,la,la,PRON,_
1516-3,BO112,1516,1516,4,chiamo,chiamo,chiamare,VERB,_
1516-4,BO112,1516,1516,5,"mutilazione,",mutilazione,mutilazione,NOUN,Intonation=weakly_rising
1517-0,BO112,1517,1517,1,il,il,il,DET,_
1517-1,BO112,1517,1517,2,dialogo,dialogo,dialogo,NOUN,_
1517-2,BO112,1517,1517,3,probabilmente,probabilmente,probabilmente,ADV,_
1517-3,BO112,1517,1517,4,{P},{P},_,_,_
1517-4,BO112,1517,1517,5,si,si,si,PRON,_
1517-5,BO112,1517,1517,6,arresta.,arresta,arrestare,VERB,Intonation=falling
1518-0,BO112,1518,1518,1,"però,",però,però,ADV,Intonation=weakly_rising
1518-1,BO112,1518,1518,2-3,nello,nello,_,_,_
1518-1a,_,_,1518,2,_,in,in,ADP,_
1518-1b,_,_,1518,3,_,lo,il,DET,_
1518-2,BO112,1518,1518,4,stesso,stesso,stesso,ADJ,_
1518-3,BO112,1518,1518,5,"tempo,",tempo,tempo,NOUN,Intonation=weakly_rising
1519-0,BO112,1519,1519,1,se,se,se,SCONJ,_
1519-1,BO112,1519,1519,2,la,la,il,DET,_
1519-2,BO112,1519,1519,3,donna,donna,donna,NOUN,_
1519-3,BO112,1519,1519,4,è,è,essere,AUX,_
1519-4,BO112,1519,1519,5,stata,stata,essere,AUX,_
1519-5,BO112,1519,1519,6,"infibulata,",infibulata,infibulare,VERB,Intonation=weakly_rising
1520-0,BO112,1520,1520,1,ma,ma,ma,CCONJ,_
1520-1,BO112,1520,1520,2,era,era,essere,AUX,_
1520-2,BO112,1520,1520,3,contraria,contraria,contrario,ADJ,_
1520-3,BO112,1520,1520,4-5,alla,alla,_,_,_
1520-3a,_,_,1520,4,_,a,a,ADP,_
1520-3b,_,_,1520,5,_,la,il,DET,_
1520-4,BO112,1520,1520,6,"pratica,",pratica,pratica,NOUN,Intonation=weakly_rising
1521-0,BO112,1521,1521,1,e,e,e,CCONJ,_
1521-1,BO112,1521,1521,2,io,io,io,PRON,_
1521-2,BO112,1521,1521,3,la,la,la,PRON,_
1521-3,BO112,1521,1521,4,chiamo,chiamo,chiamare,VERB,_
1521-4,BO112,1521,1521,5,"modificazione,",modificazione,modificazione,NOUN,Intonation=weakly_rising
1522-0,BO112,1522,1522,1,anche,anche,anche,ADV,_
1522-1,BO112,1522,1522,2,questo,questo,questo,PRON,_
1522-2,BO112,1522,1522,3,non,non,non,ADV,_
1522-3,BO112,1522,1522,4,va,va,andare,VERB,_
1522-4,BO112,1522,1522,5,bene.,bene,bene,ADV,Intonation=falling
1523-0,BO112,1523,1523,1,perché,perché,perché,SCONJ,_
1523-1,BO112,1523,1523,2,lei,lei,lei,PRON,_
1523-2,BO112,1523,1523,3,si,si,si,PRON,_
1523-3,BO112,1523,1523,4,sente,sente,sentire,VERB,_
1523-4,BO112,1523,1523,5,mutilata,mutilata,mutilato,ADJ,_
1523-5,BO112,1523,1523,6,non,non,non,ADV,_
1523-6,BO112,1523,1523,7,modificata.,modificata,modificare,VERB,Intonation=falling
1524-0,BO112,1524,1524,1,quindi,quindi,quindi,ADV,_
1524-1,BO112,1524,1524,2,vedete,vedete,vedere,VERB,_
1524-2,BO112,1524,1524,3,che,che,che,SCONJ,_
1524-3,BO112,1524,1524,4,già,già,già,ADV,_
1524-4,BO112,1524,1524,5,{P},{P},_,_,_
1524-5,BO112,1524,1524,6,solo,solo,solo,ADV,_
1524-6,BO112,1524,1524,7-8,nell',nell',_,_,Truncated=Yes
1524-6a,_,_,1524,7,_,in,in,ADP,_
1524-6b,_,_,1524,8,_,l',il,DET,_
1524-7,BO112,1524,1524,9,"acronimo,",acronimo,acronimo,NOUN,Intonation=weakly_rising
1525-0,BO112,1525,1525,1,cominciamo,cominciamo,cominciare,VERB,_
1525-1,BO112,1525,1525,2,ad,ad,a,ADP,_
1525-2,BO112,1525,1525,3,entrare,entrare,entrare,VERB,_
1525-3,BO112,1525,1525,4,in,in,in,ADP,_
1525-4,BO112,1525,1525,5,un,un,uno,DET,_
1525-5,BO112,1525,1525,6,terreno,terreno,terreno,NOUN,_
1525-6,BO112,1525,1525,7,spinosissimo.,spinosissimo,spinoso,ADJ,Intonation=falling
1526-0,BO112,1526,1526,1,che,che,che,DET,_
1526-1,BO112,1526,1526,2,cosa,cosa,cosa,NOUN,_
1526-2,BO112,1526,1526,3,sottolinea,sottolinea,sottolineare,VERB,_
1526-3,BO112,1526,1526,4,l',l',il,DET,Truncated=Yes
1526-4,BO112,1526,1526,5,antropologia.,antropologia,antropologia,NOUN,Intonation=falling
1526-5,BO112,1526,1526,6,"innanzitutto,",innanzitutto,innanzitutto,ADV,Intonation=weakly_rising
1527-0,BO112,1527,1527,1,se,se,se,SCONJ,_
1527-1,BO112,1527,1527,2,venite,venite,venire,VERB,_
1527-2,BO112,1527,1527,3-4,alla,alla,_,_,_
1527-2a,_,_,1527,3,_,a,a,ADP,_
1527-2b,_,_,1527,4,_,la,il,DET,_
1527-3,BO112,1527,1527,5,conferenza,conferenza,conferenza,NOUN,_
1527-4,BO112,1527,1527,6,ve,ve,vi,PRON,_
1527-5,BO112,1527,1527,7,ne,ne,ne,PRON,_
1527-6,BO112,1527,1527,8,accorgerete.,accorgerete,accorgere,VERB,Intonation=falling
1528-0,BO112,1528,1528,1,innanzi,innanzi,innanzi,ADP,_
1528-1,BO112,1528,1528,2,"tutto,",tutto,tutto,PRON,Intonation=weakly_rising
1529-0,BO112,1529,1529,1,non,non,non,ADV,_
1529-1,BO112,1529,1529,2,isola,isola,isolare,VERB,_
1529-2,BO112,1529,1529,3,il,il,il,DET,_
1529-3,BO112,1529,1529,4,fenomeno.,fenomeno,fenomeno,NOUN,Intonation=falling
1530-0,BO112,1530,1530,1,ma,ma,ma,CCONJ,_
1530-1,BO112,1530,1530,2,lo,lo,lo,PRON,_
1530-2,BO112,1530,1530,3,"colloca,",colloca,collocare,VERB,Intonation=weakly_rising
1530-3,BO112,1530,1530,4,in,in,in,ADP,_
1530-4,BO112,1530,1530,5,una,una,uno,DET,_
1530-5,BO112,1530,1530,6,più,più,più,ADV,_
1530-6,BO112,1530,1530,7,ampia,ampia,ampio,ADJ,_
1530-7,BO112,1530,1530,8,caratterizzazione,caratterizzazione,caratterizzazione,NOUN,_
1530-8,BO112,1530,1530,9,di,di,di,ADP,_
1530-9,BO112,1530,1530,10,tutti,tutti,tutto,DET,_
1530-10,BO112,1530,1530,11,i,i,il,DET,_
1530-11,BO112,1530,1530,12,"momenti,",momenti,momento,NOUN,Intonation=weakly_rising
1531-0,BO112,1531,1531,1,in,in,in,ADP,_
1531-1,BO112,1531,1531,2,cui,cui,cui,PRON,_
1531-2,BO112,1531,1531,3,una,una,uno,DET,_
1531-3,BO112,1531,1531,4,cultura,cultura,cultura,NOUN,_
1531-4,BO112,1531,1531,5,agisce,agisce,agire,VERB,_
1531-5,BO112,1531,1531,6-7,sul,sul,_,_,_
1531-5a,_,_,1531,6,_,su,su,ADP,_
1531-5b,_,_,1531,7,_,il,il,DET,_
1531-6,BO112,1531,1531,8,corpo.,corpo,corpo,NOUN,Intonation=falling
1532-0,BO112,1532,1532,1,quindi,quindi,quindi,ADV,_
1532-1,BO112,1532,1532,2,non,non,non,ADV,_
1532-2,BO112,1532,1532,3,fare,fare,fare,VERB,_
1532-3,BO112,1532,1532,4,le,le,il,DET,_
1532-4,BO112,1532,1532,5,mutilazioni,mutilazioni,mutilazione,NOUN,_
1532-5,BO112,1532,1532,6,da,da,da,ADP,_
1532-6,BO112,1532,1532,7,"sole,",sole,solo,ADJ,Intonation=weakly_rising
1533-0,BO112,1533,1533,1,io,io,io,PRON,_
1533-1,BO112,1533,1533,2,su,su,su,ADP,_
1533-2,BO112,1533,1533,3,questo,questo,questo,DET,_
1533-3,BO112,1533,1533,4,tema,tema,tema,NOUN,_
1533-4,BO112,1533,1533,5,ha,ha,avere,AUX,_
1533-5,BO112,1533,1533,6,fatto,fatto,fare,VERB,_
1533-6,BO112,1533,1533,7,i,i,il,DET,_
1533-7,BO112,1533,1533,8,corsi,corsi,corso,NOUN,_
1533-8,BO112,1533,1533,9,{P},{P},_,_,_
1533-9,BO112,1533,1533,10-11,alle,alle,_,_,_
1533-9a,_,_,1533,10,_,a,a,ADP,_
1533-9b,_,_,1533,11,_,le,il,DET,_
1533-10,BO112,1533,1533,12,infermiere,infermiere,infermiera,NOUN,_
1533-11,BO112,1533,1533,13,a,a,a,ADP,_
1533-12,BO112,1533,1533,14,torino,torino,Torino,PROPN,_
1533-13,BO112,1533,1533,15,per,per,per,ADP,_
1533-14,BO112,1533,1533,16,anni.,anni,anno,NOUN,Intonation=falling
1533-15,BO112,1533,1533,17,cioè,cioè,cioè,CCONJ,_
1533-16,BO112,1533,1533,18,era,era,essere,AUX,_
1533-17,BO112,1533,1533,19,il,il,il,DET,_
1533-18,BO112,1533,1533,20,mio,mio,mio,DET,_
1533-19,BO112,1533,1533,21,cavallo,cavallo,cavallo,NOUN,_
1533-20,BO112,1533,1533,22,di,di,di,ADP,_
1533-21,BO112,1533,1533,23,battaglia.,battaglia,battaglia,NOUN,Intonation=falling
1534-0,BO112,1534,1534,1,quindi,quindi,quindi,ADV,_
1534-1,BO112,1534,1534,2,non,non,non,ADV,_
1534-2,BO112,1534,1534,3,ne,ne,ne,PRON,_
1534-3,BO112,1534,1534,4,parla,parla,parlare,VERB,_
1534-4,BO112,1534,1534,5,da,da,da,ADP,_
1534-5,BO112,1534,1534,6,"solo,",solo,solo,ADJ,Intonation=weakly_rising
1534-6,BO112,1534,1534,7,ma,ma,ma,CCONJ,_
1534-7,BO112,1534,1534,8,fa,fa,fare,VERB,_
1534-8,BO112,1534,1534,9,"riflettere,",riflettere,riflettere,VERB,Intonation=weakly_rising
1535-0,BO112,1535,1535,1,su,su,su,ADP,_
1535-1,BO112,1535,1535,2,tutti,tutti,tutto,DET,_
1535-2,BO112,1535,1535,3,i,i,il,DET,_
1535-3,BO112,1535,1535,4,momenti,momenti,momento,NOUN,_
1535-4,BO112,1535,1535,5,in,in,in,ADP,_
1535-5,BO112,1535,1535,6,cui,cui,cui,PRON,_
1536-0,BO112,1536,1536,1,c',c',ci,PRON,Truncated=Yes
1536-1,BO112,1536,1536,2,è,è,essere,VERB,_
1536-2,BO112,1536,1536,3,un',un',uno,DET,Truncated=Yes
1536-3,BO112,1536,1536,4,azione,azione,azione,NOUN,_
1536-4,BO112,1536,1536,5-6,sul,sul,_,_,_
1536-4a,_,_,1536,5,_,su,su,ADP,_
1536-4b,_,_,1536,6,_,il,il,DET,_
1536-5,BO112,1536,1536,7,corpo.,corpo,corpo,NOUN,Intonation=falling
1537-0,BO112,1537,1537,1-2,dal,dal,_,_,_
1537-0a,_,_,1537,1,_,da,da,ADP,_
1537-0b,_,_,1537,2,_,il,il,DET,_
1537-1,BO112,1537,1537,3,lavaggio,lavaggio,lavaggio,NOUN,_
1537-2,BO112,1537,1537,4,la,la,il,DET,_
1537-3,BO112,1537,1537,5,"mattina,",mattina,mattina,NOUN,Intonation=weakly_rising
1538-0,BO112,1538,1538,1-2,alla,alla,_,_,_
1538-0a,_,_,1538,1,_,a,a,ADP,_
1538-0b,_,_,1538,2,_,la,il,DET,_
1538-1,BO112,1538,1538,3,chirurgia,chirurgia,chirurgia,NOUN,_
1538-2,BO112,1538,1538,4,estetica.,estetica,estetico,ADJ,Intonation=falling
1539-0,BO112,1539,1539,1,mh?,mh,mh,INTJ,Intonation=rising
1540-0,BO112,1540,1540,1,ragionando,ragionando,ragionare,VERB,_
1540-1,BO112,1540,1540,2,in,in,in,ADP,_
1540-2,BO112,1540,1540,3,questi,questi,questo,DET,_
1540-3,BO112,1540,1540,4,termini,termini,termine,NOUN,_
1540-4,BO112,1540,1540,5,noi,noi,noi,PRON,_
1540-5,BO112,1540,1540,6,facciamo,facciamo,fare,VERB,_
1540-6,BO112,1540,1540,7,rientrare,rientrare,rientrare,VERB,_
1540-7,BO112,1540,1540,8,queste,queste,questo,DET,_
1540-8,BO112,1540,1540,9,"pratiche,",pratiche,pratica,NOUN,Intonation=weakly_rising
1541-0,BO112,1541,1541,1,in,in,in,ADP,_
1541-1,BO112,1541,1541,2,un,un,uno,DET,_
1541-2,BO112,1541,1541,3,ambito,ambito,ambito,NOUN,_
1541-3,BO112,1541,1541,4,di,di,di,ADP,_
1541-4,BO112,1541,1541,5,"attività,",attività,attività,NOUN,Intonation=weakly_rising
1541-5,BO112,1541,1541,6-7,della,della,_,_,_
1541-5a,_,_,1541,6,_,di,di,ADP,_
1541-5b,_,_,1541,7,_,la,il,DET,_
1541-6,BO112,1541,1541,8,cultura,cultura,cultura,NOUN,_
1541-7,BO112,1541,1541,9-10,sul,sul,_,_,_
1541-7a,_,_,1541,9,_,su,su,ADP,_
1541-7b,_,_,1541,10,_,il,il,DET,_
1541-8,BO112,1541,1541,11,"corpo,",corpo,corpo,NOUN,Intonation=weakly_rising
1541-9,BO112,1541,1541,12,che,che,che,PRON,_
1541-10,BO112,1541,1541,13,non,non,non,ADV,_
1541-11,BO112,1541,1541,14,risulta,risulta,risultare,VERB,_
1541-12,BO112,1541,1541,15,"così,",così,così,ADV,Intonation=weakly_rising
1542-0,BO112,1542,1542,1,isolato.,isolato,isolato,ADJ,Intonation=falling
1542-1,BO112,1542,1542,2,mh?,mh,mh,INTJ,Intonation=rising
1543-0,BO112,1543,1543,1,in,in,in,ADP,_
1543-1,BO112,1543,1543,2,un,un,uno,DET,_
1543-2,BO112,1543,1543,3,"continuum,",continuum,continuum,NOUN,Intonation=weakly_rising
1543-3,BO112,1543,1543,4,ci,ci,ci,PRON,_
1543-4,BO112,1543,1543,5,sono,sono,essere,VERB,_
1543-5,BO112,1543,1543,6,anche,anche,anche,ADV,_
1543-6,BO112,1543,1543,7,queste.,queste,questo,PRON,Intonation=falling
1544-0,BO112,1544,1544,1,il,il,il,DET,_
1544-1,BO112,1544,1544,2,secondo,secondo,secondo,ADJ,_
1544-2,BO112,1544,1544,3,"aspetto,",aspetto,aspetto,NOUN,Intonation=weakly_rising
1545-0,BO112,1545,1545,1,gli,gli,il,DET,_
1545-1,BO112,1545,1545,2,antropologi,antropologi,antropologo,NOUN,_
1545-2,BO112,1545,1545,3,"sottolineano,",sottolineano,sottolineare,VERB,Intonation=weakly_rising
1546-0,BO112,1546,1546,1,cioè,cioè,cioè,CCONJ,_
1546-1,BO112,1546,1546,2,come,come,come,ADP,_
1546-2,BO112,1546,1546,3,dire.,dire,dire,VERB,Intonation=falling
1546-3,BO112,1546,1546,4,è,è,essere,AUX,_
1546-4,BO112,1546,1546,5,chiaro,chiaro,chiaro,ADJ,_
1546-5,BO112,1546,1546,6,che,che,che,SCONJ,_
1546-6,BO112,1546,1546,7,io,io,io,PRON,_
1546-7,BO112,1546,1546,8,sono,sono,essere,AUX,_
1546-8,BO112,1546,1546,9,contrario,contrario,contrario,ADJ,_
1546-9,BO112,1546,1546,10-11,alle,alle,_,_,_
1546-9a,_,_,1546,10,_,a,a,ADP,_
1546-9b,_,_,1546,11,_,le,il,DET,_
1546-10,BO112,1546,1546,12,"emmegieffe,",emmegieffe,MGF,NOUN,Intonation=weakly_rising
1546-13,BO112,1546,1546,15,no?,no,no,ADV,Intonation=rising
1547-0,BO112,1547,1547,1,non,non,non,ADV,_
1547-1,BO112,1547,1547,2,è,è,essere,VERB,_
1547-2,BO112,1547,1547,3,che,che,che,SCONJ,_
1547-3,BO112,1547,1547,4,mettiamo,mettiamo,mettere,VERB,_
1547-4,BO112,1547,1547,5,in,in,in,ADP,_
1547-5,BO112,1547,1547,6,discussione,discussione,discussione,NOUN,_
1547-6,BO112,1547,1547,7,questo.,questo,questo,PRON,Intonation=falling
1548-0,BO112,1548,1548,1,"però,",però,però,ADV,Intonation=weakly_rising
1548-1,BO112,1548,1548,2,benché,benché,benché,SCONJ,_
1548-2,BO112,1548,1548,3,io,io,io,PRON,_
1548-3,BO112,1548,1548,4,sia,sia,essere,AUX,_
1548-4,BO112,1548,1548,5,"contrario,",contrario,contrario,ADJ,Intonation=weakly_rising
1548-5,BO112,1548,1548,6,non,non,non,ADV,_
1548-6,BO112,1548,1548,7,le,le,le,PRON,_
1548-7,BO112,1548,1548,8,condanno,condanno,condannare,VERB,_
1548-8,BO112,1548,1548,9,aprioristicamente.,aprioristicamente,aprioristicamente,ADV,Intonation=falling
1549-0,BO112,1549,1549,1,dico,dico,dire,VERB,_
1549-1,BO112,1549,1549,2,stiamo,stiamo,stare,VERB,_
1549-2,BO112,1549,1549,3,attenti.,attenti,attento,ADJ,Intonation=falling
1549-3,BO112,1549,1549,4,allora,allora,allora,ADV,_
1549-4,BO112,1549,1549,5,qui,qui,qui,ADV,_
1549-5,BO112,1549,1549,6,ci,ci,ci,PRON,_
1549-6,BO112,1549,1549,7,sono,sono,essere,VERB,_
1549-7,BO112,1549,1549,8-9,delle,delle,_,_,_
1549-7a,_,_,1549,8,_,di,di,ADP,_
1549-7b,_,_,1549,9,_,le,il,DET,_
1549-8,BO112,1549,1549,10,pratiche,pratiche,pratica,NOUN,_
1549-9,BO112,1549,1549,11,che,che,che,PRON,_
1549-10,BO112,1549,1549,12,hanno,hanno,avere,VERB,_
1549-11,BO112,1549,1549,13,un,un,uno,DET,_
1549-12,BO112,1549,1549,14,"significato,",significato,significato,NOUN,Intonation=weakly_rising
1549-13,BO112,1549,1549,15,ma,ma,ma,CCONJ,_
1549-14,BO112,1549,1549,16,"soprattutto,",soprattutto,soprattutto,ADV,Intonation=weakly_rising
1550-0,BO112,1550,1550,1,poiché,poiché,poiché,SCONJ,_
1550-1,BO112,1550,1550,2,la,la,il,DET,_
1550-2,BO112,1550,1550,3,cultura,cultura,cultura,NOUN,_
1550-3,BO112,1550,1550,4,non,non,non,ADV,_
1550-4,BO112,1550,1550,5,è,è,essere,AUX,_
1550-5,BO112,1550,1550,6,"omogenea,",omogenea,omogeneo,ADJ,Intonation=weakly_rising
1551-0,BO112,1551,1551,1,è,è,essere,AUX,_
1551-1,BO112,1551,1551,2,non,non,non,ADV,_
1551-2,BO112,1551,1551,3,solo,solo,solo,ADV,_
1551-3,BO112,1551,1551,4,stratificata,stratificata,stratificato,ADJ,_
1551-4,BO112,1551,1551,5,ma,ma,ma,CCONJ,_
1551-5,BO112,1551,1551,6,ha,ha,avere,VERB,_
1551-6,BO112,1551,1551,7,anche,anche,anche,ADV,_
1551-7,BO112,1551,1551,8,altre,altre,altro,DET,_
1551-8,BO112,1551,1551,9,caratteristica,caratteristica,caratteristica,NOUN,_
1551-9,BO112,1551,1551,10,ma,ma,ma,CCONJ,_
1551-10,BO112,1551,1551,11,comunque,comunque,comunque,ADV,_
1551-11,BO112,1551,1551,12,non,non,non,ADV,_
1551-12,BO112,1551,1551,13,è,è,essere,AUX,_
1551-13,BO112,1551,1551,14,"omogenea,",omogenea,omogeneo,ADJ,Intonation=weakly_rising
1552-0,BO112,1552,1552,1,io,io,io,PRON,_
1552-1,BO112,1552,1552,2,non,non,non,ADV,_
1552-2,BO112,1552,1552,3,mi,mi,mi,PRON,_
1552-3,BO112,1552,1552,4,devo,devo,dovere,AUX,_
1552-4,BO112,1552,1552,5,aspettare,aspettare,aspettare,VERB,_
1552-5,BO112,1552,1552,6,necessariamente,necessariamente,necessariamente,ADV,_
1552-6,BO112,1552,1552,7,che,che,che,SCONJ,_
1552-7,BO112,1552,1552,8,il,il,il,DET,_
1552-8,BO112,1552,1552,9,punto,punto,punto,NOUN,_
1552-9,BO112,1552,1552,10,di,di,di,ADP,_
1552-10,BO112,1552,1552,11,vista,vista,vista,NOUN,_
1552-11,BO112,1552,1552,12,"emico,",emico,emico,ADJ,Intonation=weakly_rising
1553-0,BO112,1553,1553,1,di,di,di,ADP,_
1553-1,BO112,1553,1553,2,una,una,uno,DET,_
1553-2,BO112,1553,1553,3,donna,donna,donna,NOUN,_
1553-3,BO112,1553,1553,4,che,che,che,PRON,_
1553-4,BO112,1553,1553,5,appartiene,appartiene,appartenere,VERB,_
1553-5,BO112,1553,1553,6,a,a,a,ADP,_
1553-6,BO112,1553,1553,7,una,una,uno,DET,_
1553-7,BO112,1553,1553,8,certa,certa,certo,ADJ,_
1553-8,BO112,1553,1553,9,"cultura,",cultura,cultura,NOUN,Intonation=weakly_rising
1554-0,BO112,1554,1554,1,sposi,sposi,sposare,VERB,_
1554-1,BO112,1554,1554,2,{P},{P},_,_,_
1554-2,BO112,1554,1554,3,questo,questo,questo,DET,_
1554-3,BO112,1554,1554,4,tipo,tipo,tipo,NOUN,_
1554-4,BO112,1554,1554,5,di,di,di,ADP,_
1554-5,BO112,1554,1554,6,pratica.,pratica,pratica,NOUN,Intonation=falling
1555-0,BO112,1555,1555,1,anzi.,anzi,anzi,ADV,Intonation=falling
1555-1,BO112,1555,1555,2,le,le,il,DET,_
1555-2,BO112,1555,1555,3,"culture,",culture,cultura,NOUN,Intonation=weakly_rising
1555-3,BO112,1555,1555,4,{P},{P},_,_,_
1555-4,BO112,1555,1555,5,per,per,per,ADP,_
1555-5,BO112,1555,1555,6,antropologia,antropologia,antropologia,NOUN,_
1555-6,BO112,1555,1555,7,sono,sono,essere,AUX,_
1555-7,BO112,1555,1555,8,estremamente,estremamente,estremamente,ADV,_
1555-8,BO112,1555,1555,9,dinamiche.,dinamiche,dinamico,ADJ,Intonation=falling
1556-0,BO112,1556,1556,1,c',c',ci,PRON,Truncated=Yes
1556-1,BO112,1556,1556,2,è,è,essere,VERB,_
1556-2,BO112,1556,1556,3,un,un,uno,DET,_
1556-3,BO112,1556,1556,4,cambiamento,cambiamento,cambiamento,NOUN,_
1556-4,BO112,1556,1556,5,continuo.,continuo,continuo,ADJ,Intonation=falling
1557-0,BO112,1557,1557,1,e,e,e,CCONJ,_
1557-1,BO112,1557,1557,2,quindi,quindi,quindi,ADV,_
1557-2,BO112,1557,1557,3,come,come,come,SCONJ,_
1557-3,BO112,1557,1557,4,"antropologa,",antropologa,antropologo,NOUN,Intonation=weakly_rising
1558-0,BO112,1558,1558,1,io,io,io,PRON,_
1558-1,BO112,1558,1558,2,cosa,cosa,cosa,PRON,_
1558-2,BO112,1558,1558,3,faccio.,faccio,fare,VERB,Intonation=falling
1559-0,BO112,1559,1559,1,appoggio,appoggio,appoggiare,VERB,_
1559-1,BO112,1559,1559,2,{P},{P},_,_,_
1559-2,BO112,1559,1559,3,quella,quella,quello,DET,_
1559-3,BO112,1559,1559,4,parte,parte,parte,NOUN,_
1559-4,BO112,1559,1559,5-6,della,della,_,_,_
1559-4a,_,_,1559,5,_,di,di,ADP,_
1559-4b,_,_,1559,6,_,la,il,DET,_
1559-5,BO112,1559,1559,7,"cultura,",cultura,cultura,NOUN,Intonation=weakly_rising
1560-0,BO112,1560,1560,1,che,che,che,PRON,_
1560-1,BO112,1560,1560,2,sposa,sposa,sposare,VERB,_
1560-2,BO112,1560,1560,3,il,il,il,DET,_
1560-3,BO112,1560,1560,4,cambiamento.,cambiamento,cambiamento,NOUN,Intonation=falling
1560-4,BO112,1560,1560,5,no?,no,no,ADV,Intonation=rising
1561-0,BO112,1561,1561,1,quindi,quindi,quindi,ADV,_
1561-1,BO112,1561,1561,2,non,non,non,ADV,_
1561-2,BO112,1561,1561,3,dobbiamo,dobbiamo,dovere,AUX,_
1561-3,BO112,1561,1561,4,pensare.,pensare,pensare,VERB,Intonation=falling
1561-4,BO112,1561,1561,5,allora,allora,allora,ADV,_
1561-5,BO112,1561,1561,6,in,in,in,ADP,_
1561-6,BO112,1561,1561,7,"somalia,",somalia,Somalia,PROPN,Intonation=weakly_rising
1562-0,BO112,1562,1562,1,tutti,tutti,tutto,PRON,_
1562-1,BO112,1562,1562,2,fanno,fanno,fare,VERB,_
1562-2,BO112,1562,1562,3,l',l',il,DET,Truncated=Yes
1562-3,BO112,1562,1562,4,emme,emme,M,NOUN,_
1562-4,BO112,1562,1562,5,gi,gi,G,NOUN,_
1562-5,BO112,1562,1562,6,effe.,effe,F,NOUN,Intonation=falling
1562-6,BO112,1562,1562,7,tutti,tutti,tutto,PRON,_
1562-7,BO112,1562,1562,8,sono,sono,essere,AUX,_
1562-8a,BO112,1562,1562,9,d',d',di,PRON,_
1562-8b,BO112,1562,1562,,accordo,accordo,accordo,NOUN,
1562-9,BO112,1562,1562,10,con,con,con,ADP,_
1562-10,BO112,1562,1562,11,l',l',il,DET,Truncated=Yes
1562-11,BO112,1562,1562,12,emme,emme,M,NOUN,_
1562-12,BO112,1562,1562,13,gi,gi,G,NOUN,_
1562-13,BO112,1562,1562,14,effe.,effe,F,NOUN,Intonation=falling
1562-14,BO112,1562,1562,15,io,io,io,PRON,_
1562-15,BO112,1562,1562,16,mi,mi,mi,PRON,_
1562-16,BO112,1562,1562,17,ricordo,ricordo,ricordare,VERB,_
1562-17,BO112,1562,1562,18,c',c',ci,PRON,Truncated=Yes
1562-18,BO112,1562,1562,19,era,era,essere,VERB,_
1563-0,BO112,1563,1563,1,un,un,uno,DET,_
1563-1,BO112,1563,1563,2,mediatore,mediatore,mediatore,NOUN,_
1563-2,BO112,1563,1563,3,"culturale,",culturale,culturale,ADJ,Intonation=weakly_rising
1563-3,BO112,1563,1563,4,una,una,uno,DET,_
1563-4,BO112,1563,1563,5,figura,figura,figura,NOUN,_
1563-5,BO112,1563,1563,6,"pericolosissima,",pericolosissima,pericoloso,ADJ,Intonation=weakly_rising
1564-0,BO112,1564,1564,1,quindi,quindi,quindi,ADV,_
1564-1,BO112,1564,1564,2,dobbiamo,dobbiamo,dovere,AUX,_
1564-2,BO112,1564,1564,3,prendere,prendere,prendere,VERB,_
1564-3,BO112,1564,1564,4,una,una,uno,DET,_
1564-4,BO112,1564,1564,5,mediatrice,mediatrice,mediatore,NOUN,_
1564-5,BO112,1564,1564,6,culturale,culturale,culturale,ADJ,_
1564-6,BO112,1564,1564,7,che,che,che,PRON,_
1564-7,BO112,1564,1564,8,è,è,essere,AUX,_
1564-8,BO112,1564,1564,9,favorevole,favorevole,favorevole,ADJ,_
1564-9,BO112,1564,1564,10-11,alle,alle,_,_,_
1564-9a,_,_,1564,10,_,a,a,ADP,_
1564-9b,_,_,1564,11,_,le,il,DET,_
1564-10,BO112,1564,1564,12,emmegieffe,emmegieffe,MGF,NOUN,_
1564-13,BO112,1564,1564,15,no.,no,no,ADV,Intonation=falling
1565-0,BO112,1565,1565,1,la,la,il,DET,_
1565-1,BO112,1565,1565,2,"cultura,",cultura,cultura,NOUN,Intonation=weakly_rising
1565-2,BO112,1565,1565,3,è,è,essere,AUX,_
1565-3,BO112,1565,1565,4,composita.,composita,composito,ADJ,Intonation=falling
1566-0,BO112,1566,1566,1,quindi,quindi,quindi,ADV,_
1566-1,BO112,1566,1566,2,dietro,dietro,dietro,ADV,_
1566-2,BO112,1566,1566,3-4,alla,alla,_,_,_
1566-2a,_,_,1566,3,_,a,a,ADP,_
1566-2b,_,_,1566,4,_,la,il,DET,_
1566-3,BO112,1566,1566,5,"cultura,",cultura,cultura,NOUN,Intonation=weakly_rising
1566-4,BO112,1566,1566,6,ci,ci,ci,PRON,_
1566-5,BO112,1566,1566,7,sono,sono,essere,VERB,_
1566-6,BO112,1566,1566,8,tantissime,tantissime,tanto,DET,_
1566-7,BO112,1566,1566,9,"persone,",persone,persona,NOUN,Intonation=weakly_rising
1566-8,BO112,1566,1566,10,che,che,che,PRON,_
1566-9,BO112,1566,1566,11,magari,magari,magari,ADV,_
1566-10,BO112,1566,1566,12,combattono,combattono,combattere,VERB,_
1566-11,BO112,1566,1566,13,contro,contro,contro,ADP,_
1566-12,BO112,1566,1566,14,le,le,il,DET,_
1566-13,BO112,1566,1566,15,emme,emme,M,NOUN,_
1566-14,BO112,1566,1566,16,gi,gi,G,NOUN,_
1566-15,BO112,1566,1566,17,effe.,effe,F,NOUN,Intonation=falling
1567-0,BO112,1567,1567,1,e,e,e,CCONJ,_
1567-1,BO112,1567,1567,2,"io,",io,io,PRON,Intonation=weakly_rising
1567-2,BO112,1567,1567,3,sposo,sposo,sposo,ADJ,_
1567-3,BO112,1567,1567,4,quella,quella,quello,DET,_
1567-4,BO112,1567,1567,5,parte,parte,parte,NOUN,_
1567-5,BO112,1567,1567,6,x.,x,x,X,Intonation=falling
1568-0,BO112,1568,1568,1,tra,tra,tra,ADP,_
1568-1,BO112,1568,1568,2,l',l',il,DET,Truncated=Yes
1568-2,BO112,1568,1568,3,altro,altro,altro,PRON,_
1568-3,BO112,1568,1568,4,e:h.,eh,eh,INTJ,Intonation=falling
1569-0,BO112,1569,1569,1,"mh,",mh,mh,INTJ,Intonation=weakly_rising
1569-1,BO112,1569,1569,2,la,la,il,DET,_
1569-2,BO112,1569,1569,3,cosa,cosa,cosa,NOUN,_
1569-3,BO112,1569,1569,4,"interessante,",interessante,interessante,ADJ,Intonation=weakly_rising
1569-4,BO112,1569,1569,5,è,è,essere,AUX,_
1569-5,BO112,1569,1569,6,che,che,che,SCONJ,_
1569-6,BO112,1569,1569,7,noi,noi,noi,PRON,_
1569-7,BO112,1569,1569,8,tendenzialmente,tendenzialmente,tendenzialmente,ADV,_
1569-8,BO112,1569,1569,9,"pensiamo,",pensiamo,pensare,VERB,Intonation=weakly_rising
1570-0,BO112,1570,1570,1,che,che,che,SCONJ,_
1570-1,BO112,1570,1570,2,{P},{P},_,_,_
1570-2,BO112,1570,1570,3,per,per,per,ADP,_
1570-3,BO112,1570,1570,4,"esempio,",esempio,esempio,NOUN,Intonation=weakly_rising
1571-0,BO112,1571,1571,1,e::h,eh,eh,INTJ,_
1571-1,BO112,1571,1571,2,ci,ci,ci,PRON,_
1571-2,BO112,1571,1571,3,siano,siano,essere,VERB,_
1571-3,BO112,1571,1571,4-5,delle,delle,delle,DET,_
1571-4,BO112,1571,1571,6,modalità.,modalità,modalità,NOUN,Intonation=falling
1572-0,BO112,1572,1572,1,per,per,per,ADP,_
1572-1,BO112,1572,1572,2,combattere,combattere,combattere,VERB,_
1572-2,BO112,1572,1572,3,il,il,il,DET,_
1572-3,BO112,1572,1572,4,fenomeno.,fenomeno,fenomeno,NOUN,Intonation=falling
1573-0,BO112,1573,1573,1,io,io,io,PRON,_
1573-1,BO112,1573,1573,2,quando,quando,quando,SCONJ,_
1573-2,BO112,1573,1573,3,lavoravo,lavoravo,lavorare,VERB,_
1573-3,BO112,1573,1573,4,{P},{P},_,_,_
1573-4,BO112,1573,1573,5,in,in,in,ADP,_
1573-5,BO112,1573,1573,6,sri,sri,Sri,PROPN,_
1573-6,BO112,1573,1573,7,lanka,lanka,Lanka,PROPN,_
1573-7,BO112,1573,1573,8,per,per,per,ADP,_
1573-8,BO112,1573,1573,9,"esempio,",esempio,esempio,NOUN,Intonation=weakly_rising
1574-0,BO112,1574,1574,1,c',c',ci,PRON,Truncated=Yes
1574-1,BO112,1574,1574,2,era,era,essere,VERB,_
1574-2,BO112,1574,1574,3,save,save,Save,PROPN,Lang=ang
1574-3,BO112,1574,1574,4,the,the,the,PROPN,Lang=ang
1574-4,BO112,1574,1574,5,children,children,Children,PROPN,Lang=ang
1575-0,BO112,1575,1575,1,che,che,che,SCONJ,_
1575-1,BO112,1575,1575,2,doveva,doveva,dovere,AUX,_
1575-2,BO112,1575,1575,3,combattere,combattere,combattere,VERB,_
1575-3,BO112,1575,1575,4,contro,contro,contro,ADP,_
1575-4,BO112,1575,1575,5,gli,gli,il,DET,_
1575-5,BO112,1575,1575,6,abusi,abusi,abuso,NOUN,_
1575-6,BO112,1575,1575,7,sessuali,sessuali,sessuale,ADJ,_
1575-7,BO112,1575,1575,8,in,in,in,ADP,_
1575-8,BO112,1575,1575,9,"famiglia,",famiglia,famiglia,NOUN,Intonation=weakly_rising
1576-0,BO112,1576,1576,1,pe~,pe~,pe~,X,Interrupted=Yes
1576-1,BO112,1576,1576,2-3,dei,dei,_,_,_
1576-1a,_,_,1576,2,_,di,di,ADP,_
1576-1b,_,_,1576,3,_,i,il,DET,_
1576-2,BO112,1576,1576,4,minori.,minori,minore,NOUN,Intonation=falling
1577-0,BO112,1577,1577,1,e,e,e,CCONJ,_
1577-1,BO112,1577,1577,2,io,io,io,PRON,_
1577-2,BO112,1577,1577,3,ho,ho,avere,AUX,_
1577-3,BO112,1577,1577,4,"collaborato,",collaborato,collaborare,VERB,Intonation=weakly_rising
1578-0,BO112,1578,1578,1,per,per,per,ADP,_
1578-1,BO112,1578,1578,2,far,far,fare,VERB,_
1578-2,BO112,1578,1578,3,emergere,emergere,emergere,VERB,_
1578-3,BO112,1578,1578,4,una,una,uno,DET,_
1578-4,BO112,1578,1578,5,dimensione,dimensione,dimensione,NOUN,_
1578-5,BO112,1578,1578,6,completamente,completamente,completamente,ADV,_
1578-6,BO112,1578,1578,7,diversa,diversa,diverso,PRON,_
1578-7,BO112,1578,1578,8-9,dalla,dalla,_,_,_
1578-7a,_,_,1578,8,_,da,da,ADP,_
1578-7b,_,_,1578,9,_,la,il,DET,_
1578-8,BO112,1578,1578,10,nostra.,nostra,nostro,DET,Intonation=falling
1579-0,BO112,1579,1579,1,"cioè,",cioè,cioè,CCONJ,Intonation=weakly_rising
1579-1,BO112,1579,1579,2,per,per,per,ADP,_
1579-2,BO112,1579,1579,3,"combattere,",combattere,combattere,VERB,Intonation=weakly_rising
1580-0,BO112,1580,1580,1,gli,gli,il,DET,_
1580-1,BO112,1580,1580,2,abusi,abusi,abuso,NOUN,_
1580-2,BO112,1580,1580,3-4,sui,sui,_,_,_
1580-2a,_,_,1580,3,_,su,su,ADP,_
1580-2b,_,_,1580,4,_,i,il,DET,_
1580-3,BO112,1580,1580,5,"minori,",minori,minore,NOUN,Intonation=weakly_rising
1580-4,BO112,1580,1580,6,non,non,non,ADV,_
1580-5,BO112,1580,1580,7,puoi,puoi,potere,AUX,_
1580-6,BO112,1580,1580,8,fare,fare,fare,VERB,_
1580-7,BO112,1580,1580,9,una,una,uno,DET,_
1580-8,BO112,1580,1580,10,campagna,campagna,campagna,NOUN,_
1580-9,BO112,1580,1580,11,come,come,come,ADP,_
1580-10,BO112,1580,1580,12,la,la,il,DET,_
1580-11,BO112,1580,1580,13,faresti,faresti,fare,VERB,_
1580-12,BO112,1580,1580,14,qua.,qua,qua,ADV,Intonation=falling
1581-0,BO112,1581,1581,1,perché,perché,perché,SCONJ,_
1581-1,BO112,1581,1581,2,là,là,là,ADV,_
1581-2,BO112,1581,1581,3,la,la,il,DET,_
1581-3,BO112,1581,1581,4,visione,visione,visione,NOUN,_
1581-4,BO112,1581,1581,5-6,dell',dell',_,_,Truncated=Yes
1581-4a,_,_,1581,5,_,di,di,ADP,_
1581-4b,_,_,1581,6,_,l',il,DET,_
1581-5,BO112,1581,1581,7,abuso,abuso,abuso,NOUN,_
1581-6,BO112,1581,1581,8,su,su,su,ADP,_
1581-7,BO112,1581,1581,9,"minore,",minore,minore,NOUN,Intonation=weakly_rising
1582-0,BO112,1582,1582,1,è,è,essere,AUX,_
1582-1,BO112,1582,1582,2,indubbiamente,indubbiamente,indubbiamente,ADV,_
1582-2,BO112,1582,1582,3,diversa.,diversa,diverso,ADJ,Intonation=falling
1583-0,BO112,1583,1583,1,vale,vale,valere,VERB,_
1583-1,BO112,1583,1583,2,a,a,a,ADP,_
1583-2,BO112,1583,1583,3,"dire,",dire,dire,VERB,Intonation=weakly_rising
1583-3,BO112,1583,1583,4,che,che,che,SCONJ,_
1584-0,BO112,1584,1584,1,tutte,tutte,tutto,DET,_
1584-1,BO112,1584,1584,2,le,le,il,DET,_
1584-2,BO112,1584,1584,3,testimonianze,testimonianze,testimonianza,NOUN,_
1584-3,BO112,1584,1584,4,di,di,di,ADP,_
1584-4,BO112,1584,1584,5,bambine,bambine,bambino,NOUN,_
1584-5,BO112,1584,1584,6,"abusate,",abusate,abusato,ADJ,Intonation=weakly_rising
1585-0,BO112,1585,1585,1,"incolpavano,",incolpavano,incolpare,VERB,Intonation=weakly_rising
1585-1,BO112,1585,1585,2,la,la,il,DET,_
1585-2,BO112,1585,1585,3,madre.,madre,madre,NOUN,Intonation=falling
1586-0,BO112,1586,1586,1,perché.,perché,perché,SCONJ,Intonation=falling
1587-0,BO112,1587,1587,1,"perché,",perché,perché,SCONJ,Intonation=weakly_rising
1587-1,BO112,1587,1587,2,la,la,il,DET,_
1587-2,BO112,1587,1587,3,concezione,concezione,concezione,NOUN,_
1587-3,BO112,1587,1587,4,"emica,",emica,emico,ADJ,Intonation=weakly_rising
1588-0,BO112,1588,1588,1,è,è,essere,VERB,_
1588-1,BO112,1588,1588,2,che,che,che,SCONJ,_
1589-0,BO112,1589,1589,1,ci,ci,ci,PRON,_
1589-1,BO112,1589,1589,2,sono,sono,essere,VERB,_
1589-2,BO112,1589,1589,3-4,dei,dei,dei,DET,_
1589-3,BO112,1589,1589,5,bisogni,bisogni,bisogno,NOUN,_
1589-4,BO112,1589,1589,6,primari,primari,primario,ADJ,_
1589-5,BO112,1589,1589,7,da,da,da,ADP,_
1589-6,BO112,1589,1589,8,"soddisfare,",soddisfare,soddisfare,VERB,Intonation=weakly_rising
1590-0,BO112,1590,1590,1,che,che,che,PRON,_
1590-1,BO112,1590,1590,2,sono,sono,essere,AUX,_
1590-2,BO112,1590,1590,3,il,il,il,DET,_
1590-3,BO112,1590,1590,4,"cibo,",cibo,cibo,NOUN,Intonation=weakly_rising
1590-4,BO112,1590,1590,5,il,il,il,DET,_
1590-5,BO112,1590,1590,6,sono,sono,essere,AUX,_
1590-6,BO112,1590,1590,7,e,e,e,CCONJ,_
1590-7,BO112,1590,1590,8,la,la,il,DET,_
1590-8,BO112,1590,1590,9,sessualità.,sessualità,sessualità,NOUN,Intonation=falling
1591-0,BO112,1591,1591,1,quindi,quindi,quindi,ADV,_
1591-1,BO112,1591,1591,2,se,se,se,SCONJ,_
1591-2,BO112,1591,1591,3,tu,tu,tu,PRON,_
1591-3,BO112,1591,1591,4,lasci,lasci,lasciare,VERB,_
1591-4,BO112,1591,1591,5,la,la,il,DET,_
1591-5,BO112,1591,1591,6,bambina,bambina,bambino,NOUN,_
1591-6,BO112,1591,1591,7,da,da,da,ADP,_
1591-7,BO112,1591,1591,8,sola,sola,solo,ADJ,_
1591-8,BO112,1591,1591,9,a,a,a,ADP,_
1591-9,BO112,1591,1591,10,casa,casa,casa,NOUN,_
1591-10,BO112,1591,1591,11,con,con,con,ADP,_
1591-11,BO112,1591,1591,12,lo,lo,il,DET,_
1591-12,BO112,1591,1591,13,"zio,",zio,zio,NOUN,Intonation=weakly_rising
1592-0,BO112,1592,1592,1,è,è,essere,AUX,_
1592-1,BO112,1592,1592,2,ovvio,ovvio,ovvio,ADJ,_
1592-2,BO112,1592,1592,3,che,che,che,SCONJ,_
1592-3,BO112,1592,1592,4,questo,questo,questo,PRON,_
1592-4,BO112,1592,1592,5,{P},{P},_,_,_
1592-5,BO112,1592,1592,6,abusa,abusa,abusare,VERB,_
1592-6,BO112,1592,1592,7,di,di,di,ADP,_
1592-7,BO112,1592,1592,8,lei.,lei,lei,PRON,Intonation=falling
1593-0,BO112,1593,1593,1,"cioè,",cioè,cioè,CCONJ,Intonation=weakly_rising
1593-1,BO112,1593,1593,2,è,è,essere,AUX,_
1593-2,BO112,1593,1593,3,normale.,normale,normale,ADJ,Intonation=falling
1594-0,BO112,1594,1594,1,è,è,essere,AUX,_
1594-1,BO112,1594,1594,2,inevitabile.,inevitabile,inevitabile,ADJ,Intonation=falling
1595-0,BO112,1595,1595,1,quindi,quindi,quindi,ADV,_
1595-1,BO112,1595,1595,2,la,la,il,DET,_
1595-2,BO112,1595,1595,3,colpa,colpa,colpa,NOUN,_
1595-3,BO112,1595,1595,4,non,non,non,ADV,_
1595-4,BO112,1595,1595,5,ricade,ricade,ricadere,VERB,_
1595-5,BO112,1595,1595,6-7,sullo,sullo,_,_,_
1595-5a,_,_,1595,6,_,su,su,ADP,_
1595-5b,_,_,1595,7,_,lo,il,DET,_
1595-6,BO112,1595,1595,8,zio.,zio,zio,NOUN,Intonation=falling
1596-0,BO112,1596,1596,1,che,che,che,PRON,_
1596-1,BO112,1596,1596,2,abusa,abusa,abusare,VERB,_
1596-2,BO112,1596,1596,3,di,di,di,ADP,_
1596-3,BO112,1596,1596,4,lei.,lei,lei,PRON,Intonation=falling
1597-0,BO112,1597,1597,1,ma,ma,ma,CCONJ,_
1597-1,BO112,1597,1597,2-3,sull',sull',_,_,Truncated=Yes
1597-1a,_,_,1597,2,_,su,su,ADP,_
1597-1b,_,_,1597,3,_,l',il,DET,_
1597-2,BO112,1597,1597,4,"adulto,",adulto,adulto,NOUN,Intonation=weakly_rising
1598-0,BO112,1598,1598,1,che,che,che,PRON,_
1598-1,BO112,1598,1598,2,ha,ha,avere,AUX,_
1598-2,BO112,1598,1598,3,fatto,fatto,fare,VERB,_
1598-3,BO112,1598,1598,4,in,in,in,ADP,_
1598-4,BO112,1598,1598,5,modo,modo,modo,NOUN,_
1598-5,BO112,1598,1598,6,che,che,che,SCONJ,_
1598-6,BO112,1598,1598,7,lei,lei,lei,PRON,_
1598-7,BO112,1598,1598,8,rimanesse,rimanesse,rimanere,VERB,_
1598-8,BO112,1598,1598,9,sola,sola,solo,ADV,_
1598-9,BO112,1598,1598,10,con,con,con,ADP,_
1598-10,BO112,1598,1598,11,lo,lo,il,DET,_
1598-11,BO112,1598,1598,12,zio.,zio,zio,NOUN,Intonation=falling
1599-0,BO112,1599,1599,1,capite?,capite,capire,VERB,Intonation=rising
1600-0,BO112,1600,1600,1,quindi,quindi,quindi,ADV,_
1600-1,BO112,1600,1600,2,la,la,il,DET,_
1600-2,BO112,1600,1600,3,visione,visione,visione,NOUN,_
1600-3,BO112,1600,1600,4,"emica,",emica,emico,ADJ,Intonation=weakly_rising
1600-4,BO112,1600,1600,5,informa,informa,informare,VERB,_
1601-0,BO112,1601,1601,1,le,le,il,DET,_
1601-1,BO112,1601,1601,2,pratiche.,pratiche,pratica,NOUN,Intonation=falling
1601-2,BO112,1601,1601,3,allora,allora,allora,ADV,_
1601-3,BO112,1601,1601,4,in,in,in,ADP,_
1601-4,BO112,1601,1601,5,questo,questo,questo,DET,_
1601-5,BO112,1601,1601,6,"caso,",caso,caso,NOUN,Intonation=weakly_rising
1602-0,BO112,1602,1602,1,per,per,per,ADP,_
1602-1,BO112,1602,1602,2,le,le,il,DET,_
1602-2,BO112,1602,1602,3,emme,emme,M,NOUN,_
1602-3,BO112,1602,1602,4,gi,gi,G,NOUN,_
1602-4,BO112,1602,1602,5,effe,effe,F,NOUN,_
1602-5,BO112,1602,1602,6,quello,quello,quello,PRON,_
1602-6,BO112,1602,1602,7,che,che,che,PRON,_
1602-7,BO112,1602,1602,8,hanno,hanno,avere,AUX,_
1602-8,BO112,1602,1602,9,fatto,fatto,fare,VERB,_
1602-9,BO112,1602,1602,10,le,le,il,DET,_
1602-10,BO112,1602,1602,11,donne,donne,donna,NOUN,_
1602-11,BO112,1602,1602,12-13,nei,nei,_,_,_
1602-11a,_,_,1602,12,_,in,in,ADP,_
1602-11b,_,_,1602,13,_,i,il,DET,_
1602-12,BO112,1602,1602,14,paesi,paesi,paese,NOUN,_
1602-13,BO112,1602,1602,15,soprattutto,soprattutto,soprattutto,ADV,_
1602-14,BO112,1602,1602,16,"africani,",africani,africano,ADJ,Intonation=weakly_rising
1602-15,BO112,1602,1602,17,cosa,cosa,cosa,PRON,_
1602-16,BO112,1602,1602,18,è,è,essere,AUX,_
1602-17,BO112,1602,1602,19,stato.,stato,essere,AUX,Intonation=falling
1603-0,BO112,1603,1603,1,non,non,non,ADV,_
1603-1,BO112,1603,1603,2,è,è,essere,AUX,_
1603-2,BO112,1603,1603,3,stato,stato,essere,AUX,_
1603-3,BO112,1603,1603,4,"dire,",dire,dire,VERB,Intonation=weakly_rising
1604-0,BO112,1604,1604,1,che,che,che,SCONJ,_
1604-1,BO112,1604,1604,2,le,le,il,DET,_
1604-2,BO112,1604,1604,3,"emmegieffe,",emmegieffe,MGF,NOUN,Intonation=weakly_rising
1604-5,BO112,1604,1604,6,per,per,per,ADP,_
1604-6,BO112,1604,1604,7,esempio,esempio,esempio,NOUN,_
1605-0,BO112,1605,1605,1,e:h,eh,eh,INTJ,_
1605-1,BO112,1605,1605,2,limitavano,limitavano,limitare,VERB,_
1605-2,BO112,1605,1605,3,la,la,il,DET,_
1605-3,BO112,1605,1605,4,sessualità,sessualità,sessualità,NOUN,_
1605-4,BO112,1605,1605,5,femminile.,femminile,femminile,ADJ,Intonation=falling
1606-0,BO112,1606,1606,1,e,e,e,CCONJ,_
1606-1,BO112,1606,1606,2,portavano,portavano,portare,VERB,_
1606-2,BO112,1606,1606,3-4,alla,alla,_,_,_
1606-2a,_,_,1606,3,_,a,a,ADP,_
1606-2b,_,_,1606,4,_,la,il,DET,_
1606-3,BO112,1606,1606,5,diminuzione,diminuzione,diminuzione,NOUN,_
1606-4,BO112,1606,1606,6-7,del,del,_,_,_
1606-4a,_,_,1606,6,_,di,di,ADP,_
1606-4b,_,_,1606,7,_,il,il,DET,_
1606-5,BO112,1606,1606,8,piacere.,piacere,piacere,NOUN,Intonation=falling
1607-0,BO112,1607,1607,1,e,e,e,CCONJ,_
1607-1,BO112,1607,1607,2,questo,questo,questo,PRON,_
1607-2,BO112,1607,1607,3-4,dal,dal,_,_,_
1607-2a,_,_,1607,3,_,da,da,ADP,_
1607-2b,_,_,1607,4,_,il,il,DET,_
1607-3,BO112,1607,1607,5,punto,punto,punto,NOUN,_
1607-4,BO112,1607,1607,6,di,di,di,ADP,_
1607-5,BO112,1607,1607,7,vista,vista,vista,NOUN,_
1607-6,BO112,1607,1607,8,"culturale,",culturale,culturale,ADJ,Intonation=weakly_rising
1607-7,BO112,1607,1607,9,non,non,non,ADV,_
1607-8,BO112,1607,1607,10,era,era,essere,AUX,_
1607-9,BO112,1607,1607,11,un,un,uno,DET,_
1607-10,BO112,1607,1607,12,ragionamento,ragionamento,ragionamento,NOUN,_
1607-11,BO112,1607,1607,13,"efficace,",efficace,efficace,ADJ,Intonation=weakly_rising
1607-12,BO112,1607,1607,14,eh.,eh,eh,INTJ,Intonation=falling
1608-0,BO112,1608,1608,1,tu,tu,tu,PRON,_
1608-1,BO112,1608,1608,2,non,non,non,ADV,_
1608-2,BO112,1608,1608,3,puoi,puoi,potere,AUX,_
1608-3,BO112,1608,1608,4,andare,andare,andare,VERB,_
1608-4,BO112,1608,1608,5-6,nei,nei,_,_,_
1608-4a,_,_,1608,5,_,in,in,ADP,_
1608-4b,_,_,1608,6,_,i,il,DET,_
1608-5,BO112,1608,1608,7,villaggi,villaggi,villaggio,NOUN,_
1608-6,BO112,1608,1608,8,e,e,e,CCONJ,_
1608-7,BO112,1608,1608,9,dire,dire,dire,VERB,_
1608-8,BO112,1608,1608,10,così,così,così,ADV,_
1608-9,BO112,1608,1608,11,no?,no,no,ADV,Intonation=rising
1608-10,BO112,1608,1608,12,siamo,siamo,essere,AUX,_
1608-11,BO112,1608,1608,13,più,più,più,ADV,_
1608-12,BO112,1608,1608,14,emancipate.,emancipate,emancipato,ADJ,Intonation=falling
1609-0,BO112,1609,1609,1,"però,",però,però,ADV,Intonation=weakly_rising
1609-1,BO112,1609,1609,2,soprattutto,soprattutto,soprattutto,ADV,_
1609-2,BO112,1609,1609,3,per,per,per,ADP,_
1609-3,BO112,1609,1609,4,quanto,quanto,quanto,PRON,_
1609-4,BO112,1609,1609,5,riguarda,riguarda,riguardare,VERB,_
1609-5,BO112,1609,1609,6,l',l',il,DET,Truncated=Yes
1609-6,BO112,1609,1609,7,"infibulazione,",infibulazione,infibulazione,NOUN,Intonation=weakly_rising
1609-7,BO112,1609,1609,8,che,che,che,PRON,_
1609-8,BO112,1609,1609,9,consiste,consiste,consistere,VERB,_
1609-9,BO112,1609,1609,10-11,nella,nella,_,_,_
1609-9a,_,_,1609,10,_,in,in,ADP,_
1609-9b,_,_,1609,11,_,la,il,DET,_
1610-0,BO112,1610,1610,1,asportazione,asportazione,asportazione,NOUN,_
1610-1,BO112,1610,1610,2-3,delle,delle,_,_,_
1610-1a,_,_,1610,2,_,di,di,ADP,_
1610-1b,_,_,1610,3,_,le,il,DET,_
1610-2,BO112,1610,1610,4,piccole,piccole,piccolo,ADJ,_
1610-3,BO112,1610,1610,5,e,e,e,CCONJ,_
1610-4,BO112,1610,1610,6,grandi,grandi,grande,ADJ,_
1610-5,BO112,1610,1610,7,"labbra,",labbra,labbro,NOUN,Intonation=weakly_rising
1611-0,BO112,1611,1611,1,e,e,e,CCONJ,_
1611-1,BO112,1611,1611,2-3,delle,delle,_,_,_
1611-1a,_,_,1611,2,_,di,di,ADP,_
1611-1b,_,_,1611,3,_,le,il,DET,_
1611-2,BO112,1611,1611,4,cuciture,cuciture,cucitura,NOUN,_
1611-3,BO112,1611,1611,5,{P},{P},_,_,_
1611-4,BO112,1611,1611,6-7,delle,delle,_,_,_
1611-4a,_,_,1611,6,_,di,di,ADP,_
1611-4b,_,_,1611,7,_,le,il,DET,_
1611-5,BO112,1611,1611,8,du~,du~,du~,X,Interrupted=Yes
1611-6,BO112,1611,1611,9-10,dei,dei,_,_,_
1611-6a,_,_,1611,9,_,di,di,ADP,_
1611-6b,_,_,1611,10,_,i,il,DET,_
1611-7,BO112,1611,1611,11,due,due,due,NUM,_
1611-8,BO112,1611,1611,12,"lembi,",lembi,lembo,NOUN,Intonation=weakly_rising
1612-0,BO112,1612,1612,1,per,per,per,ADP,_
1612-1,BO112,1612,1612,2,permettere,permettere,permettere,VERB,_
1612-2,BO112,1612,1612,3,solo,solo,solo,ADV,_
1612-3,BO112,1612,1612,4,la,la,il,DET,_
1612-4,BO112,1612,1612,5,fuoriuscita,fuoriuscita,fuoriuscita,NOUN,_
1612-5,BO112,1612,1612,6-7,del,del,_,_,_
1612-5a,_,_,1612,6,_,di,di,ADP,_
1612-5b,_,_,1612,7,_,il,il,DET,_
1612-6,BO112,1612,1612,8,sangue,sangue,sangue,NOUN,_
1612-7,BO112,1612,1612,9,"mestruale,",mestruale,mestruale,ADJ,Intonation=weakly_rising
1612-8,BO112,1612,1612,10,e,e,e,CCONJ,_
1612-9,BO112,1612,1612,11-12,dell',dell',_,_,Truncated=Yes
1612-9a,_,_,1612,11,_,di,di,ADP,_
1612-9b,_,_,1612,12,_,l',il,DET,_
1612-10,BO112,1612,1612,13,"urina,",urina,urina,NOUN,Intonation=weakly_rising
1613-0,BO112,1613,1613,1,quello,quello,quello,PRON,_
1613-1,BO112,1613,1613,2,che,che,che,PRON,_
1613-2,BO112,1613,1613,3,è,è,essere,AUX,_
1613-3,BO112,1613,1613,4,stato,stato,essere,AUX,_
1613-4,BO112,1613,1613,5,{P},{P},_,_,_
1613-5,BO112,1613,1613,6,messo,messo,mettere,VERB,_
1613-6,BO112,1613,1613,7,in,in,in,ADP,_
1613-7,BO112,1613,1613,8,"luce,",luce,luce,NOUN,Intonation=weakly_rising
1614-0,BO112,1614,1614,1,erano,erano,essere,AUX,_
1614-1,BO112,1614,1614,2,i,i,il,DET,_
1614-2,BO112,1614,1614,3,"problemi,",problemi,problema,NOUN,Intonation=weakly_rising
1615-0,BO112,1615,1615,1,che,che,che,SCONJ,_
1615-1,BO112,1615,1615,2,"causavano,",causavano,causare,VERB,Intonation=weakly_rising
1616-0,BO112,1616,1616,1-2,alla,alla,_,_,_
1616-0a,_,_,1616,1,_,a,a,ADP,_
1616-0b,_,_,1616,2,_,la,il,DET,_
1616-1,BO112,1616,1616,3,gravidanza.,gravidanza,gravidanza,NOUN,Intonation=falling
1617-0,BO112,1617,1617,1,cioè,cioè,cioè,CCONJ,_
1617-1,BO112,1617,1617,2,si,si,si,PRON,_
1617-2,BO112,1617,1617,3,è,è,essere,AUX,_
1617-3,BO112,1617,1617,4,detto,detto,dire,VERB,_
1617-4,BO112,1617,1617,5,{P},{P},_,_,_
1617-5,BO112,1617,1617,6,laddove,laddove,laddove,ADV,_
1617-6,BO112,1617,1617,7,voi,voi,voi,PRON,_
1617-7,BO112,1617,1617,8,pensate,pensate,pensare,VERB,_
1617-8,BO112,1617,1617,9,ci,ci,ci,PRON,_
1617-9,BO112,1617,1617,10,sono,sono,essere,VERB,_
1617-10,BO112,1617,1617,11,tante,tante,tanto,DET,_
1617-11,BO112,1617,1617,12,giustificazioni,giustificazioni,giustificazione,NOUN,_
1617-12,BO112,1617,1617,13,mentre,mentre,mentre,SCONJ,_
1617-13,BO112,1617,1617,14,voi,voi,voi,PRON,_
1617-14,BO112,1617,1617,15,"pensate,",pensate,pensare,VERB,Intonation=weakly_rising
1618-0,BO112,1618,1618,1,che,che,che,SCONJ,_
1618-1,BO112,1618,1618,2,essere,essere,essere,AUX,_
1618-2,BO112,1618,1618,3,"infibulata,",infibulata,infibulare,VERB,Intonation=weakly_rising
1619-0,BO112,1619,1619,1,permetta,permetta,permettere,VERB,_
1619-1,BO112,1619,1619,2,di,di,di,ADP,_
1619-2,BO112,1619,1619,3,e:h,eh,eh,INTJ,_
1619-3,BO112,1619,1619,4,avere,avere,avere,VERB,_
1619-4,BO112,1619,1619,5-6,dei,dei,dei,DET,_
1619-5,BO112,1619,1619,7,parti,parti,parto,NOUN,_
1619-6,BO112,1619,1619,8,migliori.,migliori,migliore,ADJ,Intonation=falling
1619-7,BO112,1619,1619,9,ecco,ecco,ecco,ADV,_
1619-8,BO112,1619,1619,10,noi,noi,noi,PRON,_
1619-9,BO112,1619,1619,11,vi,vi,vi,PRON,_
1619-10,BO112,1619,1619,12,facciam,facciam,fare,VERB,_
1619-11,BO112,1619,1619,13,vedere,vedere,vedere,VERB,_
1620-0,BO112,1620,1620,1,noi,noi,noi,PRON,_
1620-1,BO112,1620,1620,2,donne,donne,donna,NOUN,_
1620-2,BO112,1620,1620,3,"somale,",somale,somalo,ADJ,Intonation=weakly_rising
1621-0,BO112,1621,1621,1,vi,vi,vi,PRON,_
1621-1,BO112,1621,1621,2,facciamo,facciamo,fare,VERB,_
1621-2,BO112,1621,1621,3,vedere,vedere,vedere,VERB,_
1621-3,BO112,1621,1621,4,che,che,che,SCONJ,_
1621-4,BO112,1621,1621,5,non,non,non,ADV,_
1621-5,BO112,1621,1621,6,è,è,essere,AUX,_
1621-6,BO112,1621,1621,7,vero.,vero,vero,ADJ,Intonation=falling
1622-0,BO112,1622,1622,1,che,che,che,SCONJ,_
1622-1,BO112,1622,1622,2,"anzi,",anzi,anzi,ADV,Intonation=weakly_rising
1622-2,BO112,1622,1622,3,se,se,se,SCONJ,_
1622-3,BO112,1622,1622,4,volete,volete,volere,AUX,_
1622-4,BO112,1622,1622,5,avere,avere,avere,VERB,_
1622-5,BO112,1622,1622,6-7,dei,dei,dei,DET,_
1622-6,BO112,1622,1622,8,figli,figli,figlio,NOUN,_
1622-7,BO112,1622,1622,9,"sani,",sani,sano,ADJ,Intonation=weakly_rising
1623-0,BO112,1623,1623,1,e,e,e,CCONJ,_
1623-1,BO112,1623,1623,2-3,dei,dei,dei,DET,_
1623-2,BO112,1623,1623,4,parti,parti,parto,NOUN,_
1623-3,BO112,1623,1623,5,"efficaci,",efficaci,efficace,ADJ,Intonation=weakly_rising
1624-0,BO112,1624,1624,1,è,è,essere,AUX,_
1624-1,BO112,1624,1624,2,mo:lto,molto,molto,ADV,_
1624-2,BO112,1624,1624,3,"meglio,",meglio,meglio,ADV,Intonation=weakly_rising
1624-3,BO112,1624,1624,4,se,se,se,SCONJ,_
1624-4,BO112,1624,1624,5,non,non,non,ADV,_
1624-5,BO112,1624,1624,6,siete,siete,essere,AUX,_
1624-6,BO112,1624,1624,7,infibulate.,infibulate,infibulare,VERB,Intonation=falling
1625-0,BO112,1625,1625,1,e:,e,e,CCONJ,_
1625-1,BO112,1625,1625,2-3,nel,nel,_,_,_
1625-1a,_,_,1625,2,_,in,in,ADP,_
1625-1b,_,_,1625,3,_,il,il,DET,_
1625-2,BO112,1625,1625,4,momento,momento,momento,NOUN,_
1625-3,BO112,1625,1625,5,in,in,in,ADP,_
1625-4,BO112,1625,1625,6,cui,cui,cui,PRON,_
1625-5,BO112,1625,1625,7,si,si,si,PRON,_
1625-6,BO112,1625,1625,8,arriva,arriva,arrivare,VERB,_
1625-7,BO112,1625,1625,9,in,in,in,ADP,_
1625-8,BO112,1625,1625,10,italia,italia,Italia,PROPN,_
1625-9,BO112,1625,1625,11,perché,perché,perché,SCONJ,_
1625-10,BO112,1625,1625,12,{P},{P},_,_,_
1625-11,BO112,1625,1625,13,i,i,il,DET,_
1625-12,BO112,1625,1625,14,nodi,nodi,nodo,NOUN,_
1625-13,BO112,1625,1625,15,centrali,centrali,centrale,ADJ,_
1625-14,BO112,1625,1625,16,di,di,di,ADP,_
1625-15,BO112,1625,1625,17,questi,questi,questo,DET,_
1625-16,BO112,1625,1625,18,problemi,problemi,problema,NOUN,_
1625-17,BO112,1625,1625,19,si,si,si,PRON,_
1625-18,BO112,1625,1625,20,sono,sono,essere,AUX,_
1625-19,BO112,1625,1625,21,sviluppati,sviluppati,sviluppare,VERB,_
1625-20,BO112,1625,1625,22,con,con,con,ADP,_
1625-21,BO112,1625,1625,23,la,la,il,DET,_
1625-22,BO112,1625,1625,24,migrazione,migrazione,migrazione,NOUN,_
1625-23,BO112,1625,1625,25,no?,no,no,ADV,Intonation=rising
1626-0,BO112,1626,1626,1,con,con,con,ADP,_
1626-1,BO112,1626,1626,2,la,la,il,DET,_
1626-2,BO112,1626,1626,3,presenza,presenza,presenza,NOUN,_
1626-3,BO112,1626,1626,4-5,sul,sul,_,_,_
1626-3a,_,_,1626,4,_,su,su,ADP,_
1626-3b,_,_,1626,5,_,il,il,DET,_
1626-4,BO112,1626,1626,6,suolo,suolo,suolo,NOUN,_
1626-5,BO112,1626,1626,7,"italiano,",italiano,italiano,ADJ,Intonation=weakly_rising
1627-0,BO112,1627,1627,1,e,e,e,CCONJ,_
1627-1,BO112,1627,1627,2,prima,prima,prima,ADV,_
1627-2,BO112,1627,1627,3,ovviamente,ovviamente,ovviamente,ADV,_
1627-3,BO112,1627,1627,4,"francese,",francese,francese,ADJ,Intonation=weakly_rising
1628-0,BO112,1628,1628,1,di,di,di,ADP,_
1628-1,BO112,1628,1628,2,donne,donne,donna,NOUN,_
1628-2,BO112,1628,1628,3,che,che,che,PRON,_
1628-3,BO112,1628,1628,4,rivendicavano,rivendicavano,rivendicare,VERB,_
1629-0,BO112,1629,1629,1,ad,ad,a,ADP,_
1629-1,BO112,1629,1629,2,"esempio,",esempio,esempio,NOUN,Intonation=weakly_rising
1630-0,BO112,1630,1630,1,io,io,io,PRON,_
1630-1,BO112,1630,1630,2,ne,ne,ne,PRON,_
1630-2,BO112,1630,1630,3,ho,ho,avere,AUX,_
1630-3,BO112,1630,1630,4,conosciuta,conosciuta,conoscere,VERB,_
1630-4,BO112,1630,1630,5,"una,",una,uno,DET,Intonation=weakly_rising
1631-0,BO112,1631,1631,1,una:,una,uno,DET,_
1631-1,BO112,1631,1631,2,mediatrice,mediatrice,mediatore,NOUN,_
1631-2,BO112,1631,1631,3,somala,somala,somalo,ADJ,_
1631-3,BO112,1631,1631,4,di,di,di,ADP,_
1631-4,BO112,1631,1631,5,"torino,",torino,Torino,PROPN,Intonation=weakly_rising
1632-0,BO112,1632,1632,1,che,che,che,SCONJ,_
1632-1,BO112,1632,1632,2,diceva,diceva,dire,VERB,_
1632-2,BO112,1632,1632,3,{P},{P},_,_,_
1632-3,BO112,1632,1632,4,una,una,uno,DET,_
1632-4,BO112,1632,1632,5,vera,vera,vero,ADJ,_
1632-5,BO112,1632,1632,6,donna,donna,donna,NOUN,_
1632-6,BO112,1632,1632,7,partorisce,partorisce,partorire,VERB,_
1632-7,BO112,1632,1632,8,attraverso,attraverso,attraverso,ADP,_
1632-8,BO112,1632,1632,9,la,la,il,DET,_
1632-9,BO112,1632,1632,10,vagina.,vagina,vagina,NOUN,Intonation=falling
1633-0,BO112,1633,1633,1,"quindi,",quindi,quindi,ADV,Intonation=weakly_rising
1633-1,BO112,1633,1633,2,noi,noi,noi,PRON,_
1633-2,BO112,1633,1633,3,siamo,siamo,essere,AUX,_
1633-3,BO112,1633,1633,4,contrarie,contrarie,contrario,ADJ,_
1633-4,BO112,1633,1633,5-6,al,al,_,_,_
1633-4a,_,_,1633,5,_,a,a,ADP,_
1633-4b,_,_,1633,6,_,il,il,DET,_
1633-5,BO112,1633,1633,7,parto,parto,parto,NOUN,_
1633-6,BO112,1633,1633,8,"cesareo,",cesareo,cesareo,ADJ,Intonation=weakly_rising
1634-0,BO112,1634,1634,1,e,e,e,CCONJ,_
1634-1,BO112,1634,1634,2,vogliamo,vogliamo,volere,AUX,_
1634-2,BO112,1634,1634,3,essere,essere,essere,AUX,_
1634-3,BO112,1634,1634,4,reinfibulate,reinfibulate,reinfibulare,VERB,_
1634-4,BO112,1634,1634,5,dopo,dopo,dopo,ADP,_
1634-5,BO112,1634,1634,6,il,il,il,DET,_
1634-6,BO112,1634,1634,7,parto.,parto,parto,NOUN,Intonation=falling
1635-0,BO112,1635,1635,1,e,e,e,CCONJ,_
1635-1,BO112,1635,1635,2,lei,lei,lei,PRON,_
1635-2,BO112,1635,1635,3,combatteva,combatteva,combattere,VERB,_
1635-3,BO112,1635,1635,4,questa,questa,questo,DET,_
1635-4,BO112,1635,1635,5,campagna.,campagna,campagna,NOUN,Intonation=falling
1635-5,BO112,1635,1635,6,ma,ma,ma,CCONJ,_
1635-6,BO112,1635,1635,7,perché?,perché,perché,SCONJ,Intonation=rising
1636-0,BO112,1636,1636,1,ma,ma,ma,CCONJ,_
1636-1,BO112,1636,1636,2,perché,perché,perché,ADV,_
1636-2,BO112,1636,1636,3,a,a,a,ADP,_
1636-3,BO112,1636,1636,4,"torino,",torino,Torino,PROPN,Intonation=weakly_rising
1636-4,BO112,1636,1636,5,avevano,avevano,avere,AUX,_
1636-5,BO112,1636,1636,6,pensato,pensato,pensare,VERB,_
1636-6,BO112,1636,1636,7,che,che,che,SCONJ,_
1636-7,BO112,1636,1636,8,dovevano,dovevano,dovere,AUX,_
1636-8,BO112,1636,1636,9,"trovare,",trovare,trovare,VERB,Intonation=weakly_rising
1637-0,BO112,1637,1637,1,la,la,il,DET,_
1637-1,BO112,1637,1637,2,donna,donna,donna,NOUN,_
1637-2,BO112,1637,1637,3,somala,somala,somalo,ADJ,_
1637-3,BO112,1637,1637,4,per,per,per,ADP,_
1637-4,BO112,1637,1637,5,eccellenza,eccellenza,eccellenza,NOUN,_
1637-5,BO112,1637,1637,6,che,che,che,PRON,_
1637-6,BO112,1637,1637,7,"quindi,",quindi,quindi,ADV,Intonation=weakly_rising
1638-0,BO112,1638,1638,1,era,era,essere,AUX,_
1638-1,BO112,1638,1638,2,perfettamente,perfettamente,perfettamente,ADV,_
1639-0,BO112,1639,1639,1,e:h,eh,eh,INTJ,_
1639-1,BO112,1639,1639,2,coerente,coerente,coerente,ADJ,_
1639-2,BO112,1639,1639,3,rispetto,rispetto,rispetto,NOUN,_
1639-3,BO112,1639,1639,4,a,a,a,ADP,_
1639-4,BO112,1639,1639,5,una,una,uno,DET,_
1639-5,BO112,1639,1639,6,cultura,cultura,cultura,NOUN,_
1639-6,BO112,1639,1639,7,immaginata.,immaginata,immaginato,ADJ,Intonation=falling
1640-0,BO112,1640,1640,1,è,è,essere,AUX,_
1640-1,BO112,1640,1640,2,lì,lì,lì,ADV,_
1640-2,BO112,1640,1640,3,che,che,che,SCONJ,_
1640-3,BO112,1640,1640,4,lavorano,lavorano,lavorare,VERB,_
1640-4,BO112,1640,1640,5,gli,gli,il,DET,_
1640-5,BO112,1640,1640,6,antropologi.,antropologi,antropologo,NOUN,Intonation=falling
1641-0,BO112,1641,1641,1,perché,perché,perché,SCONJ,_
1641-1,BO112,1641,1641,2,devi,devi,dovere,AUX,_
1641-2,BO112,1641,1641,3,pensare,pensare,pensare,VERB,_
1641-3,BO112,1641,1641,4,che,che,che,SCONJ,_
1641-4,BO112,1641,1641,5,la,la,il,DET,_
1641-5,BO112,1641,1641,6,donna,donna,donna,NOUN,_
1641-6,BO112,1641,1641,7,somala,somala,somalo,ADJ,_
1641-7,BO112,1641,1641,8,sia,sia,essere,AUX,_
1641-8,BO112,1641,1641,9,quella,quella,quello,PRON,_
1641-9,BO112,1641,1641,10,lì.,lì,lì,ADV,Intonation=falling
1642-0,BO112,1642,1642,1,no?,no,no,ADV,Intonation=rising
1643-0,BO112,1643,1643,1,es~,es~,es~,X,Interrupted=Yes
1643-1,BO112,1643,1643,2,l~,l~,l~,X,Interrupted=Yes
1643-2,BO112,1643,1643,3,la,la,il,DET,_
1643-3,BO112,1643,1643,4,questione,questione,questione,NOUN,_
1643-4,BO112,1643,1643,5-6,della,della,_,_,_
1643-4a,_,_,1643,5,_,di,di,ADP,_
1643-4b,_,_,1643,6,_,la,il,DET,_
1643-5,BO112,1643,1643,7,stratificazione,stratificazione,stratificazione,NOUN,_
1643-6,BO112,1643,1643,8-9,della,della,_,_,_
1643-6a,_,_,1643,8,_,di,di,ADP,_
1643-6b,_,_,1643,9,_,la,il,DET,_
1643-7,BO112,1643,1643,10,dinamicità,dinamicità,dinamicità,NOUN,_
1643-8,BO112,1643,1643,11-12,della,della,_,_,_
1643-8a,_,_,1643,11,_,di,di,ADP,_
1643-8b,_,_,1643,12,_,la,il,DET,_
1643-9,BO112,1643,1643,13,non,non,non,ADV,_
1643-10,BO112,1643,1643,14,omogeneità,omogeneità,omogeneità,NOUN,_
1643-11,BO112,1643,1643,15-16,delle,delle,_,_,_
1643-11a,_,_,1643,15,_,di,di,ADP,_
1643-11b,_,_,1643,16,_,le,il,DET,_
1643-12,BO112,1643,1643,17,"culture,",culture,cultura,NOUN,Intonation=weakly_rising
1644-0,BO112,1644,1644,1,ci,ci,ci,PRON,_
1644-1,BO112,1644,1644,2,permette,permette,permettere,VERB,_
1644-2,BO112,1644,1644,3,di,di,di,ADP,_
1644-3,BO112,1644,1644,4,riflettere,riflettere,riflettere,VERB,_
1644-4,BO112,1644,1644,5,in,in,in,ADP,_
1644-5,BO112,1644,1644,6,modo,modo,modo,NOUN,_
1644-6,BO112,1644,1644,7,più,più,più,ADJ,_
1644-7,BO112,1644,1644,8,"complesso,",complesso,complesso,ADJ,Intonation=weakly_rising
1645-0,BO112,1645,1645,1,su,su,su,ADP,_
1645-1,BO112,1645,1645,2,fenomeni,fenomeni,fenomeno,NOUN,_
1645-2,BO112,1645,1645,3,estremamente,estremamente,estremamente,ADV,_
1645-3,BO112,1645,1645,4,complicati.,complicati,complicato,ADJ,Intonation=falling
1646-0,BO112,1646,1646,1,"ovviamente,",ovviamente,ovviamente,ADV,Intonation=weakly_rising
1646-1,BO112,1646,1646,2,questo,questo,questo,PRON,_
1646-2,BO112,1646,1646,3,non,non,non,ADV,_
1646-3,BO112,1646,1646,4,significa,significa,significare,VERB,_
1646-4,BO112,1646,1646,5,che,che,che,SCONJ,_
1647-0,BO112,1647,1647,1,e::,e,e,CCONJ,_
1648-0,BO112,1648,1648,1-2,al,al,_,_,_
1648-0a,_,_,1648,1,_,a,a,ADP,_
1648-0b,_,_,1648,2,_,il,il,DET,_
1648-1,BO112,1648,1648,3,di,di,di,ADP,_
1648-2,BO112,1648,1648,4,là,là,là,ADV,_
1648-3,BO112,1648,1648,5-6,delle,delle,_,_,_
1648-3a,_,_,1648,5,_,di,di,ADP,_
1648-3b,_,_,1648,6,_,le,il,DET,_
1648-4,BO112,1648,1648,7,emme,emme,M,NOUN,_
1648-5,BO112,1648,1648,8,gi,gi,G,NOUN,_
1648-6,BO112,1648,1648,9,"effe,",effe,F,NOUN,Intonation=weakly_rising
1648-7,BO112,1648,1648,10,per,per,per,ADP,_
1648-8,BO112,1648,1648,11,me,me,me,PRON,_
1649-0,BO112,1649,1649,1,la,la,il,DET,_
1649-1,BO112,1649,1649,2,questione,questione,questione,NOUN,_
1649-2,BO112,1649,1649,3-4,delle,delle,_,_,_
1649-2a,_,_,1649,3,_,di,di,ADP,_
1649-2b,_,_,1649,4,_,le,il,DET,_
1649-3,BO112,1649,1649,5,"caste,",caste,casta,NOUN,Intonation=weakly_rising
1649-4,BO112,1649,1649,6,è,è,essere,AUX,_
1649-5,BO112,1649,1649,7,un,un,uno,DET,_
1649-6,BO112,1649,1649,8,problema,problema,problema,NOUN,_
1649-7,BO112,1649,1649,9,insormontabile,insormontabile,insormontabile,ADJ,_
1649-8,BO112,1649,1649,10-11,dal,dal,_,_,_
1649-8a,_,_,1649,10,_,da,da,ADP,_
1649-8b,_,_,1649,11,_,il,il,DET,_
1649-9,BO112,1649,1649,12,punto,punto,punto,NOUN,_
1649-10,BO112,1649,1649,13,di,di,di,ADP,_
1649-11,BO112,1649,1649,14,vista,vista,vista,NOUN,_
1649-12,BO112,1649,1649,15,personale.,personale,personale,ADJ,Intonation=falling
1650-0,BO112,1650,1650,1,cioè,cioè,cioè,CCONJ,_
1650-1,BO112,1650,1650,2,io,io,io,PRON,_
1650-2,BO112,1650,1650,3,avuto,avuto,avere,VERB,_
1650-3,BO112,1650,1650,4-5,delle,delle,delle,DET,_
1650-4,BO112,1650,1650,6,difficoltà,difficoltà,difficoltà,NOUN,_
1650-5,BO112,1650,1650,7,"gravi,",gravi,grave,ADJ,Intonation=weakly_rising
1650-6,BO112,1650,1650,8,perché,perché,perché,SCONJ,_
1650-7,BO112,1650,1650,9-10,nella,nella,_,_,_
1650-7a,_,_,1650,9,_,in,in,ADP,_
1650-7b,_,_,1650,10,_,la,il,DET,_
1650-8,BO112,1650,1650,11,nostra,nostra,nostro,DET,_
1650-9,BO112,1650,1650,12,mente,mente,mente,NOUN,_
1651-0,BO112,1651,1651,1,l',l',il,DET,Truncated=Yes
1651-1,BO112,1651,1651,2,idea,idea,idea,NOUN,_
1651-2,BO112,1651,1651,3,che,che,che,SCONJ,_
1651-3,BO112,1651,1651,4,per,per,per,ADP,_
1651-4,BO112,1651,1651,5,nascita,nascita,nascita,NOUN,_
1652-0,BO112,1652,1652,1,ci,ci,ci,PRON,_
1652-1,BO112,1652,1652,2,siano,siano,essere,VERB,_
1652-2,BO112,1652,1652,3,persone,persone,persona,NOUN,_
1652-3,BO112,1652,1652,4,che,che,che,PRON,_
1652-4,BO112,1652,1652,5,sono,sono,essere,AUX,_
1652-5,BO112,1652,1652,6,inferiori,inferiori,inferiore,ADJ,_
1652-6,BO112,1652,1652,7,a,a,a,ADP,_
1652-7,BO112,1652,1652,8,"noi,",noi,noi,PRON,Intonation=weakly_rising
1653-0,BO112,1653,1653,1,o,o,o,CCONJ,_
1653-1,BO112,1653,1653,2,superiori,superiori,superiore,ADJ,_
1653-2,BO112,1653,1653,3,a,a,a,ADP,_
1653-3,BO112,1653,1653,4,"te,",te,te,PRON,Intonation=weakly_rising
1654-0,BO112,1654,1654,1,è,è,essere,AUX,_
1654-1,BO112,1654,1654,2,totalmente,totalmente,totalmente,ADV,_
1654-2,BO112,1654,1654,3,inaccettabile.,inaccettabile,inaccettabile,ADJ,Intonation=falling
1655-0,BO112,1655,1655,1,e,e,e,CCONJ,_
1655-1,BO112,1655,1655,2,quest',quest',questo,DET,Truncated=Yes
1655-2,BO112,1655,1655,3,idea,idea,idea,NOUN,_
1655-3,BO112,1655,1655,4,non,non,non,ADV,_
1655-4,BO112,1655,1655,5,è,è,essere,VERB,_
1655-5,BO112,1655,1655,6,che,che,che,SCONJ,_
1655-6,BO112,1655,1655,7,l',l',lo,PRON,Truncated=Yes
1655-7,BO112,1655,1655,8,ho,ho,avere,AUX,_
1655-8,BO112,1655,1655,9,cambiata.,cambiata,cambiare,VERB,Intonation=falling
1656-0,BO112,1656,1656,1,mh?,mh,mh,INTJ,Intonation=rising
1657-0,BO112,1657,1657,1,però,però,però,ADV,_
1657-1,BO112,1657,1657,2,senz',senz',senza,ADP,Truncated=Yes
1657-2,BO112,1657,1657,3,"altro,",altro,altro,PRON,Intonation=weakly_rising
1657-3,BO112,1657,1657,4,vivendo,vivendo,vivere,VERB,_
1657-4,BO112,1657,1657,5,"là,",là,là,ADV,Intonation=weakly_rising
1658-0,BO112,1658,1658,1,ho,ho,avere,AUX,_
1658-1,BO112,1658,1658,2,capito,capito,capire,VERB,_
1658-2,BO112,1658,1658,3,che,che,che,SCONJ,_
1658-3,BO112,1658,1658,4,è,è,essere,AUX,_
1658-4,BO112,1658,1658,5,molto,molto,molto,ADV,_
1658-5,BO112,1658,1658,6,più,più,più,ADV,_
1658-6,BO112,1658,1658,7,complessa,complessa,complesso,ADJ,_
1659-0,BO112,1659,1659,1,e,e,e,CCONJ,_
1659-1,BO112,1659,1659,2,articolata,articolata,articolato,ADJ,_
1659-2,BO112,1659,1659,3,di,di,di,ADP,_
1659-3,BO112,1659,1659,4,quando,quando,quando,SCONJ,_
1659-4,BO112,1659,1659,5,{P},{P},_,_,_
1659-5,BO112,1659,1659,6,son,son,essere,AUX,_
1659-6,BO112,1659,1659,7,partita.,partita,partire,VERB,Intonation=falling
1660-0,BO112,1660,1660,1,d',d',di,ADP,SpaceAfter=No
1660-1,BO112,1660,1660,2,accordo?,accordo,accordo,NOUN,Intonation=rising
1661-0,BO112,1661,1661,1,altre,altre,altro,DET,_
1661-1,BO112,1661,1661,2,"domande,",domande,domanda,NOUN,Intonation=weakly_rising
1661-2,BO112,1661,1661,3,dubbi?,dubbi,dubbio,NOUN,Intonation=rising
1662-0,BO112,1662,1662,1,bene,bene,bene,ADV,_
1662-1,BO112,1662,1662,2,raggazzi,raggazzi,raggazzo,NOUN,_
1662-2,BO112,1662,1662,3,ci,ci,ci,PRON,_
1662-3,BO112,1662,1662,4,vediamo,vediamo,vedere,VERB,_
1662-4,BO112,1662,1662,5,{P},{P},_,_,_
1662-5,BO112,1662,1662,6,mercoledì.,mercoledì,mercoledì,NOUN,Intonation=falling