token_id,speaker,tu_id,unit,id,span,form,lemma,upos,jefferson_feats
0-0,BO094,0,0,1,riprendiamo,riprendiamo,riprendere,VERB,_
0-1,BO094,0,0,2,la,la,il,DET,_
0-2,BO094,0,0,3,nostra,nostra,nostro,DET,_
0-3,BO094,0,0,4,lezione,lezione,lezione,NOUN,_
1-0,BO094,1,1,1,okay,okay,okay,INTJ,_
1-1,BO094,1,1,2,allora,allora,allora,ADV,_
1-2,BO094,1,1,3,ancora,ancora,ancora,ADV,_
1-3,BO094,1,1,4,e:::h,eh,eh,INTJ,_
2-0,BO094,2,2,1,piccoli,piccoli,piccolo,ADJ,_
2-1,BO094,2,2,2,problemi,problemi,problema,NOUN,_
2-2,BO094,2,2,3-4,sulla,sulla,_,_,_
2-2a,_,_,2,3,_,su,su,ADP,_
2-2b,_,_,2,4,_,la,il,DET,_
2-3,BO094,2,2,5,riduzione,riduzione,riduzione,NOUN,_
2-4,BO094,2,2,6,naturale.,naturale,naturale,ADJ,Intonation=falling
3-0,BO094,3,3,1,la,la,il,DET,_
3-1,BO094,3,3,2,lezione,lezione,lezione,NOUN,_
3-2,BO094,3,3,3,{P},{P},_,_,_
3-3,BO094,3,3,4,sta,sta,stare,AUX,_
3-4,BO094,3,3,5,riprendendo.,riprendendo,riprendere,VERB,Intonation=falling
4-0,BO094,4,4,1,allora,allora,allora,ADV,_
4-1,BO094,4,4,2,mh,mh,mh,INTJ,_
5-0,BO094,5,5,1,allora,allora,allora,ADV,_
5-1,BO094,5,5,2,è,è,essere,AUX,_
5-2,BO094,5,5,3,stata,stata,essere,AUX,_
5-3,BO094,5,5,4,"presentata,",presentata,presentare,VERB,Intonation=weakly_rising
6-0,BO094,6,6,1,una,una,uno,DET,_
6-1,BO094,6,6,2,delegazione,delegazione,delegazione,NOUN,_
6-2,BO094,6,6,3,che,che,che,PRON,_
6-3,BO094,6,6,4,"conteneva,",conteneva,contenere,VERB,Intonation=weakly_rising
7-0,BO094,7,7,1,e::h,eh,eh,INTJ,_
7-1,BO094,7,7,2,questo,questo,questo,DET,_
7-2,BO094,7,7,3,passaggio.,passaggio,passaggio,NOUN,Intonation=falling
8-0,BO094,8,8,1,allora,allora,allora,ADV,_
8-1,BO094,8,8,2,vediamo,vediamo,vedere,VERB,_
8-2,BO094,8,8,3,un,un,uno,DET,_
8-3,BO094,8,8,4,attimo.,attimo,attimo,NOUN,Intonation=falling
9-0,BO094,9,9,1,cosa,cosa,cosa,PRON,_
9-1,BO094,9,9,2,dice,dice,dire,VERB,_
9-2,BO094,9,9,3,la,la,il,DET,_
9-3,BO094,9,9,4,regola,regola,regola,NOUN,_
9-4,BO094,9,9,5,di,di,di,ADP,_
9-5,BO094,9,9,6,introduzione,introduzione,introduzione,NOUN,_
9-6,BO094,9,9,7-8,del,del,_,_,_
9-6a,_,_,9,7,_,di,di,ADP,_
9-6b,_,_,9,8,_,il,il,DET,_
9-7,BO094,9,9,9,quantificatore,quantificatore,quantificatore,NOUN,_
9-8,BO094,9,9,10,e::hm,ehm,ehm,INTJ,_
9-9,BO094,9,9,11,universale?,universale,universale,ADJ,Intonation=rising
10-0,BO094,10,10,1,dice,dice,dire,VERB,_
10-1,BO094,10,10,2,che,che,che,SCONJ,_
11-0,BO094,11,11,1,se,se,se,SCONJ,_
11-1,BO094,11,11,2,io,io,io,PRON,_
11-2,BO094,11,11,3,ho,ho,avere,AUX,_
11-3,BO094,11,11,4,ottenuto,ottenuto,ottenere,VERB,_
11-4,BO094,11,11,5,a,a,a,NOUN,_
11-5,BO094,11,11,6,bi,bi,bi,NOUN,_
11-6,BO094,11,11,7,ci,ci,ci,NOUN,_
12-0,BO094,12,12,1,da:,da,da,ADP,_
12-1,BO094,12,12,2,assunzione,assunzione,assunzione,NOUN,_
12-2,BO094,12,12,3,>da,da,da,ADP,_
12-3,BO094,12,12,4,un,un,uno,DET,_
12-4,BO094,12,12,5,insieme,insieme,insieme,NOUN,_
12-5,BO094,12,12,6,di,di,di,ADP,_
12-6,BO094,12,12,7,assunzioni,assunzioni,assunzione,NOUN,_
12-7,BO094,12,12,8,gamma<,gamma,gamma,NOUN,_
12-8,BO094,12,12,9,dove,dove,dove,ADV,_
12-9,BO094,12,12,10,non,non,non,ADV,_
12-10,BO094,12,12,11,occorre,occorre,occorrere,VERB,_
12-11,BO094,12,12,12,"ci,",ci,ci,NOUN,Intonation=weakly_rising
13-0,BO094,13,13,1,va,va,andare,VERB,_
13-1,BO094,13,13,2,bene,bene,bene,ADV,_
14-0,BO094,14,14,1,ci,ci,ci,NOUN,_
14-1,BO094,14,14,2,non,non,non,ADV,_
14-2,BO094,14,14,3,i::l,il,il,DET,_
14-3,BO094,14,14,4,l',l',il,DET,Truncated=Yes
14-4,BO094,14,14,5,enunciato,enunciato,enunciato,NOUN,_
14-5,BO094,14,14,6,di,di,di,ADP,_
14-6,BO094,14,14,7,gamma,gamma,gamma,NOUN,_
14-7,BO094,14,14,8,non,non,non,ADV,_
14-8,BO094,14,14,9,occore,occore,occore,ADJ,_
14-9,BO094,14,14,10,la,la,la,PRON,_
14-10,BO094,14,14,11,"ci,",ci,ci,NOUN,Intonation=weakly_rising
15-0,BO094,15,15,1,quindi,quindi,quindi,ADV,_
15-1,BO094,15,15,2,la,la,la,PRON,_
15-2,BO094,15,15,3,ci,ci,ci,NOUN,_
15-3,BO094,15,15,4,è,è,essere,VERB,_
15-4,BO094,15,15,5,nuova,nuova,nuovo,ADJ,_
15-5,BO094,15,15,6,va,va,andare,VERB,_
15-6,BO094,15,15,7,bene?,bene,bene,ADV,Intonation=rising
16-0,BO094,16,16,1,rispetto,rispetto,rispetto,ADV,_
16-1,BO094,16,16,2-3,alle,alle,_,_,_
16-1a,_,_,16,2,_,a,a,ADP,_
16-1b,_,_,16,3,_,le,il,DET,_
16-2,BO094,16,16,4,assunzioni,assunzioni,assunzione,NOUN,_
17-0,BO094,17,17,1,allora,allora,allora,ADV,_
17-1,BO094,17,17,2,posso,posso,potere,AUX,_
17-2,BO094,17,17,3,concludere,concludere,concludere,VERB,_
17-3,BO094,17,17,4,per,per,per,ADP,_
17-4,BO094,17,17,5,xx,x,x,SYM,_
17-5,BO094,17,17,6,ics,ics,ics,NOUN,_
17-6,BO094,17,17,7,a,a,a,NOUN,_
18-0,BO094,18,18,1,allora,allora,allora,ADV,_
18-1,BO094,18,18,2,uno,uno,uno,PRON,_
18-2,BO094,18,18,3,dice,dice,dire,VERB,_
18-3,BO094,18,18,4,bene,bene,bene,ADV,_
18-4,BO094,18,18,5,allora,allora,allora,ADV,_
18-5,BO094,18,18,6,io,io,io,PRON,_
18-6,BO094,18,18,7,posso,posso,potere,AUX,_
18-7,BO094,18,18,8,fare,fare,fare,VERB,_
18-8,BO094,18,18,9,anche,anche,anche,ADV,_
18-9,BO094,18,18,10,questo.,questo,questo,DET,Intonation=falling
18-10,BO094,18,18,11,no:,no,no,ADV,_
19-0,BO094,19,19,1,perché,perché,perché,SCONJ,_
19-1,BO094,19,19,2,se,se,se,SCONJ,_
19-2,BO094,19,19,3,io,io,io,PRON,_
19-3,BO094,19,19,4,assumo,assumo,assumere,VERB,_
19-4,BO094,19,19,5,a,a,a,NOUN,_
19-5,BO094,19,19,6,bi,bi,bi,NOUN,_
19-6,BO094,19,19,7,"ci,",ci,ci,NOUN,Intonation=weakly_rising
19-7,BO094,19,19,8,ci,ci,ci,PRON,_
19-8,BO094,19,19,9,occorre,occorre,occorrere,VERB,_
19-9,BO094,19,19,10-11,nell',nell',_,_,Truncated=Yes
19-9a,_,_,19,10,_,in,in,ADP,_
19-9b,_,_,19,11,_,l',il,DET,_
19-10,BO094,19,19,12,assunzione,assunzione,assunzione,NOUN,_
20-0,BO094,20,20,1,capite?,capite,capire,NOUN,Intonation=rising
21-0,BO094,21,21,1,se,se,se,SCONJ,_
21-1,BO094,21,21,2,questa,questa,questo,PRON,_
21-2,BO094,21,21,3,è,è,essere,AUX,_
21-3,BO094,21,21,4,una,una,uno,DET,_
21-4,BO094,21,21,5,foglia,foglia,foglia,NOUN,_
21-5,BO094,21,21,6,e,e,e,CCONJ,_
21-6,BO094,21,21,7,io,io,io,PRON,_
21-7,BO094,21,21,8,a,a,a,NOUN,_
21-8,BO094,21,21,9,assumo,assumo,assumo,NOUN,_
21-9,BO094,21,21,10,a,a,a,ADP,_
21-10,BO094,21,21,11,bi,bi,bi,NOUN,_
21-11,BO094,21,21,12,"ci,",ci,ci,PRON,Intonation=weakly_rising
22-0,BO094,22,22,1,ci,ci,ci,PRON,_
22-1,BO094,22,22,2,occo~,occo~,occo~,X,Interrupted=Yes
22-2,BO094,22,22,3,ci,ci,ci,NOUN,_
22-3,BO094,22,22,4,è,è,essere,AUX,_
22-4,BO094,22,22,5,assunzione,assunzione,assunzione,NOUN,_
22-5,BO094,22,22,6,e,e,e,CCONJ,_
22-6,BO094,22,22,7,conclusione.,conclusione,conclusione,NOUN,Intonation=falling
23-0,BO094,23,23,1,quindi,quindi,quindi,ADV,_
23-1,BO094,23,23,2,ci,ci,ci,PRON,_
23-2,BO094,23,23,3,occorre,occorre,occorrere,VERB,_
23-3,BO094,23,23,4-5,nell',nell',_,_,Truncated=Yes
23-3a,_,_,23,4,_,in,in,ADP,_
23-3b,_,_,23,5,_,l',il,DET,_
23-4,BO094,23,23,6,assunzione.,assunzione,assunzione,NOUN,Intonation=falling
24-0,BO094,24,24,1,quindi,quindi,quindi,ADV,_
24-1,BO094,24,24,2,è,è,essere,AUX,_
24-2,BO094,24,24,3,chiaro,chiaro,chiaro,ADJ,_
24-3,BO094,24,24,4,che,che,che,SCONJ,_
24-4,BO094,24,24,5,non,non,non,ADV,_
24-5,BO094,24,24,6,posso,posso,potere,AUX,_
24-6,BO094,24,24,7,ics,ics,ics,NOUN,_
24-7,BO094,24,24,8,xxx,x,x,X,_
24-8,BO094,24,24,9,(la,la,il,DET,_
24-9,BO094,24,24,10,regola),regola,regola,NOUN,_
25-0,BO094,25,25,1,(va,va,andare,VERB,_
25-1,BO094,25,25,2,bene?),bene,bene,ADV,Intonation=rising
26-0,BO094,26,26,1,quindi,quindi,quindi,ADV,_
26-1,BO094,26,26,2,io,io,io,PRON,_
26-2,BO094,26,26,3,quest',quest',quest',DET,Truncated=Yes
26-3,BO094,26,26,4,a,a,a,NOUN,_
26-4,BO094,26,26,5,bi,bi,bi,NOUN,_
26-5,BO094,26,26,6,ci,ci,ci,NOUN,_
26-6,BO094,26,26,7,devo,devo,dovere,AUX,_
26-7,BO094,26,26,8-9,averlo,averlo,_,_,_
26-7a,_,_,26,8,_,aver,avere,AUX,_
26-7b,_,_,26,9,_,lo,lo,PRON,_
26-8,BO094,26,26,10,ottenuto,ottenuto,ottenere,VERB,_
27-0,BO094,27,27,1,da,da,da,ADP,_
27-1,BO094,27,27,2,un,un,uno,DET,_
27-2,BO094,27,27,3,insieme,insieme,insieme,NOUN,_
27-3,BO094,27,27,4,di,di,di,ADP,_
27-4,BO094,27,27,5,assunzioni,assunzioni,assunzione,NOUN,_
27-5,BO094,27,27,6,dove,dove,dove,ADV,_
27-6,BO094,27,27,7,dorvò,dorvò,dovere,AUX,_
27-7,BO094,27,27,8,porre,porre,porre,VERB,_
27-8,BO094,27,27,9,(la,la,il,DET,_
27-9,BO094,27,27,10,costante,costante,costante,NOUN,_
27-10,BO094,27,27,11,ci),ci,ci,PRON,_
28-0,BO094,28,28,1,va,va,andare,VERB,_
28-1,BO094,28,28,2,bene?,bene,bene,ADV,Intonation=rising
29-0,BO094,29,29,1,bene,bene,bene,ADV,_
30-0,BO094,30,30,1,o:h,oh,oh,INTJ,_
30-1,BO094,30,30,2,vorrei,vorrei,volere,AUX,_
30-2,BO094,30,30,3,e::h,eh,eh,INTJ,_
30-3,BO094,30,30,4,cominc~,cominc~,cominc~,X,Interrupted=Yes
30-4,BO094,30,30,5,diciamo,diciamo,dire,VERB,_
30-5,BO094,30,30,6,dire,dire,dire,VERB,_
30-6,BO094,30,30,7,ancora,ancora,ancora,ADV,_
30-7,BO094,30,30,8,"qualcosa,",qualcosa,qualcosa,PRON,Intonation=weakly_rising
31-0,BO094,31,31,1-2,su::l,sul,_,_,_
31-0a,_,_,31,1,_,su,su,ADP,_
31-0b,_,_,31,2,_,il,il,DET,_
31-1,BO094,31,31,3,mmh,mmh,mmh,INTJ,_
32-0,BO094,32,32,1,un,un,uno,DET,_
32-1,BO094,32,32,2,verso,verso,verso,NOUN,_
32-2,BO094,32,32,3-4,del,del,_,_,_
32-2a,_,_,32,3,_,di,di,ADP,_
32-2b,_,_,32,4,_,il,il,DET,_
32-3,BO094,32,32,5,teorema,teorema,teorema,NOUN,_
32-4,BO094,32,32,6,di,di,di,ADP,_
32-5,BO094,32,32,7,validità,validità,validità,NOUN,_
32-6,BO094,32,32,8,xx,x,decimo,X,_
32-7,BO094,32,32,9,dimostrato,dimostrato,dimostrare,VERB,_
32-8,BO094,32,32,10,il,il,il,DET,_
32-9,BO094,32,32,11,teorema,teorema,teorema,NOUN,_
32-10,BO094,32,32,12,di,di,di,ADP,_
32-11,BO094,32,32,13,validità,validità,validità,NOUN,_
32-12,BO094,32,32,14-15,nel,nel,_,_,_
32-12a,_,_,32,14,_,in,in,ADP,_
32-12b,_,_,32,15,_,il,il,DET,_
32-13,BO094,32,32,16,seguente,seguente,seguente,ADJ,_
32-14,BO094,32,32,17,modo,modo,modo,NOUN,_
33-0,BO094,33,33,1,quindi,quindi,quindi,ADV,_
33-1,BO094,33,33,2,per,per,per,ADP,_
33-2,BO094,33,33,3,chi,chi,chi,PRON,_
33-3,BO094,33,33,4,non,non,non,ADV,_
33-4,BO094,33,33,5,era,era,essere,AUX,_
33-5,BO094,33,33,6,ieri,ieri,ieri,ADV,_
33-6,BO094,33,33,7,a,a,a,ADP,_
33-7,BO094,33,33,8,lezione,lezione,lezione,NOUN,_
33-8,BO094,33,33,9,in,in,in,ADP,_
33-9,BO094,33,33,10,particolare,particolare,particolare,NOUN,_
34-0,BO094,34,34,1,il,il,il,DET,_
34-1,BO094,34,34,2,signore,signore,signore,NOUN,_
34-2,BO094,34,34,3,ecco,ecco,ecco,ADV,_
34-3,BO094,34,34,4,ora,ora,ora,ADV,_
34-4,BO094,34,34,5,che,che,che,SCONJ,_
34-5,BO094,34,34,6,cerchi,cerchi,cercare,VERB,_
34-6,BO094,34,34,7,di,di,di,ADP,_
34-7,BO094,34,34,8,"recuperare,",recuperare,recuperare,VERB,Intonation=weakly_rising
35-0,BO094,35,35,1,la,la,il,DET,_
35-1,BO094,35,35,2,lezione,lezione,lezione,NOUN,_
35-2,BO094,35,35,3,di,di,di,ADP,_
35-3,BO094,35,35,4,ieri,ieri,ieri,ADV,_
36-0,BO094,36,36,1,cellulari,cellulari,cellulare,NOUN,_
36-1,BO094,36,36,2,sono,sono,essere,AUX,_
36-2,BO094,36,36,3,un,un,uno,DET,_
36-3,BO094,36,36,4,disastro,disastro,disastro,NOUN,_
36-4,BO094,36,36,5,devo,devo,dovere,AUX,_
36-5,BO094,36,36,6,dire,dire,dire,VERB,_
36-6,BO094,36,36,7,la,la,il,DET,_
36-7,BO094,36,36,8,verità,verità,verità,NOUN,_
37-0,BO094,37,37,1,allora,allora,allora,ADV,_
37-1,BO094,37,37,2,<esiste>,esiste,esistere,VERB,_
38-0,BO094,38,38,1,un,un,uno,DET,_
39-0,BO094,39,39,1,<albero,albero,albero,NOUN,_
39-1,BO094,39,39,2,di>,di,di,ADP,_
40-0,BO094,40,40,1,sequenze,sequenze,sequenza,NOUN,_
40-1,BO094,40,40,2,"chiu::so,",chiuso,chiuso,ADJ,Intonation=weakly_rising
41-0,BO094,41,41,1,per,per,per,ADP,_
42-0,BO094,42,42,1,gamma,gamma,gamma,NOUN,_
42-1,BO094,42,42,2,xxx,x,x,X,_
43-0,BO094,43,43,1,va,va,andare,VERB,_
43-1,BO094,43,43,2,bene?,bene,bene,ADV,Intonation=rising
44-0,BO094,44,44,1,questo,questo,questo,PRON,_
44-1,BO094,44,44,2,è,è,essere,AUX,_
44-2,BO094,44,44,3,quello,quello,quello,PRON,_
44-3,BO094,44,44,4,che,che,che,PRON,_
44-4,BO094,44,44,5,abbiamo,abbiamo,avere,AUX,_
44-5,BO094,44,44,6,dimostrato,dimostrato,dimostrare,VERB,_
44-6,BO094,44,44,7,er~,er~,er~,X,Interrupted=Yes
44-7,BO094,44,44,8,ieri,ieri,ieri,ADV,_
44-8,BO094,44,44,9,e,e,e,CCONJ,_
44-9,BO094,44,44,10,che,che,che,PRON,_
44-10,BO094,44,44,11,oggi,oggi,oggi,ADV,_
44-11,BO094,44,44,12,troverete,troverete,trovare,VERB,_
44-12,BO094,44,44,13,xxx,x,x,X,_
45-0,BO094,45,45,1,se,se,se,SCONJ,_
45-1,BO094,45,45,2,esiste,esiste,esistere,VERB,_
45-2,BO094,45,45,3,una,una,uno,DET,_
45-3,BO094,45,45,4,derivazione,derivazione,derivazione,NOUN,_
45-4,BO094,45,45,5,xx,x,x,X,_
45-5,BO094,45,45,6,"gamma,",gamma,gamma,NOUN,Intonation=weakly_rising
46-0,BO094,46,46,1,allora,allora,allora,ADV,_
46-1,BO094,46,46,2,esiste,esiste,esistere,VERB,_
46-2,BO094,46,46,3,anche,anche,anche,ADV,_
46-3,BO094,46,46,4,un,un,uno,DET,_
46-4,BO094,46,46,5,albero,albero,albero,NOUN,_
46-5,BO094,46,46,6,di,di,di,ADP,_
46-6,BO094,46,46,7,(sequenze,sequenze,sequenza,NOUN,_
46-7,BO094,46,46,8,chiusi),chiusi,chiuso,ADJ,_
47-0,BO094,47,47,1,per,per,per,ADP,_
47-1,BO094,47,47,2,il,il,il,DET,_
47-2,BO094,47,47,3,sequente,sequente,sequente,ADJ,_
47-3,BO094,47,47,4,gamma,gamma,gamma,NOUN,_
48-0,BO094,48,48,1,benissimo.,benissimo,bene,ADV,Intonation=falling
49-0,BO094,49,49,1,questo,questo,questo,PRON,_
49-1,BO094,49,49,2,è,è,essere,AUX,_
49-2,BO094,49,49,3,il,il,il,DET,_
49-3,BO094,49,49,4,teorema,teorema,teorema,NOUN,_
49-4,BO094,49,49,5,di,di,di,ADP,_
49-5,BO094,49,49,6,validità.,validità,validità,NOUN,Intonation=falling
50-0,BO094,50,50,1,il,il,il,DET,_
50-1,BO094,50,50,2,teorema,teorema,teorema,NOUN,_
50-2,BO094,50,50,3,di,di,di,ADP,_
50-3,BO094,50,50,4,completezza,completezza,completezza,NOUN,_
50-4,BO094,50,50,5,è,è,essere,AUX,_
50-5,BO094,50,50,6,esattamente,esattamente,esattamente,ADV,_
50-6,BO094,50,50,7,la,la,il,DET,_
50-7,BO094,50,50,8,freccia,freccia,freccia,NOUN,_
51-0,BO094,51,51,1,inversa.,inversa,inverso,ADJ,Intonation=falling
52-0,BO094,52,52,1,cioè,cioè,cioè,ADV,_
53-0,BO094,53,53,1,se,se,se,SCONJ,_
53-1,BO094,53,53,2,vuoi,vuoi,volere,AUX,_
53-2,BO094,53,53,3,fare,fare,fare,VERB,_
53-3,BO094,53,53,4,un,un,uno,DET,_
53-4,BO094,53,53,5,freccione,freccione,freccione,NOUN,_
53-5,BO094,53,53,6,inverso,inverso,inverso,ADJ,_
53-6,BO094,53,53,7-8,dal,dal,_,_,_
53-6a,_,_,53,7,_,da,da,ADP,_
53-6b,_,_,53,8,_,il,il,DET,_
53-7,BO094,53,53,9,segno,segno,segno,NOUN,_
53-8,BO094,53,53,10,di,di,di,ADP,_
53-9,BO094,53,53,11,seguente,seguente,seguente,ADJ,_
54-0,BO094,54,54,1,e,e,e,CCONJ,_
54-1,BO094,54,54,2,se,se,se,SCONJ,_
54-2,BO094,54,54,3,esiste,esiste,esistere,VERB,_
54-3,BO094,54,54,4,un,un,uno,DET,_
54-4,BO094,54,54,5,altro,altro,altro,PRON,_
54-5,BO094,54,54,6-7,dei,dei,_,_,_
54-5a,_,_,54,6,_,di,di,ADP,_
54-5b,_,_,54,7,_,i,il,DET,_
54-6,BO094,54,54,8,sequenti,sequenti,sequente,NOUN,_
54-7,BO094,54,54,9,chiuso,chiuso,chiudere,VERB,_
54-8,BO094,54,54,10,per,per,per,ADP,_
54-9,BO094,54,54,11,gamma,gamma,gamma,NOUN,_
54-10,BO094,54,54,12,freccione,freccione,freccione,NOUN,_
54-11,BO094,54,54,13,"a,",a,a,ADP,Intonation=weakly_rising
55-0,BO094,55,55,1,allora,allora,allora,ADV,_
55-1,BO094,55,55,2,esiste,esiste,esistere,VERB,_
55-2,BO094,55,55,3,anche,anche,anche,ADV,_
55-3,BO094,55,55,4,una,una,uno,DET,_
55-4,BO094,55,55,5,derivazione,derivazione,derivazione,NOUN,_
55-5,BO094,55,55,6,{P},{P},_,_,_
55-6,BO094,55,55,7,in,in,in,ADP,_
55-7,BO094,55,55,8,deduzione,deduzione,deduzione,NOUN,_
55-8,BO094,55,55,9,xxx.,xxx,x,X,Intonation=falling
56-0,BO094,56,56,1,questa,questa,questo,DET,_
56-1,BO094,56,56,2,freccia,freccia,freccia,NOUN,_
56-2,BO094,56,56,3,è,è,essere,AUX,_
56-3,BO094,56,56,4,la,la,il,DET,_
56-4,BO094,56,56,5,freccia,freccia,freccia,NOUN,_
56-5,BO094,56,56,6-7,della,della,_,_,_
56-5a,_,_,56,6,_,di,di,ADP,_
56-5b,_,_,56,7,_,la,il,DET,_
56-6,BO094,56,56,8,completezza.,completezza,completezza,NOUN,Intonation=falling
57-0,BO094,57,57,1,e,e,e,CCONJ,_
57-1,BO094,57,57,2,forse,forse,forse,ADV,_
58-0,BO094,58,58,1,non,non,non,ADV,_
58-1,BO094,58,58,2,ce,ce,ce,PRON,_
58-2,BO094,58,58,3,la,la,la,PRON,_
58-3,BO094,58,58,4,facciamo,facciamo,fare,VERB,_
58-4,BO094,58,58,5,a,a,a,ADP,_
58-5,BO094,58,58,6,dimostrare,dimostrare,dimostrare,VERB,_
59-0,BO094,59,59,1,trasformare,trasformare,trasformare,VERB,_
59-1,BO094,59,59,2,i,i,il,DET,_
59-2,BO094,59,59,3,seguenti,seguenti,seguente,NOUN,_
59-3,BO094,59,59,4,in,in,in,ADP,_
59-4,BO094,59,59,5,xx,x,x,SYM,_
60-0,BO094,60,60,1,si,si,si,PRON,_
60-1,BO094,60,60,2,può,può,potere,AUX,_
60-2,BO094,60,60,3,fare.,fare,fare,VERB,Intonation=falling
61-0,???,61,61,0,{forte_brusio},{forte_brusio},_,X,_
62-0,BO094,62,62,1,guarda,guarda,guardare,VERB,_
62-1,BO094,62,62,2,xxx,x,x,SYM,_
63-0,BO094,63,63,1,va,va,andare,VERB,_
63-1,BO094,63,63,2,bene.,bene,bene,ADV,Intonation=falling
64-0,BO094,64,64,1,però,però,però,ADV,_
64-1,BO094,64,64,2,ricordatevi,ricordatevi,ricordatere,VERB,_
64-2,BO094,64,64,3,che,che,che,SCONJ,_
64-3,BO094,64,64,4,"questo,",questo,questo,PRON,Intonation=weakly_rising
64-4,BO094,64,64,5,(poi,poi,poi,ADV,_
64-5,BO094,64,64,6,vediamo),vediamo,vedere,VERB,_
64-6,BO094,64,64,7,ora,ora,ora,ADV,_
65-0,BO094,65,65,1,poi,poi,poi,ADV,_
65-1,BO094,65,65,2,vediamo,vediamo,vedere,VERB,_
65-2,BO094,65,65,3,ora,ora,ora,ADV,_
65-3,BO094,65,65,4,se:,se,se,SCONJ,_
66-0,BO094,66,66,1,giovedì,giovedì,giovedì,NOUN,_
66-1,BO094,66,66,2,ce,ce,ce,PRON,_
66-2,BO094,66,66,3,la,la,la,PRON,_
66-3,BO094,66,66,4,facciamo.,facciamo,fare,VERB,Intonation=falling
67-0,BO094,67,67,1,va,va,andare,VERB,_
67-1,BO094,67,67,2,bene?,bene,bene,ADV,Intonation=rising
67-2,BO094,67,67,3,mh,mh,mh,INTJ,_
68-0,BO094,68,68,1,questo,questo,questo,PRON,_
68-1,BO094,68,68,2,è,è,essere,AUX,_
68-2,BO094,68,68,3,importante,importante,importante,ADJ,_
68-3,BO094,68,68,4,come,come,come,ADP,_
68-4,BO094,68,68,5,vi,vi,vi,PRON,_
68-5,BO094,68,68,6,"dicevo,",dicevo,dire,VERB,Intonation=weakly_rising
69-0,BO094,69,69,1,perché,perché,perché,SCONJ,_
69-1,BO094,69,69,2,mette,mette,mettere,VERB,_
69-2,BO094,69,69,3,in,in,in,ADP,_
69-3,BO094,69,69,4,"rapporto,",rapporto,rapporto,NOUN,Intonation=weakly_rising
70-0,BO094,70,70,1,questo,questo,questo,DET,_
70-1,BO094,70,70,2,concetto,concetto,concetto,NOUN,_
70-2,BO094,70,70,3,"sintattico,",sintattico,sintattico,ADJ,Intonation=weakly_rising
71-0,BO094,71,71,1,con,con,con,ADP,_
71-1,BO094,71,71,2,questo,questo,questo,DET,_
71-2,BO094,71,71,3,concetto,concetto,concetto,NOUN,_
71-3,BO094,71,71,4,semantico.,semantico,semantico,ADJ,Intonation=falling
72-0,BO094,72,72,1,e,e,e,CCONJ,_
72-1,BO094,72,72,2,noi,noi,noi,PRON,_
72-2,BO094,72,72,3,già,già,già,ADV,_
72-3,BO094,72,72,4,sappiamo,sappiamo,sapere,VERB,_
72-4,BO094,72,72,5,che,che,che,SCONJ,_
72-5,BO094,72,72,6,questo,questo,questo,DET,_
72-6,BO094,72,72,7,"concetto,",concetto,concetto,NOUN,Intonation=weakly_rising
73-0,BO094,73,73,1,è,è,essere,AUX,_
73-1,BO094,73,73,2,equivalente,equivalente,equivalente,ADJ,_
73-2,BO094,73,73,3-4,al,al,_,_,_
73-2a,_,_,73,3,_,a,a,ADP,_
73-2b,_,_,73,4,_,il,il,DET,_
73-3,BO094,73,73,5,fatto,fatto,fatto,NOUN,_
73-4,BO094,73,73,6,che,che,che,SCONJ,_
73-5,BO094,73,73,7,gamma,gamma,gamma,NOUN,_
73-6,BO094,73,73,8,sia,sia,essere,AUX,_
73-7,BO094,73,73,9,che,che,che,PRON,_
73-8,BO094,73,73,10,a,a,a,ADP,_
73-9,BO094,73,73,11,sia,sia,sia,ADJ,_
73-10,BO094,73,73,12,conseguenza,conseguenza,conseguenza,NOUN,_
73-11,BO094,73,73,13,logica,logica,logico,ADJ,_
73-12,BO094,73,73,14,xxx,x,x,X,_
74-0,BO094,74,74,1,xx,x,x,X,_
74-1,BO094,74,74,2,che,che,che,PRON,_
74-2,BO094,74,74,3,abbiamo,abbiamo,avere,VERB,_
74-3,BO094,74,74,4,questi,questi,questo,DET,_
74-4,BO094,74,74,5,tre,tre,tre,NUM,_
74-5,BO094,74,74,6,"concetti,",concetti,concetto,NOUN,Intonation=weakly_rising
75-0,BO094,75,75,1,va,va,andare,VERB,_
75-1,BO094,75,75,2,bene?,bene,bene,ADV,Intonation=rising
76-0,BO094,76,76,1,e::h,eh,eh,INTJ,_
76-1,BO094,76,76,2,su,su,su,ADP,_
76-2,BO094,76,76,3,cui,cui,cui,PRON,_
76-3,BO094,76,76,4,praticamente,praticamente,praticamente,ADV,_
76-4,BO094,76,76,5,si,si,si,PRON,_
76-5,BO094,76,76,6,è,è,essere,AUX,_
76-6,BO094,76,76,7,fondato,fondato,fondare,VERB,_
76-7,BO094,76,76,8,l',l',il,DET,Truncated=Yes
76-8,BO094,76,76,9,intero,intero,intero,ADJ,_
76-9,BO094,76,76,10,corso.,corso,corso,NOUN,Intonation=falling
77-0,BO094,77,77,1,quindi,quindi,quindi,ADV,_
77-1,BO094,77,77,2,per,per,per,ADP,_
77-2,BO094,77,77,3,stabilire,stabilire,stabilire,VERB,_
77-3,BO094,77,77,4,quand',quand',quand',NUM,SpaceAfter=No
77-4,BO094,77,77,5,è,è,essere,AUX,_
77-5,BO094,77,77,6,che,che,che,SCONJ,_
77-6,BO094,77,77,7,a,a,a,NOUN,_
77-7,BO094,77,77,8,è,è,essere,AUX,_
77-8,BO094,77,77,9,conseguenza,conseguenza,conseguenza,NOUN,_
77-9,BO094,77,77,10,logica,logica,logica,ADJ,_
77-10,BO094,77,77,11,di,di,di,ADP,_
77-11,BO094,77,77,12,gamma,gamma,gamma,NOUN,_
77-12,BO094,77,77,13,abbiamo,abbiamo,avere,AUX,_
77-13,BO094,77,77,14,usato,usato,usare,VERB,_
78-0,BO094,78,78,1,e::h,eh,eh,INTJ,_
78-1,BO094,78,78,2,leh,leh,leh,INTJ,_
78-2,BO094,78,78,3,le,le,il,DET,_
78-3,BO094,78,78,4,zero,zero,zero,NUM,_
78-4,BO094,78,78,5,strutture,strutture,struttura,NOUN,_
78-5,BO094,78,78,6,o,o,o,CCONJ,_
78-6,BO094,78,78,7,le,le,il,DET,_
78-7,BO094,78,78,8,(elle,elle,ella,NOUN,_
78-8,BO094,78,78,9,uno),uno,uno,NUM,_
78-9,BO094,78,78,10,strutture,strutture,struttura,NOUN,_
78-10,BO094,78,78,11,a,a,a,ADP,_
78-11,BO094,78,78,12,seconda,seconda,seconda,NOUN,_
78-12,BO094,78,78,13-14,del,del,_,_,_
78-12a,_,_,78,13,_,di,di,ADP,_
78-12b,_,_,78,14,_,il,il,DET,_
78-13,BO094,78,78,15,"linguaggio,",linguaggio,linguaggio,NOUN,Intonation=weakly_rising
79-0,BO094,79,79,1,va,va,andare,VERB,_
79-1,BO094,79,79,2,bene?,bene,bene,ADV,Intonation=rising
80-0,BO094,80,80,1,poi,poi,poi,ADV,_
80-1,BO094,80,80,2,abbiamo,abbiamo,avere,AUX,_
80-2,BO094,80,80,3,introdotto,introdotto,introdurre,VERB,_
80-3,BO094,80,80,4,il,il,il,DET,_
80-4,BO094,80,80,5,concetto,concetto,concetto,NOUN,_
80-5,BO094,80,80,6,di,di,di,ADP,_
80-6,BO094,80,80,7,albero,albero,albero,NOUN,_
80-7,BO094,80,80,8-9,dei,dei,_,_,_
80-7a,_,_,80,8,_,di,di,ADP,_
80-7b,_,_,80,9,_,i,il,DET,_
80-8,BO094,80,80,10,sequenti,sequenti,sequente,NOUN,_
81-0,BO094,81,81,1,e,e,e,CCONJ,_
81-1,BO094,81,81,2,in,in,in,ADP,_
81-2,BO094,81,81,3,particolare,particolare,particolare,NOUN,_
81-3,BO094,81,81,4,il,il,il,DET,_
81-4,BO094,81,81,5,concetto,concetto,concetto,NOUN,_
81-5,BO094,81,81,6,di,di,di,ADP,_
81-6,BO094,81,81,7,albero,albero,albero,NOUN,_
81-7,BO094,81,81,8,chiuso,chiuso,chiuso,ADJ,_
81-8,BO094,81,81,9,di,di,di,ADP,_
81-9,BO094,81,81,10,sequenti.,sequenti,sequente,NOUN,Intonation=falling
82-0,BO094,82,82,1,per,per,per,ADP,_
82-1,BO094,82,82,2,dato,dato,dato,NOUN,_
82-2,BO094,82,82,3,"sequente,",sequente,sequente,ADJ,Intonation=weakly_rising
83-0,BO094,83,83,1,e,e,e,CCONJ,_
83-1,BO094,83,83,2,poi,poi,poi,ADV,_
83-2,BO094,83,83,3,il,il,il,DET,_
83-3,BO094,83,83,4,concetto,concetto,concetto,NOUN,_
83-4,BO094,83,83,5,di,di,di,ADP,_
83-5,BO094,83,83,6,derivazione,derivazione,derivazione,NOUN,_
83-6,BO094,83,83,7,quindi,quindi,quindi,ADV,_
83-7,BO094,83,83,8,sono,sono,essere,AUX,_
83-8,BO094,83,83,9,tre,tre,tre,NUM,_
83-9,BO094,83,83,10,concetti,concetti,concetto,NOUN,_
83-10,BO094,83,83,11,a,a,a,ADP,_
83-11,BO094,83,83,12,"xxxx,",xxxx,xxxx,X,Intonation=weakly_rising
84-0,BO094,84,84,1,a,a,a,ADP,_
84-1,BO094,84,84,2,è,è,essere,AUX,_
84-2,BO094,84,84,3,conseguente,conseguente,conseguente,ADJ,_
84-3,BO094,84,84,4,a,a,a,ADP,_
84-4,BO094,84,84,5,xx,x,x,X,_
84-5,BO094,84,84,6,di,di,di,ADP,_
84-6,BO094,84,84,7,gamma,gamma,gamma,NOUN,_
84-7,BO094,84,84,8,il,il,il,DET,_
84-8,BO094,84,84,9,sequente,sequente,sequente,ADJ,_
84-9,BO094,84,84,10,gamma,gamma,gamma,NOUN,_
84-10,BO094,84,84,11,freccione,freccione,freccione,NOUN,_
84-11,BO094,84,84,12,a,a,a,NOUN,_
84-12,BO094,84,84,13,ammette,ammette,ammettere,VERB,_
85-0,BO094,85,85,1,un,un,uno,DET,_
85-1,BO094,85,85,2,un,un,uno,DET,_
85-2,BO094,85,85,3,albero,albero,albero,NOUN,_
85-3,BO094,85,85,4,va,va,andare,VERB,_
85-4,BO094,85,85,5,bene?,bene,bene,ADV,Intonation=rising
86-0,BO094,86,86,1,esiste,esiste,esistere,VERB,_
86-1,BO094,86,86,2,un,un,uno,DET,_
86-2,BO094,86,86,3,albero,albero,albero,NOUN,_
86-3,BO094,86,86,4,di,di,di,ADP,_
86-4,BO094,86,86,5,sequente,sequente,sequente,NOUN,_
86-5,BO094,86,86,6,chiuso,chiuso,chiuso,ADJ,_
86-6,BO094,86,86,7,per,per,per,ADP,_
86-7,BO094,86,86,8,questo,questo,questo,DET,_
86-8,BO094,86,86,9,sequente.,sequente,sequente,NOUN,Intonation=falling
87-0,BO094,87,87,1,bene.,bene,bene,ADV,Intonation=falling
87-1,BO094,87,87,2,o:,o,o,CCONJ,_
87-2,BO094,87,87,3,la,la,il,DET,_
87-3,BO094,87,87,4,cosa,cosa,cosa,NOUN,_
87-4,BO094,87,87,5,che,che,che,PRON,_
87-5,BO094,87,87,6,volevo,volevo,volere,VERB,_
87-6,BO094,87,87,7,invece,invece,invece,ADV,_
87-7,BO094,87,87,8,e::h,eh,eh,INTJ,_
87-8,BO094,87,87,9,su,su,su,ADP,_
87-9,BO094,87,87,10,cui,cui,cui,PRON,_
87-10,BO094,87,87,11,e::h,eh,eh,INTJ,_
88-0,BO094,88,88,1,cambiamo,cambiamo,cambiare,VERB,_
88-1,BO094,88,88,2,leggerme~,leggerme~,leggerme~,X,Interrupted=Yes
88-2,BO094,88,88,3,cambiamo,cambiamo,cambiare,VERB,_
88-3,BO094,88,88,4,"argomento,",argomento,argomento,NOUN,Intonation=weakly_rising
89-0,BO094,89,89,1,va,va,andare,VERB,_
89-1,BO094,89,89,2,bene,bene,bene,ADV,_
89-2,BO094,89,89,3,perché,perché,perché,SCONJ,_
89-3,BO094,89,89,4,su,su,su,ADP,_
89-4,BO094,89,89,5,questo,questo,questo,PRON,_
89-5,BO094,89,89,6,ormai,ormai,ormai,ADV,_
89-6,BO094,89,89,7,ci,ci,ci,PRON,_
89-7,BO094,89,89,8,siamo,siamo,essere,AUX,_
89-8,BO094,89,89,9,xxxx,x,x,SYM,_
89-9,BO094,89,89,10,"abbastanza,",abbastanza,abbastanza,ADV,Intonation=weakly_rising
90-0,BO094,90,90,1,vorrei,vorrei,volere,AUX,_
90-1,BO094,90,90,2-3,farvi,farvi,_,_,_
90-1a,_,_,90,2,_,far,fare,VERB,_
90-1b,_,_,90,3,_,vi,vi,ADV,_
90-2,BO094,90,90,4,invece,invece,invece,ADV,_
91-0,BO094,91,91,1,e::h,eh,eh,INTJ,_
92-0,BO094,92,92,1,un,un,uno,DET,_
92-1,BO094,92,92,2,lavoro,lavoro,lavoro,NOUN,_
92-2,BO094,92,92,3,quasi,quasi,quasi,ADV,_
92-3,BO094,92,92,4,di,di,di,ADP,_
92-4,BO094,92,92,5,esercitazione,esercitazione,esercitazione,NOUN,_
92-5,BO094,92,92,6,anzi,anzi,anzi,ADV,_
92-6,BO094,92,92,7,precisamente,precisamente,preciso,ADV,_
92-7,BO094,92,92,8,è,è,essere,AUX,_
92-8,BO094,92,92,9,di,di,di,ADP,_
92-9,BO094,92,92,10,"esercitazione,",esercitazione,esercitazione,NOUN,Intonation=weakly_rising
93-0,BO094,93,93,1-2,sui,sui,_,_,_
93-0a,_,_,93,1,_,su,su,ADP,_
93-0b,_,_,93,2,_,i,il,DET,_
93-1,BO094,93,93,3,cosiddetti,cosiddetti,cosiddetto,ADJ,_
93-2,BO094,93,93,4,quantificatori,quantificatori,quantificatore,NOUN,_
93-3,BO094,93,93,5,numerici.,numerici,numerico,ADJ,Intonation=falling
94-0,BO094,94,94,1,perché,perché,perché,SCONJ,_
94-1,BO094,94,94,2,io,io,io,PRON,_
94-2,BO094,94,94,3,credo,credo,credere,VERB,_
94-3,BO094,94,94,4,di,di,di,ADP,_
94-4,BO094,94,94,5,non,non,non,ADV,_
94-5,BO094,94,94,6,avervene,avervene,avervene,,_
,,,,,,aver,avere,AUX,
,,,,,,ne,ne,PRON,
94-6,BO094,94,94,7,mai,mai,mai,ADV,_
94-7,BO094,94,94,8,parlato,parlato,parlare,ADJ,_
95-0,BO094,95,95,1,a,a,a,ADP,_
95-1,BO094,95,95,2,"lezione,",lezione,lezione,NOUN,Intonation=weakly_rising
96-0,BO094,96,96,1,dove,dove,dove,ADV,_
96-1,BO094,96,96,2,avete,avete,avere,VERB,_
96-2,BO094,96,96,3,le,le,il,DET,_
96-3,BO094,96,96,4,dispense,dispense,dispensa,NOUN,_
96-4,BO094,96,96,5,sicuramente,sicuramente,sicuramente,ADV,_
96-5,BO094,96,96,6,il,il,il,DET,_
96-6,BO094,96,96,7,dottor,dottor,dottore,NOUN,_
96-7,BO094,96,96,8,rossi,rossi,Rossi,PROPN,_
96-8,BO094,96,96,9,vi,vi,vi,PRON,_
96-9,BO094,96,96,10,ha,ha,avere,AUX,_
96-10,BO094,96,96,11,fatto,fatto,fare,VERB,_
96-11,BO094,96,96,12,esercitazioni,esercitazioni,esercitazione,NOUN,_
96-12,BO094,96,96,13,su,su,su,ADP,_
96-13,BO094,96,96,14,"questo,",questo,questo,PRON,Intonation=weakly_rising
97-0,BO094,97,97,1,e:::h,eh,eh,INTJ,_
98-0,BO094,98,98,1,voi,voi,voi,PRON,_
98-1,BO094,98,98,2,dovreste,dovreste,dovere,AUX,_
98-2,BO094,98,98,3,avere,avere,avere,VERB,_
98-3,BO094,98,98,4,il,il,il,DET,_
98-4,BO094,98,98,5,foglietto,foglietto,foglietto,NOUN,_
98-5,BO094,98,98,6,proprio,proprio,proprio,ADV,_
98-6,BO094,98,98,7-8,nel,nel,_,_,_
98-6a,_,_,98,7,_,in,in,ADP,_
98-6b,_,_,98,8,_,il,il,DET,_
98-7,BO094,98,98,9,materiale,materiale,materiale,NOUN,_
98-8,BO094,98,98,10,"didattico,",didattico,didattico,ADJ,Intonation=weakly_rising
99-0,BO094,99,99,1,"co:::n,",con,con,ADP,Intonation=weakly_rising
100-0,BO094,100,100,1,formalizzazione,formalizzazione,formalizzazione,NOUN,_
100-1,BO094,100,100,2,rispetto,rispetto,rispetto,ADV,_
100-2,BO094,100,100,3-4,ai,ai,_,_,_
100-2a,_,_,100,3,_,a,a,ADP,_
100-2b,_,_,100,4,_,i,il,DET,_
100-3,BO094,100,100,5,quantificatori,quantificatori,quantificatore,NOUN,_
100-4,BO094,100,100,6,numerici.,numerici,numerico,ADJ,Intonation=falling
101-0,???,101,101,1-2,al,al,_,_,_
101-0a,_,_,101,1,_,a,a,ADP,_
101-0b,_,_,101,2,_,il,il,DET,_
101-1,???,101,101,3,massimo,massimo,massimo,NOUN,_
101-2,???,101,101,4,almeno,almeno,almeno,ADV,_
101-3,???,101,101,5,esattamen[te],esattamente,esattamente,ADV,_
102-0,BO094,102,102,1-2,[al],al,_,_,_
102-0a,_,_,102,1,_,a,a,ADP,_
102-0b,_,_,102,2,_,il,il,DET,_
102-1,BO094,102,102,3,massimo,massimo,massimo,NOUN,_
102-2,BO094,102,102,4,almeno,almeno,almeno,ADV,_
102-3,BO094,102,102,5,esattamente.,esattamente,esattamente,ADV,Intonation=falling
103-0,BO094,103,103,1,sono,sono,essere,AUX,_
103-1,BO094,103,103,2,quelli.,quelli,quello,PRON,Intonation=falling
103-2,BO094,103,103,3,va,va,andare,VERB,_
103-3,BO094,103,103,4,bene?,bene,bene,ADV,Intonation=rising
104-0,BO094,104,104,1,eh,eh,eh,INTJ,_
104-1,BO094,104,104,2,vi,vi,vi,ADV,_
104-2,BO094,104,104,3,sentite,sentite,sentire,VERB,_
104-3,BO094,104,104,4,tutti,tutti,tutti,PRON,_
104-4,BO094,104,104,5,molto,molto,molto,ADV,_
104-5,BO094,104,104,6,familiare,familiare,familiare,ADJ,_
104-6,BO094,104,104,7,con,con,con,ADP,_
105-0,???,105,105,1,no:.,no,no,ADV,Intonation=falling
106-0,BO094,106,106,1,no,no,no,ADV,_
106-1,BO094,106,106,2,ecco,ecco,ecco,ADV,_
106-2,BO094,106,106,3,e:h,eh,eh,INTJ,_
106-3,BO094,106,106,4,sempre,sempre,sempre,ADV,_
106-4,BO094,106,106,5,così.,così,così,ADV,Intonation=falling
106-5,BO094,106,106,6,mai,mai,mai,ADV,_
106-6,BO094,106,106,7,fare,fare,fare,VERB,_
106-7,BO094,106,106,8,questa,questa,questo,DET,_
106-8,BO094,106,106,9,domanda.,domanda,domanda,NOUN,Intonation=falling
107-0,BO094,107,107,1,va,va,andare,VERB,_
107-1,BO094,107,107,2,bene,bene,bene,ADV,_
107-2,BO094,107,107,3,allora,allora,allora,ADV,_
107-3,BO094,107,107,4,vediamo,vediamo,vedere,VERB,_
107-4,BO094,107,107,5,intanto,intanto,intanto,ADV,_
107-5,BO094,107,107,6,di::,di,di,ADP,_
108-0,BO094,108,108,1,e:::h,eh,eh,INTJ,_
109-0,BO094,109,109,1,>allora<,allora,allora,ADV,_
109-1,BO094,109,109,2,se,se,se,SCONJ,_
109-2,BO094,109,109,3,io,io,io,PRON,_
109-3,BO094,109,109,4,dico,dico,dire,VERB,_
109-4,BO094,109,109,5,"<esistono>,",esistono,esistere,VERB,Intonation=weakly_rising
110-0,BO094,110,110,1,almeno,almeno,almeno,ADV,_
111-0,BO094,111,111,1,due,due,due,NUM,_
111-1,BO094,111,111,2,"studenti,",studenti,studente,NOUN,Intonation=weakly_rising
112-0,BO094,112,112,1,esistono,esistono,esistere,VERB,_
112-1,BO094,112,112,2,almeno,almeno,almeno,ADV,_
112-2,BO094,112,112,3,due,due,due,NUM,_
112-3,BO094,112,112,4,"studenti,",studenti,studente,NOUN,Intonation=weakly_rising
113-0,BO094,113,113,1,che,che,che,PRON,_
113-1,BO094,113,113,2,mandano,mandano,mandare,VERB,_
113-2,BO094,113,113,3,messaggi.,messaggi,messagge,NOUN,Intonation=falling
114-0,BO094,114,114,1,durante,durante,durante,ADP,_
114-1,BO094,114,114,2,la,la,il,DET,_
114-2,BO094,114,114,3,lezione.,lezione,lezione,NOUN,Intonation=falling
114-3,BO094,114,114,4,questo,questo,questo,PRON,_
114-4,BO094,114,114,5,non,non,non,ADV,_
114-5,BO094,114,114,6,lo,lo,lo,PRON,_
114-6,BO094,114,114,7,scrivo,scrivo,scrivere,VERB,_
114-7,BO094,114,114,8,>va,va,andare,AUX,_
114-8,BO094,114,114,9,bene<,bene,bene,ADV,_
114-9,BO094,114,114,10,esistono,esistono,esistere,VERB,_
114-10,BO094,114,114,11,almeno,almeno,almeno,ADV,_
114-11,BO094,114,114,12,due,due,due,NUM,_
114-12,BO094,114,114,13,studenti,studenti,studente,NOUN,_
114-13,BO094,114,114,14,che,che,che,PRON,_
114-14,BO094,114,114,15,ma~.,ma~,ma~,X,Intonation=falling
114-15,BO094,114,114,16,allora,allora,allora,ADV,_
114-16,BO094,114,114,17,noi,noi,noi,PRON,_
114-17,BO094,114,114,18,abbiamo,abbiamo,avere,VERB,_
114-18,BO094,114,114,19,bisogno,bisogno,bisogno,NOUN,_
114-19,BO094,114,114,20,veramente,veramente,veramente,ADV,_
114-20,BO094,114,114,21,di,di,di,ADP,_
114-21,BO094,114,114,22,due,due,due,NUM,_
114-22,BO094,114,114,23,"xxxnari,",xxxnari,xxxnari,X,Intonation=weakly_rising
115-0,BO094,115,115,1,uno,uno,uno,PRON,_
115-1,BO094,115,115,2,è,è,essere,AUX,_
115-2,BO094,115,115,3,essere,essere,essere,AUX,_
115-3,BO094,115,115,4,studente,studente,studente,NOUN,_
115-4,BO094,115,115,5,(e,e,e,CCONJ,_
115-5,BO094,115,115,6,poi,poi,poi,ADV,_
115-6,BO094,115,115,7,abbiamo),abbiamo,abbare,VERB,_
115-7,BO094,115,115,8,emme,emme,emme,NOUN,_
115-8,BO094,115,115,9,di,di,di,ADP,_
115-9,BO094,115,115,10,ics,ics,ics,NOUN,_
115-10,BO094,115,115,11,che,che,che,PRON,_
115-11,BO094,115,115,12,voglia,voglia,volere,AUX,_
115-12,BO094,115,115,13,dire,dire,dire,VERB,_
115-13,BO094,115,115,14,mandare,mandare,mandare,VERB,_
115-14,BO094,115,115,15,messagini,messagini,messaggio,NOUN,_
116-0,BO094,116,116,1,va,va,andare,VERB,_
116-1,BO094,116,116,2,bene?,bene,bene,ADV,Intonation=rising
117-0,BO094,117,117,1,la,la,il,DET,_
117-1,BO094,117,117,2,cosa,cosa,cosa,NOUN,_
117-2,BO094,117,117,3,mi,mi,mi,PRON,_
117-3,BO094,117,117,4,interessa,interessa,interessare,VERB,_
117-4,BO094,117,117,5,è,è,essere,AUX,_
118-0,BO094,118,118,1,è,è,essere,AUX,_
118-1,BO094,118,118,2,vedere,vedere,vedere,VERB,_
118-2,BO094,118,118,3,come,come,come,SCONJ,_
118-3,BO094,118,118,4,si,si,si,PRON,_
118-4,BO094,118,118,5,scrive,scrive,scrivere,VERB,_
118-5,BO094,118,118,6,esistono,esistono,esistere,VERB,_
118-6,BO094,118,118,7,almeno,almeno,almeno,ADV,_
118-7,BO094,118,118,8,due,due,due,NUM,_
119-0,BO094,119,119,1,oh,oh,oh,INTJ,_
119-1,BO094,119,119,2,supponete,supponete,supponente,ADJ,_
119-2,BO094,119,119,3,che,che,che,PRON,_
119-3,BO094,119,119,4,io,io,io,PRON,_
119-4,BO094,119,119,5,vi,vi,vi,PRON,_
119-5,BO094,119,119,6,scriva,scriva,scrivere,VERB,_
119-6,BO094,119,119,7,questo.,questo,questo,DET,Intonation=falling
120-0,BO094,120,120,1,esiste,esiste,esistere,VERB,_
120-1,BO094,120,120,2,un,un,uno,DET,_
120-2,BO094,120,120,3,ics,ics,ics,NOUN,_
121-0,BO094,121,121,1,e:::h,eh,eh,INTJ,_
122-0,BO094,122,122,1,e,e,e,CCONJ,_
122-1,BO094,122,122,2,lo,lo,lo,PRON,_
122-2,BO094,122,122,3,scriva,scriva,scrivere,VERB,_
122-3,BO094,122,122,4,esiste,esiste,esistere,VERB,_
122-4,BO094,122,122,5,un,un,uno,DET,_
122-5,BO094,122,122,6,ics,ics,ics,NOUN,_
122-6,BO094,122,122,7,e,e,e,CCONJ,_
122-7,BO094,122,122,8,esiste,esiste,esistere,VERB,_
122-8,BO094,122,122,9,un,un,uno,DET,_
122-9,BO094,122,122,10,ipsilon,ipsilon,ipsilon,NOUN,_
123-0,BO094,123,123,1,ics,ics,ics,PROPN,_
123-1,BO094,123,123,2,è,è,essere,AUX,_
123-2,BO094,123,123,3,studente,studente,studente,NOUN,_
123-3,BO094,123,123,4,e,e,e,CCONJ,_
123-4,BO094,123,123,5,manda,manda,mandare,VERB,_
123-5,BO094,123,123,6,messaggini,messaggini,messaggio,ADJ,_
124-0,BO094,124,124,1,e,e,e,CCONJ,_
124-1,BO094,124,124,2,ipsilon,ipsilon,ipsilon,NOUN,_
124-2,BO094,124,124,3,è,è,essere,AUX,_
124-3,BO094,124,124,4,studente,studente,studente,ADJ,_
124-4,BO094,124,124,5,e,e,e,CCONJ,_
124-5,BO094,124,124,6,manda,manda,mandare,VERB,_
124-6,BO094,124,124,7,messaggini,messaggini,messaggio,NOUN,_
125-0,BO094,125,125,1,vi,vi,vi,PRON,_
125-1,BO094,125,125,2,sembra,sembra,sembrare,VERB,_
125-2,BO094,125,125,3,vi,vi,vi,PRON,_
125-3,BO094,125,125,4,sembra,sembra,sembrare,VERB,_
125-4,BO094,125,125,5,che,che,che,SCONJ,_
125-5,BO094,125,125,6,re:nda,renda,rendere,VERB,_
126-0,BO094,126,126,1,esiste,esiste,esistere,VERB,_
126-1,BO094,126,126,2,almeno,almeno,almeno,ADV,_
126-2,BO094,126,126,3,due?,due,due,NUM,Intonation=rising
127-0,???,127,127,1,no,no,no,ADV,_
128-0,???,128,128,1,"esistono,",esistono,esistere,VERB,Intonation=weakly_rising
128-1,???,128,128,2,due,due,due,NUM,_
129-0,BO094,129,129,1,o:::h,oh,oh,INTJ,_
129-1,BO094,129,129,2,no,no,no,ADV,_
129-2,BO094,129,129,3,perché,perché,perché,SCONJ,_
129-3,BO094,129,129,4,potrebbero,potrebbero,potere,AUX,_
129-4,BO094,129,129,5,coincidere,coincidere,coincidere,VERB,_
130-0,BO094,130,130,1,quando,quando,quando,SCONJ,_
130-1,BO094,130,130,2,io,io,io,PRON,_
130-2,BO094,130,130,3,xx,x,x,X,_
130-3,BO094,130,130,4,il,il,il,DET,_
130-4,BO094,130,130,5,fatto,fatto,fatto,NOUN,_
130-5,BO094,130,130,6,di,di,di,ADP,_
130-6,BO094,130,130,7,usare,usare,usare,VERB,_
130-7,BO094,130,130,8,due,due,due,NUM,_
130-8,BO094,130,130,9,variabili,variabili,variabile,NOUN,_
130-9,BO094,130,130,10,"distinte,",distinte,distinto,ADJ,Intonation=weakly_rising
131-0,BO094,131,131,1,ics,ics,ics,NOUN,_
131-1,BO094,131,131,2,e,e,e,CCONJ,_
131-2,BO094,131,131,3,ipsilon,ipsilon,ipsilon,NOUN,_
132-0,BO094,132,132,1,non,non,non,ADV,_
132-1,BO094,132,132,2,vuol,vuol,volere,AUX,_
132-2,BO094,132,132,3,dire,dire,dire,VERB,_
132-3,BO094,132,132,4,che,che,che,SCONJ,_
132-4,BO094,132,132,5,questi,questi,questo,DET,_
132-5,BO094,132,132,6,due,due,due,NUM,_
133-0,BO094,133,133,1,oggetti,oggetti,oggetto,NOUN,_
134-0,BO094,134,134,1,non,non,non,ADV,_
134-1,BO094,134,134,2,debbano,debbano,dovere,AUX,_
134-2,BO094,134,134,3,essere,essere,essere,AUX,_
134-3,BO094,134,134,4,lo,lo,lo,DET,_
134-4,BO094,134,134,5,stesso,stesso,stesso,ADJ,_
135-0,BO094,135,135,1,quindi,quindi,quindi,ADV,_
136-0,BO094,136,136,1,io,io,io,PRON,_
136-1,BO094,136,136,2,ho,ho,avere,AUX,_
136-2,BO094,136,136,3,bisogno,bisogno,bisogno,NOUN,_
136-3,BO094,136,136,4,di,di,di,ADP,_
136-4,BO094,136,136,5,aggiungere,aggiungere,aggiungere,VERB,_
136-5,BO094,136,136,6,"qui,",qui,qui,ADV,Intonation=weakly_rising
137-0,BO094,137,137,1,e,e,e,CCONJ,_
138-0,BO094,138,138,1,non,non,non,ADV,_
138-1,BO094,138,138,2,ics,ics,ics,NOUN,_
138-2,BO094,138,138,3,uguale,uguale,uguale,ADJ,_
138-3,BO094,138,138,4,a,a,a,ADP,_
138-4,BO094,138,138,5,ipsilon,ipsilon,ipsilon,NOUN,_
139-0,BO094,139,139,1,quindi,quindi,quindi,ADV,_
139-1,BO094,139,139,2,almeno,almeno,almeno,ADV,_
139-2,BO094,139,139,3,due,due,due,NUM,_
139-3,BO094,139,139,4,sen~,sen~,sen~,X,Interrupted=Yes
139-4,BO094,139,139,5,con,con,con,ADP,_
139-5,BO094,139,139,6,un,un,uno,DET,_
139-6,BO094,139,139,7,linguaggio,linguaggio,linguaggio,NOUN,_
139-7,BO094,139,139,8,senza,senza,senza,ADP,_
139-8,BO094,139,139,9,"identità,",identità,identità,NOUN,Intonation=weakly_rising
140-0,BO094,140,140,1,non,non,non,ADV,_
140-1,BO094,140,140,2,lo,lo,lo,PRON,_
140-2,BO094,140,140,3,possiamo,possiamo,potere,AUX,_
140-3,BO094,140,140,4,esprimere.,esprimere,esprimere,VERB,Intonation=falling
141-0,BO094,141,141,1,lo,lo,il,DET,_
141-1,BO094,141,141,2,stesso,stesso,stesso,PRON,_
141-2,BO094,141,141,3,almeno,almeno,almeno,ADV,_
141-3,BO094,141,141,4,tre,tre,tre,NUM,_
141-4,BO094,141,141,5,almeno,almeno,almeno,ADV,_
141-5,BO094,141,141,6,quattro.,quattro,quattro,NUM,Intonation=falling
142-0,BO094,142,142,1,va,va,andare,VERB,_
142-1,BO094,142,142,2,bene?,bene,bene,ADV,Intonation=rising
142-2,BO094,142,142,3,prendo,prendo,prendere,VERB,_
142-3,BO094,142,142,4,tre,tre,tre,NUM,_
142-4,BO094,142,142,5,variabili,variabili,variabile,NOUN,_
142-5,BO094,142,142,6,prendo,prendo,prendere,VERB,_
142-6,BO094,142,142,7,quattro,quattro,quattro,NUM,_
142-7,BO094,142,142,8,variabili,variabili,variabile,NOUN,_
142-8,BO094,142,142,9,poi,poi,poi,ADV,_
142-9,BO094,142,142,10,devo,devo,dovere,AUX,_
142-10,BO094,142,142,11,dire,dire,dire,VERB,_
142-11,BO094,142,142,12,ics,ics,ics,NOUN,_
142-12,BO094,142,142,13,diverso,diverso,diverso,PRON,_
142-13,BO094,142,142,14,da,da,da,ADP,_
142-14,BO094,142,142,15,ipsilon,ipsilon,ipsilon,NOUN,_
142-15,BO094,142,142,16,e::h,eh,eh,INTJ,_
142-16,BO094,142,142,17,ipsilon,ipsilon,ipsilon,NOUN,_
142-17,BO094,142,142,18,diverso,diverso,diverso,PRON,_
142-18,BO094,142,142,19,da,da,da,ADP,_
142-19,BO094,142,142,20,zeta,zeta,zeta,NOUN,_
142-20,BO094,142,142,21,fa,fa,fare,VERB,_
142-21,BO094,142,142,22,tutte,tutte,tutto,DET,_
142-22,BO094,142,142,23,le,le,il,DET,_
142-23,BO094,142,142,24,combinazioni,combinazioni,combinazione,NOUN,_
142-24,BO094,142,142,25,possibili.,possibili,possibile,ADJ,Intonation=falling
143-0,BO094,143,143,1,va,va,andare,VERB,_
143-1,BO094,143,143,2,bene?,bene,bene,ADV,Intonation=rising
144-0,BO094,144,144,1,benissimo.,benissimo,bene,ADV,Intonation=falling
145-0,BO094,145,145,1,esistono,esistono,esistere,VERB,_
145-1,BO094,145,145,2,almeno,almeno,almeno,ADV,_
145-2,BO094,145,145,3,due,due,due,NUM,_
145-3,BO094,145,145,4,studenti,studenti,studente,NOUN,_
146-0,BO094,146,146,1,o:h,oh,oh,INTJ,_
146-1,BO094,146,146,2,poi,poi,poi,ADV,_
146-2,BO094,146,146,3,la,la,il,DET,_
146-3,BO094,146,146,4,cosa,cosa,cosa,NOUN,_
146-4,BO094,146,146,5,che,che,che,PRON,_
146-5,BO094,146,146,6,invece,invece,invece,ADV,_
147-0,BO094,147,147,1,se,se,se,SCONJ,_
147-1,BO094,147,147,2,io,io,io,PRON,_
147-2,BO094,147,147,3,invece,invece,invece,ADV,_
147-3,BO094,147,147,4,qui,qui,qui,ADV,_
147-4,BO094,147,147,5,dico,dico,dico,ADJ,_
147-5,BO094,147,147,6,esitono,esitono,esitere,VERB,_
147-6,BO094,147,147,7-8,al,al,_,_,_
147-6a,_,_,147,7,_,a,a,ADP,_
147-6b,_,_,147,8,_,il,il,DET,_
147-7,BO094,147,147,9,massimo,massimo,massimo,NOUN,_
147-8,BO094,147,147,10,due,due,due,NUM,_
147-9,BO094,147,147,11,"studenti,",studenti,studente,NOUN,Intonation=weakly_rising
148-0,BO094,148,148,1-2,>eccoci<,eccoci,_,_,_
148-0a,_,_,148,1,_,ecco,ecco,ADV,_
148-0b,_,_,148,2,_,ci,ci,PRON,_
149-0,BO094,149,149,1,esistono,esistono,esistere,VERB,_
149-1,BO094,149,149,2-3,al,al,_,_,_
149-1a,_,_,149,2,_,a,a,ADP,_
149-1b,_,_,149,3,_,il,il,DET,_
149-2,BO094,149,149,4,massimo,massimo,massimo,ADJ,_
149-3,BO094,149,149,5,du~,du~,du~,X,Interrupted=Yes
149-4,BO094,149,149,6,quand',quand',quand',NUM,SpaceAfter=No
149-5,BO094,149,149,7,è,è,essere,AUX,_
149-6,BO094,149,149,8,che,che,che,SCONJ,_
149-7,BO094,149,149,9,questo,questo,questo,PRON,_
149-8,BO094,149,149,10,è,è,essere,AUX,_
149-9,BO094,149,149,11,vero?,vero,vero,ADJ,Intonation=rising
150-0,BO094,150,150,1,insomma,insomma,insomma,ADV,_
150-1,BO094,150,150,2,è,è,essere,AUX,_
150-2,BO094,150,150,3,quando,quando,quando,SCONJ,_
151-0,BO094,151,151,1,o,o,o,CCONJ,_
151-1,BO094,151,151,2,nessuno,nessuno,nessuno,DET,_
151-2,BO094,151,151,3,studente,studente,studente,NOUN,_
151-3,BO094,151,151,4,manda,manda,mandare,VERB,_
151-4,BO094,151,151,5,"messaggetti,",messaggetti,messaggetto,NOUN,Intonation=weakly_rising
152-0,BO094,152,152,1,o,o,o,CCONJ,_
152-1,BO094,152,152,2,uno,uno,uno,DET,_
152-2,BO094,152,152,3,studente,studente,studente,NOUN,_
152-3,BO094,152,152,4,manda,manda,manda,NOUN,_
152-4,BO094,152,152,5,"messaggetti,",messaggetti,messaggetto,NOUN,Intonation=weakly_rising
153-0,BO094,153,153,1,o,o,o,CCONJ,_
153-1,BO094,153,153,2,due,due,due,NUM,_
153-2,BO094,153,153,3,studenti,studenti,studenti,NOUN,_
153-3,BO094,153,153,4,mandano,mandano,mandare,VERB,_
153-4,BO094,153,153,5,messaggetti,messaggetti,messaggetto,NOUN,_
153-5,BO094,153,153,6,fine.,fine,fine,NOUN,Intonation=falling
154-0,BO094,154,154,1,allora,allora,allora,ADV,_
154-1,BO094,154,154,2,però,però,però,ADV,_
154-2,BO094,154,154,3,attenzione,attenzione,attenzione,NOUN,_
154-3,BO094,154,154,4,bene,bene,bene,ADV,_
155-0,BO094,155,155,1,questo,questo,questo,DET,_
155-1,BO094,155,155,2,quantificatore,quantificatore,quantificatore,NOUN,_
155-2,BO094,155,155,3,esistono,esistono,esistere,VERB,_
155-3,BO094,155,155,4-5,al,al,_,_,_
155-3a,_,_,155,4,_,a,a,ADP,_
155-3b,_,_,155,5,_,il,il,DET,_
155-4,BO094,155,155,6,massimo,massimo,massimo,NOUN,_
155-5,BO094,155,155,7,ricordatevi,ricordatevi,ricordatevere,VERB,_
155-6,BO094,155,155,8,"bene,",bene,bene,ADV,Intonation=weakly_rising
156-0,BO094,156,156,1,non,non,non,ADV,_
156-1,BO094,156,156,2,può,può,potere,AUX,_
156-2,BO094,156,156,3,essere,essere,essere,AUX,_
156-3,BO094,156,156,4,reso,reso,rendere,VERB,_
156-4,BO094,156,156,5,con,con,con,ADP,_
156-5,BO094,156,156,6,un,un,uno,DET,_
156-6,BO094,156,156,7,quantificatore,quantificatore,quantificatore,NOUN,_
156-7,BO094,156,156,8,esistenziale,esistenziale,esistenziale,ADJ,_
157-0,BO094,157,157,1,tutte,tutte,tutto,DET,_
157-1,BO094,157,157,2,le,le,il,DET,_
157-2,BO094,157,157,3,volte,volte,volte,NOUN,_
157-3,BO094,157,157,4,che,che,che,PRON,_
157-4,BO094,157,157,5,io,io,io,PRON,_
157-5,BO094,157,157,6,uso,uso,uso,NOUN,_
157-6,BO094,157,157,7,il,il,il,DET,_
157-7,BO094,157,157,8,quantificatore,quantificatore,quantificatore,NOUN,_
157-8,BO094,157,157,9,esistenziale,esistenziale,esistenziale,ADJ,_
157-9,BO094,157,157,10,vuol,vuol,volere,AUX,_
157-10,BO094,157,157,11,dire,dire,dire,VERB,_
157-11,BO094,157,157,12,che,che,che,SCONJ,_
157-12,BO094,157,157,13,almeno,almeno,almeno,ADV,_
157-13,BO094,157,157,14,uno,uno,uno,PRON,_
157-14,BO094,157,157,15,c',c',ci,PRON,Truncated=Yes
157-15,BO094,157,157,16,è.,è,essere,VERB,Intonation=falling
158-0,BO094,158,158,1,eh,eh,eh,INTJ,_
158-1,BO094,158,158,2,invece,invece,invece,ADV,_
158-2,BO094,158,158,3,quando,quando,quando,SCONJ,_
158-3,BO094,158,158,4,io,io,io,PRON,_
158-4,BO094,158,158,5,dico,dico,dire,VERB,_
158-5,BO094,158,158,6,esistono,esistono,esistere,VERB,_
158-6,BO094,158,158,7-8,al,al,_,_,_
158-6a,_,_,158,7,_,a,a,ADP,_
158-6b,_,_,158,8,_,il,il,DET,_
158-7,BO094,158,158,9,massimo,massimo,massimo,NOUN,_
158-8,BO094,158,158,10,devo,devo,dovere,AUX,_
158-9,BO094,158,158,11,considerare,considerare,considerare,VERB,_
158-10,BO094,158,158,12,il,il,il,DET,_
158-11,BO094,158,158,13,caso,caso,caso,NOUN,_
158-12,BO094,158,158,14,che,che,che,SCONJ,_
158-13,BO094,158,158,15,nessuno,nessuno,nessuno,DET,_
158-14,BO094,158,158,16,esista.,esista,esista,NOUN,Intonation=falling
159-0,BO094,159,159,1,allora,allora,allora,ADV,_
159-1,BO094,159,159,2,cosa,cosa,cosa,PRON,_
159-2,BO094,159,159,3,faccio?,faccio,facciare,VERB,Intonation=rising
160-0,BO094,160,160,1,uso,uso,uso,NOUN,_
160-1,BO094,160,160,2,che,che,che,DET,_
160-2,BO094,160,160,3,cosa?,cosa,cosa,NOUN,Intonation=rising
161-0,???,161,161,1,per,per,per,ADP,_
161-1,???,161,161,2,ogni,ogni,ogni,DET,_
162-0,BO094,162,162,1,(il,il,il,DET,_
162-1,BO094,162,162,2,per,per,per,ADP,_
162-2,BO094,162,162,3,ogni),ogni,ogni,DET,_
162-3,BO094,162,162,4,eh,eh,eh,INTJ,_
162-4,BO094,162,162,5,uso,uso,uso,NOUN,_
162-5,BO094,162,162,6,una,una,uno,DET,_
162-6,BO094,162,162,7,parafrasi,parafrasi,parafrasi,NOUN,_
162-7,BO094,162,162,8,mo::lto,molto,molto,ADV,_
162-8,BO094,162,162,9,noiosa,noiosa,noioso,ADJ,_
163-0,BO094,163,163,1,va,va,andare,VERB,_
163-1,BO094,163,163,2,bene,bene,bene,ADV,_
164-0,BO094,164,164,1,perché,perché,perché,SCONJ,_
164-1,BO094,164,164,2,io,io,io,PRON,_
164-2,BO094,164,164,3,dico,dico,dire,VERB,_
165-0,BO094,165,165,1,se,se,se,SCONJ,_
165-1,BO094,165,165,2,per,per,per,ADP,_
165-2,BO094,165,165,3,per,per,per,ADP,_
165-3,BO094,165,165,4,ogni,ogni,ogni,DET,_
165-4,BO094,165,165,5,allora,allora,allora,ADV,_
166-0,BO094,166,166,1,xx,x,x,SYM,_
166-1,BO094,166,166,2,almeno,almeno,almeno,ADV,_
166-2,BO094,166,166,3,due,due,due,NUM,_
167-0,BO094,167,167,1,presi,presi,prendere,VERB,_
167-1,BO094,167,167,2,tre,tre,tre,NUM,_
167-2,BO094,167,167,3,individui,individui,individuo,NOUN,_
167-3,BO094,167,167,4,qualsivoglia,qualsivoglia,qualsivoglia,ADJ,_
168-0,BO094,168,168,1,va,va,andare,VERB,_
168-1,BO094,168,168,2,bene?,bene,bene,ADV,Intonation=rising
169-0,BO094,169,169,1,se,se,se,SCONJ,_
169-1,BO094,169,169,2,il,il,il,DET,_
169-2,BO094,169,169,3,primo,primo,primo,ADJ,_
169-3,BO094,169,169,4,è,è,essere,AUX,_
169-4,BO094,169,169,5,studente,studente,studente,NOUN,_
169-5,BO094,169,169,6,e,e,e,CCONJ,_
169-6,BO094,169,169,7,manda,manda,manda,NOUN,_
169-7,BO094,169,169,8,messaggetti,messaggetti,messaggetto,NOUN,_
170-0,BO094,170,170,1,e,e,e,CCONJ,_
170-1,BO094,170,170,2,il,il,il,DET,_
170-2,BO094,170,170,3,secondo,secondo,secondo,ADJ,_
170-3,BO094,170,170,4,è,è,essere,AUX,_
170-4,BO094,170,170,5,studente,studente,studente,NOUN,_
170-5,BO094,170,170,6,e,e,e,CCONJ,_
170-6,BO094,170,170,7,manda,manda,manda,NOUN,_
170-7,BO094,170,170,8,messaggetti,messaggetti,messaggetto,NOUN,_
171-0,BO094,171,171,1,e,e,e,CCONJ,_
171-1,BO094,171,171,2,il,il,il,DET,_
171-2,BO094,171,171,3,terzo,terzo,terzo,ADJ,_
171-3,BO094,171,171,4,è,è,essere,AUX,_
171-4,BO094,171,171,5,studente,studente,studente,NOUN,_
172-0,BO094,172,172,1,e,e,e,CCONJ,_
172-1,BO094,172,172,2,manda,manda,mandare,VERB,_
172-2,BO094,172,172,3,"messaggi,",messaggi,messaggio,NOUN,Intonation=weakly_rising
173-0,BO094,173,173,1,"allora,",allora,allora,ADV,Intonation=weakly_rising
174-0,BO094,174,174,1,o,o,o,CCONJ,_
174-1,BO094,174,174,2,ics,ics,ics,NOUN,_
174-2,BO094,174,174,3,è,è,essere,AUX,_
174-3,BO094,174,174,4,uguale,uguale,uguale,ADJ,_
174-4,BO094,174,174,5,a,a,a,ADP,_
174-5,BO094,174,174,6,ipsilon,ipsilon,ipsilon,NOUN,_
174-6,BO094,174,174,7,o,o,o,CCONJ,_
174-7,BO094,174,174,8,ipsilon,ipsilon,ipsilon,NOUN,_
174-8,BO094,174,174,9,è,è,essere,AUX,_
174-9,BO094,174,174,10,uguale,uguale,uguale,ADJ,_
174-10,BO094,174,174,11,a,a,a,ADP,_
174-11,BO094,174,174,12,"zeta,",zeta,zeta,NOUN,Intonation=weakly_rising
175-0,BO094,175,175,1,o,o,o,CCONJ,_
175-1,BO094,175,175,2,ics,ics,ics,NOUN,_
175-2,BO094,175,175,3,uguale,uguale,uguale,ADJ,_
175-3,BO094,175,175,4,a,a,a,ADP,_
175-4,BO094,175,175,5,zeta,zeta,zeta,NOUN,_
176-0,BO094,176,176,1,va,va,andare,VERB,_
176-1,BO094,176,176,2,bene?,bene,bene,ADV,Intonation=rising
177-0,BO094,177,177,1,presa,presa,prendere,VERB,_
177-1,BO094,177,177,2,una,una,uno,DET,_
177-2,BO094,177,177,3,qualsiasi,qualsiasi,qualsiasi,ADJ,_
177-3,BO094,177,177,4,terna,terna,terna,NOUN,_
177-4,BO094,177,177,5,di,di,di,ADP,_
177-5,BO094,177,177,6,studenti,studenti,studente,NOUN,_
178-0,BO094,178,178,1,tali,tali,tale,PRON,_
178-1,BO094,178,178,2,che,che,che,PRON,_
179-0,BO094,179,179,1,xx,x,x,X,_
179-1,BO094,179,179,2,insomma,insomma,insomma,NOUN,_
179-2,BO094,179,179,3,che,che,che,PRON,_
179-3,BO094,179,179,4,godono,godono,godere,VERB,_
179-4,BO094,179,179,5,di,di,di,ADP,_
179-5,BO094,179,179,6,questa,questa,questo,DET,_
179-6,BO094,179,179,7,"proprietà,",proprietà,proprietà,NOUN,Intonation=weakly_rising
180-0,BO094,180,180,1,ecco,ecco,ecco,ADV,_
180-1,BO094,180,180,2,perché,perché,perché,SCONJ,_
180-2,BO094,180,180,3,vuol,vuol,volere,AUX,_
180-3,BO094,180,180,4,dire,dire,dire,VERB,_
180-4,BO094,180,180,5,che,che,che,SCONJ,_
180-5,BO094,180,180,6,almeno,almeno,almeno,ADV,_
180-6,BO094,180,180,7,"due,",due,due,NUM,Intonation=weakly_rising
181-0,BO094,181,181,1,devono,devono,dovere,AUX,_
181-1,BO094,181,181,2,collassare,collassare,collassare,VERB,_
181-2,BO094,181,181,3,su,su,su,ADP,_
181-3,BO094,181,181,4,uno,uno,uno,DET,_
182-0,BO094,182,182,1,va,va,andare,VERB,_
182-1,BO094,182,182,2,bene?,bene,bene,ADV,Intonation=rising
183-0,BO094,183,183,1,quindi,quindi,quindi,ADV,_
183-1,BO094,183,183,2,l',l',il,DET,Truncated=Yes
183-2,BO094,183,183,3,esist~,esist~,esist~,X,Interrupted=Yes
183-3,BO094,183,183,4,esistere,esistere,esistere,VERB,_
183-4,BO094,183,183,5-6,al,al,_,_,_
183-4a,_,_,183,5,_,a,a,ADP,_
183-4b,_,_,183,6,_,il,il,DET,_
183-5,BO094,183,183,7,massimo,massimo,massimo,NOUN,_
183-6,BO094,183,183,8,non,non,non,ADV,_
183-7,BO094,183,183,9,è,è,essere,AUX,_
183-8,BO094,183,183,10,una,una,uno,DET,_
183-9,BO094,183,183,11,vera,vera,vero,ADJ,_
183-10,BO094,183,183,12,esistenza,esistenza,esistenza,NOUN,_
183-11,BO094,183,183,13,qui,qui,qui,ADV,_
183-12,BO094,183,183,14,viene,viene,venire,AUX,_
183-13,BO094,183,183,15,detto,detto,dire,VERB,_
184-0,BO094,184,184,1,come,come,come,ADP,_
184-1,BO094,184,184,2,un,un,uno,DET,_
184-2,BO094,184,184,3,quantificatore,quantificatore,quantificatore,NOUN,_
184-3,BO094,184,184,4,universale.,universale,universale,ADJ,Intonation=falling
185-0,BO094,185,185,1,ecco,ecco,ecco,ADV,_
185-1,BO094,185,185,2,notate,notate,notare,VERB,_
185-2,BO094,185,185,3,una,una,uno,DET,_
185-3,BO094,185,185,4,cosa,cosa,cosa,NOUN,_
186-0,BO094,186,186,1,uno,uno,uno,PRON,_
186-1,BO094,186,186,2,potrebbe,potrebbe,potere,AUX,_
186-2,BO094,186,186,3,dire,dire,dire,VERB,_
186-3,BO094,186,186,4,ma,ma,ma,CCONJ,_
186-4,BO094,186,186,5,io,io,io,PRON,_
186-5,BO094,186,186,6,questi,questi,questo,DET,_
186-6,BO094,186,186,7,quantificatori,quantificatori,quantificatore,NOUN,_
186-7,BO094,186,186,8,universali,universali,universale,ADJ,_
186-8,BO094,186,186,9-10,sul,sul,_,_,_
186-8a,_,_,186,9,_,su,su,ADP,_
186-8b,_,_,186,10,_,il,il,DET,_
186-9,BO094,186,186,11,davanti,davanti,davanti,ADV,_
187-0,BO094,187,187,1,li,li,li,PRON,_
187-1,BO094,187,187,2,posso,posso,potere,AUX,_
187-2,BO094,187,187,3,portare,portare,portare,VERB,_
187-3,BO094,187,187,4-5,sul,sul,_,_,_
187-3a,_,_,187,4,_,su,su,ADP,_
187-3b,_,_,187,5,_,il,il,DET,_
187-4,BO094,187,187,6,conseguente?,conseguente,conseguente,NOUN,Intonation=rising
188-0,BO094,188,188,1,no,no,no,ADV,_
189-0,BO094,189,189,1,capite,capite,capita,NOUN,_
189-1,BO094,189,189,2,che,che,che,PRON,_
189-2,BO094,189,189,3,non,non,non,ADV,_
189-3,BO094,189,189,4,lo,lo,lo,PRON,_
189-4,BO094,189,189,5,posso,posso,potere,AUX,_
189-5,BO094,189,189,6,fare,fare,fare,VERB,_
189-6,BO094,189,189,7,perché,perché,perché,SCONJ,_
189-7,BO094,189,189,8,ics,ics,ics,NOUN,_
189-8,BO094,189,189,9,ipsilon,ipsilon,ipsilon,NOUN,_
189-9,BO094,189,189,10,e,e,e,CCONJ,_
189-10,BO094,189,189,11,zeta,zeta,zeta,NOUN,_
189-11,BO094,189,189,12,formano,formano,formare,VERB,_
189-12,BO094,189,189,13,xx,x,x,X,_
189-13,BO094,189,189,14,qua,qua,qua,ADV,_
190-0,BO094,190,190,1,va,va,andare,VERB,_
190-1,BO094,190,190,2,bene,bene,bene,ADV,_
190-2,BO094,190,190,3,e,e,e,CCONJ,_
190-3,BO094,190,190,4,ora,ora,ora,ADV,_
190-4,BO094,190,190,5,vediamo,vediamo,vedere,VERB,_
190-5,BO094,190,190,6-7,sull',sull',_,_,Truncated=Yes
190-5a,_,_,190,6,_,su,su,ADP,_
190-5b,_,_,190,7,_,l',il,DET,_
190-6,BO094,190,190,8,esistono,esistono,esistere,VERB,_
191-0,BO094,191,191,1,allora,allora,allora,ADV,_
191-1,BO094,191,191,2,se,se,se,SCONJ,_
191-2,BO094,191,191,3,invece,invece,invece,ADV,_
191-3,BO094,191,191,4,dicessi,dicessi,dire,VERB,_
191-4,BO094,191,191,5,esistono,esistono,esistere,VERB,_
191-5,BO094,191,191,6,esattamente,esattamente,esattamente,ADV,_
191-6,BO094,191,191,7,due,due,due,NUM,_
191-7,BO094,191,191,8,studenti.,studenti,studente,NOUN,Intonation=falling
192-0,BO094,192,192,1,allora,allora,allora,ADV,_
192-1,BO094,192,192,2,una,una,uno,DET,_
192-2,BO094,192,192,3,cosa,cosa,cosa,NOUN,_
192-3,BO094,192,192,4,molto,molto,molto,ADV,_
192-4,BO094,192,192,5,semplice,semplice,semplice,ADJ,_
192-5,BO094,192,192,6,potrebbe,potrebbe,potere,AUX,_
192-6,BO094,192,192,7,fare,fare,fare,VERB,_
192-7,BO094,192,192,8,la,la,il,DET,_
192-8,BO094,192,192,9,(congiunzione),congiunzione,congiunzione,NOUN,_
192-9,BO094,192,192,10,fra,fra,fra,ADP,_
193-0,BO094,193,193,1,esistono,esistono,esistere,VERB,_
193-1,BO094,193,193,2,almeno,almeno,almeno,ADV,_
193-2,BO094,193,193,3,due,due,due,NUM,_
193-3,BO094,193,193,4,studenti,studenti,studente,NOUN,_
194-0,BO094,194,194,1,e,e,e,CCONJ,_
194-1,BO094,194,194,2,esitono,esitono,esitono,X,_
194-2,BO094,194,194,3,esa~,esa~,esa~,X,Interrupted=Yes
194-3,BO094,194,194,4,esistono,esistono,esistere,VERB,_
194-4,BO094,194,194,5-6,al,al,_,_,_
194-4a,_,_,194,5,_,a,a,ADP,_
194-4b,_,_,194,6,_,il,il,DET,_
194-5,BO094,194,194,7,massimo,massimo,massimo,ADJ,_
194-6,BO094,194,194,8,due,due,due,NUM,_
194-7,BO094,194,194,9,studenti,studenti,studente,NOUN,_
195-0,BO094,195,195,1,però,però,però,ADV,_
195-1,BO094,195,195,2,la,la,il,DET,_
195-2,BO094,195,195,3,sostituzione,sostituzione,sostituzione,NOUN,_
195-3,BO094,195,195,4,di,di,di,ADP,_
195-4,BO094,195,195,5,questo,questo,questo,DET,_
195-5,BO094,195,195,6,due,due,due,NUM,_
195-6,BO094,195,195,7,enunciati,enunciati,enunciato,NOUN,_
195-7,BO094,195,195,8,mi,mi,mi,PRON,_
195-8,BO094,195,195,9,dà,dà,dare,VERB,_
195-9,BO094,195,195,10,esistono,esistono,esistere,VERB,_
195-10,BO094,195,195,11,esattamente,esattamente,esattamente,ADV,_
196-0,BO094,196,196,1,però,però,però,ADV,_
196-1,BO094,196,196,2,vediamo,vediamo,vedere,VERB,_
196-2,BO094,196,196,3,di,di,di,ADP,_
196-3,BO094,196,196,4-5,scriverlo,scriverlo,_,_,_
196-3a,_,_,196,4,_,scriver,scrivere,VERB,_
196-3b,_,_,196,5,_,lo,lo,PRON,_
196-4,BO094,196,196,6,un,un,uno,DET,_
196-5,BO094,196,196,7,po',po',poco,ADV,_
196-6,BO094,196,196,8,meglio,meglio,meglio,ADV,_
197-0,BO094,197,197,1,allora,allora,allora,ADV,_
197-1,BO094,197,197,2,io,io,io,PRON,_
197-2,BO094,197,197,3,avrò,avrò,avere,AUX,_
197-3,BO094,197,197,4,che,che,che,SCONJ,_
198-0,BO094,198,198,1,esiste,esiste,esistere,VERB,_
198-1,BO094,198,198,2,un,un,uno,DET,_
198-2,BO094,198,198,3,ics,ics,ics,NOUN,_
198-3,BO094,198,198,4,e,e,e,CCONJ,_
198-4,BO094,198,198,5,esiste,esiste,esistere,VERB,_
198-5,BO094,198,198,6,un,un,uno,DET,_
198-6,BO094,198,198,7,ipsilon,ipsilon,ipsilon,NOUN,_
199-0,BO094,199,199,1,ics,ics,ics,NOUN,_
199-1,BO094,199,199,2,studente,studente,studente,NOUN,_
199-2,BO094,199,199,3,emme,emme,emme,NOUN,_
199-3,BO094,199,199,4,di,di,di,ADP,_
199-4,BO094,199,199,5,ics,ics,ics,NOUN,_
199-5,BO094,199,199,6,e,e,e,CCONJ,_
200-0,BO094,200,200,1,ipsilon,ipsilon,ipsilon,NOUN,_
200-1,BO094,200,200,2,e,e,e,CCONJ,_
200-2,BO094,200,200,3,studente,studente,studente,NOUN,_
200-3,BO094,200,200,4,e,e,e,CCONJ,_
201-0,BO094,201,201,1,emme,emme,emme,NOUN,_
201-1,BO094,201,201,2,di,di,di,ADP,_
201-2,BO094,201,201,3,ipsilon,ipsilon,ipsilon,NOUN,_
201-3,BO094,201,201,4,quindi,quindi,quindi,ADV,_
201-4,BO094,201,201,5,questo,questo,questo,PRON,_
201-5,BO094,201,201,6,mi,mi,mi,PRON,_
201-6,BO094,201,201,7,dice,dice,dire,VERB,_
201-7,BO094,201,201,8,che,che,che,SCONJ,_
201-8,BO094,201,201,9,esistono,esistono,esistere,VERB,_
201-9,BO094,201,201,10,due,due,due,NUM,_
201-10,BO094,201,201,11,studenti,studenti,studente,NOUN,_
201-11,BO094,201,201,12,che,che,che,PRON,_
201-12,BO094,201,201,13,mandano,mandano,mandare,VERB,_
201-13,BO094,201,201,14,"messaggi,",messaggi,messaggio,NOUN,Intonation=weakly_rising
202-0,BO094,202,202,1,e:,e,e,CCONJ,_
203-0,BO094,203,203,1,son,son,essere,AUX,_
203-1,BO094,203,203,2,distinti,distinti,distinto,ADJ,_
203-2,BO094,203,203,3,e,e,e,CCONJ,_
203-3,BO094,203,203,4,ics,ics,ics,NOUN,_
203-4,BO094,203,203,5,è,è,essere,AUX,_
203-5,BO094,203,203,6,diverso,diverso,diverso,ADJ,_
203-6,BO094,203,203,7,quindi,quindi,quindi,ADV,_
203-7,BO094,203,203,8,esistono,esistono,esistere,VERB,_
203-8,BO094,203,203,9,almeno,almeno,almeno,ADV,_
203-9,BO094,203,203,10,due,due,due,NUM,_
203-10,BO094,203,203,11,fino,fino,fino,ADV,_
203-11,BO094,203,203,12,a,a,a,ADP,_
203-12,BO094,203,203,13,qui,qui,qui,ADV,_
203-13,BO094,203,203,14,ho,ho,avere,AUX,_
203-14,BO094,203,203,15,detto,detto,dire,VERB,_
203-15,BO094,203,203,16,che,che,che,SCONJ,_
203-16,BO094,203,203,17,esistono,esistono,esistere,VERB,_
203-17,BO094,203,203,18,(almeno),almeno,almeno,ADV,_
203-18,BO094,203,203,19,due,due,due,NUM,_
204-0,BO094,204,204,1,e,e,e,CCONJ,_
204-1,BO094,204,204,2,ora,ora,ora,ADV,_
204-2,BO094,204,204,3,vuol,vuol,volere,AUX,_
204-3,BO094,204,204,4,dire,dire,dire,VERB,_
204-4,BO094,204,204,5,che,che,che,SCONJ,_
204-5,BO094,204,204,6,esistono,esistono,esistere,VERB,_
204-6,BO094,204,204,7-8,al,al,_,_,_
204-6a,_,_,204,7,_,a,a,ADP,_
204-6b,_,_,204,8,_,il,il,DET,_
204-7,BO094,204,204,9,massimo,massimo,massimo,ADJ,_
204-8,BO094,204,204,10,e,e,e,CCONJ,_
205-0,BO094,205,205,1,per,per,per,ADP,_
205-1,BO094,205,205,2,ogni,ogni,ogni,DET,_
205-2,BO094,205,205,3,zeta,zeta,zeta,NOUN,_
206-0,BO094,206,206,1,<se,se,se,SCONJ,_
206-1,BO094,206,206,2,esse,esse,esso,PRON,_
206-2,BO094,206,206,3,di,di,di,ADP,_
206-3,BO094,206,206,4,zeta,zeta,zeta,NOUN,_
206-4,BO094,206,206,5,e,e,e,CCONJ,_
206-5,BO094,206,206,6,emme,emme,emme,NOUN,_
206-6,BO094,206,206,7,di,di,di,ADP,_
206-7,BO094,206,206,8,zeta,zeta,zeta,NOUN,_
206-8,BO094,206,206,9,allora,allora,allora,ADV,_
206-9,BO094,206,206,10,ics,ics,ics,NOUN,_
206-10,BO094,206,206,11,uguale,uguale,uguale,ADJ,_
206-11,BO094,206,206,12,a,a,a,ADP,_
206-12,BO094,206,206,13,zeta,zeta,zeta,NOUN,_
206-13,BO094,206,206,14,oppure,oppure,oppure,CCONJ,_
206-14,BO094,206,206,15,xx>,x,x,X,_
207-0,BO094,207,207,1,secondo,secondo,secondo,ADP,_
207-1,BO094,207,207,2,me,me,me,PRON,_
207-2,BO094,207,207,3,questa,questa,questo,PRON,_
207-3,BO094,207,207,4,è,è,essere,AUX,_
207-4,BO094,207,207,5,una,una,uno,PRON,_
207-5,BO094,207,207,6-7,delle,delle,_,_,_
207-5a,_,_,207,6,_,di,di,ADP,_
207-5b,_,_,207,7,_,le,il,DET,_
207-6,BO094,207,207,8,con~,con~,con~,PROPN,Interrupted=Yes
207-7,BO094,207,207,9,non,non,non,ADV,_
207-8,BO094,207,207,10,è,è,essere,AUX,_
207-9,BO094,207,207,11,la,la,il,DET,_
207-10,BO094,207,207,12,più,più,più,ADV,_
207-11,BO094,207,207,13,sintetica,sintetica,sintetica,ADJ,_
207-12,BO094,207,207,14,possibile,possibile,possibile,ADJ,_
207-13,BO094,207,207,15,eh,eh,eh,NOUN,_
208-0,BO094,208,208,1,xx,x,x,X,_
208-1,BO094,208,208,2,in,in,in,ADP,_
208-2,BO094,208,208,3,cui,cui,cui,PRON,_
208-3,BO094,208,208,4,esprimere,esprimere,esprimere,VERB,_
208-4,BO094,208,208,5,l',l',il,DET,Truncated=Yes
208-5,BO094,208,208,6,esattamente,esattamente,esattamente,ADV,_
208-6,BO094,208,208,7,esattamente,esattamente,esattamente,ADV,_
208-7,BO094,208,208,8,due,due,due,NUM,_
208-8,BO094,208,208,9,o,o,o,CCONJ,_
208-9,BO094,208,208,10,esattamente,esattamente,esattamente,ADV,_
208-10,BO094,208,208,11,tre.,tre,tre,NUM,Intonation=falling
209-0,BO094,209,209,1,però,però,però,ADV,_
209-1,BO094,209,209,2,è,è,essere,AUX,_
209-2,BO094,209,209,3,molto,molto,molto,ADV,_
209-3,BO094,209,209,4,intuitiva.,intuitiva,intuitivo,ADJ,Intonation=falling
210-0,BO094,210,210,1,no?,no,no,ADV,Intonation=rising
211-0,BO094,211,211,1,prima,prima,prima,ADV,_
211-1,BO094,211,211,2,dico,dico,dico,ADJ,_
211-2,BO094,211,211,3,esistono,esistono,esistere,VERB,_
212-0,BO094,212,212,1,almeno,almeno,almeno,ADV,_
212-1,BO094,212,212,2,due,due,due,NUM,_
212-2,BO094,212,212,3,studenti,studenti,studente,NOUN,_
212-3,BO094,212,212,4,tali,tali,tali,ADJ,_
212-4,BO094,212,212,5,che,che,che,PRON,_
212-5,BO094,212,212,6,mandano,mandano,mandare,VERB,_
212-6,BO094,212,212,7,i,i,il,DET,_
212-7,BO094,212,212,8,messaggi,messaggi,messaggio,NOUN,_
213-0,BO094,213,213,1,e,e,e,CCONJ,_
213-1,BO094,213,213,2,penso,penso,pensare,VERB,_
213-2,BO094,213,213,3-4,al,al,_,_,_
213-2a,_,_,213,3,_,a,a,ADP,_
213-2b,_,_,213,4,_,il,il,DET,_
213-3,BO094,213,213,5,massimo,massimo,massimo,ADJ,_
213-4,BO094,213,213,6,preso,preso,preso,NOUN,_
213-5,BO094,213,213,7,un,un,uno,DET,_
213-6,BO094,213,213,8,qualsiasi,qualsiasi,qualsiasi,DET,_
213-7,BO094,213,213,9,altro,altro,altro,ADJ,_
213-8,BO094,213,213,10,studente,studente,studente,NOUN,_
213-9,BO094,213,213,11,si,si,si,PRON,_
213-10,BO094,213,213,12,identifica,identifica,identificare,VERB,_
213-11,BO094,213,213,13,con,con,con,ADP,_
213-12,BO094,213,213,14,(uno,uno,uno,PRON,_
213-13,BO094,213,213,15,di,di,di,ADP,_
213-14,BO094,213,213,16,loro,loro,loro,PRON,_
213-15,BO094,213,213,17,due),due,due,NUM,_
214-0,BO094,214,214,1,va,va,andare,VERB,_
214-1,BO094,214,214,2,bene?,bene,bene,ADV,Intonation=rising
215-0,BO094,215,215,1,quindi,quindi,quindi,ADV,_
215-1,BO094,215,215,2,questo,questo,questo,PRON,_
215-2,BO094,215,215,3,diciamo,diciamo,dire,VERB,_
215-3,BO094,215,215,4,qualche,qualche,qualche,DET,_
215-4,BO094,215,215,5,esercizio,esercizio,esercizio,NOUN,_
215-5,BO094,215,215,6,sul~,sul~,sul~,X,Interrupted=Yes
215-6,BO094,215,215,7-8,sui,sui,_,_,_
215-6a,_,_,215,7,_,su,su,ADP,_
215-6b,_,_,215,8,_,i,il,DET,_
215-7,BO094,215,215,9,quantificatori,quantificatori,quantificatore,NOUN,_
215-8,BO094,215,215,10,numerici,numerici,numerico,ADJ,_
215-9,BO094,215,215,11-12,nel,nel,_,_,_
215-9a,_,_,215,11,_,in,in,ADP,_
215-9b,_,_,215,12,_,il,il,DET,_
215-10,BO094,215,215,13,test,test,test,NOUN,_
215-11,BO094,215,215,14,ci,ci,ci,PRON,_
215-12,BO094,215,215,15,sarà.,sarà,essere,VERB,Intonation=falling
216-0,BO094,216,216,1,va,va,andare,VERB,_
216-1,BO094,216,216,2,bene?,bene,bene,ADV,Intonation=rising
217-0,BO094,217,217,1,oh,oh,oh,INTJ,_
217-1,BO094,217,217,2,l',l',il,DET,Truncated=Yes
217-2,BO094,217,217,3,altra,altra,altro,ADJ,_
217-3,BO094,217,217,4,"cosa,",cosa,cosa,NOUN,Intonation=weakly_rising
218-0,BO094,218,218,1,su,su,su,ADP,_
218-1,BO094,218,218,2,cui,cui,cui,PRON,_
218-2,BO094,218,218,3,forse,forse,forse,ADV,_
219-0,BO094,219,219,1,vale,vale,valere,VERB,_
219-1,BO094,219,219,2,la,la,il,DET,_
219-2,BO094,219,219,3,pena,pena,pena,NOUN,_
220-0,BO094,220,220,1,e:::h,eh,eh,INTJ,_
221-0,BO094,221,221,1-2,soffermarsi,soffermarsi,_,_,_
221-0a,_,_,221,1,_,soffermar,soffermare,VERB,_
221-0b,_,_,221,2,_,si,si,PRON,_
221-1,BO094,221,221,3,perché,perché,perché,SCONJ,_
221-2,BO094,221,221,4,questo,questo,questo,PRON,_
221-3,BO094,221,221,5,ha,ha,avere,VERB,_
221-4,BO094,221,221,6-7,delle,delle,_,_,_
221-4a,_,_,221,6,_,di,di,ADP,_
221-4b,_,_,221,7,_,le,il,DET,_
221-5,BO094,221,221,8,applicazioni,applicazioni,applicazione,NOUN,_
221-6,BO094,221,221,9,notevoli,notevoli,notevole,ADJ,_
222-0,BO094,222,222,1,anche,anche,anche,ADV,_
222-1,BO094,222,222,2,in,in,in,ADP,_
222-2,BO094,222,222,3,filosofia,filosofia,filosofia,NOUN,_
222-3,BO094,222,222,4-5,del,del,_,_,_
222-3a,_,_,222,4,_,di,di,ADP,_
222-3b,_,_,222,5,_,il,il,DET,_
222-4,BO094,222,222,6,linguaggio,linguaggio,linguaggio,NOUN,_
222-5,BO094,222,222,7,quindi,quindi,quindi,ADV,_
222-6,BO094,222,222,8,chiunque,chiunque,chiunque,PRON,_
222-7,BO094,222,222,9,di,di,di,ADP,_
222-8,BO094,222,222,10,voi,voi,voi,PRON,_
222-9,BO094,222,222,11,faccia,faccia,fare,VERB,_
222-10,BO094,222,222,12,un,un,uno,DET,_
222-11,BO094,222,222,13,corso,corso,corso,NOUN,_
222-12,BO094,222,222,14,in,in,in,ADP,_
222-13,BO094,222,222,15,filosofia,filosofia,filosofia,NOUN,_
222-14,BO094,222,222,16-17,del,del,_,_,_
222-14a,_,_,222,16,_,di,di,ADP,_
222-14b,_,_,222,17,_,il,il,DET,_
222-15,BO094,222,222,18,linguaggio,linguaggio,linguaggio,NOUN,_
223-0,BO094,223,223,1,va,va,andare,VERB,_
223-1,BO094,223,223,2,bene,bene,bene,ADV,_
223-2,BO094,223,223,3,e~,e~,e~,X,Interrupted=Yes
223-3,BO094,223,223,4,sono,sono,essere,AUX,_
223-4,BO094,223,223,5,descrizioni,descrizioni,descrizione,NOUN,_
223-5,BO094,223,223,6,definite,definite,definire,VERB,_
224-0,BO094,224,224,1,e,e,e,CCONJ,_
224-1,BO094,224,224,2,le,le,il,PRON,_
224-2,BO094,224,224,3,abbiamo,abbiamo,avere,AUX,_
224-3,BO094,224,224,4,fatte,fatte,fare,VERB,_
224-4,BO094,224,224,5,non,non,non,ADV,_
224-5,BO094,224,224,6,mi,mi,mi,PRON,_
224-6,BO094,224,224,7,ricordo,ricordo,ricordare,VERB,_
225-0,BO094,225,225,1,però,però,però,ADV,_
225-1,BO094,225,225,2,a,a,a,ADP,_
225-2,BO094,225,225,3,lezione,lezione,lezione,NOUN,_
225-3,BO094,225,225,4,no,no,no,ADV,_
225-4,BO094,225,225,5,e,e,e,CCONJ,_
225-5,BO094,225,225,6,allora,allora,allora,ADV,_
225-6,BO094,225,225,7,conviene,conviene,convenire,VERB,_
225-7,BO094,225,225,8,che,che,che,SCONJ,_
226-0,BO094,226,226,1,dica,dica,dire,VERB,_
226-1,BO094,226,226,2,questa,questa,questo,DET,_
226-2,BO094,226,226,3,cosa,cosa,cosa,NOUN,_
226-3,BO094,226,226,4,ancora,ancora,ancora,ADV,_
226-4,BO094,226,226,5,un,un,uno,DET,_
226-5,BO094,226,226,6,po',po',poco,ADV,_
227-0,BO094,227,227,1,allora,allora,allora,ADV,_
227-1,BO094,227,227,2,il,il,il,DET,_
227-2,BO094,227,227,3,problema,problema,problema,NOUN,_
227-3,BO094,227,227,4,è,è,essere,AUX,_
227-4,BO094,227,227,5-6,dell',dell',_,_,Truncated=Yes
227-4a,_,_,227,5,_,di,di,ADP,_
227-4b,_,_,227,6,_,l',il,DET,_
227-5,BO094,227,227,7,articolo,articolo,articolo,NOUN,_
227-6,BO094,227,227,8,determinativo,determinativo,determinativo,ADJ,_
227-7,BO094,227,227,9,i:l.,il,il,DET,Intonation=falling
228-0,BO094,228,228,1,no?,no,no,ADV,Intonation=rising
229-0,BO094,229,229,1,o,o,o,CCONJ,_
229-1,BO094,229,229,2,lo,lo,il,DET,_
230-0,BO094,230,230,1,l',l',il,DET,Truncated=Yes
230-1,BO094,230,230,2,arti~~,arti~~,_,_,_
230-2,BO094,230,230,3,determinativo,determinativo,determinativo,NOUN,_
230-3,BO094,230,230,4,il,il,il,DET,_
231-0,BO094,231,231,1,e::hm,ehm,ehm,INTJ,_
232-0,BO094,232,232,1,famoso,famoso,famoso,ADJ,_
232-1,BO094,232,232,2,esempio,esempio,esempio,NOUN,_
233-0,BO094,233,233,1,il,il,il,DET,_
233-1,BO094,233,233,2,re,re,re,NOUN,_
233-2,BO094,233,233,3,di,di,di,ADP,_
233-3,BO094,233,233,4,francia,francia,Francia,PROPN,_
234-0,BO094,234,234,1,è,è,essere,AUX,_
234-1,BO094,234,234,2,calvo,calvo,calvo,ADJ,_
235-0,BO094,235,235,1,va,va,andare,VERB,_
235-1,BO094,235,235,2,bene?,bene,bene,ADV,Intonation=rising
236-0,BO094,236,236,1,supponete,supponete,supporre,VERB,_
236-1,BO094,236,236,2,che,che,che,SCONJ,_
236-2,BO094,236,236,3,con,con,con,ADP,_
236-3,BO094,236,236,4,erre,erre,erre,NOUN,_
236-4,BO094,236,236,5,di,di,di,ADP,_
236-5,BO094,236,236,6,ics,ics,ics,NOUN,_
236-6,BO094,236,236,7,indico,indico,indicare,VERB,_
237-0,BO094,237,237,1,erre,erre,erre,NOUN,_
237-1,BO094,237,237,2,re,re,re,NOUN,_
237-2,BO094,237,237,3,di,di,di,ADP,_
237-3,BO094,237,237,4,francia,francia,francia,NOUN,_
237-4,BO094,237,237,5,e,e,e,CCONJ,_
237-5,BO094,237,237,6,con,con,con,ADP,_
237-6,BO094,237,237,7,ci,ci,ci,PRON,_
237-7,BO094,237,237,8,di,di,di,ADP,_
237-8,BO094,237,237,9,ics,ics,ics,NOUN,_
237-9,BO094,237,237,10,indico,indico,indico,ADJ,_
237-10,BO094,237,237,11,che,che,che,PRON,_
237-11,BO094,237,237,12,ics,ics,ics,NOUN,_
237-12,BO094,237,237,13,è,è,essere,AUX,_
237-13,BO094,237,237,14,calvo,calvo,calvo,ADJ,_
238-0,BO094,238,238,1,va,va,andare,VERB,_
238-1,BO094,238,238,2,bene?,bene,bene,ADV,Intonation=rising
239-0,BO094,239,239,1,ecco,ecco,ecco,ADV,_
239-1,BO094,239,239,2,l',l',il,DET,Truncated=Yes
239-2,BO094,239,239,3,articolo,articolo,articolo,NOUN,_
239-3,BO094,239,239,4,determinativo,determinativo,determinativo,ADJ,_
239-4,BO094,239,239,5,i:l,il,il,DET,_
240-0,BO094,240,240,1,che,che,che,SCONJ,_
240-1,BO094,240,240,2,vuol,vuol,volere,AUX,_
240-2,BO094,240,240,3,dire,dire,dire,VERB,_
240-3,BO094,240,240,4,che,che,che,SCONJ,_
241-0,BO094,241,241,1,esiste,esiste,esistere,VERB,_
241-1,BO094,241,241,2,un,un,uno,DET,_
241-2,BO094,241,241,3,re,re,re,NOUN,_
241-3,BO094,241,241,4,di,di,di,ADP,_
241-4,BO094,241,241,5,francia,francia,francia,NOUN,_
241-5,BO094,241,241,6,ed,ed,e,CCONJ,_
241-6,BO094,241,241,7,è,è,essere,AUX,_
241-7,BO094,241,241,8,uno,uno,uno,DET,_
242-0,BO094,242,242,1,quindi,quindi,quindi,ADV,_
242-1,BO094,242,242,2,io,io,io,PRON,_
242-2,BO094,242,242,3,devo,devo,dovere,AUX,_
242-3,BO094,242,242,4,esprimere,esprimere,esprimere,VERB,_
243-0,BO094,243,243,1,esattamente,esattamente,esattamente,ADV,_
243-1,BO094,243,243,2,questa,questa,questo,DET,_
243-2,BO094,243,243,3,cosa,cosa,cosa,NOUN,_
244-0,BO094,244,244,1,quindi,quindi,quindi,ADV,_
244-1,BO094,244,244,2,è,è,essere,AUX,_
244-2,BO094,244,244,3,chiaro,chiaro,chiaro,ADJ,_
244-3,BO094,244,244,4,voi,voi,voi,PRON,_
244-4,BO094,244,244,5,direte,direte,direte,NOUN,_
244-5,BO094,244,244,6,che,che,che,PRON,_
244-6,BO094,244,244,7,ci,ci,ci,PRON,_
244-7,BO094,244,244,8,sono,sono,essere,VERB,_
244-8,BO094,244,244,9,un,un,uno,DET,_
244-9,BO094,244,244,10,momento,momento,momento,NOUN,_
244-10,BO094,244,244,11,ci,ci,ci,PRON,_
244-11,BO094,244,244,12,sono,sono,essere,VERB,_
244-12,BO094,244,244,13,modi,modi,modo,NOUN,_
244-13,BO094,244,244,14,alternativi,alternativi,alternativo,ADJ,_
245-0,BO094,245,245,1,vari,vari,vario,DET,_
245-1,BO094,245,245,2,modi,modi,modo,NOUN,_
245-2,BO094,245,245,3,per,per,per,ADP,_
245-3,BO094,245,245,4,esprimere,esprimere,esprimere,VERB,_
245-4,BO094,245,245,5,le,le,il,DET,_
245-5,BO094,245,245,6,cosiddette,cosiddette,cosiddetto,ADJ,_
245-6,BO094,245,245,7,descrizioni,descrizioni,descrizione,NOUN,_
245-7,BO094,245,245,8,definite.,definite,definire,VERB,Intonation=falling
246-0,BO094,246,246,1,va,va,andare,VERB,_
246-1,BO094,246,246,2,bene?,bene,bene,ADV,Intonation=rising
247-0,BO094,247,247,1,perché,perché,perché,SCONJ,_
247-1,BO094,247,247,2,quando,quando,quando,SCONJ,_
247-2,BO094,247,247,3,io,io,io,PRON,_
247-3,BO094,247,247,4,dico,dico,dire,VERB,_
247-4,BO094,247,247,5,i:l,il,il,DET,_
247-5,BO094,247,247,6,re,re,re,NOUN,_
247-6,BO094,247,247,7,di,di,di,ADP,_
247-7,BO094,247,247,8,francia,francia,Francia,PROPN,_
247-8,BO094,247,247,9,è,è,essere,AUX,_
247-9,BO094,247,247,10,chiaro,chiaro,chiaro,ADJ,_
247-10,BO094,247,247,11,che,che,che,SCONJ,_
247-11,BO094,247,247,12,questo,questo,questo,PRON,_
247-12,BO094,247,247,13,è,è,essere,AUX,_
248-0,BO094,248,248,1,un,un,uno,DET,_
248-1,BO094,248,248,2,mo:do,modo,modo,NOUN,_
249-0,BO094,249,249,1,compresso,compresso,comprettere,VERB,_
250-0,BO094,250,250,1,va,va,andare,VERB,_
250-1,BO094,250,250,2,bene?,bene,bene,ADV,Intonation=rising
251-0,BO094,251,251,1,per,per,per,ADP,_
251-1,BO094,251,251,2,indicare,indicare,indicare,VERB,_
251-2,BO094,251,251,3,un,un,uno,DET,_
251-3,BO094,251,251,4,individuo.,individuo,individuo,NOUN,Intonation=falling
252-0,BO094,252,252,1,quindi,quindi,quindi,ADV,_
252-1,BO094,252,252,2,un,un,uno,DET,_
252-2,BO094,252,252,3,individuo,individuo,individuo,NOUN,_
252-3,BO094,252,252,4,lo,lo,il,PRON,_
252-4,BO094,252,252,5,posso,posso,potere,AUX,_
252-5,BO094,252,252,6,indicare,indicare,indicare,VERB,_
252-6,BO094,252,252,7,sia,sia,sia,CCONJ,_
252-7,BO094,252,252,8-9,col,col,_,_,_
252-7a,_,_,252,8,_,con,con,ADP,_
252-7b,_,_,252,9,_,il,il,DET,_
252-8,BO094,252,252,10,proprio,proprio,proprio,DET,_
252-9,BO094,252,252,11,nome,nome,nome,NOUN,_
252-10,BO094,252,252,12,no?,no,no,ADV,Intonation=rising
253-0,BO094,253,253,1,che,che,che,PRON,_
253-1,BO094,253,253,2,è,è,essere,AUX,_
253-2,BO094,253,253,3,quello,quello,quello,PRON,_
253-3,BO094,253,253,4,che,che,che,PRON,_
253-4,BO094,253,253,5,abbiamo,abbiamo,avere,AUX,_
253-5,BO094,253,253,6,fatto,fatto,fare,VERB,
253-6,BO094,253,253,7,finora,finora,finora,ADV,_
253-7,BO094,253,253,8,nela,nela,nela,ADJ,_
253-8,BO094,253,253,9,nostro,nostro,nostro,DET,_
253-9,BO094,253,253,10,linguaggio,linguaggio,linguaggio,NOUN,_
253-10,BO094,253,253,11,costanti,costanti,costante,ADJ,_
253-11,BO094,253,253,12,individuali.,individuali,individuale,ADJ,Intonation=falling
254-0,BO094,254,254,1,presento,presento,presentare,VEBR,_
254-1,BO094,254,254,2-3,coi,coi,_,_,_
254-1a,_,_,254,2,_,con,con,ADP,_
254-1b,_,_,254,3,_,i,il,DET,_
254-2,BO094,254,254,4,nomi,nomi,nome,NOUN,_
254-3,BO094,254,254,5,"carlo,",carlo,Carlo,PROPN,Intonation=weakly_rising
254-4,BO094,254,254,6,beppe,beppe,Beppe,PROPN,_
254-5,BO094,254,254,7,eccetera,eccetera,eccetera,ADV,_
255-0,BO094,255,255,1,però,però,però,ADV,_
255-1,BO094,255,255,2,può,può,potere,AUX,_
255-2,BO094,255,255,3-4,darsi,darsi,_,_,_
255-2a,_,_,255,3,_,dar,dare,VERB,_
255-2b,_,_,255,4,_,si,si,PRON,_
255-3,BO094,255,255,5,che,che,che,SCONJ,_
255-4,BO094,255,255,6,io,io,io,PRON,_
255-5,BO094,255,255,7,non,non,non,ADV,_
255-6,BO094,255,255,8,conosca,conosca,conoscere,VERB,_
255-7,BO094,255,255,9,il,il,il,DET,_
255-8,BO094,255,255,10,nome,nome,nome,NOUN,_
255-9,BO094,255,255,11,di,di,di,ADP,_
255-10,BO094,255,255,12,questo,questo,questo,DET,_
255-11,BO094,255,255,13,signore,signore,signore,NOUN,_
255-12,BO094,255,255,14,come,come,come,ADP,_
255-13,BO094,255,255,15,si,si,si,PRON,_
255-14,BO094,255,255,16,sicuramente,sicuramente,sicuramente,ADV,_
255-15,BO094,255,255,17,è,è,essere,AUX,_
255-16,BO094,255,255,18,però,però,però,ADV,_
255-17,BO094,255,255,19,posso,posso,potere,AUX,_
255-18,BO094,255,255,20,dire,dire,dire,VERB,_
255-19,BO094,255,255,21,lo,lo,il,DET,_
255-20,BO094,255,255,22,studente,studente,studente,NOUN,_
255-21,BO094,255,255,23,seduto,seduto,sedere,VERB,_
255-22,BO094,255,255,24,in,in,in,ADP,_
255-23,BO094,255,255,25,prima,prima,primo,ADJ,_
255-24,BO094,255,255,26,fila,fila,fila,NOUN,_
256-0,BO094,256,256,1,però,però,però,ADV,_
256-1,BO094,256,256,2,se,se,se,SCONJ,_
256-2,BO094,256,256,3,sono,sono,essere,AUX,_
256-3,BO094,256,256,4,più,più,più,ADV,_
256-4,BO094,256,256,5,d',d',di,ADP,SpaceAfter=No
256-5,BO094,256,256,6,uno,uno,uno,PRON,_
256-6,BO094,256,256,7-8,nella,nella,_,_,_
256-6a,_,_,256,7,_,in,in,ADP,_
256-6b,_,_,256,8,_,la,il,DET,_
256-7,BO094,256,256,9,fila,fila,fila,NOUN,_
256-8,BO094,256,256,10,di,di,di,ADP,_
256-9,BO094,256,256,11,mezzo,mezzo,mezzo,NOUN,_
256-10,BO094,256,256,12,a,a,a,ADP,_
256-11,BO094,256,256,13,sinistra,sinistra,sinistra,NOUN,_
256-12,BO094,256,256,14,vabbè,vabbè,vabbè,INTJ,_
256-13,BO094,256,256,15,insomma,insomma,insomma,ADV,_
256-14,BO094,256,256,16,fa,fa,fare,VERB,_
256-15,BO094,256,256,17,lo,lo,il,DET,_
256-16,BO094,256,256,18,specifico,specifico,specifico,ADJ,_
256-17,BO094,256,256,19,bene,bene,bene,NOUN,_
257-0,BO094,257,257,1,in,in,in,ADP,_
257-1,BO094,257,257,2,modo,modo,modo,NOUN,_
257-2,BO094,257,257,3,tale,tale,tale,DET,_
257-3,BO094,257,257,4,che,che,che,SCONJ,_
257-4,BO094,257,257,5,la,la,il,DET,_
257-5,BO094,257,257,6,mia,mia,mio,DET,_
257-6,BO094,257,257,7,descrizione,descrizione,descrizione,NOUN,_
257-7,BO094,257,257,8,isoli,isoli,isolare,VERB,_
257-8,BO094,257,257,9,solo,solo,solo,ADV,_
257-9,BO094,257,257,10,lui,lui,lui,PRON,_
258-0,BO094,258,258,1,va,va,andare,VERB,_
258-1,BO094,258,258,2,bene,bene,bene,ADV,_
258-2,BO094,258,258,3,lo,lo,il,DET,_
258-3,BO094,258,258,4,studente,studente,studente,NOUN,_
258-4,BO094,258,258,5,in,in,in,ADP,_
258-5,BO094,258,258,6,prima,prima,primo,ADJ,_
258-6,BO094,258,258,7,fila,fila,fila,NOUN,_
258-7,BO094,258,258,8,con,con,con,ADP,_
258-8,BO094,258,258,9,la,la,il,DET,_
258-9,BO094,258,258,10,giacca,giacca,giacca,NOUN,_
258-10,BO094,258,258,11,blu,blu,blu,ADJ,_
258-11,BO094,258,258,12,l',l',lo,PRON,Truncated=Yes
258-12,BO094,258,258,13,ho,ho,avere,AUX,_
258-13,BO094,258,258,14,trovato,trovato,trovare,VERB,_
258-14,BO094,258,258,15,ecco,ecco,ecco,ADV,_
259-0,BO094,259,259,1,quindi,quindi,quindi,ADV,_
260-0,BO094,260,260,1,lo,lo,il,DET,_
260-1,BO094,260,260,2,studente,studente,studente,NOUN,_
260-2,BO094,260,260,3,in,in,in,ADP,_
260-3,BO094,260,260,4,prima,prima,primo,ADJ,_
260-4,BO094,260,260,5,fila,fila,fila,NOUN,_
260-5,BO094,260,260,6,con,con,con,ADP,_
260-6,BO094,260,260,7,la,la,il,DET,_
260-7,BO094,260,260,8,giacca,giacca,giacca,NOUN,_
260-8,BO094,260,260,9,blu,blu,blu,ADJ,_
260-9,BO094,260,260,10,è,è,essere,AUX,_
260-10,BO094,260,260,11,una,una,uno,DET,_
260-11,BO094,260,260,12,descrizione,descrizione,descrizione,NOUN,_
260-12,BO094,260,260,13,xx,x,x,X,_
260-13,BO094,260,260,14,è,è,essere,AUX,_
260-14,BO094,260,260,15,uno,uno,uno,DET,_
260-15,BO094,260,260,16,modo,modo,modo,NOUN,_
260-16,BO094,260,260,17,per,per,per,ADP,_
260-17,BO094,260,260,18,indicare,indicare,indicare,VERB,_
260-18,BO094,260,260,19,un,un,uno,DET,_
260-19,BO094,260,260,20,individuo,individuo,individuo,NOUN,_
261-0,BO094,261,261,1,va,va,andare,VERB,_
261-1,BO094,261,261,2,bene?,bene,bene,ADV,Intonation=rising
262-0,BO094,262,262,1,lo,lo,il,DET,_
262-1,BO094,262,262,2,studente,studente,studente,NOUN,_
262-2,BO094,262,262,3,in,in,in,ADP,_
262-3,BO094,262,262,4,prima,prima,primo,ADJ,_
262-4,BO094,262,262,5,fila,fila,fila,NOUN,_
262-5,BO094,262,262,6,con,con,con,ADP,_
262-6,BO094,262,262,7,la,la,il,DET,_
262-7,BO094,262,262,8,giacca,giacca,giacca,NOUN,_
262-8,BO094,262,262,9,blu,blu,blu,ADJ,_
262-9,BO094,262,262,10,e::h,eh,eh,INTJ,_
262-10,BO094,262,262,11,ha,ha,avere,AUX,_
262-11,BO094,262,262,12,fatto,fatto,fare,VERB,_
262-12,BO094,262,262,13,tutti,tutti,tutto,DET,_
262-13,BO094,262,262,14,gli,gli,il,DET,_
262-14,BO094,262,262,15,esercizi,esercizi,esercizio,NOUN,_
263-0,BO094,263,263,1,d',d',di,ADP,SpaceAfter=No
263-1,BO094,263,263,2,accordo,accordo,accordo,NOUN,_
263-2,BO094,263,263,3,ecco,ecco,ecco,ADV,_
263-3,BO094,263,263,4,allora,allora,allora,ADV,_
263-4,BO094,263,263,5,un,un,uno,DET,_
263-5,BO094,263,263,6,modo,modo,modo,NOUN,_
263-6,BO094,263,263,7,per,per,per,ADP,_
263-7,BO094,263,263,8,risolvere,risolvere,risolvere,VERB,_
263-8,BO094,263,263,9,le,le,il,DET,_
263-9,BO094,263,263,10,descrizioni,descrizioni,descrizione,NOUN,_
263-10,BO094,263,263,11,"definite,",definite,definire,VERB,Intonation=weakly_rising
264-0,BO094,264,264,1,è,è,essere,AUX,_
264-1,BO094,264,264,2,diciamo,diciamo,dire,VERB,_
264-2,BO094,264,264,3,così,così,così,ADV,_
264-3,BO094,264,264,4-5,all',all',_,_,Truncated=Yes
264-3a,_,_,264,4,_,a,a,ADP,_
264-3b,_,_,264,5,_,l',il,DET,_
264-4,BO094,264,264,6,interno,interno,interno,NOUN,_
264-5,BO094,264,264,7-8,del,del,_,_,_
264-5a,_,_,264,7,_,di,di,ADP,_
264-5b,_,_,264,8,_,il,il,DET,_
264-6,BO094,264,264,9,contesto,contesto,contesto,NOUN,_
265-0,BO094,265,265,1,e::h,eh,eh,INTJ,_
265-1,BO094,265,265,2,diciamo,diciamo,dire,VERB,_
265-2,BO094,265,265,3,e:h,eh,eh,INTJ,_
265-3,BO094,265,265,4,>diciamo<,diciamo,dire,VERB,_
265-4,BO094,265,265,5,ora,ora,ora,ADV,_
265-5,BO094,265,265,6,teniamo,teniamo,tenere,VERB,_
265-6,BO094,265,265,7,qui,qui,qui,ADV,_
265-7,BO094,265,265,8,presente,presente,presente,ADJ,_
265-8,BO094,265,265,9,la,la,il,DET,_
265-9,BO094,265,265,10,cosiddetta,cosiddetta,cosiddetto,ADJ,_
265-10,BO094,265,265,11,soluzione,soluzione,soluzione,NOUN,_
265-11,BO094,265,265,12,rassegnata.,rassegnata,rassegnato,ADJ,Intonation=falling
266-0,BO094,266,266,1,che,che,che,PRON,_
266-1,BO094,266,266,2,dice,dice,dire,VERB,_
266-2,BO094,266,266,3,questo,questo,questo,DET,_
267-0,BO094,267,267,1,che,che,che,SCONJ,_
267-1,BO094,267,267,2,io,io,io,PRON,_
267-2,BO094,267,267,3,devo,devo,dovere,AUX,_
267-3,BO094,267,267,4,questo,questo,questo,DET,_
267-4,BO094,267,267,5,e::h,eh,eh,INTJ,_
267-5,BO094,267,267,6,questo,questo,questo,PRON,_
267-6,BO094,267,267,7,è,è,essere,AUX,_
268-0,BO094,268,268,1,xxxx,x,x,X,_
268-1,BO094,268,268,2,questo,questo,questo,PRON,_
268-2,BO094,268,268,3,qui,qui,qui,ADV,_
268-3,BO094,268,268,4,è,è,essere,AUX,_
268-4,BO094,268,268,5,un,un,uno,DET,_
268-5,BO094,268,268,6,terno,terno,terno,NOUN,_
268-6,BO094,268,268,7,va,va,andare,VERB,_
268-7,BO094,268,268,8,bene?,bene,bene,ADV,Intonation=rising
269-0,BO094,269,269,1,allora,allora,allora,ADV,_
270-0,BO094,270,270,1,questa,questa,questo,PRON,_
271-0,BO094,271,271,1,eh,eh,eh,INTJ,_
271-1,BO094,271,271,2,la,la,il,DET,_
271-2,BO094,271,271,3,struttura,struttura,struttura,NOUN,_
271-3,BO094,271,271,4,di,di,di,ADP,_
271-4,BO094,271,271,5,questo,questo,questo,DET,_
271-5,BO094,271,271,6,enunciato,enunciato,enunciato,NOUN,_
272-0,BO094,272,272,1,è,è,essere,AUX,_
272-1,BO094,272,272,2,una,una,uno,DET,_
272-2,BO094,272,272,3,struttura,struttura,struttura,NOUN,_
272-3,BO094,272,272,4-5,del,del,_,_,_
272-3a,_,_,272,4,_,di,di,ADP,_
272-3b,_,_,272,5,_,il,il,DET,_
272-4,BO094,272,272,6,tipo,tipo,tipo,NOUN,_
273-0,BO094,273,273,1,soggetto,soggetto,soggetto,NOUN,_
273-1,BO094,273,273,2,copula,copula,copula,NOUN,_
273-2,BO094,273,273,3,predicato,predicato,predicato,NOUN,_
274-0,BO094,274,274,1,no?,no,no,ADV,Intonation=rising
275-0,BO094,275,275,1,il,il,il,DET,_
275-1,BO094,275,275,2,re,re,re,NOUN,_
275-2,BO094,275,275,3,di,di,di,ADP,_
275-3,BO094,275,275,4,francia,francia,Francia,PROPN,_
275-4,BO094,275,275,5,(è,è,essere,AUX,_
275-5,BO094,275,275,6,un),un,uno,DET,_
275-6,BO094,275,275,7,"soggetto,",soggetto,soggetto,NOUN,Intonation=weakly_rising
275-7,BO094,275,275,8,è,è,essere,AUX,_
275-8,BO094,275,275,9,calvo,calvo,calvo,ADJ,_
276-0,BO094,276,276,1,però,però,però,ADV,_
276-1,BO094,276,276,2,m:h,mh,mh,INTJ,ProsodicLink=Yes
276-2,BO094,276,276,3,e::h,eh,eh,INTJ,_
277-0,BO094,277,277,1,xxx,x,X,X,_
278-0,BO094,278,278,1,e,e,e,CCONJ,_
278-1,BO094,278,278,2,potrei,potrei,potere,AUX,_
278-2,BO094,278,278,3-4,analizzarla,analizzarla,_,_,_
278-2a,_,_,278,3,_,analizzar,analizzare,VERB,_
278-2b,_,_,278,4,_,la,la,PRON,_
278-3,BO094,278,278,5,va,va,andare,VERB,_
278-4,BO094,278,278,6,bene?,bene,bene,ADV,Intonation=rising
279-0,BO094,279,279,1,in,in,in,ADP,_
279-1,BO094,279,279,2,questo,questo,questo,DET,_
279-2,BO094,279,279,3,"modo,",modo,modo,NOUN,Intonation=weakly_rising
280-0,BO094,280,280,1,però,però,però,ADV,_
280-1,BO094,280,280,2,ho,ho,avere,VERB,_
280-2,BO094,280,280,3,bisogno,bisogno,bisogno,NOUN,_
280-3,BO094,280,280,4,di:,di,di,ADP,_
280-4,BO094,280,280,5,introdurre,introdurre,introdurre,VERB,_
281-0,BO094,281,281,1-2,dei,dei,_,_,_
281-0a,_,_,281,1,_,di,di,ADP,_
281-0b,_,_,281,2,_,i,il,DET,_
281-1,BO094,281,281,3,termini,termini,termine,NOUN,_
281-2,BO094,281,281,4,molto,molto,molto,ADV,_
281-3,BO094,281,281,5,complessi,complessi,complesso,ADJ,_
281-4,BO094,281,281,6,va,va,andare,VERB,_
281-5,BO094,281,281,7,bene,bene,bene,ADV,_
281-6,BO094,281,281,8-9,dei,dei,_,_,_
281-6a,_,_,281,8,_,di,di,ADP,_
281-6b,_,_,281,9,_,i,il,DET,_
281-7,BO094,281,281,10,termini,termini,termine,NOUN,_
281-8,BO094,281,281,11,iota,iota,iota,NOUN,_
282-0,BO094,282,282,1,poi,poi,poi,ADV,_
282-1,BO094,282,282,2,invece,invece,invece,ADV,_
282-2,BO094,282,282,3,seguiremo,seguiremo,seguire,VERB,_
283-0,BO094,283,283,1,la,la,il,DET,_
283-1,BO094,283,283,2,soluzione,soluzione,soluzione,NOUN,_
283-2,BO094,283,283,3,russelliana,russelliana,russelliana,ADJ,_
283-3,BO094,283,283,4,il,il,il,DET,_
283-4,BO094,283,283,5,qualche,qualche,qualche,DET,_
283-5,BO094,283,283,6,ci,ci,ci,PRON,_
283-6,BO094,283,283,7,dice,dice,dire,VERB,_
283-7,BO094,283,283,8,bene,bene,bene,ADV,_
284-0,BO094,284,284,1,il,il,il,DET,_
284-1,BO094,284,284,2,re,re,re,NOUN,_
284-2,BO094,284,284,3,di,di,di,ADP,_
284-3,BO094,284,284,4,francia,francia,Francia,PROPN,_
284-4,BO094,284,284,5,è,è,essere,AUX,_
284-5,BO094,284,284,6,calvo,calvo,calvo,ADJ,_
284-6,BO094,284,284,7,noi,noi,noi,PRON,_
284-7,BO094,284,284,8,lo,lo,lo,PRON,_
284-8,BO094,284,284,9,risolviamo,risolviamo,risolvere,VERB,_
285-0,BO094,285,285,1-2,nel,nel,_,_,_
285-0a,_,_,285,1,_,in,in,ADP,_
285-0b,_,_,285,2,_,il,il,DET,_
285-1,BO094,285,285,3,nostro,nostro,nostro,DET,_
285-2,BO094,285,285,4,linguaggio,linguaggio,linguaggio,NOUN,_
285-3,BO094,285,285,5-6,dei,dei,_,_,_
285-3a,_,_,285,5,_,di,di,ADP,_
285-3b,_,_,285,6,_,i,il,DET,_
285-4,BO094,285,285,7,più,più,più,ADV,_
285-5,BO094,285,285,8,mondi,mondi,mondo,ADJ,_
285-6,BO094,285,285,9,in,in,in,ADP,_
285-7,BO094,285,285,10,questo,questo,questo,DET,_
285-8,BO094,285,285,11,modo,modo,modo,NOUN,_
286-0,BO094,286,286,1,esiste,esiste,esistere,VERB,_
286-1,BO094,286,286,2,un,un,uno,DET,_
286-2,BO094,286,286,3,ics,ics,ics,NOUN,_
287-0,BO094,287,287,1,il,il,il,DET,_
287-1,BO094,287,287,2,quale,quale,quale,PRON,_
287-2,BO094,287,287,3,è,è,essere,AUX,_
287-3,BO094,287,287,4,re,re,re,NOUN,_
287-4,BO094,287,287,5,di,di,di,ADP,_
287-5,BO094,287,287,6,francia,francia,Francia,PROPN,_
288-0,BO094,288,288,1,ed,ed,e,CCONJ,_
288-1,BO094,288,288,2,è,è,essere,AUX,_
288-2,BO094,288,288,3,l',l',il,DET,Truncated=Yes
288-3,BO094,288,288,4,unico,unico,unico,ADJ,_
288-4,BO094,288,288,5,ad,ad,ad,NOUN,_
288-5,BO094,288,288,6,essere,essere,essere,AUX,_
288-6,BO094,288,288,7,re,re,re,NOUN,_
288-7,BO094,288,288,8,di,di,di,ADP,_
288-8,BO094,288,288,9,francia,francia,Francia,PROPN,_
289-0,BO094,289,289,1,e,e,e,CCONJ,_
289-1,BO094,289,289,2,però,però,però,ADV,_
289-2,BO094,289,289,3,ogni,ogni,ogni,DET,_
289-3,BO094,289,289,4,zeta,zeta,zeta,NOUN,_
290-0,BO094,290,290,1,se,se,se,SCONJ,_
290-1,BO094,290,290,2,zeta,zeta,zeta,NOUN,_
290-2,BO094,290,290,3,è,è,essere,AUX,_
290-3,BO094,290,290,4,re,re,re,NOUN,_
290-4,BO094,290,290,5,di,di,di,ADP,_
290-5,BO094,290,290,6,francia,francia,Francia,PROPN,_
290-6,BO094,290,290,7,allora,allora,allora,ADV,_
290-7,BO094,290,290,8,ics,ics,ics,NOUN,_
290-8,BO094,290,290,9,uguale,uguale,uguale,ADJ,_
290-9,BO094,290,290,10,zeta,zeta,zeta,NOUN,_
291-0,BO094,291,291,1,quindi,quindi,quindi,ADV,_
291-1,BO094,291,291,2,fino,fino,fino,ADV,_
291-2,BO094,291,291,3,a,a,a,ADP,_
291-3,BO094,291,291,4,qui,qui,qui,ADV,_
291-4,BO094,291,291,5,io,io,io,PRON,_
291-5,BO094,291,291,6,ho,ho,avere,AUX,_
291-6,BO094,291,291,7,detto,detto,dire,VERB,_
291-7,BO094,291,291,8,c',c',ci,PRON,Truncated=Yes
291-8,BO094,291,291,9,è,è,essere,VERB,_
291-9,BO094,291,291,10,un,un,uno,DET,_
291-10,BO094,291,291,11,ics,ics,ics,NOUN,_
292-0,BO094,292,292,1,che,che,che,PRON,_
292-1,BO094,292,292,2,è,è,essere,AUX,_
292-2,BO094,292,292,3,l',l',il,DET,Truncated=Yes
292-3,BO094,292,292,4,unico,unico,unico,ADJ,_
292-4,BO094,292,292,5,re,re,re,NOUN,_
292-5,BO094,292,292,6,di,di,di,ADP,_
292-6,BO094,292,292,7,francia,francia,Francia,PROPN,_
293-0,BO094,293,293,1,e,e,e,CCONJ,_
293-1,BO094,293,293,2,lui,lui,lui,PRON,_
293-2,BO094,293,293,3,è,è,essere,AUX,_
293-3,BO094,293,293,4,re,re,re,NOUN,_
293-4,BO094,293,293,5,di,di,di,ADP,_
293-5,BO094,293,293,6,francia,francia,Francia,PROPN,_
293-6,BO094,293,293,7,e,e,e,CCONJ,_
293-7,BO094,293,293,8,tutti,tutti,tutto,DET,_
293-8,BO094,293,293,9,i,i,il,DET,_
293-9,BO094,293,293,10,re,re,re,NOUN,_
293-10,BO094,293,293,11,di,di,di,ADP,_
293-11,BO094,293,293,12,francia,francia,Francia,PROPN,_
293-12,BO094,293,293,13,sono,sono,essere,AUX,_
293-13,BO094,293,293,14,uguali,uguali,uguale,ADJ,_
293-14,BO094,293,293,15,a,a,a,ADP,_
293-15,BO094,293,293,16,lui,lui,lui,PRON,_
294-0,BO094,294,294,1,xxxxx,x,X,X,_
295-0,BO094,295,295,1,ecco,ecco,ecco,ADV,_
296-0,BO094,296,296,1,e::h,eh,eh,INTJ,_
296-1,BO094,296,296,2,tenete,tenete,tenere,VERB,_
296-2,BO094,296,296,3,presente,presente,presente,ADJ,_
296-3,BO094,296,296,4,di,di,di,ADP,_
296-4,BO094,296,296,5,una,una,uno,DET,_
296-5,BO094,296,296,6,cosa,cosa,cosa,NOUN,_
296-6,BO094,296,296,7,che,che,che,PRON,_
297-0,BO094,297,297,1,questa,questa,questo,DET,_
297-1,BO094,297,297,2,soluzione,soluzione,soluzione,NOUN,_
297-2,BO094,297,297,3-4,alla,alla,_,_,_
297-2a,_,_,297,3,_,a,a,ADP,_
297-2b,_,_,297,4,_,la,il,DET,_
297-3,BO094,297,297,5,russell,russell,Russel,RROPN,_
298-0,BO094,298,298,1,di,di,di,ADP,_
298-1,BO094,298,298,2,trattare,trattare,trattare,VERB,_
298-2,BO094,298,298,3,descrizioni,descrizioni,descrizione,NOUN,_
298-3,BO094,298,298,4,definite,definite,definire,VERB,_
298-4,BO094,298,298,5,cosa,cosa,cosa,PRON,_
298-5,BO094,298,298,6,fa?,fa,fare,VERB,Intonation=rising
299-0,BO094,299,299,1,in,in,in,ADP,_
299-1,BO094,299,299,2,qualche,qualche,qualche,DET,_
299-2,BO094,299,299,3,modo,modo,modo,NOUN,_
299-3,BO094,299,299,4,spezza,spezza,spezzare,VERB,_
299-4,BO094,299,299,5,cioè,cioè,cioè,ADV,_
300-0,BO094,300,300,1-2,nel,nel,_,_,_
300-0a,_,_,300,1,_,in,in,ADP,_
300-0b,_,_,300,2,_,il,il,DET,_
300-1,BO094,300,300,3,linguaggio,linguaggio,linguaggio,NOUN,_
300-2,BO094,300,300,4,naturale,naturale,naturale,ADJ,_
300-3,BO094,300,300,5,se,se,se,SCONJ,_
300-4,BO094,300,300,6,mi,mi,mi,PRON,_
300-5,BO094,300,300,7,dicono,dicono,dire,VERB,
300-6,BO094,300,300,8,il,il,il,DET,_
300-7,BO094,300,300,9,re,re,re,NOUN,_
300-8,BO094,300,300,10,di,di,di,ADP,_
300-9,BO094,300,300,11,francia,francia,Francia,PROPN,_
300-10,BO094,300,300,12,è,è,essere,AUX,_
300-11,BO094,300,300,13,"calvo,",calvo,calvo,ADJ,Intonation=weakly_rising
301-0,BO094,301,301,1,in,in,in,ADP,_
301-1,BO094,301,301,2,realtà,realtà,realtà,NOUN,_
301-2,BO094,301,301,3,io,io,io,PRON,_
301-3,BO094,301,301,4,ho,ho,avere,VERB,_
301-4,BO094,301,301,5,un,un,uno,DET,_
301-5,BO094,301,301,6,nome,nome,nome,NOUN,_
301-6,BO094,301,301,7,complesso,complesso,complesso,ADJ,_
301-7,BO094,301,301,8,che,che,che,PRON,_
301-8,BO094,301,301,9,poi,poi,poi,ADV,_
301-9,BO094,301,301,10,(un,un,uno,DET,_
301-10,BO094,301,301,11,predicato),predicato,predicato,NOUN,_
302-0,BO094,302,302,1,va,va,andare,VERB,_
302-1,BO094,302,302,2,bene?,bene,bene,ADV,Intonation=rising
303-0,BO094,303,303,1,predico,predico,predire,VERB,_
303-1,BO094,303,303,2,l',l',il,DET,Truncated=Yes
303-2,BO094,303,303,3,essere,essere,essere,AUX,_
303-3,BO094,303,303,4,calvo,calvo,calvo,ADJ,_
303-4,BO094,303,303,5,di,di,di,ADP,_
303-5,BO094,303,303,6,un,un,uno,DET,_
303-6,BO094,303,303,7,certo,certo,certo,ADJ,_
303-7,BO094,303,303,8,individuo,individuo,individuo,NOUN,_
303-8,BO094,303,303,9,che,che,che,PRON,_
303-9,BO094,303,303,10,descrivo,descrivo,descrivere,VERB,_
303-10,BO094,303,303,11,mediante,mediante,mediante,ADP,_
304-0,BO094,304,304,1,la,la,il,DET,_
304-1,BO094,304,304,2,costruzione,costruzione,costruzione,NOUN,_
304-2,BO094,304,304,3,linguistica,linguistica,linguistico,ADJ,_
304-3,BO094,304,304,4,più,più,più,ADV,_
304-4,BO094,304,304,5,compelssa,compelssa,compelsso,ADJ,_
305-0,BO094,305,305,1,eh,eh,eh,INTJ,_
305-1,BO094,305,305,2,descrizione,descrizione,descrizione,NOUN,_
305-2,BO094,305,305,3,linguistica,linguistica,linguistico,ADJ,_
305-3,BO094,305,305,4,complessa,complessa,complesso,ADJ,_
305-4,BO094,305,305,5,che,che,che,PRON,_
305-5,BO094,305,305,6,io,io,io,PRON,_
305-6,BO094,305,305,7,pe:rdo,perdo,perdare,VERB,_
305-7,BO094,305,305,8,completamente,completamente,completo,ADV,_
306-0,BO094,306,306,1,in,in,in,ADP,_
306-1,BO094,306,306,2,quest',quest',questo,DET,Truncated=Yes
306-2,BO094,306,306,3,analisi,analisi,analisi,NOUN,_
307-0,BO094,307,307,1,va,va,andare,VERB,_
307-1,BO094,307,307,2,bene?,bene,bene,ADV,Intonation=rising
307-2,BO094,307,307,3,perdo,perdo,perdere,VERB,_
307-3,BO094,307,307,4,completamente,completamente,completo,ADV,_
308-0,BO094,308,308,1,però,però,però,ADV,_
308-1,BO094,308,308,2,che,che,che,DET,_
308-2,BO094,308,308,3,vantaggio,vantaggio,vantaggio,NOUN,_
308-3,BO094,308,308,4,ha,ha,avere,VERB,_
308-4,BO094,308,308,5,quest',quest',questo,DET,Truncated=Yes
308-5,BO094,308,308,6,analisi,analisi,analisi,NOUN,_
308-6,BO094,308,308,7,qui,qui,qui,ADV,_
309-0,BO094,309,309,1,che,che,che,SCONJ,_
310-0,BO094,310,310,1,si,si,si,PRON,_
310-1,BO094,310,310,2,esegue,esegue,eseguire,VERB,_
310-2,BO094,310,310,3,in,in,in,ADP,_
310-3,BO094,310,310,4,un,un,uno,DET,_
310-4,BO094,310,310,5,linguaggio,linguaggio,linguaggio,NOUN,_
310-5,BO094,310,310,6,di,di,di,ADP,_
310-6,BO094,310,310,7,cui,cui,cui,PRON,_
310-7,BO094,310,310,8,xx,x,x,X,_
310-8,BO094,310,310,9,identità,identità,identità,NOUN,_
311-0,BO094,311,311,1,quindi,quindi,quindi,ADV,_
311-1,BO094,311,311,2,non,non,non,ADV,_
311-2,BO094,311,311,3,abbiamo,abbiamo,avere,VERB,_
311-3,BO094,311,311,4,bisogno,bisogno,bisogno,NOUN,_
311-4,BO094,311,311,5,di,di,di,ADP,_
312-0,BO094,312,312,1,arricchire,arricchire,arricchire,VERB,_
313-0,BO094,313,313,1,il,il,il,DET,_
313-1,BO094,313,313,2,nostro,nostro,nostro,DET,_
313-2,BO094,313,313,3,linguaggio,linguaggio,linguaggio,NOUN,_
313-3,BO094,313,313,4,con,con,con,ADP,_
313-4,BO094,313,313,5,particolari,particolari,particolare,ADJ,_
313-5,BO094,313,313,6,operatori,operatori,operatore,NOUN,_
314-0,BO094,314,314,1,i,i,il,DET,_
314-1,BO094,314,314,2,quali,quali,quale,PRON,_
314-2,BO094,314,314,3,applicati,applicati,applicare,VERB,_
314-3,BO094,314,314,4,a,a,a,ADP,_
314-4,BO094,314,314,5,un,un,uno,DET,_
314-5,BO094,314,314,6,predicato,predicato,predicato,NOUN,_
314-6,BO094,314,314,7,vi,vi,vi,PRON,_
314-7,BO094,314,314,8,generano,generano,generare,VERB,_
314-8,BO094,314,314,9,l',l',il,DET,Truncated=Yes
314-9,BO094,314,314,10,unico,unico,unico,ADJ,_
314-10,BO094,314,314,11,individuo,individuo,individuo,NOUN,_
314-11,BO094,314,314,12,che,che,che,PRON,_
314-12,BO094,314,314,13,gode,gode,godere,VERB,_
314-13,BO094,314,314,14,di,di,di,ADP,_
314-14,BO094,314,314,15,quel,quel,quello,DET,_
314-15,BO094,314,314,16,predicato,predicato,predicato,NOUN,_
315-0,BO094,315,315,1,ovviamente,ovviamente,ovviamente,ADV,_
315-1,BO094,315,315,2,certo,certo,certo,ADV,_
315-2,BO094,315,315,3,se,se,se,SCONJ,_
315-3,BO094,315,315,4,io,io,io,PRON,_
315-4,BO094,315,315,5,ho,ho,avere,AUX,_
315-5,BO094,315,315,6,predicato,predicato,predicare,VERB,_
315-6,BO094,315,315,7,erre,erre,erre,NOUN,_
315-7,BO094,315,315,8,di,di,di,ADP,_
315-8,BO094,315,315,9,ics,ics,ics,NOUN,_
315-9,BO094,315,315,10,io,io,io,PRON,_
315-10,BO094,315,315,11,potrei,potrei,potere,AUX,_
316-0,BO094,316,316,1,oltre,oltre,oltre,ADV,_
316-1,BO094,316,316,2-3,ai,ai,_,_,_
316-1a,_,_,316,2,_,a,a,ADP,_
316-1b,_,_,316,3,_,i,il,DET,_
316-2,BO094,316,316,4,miei,miei,mio,DET,_
316-3,BO094,316,316,5,quantificatori,quantificatori,quantificatore,NOUN,_
317-0,BO094,317,317,1,i:~,i~,i~,X,Interrupted=Yes
317-1,BO094,317,317,2,aggiungere,aggiungere,aggiungere,VERB,_
317-2,BO094,317,317,3,altri,altri,altro,ADJ,_
317-3,BO094,317,317,4,operatori,operatori,operatore,NOUN,_
317-4,BO094,317,317,5,ad,ad,a,ADP,_
317-5,BO094,317,317,6,esempio,esempio,esempio,ADJ,_
317-6,BO094,317,317,7,operatore,operatore,operatore,NOUN,_
317-7,BO094,317,317,8,iota,iota,iota,NOUN,_
318-0,BO094,318,318,1,ho,ho,avere,AUX,_
318-1,BO094,318,318,2,ics,ics,ics,NOUN,_
318-2,BO094,318,318,3,e,e,e,CCONJ,_
318-3,BO094,318,318,4,due,due,due,NUM,_
318-4,BO094,318,318,5,ics,ics,ics,NOUN,_
319-0,BO094,319,319,1,che,che,che,PRON,_
319-1,BO094,319,319,2,è,è,essere,AUX,_
320-0,BO094,320,320,1,quell',quell',quello,DET,Truncated=Yes
320-1,BO094,320,320,2,ics,ics,ics,NOUN,_
320-2,BO094,320,320,3,che,che,che,PRON,_
320-3,BO094,320,320,4,voglio,voglio,volere,VERB,_
320-4,BO094,320,320,5,xx,x,x,SYM,_
321-0,BO094,321,321,1,va,va,andare,VERB,_
321-1,BO094,321,321,2,bene,bene,bene,ADV,_
321-2,BO094,321,321,3,è,è,essere,AUX,_
321-3,BO094,321,321,4,il,il,il,DET,_
322-0,BO094,322,322,1,sì,sì,sì,ADV,_
322-1,BO094,322,322,2,eh,eh,eh,INTJ,_
323-0,BO094,323,323,1,quell',quell',quello,DET,Truncated=Yes
323-1,BO094,323,323,2,ics,ics,ics,NOUN,_
323-2,BO094,323,323,3,che,che,che,PRON,_
323-3,BO094,323,323,4,gode,gode,godere,VERB,_
323-4,BO094,323,323,5,di,di,di,ADP,_
323-5,BO094,323,323,6,erre,erre,erre,VERB,_
324-0,BO094,324,324,1,allora,allora,allora,ADV,_
324-1,BO094,324,324,2,in,in,in,ADP,_
324-2,BO094,324,324,3,questo,questo,questo,PRON,_
324-3,BO094,324,324,4,se,se,se,PRON,_
324-4,BO094,324,324,5,io,io,io,PRON,_
324-5,BO094,324,324,6,avessi,avessi,avere,VERB,_
324-6,BO094,324,324,7,un,un,uno,DET,_
324-7,BO094,324,324,8,modo,modo,modo,NOUN,_
325-0,BO094,325,325,1,se,se,se,SCONJ,_
325-1,BO094,325,325,2,il,il,il,DET,_
325-2,BO094,325,325,3,mio,mio,mio,DET,_
325-3,BO094,325,325,4,linguaggio,linguaggio,linguaggio,NOUN,_
325-4,BO094,325,325,5,contenesse,contenesse,contenere,VERB,_
325-5,BO094,325,325,6,questo,questo,questo,DET,_
325-6,BO094,325,325,7,"operatore,",operatore,operatore,NOUN,Intonation=weakly_rising
326-0,BO094,326,326,1,il,il,il,DET,_
326-1,BO094,326,326,2,re,re,re,NOUN,_
326-2,BO094,326,326,3,di,di,di,ADP,_
326-3,BO094,326,326,4,francia,francia,Francia,PROPN,_
326-4,BO094,326,326,5,è,è,essere,AUX,_
326-5,BO094,326,326,6,calvo,calvo,calvo,ADJ,_
326-6,BO094,326,326,7,potrei,potrei,potere,AUX,_
326-7,BO094,326,326,8,dire,dire,dire,VERB,_
327-0,BO094,327,327,1,ci:,ci,ci,PRON,_
328-0,BO094,328,328,1,xxxxx,x,x,X,_
329-0,BO094,329,329,1,va,va,andare,VERB,_
329-1,BO094,329,329,2,bene?,bene,bene,ADV,Intonation=rising
330-0,BO094,330,330,1,chi,chi,chi,PRON,_
330-1,BO094,330,330,2,è,è,essere,VERB,_
330-2,BO094,330,330,3,che,che,che,SCONJ,_
330-3,BO094,330,330,4,è,è,essere,AUX,_
330-4,BO094,330,330,5,calvo?,calvo,calvo,ADJ,Intonation=rising
331-0,BO094,331,331,1,quello,quello,quello,PRON,_
331-1,BO094,331,331,2,che,che,che,PRON,_
331-2,BO094,331,331,3,è,è,essere,AUX,_
331-3,BO094,331,331,4,il,il,il,DET,_
331-4,BO094,331,331,5,re,re,re,NOUN,_
332-0,BO094,332,332,1,però,però,però,ADV,_
332-1,BO094,332,332,2,ho,ho,avere,VERB,_
332-2,BO094,332,332,3,bisogno,bisogno,bisogno,NOUN,_
332-3,BO094,332,332,4,di,di,di,ADP,_
332-4,BO094,332,332,5,ampliare,ampliare,ampliare,VERB,_
332-5,BO094,332,332,6,il,il,il,DET,_
332-6,BO094,332,332,7,linguaggio,linguaggio,linguaggio,NOUN,_
332-7,BO094,332,332,8,si,si,si,PRON,_
332-8,BO094,332,332,9,può,può,potere,AUX,_
332-9,BO094,332,332,10,fare,fare,fare,VERB,_
332-10,BO094,332,332,11,eh,eh,eh,INTJ,_
332-11,BO094,332,332,12,(è,è,essere,AUX,_
332-12,BO094,332,332,13,un',un',uno,DET,Truncated=Yes
332-13,BO094,332,332,14,altra,altra,altro,ADJ,_
332-14,BO094,332,332,15,strada,strada,strada,NOUN,_
332-15,BO094,332,332,16,come,come,come,ADP,_
332-16,BO094,332,332,17,dire),dire,dire,VERB,_
333-0,BO094,333,333,1,avviare,avviare,avviare,VERB,_
333-1,BO094,333,333,2,il,il,il,DET,_
333-2,BO094,333,333,3,linguaggio,linguaggio,linguaggio,NOUN,_
333-3,BO094,333,333,4-5,coi,coi,_,_,_
333-3a,_,_,333,4,_,con,con,ADP,_
333-3b,_,_,333,5,_,i,il,DET,_
333-4,BO094,333,333,6,cosiddetti,cosiddetti,cosiddetto,ADJ,_
333-5,BO094,333,333,7,operatori,operatori,operatore,NOUN,_
333-6,BO094,333,333,8,iota,iota,iota,NOUN,_
333-7,BO094,333,333,9,eccetera,eccetera,eccetera,INTJ,_
333-8,BO094,333,333,10,ma,ma,ma,CCONJ,_
333-9,BO094,333,333,11,noi,noi,noi,PRON,_
333-10,BO094,333,333,12,non,non,non,ADV,_
333-11,BO094,333,333,13,facciamo,facciamo,fare,VERB,_
333-12,BO094,333,333,14,"questo,",questo,questo,PRON,Intonation=weakly_rising
334-0,BO094,334,334,1,ma,ma,ma,CCONJ,_
334-1,BO094,334,334,2,semplciemente,semplciemente,semplciemente,ADV,_
334-2,BO094,334,334,3,presentiamo,presentiamo,presentare,VERB,_
334-3,BO094,334,334,4,la,la,il,DET,_
334-4,BO094,334,334,5,soluzione,soluzione,soluzione,NOUN,_
334-5,BO094,334,334,6,di,di,di,ADP,_
334-6,BO094,334,334,7,"russell,",russell,Russel,PROPN,Intonation=weakly_rising
335-0,BO094,335,335,1,che,che,che,PRON,_
335-1,BO094,335,335,2,è,è,essere,AUX,_
335-2,BO094,335,335,3,molto,molto,molto,ADV,_
335-3,BO094,335,335,4,"economica,",economica,economica,ADJ,Intonation=weakly_rising
336-0,BO094,336,336,1,perché,perché,perché,SCONJ,_
336-1,BO094,336,336,2,non,non,non,ADV,_
336-2,BO094,336,336,3,ci,ci,ci,PRON,_
336-3,BO094,336,336,4,fa,fa,fare,VERB,_
336-4,BO094,336,336,5,uscire,uscire,uscire,VERB,_
337-0,BO094,337,337,1-2,dal,dal,_,_,_
337-0a,_,_,337,1,_,da,da,ADP,_
337-0b,_,_,337,2,_,il,il,DET,_
337-1,BO094,337,337,3,nostro,nostro,nostro,DET,_
337-2,BO094,337,337,4,e::h,eh,eh,INTJ,_
338-0,BO094,338,338,1,linguaggio,linguaggio,linguaggio,NOUN,_
338-1,BO094,338,338,2-3,del,del,_,_,_
338-1a,_,_,338,2,_,di,di,ADP,_
338-1b,_,_,338,3,_,il,il,DET,_
338-2,BO094,338,338,4,xx,x,x,X,_
338-3,BO094,338,338,5,xxx,x,x,X,_
339-0,BO094,339,339,1,va,va,andare,VERB,_
339-1,BO094,339,339,2,bene?,bene,bene,ADV,Intonation=rising
340-0,BO094,340,340,1-2,negli,negli,_,_,_
340-0a,_,_,340,1,_,in,in,ADP,_
340-0b,_,_,340,2,_,gli,il,DET,_
340-1,BO094,340,340,3,esercizi,esercizi,esercizio,NOUN,_
340-2,BO094,340,340,4-5,sul,sul,_,_,_
340-2a,_,_,340,4,_,su,su,ADP,_
340-2b,_,_,340,5,_,il,il,DET,_
340-3,BO094,340,340,6,linguaggio,linguaggio,linguaggio,NOUN,_
340-4,BO094,340,340,7,di,di,di,ADP,_
340-5,BO094,340,340,8,"tarski,",tarski,Tarski,PROPN,Intonation=weakly_rising
341-0,BO094,341,341,1,e::h,eh,eh,INTJ,_
341-1,BO094,341,341,2,molte,molte,molto,DET,_
341-2,BO094,341,341,3,volte,volte,volta,NOUN,_
341-3,BO094,341,341,4,potete,potete,potere,AUX,_
341-4,BO094,341,341,5,trovare,trovare,trovare,VERB,_
341-5,BO094,341,341,6,cose,cose,cosa,NOUN,_
341-6,BO094,341,341,7-8,del,del,_,_,_
341-6a,_,_,341,7,_,di,di,ADP,_
341-6b,_,_,341,8,_,il,il,DET,_
341-7,BO094,341,341,9,genere,genere,genere,NOUN,_
342-0,BO094,342,342,1,i:l,il,il,DET,_
342-1,BO094,342,342,2,cu:bo,cubo,cubo,NOUN,_
342-2,BO094,342,342,3,a,a,a,ADP,_
343-0,BO094,343,343,1,destra,destra,destra,NOUN,_
343-1,BO094,343,343,2,di,di,di,ADP,_
343-2,BO094,343,343,3,"bi,",bi,bi,NOUN,Intonation=weakly_rising
344-0,BO094,344,344,1,è,è,essere,AUX,_
344-1,BO094,344,344,2,grande.,grande,grande,ADJ,Intonation=falling
345-0,BO094,345,345,1,no?,no,no,ADV,Intonation=rising
345-1,BO094,345,345,2,allora,allora,allora,ADV,_
345-2,BO094,345,345,3,anche,anche,anche,ADV,_
345-3,BO094,345,345,4,qui,qui,qui,ADV,_
345-4,BO094,345,345,5,avete,avete,avere,VERB,_
345-5,BO094,345,345,6,bisogno,bisogno,bisogno,NOUN,_
345-6,BO094,345,345,7,di,di,di,ADP,_
345-7,BO094,345,345,8,esprimere,esprimere,esprimere,VERB,_
346-0,BO094,346,346,1,il,il,il,DET,_
346-1,BO094,346,346,2,cubo,cubo,cubo,NOUN,_
346-2,BO094,346,346,3,a,a,a,ADP,_
346-3,BO094,346,346,4,destra,destra,destra,NOUN,_
346-4,BO094,346,346,5,di,di,di,ADP,_
346-5,BO094,346,346,6,bi.,bi,bi,NOUN,Intonation=falling
347-0,BO094,347,347,1,va,va,andare,VERB,_
347-1,BO094,347,347,2,bene?,bene,bene,ADV,Intonation=rising
348-0,BO094,348,348,1,allora,allora,allora,ADV,_
348-1,BO094,348,348,2,di,di,di,ADP,_
348-2,BO094,348,348,3,nuovo,nuovo,nuovo,ADJ,_
348-3,BO094,348,348,4,perché,perché,perché,SCONJ,_
348-4,BO094,348,348,5,verrà,verrà,venire,AUX,_
348-5,BO094,348,348,6,fuori,fuori,fuori,ADV,_
348-6,BO094,348,348,7,esiste,esiste,esistere,VERB,_
348-7,BO094,348,348,8,un,un,uno,DET,_
348-8,BO094,348,348,9,ics,ics,ics,NOUN,_
349-0,BO094,349,349,1,che,che,che,PRON,_
349-1,BO094,349,349,2,è,è,essere,AUX,_
349-2,BO094,349,349,3,"cubo,",cubo,cubo,ADJ,Intonation=weakly_rising
350-0,BO094,350,350,1,eh,eh,eh,INTJ,_
350-1,BO094,350,350,2,right,right,right,NOUN,_
351-0,BO094,351,351,1,of,of,of,ADP,_
351-1,BO094,351,351,2,ics,ics,ics,NOUN,_
351-2,BO094,351,351,3,"bi,",bi,bi,ADJ,Intonation=weakly_rising
352-0,BO094,352,352,1,eh,eh,eh,INTJ,_
352-1,BO094,352,352,2,attenzione,attenzione,attenzione,NOUN,_
353-0,BO094,353,353,1,quindi,quindi,quindi,ADV,_
353-1,BO094,353,353,2,c',c',ci,PRON,Truncated=Yes
353-2,BO094,353,353,3,è,è,essere,VERB,_
353-3,BO094,353,353,4,un,un,uno,DET,_
353-4,BO094,353,353,5,pun~,pun~,pun~,X,Interrupted=Yes
353-5,BO094,353,353,6,presente,presente,presente,ADJ,_
353-6,BO094,353,353,7,un,un,uno,DET,_
353-7,BO094,353,353,8,cubo,cubo,cubo,NOUN,_
353-8,BO094,353,353,9,che,che,che,PRON,_
353-9,BO094,353,353,10,è,è,essere,VERB,_
353-10,BO094,353,353,11,a,a,a,ADP,_
353-11,BO094,353,353,12,destra,destra,destra,NOUN,_
353-12,BO094,353,353,13,di,di,di,ADP,_
353-13,BO094,353,353,14,"bi,",bi,bi,NOUN,Intonation=weakly_rising
354-0,BO094,354,354,1,ed,ed,e,CCONJ,_
354-1,BO094,354,354,2,è,è,essere,AUX,_
354-2,BO094,354,354,3,l',l',il,DET,Truncated=Yes
354-3,BO094,354,354,4,u:nico,unico,unico,ADJ,_
354-4,BO094,354,354,5,cubo,cubo,cubo,NOUN,_
354-5,BO094,354,354,6,a,a,a,ADP,_
354-6,BO094,354,354,7,destra,destra,destra,NOUN,_
354-7,BO094,354,354,8,di,di,di,ADP,_
354-8,BO094,354,354,9,bi,bi,bi,NOUN,_
354-9,BO094,354,354,10,quindi,quindi,quindi,ADV,_
354-10,BO094,354,354,11,qui,qui,qui,ADV,_
354-11,BO094,354,354,12,la,la,il,DET,_
354-12,BO094,354,354,13,storia,storia,storia,NOUN,_
354-13,BO094,354,354,14,diventa,diventa,diventare,VERB,_
354-14,BO094,354,354,15,molto,molto,molto,ADV,_
354-15,BO094,354,354,16,lunga.,lunga,lungo,ADJ,Intonation=falling
355-0,BO094,355,355,1,e,e,e,CCONJ,_
355-1,BO094,355,355,2,per,per,per,ADP,_
355-2,BO094,355,355,3,ogni,ogni,ogni,DET,_
355-3,BO094,355,355,4,zeta,zeta,zeta,NOUN,_
355-4,BO094,355,355,5,se,se,se,SCONJ,_
355-5,BO094,355,355,6,zeta,zeta,zeta,NOUN,_
355-6,BO094,355,355,7,è,è,essere,AUX,_
355-7,BO094,355,355,8,un,un,uno,DET,_
355-8,BO094,355,355,9,"cubo,",cubo,cubo,NOUN,Intonation=weakly_rising
356-0,BO094,356,356,1,e,e,e,CCONJ,_
356-1,BO094,356,356,2,dovete,dovete,dovere,AUX,_
356-2,BO094,356,356,3,ripetere,ripetere,ripetere,VERB,_
356-3,BO094,356,356,4,right,right,right,NOUN,_
356-4,BO094,356,356,5,of,of,of,ADP,_
357-0,BO094,357,357,1,zeta,zeta,zeta,VERB,_
357-1,BO094,357,357,2,"bi:,",bi,bi,NOUN,Intonation=weakly_rising
358-0,BO094,358,358,1,e,e,e,CCONJ,_
358-1,BO094,358,358,2,preso,preso,prendere,VERB,_
358-2,BO094,358,358,3,qualsiasi,qualsiasi,qualsiasi,DET,_
358-3,BO094,358,358,4,ics,ics,ics,NOUN,_
358-4,BO094,358,358,5,zeta,zeta,zeta,NOUN,_
358-5,BO094,358,358,6,che,che,che,SCONJ,_
358-6,BO094,358,358,7,sia,sia,essere,AUX,_
358-7,BO094,358,358,8,cubo,cubo,cubo,ADJ,_
358-8,BO094,358,358,9,a,a,a,ADP,_
358-9,BO094,358,358,10,destra,destra,destra,NOUN,_
358-10,BO094,358,358,11,di,di,di,ADP,_
358-11,BO094,358,358,12,"bi,",bi,bi,NOUN,Intonation=weakly_rising
359-0,BO094,359,359,1,allora,allora,allora,ADV,_
359-1,BO094,359,359,2,ics,ics,ics,NOUN,_
359-2,BO094,359,359,3,uguale,uguale,uguale,ADJ,_
359-3,BO094,359,359,4,a,a,a,ADP,_
359-4,BO094,359,359,5,zeta,zeta,zeta,NOUN,_
360-0,BO094,360,360,1,va,va,andare,VERB,_
360-1,BO094,360,360,2,bene?,bene,bene,ADV,Intonation=rising
360-2,BO094,360,360,3,in,in,in,ADP,_
360-3,BO094,360,360,4,questo,questo,questo,DET,_
360-4,BO094,360,360,5,modo,modo,modo,NOUN,_
360-5,BO094,360,360,6,avete,avete,avere,AUX,_
360-6,BO094,360,360,7,detto,detto,dire,VERB,_
360-7,BO094,360,360,8,che,che,che,SCONJ,_
361-0,BO094,361,361,1,attenzione,attenzione,attenzione,NOUN,_
361-1,BO094,361,361,2-3,alle,alle,_,_,_
361-1a,_,_,361,2,_,a,a,ADP,_
361-1b,_,_,361,3,_,le,il,DET,_
361-2,BO094,361,361,4,parentesi,parentesi,parentesi,NOUN,_
361-3,BO094,361,361,5,eh,eh,eh,INTJ,_
361-4,BO094,361,361,6,questa,questa,questo,PRON,_
361-5,BO094,361,361,7,apre,apre,aprire,VERB,_
361-6,BO094,361,361,8,qui,qui,qui,ADV,_
361-7,BO094,361,361,9,e,e,e,CCONJ,_
361-8,BO094,361,361,10,ancora,ancora,ancora,ADV,_
361-9,BO094,361,361,11,deve,deve,dovere,AUX,_
361-10,BO094,361,361,12,chiudere.,chiudere,chiudere,VERB,Intonation=falling
362-0,BO094,362,362,1,quindi,quindi,quindi,ADV,_
362-1,BO094,362,362,2,c',c',ci,PRON,Truncated=Yes
362-2,BO094,362,362,3,è,è,essere,VERB,_
362-3,BO094,362,362,4,un,un,uno,DET,_
362-4,BO094,362,362,5,ics,ics,ics,NOUN,_
362-5,BO094,362,362,6,che,che,che,PRON,_
362-6,BO094,362,362,7,è,è,essere,AUX,_
362-7,BO094,362,362,8,cu,cu,cu,NOUN,_
362-8,BO094,362,362,9,per,per,per,ADP,_
362-9,BO094,362,362,10,delta,delta,delta,NOUN,_
362-10,BO094,362,362,11,di,di,di,ADP,_
362-11,BO094,362,362,12,"bi,",bi,bi,NOUN,Intonation=weakly_rising
363-0,BO094,363,363,1,preso,preso,prendere,VERB,_
363-1,BO094,363,363,2,qualsiasi,qualsiasi,qualsiasi,DET,_
363-2,BO094,363,363,3,altro,altro,altro,ADJ,_
363-3,BO094,363,363,4,cubo,cubo,cubo,NOUN,_
363-4,BO094,363,363,5,che,che,che,PRON,_
363-5,BO094,363,363,6,sia,sia,essere,AUX,_
363-6,BO094,363,363,7,delta,delta,delta,NOUN,_
363-7,BO094,363,363,8,di,di,di,ADP,_
363-8,BO094,363,363,9,i,i,il,DET,_
363-9,BO094,363,363,10,vi,vi,vi,ADV,_
363-10,BO094,363,363,11,uguale,uguale,uguale,ADJ,_
363-11,BO094,363,363,12,a,a,a,ADP,_
363-12,BO094,363,363,13,xxx,x,x,X,_
364-0,BO094,364,364,1,e:,e,e,CCONJ,_
365-0,BO094,365,365,1,è,è,essere,AUX,_
365-1,BO094,365,365,2,grande,grande,grande,ADJ,_
365-2,BO094,365,365,3,la::,la,il,DET,_
366-0,BO094,366,366,1,ics,ics,ics,NOUN,_
367-0,BO094,367,367,1,chiusa,chiusa,chiudere,VERB,_
367-1,BO094,367,367,2,la,la,il,DET,_
367-2,BO094,367,367,3,quadra.,quadra,quadra,NOUN,Intonation=falling
368-0,BO094,368,368,1,va,va,andare,VERB,_
368-1,BO094,368,368,2,bene?,bene,bene,ADV,Intonation=rising
369-0,BO094,369,369,1,quindi,quindi,quindi,ADV,_
369-1,BO094,369,369,2,avete,avete,avere,VERB,_
369-2,BO094,369,369,3,un,un,uno,DET,_
369-3,BO094,369,369,4,quantificatore,quantificatore,quantificatore,NOUN,_
369-4,BO094,369,369,5,esistenziale,esistenziale,esistenziale,ADJ,_
369-5,BO094,369,369,6,davanti,davanti,davanti,ADV,_
370-0,BO094,370,370,1,a,a,a,ADP,_
370-1,BO094,370,370,2,tutto,tutto,tutto,PRON,_
370-2,BO094,370,370,3,quest',quest',quest',DET,Truncated=Yes
370-3,BO094,370,370,4,enunciato.,enunciato,enunciato,NOUN,Intonation=falling
371-0,BO094,371,371,1,ci,ci,ci,PRON,_
371-1,BO094,371,371,2,siamo?,siamo,essere,AUX,Intonation=rising
372-0,BO094,372,372,1,va,va,andare,VERB,_
372-1,BO094,372,372,2,bene,bene,bene,ADV,_
372-2,BO094,372,372,3,allora,allora,allora,ADV,_
372-3,BO094,372,372,4,a,a,a,ADP,_
372-4,BO094,372,372,5,questo,questo,questo,DET,_
372-5,BO094,372,372,6,punto,punto,punto,NOUN,_
372-6,BO094,372,372,7,noi,noi,noi,PRON,_
372-7,BO094,372,372,8,ci,ci,ci,PRON,_
372-8,BO094,372,372,9,vediamo,vediamo,vedare,VERB,_
372-9,BO094,372,372,10,"giovedì,",giovedì,giovedì,NOUN,Intonation=weakly_rising
373-0,BO094,373,373,1,e,e,e,CCONJ,_
373-1,BO094,373,373,2,giovedì,giovedì,giovedì,NOUN,_
373-2,BO094,373,373,3,abbiamo,abbiamo,avere,VERB,_
373-3,BO094,373,373,4,due,due,due,NUM,_
373-4,BO094,373,373,5,ore,ore,ora,NOUN,_
373-5,BO094,373,373,6,di,di,di,ADP,_
373-6,BO094,373,373,7,lezione,lezione,lezione,NOUN,_
374-0,BO094,374,374,1,e,e,e,CCONJ,_
374-1,BO094,374,374,2,due,due,due,NUM,_
374-2,BO094,374,374,3,ore,ore,ora,NOUN,_
374-3,BO094,374,374,4,di,di,di,ADP,_
374-4,BO094,374,374,5,esercitazione.,esercitazione,esercitazione,NOUN,Intonation=falling
375-0,BO094,375,375,1,allora,allora,allora,ADV,_
375-1,BO094,375,375,2,vorrei,vorrei,volere,AUX,_
375-2,BO094,375,375,3,ricordare,ricordare,ricordare,VERB,_
375-3,BO094,375,375,4,subito,subito,subito,ADV,_
375-4,BO094,375,375,5,la,la,il,DET,_
375-5,BO094,375,375,6,vexata,vexata,vexata,ADJ,_
375-6,BO094,375,375,7,quaestio,quaestio,quaestio,NOUN,_
376-0,BO094,376,376,1-2,dei,dei,_,_,_
376-0a,_,_,376,1,_,di,di,ADP,_
376-0b,_,_,376,2,_,i,il,DET,_
376-1,BO094,376,376,3,due,due,due,NUM,_
376-2,BO094,376,376,4,test.,test,test,NOUN,Intonation=falling
377-0,BO094,377,377,1-2,del,del,_,_,_
377-0a,_,_,377,1,_,di,di,ADP,_
377-0b,_,_,377,2,_,il,il,DET,_
377-1,BO094,377,377,3,diciannove,diciannove,diciannove,NUM,_
377-2,BO094,377,377,4,dicembre,dicembre,dicembre,NOUN,_
377-3,BO094,377,377,5,e,e,e,CCONJ,_
377-4,BO094,377,377,6-7,del,del,_,_,_
377-4a,_,_,377,6,_,di,di,ADP,_
377-4b,_,_,377,7,_,il,il,DET,_
377-5,BO094,377,377,8,diciotto,diciotto,diciotto,ADJ,_
377-6,BO094,377,377,9,gennaio.,gennaio,gennaio,NOUN,Intonation=falling
378-0,BO094,378,378,1,chiaramente,chiaramente,chiaro,ADV,_
378-1,BO094,378,378,2,alcuni,alcuni,alcuno,PRON,_
378-2,BO094,378,378,3,di,di,di,ADP,_
378-3,BO094,378,378,4,voi,voi,voi,PRON,_
378-4,BO094,378,378,5,mi,mi,mi,PRON,_
378-5,BO094,378,378,6,hanno,hanno,avere,AUX,_
378-6,BO094,378,378,7,chiesto,chiesto,chiedere,VERB,_
378-7,BO094,378,378,8,ma,ma,ma,CCONJ,_
378-8,BO094,378,378,9,io,io,io,PRON,_
378-9,BO094,378,378,10,li,li,li,PRON,_
378-10,BO094,378,378,11,posso,posso,potere,AUX,_
378-11,BO094,378,378,12,fare,fare,fare,VERB,_
378-12,BO094,378,378,13,entrambi,entrambi,entrambi,PRON,_
379-0,BO094,379,379,1,allora,allora,allora,ADV,_
379-1,BO094,379,379,2,dopo,dopo,dopo,SCONJ,_
379-2,BO094,379,379,3,aver,aver,avere,AUX,_
379-3,BO094,379,379,4,discusso,discusso,discutere,VERB,_
379-4,BO094,379,379,5,la,la,il,DET,_
379-5,BO094,379,379,6,cosa,cosa,cosa,NOUN,_
379-6,BO094,379,379,7,anche,anche,anche,ADV,_
379-7,BO094,379,379,8-9,col,col,_,_,_
379-7a,_,_,379,8,_,con,con,ADP,_
379-7b,_,_,379,9,_,il,il,DET,_
379-8,BO094,379,379,10,dottor,dottor,dottore,NOUN,_
379-9,BO094,379,379,11,rossi,rossi,Rossi,PROPN,_
379-10,BO094,379,379,12,vediamo,vediamo,vedere,VERB,_
379-11,BO094,379,379,13,di,di,di,ADP,_
380-0,BO094,380,380,1,trovare,trovare,trovare,VERB,_
380-1,BO094,380,380,2,una,una,uno,DET,_
380-2,BO094,380,380,3,soluzione,soluzione,soluzione,NOUN,_
380-3,BO094,380,380,4,equa,equa,equo,ADJ,_
380-4,BO094,380,380,5,per,per,per,ADP,_
380-5,BO094,380,380,6,tutti.,tutti,tutto,PRON,Intonation=falling
381-0,BO094,381,381,1,dunque,dunque,dunque,ADV,_
381-1,BO094,381,381,2,la,la,il,DET,_
381-2,BO094,381,381,3,distanza,distanza,distanza,NOUN,_
381-3,BO094,381,381,4,fra,fra,fra,ADP,_
381-4,BO094,381,381,5,il,il,il,DET,_
381-5,BO094,381,381,6,dicio~,dicio~,dicio~,X,Interrupted=Yes
381-6,BO094,381,381,7,diciannove,diciannove,diciannove,NUM,_
381-7,BO094,381,381,8,dicembre,dicembre,dicembre,NOUN,_
381-8,BO094,381,381,9,e,e,e,CCONJ,_
381-9,BO094,381,381,10,il,il,il,DET,_
381-10,BO094,381,381,11,diciotto,diciotto,diciotto,NUM,_
381-11,BO094,381,381,12,"gennaio,",gennaio,gennaio,NOUN,Intonation=weakly_rising
382-0,BO094,382,382,1,è,è,essere,AUX,_
382-1,BO094,382,382,2,praticamente,praticamente,praticamente,ADV,_
382-2,BO094,382,382,3,di,di,di,ADP,_
382-3,BO094,382,382,4,due,due,due,NUM,_
382-4,BO094,382,382,5,settimane,settimane,settimana,NOUN,_
382-5,BO094,382,382,6,lavorative.,lavorative,lavorativo,ADJ,Intonation=falling
383-0,BO094,383,383,1,visto,visto,vedere,VERB,_
383-1,BO094,383,383,2,che,che,che,SCONJ,_
383-2,BO094,383,383,3,c',c',ci,PRON,Truncated=Yes
383-3,BO094,383,383,4,è,è,essere,VERB,_
383-4,BO094,383,383,5,pasqua,pasqua,Pasqua,PROPN,_
383-5,BO094,383,383,6-7,nel,nel,_,_,_
383-5a,_,_,383,6,_,in,in,ADP,_
383-5b,_,_,383,7,_,il,il,DET,_
383-6,BO094,383,383,8,m~,m~,m~,X,Interrupted=Yes
384-0,???,384,384,0,{studenti_ridono},{studenti_ridono},_,X,_
385-0,BO094,385,385,1,natale,natale,Natale,PROPN,_
385-1,BO094,385,385,2-3,nel,nel,_,_,_
385-1a,_,_,385,2,_,in,in,ADP,_
385-1b,_,_,385,3,_,il,il,DET,_
385-2,BO094,385,385,4,mezzo.,mezzo,mezzo,NOUN,Intonation=falling
386-0,BO094,386,386,1,va,va,andare,VERB,_
386-1,BO094,386,386,2,bene,bene,bene,ADV,_
387-0,BO094,387,387,1,e::h,eh,eh,INTJ,_
387-1,BO094,387,387,2,allora,allora,allora,ADV,_
387-2,BO094,387,387,3,noi,noi,noi,PRON,_
387-3,BO094,387,387,4,correggermo,correggermo,correggermo,ADJ,_
387-4,BO094,387,387,5,tutti,tutti,tutto,DET,_
387-5,BO094,387,387,6,i,i,il,DET,_
387-6,BO094,387,387,7,test,test,test,NOUN,_
388-0,BO094,388,388,1,sia,sia,sia,CCONJ,_
388-1,BO094,388,388,2-3,del,del,_,_,_
388-1a,_,_,388,2,_,di,di,ADP,_
388-1b,_,_,388,3,_,il,il,DET,_
388-2,BO094,388,388,4,dicembre,dicembre,dicembre,NOUN,_
388-3,BO094,388,388,5,che,che,che,PRON,_
388-4,BO094,388,388,6,di,di,di,ADP,_
388-5,BO094,388,388,7,"gennaio,",gennaio,gennaio,NOUN,Intonation=weakly_rising
389-0,BO094,389,389,1,dopo,dopo,dopo,ADP,_
389-1,BO094,389,389,2,il,il,il,DET,_
389-2,BO094,389,389,3,diciotto,diciotto,diciotto,ADJ,_
389-3,BO094,389,389,4,gennaio.,gennaio,gennaio,NOUN,Intonation=falling
390-0,BO094,390,390,1,perché,perché,perché,SCONJ,_
390-1,BO094,390,390,2,in,in,in,ADP,_
390-2,BO094,390,390,3,ogni,ogni,ogni,DET,_
390-3,BO094,390,390,4,caso,caso,caso,NOUN,_
390-4,BO094,390,390,5,non,non,non,ADV,_
390-5,BO094,390,390,6,m:h,mh,mh,INTJ,_
390-6,BO094,390,390,7,anche,anche,anche,ADV,_
390-7,BO094,390,390,8,>voglio,voglio,volere,AUX,_
390-8,BO094,390,390,9,dire<,dire,dire,VERB,_
390-9,BO094,390,390,10,se,se,se,SCONJ,_
390-10,BO094,390,390,11,lavorassimo,lavorassimo,lavorare,VERB,_
390-11,BO094,390,390,12,il,il,il,DET,_
390-12,BO094,390,390,13,giorno,giorno,giorno,NOUN,_
390-13,BO094,390,390,14,di,di,di,ADP,_
390-14,BO094,390,390,15,"natale,",natale,Natale,PROPN,Intonation=weakly_rising
391-0,BO094,391,391,1,saremmo,saremmo,essere,AUX,_
391-1,BO094,391,391,2,in,in,in,ADP,_
391-2,BO094,391,391,3,grado,grado,grado,NOUN,_
391-3,BO094,391,391,4,solo,solo,solo,ADJ,_
391-4,BO094,391,391,5,di,di,di,ADP,_
391-5,BO094,391,391,6-7,darvi,darvi,_,_,_
391-5a,_,_,391,6,_,dar,dare,VERB,_
391-5b,_,_,391,7,_,vi,vi,ADV,_
391-6,BO094,391,391,8,un,un,uno,DET,_
391-7,BO094,391,391,9,risultato,risultato,risultato,NOUN,_
391-8,BO094,391,391,10,pochissimi,pochissimi,poco,DET,_
391-9,BO094,391,391,11,giorni,giorni,giorno,NOUN,_
391-10,BO094,391,391,12,prima,prima,prima,ADV,_
391-11,BO094,391,391,13,di,di,di,ADP,_
392-0,BO094,392,392,1-2,del,del,_,_,_
392-0a,_,_,392,1,_,di,di,ADP,_
392-0b,_,_,392,2,_,il,il,DET,_
392-1,BO094,392,392,3,test,test,test,NOUN,_
392-2,BO094,392,392,4,di,di,di,ADP,_
392-3,BO094,392,392,5,gennaio,gennaio,gennaio,NOUN,_
392-4,BO094,392,392,6,che,che,che,SCONJ,_
392-5,BO094,392,392,7,non,non,non,ADV,_
392-6,BO094,392,392,8,vi,vi,vi,PRON,_
392-7,BO094,392,392,9,serve,serve,servire,VERB,_
392-8,BO094,392,392,10,a,a,a,ADP,_
392-9,BO094,392,392,11,niente,niente,niente,PRON,_
392-10,BO094,392,392,12,per,per,per,ADP,_
392-11,BO094,392,392,13,la,la,il,DET,_
392-12,BO094,392,392,14,preparazione.,preparazione,preparazione,NOUN,Intonation=falling
393-0,BO094,393,393,1,allora,allora,allora,ADV,_
393-1,BO094,393,393,2,l',l',il,DET,Truncated=Yes
393-2,BO094,393,393,3,idea,idea,idea,NOUN,_
393-3,BO094,393,393,4,è,è,essere,AUX,_
393-4,BO094,393,393,5,la,la,il,DET,_
393-5,BO094,393,393,6,seguente,seguente,seguente,ADJ,_
394-0,BO094,394,394,1,voi,voi,voi,PRON,_
394-1,BO094,394,394,2,anzi,anzi,anzi,ADV,_
394-2,BO094,394,394,3,ne,ne,ne,PRON,_
394-3,BO094,394,394,4,potete,potete,potere,AUX,_
394-4,BO094,394,394,5,fare,fare,fare,VERB,_
394-5,BO094,394,394,6,u:no,uno,uno,PRON,_
394-6,BO094,394,394,7,ne,ne,ne,PRON,_
394-7,BO094,394,394,8,potete,potete,potere,AUX,_
394-8,BO094,394,394,9,fare,fare,fare,VERB,_
394-9,BO094,394,394,10,due,due,due,NUM,_
394-10,BO094,394,394,11,va,va,andare,VERB,_
394-11,BO094,394,394,12,bene,bene,bene,ADV,_
394-12,BO094,394,394,13,quello,quello,quello,PRON,_
394-13,BO094,394,394,14,che,che,che,PRON,_
394-14,BO094,394,394,15,volete.,volete,volere,VERB,Intonation=falling
395-0,BO094,395,395,1,d',d',di,ADP,SpaceAfter=No
395-1,BO094,395,395,2,accordo?,accordo,accordo,NOUN,Intonation=rising
396-0,BO094,396,396,1,eh,eh,eh,INTJ,_
396-1,BO094,396,396,2,se,se,se,PRON,_
396-2,BO094,396,396,3,li,li,li,PRON,_
396-3,BO094,396,396,4,fatti,fatti,fare,VERB,_
396-4,BO094,396,396,5,tutti,tutti,tutto,PRON,_
396-5,BO094,396,396,6,e,e,e,CCONJ,_
396-6,BO094,396,396,7,due,due,due,NUM,_
396-7,BO094,396,396,8,noi,noi,noi,PRON,_
396-8,BO094,396,396,9,correggiamo,correggiamo,correggare,VERB,_
396-9,BO094,396,396,10,solo,solo,solo,ADV,_
396-10,BO094,396,396,11,l',l',il,DET,Truncated=Yes
396-11,BO094,396,396,12,ultimo.,ultimo,ultimo,ADJ,Intonation=falling
396-12,BO094,396,396,13,quello,quello,quello,PRON,_
396-13,BO094,396,396,14-15,del,del,_,_,_
396-13a,_,_,396,14,_,di,di,ADP,_
396-13b,_,_,396,15,_,il,il,DET,_
396-14,BO094,396,396,16,diciotto,diciotto,diciotto,ADJ,_
396-15,BO094,396,396,17,gennaio.,gennaio,gennaio,NOUN,Intonation=falling
397-0,BO094,397,397,1,quindi,quindi,quindi,ADV,_
397-1,BO094,397,397,2,uno,uno,uno,PRON,_
397-2,BO094,397,397,3,può,può,potere,AUX,_
397-3,BO094,397,397,4,venire,venire,venire,VERB,_
397-4,BO094,397,397,5,qui,qui,qui,ADV,_
397-5,BO094,397,397,6,può,può,potere,AUX,_
397-6,BO094,397,397,7,giudicare,giudicare,giudicare,VERB,_
397-7,BO094,397,397,8,che,che,che,SCONJ,_
397-8,BO094,397,397,9,non,non,non,ADV,_
397-9,BO094,397,397,10,è,è,essere,AUX,_
397-10,BO094,397,397,11,andato,andato,andare,VERB,_
397-11,BO094,397,397,12,bene,bene,bene,ADV,_
397-12,BO094,397,397,13,il,il,il,DET,_
397-13,BO094,397,397,14,test,test,test,NOUN,_
398-0,BO094,398,398,1,e,e,e,CCONJ,_
398-1,BO094,398,398,2,lo,lo,lo,PRON,_
398-2,BO094,398,398,3,rifà,rifà,rifare,VERB,_
398-3,BO094,398,398,4,il,il,il,DET,_
398-4,BO094,398,398,5,diciotto,diciotto,diciotto,NUM,_
398-5,BO094,398,398,6,gennaio,gennaio,gennaio,NOUN,_
398-6,BO094,398,398,7,e,e,e,CCONJ,_
398-7,BO094,398,398,8,quello,quello,quello,PRON,_
398-8,BO094,398,398,9,noi,noi,noi,PRON,_
398-9,BO094,398,398,10,correggiamo,correggiamo,correggare,VERB,_
398-10,BO094,398,398,11,va,va,andare,VERB,_
398-11,BO094,398,398,12,bene?,bene,bene,ADV,Intonation=rising
399-0,BO094,399,399,1,se,se,se,SCONJ,_
399-1,BO094,399,399,2,invece,invece,invece,ADV,_
399-2,BO094,399,399,3,uno,uno,uno,PRON,_
399-3,BO094,399,399,4,viene,viene,venire,VERB,_
399-4,BO094,399,399,5,qui,qui,qui,ADV,_
399-5,BO094,399,399,6,il,il,il,DET,_
399-6,BO094,399,399,7,diciannove,diciannove,diciannove,NUM,_
399-7,BO094,399,399,8,dicembre,dicembre,dicembre,NOUN,_
400-0,BO094,400,400,1,si,si,si,PRON,_
400-1,BO094,400,400,2,autovaluta,autovaluta,autovalutare,VERB,_
400-2,BO094,400,400,3,e,e,e,CCONJ,_
400-3,BO094,400,400,4,dice,dice,dire,VERB,_
400-4,BO094,400,400,5,no,no,no,ADV,_
400-5,BO094,400,400,6,io,io,io,PRON,_
400-6,BO094,400,400,7,il,il,il,DET,_
400-7,BO094,400,400,8,test,test,test,NOUN,_
400-8,BO094,400,400,9,l',l',lo,PRON,Truncated=Yes
400-9,BO094,400,400,10,ho,ho,avere,AUX,_
400-10,BO094,400,400,11,fatto,fatto,fare,VERB,_
400-11,BO094,400,400,12,bene,bene,bene,ADV,_
401-0,BO094,401,401,1,e::h,eh,eh,INTJ,_
401-1,BO094,401,401,2,non,non,non,ADV,_
401-2,BO094,401,401,3,ne,ne,ne,PRON,_
401-3,BO094,401,401,4,voglio,voglio,volere,VERB,_
401-4,BO094,401,401,5,più,più,più,ADV,_
401-5,BO094,401,401,6,sapere,sapere,sapere,VERB,_
401-6,BO094,401,401,7,di,di,di,ADP,_
401-7,BO094,401,401,8,logica,logica,logica,NOUN,_
401-8,BO094,401,401,9,va,va,andare,VERB,_
401-9,BO094,401,401,10,bene?,bene,bene,ADV,Intonation=rising
401-10,BO094,401,401,11,benissimo,benissimo,bene,ADV,_
401-11,BO094,401,401,12,noi,noi,noi,PRON,_
401-12,BO094,401,401,13,correggiamo,correggiamo,correggere,VERB,_
401-13,BO094,401,401,14,quello,quello,quello,PRON,_
401-14,BO094,401,401,15-16,del,del,_,_,_
401-14a,_,_,401,15,_,di,di,ADP,_
401-14b,_,_,401,16,_,il,il,DET,_
401-15,BO094,401,401,17,diciannove,diciannove,diciannove,NUM,_
401-16,BO094,401,401,18,dicembre.,dicembre,dicembre,NOUN,Intonation=falling
402-0,BO094,402,402,1,d',d',di,ADP,SpaceAfter=No
402-1,BO094,402,402,2,accordo?,accordo,accordo,NOUN,Intonation=rising
403-0,BO094,403,403,1,quindi,quindi,quindi,ADV,_
403-1,BO094,403,403,2,l',l',il,DET,Truncated=Yes
403-2,BO094,403,403,3,idea,idea,idea,NOUN,_
403-3,BO094,403,403,4,è,è,essere,VERB,_
403-4,BO094,403,403,5,che,che,che,SCONJ,_
403-5,BO094,403,403,6,noi,noi,noi,PRON,_
403-6,BO094,403,403,7,correggiamo,correggiamo,correggare,VERB,_
403-7,BO094,403,403,8,un,un,uno,DET,_
403-8,BO094,403,403,9,solo,solo,solo,ADJ,_
403-9,BO094,403,403,10,test,test,test,NOUN,_
403-10,BO094,403,403,11,per,per,per,ADP,_
403-11,BO094,403,403,12,ognuno,ognuno,ognuno,PRON,_
403-12,BO094,403,403,13,di,di,di,ADP,_
403-13,BO094,403,403,14,voi.,voi,voi,PRON,Intonation=falling
404-0,BO094,404,404,1,quindi,quindi,quindi,ADV,_
404-1,BO094,404,404,2,se,se,se,SCONJ,_
404-2,BO094,404,404,3,uno,uno,uno,PRON,_
404-3,BO094,404,404,4,ne,ne,ne,PRON,_
404-4,BO094,404,404,5,fa,fa,fare,VERB,_
404-5,BO094,404,404,6,due,due,due,NUM,_
404-6,BO094,404,404,7,"automaticamente,",automaticamente,automatico,ADV,Intonation=weakly_rising
405-0,BO094,405,405,1,correggiamo,correggiamo,correggere,VERB,_
405-1,BO094,405,405,2,solo,solo,solo,ADV,_
405-2,BO094,405,405,3,il,il,il,DET,_
405-3,BO094,405,405,4,secondo.,secondo,secondo,ADJ,Intonation=falling
406-0,BO094,406,406,1,va,va,andare,VERB,_
406-1,BO094,406,406,2,bene,bene,bene,ADV,_
406-2,BO094,406,406,3,il,il,il,DET,_
406-3,BO094,406,406,4,primo,primo,primo,ADJ,_
406-4,BO094,406,406,5,lo,lo,lo,PRON,_
406-5,BO094,406,406,6,buttiamo,buttiamo,buttare,VERB,_
406-6,BO094,406,406,7,via,via,via,NOUN,_
406-7,BO094,406,406,8,cioè,cioè,cioè,CCONJ,_
406-8,BO094,406,406,9,non,non,non,ADV,_
406-9,BO094,406,406,10,lo,lo,lo,PRON,_
406-10,BO094,406,406,11,guardiamo,guardiamo,guardare,VERB,_
406-11,BO094,406,406,12,nemmeno.,nemmeno,nemmeno,ADV,Intonation=falling
407-0,BO094,407,407,1,d',d',di,ADP,SpaceAfter=No
407-1,BO094,407,407,2,accordo?,accordo,accordo,NOUN,Intonation=rising
408-0,BO094,408,408,1,benissimo.,benissimo,bene,ADV,Intonation=falling
408-1,BO094,408,408,2,questo,questo,questo,PRON,_
408-2,BO094,408,408,3,almeno,almeno,almeno,ADV,_
408-3,BO094,408,408,4,così,così,così,ADV,_
408-4,BO094,408,408,5,dà,dà,dare,VERB,_
408-5,BO094,408,408,6,a,a,a,ADP,_
408-6,BO094,408,408,7,voi,voi,voi,PRON,_
408-7,BO094,408,408,8,la,la,il,DET,_
408-8,BO094,408,408,9,possibilità,possibilità,possibilità,NOUN,_
409-0,BO094,409,409,1,guardate,guardate,guardata,NOUN,_
409-1,BO094,409,409,2,che,che,che,PRON,_
409-2,BO094,409,409,3,è,è,essere,AUX,_
409-3,BO094,409,409,4,un,un,uno,DET,_
409-4,BO094,409,409,5,grosso,grosso,grosso,ADJ,_
409-5,BO094,409,409,6,vantaggio,vantaggio,vantaggio,NOUN,_
409-6,BO094,409,409,7,perché,perché,perché,SCONJ,_
409-7,BO094,409,409,8,dà,dà,dare,VERB,_
409-8,BO094,409,409,9,a,a,a,ADP,_
409-9,BO094,409,409,10,voi,voi,voi,PRON,_
409-10,BO094,409,409,11,la,la,il,DET,_
409-11,BO094,409,409,12,possibilità,possibilità,possibilità,NOUN,_
410-0,BO094,410,410,1,di,di,di,ADP,_
410-1,BO094,410,410,2,considerare,considerare,considerare,VERB,_
410-2,BO094,410,410,3,il,il,il,DET,_
410-3,BO094,410,410,4,test,test,test,NOUN,_
410-4,BO094,410,410,5,di,di,di,ADP,_
410-5,BO094,410,410,6,dicembre,dicembre,dicembre,NOUN,_
410-6,BO094,410,410,7,come,come,come,ADP,_
410-7,BO094,410,410,8,un,un,uno,DET,_
410-8,BO094,410,410,9,pretest,pretest,pretest,NOUN,_
410-9,BO094,410,410,10,vabbè,vabbè,vabbè,INTJ,_
410-10,BO094,410,410,11,(una,una,uno,DET,_
410-11,BO094,410,410,12,prova),prova,prova,NOUN,_
410-12,BO094,410,410,13,generale,generale,generale,ADJ,_
410-13,BO094,410,410,14,>diciamo<,diciamo,dire,VERB,_
411-0,BO094,411,411,1,oh,oh,oh,INTJ,_
411-1,BO094,411,411,2,questo,questo,questo,PRON,_
411-2,BO094,411,411,3,però,però,però,ADV,_
411-3,BO094,411,411,4,il,il,il,DET,_
411-4,BO094,411,411,5,fatto,fatto,fatto,NOUN,_
411-5,BO094,411,411,6,di,di,di,ADP,_
411-6,BO094,411,411,7,avervi,avervi,avere,AUX,_
411-7,BO094,411,411,8,concesso,concesso,concedere,VERB,_
411-8,BO094,411,411,9,un,un,uno,DET,_
411-9,BO094,411,411,10,test,test,test,NOUN,_
411-10,BO094,411,411,11,a,a,a,ADP,_
411-11,BO094,411,411,12,dicembre,dicembre,dicembre,NOUN,_
411-12,BO094,411,411,13,non,non,non,ADV,_
411-13,BO094,411,411,14,vuol,vuol,volere,AUX,_
411-14,BO094,411,411,15,dire,dire,dire,VERB,_
411-15,BO094,411,411,16,che,che,che,SCONJ,_
411-16,BO094,411,411,17,le,le,il,DET,_
411-17,BO094,411,411,18,lezioni,lezioni,lezione,NOUN,_
411-18,BO094,411,411,19,finiscono,finiscono,finire,VERB,_
411-19,BO094,411,411,20,una,una,uno,DET,_
411-20,BO094,411,411,21,settimana,settimana,settimana,NOUN,_
411-21,BO094,411,411,22,prima,prima,prima,ADV,_
411-22,BO094,411,411,23,a,a,a,ADP,_
411-23,BO094,411,411,24,livello,livello,livello,NOUN,_
411-24,BO094,411,411,25,disciplinare,disciplinare,disciplinare,VERB,_
411-25,BO094,411,411,26,contenutistico,contenutistico,contenutistico,ADJ,_
411-26,BO094,411,411,27,perché,perché,perché,SCONJ,_
411-27,BO094,411,411,28,poi,poi,poi,ADV,_
411-28,BO094,411,411,29,avete,avete,avere,VERB,_
411-29,BO094,411,411,30,il,il,il,DET,_
411-30,BO094,411,411,31,test.,test,test,NOUN,Intonation=falling
411-31,BO094,411,411,32,no.,no,no,ADV,Intonation=falling
412-0,BO094,412,412,1,questa,questa,questo,PRON,_
412-1,BO094,412,412,2,è,è,essere,AUX,_
412-2,BO094,412,412,3,una,una,uno,DET,_
412-3,BO094,412,412,4,richiesta,richiesta,richiesta,NOUN,_
412-4,BO094,412,412,5,in,in,in,ADP,_
412-5,BO094,412,412,6,più,più,più,ADV,_
412-6,BO094,412,412,7,che,che,che,SCONJ,_
412-7,BO094,412,412,8,avete,avete,avere,AUX,_
412-8,BO094,412,412,9,fatto,fatto,fare,VERB,_
412-9,BO094,412,412,10,voi,voi,voi,PRON,_
412-10,BO094,412,412,11,a,a,a,ADP,_
412-11,BO094,412,412,12,cui,cui,cui,PRON,_
412-12,BO094,412,412,13,io,io,io,PRON,_
412-13,BO094,412,412,14,malauguratamente,malauguratamente,malauguratamente,ADV,_
412-14,BO094,412,412,15,ho,ho,avere,AUX,_
412-15,BO094,412,412,16,detto,detto,dire,VERB,_
412-16,BO094,412,412,17,si,si,si,PRON,_
413-0,BO094,413,413,1,e:h,eh,eh,INTJ,_
413-1,BO094,413,413,2,oh,oh,oh,INTJ,_
413-2,BO094,413,413,3,allora,allora,allora,ADV,_
413-3,BO094,413,413,4,se,se,se,SCONJ,_
413-4,BO094,413,413,5,no,no,no,ADV,_
413-5,BO094,413,413,6-7,alla,alla,_,_,_
413-5a,_,_,413,6,_,a,a,ADP,_
413-5b,_,_,413,7,_,la,il,DET,_
413-6,BO094,413,413,8,fine,fine,fine,NOUN,_
413-7,BO094,413,413,9,ha,ha,avere,AUX,_
413-8,BO094,413,413,10,commentato,commentato,commentare,VERB,_
413-9,BO094,413,413,11,una,una,uno,DET,_
413-10,BO094,413,413,12,signorina,signorina,signorina,NOUN,_
413-11,BO094,413,413,13,ieri,ieri,ieri,ADV,_
413-12,BO094,413,413,14,dicendo,dicendo,dire,VERB,_
413-13,BO094,413,413,15,ma,ma,ma,CCONJ,_
413-14,BO094,413,413,16,come,come,come,ADP,_
413-15,BO094,413,413,17,lei,lei,lei,PRON,_
413-16,BO094,413,413,18,ci,ci,ci,PRON,_
413-17,BO094,413,413,19,fa,fa,fare,VERB,_
413-18,BO094,413,413,20,cose,cose,cosa,NOUN,_
413-19,BO094,413,413,21,nuove:,nuove,nuovo,ADJ,_
414-0,BO094,414,414,1,a,a,a,ADP,_
414-1,BO094,414,414,2,una,una,uno,DET,_
414-2,BO094,414,414,3,settimana,settimana,settimana,NOUN,_
414-3,BO094,414,414,4-5,dal,dal,_,_,_
414-3a,_,_,414,4,_,da,da,ADP,_
414-3b,_,_,414,5,_,il,il,DET,_
414-4,BO094,414,414,6,test,test,test,NOUN,_
414-5,BO094,414,414,7,certo,certo,certo,ADV,_
414-6,BO094,414,414,8,perché,perché,perché,SCONJ,_
414-7,BO094,414,414,9,l',l',il,PRON,Truncated=Yes
414-8,BO094,414,414,10,avete,avete,avere,AUX,_
414-9,BO094,414,414,11,voluto,voluto,volvere,VERB,_
414-10,BO094,414,414,12,voi,voi,voi,PRON,_
414-11,BO094,414,414,13,il,il,il,DET,_
414-12,BO094,414,414,14,diciannove,diciannove,diciannove,NUM,_
414-13,BO094,414,414,15,dicembre,dicembre,dicembre,NOUN,_
414-14,BO094,414,414,16,per,per,per,ADP,_
414-15,BO094,414,414,17,me,me,me,PRON,_
414-16,BO094,414,414,18,il,il,il,DET,_
414-17,BO094,414,414,19,test,test,test,NOUN,_
414-18,BO094,414,414,20,è,è,essere,AUX,_
414-19,BO094,414,414,21,sempre,sempre,sempre,ADV,_
414-20,BO094,414,414,22,stato,stato,essere,VERB,_
414-21,BO094,414,414,23,a,a,a,ADP,_
414-22,BO094,414,414,24,gennaio,gennaio,gennaio,NOUN,_
414-23,BO094,414,414,25,"quindi,",quindi,quindi,ADV,Intonation=weakly_rising
415-0,BO094,415,415,1,e::h,eh,eh,INTJ,_
415-1,BO094,415,415,2,considero,considero,considerare,VERB,_
415-2,BO094,415,415,3,di,di,di,ADP,_
415-3,BO094,415,415,4,poter,poter,potere,AUX,_
415-4,BO094,415,415,5,tranquillamente,tranquillamente,tranquillamente,ADV,_
415-5,BO094,415,415,6,di,di,di,ADP,_
415-6,BO094,415,415,7,poter,poter,potere,AUX,_
415-7,BO094,415,415,8,andare,andare,andare,VERB,_
415-8,BO094,415,415,9,avanti,avanti,avanti,ADV,_
415-9,BO094,415,415,10,co::n,con,con,ADP,_
416-0,BO094,416,416,1,contenuti,contenuti,contenuto,NOUN,_
416-1,BO094,416,416,2,di,di,di,ADP,_
416-2,BO094,416,416,3,carattere,carattere,carattere,NOUN,_
416-3,BO094,416,416,4,logico,logico,logico,ADJ,_
416-4,BO094,416,416,5,che,che,che,PRON,_
416-5,BO094,416,416,6,ritengo,ritengo,ritenere,VERB,_
416-6,BO094,416,416,7,facciano,facciano,fare,VERB,_
416-7,BO094,416,416,8,parte,parte,parte,NOUN,_
416-8,BO094,416,416,9-10,del,del,_,_,_
416-8a,_,_,416,9,_,di,di,ADP,_
416-8b,_,_,416,10,_,il,il,DET,_
416-9,BO094,416,416,11,kit,kit,kit,NOUN,_
416-10,BO094,416,416,12,di,di,di,ADP,_
416-11,BO094,416,416,13,"base,",base,base,NOUN,Intonation=weakly_rising
417-0,BO094,417,417,1,di,di,di,ADP,_
417-1,BO094,417,417,2,qualsiasi,qualsiasi,qualsiasi,DET,_
417-2,BO094,417,417,3,corso,corso,corso,NOUN,_
417-3,BO094,417,417,4-5,del,del,_,_,_
417-3a,_,_,417,4,_,di,di,ADP,_
417-3b,_,_,417,5,_,il,il,DET,_
417-4,BO094,417,417,6,primo,primo,primo,ADJ,_
417-5,BO094,417,417,7,anno.,anno,anno,NOUN,Intonation=falling
418-0,BO094,418,418,1,va,va,andare,VERB,_
418-1,BO094,418,418,2,bene,bene,bene,ADV,_
418-2,BO094,418,418,3,allora,allora,allora,ADV,_
418-3,BO094,418,418,4,e::h,eh,eh,INTJ,_
418-4,BO094,418,418,5,ieri,ieri,ieri,ADV,_
418-5,BO094,418,418,6,forse,forse,forse,ADV,_
418-6,BO094,418,418,7,abbiamo,abbiamo,avere,AUX,_
418-7,BO094,418,418,8,e::hm,ehm,ehm,INTJ,_
419-0,BO094,419,419,1,>diciamo<,diciamo,dire,VERB,_
419-1,BO094,419,419,2,svi~,svi~,svi~,X,Interrupted=Yes
419-2,BO094,419,419,3,concluso,concluso,concludere,VERB,_
419-3,BO094,419,419,4,un,un,uno,DET,_
419-4,BO094,419,419,5,po',po',poco,ADV,_
419-5,BO094,419,419,6,in,in,in,ADP,_
419-6,BO094,419,419,7,fretta,fretta,fretta,NOUN,_
419-7,BO094,419,419,8,il,il,il,DET,_
419-8,BO094,419,419,9,teorema,teorema,teorema,NOUN,_
419-9,BO094,419,419,10,di,di,di,ADP,_
419-10,BO094,419,419,11,validità,validità,validità,NOUN,_
419-11,BO094,419,419,12,per,per,per,ADP,_
419-12,BO094,419,419,13,il,il,il,DET,_
419-13,BO094,419,419,14,calcolo,calcolo,calcolo,NOUN,_
419-14,BO094,419,419,15,di,di,di,ADP,_
419-15,BO094,419,419,16,deduzione,deduzione,deduzione,NOUN,_
419-16,BO094,419,419,17,"naturale,",naturale,naturale,ADJ,Intonation=weakly_rising
420-0,BO094,420,420,1,semmai,semmai,semmai,ADV,_
420-1,BO094,420,420,2,riprendo,riprendo,riprendere,VERB,_
420-2,BO094,420,420,3,alcune,alcune,alcuno,DET,_
420-3,BO094,420,420,4,cose,cose,cosa,NOUN,_
420-4,BO094,420,420,5,che,che,che,PRON,_
420-5,BO094,420,420,6,riguardono,riguardono,riguardere,VERB,_
420-6,BO094,420,420,7,i,i,il,DET,_
420-7,BO094,420,420,8,"quantificatori,",quantificatori,quantificatore,NOUN,Intonation=weakly_rising
421-0,BO094,421,421,1,po::i,poi,poi,ADV,_
421-1,BO094,421,421,2,e:::h,eh,eh,INTJ,_
422-0,BO094,422,422,1-2,alle,alle,_,_,_
422-0a,_,_,422,1,_,a,a,ADP,_
422-0b,_,_,422,2,_,le,il,DET,_
422-1,BO094,422,422,3,cinque,cinque,cinque,NUM,_
423-0,BO094,423,423,1,eh,eh,eh,INTJ,_
423-1,BO094,423,423,2,cinque,cinque,cinque,NUM,_
423-2,BO094,423,423,3,e,e,e,CCONJ,_
423-3,BO094,423,423,4,"dieci,",dieci,dieci,NUM,Intonation=weakly_rising
424-0,BO094,424,424,1,conto,conto,contare,VERB,_
424-1,BO094,424,424,2,di,di,di,ADP,_
424-2,BO094,424,424,3,mettere,mettere,mettere,VERB,_
424-3,BO094,424,424,4,online,online,online,NOUN,_
424-4,BO094,424,424,5-6,sul,sul,_,_,_
424-4a,_,_,424,5,_,su,su,ADP,_
424-4b,_,_,424,6,_,il,il,DET,_
424-5,BO094,424,424,7,materiale,materiale,materiale,NOUN,_
424-6,BO094,424,424,8,didattico,didattico,didattico,ADJ,_
425-0,BO094,425,425,1,un,un,uno,DET,_
425-1,BO094,425,425,2,file,file,file,ADJ,_
425-2,BO094,425,425,3,pi,pi,pi,NOUN,_
425-3,BO094,425,425,4,di,di,di,ADP,_
425-4,BO094,425,425,5,effe,effe,effe,NOUN,_
425-5,BO094,425,425,6,che,che,che,PRON,_
425-6,BO094,425,425,7,ho,ho,avere,AUX,_
425-7,BO094,425,425,8,scritto,scritto,scrivere,VERB,_
425-8,BO094,425,425,9,a,a,a,ADP,_
425-9,BO094,425,425,10,mano,mano,mano,NOUN,_
425-10,BO094,425,425,11,"stamani,",stamani,stamani,NOUN,Intonation=weakly_rising
426-0,BO094,426,426,1,ci,ci,ci,PRON,_
426-1,BO094,426,426,2,sono,sono,essere,VERB,_
426-2,BO094,426,426,3,sedici,sedici,sedici,NUM,_
426-3,BO094,426,426,4,"pagine,",pagine,pagina,NOUN,Intonation=weakly_rising
427-0,BO094,427,427,1,con,con,con,ADP,_
427-1,BO094,427,427,2,la,la,il,DET,_
427-2,BO094,427,427,3,dimostrazione,dimostrazione,dimostrazione,NOUN,_
427-3,BO094,427,427,4,manoscritta,manoscritta,manoscritto,ADJ,_
428-0,BO094,428,428,1-2,del,del,_,_,_
428-0a,_,_,428,1,_,di,di,ADP,_
428-0b,_,_,428,2,_,il,il,DET,_
429-0,BO094,429,429,1,molto,molto,molto,ADV,_
429-1,BO094,429,429,2,bene,bene,bene,ADV,_
429-2,BO094,429,429,3,xx,x,x,X,_
429-3,BO094,429,429,4,abbiam,abbiam,avere,AUX,_
429-4,BO094,429,429,5,fatto,fatto,fatto,NOUN,_
429-5,BO094,429,429,6,xx,x,x,X,_
429-6,BO094,429,429,7,okay,okay,okay,INTJ,_
429-7,BO094,429,429,8,co::n,con,con,ADP,_
430-0,BO094,430,430,1,con,con,con,ADP,_
430-1,BO094,430,430,2,la,la,il,DET,_
430-2,BO094,430,430,3,dimostrazione,dimostrazione,dimostrazione,NOUN,_
430-3,BO094,430,430,4-5,del,del,_,_,_
430-3a,_,_,430,4,_,di,di,ADP,_
430-3b,_,_,430,5,_,il,il,DET,_
430-4,BO094,430,430,6,teorema,teorema,teorema,NOUN,_
430-5,BO094,430,430,7,di,di,di,ADP,_
430-6,BO094,430,430,8,validità,validità,validità,NOUN,_
430-7,BO094,430,430,9,che,che,che,PRON,_
430-8,BO094,430,430,10,ora,ora,ora,ADV,_
430-9,BO094,430,430,11,il,il,il,DET,_
430-10,BO094,430,430,12,dottor,dottor,dottore,NOUN,_
430-11,BO094,430,430,13,rossi,rossi,Rossi,PROPN,_
430-12,BO094,430,430,14,ha,ha,avere,AUX,_
430-13,BO094,430,430,15,scannerizzato,scannerizzato,scannerizzare,VERB,_
430-14,BO094,430,430,16,quindi,quindi,quindi,ADV,_
430-15,BO094,430,430,17,sono,sono,essere,AUX,_
430-16,BO094,430,430,18,in,in,in,ADP,_
430-17,BO094,430,430,19,grado,grado,grado,NOUN,_
430-18,BO094,430,430,20,di,di,di,ADP,_
430-19,BO094,430,430,21,mettere,mettere,mettere,VERB,_
430-20,BO094,430,430,22,il,il,il,DET,_
430-21,BO094,430,430,23,file,file,file,NOUN,_
430-22,BO094,430,430,24,pi,pi,pi,NOUN,_
430-23,BO094,430,430,25,di,di,di,ADP,_
430-24,BO094,430,430,26,effe,effe,effe,NOUN,_
430-25,BO094,430,430,27-28,sul,sul,_,_,_
430-25a,_,_,430,27,_,su,su,ADP,_
430-25b,_,_,430,28,_,il,il,DET,_
430-26,BO094,430,430,29,materiale,materiale,materiale,NOUN,_
430-27,BO094,430,430,30,materiale,materiale,materiale,NOUN,_
430-28,BO094,430,430,31,didattico.,didattico,didattico,ADJ,Intonation=falling
431-0,BO094,431,431,1,bene.,bene,bene,ADV,Intonation=falling
432-0,BO094,432,432,1,allora,allora,allora,ADV,_
432-1,BO094,432,432,2,e::h,eh,eh,INTJ,_
432-2,BO094,432,432,3,diciamo,diciamo,dire,VERB,_
433-0,BO094,433,433,1,e::h,eh,eh,INTJ,_
433-1,BO094,433,433,2,ieri,ieri,ieri,ADV,_
433-2,BO094,433,433,3,mi,mi,mi,PRON,_
433-3,BO094,433,433,4,è,è,essere,AUX,_
433-4,BO094,433,433,5,anche,anche,anche,ADV,_
433-5,BO094,433,433,6,stato,stato,essere,AUX,_
433-6,BO094,433,433,7,chiesto,chiesto,chiedere,VERB,_
433-7,BO094,433,433,8,ma,ma,ma,CCONJ,_
433-8,BO094,433,433,9,che,che,che,ADP,_
433-9,BO094,433,433,10,tipo,tipo,tipo,NOUN,_
433-10,BO094,433,433,11,di,di,di,ADP,_
433-11,BO094,433,433,12,che,che,che,DET,_
433-12,BO094,433,433,13,tipo,tipo,tipo,NOUN,_
433-13,BO094,433,433,14,di,di,di,ADP,_
433-14,BO094,433,433,15,domande,domande,domanda,NOUN,_
433-15,BO094,433,433,16,possono,possono,potere,AUX,_
433-16,BO094,433,433,17,venir,venir,venire,VERB,_
433-17,BO094,433,433,18,fuori,fuori,fuori,ADV,_
434-0,BO094,434,434,1,va,va,andare,VERB,_
434-1,BO094,434,434,2,bene,bene,bene,ADV,_
434-2,BO094,434,434,3,di,di,di,ADP,_
434-3,BO094,434,434,4,fronte,fronte,fronte,NOUN,_
435-0,BO094,435,435,1,a,a,a,ADP,_
435-1,BO094,435,435,2,questo,questo,questo,PRON,_
435-2,BO094,435,435,3,a::,a,a,ADP,_
435-3,BO094,435,435,4,xx,x,x,SYM,_
435-4,BO094,435,435,5,come,come,come,ADP,_
435-5,BO094,435,435,6,dire,dire,dire,VERB,_
436-0,BO094,436,436,1,questo,questo,questo,PRON,_
436-1,BO094,436,436,2,contenuto,contenuto,contenuto,NOUN,_
436-2,BO094,436,436,3,logico,logico,logico,NOUN,_
436-3,BO094,436,436,4,no,no,no,ADV,_
436-4,BO094,436,436,5,questo,questo,questo,DET,_
436-5,BO094,436,436,6,teorema.,teorema,teorema,NOUN,Intonation=falling
437-0,BO094,437,437,1,eh,eh,eh,INTJ,_
437-1,BO094,437,437,2,vabbè,vabbè,vabbè,INTJ,_
437-2,BO094,437,437,3,una,una,uno,DET,_
437-3,BO094,437,437,4,domanda,domanda,domanda,NOUN,_
437-4,BO094,437,437,5,per,per,per,ADP,_
437-5,BO094,437,437,6,esempio,esempio,esempio,NOUN,_
437-6,BO094,437,437,7,potrebbe,potrebbe,potere,AUX,_
437-7,BO094,437,437,8,essere,essere,essere,AUX,_
438-0,BO094,438,438,1-2,all',all',_,_,Truncated=Yes
438-0a,_,_,438,1,_,a,a,ADP,_
438-0b,_,_,438,2,_,l',il,DET,_
438-1,BO094,438,438,3,interno,interno,interno,NOUN,_
438-2,BO094,438,438,4-5,della,della,_,_,_
438-2a,_,_,438,4,_,di,di,ADP,_
438-2b,_,_,438,5,_,la,il,DET,_
438-3,BO094,438,438,6,dimostrazione,dimostrazione,dimostrazione,NOUN,_
438-4,BO094,438,438,7-8,del,del,_,_,_
438-4a,_,_,438,7,_,di,di,ADP,_
438-4b,_,_,438,8,_,il,il,DET,_
438-5,BO094,438,438,9,e::h,eh,eh,INTJ,_
439-0,BO094,439,439,1,teorema,teorema,teorema,NOUN,_
439-1,BO094,439,439,2,di,di,di,ADP,_
439-2,BO094,439,439,3,validità,validità,validità,NOUN,_
439-3,BO094,439,439,4,mostra,mostra,mostrare,VERB,_
439-4,BO094,439,439,5,che,che,che,SCONJ,_
439-5,BO094,439,439,6,esiste,esiste,esistere,VERB,_
439-6,BO094,439,439,7,un,un,uno,DET,_
439-7,BO094,439,439,8,albero,albero,albero,NOUN,_
439-8,BO094,439,439,9,di,di,di,ADP,_
439-9,BO094,439,439,10,sequenti,sequenti,sequente,NOUN,_
439-10,BO094,439,439,11,"chiuso,",chiuso,chiuso,ADJ,Intonation=weakly_rising
440-0,BO094,440,440,1,rispetto,rispetto,rispetto,ADV,_
440-1,BO094,440,440,2-3,all',all',_,_,Truncated=Yes
440-1a,_,_,440,2,_,a,a,ADP,_
440-1b,_,_,440,3,_,l',il,DET,_
440-2,BO094,440,440,4,applicazione,applicazione,applicazione,NOUN,_
440-3,BO094,440,440,5,di,di,di,ADP,_
440-4,BO094,440,440,6,una,una,uno,DET,_
440-5,BO094,440,440,7,regola,regola,regola,NOUN,_
440-6,BO094,440,440,8,che,che,che,PRON,_
440-7,BO094,440,440,9,potrebbe,potrebbe,potere,AUX,_
440-8,BO094,440,440,10,essere,essere,essere,AUX,_
441-0,BO094,441,441,1,(tipiche,tipiche,tipico,NOUN,_
441-1,BO094,441,441,2,di),di,di,ADP,_
441-2,BO094,441,441,3,un',un',uno,DET,Truncated=Yes
441-3,BO094,441,441,4,azione,azione,azione,NOUN,_
441-4,BO094,441,441,5,piuttosto,piuttosto,piuttosto,ADV,_
441-5,BO094,441,441,6,che,che,che,ADP,_
441-6,BO094,441,441,7,xx,x,x,X,_
441-7,BO094,441,441,8,di,di,di,ADP,_
,,,,,un,un,uno,DET,
441-8,BO094,441,441,9,xxx,x,x,X,_
442-0,BO094,442,442,1,quindi,quindi,quindi,ADV,_
442-1,BO094,442,442,2,studiare,studiare,studiare,VERB,_
442-2,BO094,442,442,3,vari,vari,vario,ADJ,_
442-3,BO094,442,442,4,xxx,x,x,X,_
443-0,BO094,443,443,1,un',un',uno,DET,Truncated=Yes
443-1,BO094,443,443,2,altra,altra,altro,ADJ,_
443-2,BO094,443,443,3,domanda,domanda,domanda,NOUN,_
443-3,BO094,443,443,4,potrebbe,potrebbe,potere,AUX,_
443-4,BO094,443,443,5,essere,essere,essere,AUX,_
444-0,BO094,444,444,1,indica,indica,indicare,VERB,_
444-1,BO094,444,444,2,la,la,il,DET,_
444-2,BO094,444,444,3,struttura,struttura,struttura,NOUN,_
444-3,BO094,444,444,4,generale,generale,generale,ADJ,_
445-0,BO094,445,445,1-2,de:l,del,_,_,_
445-0a,_,_,445,1,_,di,di,ADP,_
445-0b,_,_,445,2,_,il,il,DET,_
446-0,BO094,446,446,1-2,della,della,_,_,_
446-0a,_,_,446,1,_,di,di,ADP,_
446-0b,_,_,446,2,_,la,il,DET,_
446-1,BO094,446,446,3,dimostrazione,dimostrazione,dimostrazione,NOUN,_
446-2,BO094,446,446,4-5,del,del,_,_,_
446-2a,_,_,446,4,_,di,di,ADP,_
446-2b,_,_,446,5,_,il,il,DET,_
446-3,BO094,446,446,6,teorema,teorema,teorema,NOUN,_
446-4,BO094,446,446,7,di,di,di,ADP,_
446-5,BO094,446,446,8,validità.,validità,validità,NOUN,Intonation=falling
447-0,BO094,447,447,1,quindi,quindi,quindi,ADV,_
447-1,BO094,447,447,2,vi,vi,vi,PRON,_
447-2,BO094,447,447,3,prego,prego,pregare,VERB,_
447-3,BO094,447,447,4,anche,anche,anche,ADV,_
447-4,BO094,447,447,5,di,di,di,ADP,_
447-5,BO094,447,447,6,guardare,guardare,guardare,VERB,_
447-6,BO094,447,447,7,ora,ora,ora,ADV,_
447-7,BO094,447,447,8,che,che,che,SCONJ,_
447-8,BO094,447,447,9,fate,fate,fare,VERB,_
447-9,BO094,447,447,10,la,la,il,DET,_
447-10,BO094,447,447,11,preparazione,preparazione,preparazione,NOUN,_
447-11,BO094,447,447,12,questi,questi,questo,DET,_
447-12,BO094,447,447,13,aspetti,aspetti,aspetto,NOUN,_
447-13,BO094,447,447,14,teorici,teorici,teorico,ADJ,_
447-14,BO094,447,447,15,eh,eh,eh,INTJ,_
447-15,BO094,447,447,16,allora,allora,allora,ADV,_
448-0,BO094,448,448,1,noi,noi,noi,PRON,_
448-1,BO094,448,448,2,(volendo),volendo,volere,AUX,_
448-2,BO094,448,448,3,abbiamo,abbiamo,avere,AUX,_
448-3,BO094,448,448,4,fatto,fatto,fare,VERB,_
448-4,BO094,448,448,5,anche,anche,anche,ADV,_
448-5,BO094,448,448,6,molte,molte,molto,DET,_
448-6,BO094,448,448,7,cose,cose,cosa,NOUN,_
448-7,BO094,448,448,8,di,di,di,ADP,_
448-8,BO094,448,448,9,carattere,carattere,carattere,NOUN,_
449-0,BO094,449,449,1,e::h,eh,eh,INTJ,_
449-1,BO094,449,449,2,calcolistico,calcolistico,calcolistico,ADJ,_
449-2,BO094,449,449,3,no,no,no,ADV,_
449-3,BO094,449,449,4,in,in,in,ADP,_
449-4,BO094,449,449,5,un,un,uno,DET,_
449-5,BO094,449,449,6,certo,certo,certo,ADJ,_
449-6,BO094,449,449,7,senso,senso,senso,NOUN,_
450-0,BO094,450,450,1,quindi,quindi,quindi,ADV,_
450-1,BO094,450,450,2,il,il,il,DET,_
450-2,BO094,450,450,3,calcolo,calcolo,calcolo,NOUN,_
450-3,BO094,450,450,4,di,di,di,ADP,_
450-4,BO094,450,450,5,sequente,sequente,sequente,NOUN,_
450-5,BO094,450,450,6,la,la,il,DET,_
450-6,BO094,450,450,7,xxx,x,x,X,_
450-7,BO094,450,450,8,naturale,naturale,naturale,ADJ,_
450-8,BO094,450,450,9,eccetera.,eccetera,eccetera,INTJ,Intonation=falling
451-0,BO094,451,451,1,ecco,ecco,ecco,ADV,_
451-1,BO094,451,451,2,ci,ci,ci,PRON,_
451-2,BO094,451,451,3,sono,sono,essere,VERB,_
451-3,BO094,451,451,4,alcune,alcune,alcuno,DET,_
451-4,BO094,451,451,5,definizioni,definizioni,definizioni,NOUN,_
451-5,BO094,451,451,6,però,però,però,ADV,_
451-6,BO094,451,451,7,che,che,che,SCONJ,_
451-7,BO094,451,451,8,sono,sono,essere,AUX,_
451-8,BO094,451,451,9,molto,molto,molto,ADV,_
451-9,BO094,451,451,10,importanti,importanti,importante,ADJ,_
451-10,BO094,451,451,11,e,e,e,CCONJ,_
451-11,BO094,451,451,12-13,nel,nel,_,_,_
451-11a,_,_,451,12,_,in,in,ADP,_
451-11b,_,_,451,13,_,il,il,DET,_
451-12,BO094,451,451,14,test,test,test,NOUN,_
451-13,BO094,451,451,15,ve,ve,vi,PRON,_
451-14,BO094,451,451,16,le,le,le,PRON,_
451-15,BO094,451,451,17,ritrovate,ritrovate,ritrovare,VERB,_
451-16,BO094,451,451,18,quindi,quindi,quindi,ADV,_
451-17,BO094,451,451,19,è,è,essere,AUX,_
451-18,BO094,451,451,20,bene,bene,bene,ADV,_
451-19,BO094,451,451,21,che,che,che,SCONJ,_
451-20,BO094,451,451,22,le,le,il,DET,_
451-21,BO094,451,451,23,studiate.,studiate,studiata,NOUN,Intonation=falling
452-0,BO094,452,452,1,per,per,per,ADP,_
452-1,BO094,452,452,2,esempio,esempio,esempio,NOUN,_
452-2,BO094,452,452,3,il,il,il,DET,_
452-3,BO094,452,452,4,concetto,concetto,concetto,NOUN,_
452-4,BO094,452,452,5,di,di,di,ADP,_
452-5,BO094,452,452,6,struttura,struttura,struttura,NOUN,_
452-6,BO094,452,452,7,per,per,per,ADP,_
452-7,BO094,452,452,8,un,un,uno,DET,_
452-8,BO094,452,452,9,linguaggio,linguaggio,linguaggio,NOUN,_
452-9,BO094,452,452,10,ics,ics,ics,NOUNS,_
452-10,BO094,452,452,11,"zero,",zero,zero,NUM,Intonation=weakly_rising
453-0,BO094,453,453,1,e,e,e,CCONJ,_
453-1,BO094,453,453,2,avete,avete,avere,VERB,_
453-2,BO094,453,453,3,gli,gli,il,DET,_
453-3,BO094,453,453,4,appunti,appunti,appunto,NOUN,_
453-4,BO094,453,453,5,il,il,il,DET,_
453-5,BO094,453,453,6,concetto,concetto,concetto,NOUN,_
453-6,BO094,453,453,7,di,di,di,ADP,_
453-7,BO094,453,453,8,scrittura,scrittura,scrittura,NOUN,_
453-8,BO094,453,453,9,per,per,per,ADP,_
453-9,BO094,453,453,10,un,un,uno,DET,_
453-10,BO094,453,453,11,linguaggio,linguaggio,linguaggio,NOUN,_
453-11,BO094,453,453,12,erre,erre,erre,NOUN,_
453-12,BO094,453,453,13,"uno,",uno,uno,NUM,Intonation=weakly_rising
454-0,BO094,454,454,1,che,che,che,PRON,_
454-1,BO094,454,454,2,è,è,essere,AUX,_
454-2,BO094,454,454,3,più,più,più,ADV,_
454-3,BO094,454,454,4,complesso,complesso,complesso,ADJ,_
454-4,BO094,454,454,5,ma,ma,ma,CCONJ,_
454-5,BO094,454,454,6,avete,avete,avere,VERB,_
454-6,BO094,454,454,7,gli,gli,il,DET,_
454-7,BO094,454,454,8,"appunti,",appunti,appunto,NOUN,Intonation=weakly_rising
455-0,BO094,455,455,1,quindi,quindi,quindi,ADV,_
455-1,BO094,455,455,2,quelle,quelle,quelle,DET,_
455-2,BO094,455,455,3,cose,cose,cosa,NOUN,_
455-3,BO094,455,455,4,lì,lì,lì,ADV,_
455-4,BO094,455,455,5,vanno,vanno,andare,VERB,_
455-5,BO094,455,455,6,sapute,sapute,saputa,NOUN,_
455-6,BO094,455,455,7,e,e,e,CCONJ,_
455-7,BO094,455,455,8,attenzione,attenzione,attenzione,NOUN,_
455-8,BO094,455,455,9,vanno,vanno,andare,AUX,_
455-9,BO094,455,455,10,scritte,scritte,scrivere,VERB,_
455-10,BO094,455,455,11,anche,anche,anche,ADV,_
455-11,BO094,455,455,12,in,in,in,ADP,_
455-12,BO094,455,455,13,un,un,uno,DET,_
455-13,BO094,455,455,14,italiano,italiano,italiano,NOUN,_
455-14,BO094,455,455,15,leggibile.,leggibile,leggibile,ADJ,Intonation=falling
456-0,BO094,456,456,1,cioè,cioè,cioè,CCONJ,_
456-1,BO094,456,456,2,non,non,non,ADV,_
456-2,BO094,456,456,3,che,che,che,SCONJ,_
457-0,BO094,457,457,1,a:h,ah,ah,INTJ,_
457-1,BO094,457,457,2,che,che,che,SCONJ,_
457-2,BO094,457,457,3,visto,visto,vedere,VERB,_
457-3,BO094,457,457,4,che,che,che,SCONJ,_
457-4,BO094,457,457,5,si,si,si,PRON,_
457-5,BO094,457,457,6,tratta,tratta,trattare,VERB,_
457-6,BO094,457,457,7,di,di,di,ADP,_
457-7,BO094,457,457,8,logica,logica,logica,NOUN,_
457-8,BO094,457,457,9,l',l',il,DET,Truncated=Yes
457-9,BO094,457,457,10,italiano,italiano,italiano,NOUN,_
457-10,BO094,457,457,11,non,non,non,ADV,_
457-11,BO094,457,457,12,conta.,conta,contare,VERB,Intonation=falling
458-0,BO094,458,458,1,co:nta,conta,contare,VERB,_
458-1,BO094,458,458,2,eh,eh,eh,INTJ,_
458-2,BO094,458,458,3,conta.,conta,contare,VERB,Intonation=falling
459-0,BO094,459,459,1,e::h,eh,eh,INTJ,_
460-0,BO094,460,460,1,quindi,quindi,quindi,ADV,_
460-1,BO094,460,460,2,e::h,eh,eh,INTJ,_
460-2,BO094,460,460,3,poi,poi,poi,ADV,_
460-3,BO094,460,460,4,ecco,ecco,ecco,ADV,_
460-4,BO094,460,460,5,gli,gli,il,DET,_
460-5,BO094,460,460,6,aspetti,aspetti,aspetto,NOUN,_
460-6,BO094,460,460,7,teorici,teorici,teorico,ADJ,_
460-7,BO094,460,460,8,quindi,quindi,quindi,ADV,_
460-8,BO094,460,460,9,fonamentalmente,fonamentalmente,fonamentalmente,ADV,_
460-9,BO094,460,460,10,vi,vi,vi,PRON,_
460-10,BO094,460,460,11,dico,dico,dire,VERB,_
460-11,BO094,460,460,12,lingua~,lingua~,lingua~,X,Interrupted=Yes
460-12,BO094,460,460,13,semantica,semantica,semantica,ADJ,_
460-13,BO094,460,460,14,per,per,per,ADP,_
460-14,BO094,460,460,15,un,un,uno,DET,_
460-15,BO094,460,460,16,linguaggio,linguaggio,linguaggio,NOUN,_
460-16,BO094,460,460,17,erre,erre,erre,NOUNS,_
460-17,BO094,460,460,18,"zero,",zero,zero,NUM,Intonation=weakly_rising
461-0,BO094,461,461,1,semantica,semantica,semantica,ADJ,_
461-1,BO094,461,461,2,per,per,per,ADP,_
461-2,BO094,461,461,3,un,un,uno,DET,_
461-3,BO094,461,461,4,linguaggio,linguaggio,linguaggio,NOUN,_
461-4,BO094,461,461,5,erre,erre,erre,NOUN,_
461-5,BO094,461,461,6,"uno,",uno,uno,PRON,Intonation=weakly_rising
462-0,BO094,462,462,1,il,il,il,DET,_
462-1,BO094,462,462,2,concetto,concetto,concetto,NOUN,_
462-2,BO094,462,462,3,di,di,di,ADP,_
462-3,BO094,462,462,4,enunciato,enunciato,enunciare,VERB,_
462-4,BO094,462,462,5,il,il,il,DET,_
462-5,BO094,462,462,6,concetto,concetto,concetto,NOUN,_
462-6,BO094,462,462,7,di,di,di,ADP,_
462-7,BO094,462,462,8,formula,formula,formula,NOUN,_
462-8,BO094,462,462,9,ben,ben,bene,ADV,_
462-9,BO094,462,462,10,"formata,",formata,formare,VERB,Intonation=weakly_rising
463-0,BO094,463,463,1,sono,sono,essere,AUX,_
463-1,BO094,463,463,2,queste,queste,questo,DET,_
463-2,BO094,463,463,3,piccole,piccole,piccolo,ADJ,_
463-3,BO094,463,463,4,"definizioni,",definizioni,definizione,NOUN,Intonation=weakly_rising
464-0,BO094,464,464,1,che,che,che,SCONJ,_
464-1,BO094,464,464,2,noi,noi,noi,PRON,_
464-2,BO094,464,464,3,abbiamo,abbiamo,avere,AUX,_
464-3,BO094,464,464,4,introdotto,introdotto,introdurre,VERB,_
464-4,BO094,464,464,5,per,per,per,ADP,_
464-5,BO094,464,464,6,esempio,esempio,esempio,NOUN,_
464-6,BO094,464,464,7,definizioni,definizioni,definizione,NOUN,_
464-7,BO094,464,464,8,per,per,per,ADP,_
464-8,BO094,464,464,9,"induzione,",induzione,induzione,NOUN,Intonation=weakly_rising
465-0,BO094,465,465,1,voglio,voglio,volere,AUX,_
465-1,BO094,465,465,2,dire,dire,dire,VERB,_
465-2,BO094,465,465,3,che,che,che,SCONJ,_
465-3,BO094,465,465,4,se,se,se,SCONJ,_
465-4,BO094,465,465,5,le,le,il,DET,_
465-5,BO094,465,465,6,imparate,imparate,imparata,NOUN,_
465-6,BO094,465,465,7,è,è,essere,AUX,_
465-7,BO094,465,465,8,qualco~,qualco~,qualco~,X,Interrupted=Yes
465-8,BO094,465,465,9,è::,è,essere,AUX,_
466-0,BO094,466,466,1,è,è,essere,AUX,_
466-1,BO094,466,466,2,un,un,uno,DET,_
466-2,BO094,466,466,3,kit,kit,kit,NOUN,_
466-3,BO094,466,466,4,di,di,di,ADP,_
466-4,BO094,466,466,5,conoscenza,conoscenza,conoscenza,NOUN,_
466-5,BO094,466,466,6,in,in,in,ADP,_
466-6,BO094,466,466,7,più,più,più,ADV,_
466-7,BO094,466,466,8,che,che,che,ADP,_
466-8,BO094,466,466,9,io,io,io,PRON,_
466-9,BO094,466,466,10,credo,credo,credare,VERB,_
466-10,BO094,466,466,11,non,non,non,ADV,_
466-11,BO094,466,466,12,avevate,avevate,avevare,VERB,_
466-12,BO094,466,466,13-14,al,al,_,_,_
466-12a,_,_,466,13,_,a,a,ADP,_
466-12b,_,_,466,14,_,il,il,DET,_
466-13,BO094,466,466,15,liceo.,liceo,liceo,NOUN,Intonation=falling
467-0,BO094,467,467,1,quindi,quindi,quindi,ADV,_
467-1,BO094,467,467,2,siete,siete,essere,AUX,_
467-2,BO094,467,467,3,qui,qui,qui,ADV,_
467-3,BO094,467,467,4,per,per,per,ADP,_
467-4,BO094,467,467,5,imparare,imparare,imparare,VERB,_
467-5,BO094,467,467,6,qualcosa,qualcosa,qualcosa,PRON,_
467-6,BO094,467,467,7,in,in,in,ADP,_
467-7,BO094,467,467,8,più.,più,più,ADV,Intonation=falling
468-0,BO094,468,468,1,d',d',di,ADP,SpaceAfter=No
468-1,BO094,468,468,2,accordo?,accordo,accordo,NOUN,Intonation=rising
469-0,BO094,469,469,1,e::h,eh,eh,INTJ,_
469-1,BO094,469,469,2,ecco,ecco,ecco,ADV,_
469-2,BO094,469,469,3,il,il,il,DET,_
469-3,BO094,469,469,4,teorema,teorema,teorema,NOUN,_
469-4,BO094,469,469,5,di,di,di,ADP,_
469-5,BO094,469,469,6,validità,validità,validità,NOUN,_
470-0,BO094,470,470,1,è,è,essere,AUX,_
470-1,BO094,470,470,2,un,un,uno,DET,_
470-2,BO094,470,470,3,esempio,esempio,esempio,NOUN,_
470-3,BO094,470,470,4,significativo,significativo,significativo,ADJ,_
471-0,BO094,471,471,1,di,di,di,ADP,_
471-1,BO094,471,471,2,"metateorema,",metateorema,metateorema,NOUN,Intonation=weakly_rising
472-0,BO094,472,472,1,perché,perché,perché,SCONJ,_
472-1,BO094,472,472,2,allora,allora,allora,ADV,_
472-2,BO094,472,472,3,voi,voi,voi,PRON,_
472-3,BO094,472,472,4,capite,capite,capire,VERB,_
472-4,BO094,472,472,5,bene,bene,bene,ADV,_
472-5,BO094,472,472,6,che,che,che,SCONJ,_
472-6,BO094,472,472,7,in,in,in,ADP,_
472-7,BO094,472,472,8,questo,questo,questo,DET,_
472-8,BO094,472,472,9,"contesto,",contesto,contesto,NOUN,Intonation=weakly_rising
473-0,BO094,473,473,1,le,le,il,DET,_
473-1,BO094,473,473,2,derivazioni,derivazioni,derivazione,NOUN,_
474-0,BO094,474,474,1,sono,sono,essere,AUX,_
474-1,BO094,474,474,2,i,i,il,DET,_
474-2,BO094,474,474,3,nostri,nostri,nostro,DET,_
474-3,BO094,474,474,4,oggetti,oggetti,oggetto,NOUN,_
474-4,BO094,474,474,5,di,di,di,ADP,_
474-5,BO094,474,474,6,studio.,studio,studio,NOUN,Intonation=falling
475-0,BO094,475,475,1,eh,eh,eh,INTJ,_
475-1,BO094,475,475,2,noi,noi,noi,PRON,_
475-2,BO094,475,475,3,ragioniamo,ragioniamo,ragionare,VERB,_
475-3,BO094,475,475,4-5,sulle,sulle,_,_,_
475-3a,_,_,475,4,_,su,su,ADP,_
475-3b,_,_,475,5,_,le,il,DET,_
475-4,BO094,475,475,6,derivazioni.,derivazioni,derivazione,NOUN,Intonation=falling
476-0,BO094,476,476,1,quindi,quindi,quindi,ADV,_
476-1,BO094,476,476,2,diamo,diamo,dire,VERB,_
476-2,BO094,476,476,3,la,la,il,DET,_
476-3,BO094,476,476,4,definizione,definizione,definizione,NOUN,_
476-4,BO094,476,476,5,derivazione,derivazione,derivazione,NOUN,_
476-5,BO094,476,476,6,quella,quella,quello,PRON,_
476-6,BO094,476,476,7,va,va,andare,AUX,_
476-7,BO094,476,476,8,"imparata,",imparata,imparare,VERB,Intonation=weakly_rising
477-0,BO094,477,477,1,xx,x,x,X,_
477-1,BO094,477,477,2,xxxx,x,x,X,_
477-2,BO094,477,477,3,xxxx,x,x,X,_
477-3,BO094,477,477,4,quella,quella,quello,PRON,_
477-4,BO094,477,477,5,ce,ce,ce,PRON,_
477-5,BO094,477,477,6,l',l',lo,PRON,Truncated=Yes
477-6,BO094,477,477,7,avete,avete,avere,VERB,_
477-7,BO094,477,477,8,già,già,già,ADV,_
477-8,BO094,477,477,9-10,sui,sui,_,_,_
477-8a,_,_,477,9,_,su,su,ADP,_
477-8b,_,_,477,10,_,i,il,DET,_
477-9,BO094,477,477,11,foglietti,foglietti,foglietto,NOUN,_
477-10,BO094,477,477,12-13,nel,nel,_,_,_
477-10a,_,_,477,12,_,in,in,ADP,_
477-10b,_,_,477,13,_,il,il,DET,_
477-11,BO094,477,477,14,materiale,materiale,materiale,NOUN,_
477-12,BO094,477,477,15,"didattico,",didattico,didattico,ADJ,Intonation=weakly_rising
478-0,BO094,478,478,1,d',d',di,ADP,SpaceAfter=No
478-1,BO094,478,478,2,accordo?,accordo,accordo,NOUN,Intonation=rising
479-0,BO094,479,479,1,e,e,e,CCONJ,_
479-1,BO094,479,479,2,e,e,e,CCONJ,_
479-2,BO094,479,479,3,quindi,quindi,quindi,ADV,_
479-3,BO094,479,479,4,diciamo,diciamo,dire,VERB,_
479-4,BO094,479,479,5,dopo,dopo,dopo,SCONJ,_
479-5,BO094,479,479,6,si,si,si,PRON,_
479-6,BO094,479,479,7,tratta,tratta,trattare,VERB,_
479-7,BO094,479,479,8,"di,",di,di,ADP,Intonation=weakly_rising
480-0,BO094,480,480,1,studiare,studiare,studiare,VERB,_
480-1,BO094,480,480,2,questi,questi,questo,DET,_
480-2,BO094,480,480,3,oggetti.,oggetti,oggetto,NOUN,Intonation=falling
481-0,BO094,481,481,1,questo,questo,questo,PRON,_
481-1,BO094,481,481,2,è,è,essere,AUX,_
481-2,BO094,481,481,3,stato,stato,essere,AUX,_
481-3,BO094,481,481,4,"u::n,",un,uno,DET,Intonation=weakly_rising
482-0,BO094,482,482,1,come,come,come,ADV,_
482-1,BO094,482,482,2,dire,dire,dire,VERB,_
483-0,BO094,483,483,1,questo,questo,questo,PRON,_
483-1,BO094,483,483,2,è,è,essere,AUX,_
483-2,BO094,483,483,3,un,un,uno,DET,_
483-3,BO094,483,483,4,"problema,",problema,problema,NOUN,Intonation=weakly_rising
484-0,BO094,484,484,1,e::h,eh,eh,INTJ,_
484-1,BO094,484,484,2,m:h,mh,mh,NOUN,_
485-0,BO094,485,485,1,diciamo,diciamo,dire,VERB,_
485-1,BO094,485,485,2,di,di,di,ADP,_
485-2,BO094,485,485,3,quest',quest',questo,DET,Truncated=Yes
485-3,BO094,485,485,4,"attività,",attività,attività,NOUN,Intonation=weakly_rising
486-0,BO094,486,486,1,di,di,di,ADP,_
486-1,BO094,486,486,2,ragionare,ragionare,ragionare,VERB,_
486-2,BO094,486,486,3-4,sulle,sulle,_,_,_
486-2a,_,_,486,3,_,su,su,ADP,_
486-2b,_,_,486,4,_,le,il,DET,_
486-3,BO094,486,486,5,derivazioni.,derivazioni,derivazione,NOUN,Intonation=falling
487-0,BO094,487,487,1,si,si,si,PRON,_
487-1,BO094,487,487,2,inserisce,inserisce,inserire,VERB,_
487-2,BO094,487,487,3,in,in,in,ADP,_
487-3,BO094,487,487,4,un,un,uno,DET,_
487-4,BO094,487,487,5,progetto,progetto,progetto,NOUN,_
487-5,BO094,487,487,6,xxxxx,x,x,X,_
487-6,BO094,487,487,7-8,della,della,_,_,_
487-6a,_,_,487,7,_,di,di,ADP,_
487-6b,_,_,487,8,_,la,il,DET,_
487-7,BO094,487,487,9,matematica,matematica,matematica,NOUN,_
487-8,BO094,487,487,10-11,della,della,_,_,_
487-8a,_,_,487,10,_,di,di,ADP,_
487-8b,_,_,487,11,_,la,il,DET,_
487-9,BO094,487,487,12,massima,massima,massimo,ADJ,_
487-10,BO094,487,487,13,importanza.,importanza,importanza,NOUN,Intonation=falling
488-0,BO094,488,488,1,eh,eh,eh,INTJ,_
488-1,BO094,488,488,2,lo,lo,il,PRON,_
488-2,BO094,488,488,3,vuole,vuole,volere,AUX,_
488-3,BO094,488,488,4,spiegare,spiegare,spiegare,VERB,_
488-4,BO094,488,488,5,lei,lei,lei,PRON,_
488-5,BO094,488,488,6,il,il,il,DET,_
488-6,BO094,488,488,7,(processo,processo,processo,NOUN,_
488-7,BO094,488,488,8,fondazionale),fondazionale,fondazionale,ADJ,_
488-8,BO094,488,488,9-10,della,della,_,_,_
488-8a,_,_,488,9,_,di,di,ADP,_
488-8b,_,_,488,10,_,la,il,DET,_
488-9,BO094,488,488,11,matematica,matematica,matematica,NOUN,_
488-10,BO094,488,488,12-13,della,della,_,_,_
488-10a,_,_,488,12,_,di,di,ADP,_
488-10b,_,_,488,13,_,la,il,DET,_
488-11,BO094,488,488,14,massima,massima,massimo,ADJ,_
488-12,BO094,488,488,15,importanza,importanza,importanza,NOUN,_
488-13,BO094,488,488,16,no:,no,no,ADV,_
488-14,BO094,488,488,17,almeno,almeno,almeno,ADV,_
488-15,BO094,488,488,18,allora,allora,allora,ADV,_
488-16,BO094,488,488,19,ascolti.,ascolti,ascoltare,VERB,Intonation=falling
489-0,BO094,489,489,1,qual,qual,quale,PRON,_
489-1,BO094,489,489,2,è,è,essere,AUX,_
489-2,BO094,489,489,3,il,il,il,DET,_
489-3,BO094,489,489,4,punto?,punto,punto,NOUN,Intonation=rising
490-0,BO094,490,490,1,è,è,essere,AUX,_
490-1,BO094,490,490,2,chiaro,chiaro,chiaro,ADJ,_
490-2,BO094,490,490,3,che,che,che,SCONJ,_
490-3,BO094,490,490,4,{P},{P},_,_,_
490-4,BO094,490,490,5,i,i,il,DET,_
490-5,BO094,490,490,6,"matematici,",matematici,matematico,NOUN,Intonation=weakly_rising
491-0,BO094,491,491,1,da,da,da,ADP,_
491-1,BO094,491,491,2,sempre,sempre,sempre,ADV,_
491-2,BO094,491,491,3,hanno,hanno,avere,AUX,_
491-3,BO094,491,491,4,fatto,fatto,fare,VERB,_
491-4,BO094,491,491,5,dimostrazioni.,dimostrazioni,dimostrazione,NOUN,Intonation=falling
492-0,BO094,492,492,1,d',d',di,ADP,SpaceAfter=No
492-1,BO094,492,492,2,accordo?,accordo,accordo,NOUN,Intonation=rising
493-0,BO094,493,493,1,e,e,e,CCONJ,_
493-1,BO094,493,493,2,hanno,hanno,avere,AUX,_
493-2,BO094,493,493,3,studiato,studiato,studiare,VERB,_
493-3,BO094,493,493,4,teorie,teorie,teoria,NOUN,_
493-4,BO094,493,493,5-6,all',all',_,_,Truncated=Yes
493-4a,_,_,493,5,_,a,a,ADP,_
493-4b,_,_,493,6,_,l',il,DET,_
493-5,BO094,493,493,7,interno,interno,interno,NOUN,_
493-6,BO094,493,493,8-9,delle,delle,_,_,_
493-6a,_,_,493,8,_,di,di,ADP,_
493-6b,_,_,493,9,_,le,il,DET,_
493-7,BO094,493,493,10,"quali,",quali,quale,PRON,Intonation=weakly_rising
494-0,BO094,494,494,1,uno,uno,uno,DET,_
494-1,BO094,494,494,2,strumento,strumento,strumento,NOUN,_
494-2,BO094,494,494,3,conoscitivo,conoscitivo,conoscitivo,ADJ,_
494-3,BO094,494,494,4,"fondamentale,",fondamentale,fondamentale,ADJ,Intonation=weakly_rising
495-0,BO094,495,495,1,era,era,essere,AUX,_
495-1,BO094,495,495,2,fare,fare,fare,VERB,_
495-2,BO094,495,495,3,dimostrazioni.,dimostrazioni,dimostrazione,NOUN,Intonation=falling
496-0,BO094,496,496,1,poi,poi,poi,ADV,_
496-1,BO094,496,496,2,pensate,pensate,pensare,VERB,_
496-2,BO094,496,496,3-4,al,al,_,_,_
496-2a,_,_,496,3,_,a,a,ADP,_
496-2b,_,_,496,4,_,il,il,DET,_
496-3,BO094,496,496,5,caso,caso,caso,NOUN,_
496-4,BO094,496,496,6,(semplicissimo),semplicissimo,semplice,ADJ,_
496-5,BO094,496,496,7-8,dell',dell',_,_,Truncated=Yes
496-5a,_,_,496,7,_,di,di,ADP,_
496-5b,_,_,496,8,_,l',il,DET,_
496-6,BO094,496,496,9,aritmetica,aritmetica,aritmetica,NOUN,_
496-7,BO094,496,496,10,in,in,in,ADP,_
496-8,BO094,496,496,11,cui,cui,cui,PRON,_
496-9,BO094,496,496,12,si,si,si,PRON,_
496-10,BO094,496,496,13,ha,ha,avere,VERB,_
496-11,BO094,496,496,14,xx,x,x,X,_
496-12,BO094,496,496,15,assiomi,assiomi,assioma,NOUN,_
496-13,BO094,496,496,16,che,che,che,PRON,_
496-14,BO094,496,496,17,possiamo,possiamo,potere,AUX,_
496-15,BO094,496,496,18,"studiare,",studiare,studiare,VERB,Intonation=weakly_rising
497-0,BO094,497,497,1,e,e,e,CCONJ,_
497-1,BO094,497,497,2,poi,poi,poi,ADV,_
497-2,BO094,497,497,3,però,però,però,ADV,_
497-3,BO094,497,497,4,immagino,immagino,immaginare,VERB,_
497-4,BO094,497,497,5,che,che,che,SCONJ,_
497-5,BO094,497,497,6-7,al,al,_,_,_
497-5a,_,_,497,6,_,a,a,ADP,_
497-5b,_,_,497,7,_,il,il,DET,_
497-6,BO094,497,497,8,liceo,liceo,liceo,NOUN,_
497-7,BO094,497,497,9,xxxxx,x,x,X,_
497-8,BO094,497,497,10,prova,prova,prova,NOUN,_
497-9,BO094,497,497,11,commutativa,commutativa,commutativo,ADJ,_
498-0,BO094,498,498,1,o,o,o,CCONJ,_
498-1,BO094,498,498,2,avete,avete,avere,AUX,_
498-2,BO094,498,498,3,dimostrato,dimostrato,dimostrare,VERB,_
498-3,BO094,498,498,4,altre,altre,altro,DET,_
498-4,BO094,498,498,5,proprietà.,proprietà,proprietà,NOUN,Intonation=falling
499-0,BO094,499,499,1,oh,oh,oh,INTJ,_
500-0,BO094,500,500,1,perché,perché,perché,SCONJ,_
500-1,BO094,500,500,2,studiare,studiare,studiare,VERB,_
500-2,BO094,500,500,3,da,da,da,ADP,_
500-3,BO094,500,500,4,un,un,uno,DET,_
500-4,BO094,500,500,5,punto,punto,punto,NOUN,_
500-5,BO094,500,500,6,di,di,di,ADP,_
500-6,BO094,500,500,7,vista,vista,vista,NOUN,_
500-7,BO094,500,500,8,teorico,teorico,teorico,ADJ,_
500-8,BO094,500,500,9,astratto,astratto,astratto,ADJ,_
500-9,BO094,500,500,10,il,il,il,DET,_
500-10,BO094,500,500,11,concetto,concetto,concetto,NOUN,_
500-11,BO094,500,500,12,di,di,di,ADP,_
500-12,BO094,500,500,13,derivazione?,derivazione,derivazione,NOUN,Intonation=rising
501-0,BO094,501,501,1,perché,perché,perché,SCONJ,_
501-1,BO094,501,501,2,io,io,io,PRON,_
501-2,BO094,501,501,3,voglio,voglio,volere,AUX,_
501-3,BO094,501,501,4,studiare,studiare,studiare,VERB,_
501-4,BO094,501,501,5,una,una,uno,DET,_
501-5,BO094,501,501,6,teoria,teoria,teoria,NOUN,_
501-6,BO094,501,501,7-8,nel,nel,_,_,_
501-6a,_,_,501,7,_,in,in,ADP,_
501-6b,_,_,501,8,_,il,il,DET,_
501-7,BO094,501,501,9,suo,suo,suo,DET,_
501-8,BO094,501,501,10,complesso.,complesso,complesso,NOUN,Intonation=falling
502-0,BO094,502,502,1,e,e,e,CCONJ,_
502-1,BO094,502,502,2,voglio,voglio,volere,AUX,_
502-2,BO094,502,502,3,essere,essere,essere,AUX,_
502-3,BO094,502,502,4,sicura,sicura,sicuro,ADJ,_
503-0,BO094,503,503,1,che,che,che,SCONJ,_
504-0,BO094,504,504,1,"applicando,",applicando,applicare,VERB,Intonation=weakly_rising
504-1,BO094,504,504,2,partendo,partendo,partire,VERB,_
504-2,BO094,504,504,3,da,da,da,ADP,_
504-3,BO094,504,504,4,certi,certi,certo,DET,_
504-4,BO094,504,504,5,assiomi,assiomi,assioma,NOUN,_
504-5,BO094,504,504,6-7,della,della,_,_,_
504-5a,_,_,504,6,_,di,di,ADP,_
504-5b,_,_,504,7,_,la,il,DET,_
504-6,BO094,504,504,8,teoria,teoria,teoria,NOUN,_
505-0,BO094,505,505,1,che,che,che,SCONJ,_
505-1,BO094,505,505,2,applicando,applicando,applicare,VERB,_
505-2,BO094,505,505,3,le,le,il,DET,_
505-3,BO094,505,505,4,mie,mie,mio,DET,_
505-4,BO094,505,505,5,regole,regole,regola,NOUN,_
505-5,BO094,505,505,6,cioè,cioè,cioè,CCONJ,_
505-6,BO094,505,505,7,applicando,applicando,applicare,VERB,_
505-7,BO094,505,505,8,la,la,il,DET,_
505-8,BO094,505,505,9,macchinetta,macchinetta,macchinetta,NOUN,_
505-9,BO094,505,505,10,logica,logica,logico,ADJ,_
505-10,BO094,505,505,11,il,il,il,DET,_
505-11,BO094,505,505,12,meccanismo,meccanismo,meccanismo,NOUN,_
505-12,BO094,505,505,13,"logico,",logico,logico,ADJ,Intonation=weakly_rising
506-0,BO094,506,506,1,non,non,non,ADV,_
506-1,BO094,506,506,2,arrivo,arrivo,arrivare,VERB,_
506-2,BO094,506,506,3,mai,mai,mai,ADV,_
507-0,BO094,507,507,1,a,a,a,ADP,_
507-1,BO094,507,507,2,una,una,uno,DET,_
508-0,BO094,508,508,1,derivazione,derivazione,derivazione,NOUN,_
509-0,BO094,509,509,1,che,che,che,SCONJ,_
509-1,BO094,509,509,2,in,in,in,ADP,_
509-2,BO094,509,509,3,aritmetica,aritmetica,aritmetica,NOUN,_
509-3,BO094,509,509,4,per,per,per,ADP,_
509-4,BO094,509,509,5,esempio,esempio,esempio,NOUN,_
509-5,BO094,509,509,6,termina,termina,terminare,VERB,_
509-6,BO094,509,509,7,con,con,con,ADP,_
509-7,BO094,509,509,8,zero,zero,zero,NUM,_
509-8,BO094,509,509,9,uguale,uguale,uguale,ADJ,_
509-9,BO094,509,509,10,a,a,a,ADP,_
509-10,BO094,509,509,11,uno,uno,uno,PRON,_
509-11,BO094,509,509,12,che,che,che,PRON,_
509-12,BO094,509,509,13,è,è,essere,AUX,_
509-13,BO094,509,509,14,un,un,uno,DET,_
509-14,BO094,509,509,15,modo,modo,modo,NOUN,_
509-15,BO094,509,509,16,per,per,per,ADP,_
509-16,BO094,509,509,17,dire,dire,dire,VERB,_
509-17,BO094,509,509,18,xx,x,x,X,_
510-0,BO094,510,510,1,xxx,x,decimo,ADJ,_
511-0,BO094,511,511,1,e,e,e,CCONJ,_
511-1,BO094,511,511,2,questo,questo,questo,PRON,_
511-2,BO094,511,511,3,diciamo,diciamo,dire,VERB,_
511-3,BO094,511,511,4,da,da,da,ADP,_
511-4,BO094,511,511,5,un,un,uno,DET,_
511-5,BO094,511,511,6,punto,punto,punto,NOUN,_
511-6,BO094,511,511,7,di,di,di,ADP,_
511-7,BO094,511,511,8,vista,vista,vista,NOUN,_
511-8,BO094,511,511,9,generale,generale,generale,ADJ,_
511-9,BO094,511,511,10,questo,questo,questo,PRON,_
511-10,BO094,511,511,11,è,è,essere,AUX,_
511-11,BO094,511,511,12,il,il,il,DET,_
511-12,BO094,511,511,13,grosso,grosso,grosso,ADJ,_
511-13,BO094,511,511,14,problema,problema,problema,NOUN,_
511-14,BO094,511,511,15,xx,x,x,X,_
511-15,BO094,511,511,16-17,all',all',_,_,Truncated=Yes
511-15a,_,_,511,16,_,a,a,ADP,_
511-15b,_,_,511,17,_,l',il,DET,_
511-16,BO094,511,511,18,inizio,inizio,inizio,NOUN,_
511-17,BO094,511,511,19-20,del,del,_,_,_
511-17a,_,_,511,19,_,di,di,ADP,_
511-17b,_,_,511,20,_,il,il,DET,_
511-18,BO094,511,511,21,"novecento,",novecento,novecento,NUM,Intonation=weakly_rising
512-0,BO094,512,512,1,che,che,che,PRON,_
512-1,BO094,512,512,2,è,è,essere,AUX,_
512-2,BO094,512,512,3,il,il,il,DET,_
512-3,BO094,512,512,4,problema,problema,problema,NOUN,_
513-0,BO094,513,513,1-2,della,della,_,_,_
513-0a,_,_,513,1,_,di,di,ADP,_
513-0b,_,_,513,2,_,la,il,DET,_
514-0,BO094,514,514,1,consistenza,consistenza,consistenza,NOUN,_
515-0,BO094,515,515,1,ecco,ecco,ecco,ADV,_
515-1,BO094,515,515,2,perché,perché,perché,SCONJ,_
515-2,BO094,515,515,3,si,si,si,PRON,_
515-3,BO094,515,515,4,studiano,studiano,studiare,VERB,_
515-4,BO094,515,515,5,le,le,il,DET,_
515-5,BO094,515,515,6,dimostrazioni,dimostrazioni,dimostrazione,NOUN,_
515-6,BO094,515,515,7,ecco,ecco,ecco,ADV,_
515-7,BO094,515,515,8,perché,perché,perché,SCONJ,_
515-8,BO094,515,515,9,si,si,si,PRON,_
515-9,BO094,515,515,10,fa,fa,fare,VERB,_
515-10,BO094,515,515,11,la,la,il,DET,_
515-11,BO094,515,515,12,proof,proof,proof,X,_
515-12,BO094,515,515,13,theory,theory,theory,X,_
515-13,BO094,515,515,14,la,la,la,X,_
515-14,BO094,515,515,15,proof,proof,proof,X,_
515-15,BO094,515,515,16,theory,theory,theory,X,_
515-16,BO094,515,515,17,è,è,essere,AUX,_
515-17,BO094,515,515,18,partita,partita,partire,VERB,_
515-18,BO094,515,515,19,con,con,con,ADP,_
515-19,BO094,515,515,20-21,delle,delle,_,_,_
515-19a,_,_,515,20,_,di,di,ADP,_
515-19b,_,_,515,21,_,le,il,DET,_
515-20,BO094,515,515,22,ambizioni,ambizioni,ambizione,NOUN,_
515-21,BO094,515,515,23,enormi,enormi,enorme,ADJ,_
516-0,BO094,516,516,1,okay,okay,okay,INTJ,_
516-1,BO094,516,516,2,xx,x,x,X,_
516-2,BO094,516,516,3,quindi,quindi,quindi,ADV,_
516-3,BO094,516,516,4,cerchiamo,cerchiamo,cercare,VERB,_
516-4,BO094,516,516,5-6,della,della,_,_,_
516-4a,_,_,516,5,_,di,di,ADP,_
516-4b,_,_,516,6,_,la,il,DET,_
516-5,BO094,516,516,7,consistenza,consistenza,consistenza,NOUN,_
516-6,BO094,516,516,8,de,de,di,ADP,_
516-7,BO094,516,516,9,xx,x,x,X,_
517-0,BO094,517,517,1,quindi,quindi,quindi,ADV,_
517-1,BO094,517,517,2,l',l',il,DET,Truncated=Yes
517-2,BO094,517,517,3,aritmetica,aritmetica,aritmetica,NOUN,_
517-3,BO094,517,517,4,considerata,considerata,considerare,VERB,_
517-4,BO094,517,517,5,come,come,come,ADP,_
517-5,BO094,517,517,6,la,la,il,DET,_
517-6,BO094,517,517,7,teoria,teoria,teoria,NOUN,_
517-7,BO094,517,517,8,matematica,matematica,matematica,ADJ,_
517-8,BO094,517,517,9,"basilare,",basilare,basilare,VERB,Intonation=weakly_rising
518-0,BO094,518,518,1,xx,x,decimo,x,_
518-1,BO094,518,518,2,posto,posto,posto,NOUN,_
518-2,BO094,518,518,3,in,in,in,ADP,_
518-3,BO094,518,518,4,cui,cui,cui,PRON,_
518-4,BO094,518,518,5,si,si,si,PRON,_
518-5,BO094,518,518,6,costruisce,costruisce,costruire,VERB,_
518-6,BO094,518,518,7,la,la,il,DET,_
518-7,BO094,518,518,8,teoria,teoria,teoria,NOUN,_
518-8,BO094,518,518,9-10,dei,dei,_,_,_
518-8a,_,_,518,9,_,di,di,ADP,_
518-8b,_,_,518,10,_,i,il,DET,_
518-9,BO094,518,518,11,numeri,numeri,numero,NOUN,_
518-10,BO094,518,518,12,"razionali,",razionali,razionale,ADJ,Intonation=weakly_rising
518-11,BO094,518,518,13,la,la,il,DET,_
518-12,BO094,518,518,14,teoria,teoria,teoria,NOUN,_
518-13,BO094,518,518,15-16,dei,dei,_,_,_
518-13a,_,_,518,15,_,di,di,ADP,_
518-13b,_,_,518,16,_,i,il,DET,_
518-14,BO094,518,518,17,numeri,numeri,numero,NOUN,_
518-15,BO094,518,518,18,"reali,",reali,reale,ADJ,Intonation=weakly_rising
518-16,BO094,518,518,19,ma,ma,ma,CCONJ,_
518-17,BO094,518,518,20,intanto,intanto,intanto,ADV,_
519-0,BO094,519,519,1,l~,l~,l~,X,Interrupted=Yes
519-1,BO094,519,519,2,ragioniamo,ragioniamo,ragionare,VERB,_
519-2,BO094,519,519,3-4,sui,sui,_,_,_
519-2a,_,_,519,3,_,su,su,ADP,_
519-2b,_,_,519,4,_,i,il,DET,_
519-3,BO094,519,519,5,numeri,numeri,numero,NOUN,_
519-4,BO094,519,519,6,naturali.,naturali,naturale,ADJ,Intonation=falling
520-0,BO094,520,520,1,va,va,andare,VERB,_
520-1,BO094,520,520,2,bene?,bene,bene,ADV,Intonation=rising
521-0,BO094,521,521,1,e,e,e,CCONJ,_
521-1,BO094,521,521,2,facciamo,facciamo,fare,VERB,_
521-2,BO094,521,521,3,una,una,uno,DET,_
521-3,BO094,521,521,4,teoria,teoria,teoria,NOUN,_
521-4,BO094,521,521,5-6,dei,dei,_,_,_
521-4a,_,_,521,5,_,di,di,ADP,_
521-4b,_,_,521,6,_,i,il,DET,_
521-5,BO094,521,521,7,numeri.,numeri,numero,NOUN,Intonation=falling
522-0,BO094,522,522,1,eh,eh,eh,INTJ,_
522-1,BO094,522,522,2,il,il,il,DET,_
522-2,BO094,522,522,3,problema,problema,problema,NOUN,_
522-3,BO094,522,522,4,che,che,che,PRON,_
522-4,BO094,522,522,5,ci,ci,ci,PRON,_
522-5,BO094,522,522,6,si,si,si,PRON,_
522-6,BO094,522,522,7,pone,pone,porre,VERB,_
522-7,BO094,522,522,8-9,all',all',_,_,Truncated=Yes
522-7a,_,_,522,8,_,a,a,ADP,_
522-7b,_,_,522,9,_,l',il,DET,_
522-8,BO094,522,522,10,inizio,inizio,inizio,NOUN,_
522-9,BO094,522,522,11-12,del,del,_,_,_
522-9a,_,_,522,11,_,di,di,ADP,_
522-9b,_,_,522,12,_,il,il,DET,_
522-10,BO094,522,522,13,secolo,secolo,secolo,NOUN,_
522-11,BO094,522,522,14,"scorso,",scorso,scorso,ADJ,Intonation=weakly_rising
523-0,BO094,523,523,1,qui,qui,qui,ADV,_
523-1,BO094,523,523,2,il,il,il,DET,_
523-2,BO094,523,523,3,grande,grande,grande,ADJ,_
523-3,BO094,523,523,4,il,il,il,DET,_
523-4,BO094,523,523,5,grande,grande,grande,ADJ,_
523-5,BO094,523,523,6,eroe,eroe,eroe,NOUN,_
523-6,BO094,523,523,7,è,è,essere,AUX,_
523-7,BO094,523,523,8,david,david,David,PROPN,_
523-8,BO094,523,523,9,xx,x,x,X,_
524-0,BO094,524,524,1,con,con,con,ADP,_
524-1,BO094,524,524,2,la,la,il,DET,_
524-2,BO094,524,524,3,sua,sua,suo,DET,_
524-3,BO094,524,524,4,scuola,scuola,scuola,NOUN,_
524-4,BO094,524,524,5,fra,fra,fra,ADP,_
524-5,BO094,524,524,6,cui,cui,cui,PRON,_
524-6,BO094,524,524,7,il,il,il,DET,_
524-7,BO094,524,524,8,nostro,nostro,nostro,DET,_
524-8,BO094,524,524,9,amico,amico,amico,NOUN,_
524-9,BO094,524,524,10,gerard,gerard,Gerard,PROPN,_
524-10,BO094,524,524,11,"gentzen,",gentzen,Gentzen,PROPN,Intonation=weakly_rising
525-0,BO094,525,525,1,va,va,andare,VERB,_
525-1,BO094,525,525,2,bene?,bene,bene,ADV,Intonation=rising
525-2,BO094,525,525,3,si,si,si,PRON,_
525-3,BO094,525,525,4,pone,pone,porre,VERB,_
525-4,BO094,525,525,5,il,il,il,DET,_
525-5,BO094,525,525,6,problema,problema,problema,NOUN,_
525-6,BO094,525,525,7-8,della,della,_,_,_
525-6a,_,_,525,7,_,di,di,ADP,_
525-6b,_,_,525,8,_,la,il,DET,_
525-7,BO094,525,525,9,consistenza,consistenza,consistenza,NOUN,_
525-8,BO094,525,525,10-11,dell',dell',_,_,Truncated=Yes
525-8a,_,_,525,10,_,di,di,ADP,_
525-8b,_,_,525,11,_,l',il,DET,_
525-9,BO094,525,525,12,aritmetica,aritmetica,aritmetica,NOUN,_
526-0,BO094,526,526,1,e,e,e,CCONJ,_
526-1,BO094,526,526,2,se,se,se,SCONJ,_
526-2,BO094,526,526,3,lo,lo,lo,PRON,_
526-3,BO094,526,526,4,pone,pone,porre,VERB,_
526-4,BO094,526,526,5,in,in,in,ADP,_
526-5,BO094,526,526,6,un,un,uno,DET,_
526-6,BO094,526,526,7,modo,modo,modo,NOUN,_
526-7,BO094,526,526,8,molto,molto,molto,ADV,_
526-8,BO094,526,526,9,molto,molto,molto,ADV,_
526-9,BO094,526,526,10,concreto.,concreto,concreto,ADJ,Intonation=falling
527-0,BO094,527,527,1,dice,dice,dire,VERB,_
527-1,BO094,527,527,2,bene,bene,bene,ADV,_
527-2,BO094,527,527,3,diamo,diamo,dire,VERB,_
527-3,BO094,527,527,4,una,una,uno,DET,_
527-4,BO094,527,527,5,definizione,definizione,definizione,NOUN,_
527-5,BO094,527,527,6,precisa,precisa,preciso,ADJ,_
527-6,BO094,527,527,7,di,di,di,ADP,_
527-7,BO094,527,527,8,derivazione.,derivazione,derivazione,NOUN,Intonation=falling
528-0,BO094,528,528,1,che,che,che,PRON,_
528-1,BO094,528,528,2,è,è,essere,AUX,_
528-2,BO094,528,528,3,quello,quello,quello,PRON,_
528-3,BO094,528,528,4,che,che,che,PRON,_
528-4,BO094,528,528,5,voi,voi,voi,PRON,_
528-5,BO094,528,528,6,avete,avete,avere,VERB,_
528-6,BO094,528,528,7-8,nei,nei,_,_,_
528-6a,_,_,528,7,_,in,in,ADP,_
528-6b,_,_,528,8,_,i,il,DET,_
528-7,BO094,528,528,9,foglietti,foglietti,foglietto,NOUN,_
528-8,BO094,528,528,10,eh,eh,eh,INTJ,_
528-9,BO094,528,528,11,non,non,non,ADV,_
528-10,BO094,528,528,12,è,è,essere,AUX,_
528-11,BO094,528,528,13,niente,niente,niente,PRON,_
528-12,BO094,528,528,14,di,di,di,ADP,_
528-13,BO094,528,528,15,più,più,più,ADV,_
529-0,BO094,529,529,1,diamo,diamo,dire,VERB,_
529-1,BO094,529,529,2,una,una,uno,DET,_
529-2,BO094,529,529,3,definizione,definizione,definizione,NOUN,_
529-3,BO094,529,529,4,precisa,precisa,preciso,ADJ,_
529-4,BO094,529,529,5,di,di,di,ADP,_
529-5,BO094,529,529,6,"derivazione,",derivazione,derivazione,NOUN,Intonation=weakly_rising
530-0,BO094,530,530,1,studiamo,studiamo,studare,VERB,_
530-1,BO094,530,530,2,le,le,il,DET,_
530-2,BO094,530,530,3,derivazioni,derivazioni,derivazione,NOUN,_
531-0,BO094,531,531,1,eccola,eccola,eccolare,VERB,_
531-1,BO094,531,531,2,proof,proof,proof,X,_
531-2,BO094,531,531,3,theory,theory,theory,X,_
531-3,BO094,531,531,4,va,va,andare,VERB,_
531-4,BO094,531,531,5,"bene,",bene,bene,ADV,Intonation=weakly_rising
531-5,BO094,531,531,6,a,a,a,ADP,_
531-6,BO094,531,531,7,un,un,uno,DET,_
531-7,BO094,531,531,8,progetto,progetto,progetto,NOUN,_
531-8,BO094,531,531,9,di,di,di,ADP,_
531-9,BO094,531,531,10,ricerca,ricerca,ricerca,NOUN,_
531-10,BO094,531,531,11,va,va,andare,AUX,_
531-11,BO094,531,531,12,bene,bene,bene,ADV,_
531-12,BO094,531,531,13,studiamo,studiamo,studiare,VERB,_
531-13,BO094,531,531,14,le,le,il,DET,_
531-14,BO094,531,531,15,derivazioni,derivazioni,derivazione,NOUN,_
532-0,BO094,532,532,1,e,e,e,CCONJ,_
532-1,BO094,532,532,2,mostriamo,mostriamo,mostrare,VERB,_
532-2,BO094,532,532,3,che,che,che,SCONJ,_
532-3,BO094,532,532,4,nessuna,nessuna,nessuno,DET,_
532-4,BO094,532,532,5,derivazione,derivazione,derivazione,NOUN,_
532-5,BO094,532,532,6,aritmetica,aritmetica,aritmetico,ADJ,_
532-6,BO094,532,532,7,può,può,potere,AUX,_
532-7,BO094,532,532,8,terminare,terminare,terminare,VERB,_
532-8,BO094,532,532,9,con,con,con,ADP,_
532-9,BO094,532,532,10,zero,zero,zero,NUM,_
532-10,BO094,532,532,11,uguale,uguale,uguale,ADJ,_
532-11,BO094,532,532,12,a,a,a,ADP,_
532-12,BO094,532,532,13,uno.,uno,uno,DET,Intonation=falling
533-0,BO094,533,533,1,in,in,in,ADP,_
533-1,BO094,533,533,2,questo,questo,questo,DET,_
533-2,BO094,533,533,3,modo,modo,modo,NOUN,_
533-3,BO094,533,533,4,io,io,io,PRON,_
533-4,BO094,533,533,5,ho,ho,avere,AUX,_
533-5,BO094,533,533,6,dimostrato,dimostrato,dimostrare,VERB,_
533-6,BO094,533,533,7,che,che,che,SCONJ,_
533-7,BO094,533,533,8,diciamo,diciamo,dire,VERB,_
534-0,BO094,534,534,1,tutto,tutto,tutto,PRON,_
534-1,BO094,534,534,2,e,e,e,CCONJ,_
534-2,BO094,534,534,3,gli,gli,il,DET,_
534-3,BO094,534,534,4,assiomi,assiomi,assiomo,NOUN,_
534-4,BO094,534,534,5,i,i,il,DET,_
534-5,BO094,534,534,6,principi,principi,principio,NOUN,_
534-6,BO094,534,534,7,primi,primi,primo,ADJ,_
534-7,BO094,534,534,8-9,dell',dell',_,_,Truncated=Yes
534-7a,_,_,534,8,_,di,di,ADP,_
534-7b,_,_,534,9,_,l',il,DET,_
534-8,BO094,534,534,10,aritmetica,aritmetica,aritmetica,NOUN,_
534-9,BO094,534,534,11,uniti,uniti,unire,VERB,_
534-10,BO094,534,534,12-13,al,al,_,_,_
534-10a,_,_,534,12,_,a,a,ADP,_
534-10b,_,_,534,13,_,il,il,DET,_
534-11,BO094,534,534,14,meccanismo,meccanismo,meccanismo,NOUN,_
534-12,BO094,534,534,15,logico,logico,logico,ADJ,_
534-13,BO094,534,534,16,non,non,non,ADV,_
534-14,BO094,534,534,17,danno,danno,dare,VERB,_
534-15,BO094,534,534,18,luogo,luogo,luogo,NOUN,_
534-16,BO094,534,534,19,a,a,a,ADP,_
534-17,BO094,534,534,20,xxx,x,x,X,_
534-18,BO094,534,534,21,perché,perché,perché,SCONJ,_
534-19,BO094,534,534,22,basta,basta,bastare,VERB,_
534-20,BO094,534,534,23,"che,",che,che,SCONJ,Intonation=weakly_rising
535-0,BO094,535,535,1,ci,ci,ci,PRON,_
535-1,BO094,535,535,2,sia,sia,essere,AUX,_
535-2,BO094,535,535,3,una,una,uno,DET,_
535-3,BO094,535,535,4,tradizione,tradizione,tradizione,NOUN,_
535-4,BO094,535,535,5,zero,zero,zero,NUM,_
535-5,BO094,535,535,6,uguale,uguale,uguale,ADJ,_
535-6,BO094,535,535,7,a,a,a,ADP,_
535-7,BO094,535,535,8,uno,uno,uno,DET,_
535-8,BO094,535,535,9,quindi,quindi,quindi,ADV,_
535-9,BO094,535,535,10,falsa,falsa,falso,ADJ,_
535-10,BO094,535,535,11,che,che,che,PRON,_
535-11,BO094,535,535,12,voi,voi,voi,PRON,_
535-12,BO094,535,535,13,sapete,sapete,sapere,VERB,_
535-13,BO094,535,535,14,che,che,che,SCONJ,_
535-14,BO094,535,535,15,una,una,uno,DET,_
535-15,BO094,535,535,16,logica,logica,logica,NOUN,_
535-16,BO094,535,535,17,classica,classica,classico,ADJ,_
535-17,BO094,535,535,18-19,dal,dal,_,_,_
535-17a,_,_,535,18,_,da,da,ADP,_
535-17b,_,_,535,19,_,il,il,DET,_
535-18,BO094,535,535,20,falso,falso,falso,NOUN,_
535-19,BO094,535,535,21,segue,segue,seguire,VERB,_
535-20,BO094,535,535,22,tutto.,tutto,tutto,PRON,Intonation=falling
536-0,BO094,536,536,1,va,va,andare,VERB,_
536-1,BO094,536,536,2,bene?,bene,bene,ADV,Intonation=rising
536-2,BO094,536,536,3,quindi,quindi,quindi,ADV,_
536-3,BO094,536,536,4,da,da,da,ADP,_
536-4,BO094,536,536,5,zero,zero,zero,NUM,_
536-5,BO094,536,536,6,uguale,uguale,uguale,ADJ,_
536-6,BO094,536,536,7,a,a,a,ADP,_
536-7,BO094,536,536,8,uno,uno,uno,DET,_
536-8,BO094,536,536,9,qualsiasi,qualsiasi,qualsiasi,ADJ,_
536-9,BO094,536,536,10,cosa,cosa,cosa,NOUN,_
536-10,BO094,536,536,11,cinque,cinque,cinque,NUM,_
536-11,BO094,536,536,12,uguale,uguale,uguale,ADJ,_
536-12,BO094,536,536,13,a,a,a,ADP,_
536-13,BO094,536,536,14,quattro,quattro,quattro,NUM,_
536-14,BO094,536,536,15,xx,x,x,X,_
536-15,BO094,536,536,16,tutto,tutto,tutto,DET,_
536-16,BO094,536,536,17,teoremi,teoremi,teorema,NOUN,_
536-17,BO094,536,536,18,veri,veri,vero,ADJ,_
536-18,BO094,536,536,19,falsi,falsi,falso,ADJ,_
536-19,BO094,536,536,20,tutti,tutti,tutti,PRON,_
536-20,BO094,536,536,21,xx,x,x,X,_
537-0,BO094,537,537,1,va,va,andare,VERB,_
537-1,BO094,537,537,2,bene?,bene,bene,ADV,Intonation=rising
538-0,BO094,538,538,1,oh,oh,oh,INTJ,_
538-1,BO094,538,538,2,allora,allora,allora,ADV,_
538-2,BO094,538,538,3,questo,questo,questo,DET,_
538-3,BO094,538,538,4,lavoro,lavoro,lavoro,NOUN,_
538-4,BO094,538,538,5-6,della,della,_,_,_
538-4a,_,_,538,5,_,di,di,ADP,_
538-4b,_,_,538,6,_,la,il,DET,_
538-5,BO094,538,538,7,proof,proof,proof,NOUN,_
538-6,BO094,538,538,8,theory,theory,theory,ADJ,_
538-7,BO094,538,538,9,che,che,che,PRON,_
538-8,BO094,538,538,10,è,è,essere,AUX,_
538-9,BO094,538,538,11,stato,stato,essere,AUX,_
538-10,BO094,538,538,12,portato,portato,portare,VERB,_
538-11,BO094,538,538,13,avanti,avanti,avanti,ADV,_
538-12,BO094,538,538,14,inizialmente,inizialmente,inizialmente,ADV,_
538-13,BO094,538,538,15,da,da,da,ADP,_
538-14,BO094,538,538,16,xx,x,x,X,_
538-15,BO094,538,538,17,e,e,e,CCONJ,_
538-16,BO094,538,538,18-19,dalla,dalla,_,_,_
538-16a,_,_,538,18,_,da,da,ADP,_
538-16b,_,_,538,19,_,la,il,DET,_
538-17,BO094,538,538,20,sua,sua,suo,DET,_
538-18,BO094,538,538,21,scuola,scuola,scuola,NOUN,_
538-19,BO094,538,538,22,tra,tra,tra,ADP,_
538-20,BO094,538,538,23,cui,cui,cui,PRON,_
538-21,BO094,538,538,24,"gentzen,",gentzen,Gentzen,PROPN,Intonation=weakly_rising
539-0,BO094,539,539,1-2,all',all',_,_,Truncated=Yes
539-0a,_,_,539,1,_,a,a,ADP,_
539-0b,_,_,539,2,_,l',il,DET,_
539-1,BO094,539,539,3,università,università,università,NOUN,_
539-2,BO094,539,539,4,di,di,di,ADP,_
539-3,BO094,539,539,5,gottingen,gottingen,Gottingen,PROPN,_
539-4,BO094,539,539,6,ha,ha,avere,AUX,_
539-5,BO094,539,539,7,avuto,avuto,avere,VERB,_
539-6,BO094,539,539,8,tuttora,tuttora,tuttora,ADV,_
539-7,BO094,539,539,9,come,come,come,ADP,_
539-8,BO094,539,539,10,dire,dire,dire,VERB,_
539-9,BO094,539,539,11,ora,ora,ora,ADV,_
539-10,BO094,539,539,12,e:h,eh,eh,INTJ,_
539-11,BO094,539,539,13,cioè,cioè,cioè,ADV,_
539-12,BO094,539,539,14,ha,ha,avere,AUX,_
539-13,BO094,539,539,15,messo,messo,mettere,VERB,_
539-14,BO094,539,539,16,in,in,in,ADP,_
539-15,BO094,539,539,17,piedi,piedi,piede,NOUN,_
539-16,BO094,539,539,18,una,una,uno,DET,_
540-0,BO094,540,540,1,catena,catena,catena,NOUN,_
540-1,BO094,540,540,2,di,di,di,ADP,_
540-2,BO094,540,540,3,ricerche,ricerche,ricerca,NOUN,_
540-3,BO094,540,540,4,fondazionali,fondazionali,fondazionale,ADJ,_
541-0,BO094,541,541,1,di,di,di,ADP,_
541-1,BO094,541,541,2,estrema,estrema,estremo,ADJ,_
541-2,BO094,541,541,3,importanza.,importanza,importanza,NOUN,Intonation=falling
542-0,BO094,542,542,1,e,e,e,CCONJ,_
542-1,BO094,542,542,2,quindi,quindi,quindi,ADV,_
542-2,BO094,542,542,3,quando,quando,quando,SCONJ,_
542-3,BO094,542,542,4,si,si,si,PRON,_
542-4,BO094,542,542,5,parla,parla,parlare,VERB,_
542-5,BO094,542,542,6,di,di,di,ADP,_
542-6,BO094,542,542,7,fondamenti,fondamenti,fondamento,NOUN,_
542-7,BO094,542,542,8-9,della,della,_,_,_
542-7a,_,_,542,8,_,di,di,ADP,_
542-7b,_,_,542,9,_,la,il,DET,_
542-8,BO094,542,542,10,matematica,matematica,matematica,NOUN,_
543-0,BO094,543,543,1,questo,questo,questo,PRON,_
543-1,BO094,543,543,2,è,è,essere,AUX,_
543-2,BO094,543,543,3,il,il,il,DET,_
543-3,BO094,543,543,4,primo,primo,primo,ADJ,_
543-4,BO094,543,543,5,problema,problema,problema,NOUN,_
543-5,BO094,543,543,6,da,da,da,ADP,_
543-6,BO094,543,543,7,risolvere.,risolvere,risolvere,VERB,Intonation=falling
544-0,BO094,544,544,1,va,va,andare,VERB,_
544-1,BO094,544,544,2,bene?,bene,bene,ADV,Intonation=rising
545-0,BO094,545,545,1,poi,poi,poi,ADV,_
545-1,BO094,545,545,2,vi,vi,vi,PRON,_
545-2,BO094,545,545,3,dirò,dirò,dirare,VERB,_
545-3,BO094,545,545,4,che,che,che,SCONJ,_
545-4,BO094,545,545,5,non,non,non,ADV,_
545-5,BO094,545,545,6,è,è,essere,AUX,_
545-6,BO094,545,545,7,possibile,possibile,possibile,ADJ,_
545-7,BO094,545,545,8-9,risolverlo.,risolverlo,_,_,Intonation=falling
545-7a,_,_,545,8,_,risolver,risolvere,VERB,_
545-7b,_,_,545,9,_,lo,lo,PRON,_
546-0,BO094,546,546,1,poi,poi,poi,ADV,_
546-1,BO094,546,546,2,questo,questo,questo,PRON,_
546-2,BO094,546,546,3,spesso,spesso,spesso,ADV,_
546-3,BO094,546,546,4,xx,x,x,X,_
546-4,BO094,546,546,5,però,però,però,ADV,_
546-5,BO094,546,546,6,per,per,per,ADP,_
546-6,BO094,546,546,7-8,dirvi,dirvi,_,_,_
546-6a,_,_,546,7,_,dir,dire,VERB,_
546-6b,_,_,546,8,_,vi,vi,PRON,_
546-7,BO094,546,546,9,che,che,che,SCONJ,_
546-8,BO094,546,546,10,quel,quel,quello,DET,_
546-9,BO094,546,546,11,pochino,pochino,pochino,NOUN,_
546-10,BO094,546,546,12,che,che,che,PRON,_
546-11,BO094,546,546,13,noi,noi,noi,PRON,_
546-12,BO094,546,546,14,stiamo,stiamo,stare,AUX,_
546-13,BO094,546,546,15,facendo,facendo,fare,VERB,_
547-0,BO094,547,547,1,di,di,di,ADP,_
547-1,BO094,547,547,2,riflettere,riflettere,riflettere,VERB,_
547-2,BO094,547,547,3-4,sulle,sulle,_,_,_
547-2a,_,_,547,3,_,su,su,ADP,_
547-2b,_,_,547,4,_,le,il,DET,_
547-3,BO094,547,547,5,derivazioni,derivazioni,derivazione,NOUN,_
548-0,BO094,548,548,1,o,o,o,CCONJ,_
548-1,BO094,548,548,2,quanto,quanto,quanto,ADV,_
548-2,BO094,548,548,3,meno,meno,meno,ADV,_
548-3,BO094,548,548,4,di,di,di,ADP,_
548-4,BO094,548,548,5,mostrare,mostrare,mostrare,VERB,_
548-5,BO094,548,548,6,il,il,il,DET,_
548-6,BO094,548,548,7,teorema,teorema,teorema,NOUN,_
548-7,BO094,548,548,8,di,di,di,ADP,_
548-8,BO094,548,548,9,"validità,",validità,validità,NOUN,Intonation=weakly_rising
549-0,BO094,549,549,1,va,va,andare,VERB,_
549-1,BO094,549,549,2,bene,bene,bene,ADV,_
549-2,BO094,549,549,3,non,non,non,ADV,_
549-3,BO094,549,549,4,è,è,essere,AUX,_
549-4,BO094,549,549,5,un,un,uno,DET,_
549-5,BO094,549,549,6,gioco,gioco,gioco,NOUN,_
549-6,BO094,549,549,7,isolato,isolato,isolato,ADJ,_
549-7,BO094,549,549,8,è,è,essere,AUX,_
549-8,BO094,549,549,9,un,un,uno,DET,_
549-9,BO094,549,549,10,gioco,gioco,gioco,NOUN,_
549-10,BO094,549,549,11-12,all',all',_,_,Truncated=Yes
549-10a,_,_,549,11,_,a,a,ADP,_
549-10b,_,_,549,12,_,l',il,DET,_
549-11,BO094,549,549,13,interno,interno,interno,NOUN,_
550-0,BO094,550,550,1,di,di,di,ADP,_
550-1,BO094,550,550,2,un,un,uno,DET,_
550-2,BO094,550,550,3,grandissimo,grandissimo,grande,ADJ,_
550-3,BO094,550,550,4,progetto,progetto,progetto,NOUN,_
550-4,BO094,550,550,5,di,di,di,ADP,_
550-5,BO094,550,550,6,ricerca,ricerca,ricerca,NOUN,_
550-6,BO094,550,550,7,iniziato,iniziato,iniziare,VERB,_
550-7,BO094,550,550,8-9,nel,nel,_,_,_
550-7a,_,_,550,8,_,in,in,ADP,_
550-7b,_,_,550,9,_,il,il,DET,_
550-8,BO094,550,550,10,secolo,secolo,secolo,NOUN,_
550-9,BO094,550,550,11,scorso.,scorso,scorso,ADJ,Intonation=falling
551-0,BO094,551,551,1,o:::h,oh,oh,INTJ,_
552-0,BO094,552,552,1,allora,allora,allora,ADV,_
552-1,BO094,552,552,2,ora,ora,ora,ADV,_
552-2,BO094,552,552,3,voi,voi,voi,PRON,_
552-3,BO094,552,552,4,capite,capite,capita,NOUN,_
552-4,BO094,552,552,5,che,che,che,PRON,_
553-0,BO094,553,553,1,pe::r,per,per,ADP,_
554-0,BO094,554,554,1,cercare,cercare,cercare,VERB,_
554-1,BO094,554,554,2,di,di,di,ADP,_
554-2,BO094,554,554,3,dimostrare,dimostrare,dimostrare,VERB,_
555-0,BO094,555,555,1,che,che,che,SCONJ,_
555-1,BO094,555,555,2,nessuna,nessuna,nessuno,DET,_
555-2,BO094,555,555,3,derivazione,derivazione,derivazione,NOUN,_
555-3,BO094,555,555,4,può,può,potere,AUX,_
556-0,BO094,556,556,1,e,e,e,CCONJ,_
556-1,BO094,556,556,2,x,x,x,X,_
556-2,BO094,556,556,3,aritmetica,aritmetica,aritmeticare,VERB,_
556-3,BO094,556,556,4,perché,perché,perché,SCONJ,_
556-4,BO094,556,556,5,su,su,su,ADP,_
556-5,BO094,556,556,6,cui,cui,cui,PRON,_
556-6,BO094,556,556,7,avvengono,avvengono,avvenire,VERB,_
556-7,BO094,556,556,8,anche,anche,anche,ADV,_
556-8,BO094,556,556,9,principi,principi,principio,NOUN,_
556-9,BO094,556,556,10,aritmetici,aritmetici,aritmetico,ADJ,_
557-0,BO094,557,557,1,può,può,potere,AUX,_
557-1,BO094,557,557,2,terminare,terminare,terminare,VERB,_
557-2,BO094,557,557,3,con,con,con,ADP,_
557-3,BO094,557,557,4,zero,zero,zero,NUM,_
557-4,BO094,557,557,5,uguale,uguale,uguale,ADJ,_
557-5,BO094,557,557,6,a,a,a,ADP,_
557-6,BO094,557,557,7,uno,uno,uno,DET,_
558-0,BO094,558,558,1,il,il,il,DET,_
558-1,BO094,558,558,2,modo,modo,modo,NOUN,_
558-2,BO094,558,558,3,in,in,in,ADP,_
558-3,BO094,558,558,4,cui,cui,cui,PRON,_
558-4,BO094,558,558,5,le,le,il,DET,_
558-5,BO094,558,558,6,derivazioni,derivazioni,derivazione,NOUN,_
558-6,BO094,558,558,7,vengono,vengono,venire,AUX,_
558-7,BO094,558,558,8,presentate,presentate,presentare,VERB,_
559-0,BO094,559,559,1,è,è,essere,AUX,_
559-1,BO094,559,559,2,di,di,di,ADP,_
559-2,BO094,559,559,3,fondamentale,fondamentale,fondamentale,ADJ,_
559-3,BO094,559,559,4,importanza.,importanza,importanza,NOUN,Intonation=falling
560-0,BO094,560,560,1,quindi,quindi,quindi,ADV,_
560-1,BO094,560,560,2,gentzen,gentzen,Gentzen,PROPN,_
560-2,BO094,560,560,3,ci,ci,ci,PRON,_
560-3,BO094,560,560,4,ha,ha,avere,AUX,_
560-4,BO094,560,560,5,offerto,offerto,offrire,VERB,_
560-5,BO094,560,560,6,du:e,due,due,NUM,_
560-6,BO094,560,560,7,modi,modi,modo,NOUN,_
560-7,BO094,560,560,8,alternativi,alternativi,alternativo,ADJ,_
561-0,BO094,561,561,1,di,di,di,ADP,_
561-1,BO094,561,561,2,presentare,presentare,presentare,VERB,_
561-2,BO094,561,561,3,le,le,il,DET,_
561-3,BO094,561,561,4,derivazioni.,derivazioni,derivazione,NOUN,Intonation=falling
562-0,BO094,562,562,1,uno,uno,uno,DET,_
562-1,BO094,562,562,2,deduzione,deduzione,deduzione,NOUN,_
562-2,BO094,562,562,3,naturale,naturale,naturale,ADJ,_
562-3,BO094,562,562,4,su,su,su,ADP,_
562-4,BO094,562,562,5,cui,cui,cui,PRON,_
562-5,BO094,562,562,6,voi,voi,voi,PRON,_
562-6,BO094,562,562,7,vi,vi,vi,PRON,_
562-7,BO094,562,562,8,siete,siete,essere,AUX,_
562-8,BO094,562,562,9,esercitati.,esercitati,esercitare,VERB,Intonation=falling
563-0,BO094,563,563,1,du:e,due,due,NUM,_
563-1,BO094,563,563,2,calcolo,calcolo,calcolo,NOUN,_
563-2,BO094,563,563,3-4,dei,dei,_,_,_
563-2a,_,_,563,3,_,di,di,ADP,_
563-2b,_,_,563,4,_,i,il,DET,_
563-3,BO094,563,563,5,sequenti.,sequenti,sequento,NOUN,Intonation=falling
564-0,BO094,564,564,1,no:n,non,non,ADV,_
564-1,BO094,564,564,2,però,però,però,ADV,_
564-2,BO094,564,564,3,letto,letto,letto,NOUN,_
564-3,BO094,564,564,4,come,come,come,ADP,_
564-4,BO094,564,564,5,io,io,io,PRON,_
564-5,BO094,564,564,6,vi,vi,vi,PRON,_
564-6,BO094,564,564,7,ho,ho,avere,AUX,_
564-7,BO094,564,564,8,fatto,fatto,fare,VERB,_
564-8,BO094,564,564,9,fare,fare,fare,VERB,_
564-9,BO094,564,564,10,per,per,per,ADP,_
564-10,BO094,564,564,11,due,due,due,NUM,_
564-11,BO094,564,564,12,mesi,mesi,mese,NOUN,_
564-12,BO094,564,564,13,di,di,di,ADP,_
564-13,BO094,564,564,14,seguito,seguito,seguito,NOUN,_
565-0,BO094,565,565,1-2,dal,dal,_,_,_
565-0a,_,_,565,1,_,da,da,ADP,_
565-0b,_,_,565,2,_,il,il,DET,_
565-1,BO094,565,565,3,basso,basso,basso,NOUN,_
565-2,BO094,565,565,4,verso,verso,verso,ADP,_
565-3,BO094,565,565,5,l',l',il,DET,Truncated=Yes
565-4,BO094,565,565,6,alto,alto,alto,NOUN,_
565-5,BO094,565,565,7,con,con,con,ADP,_
565-6,BO094,565,565,8,lettura,lettura,lettura,NOUN,_
565-7,BO094,565,565,9,semantica,semantica,semantico,ADJ,_
566-0,BO094,566,566,1,gentzen,gentzen,gentzeno,ADV,_
566-1,BO094,566,566,2,l',l',lo,PRON,Truncated=Yes
566-2,BO094,566,566,3,aveva,aveva,avere,AUX,_
566-3,BO094,566,566,4,pensato,pensato,pensare,VERB,_
566-4,BO094,566,566,5,come,come,come,ADP,_
566-5,BO094,566,566,6,calcolo,calcolo,calcolo,NOUN,_
566-6,BO094,566,566,7,deduttivo,deduttivo,deduttivo,ADJ,_
567-0,BO094,567,567,1,va,va,andare,VERB,_
567-1,BO094,567,567,2,bene?,bene,bene,ADV,Intonation=rising
568-0,BO094,568,568,1,quindi,quindi,quindi,ADV,_
568-1,BO094,568,568,2,in,in,in,ADP,_
568-2,BO094,568,568,3,cui,cui,cui,PRON,_
568-3,BO094,568,568,4,le,le,il,DET,_
568-4,BO094,568,568,5,regole,regole,regola,NOUN,_
568-5,BO094,568,568,6,si,si,si,PRON,_
568-6,BO094,568,568,7,leggono,leggono,leggere,VERB,_
568-7,BO094,568,568,8-9,dall',dall',_,_,Truncated=Yes
568-7a,_,_,568,8,_,da,da,ADP,_
568-7b,_,_,568,9,_,l',il,DET,_
568-8,BO094,568,568,10,alto,alto,alto,NOUN,_
568-9,BO094,568,568,11,verso,verso,verso,ADP,_
568-10,BO094,568,568,12,il,il,il,DET,_
568-11,BO094,568,568,13,basso,basso,basso,NOUN,_
568-12,BO094,568,568,14,quindi,quindi,quindi,ADV,_
568-13,BO094,568,568,15,se,se,se,SCONJ,_
568-14,BO094,568,568,16,voi,voi,voi,PRON,_
568-15,BO094,568,568,17,vi,vi,vi,PRON,_
568-16,BO094,568,568,18,ricordate,ricordate,ricordare,VERB,_
568-17,BO094,568,568,19,per,per,per,ADP,_
568-18,BO094,568,568,20,esempio,esempio,esempio,NOUN,_
569-0,BO094,569,569,1,e::h,eh,eh,INTJ,_
569-1,BO094,569,569,2,vediamo,vediamo,vedere,VERB,_
569-2,BO094,569,569,3,una,una,uno,DET,_
569-3,BO094,569,569,4,banala,banala,banala,NOUN,_
569-4,BO094,569,569,5,gamma,gamma,gammo,ADJ,_
569-5,BO094,569,569,6,xx,x,x,SYM,_
569-6,BO094,569,569,7,"delta,",delta,delta,NOUN,Intonation=weakly_rising
570-0,BO094,570,570,1,"a:,",a,a,ADP,Intonation=weakly_rising
571-0,BO094,571,571,1,"e:,",e,e,CCONJ,Intonation=weakly_rising
572-0,BO094,572,572,1,a,a,a,ADP,_
572-1,BO094,572,572,2,questa,questa,questo,DET,_
572-2,BO094,572,572,3,però,però,però,ADV,_
572-3,BO094,572,572,4,si,si,si,PRON,_
572-4,BO094,572,572,5,vede,vede,vedere,VERB,_
572-5,BO094,572,572,6,male,male,male,ADV,_
572-6,BO094,572,572,7,aspettate,aspettate,aspettare,VERB,_
572-7,BO094,572,572,8,non,non,non,ADV,_
572-8,BO094,572,572,9,xx,x,x,SYM,_
572-9,BO094,572,572,10,ho,ho,avere,AUX,_
572-10,BO094,572,572,11,scelto,scelto,scegliere,VERB,_
572-11,BO094,572,572,12,la,la,il,DET,_
572-12,BO094,572,572,13,regola,regola,regola,NOUN,_
572-13,BO094,572,572,14,sbagliata.,sbagliata,sbagliato,ADJ,Intonation=falling
573-0,BO094,573,573,1-2,fatemi,fatemi,_,_,_
573-0a,_,_,573,1,_,fate,fare,VERB,_
573-0b,_,_,573,2,_,mi,mi,PRON,_
573-1,BO094,573,573,3,fare,fare,fare,VERB,_
573-2,BO094,573,573,4,e::h,eh,eh,INTJ,_
574-0,BO094,574,574,1,perché,perché,perché,SCONJ,_
574-1,BO094,574,574,2,qui,qui,qui,ADV,_
574-2,BO094,574,574,3,questa,questa,questo,PRON,_
574-3,BO094,574,574,4,è,è,essere,AUX,_
574-4,BO094,574,574,5,proprio,proprio,proprio,ADV,_
574-5,BO094,574,574,6,la,la,il,DET,_
574-6,BO094,574,574,7,lettura,lettura,lettura,NOUN,_
574-7,BO094,574,574,8,che,che,che,PRON,_
574-8,BO094,574,574,9,si,si,si,PRON,_
574-9,BO094,574,574,10,dà,dà,dare,VERB,_
574-10,BO094,574,574,11-12,della,della,_,_,_
574-10a,_,_,574,11,_,di,di,ADP,_
574-10b,_,_,574,12,_,la,il,DET,_
574-11,BO094,574,574,13,virgola,virgola,virgola,NOUN,_
574-12,BO094,574,574,14,non,non,non,ADV,_
574-13,BO094,574,574,15,mi,mi,mi,PRON,_
574-14,BO094,574,574,16,serve,serve,servire,VERB,_
574-15,BO094,574,574,17,a,a,a,ADP,_
574-16,BO094,574,574,18,nulla.,nulla,nulla,PRON,Intonation=falling
575-0,BO094,575,575,1,gamma,gamma,gamma,ADV,_
575-1,BO094,575,575,2,facciamo,facciamo,fare,VERB,_
575-2,BO094,575,575,3,questa,questa,questo,DET,_
576-0,BO094,576,576,1,gamma,gamma,gammare,VERB,_
576-1,BO094,576,576,2,uno,uno,uno,DET,_
576-2,BO094,576,576,3,freccione,freccione,freccione,NOUN,_
576-3,BO094,576,576,4,delta,delta,deltare,VERB,_
576-4,BO094,576,576,5,uno,uno,uno,PRON,_
576-5,BO094,576,576,6,"a,",a,a,ADP,Intonation=weakly_rising
577-0,BO094,577,577,1,gamma,gamma,gamma,NOUN,_
577-1,BO094,577,577,2,due,due,due,NUM,_
577-2,BO094,577,577,3,freccione,freccione,freccione,NOUN,_
577-3,BO094,577,577,4,delta,delta,deltare,VERB,_
577-4,BO094,577,577,5,due,due,due,NUM,_
577-5,BO094,577,577,6,"bi,",bi,bo,NOUN,Intonation=weakly_rising
578-0,BO094,578,578,1,allora,allora,allora,ADV,_
579-0,BO094,579,579,1,se,se,se,SCONJ,_
579-1,BO094,579,579,2,no,no,no,ADV,_
579-2,BO094,579,579,3,mettiamo,mettiamo,mettere,VERB,_
579-3,BO094,579,579,4,gamma,gamma,gamma,NOUN,_
579-4,BO094,579,579,5,sempre,sempre,sempre,ADV,_
579-5,BO094,579,579,6,lo,lo,il,DET,_
579-6,BO094,579,579,7,stesso,stesso,stesso,ADJ,_
579-7,BO094,579,579,8,ma,ma,ma,CCONJ,_
579-8,BO094,579,579,9,sarebbe,sarebbe,essere,AUX,_
579-9,BO094,579,579,10,meglio,meglio,meglio,ADV,_
579-10,BO094,579,579,11,mettere,mettere,mettere,VERB,_
579-11,BO094,579,579,12,gamma,gamma,gamma,ADV,_
579-12,BO094,579,579,13,"uno,",uno,uno,DET,Intonation=weakly_rising
580-0,BO094,580,580,1,gamma,gamma,gamma,NOUN,_
580-1,BO094,580,580,2,uno,uno,uno,NUM,_
580-2,BO094,580,580,3,gamma,gamma,gamma,NOUN,_
580-3,BO094,580,580,4,"due,",due,due,NUM,Intonation=weakly_rising
581-0,BO094,581,581,1,freccione,freccione,freccione,NOUN,_
582-0,BO094,582,582,1,a,a,a,ADP,_
582-1,BO094,582,582,2,e,e,e,CCONJ,_
582-2,BO094,582,582,3,bi.,bi,bo,NOUN,Intonation=falling
583-0,BO094,583,583,1,voi,voi,voi,PRON,_
583-1,BO094,583,583,2,questa,questa,questo,DET,_
583-2,BO094,583,583,3,regola,regola,regola,NOUN,_
584-0,BO094,584,584,1,che,che,che,PRON,_
584-1,BO094,584,584,2,abbiamo,abbiamo,avere,AUX,_
584-2,BO094,584,584,3,cambiato,cambiato,cambiare,VERB,_
584-3,BO094,584,584,4,right,right,right,NOUN,_
584-4,BO094,584,584,5,"e,",e,e,CCONJ,Intonation=weakly_rising
585-0,BO094,585,585,1,l',l',lo,PRON,Truncated=Yes
585-1,BO094,585,585,2,abbiamo,abbiamo,avere,AUX,_
585-2,BO094,585,585,3,letta,letta,leggere,VERB,_
585-3,BO094,585,585,4,"così,",così,così,ADV,Intonation=weakly_rising
585-4,BO094,585,585,5,va,va,andare,VERB,_
585-5,BO094,585,585,6,bene?,bene,bene,ADV,Intonation=rising
586-0,BO094,586,586,1,se,se,se,SCONJ,_
586-1,BO094,586,586,2,faccio,faccio,fare,VERB,_
586-2,BO094,586,586,3,la,la,il,DET,_
586-3,BO094,586,586,4,"congiunzione,",congiunzione,congiunzione,NOUN,Intonation=weakly_rising
587-0,BO094,587,587,1,allora,allora,allora,ADV,_
587-1,BO094,587,587,2,ho,ho,avere,VERB,_
587-2,BO094,587,587,3,xx,x,x,SYM,_
587-3,BO094,587,587,4-5,al,al,_,_,_
587-3a,_,_,587,4,_,a,a,ADP,_
587-3b,_,_,587,5,_,il,il,DET,_
587-4,BO094,587,587,6,primo,primo,primo,ADJ,_
587-5,BO094,587,587,7,congiunto,congiunto,congiunto,NOUN,_
587-6,BO094,587,587,8,o,o,o,CCONJ,_
587-7,BO094,587,587,9,xx,x,x,SYM,_
587-8,BO094,587,587,10-11,al,al,_,_,_
587-8a,_,_,587,10,_,a,a,ADP,_
587-8b,_,_,587,11,_,il,il,DET,_
587-9,BO094,587,587,12,secondo,secondo,secondo,ADJ,_
587-10,BO094,587,587,13,congiunto.,congiunto,congiunto,NOUN,Intonation=falling
588-0,BO094,588,588,1,ottimo,ottimo,ottimo,ADJ,_
589-0,BO094,589,589,1,poi,poi,poi,ADV,_
589-1,BO094,589,589,2,in,in,in,ADP,_
589-2,BO094,589,589,3,realtà,realtà,realtà,NOUN,_
589-3,BO094,589,589,4,noi,noi,noi,PRON,_
589-4,BO094,589,589,5,avevamo,avevamo,avere,VERB,_
589-5,BO094,589,589,6,qui,qui,qui,ADV,_
589-6,BO094,589,589,7,solo,solo,solo,ADV,_
589-7,BO094,589,589,8,gamma,gamma,gamma,NOUN,_
589-8,BO094,589,589,9,questo,questo,questo,DET,_
589-9,BO094,589,589,10,gamma,gamma,gamma,NOUN,_
589-10,BO094,589,589,11,si,si,si,PRON,_
589-11,BO094,589,589,12,metteva,metteva,mettere,VERB,_
589-12,BO094,589,589,13,qua,qua,qua,ADV,_
589-13,BO094,589,589,14,poi,poi,poi,ADV,_
589-14,BO094,589,589,15,eran,eran,erande,ADJ,_
589-15,BO094,589,589,16,divisi,divisi,dividere,VERB,_
589-16,BO094,589,589,17,in,in,in,ADP,_
589-17,BO094,589,589,18,due,due,due,NUM,_
589-18,BO094,589,589,19,insomma,insomma,insomma,NOUN,_
589-19,BO094,589,589,20,ci,ci,ci,PRON,_
589-20,BO094,589,589,21,sono,sono,essere,VERB,_
589-21,BO094,589,589,22,alcune,alcune,alcuno,DET,_
589-22,BO094,589,589,23,generalizzazioni,generalizzazioni,generalizzazione,NOUN,_
589-23,BO094,589,589,24,da,da,da,ADP,_
589-24,BO094,589,589,25,fare.,fare,fare,VERB,Intonation=falling
590-0,BO094,590,590,1,o:h,oh,oh,ADV,_
590-1,BO094,590,590,2,ma,ma,ma,CCONJ,_
590-2,BO094,590,590,3,proviamo,proviamo,provare,VERB,_
590-3,BO094,590,590,4,a,a,a,ADP,_
590-4,BO094,590,590,5,darne,darne,darne,NOUN,_
590-5,BO094,590,590,6,una,una,uno,DET,_
590-6,BO094,590,590,7,lettura,lettura,lettura,NOUN,_
591-0,BO094,591,591,1-2,dall',dall',_,_,Truncated=Yes
591-0a,_,_,591,1,_,da,da,ADP,_
591-0b,_,_,591,2,_,l',il,DET,_
591-1,BO094,591,591,3,alto,alto,alto,NOUN,_
591-2,BO094,591,591,4,verso,verso,verso,ADP,_
591-3,BO094,591,591,5,il,il,il,DET,_
591-4,BO094,591,591,6,basso.,basso,basso,NOUN,Intonation=falling
592-0,BO094,592,592,1,e,e,e,CCONJ,_
592-1,BO094,592,592,2,tanto,tanto,tanto,ADV,_
592-2,BO094,592,592,3,per,per,per,ADP,_
592-3,BO094,592,592,4-5,semplificarsi,semplificarsi,_,_,_
592-3a,_,_,592,4,_,semplificar,semplificare,VERB,_
592-3b,_,_,592,5,_,si,si,PRON,_
592-4,BO094,592,592,6,la,la,il,DET,_
592-5,BO094,592,592,7,vita,vita,vita,NOUN,_
593-0,BO094,593,593,1,supponiamo,supponiamo,supporre,VERB,_
593-1,BO094,593,593,2,che,che,che,SCONJ,_
593-2,BO094,593,593,3,l',l',il,DET,Truncated=Yes
593-3,BO094,593,593,4,insieme,insieme,insieme,NOUN,_
593-4,BO094,593,593,5,delta,delta,deltare,VERB,_
593-5,BO094,593,593,6,uno,uno,uno,PRON,_
593-6,BO094,593,593,7,sia,sia,essere,AUX,_
593-7,BO094,593,593,8,vuoto,vuoto,vuore,VERB,_
593-8,BO094,593,593,9,a,a,a,ADP,_
593-9,BO094,593,593,10,noi,noi,noi,PRON,_
593-10,BO094,593,593,11,ci,ci,ci,PRON,_
593-11,BO094,593,593,12,interessa,interessa,interessare,VERB,_
593-12,BO094,593,593,13,l',l',il,DET,Truncated=Yes
593-13,BO094,593,593,14,aspetto,aspetto,aspetto,NOUN,_
593-14,BO094,593,593,15,concettuale,concettuale,concettuale,ADJ,_
593-15,BO094,593,593,16,più,più,più,ADV,_
593-16,BO094,593,593,17,che,che,che,SCONJ,_
594-0,BO094,594,594,1,e,e,e,CCONJ,_
594-1,BO094,594,594,2,allora,allora,allora,ADV,_
594-2,BO094,594,594,3,se,se,se,SCONJ,_
595-0,BO094,595,595,1,a,a,a,ADP,_
595-1,BO094,595,595,2,è,è,essere,AUX,_
595-2,BO094,595,595,3,derivabile,derivabile,derivabile,ADJ,_
595-3,BO094,595,595,4,capito,capito,capire,VERB,_
595-4,BO094,595,595,5,ora,ora,ora,ADV,_
595-5,BO094,595,595,6,questo,questo,questo,PRON,_
595-6,BO094,595,595,7,lo,lo,il,DET,_
595-7,BO094,595,595,8,leggo,leggo,leggo,NOUN,_
595-8,BO094,595,595,9,come,come,come,ADP,_
595-9,BO094,595,595,10,derivabile,derivabile,derivabile,NOUN,_
596-0,BO094,596,596,1,se,se,se,SCONJ,_
596-1,BO094,596,596,2,a,a,a,ADP,_
596-2,BO094,596,596,3,è,è,essere,AUX,_
596-3,BO094,596,596,4,derivabile,derivabile,derivabile,ADJ,_
596-4,BO094,596,596,5,da,da,da,ADP,_
596-5,BO094,596,596,6,gamma,gamma,gamma,NOUN,_
596-6,BO094,596,596,7,"uno,",uno,uno,PRON,Intonation=weakly_rising
597-0,BO094,597,597,1,e,e,e,CCONJ,_
597-1,BO094,597,597,2,bi,bi,bi,PRON,_
597-2,BO094,597,597,3,è,è,essere,AUX,_
597-3,BO094,597,597,4,derivabile,derivabile,derivabile,ADJ,_
597-4,BO094,597,597,5,da,da,da,ADP,_
597-5,BO094,597,597,6,gamma,gamma,gamma,NOUN,_
597-6,BO094,597,597,7,due,due,due,NUM,_
597-7,BO094,597,597,8,dunque,dunque,dunque,ADV,_
597-8,BO094,597,597,9,la,la,il,DET,_
597-9,BO094,597,597,10,loro,loro,loro,DET,_
597-10,BO094,597,597,11,congiunzione,congiunzione,congiunzione,NOUN,_
597-11,BO094,597,597,12,è,è,essere,AUX,_
597-12,BO094,597,597,13,derivabile,derivabile,derivabile,ADJ,_
597-13,BO094,597,597,14,da,da,da,ADP,_
597-14,BO094,597,597,15,gamma,gamma,gamma,NOUN,_
597-15,BO094,597,597,16,uno,uno,uno,PRON,_
597-16,BO094,597,597,17,e,e,e,CCONJ,_
597-17,BO094,597,597,18,gamma,gamma,gamma,NOUN,_
597-18,BO094,597,597,19,due,due,due,NUM,_
597-19,BO094,597,597,20,e,e,e,CCONJ,_
597-20,BO094,597,597,21,è,è,essere,AUX,_
597-21,BO094,597,597,22,zero.,zero,zero,NUM,Intonation=falling
598-0,BO094,598,598,1,quindi,quindi,quindi,ADV,_
598-1,BO094,598,598,2,tutte,tutte,tutto,DET,_
598-2,BO094,598,598,3,le,le,il,DET,_
598-3,BO094,598,598,4,regole,regole,regola,NOUN,_
598-4,BO094,598,598,5,che,che,che,PRON,_
598-5,BO094,598,598,6,vi,vi,vi,PRON,_
598-6,BO094,598,598,7,abbiamo,abbiamo,avere,AUX,_
598-7,BO094,598,598,8,"dato,",dato,dare,VERB,Intonation=weakly_rising
599-0,BO094,599,599,1,ammettono,ammettono,ammettere,VERB,_
599-1,BO094,599,599,2,questa,questa,questo,DET,_
599-2,BO094,599,599,3,doppia,doppia,doppio,ADJ,_
599-3,BO094,599,599,4,lettura.,lettura,lettura,NOUN,Intonation=falling
600-0,BO094,600,600,1,quindi,quindi,quindi,ADV,_
600-1,BO094,600,600,2-3,dal,dal,_,_,_
600-1a,_,_,600,2,_,da,da,ADP,_
600-1b,_,_,600,3,_,il,il,DET,_
600-2,BO094,600,600,4,basso,basso,basso,NOUN,_
600-3,BO094,600,600,5,verso,verso,verso,ADP,_
600-4,BO094,600,600,6,l',l',il,DET,Truncated=Yes
600-5,BO094,600,600,7,alto,alto,alto,NOUN,_
600-6,BO094,600,600,8,è,è,essere,AUX,_
600-7,BO094,600,600,9,una,una,uno,DET,_
600-8,BO094,600,600,10,lettura,lettura,lettura,NOUN,_
600-9,BO094,600,600,11,semantica,semantica,semantico,ADJ,_
601-0,BO094,601,601,1-2,dall',dall',_,_,Truncated=Yes
601-0a,_,_,601,1,_,da,da,ADP,_
601-0b,_,_,601,2,_,l',il,DET,_
601-1,BO094,601,601,3,alto,alto,alto,NOUN,_
601-2,BO094,601,601,4,verso,verso,verso,ADP,_
601-3,BO094,601,601,5,il,il,il,DET,_
601-4,BO094,601,601,6,basso,basso,basso,NOUN,_
601-5,BO094,601,601,7,una,una,uno,DET,_
601-6,BO094,601,601,8,lettura,lettura,lettura,NOUN,_
601-7,BO094,601,601,9,prettamente,prettamente,prettamente,ADV,_
601-8,BO094,601,601,10,deduttiva,deduttiva,deduttivo,ADJ,_
601-9,BO094,601,601,11,in,in,in,ADP,_
601-10,BO094,601,601,12,xx,x,x,NOUN,_
601-11,BO094,601,601,13,di,di,di,ADP,_
601-12,BO094,601,601,14,dimostrazione.,dimostrazione,dimostrazione,NOUN,Intonation=falling
602-0,BO094,602,602,1,questo,questo,questo,PRON,_
602-1,BO094,602,602,2,è,è,essere,AUX,_
602-2,BO094,602,602,3,quello,quello,quello,PRON,_
602-3,BO094,602,602,4,che,che,che,PRON,_
602-4,BO094,602,602,5,xx,x,x,SYM,_
602-5,BO094,602,602,6,"raddoppia,",raddoppia,raddoppiare,VERB,Intonation=weakly_rising
603-0,BO094,603,603,1,la,la,il,DET,_
603-1,BO094,603,603,2,doppia,doppia,doppio,ADJ,_
603-2,BO094,603,603,3,lettura,lettura,lettura,NOUN,_
603-3,BO094,603,603,4-5,delle,delle,_,_,_
603-3a,_,_,603,4,_,di,di,ADP,_
603-3b,_,_,603,5,_,le,il,DET,_
603-4,BO094,603,603,6,regole,regole,regola,NOUN,_
603-5,BO094,603,603,7,è,è,essere,AUX,_
603-6,BO094,603,603,8,di,di,di,ADP,_
603-7,BO094,603,603,9,una,una,uno,DET,_
603-8,BO094,603,603,10,potenza,potenza,potenza,NOUN,_
603-9,BO094,603,603,11,straordinaria,straordinaria,straordinario,ADJ,_
603-10,BO094,603,603,12,xx,x,x,SYM,_
604-0,BO094,604,604,1,bene.,bene,bene,ADV,Intonation=falling
605-0,BO094,605,605,1,e::h,eh,eh,INTJ,_
605-1,BO094,605,605,2,allora,allora,allora,ADV,_
605-2,BO094,605,605,3,chiaramente,chiaramente,chiaramente,ADV,_
605-3,BO094,605,605,4,come,come,come,ADP,_
605-4,BO094,605,605,5,vi,vi,vi,ADV,_
605-5,BO094,605,605,6,dicevo,dicevo,dire,VERB,_
605-6,BO094,605,605,7,se,se,se,SCONJ,_
605-7,BO094,605,605,8,uno,uno,uno,PRON,_
605-8,BO094,605,605,9,vuole,vuole,volere,AUX,_
605-9,BO094,605,605,10,studiare,studiare,studiare,VERB,_
605-10,BO094,605,605,11,le,le,il,DET,_
605-11,BO094,605,605,12,"derivazioni,",derivazioni,derivazione,NOUN,Intonation=weakly_rising
606-0,BO094,606,606,1,e:h,eh,eh,INTJ,_
606-1,BO094,606,606,2,sarà,sarà,essere,AUX,_
606-2,BO094,606,606,3,bene,bene,bene,ADV,_
606-3,BO094,606,606,4,che,che,che,SCONJ,_
606-4,BO094,606,606,5,trovi,trovi,trovare,VERB,_
606-5,BO094,606,606,6,anche,anche,anche,ADV,_
606-6,BO094,606,606,7,il,il,il,DET,_
606-7,BO094,606,606,8,modo,modo,modo,NOUN,_
606-8,BO094,606,606,9,più,più,più,ADV,_
606-9,BO094,606,606,10,adeguato,adeguato,adeguato,ADJ,_
606-10,BO094,606,606,11,per,per,per,ADP,_
606-11,BO094,606,606,12-13,presentarle,presentarle,_,_,_
606-11a,_,_,606,12,_,presentar,presentare,VERB,_
606-11b,_,_,606,13,_,le,le,PRON,_
607-0,BO094,607,607,1,quindi,quindi,quindi,ADV,_
607-1,BO094,607,607,2,un,un,uno,DET,_
607-2,BO094,607,607,3,modo,modo,modo,NOUN,_
607-3,BO094,607,607,4,per,per,per,ADP,_
607-4,BO094,607,607,5-6,presentarle,presentarle,_,_,_
607-4a,_,_,607,5,_,presentar,presentare,VERB,_
607-4b,_,_,607,6,_,le,le,PRON,_
607-5,BO094,607,607,7,è,è,essere,AUX,_
608-0,BO094,608,608,1,eh,eh,eh,ADV,_
608-1,BO094,608,608,2,il,il,il,DET,_
608-2,BO094,608,608,3,calcolo,calcolo,calcolo,NOUN,_
608-3,BO094,608,608,4-5,dei,dei,_,_,_
608-3a,_,_,608,4,_,di,di,ADP,_
608-3b,_,_,608,5,_,i,il,DET,_
608-4,BO094,608,608,6,seguenti,seguenti,seguente,NOUN,_
608-5,BO094,608,608,7,riletto,riletto,rileggere,VERB,_
608-6,BO094,608,608,8-9,dall',dall',_,_,Truncated=Yes
608-6a,_,_,608,8,_,da,da,ADP,_
608-6b,_,_,608,9,_,l',il,DET,_
608-7,BO094,608,608,10,alto,alto,alto,NOUN,_
608-8,BO094,608,608,11,verso,verso,verso,ADP,_
608-9,BO094,608,608,12,il,il,il,DET,_
608-10,BO094,608,608,13,"basso,",basso,basso,NOUN,Intonation=weakly_rising
609-0,BO094,609,609,1,un,un,uno,DET,_
609-1,BO094,609,609,2,altro,altro,altro,ADJ,_
609-2,BO094,609,609,3,modo,modo,modo,NOUN,_
609-3,BO094,609,609,4,è,è,essere,AUX,_
609-4,BO094,609,609,5,la,la,il,DET,_
609-5,BO094,609,609,6,riduzione,riduzione,riduzione,NOUN,_
609-6,BO094,609,609,7,naturale,naturale,naturale,ADJ,_
609-7,BO094,609,609,8,che,che,che,PRON,_
609-8,BO094,609,609,9,abbiamo,abbiamo,avere,AUX,_
609-9,BO094,609,609,10,visto.,visto,vedere,VERB,Intonation=falling
610-0,BO094,610,610,1,va,va,andare,VERB,_
610-1,BO094,610,610,2,bene?,bene,bene,ADV,Intonation=rising
611-0,BO094,611,611,1,e:::h,eh,eh,INTJ,_
612-0,BO094,612,612,1,gentzen,gentzen,gentzeno,ADV,_
612-1,BO094,612,612,2,ecco,ecco,ecco,ADV,_
612-2,BO094,612,612,3,il,il,il,DET,_
612-3,BO094,612,612,4,nostro,nostro,nostro,DET,_
612-4,BO094,612,612,5,"amico,",amico,amico,NOUN,Intonation=weakly_rising
613-0,BO094,613,613,1,riesce,riesce,riuscire,VERB,_
613-1,BO094,613,613,2,a,a,a,ADP,_
613-2,BO094,613,613,3,dimostrare,dimostrare,dimostrare,VERB,_
614-0,BO094,614,614,1,che,che,che,SCONJ,_
614-1,BO094,614,614,2,la,la,il,DET,_
614-2,BO094,614,614,3,l',l',il,DET,Truncated=Yes
614-3,BO094,614,614,4,aritmetica,aritmetica,aritmetica,NOUN,_
614-4,BO094,614,614,5,è,è,essere,AUX,_
614-5,BO094,614,614,6,consistente,consistente,consistente,ADJ,_
614-6,BO094,614,614,7,>attenzione<,attenzione,attenzione,NOUN,_
615-0,BO094,615,615,1,però,però,però,ADV,_
615-1,BO094,615,615,2,aspettate,aspettate,aspettare,VERB,_
615-2,BO094,615,615,3,xx,x,x,SYM,_
615-3,BO094,615,615,4,riesce,riesce,riuscire,VERB,_
615-4,BO094,615,615,5,a,a,a,ADP,_
615-5,BO094,615,615,6,dimostrare,dimostrare,dimostrare,VERB,_
615-6,BO094,615,615,7,utilizzando,utilizzando,utilizzare,VERB,_
616-0,BO094,616,616,1,appositi,appositi,apposito,ADJ,_
616-1,BO094,616,616,2,calcoli,calcoli,calcolo,NOUN,_
616-2,BO094,616,616,3,di,di,di,ADP,_
616-3,BO094,616,616,4,sequenze,sequenze,sequenza,NOUN,_
617-0,BO094,617,617,1,utilizzando,utilizzando,utilizzare,VERB,_
617-1,BO094,617,617,2,però,però,però,ADV,_
617-2,BO094,617,617,3,xx,x,x,SYM,_
617-3,BO094,617,617,4-5,sul,sul,_,_,_
617-3a,_,_,617,4,_,su,su,ADP,_
617-3b,_,_,617,5,_,il,il,DET,_
617-4,BO094,617,617,6,però,però,però,ADV,_
617-5,BO094,617,617,7,è,è,essere,AUX,_
617-6,BO094,617,617,8,fondamentale.,fondamentale,fondamentale,ADJ,Intonation=falling
618-0,BO094,618,618,1,utilizzando,utilizzando,utilizzare,VERB,_
618-1,BO094,618,618,2,però,però,però,ADV,_
618-2,BO094,618,618,3,metodi,metodi,metodo,NOUN,_
619-0,BO094,619,619,1,che,che,che,PRON,_
619-1,BO094,619,619,2,vanno,vanno,andare,VERB,_
619-2,BO094,619,619,3-4,al,al,_,_,_
619-2a,_,_,619,3,_,a,a,ADP,_
619-2b,_,_,619,4,_,il,il,DET,_
619-3,BO094,619,619,5,di,di,di,ADP,_
619-4,BO094,619,619,6,là,là,là,ADV,_
619-5,BO094,619,619,7-8,dell',dell',_,_,Truncated=Yes
619-5a,_,_,619,7,_,di,di,ADP,_
619-5b,_,_,619,8,_,l',il,DET,_
619-6,BO094,619,619,9,aritmetica,aritmetica,aritmetica,NOUN,_
619-7,BO094,619,619,10,stessa.,stessa,stesso,ADJ,Intonation=falling
620-0,BO094,620,620,1,arriverà,arriverà,arrivare,VERB,_
620-1,BO094,620,620,2,poi,poi,poi,ADV,_
620-2,BO094,620,620,3-4,nel,nel,_,_,_
620-2a,_,_,620,3,_,in,in,ADP,_
620-2b,_,_,620,4,_,il,il,DET,_
620-3,BO094,620,620,5,millenovecentotrentuno,millenovecentotrentuno,millenovecentotrentuno,NUM,_
620-4,BO094,620,620,6,il,il,il,DET,_
620-5,BO094,620,620,7,teorema,teorema,teorema,NOUN,_
621-0,BO094,621,621,1,di,di,di,ADP,_
621-1,BO094,621,621,2,kurt,kurt,Kurt,PROPN,_
621-2,BO094,621,621,3,xxx,x,x,X,_
622-0,BO094,622,622,1,almeno,almeno,almeno,ADV,_
622-1,BO094,622,622,2,sentite,sentite,sentire,VERB,_
622-2,BO094,622,622,3,parlare,parlare,parlare,VERB,_
622-3,BO094,622,622,4,di,di,di,ADP,_
622-4,BO094,622,622,5,questi,questi,questo,DET,_
622-5,BO094,622,622,6,personaggi,personaggi,personaggio,NOUN,_
623-0,BO094,623,623,1,va,va,andare,VERB,_
623-1,BO094,623,623,2,bene,bene,bene,ADV,_
624-0,BO094,624,624,1,che,che,che,PRON,_
624-1,BO094,624,624,2,mostra,mostra,mostrare,VERB,_
625-0,BO094,625,625,1,che,che,che,SCONJ,_
625-1,BO094,625,625,2,la,la,il,DET,_
625-2,BO094,625,625,3,consistenza,consistenza,consistenza,NOUN,_
625-3,BO094,625,625,4-5,dell',dell',_,_,Truncated=Yes
625-3a,_,_,625,4,_,di,di,ADP,_
625-3b,_,_,625,5,_,l',il,DET,_
625-4,BO094,625,625,6,aritmetica,aritmetica,aritmetica,NOUN,_
625-5,BO094,625,625,7,non,non,non,ADV,_
625-6,BO094,625,625,8,è,è,essere,AUX,_
625-7,BO094,625,625,9,dimostrabile,dimostrabile,dimostrabile,ADJ,_
625-8,BO094,625,625,10,con,con,con,ADP,_
626-0,BO094,626,626,1,strumenti,strumenti,strumento,NOUN,_
627-0,BO094,627,627,1,e::h,eh,eh,INTJ,_
627-1,BO094,627,627,2,esprimibili,esprimibili,esprimibile,ADJ,_
627-2,BO094,627,627,3,dentro,dentro,dentro,ADP,_
627-3,BO094,627,627,4,l',l',il,DET,Truncated=Yes
627-4,BO094,627,627,5,aritmetica,aritmetica,aritmetica,NOUN,_
628-0,BO094,628,628,1,quindi,quindi,quindi,ADV,_
628-1,BO094,628,628,2,è,è,essere,AUX,_
628-2,BO094,628,628,3,vero,vero,vero,ADJ,_
628-3,BO094,628,628,4,se,se,se,SCONJ,_
628-4,BO094,628,628,5,gentzen,gentzen,Gentzen,PROPN,_
628-5,BO094,628,628,6,dimostra,dimostra,dimostrare,VERB,_
629-0,BO094,629,629,1,la,la,il,DET,_
629-1,BO094,629,629,2,consistenza,consistenza,consistenza,NOUN,_
629-2,BO094,629,629,3-4,dell',dell',_,_,Truncated=Yes
629-2a,_,_,629,3,_,di,di,ADP,_
629-2b,_,_,629,4,_,l',il,DET,_
629-3,BO094,629,629,5,aritmetica,aritmetica,aritmetica,NOUN,_
630-0,BO094,630,630,1,ma,ma,ma,CCONJ,_
630-1,BO094,630,630,2,utilizzando,utilizzando,utilizzare,VERB,_
630-2,BO094,630,630,3-4,dei,dei,_,_,_
630-2a,_,_,630,3,_,di,di,ADP,_
630-2b,_,_,630,4,_,i,il,DET,_
630-3,BO094,630,630,5,concetti,concetti,concetto,NOUN,_
630-4,BO094,630,630,6,insiemistici,insiemistici,insiemistico,ADJ,_
631-0,BO094,631,631,1,in,in,in,ADP,_
631-1,BO094,631,631,2,un,un,uno,DET,_
631-2,BO094,631,631,3,certo,certo,certo,ADJ,_
631-3,BO094,631,631,4,senso,senso,senso,NOUN,_
631-4,BO094,631,631,5,più,più,più,ADV,_
631-5,BO094,631,631,6,insicuri,insicuri,insicuro,ADJ,_
631-6,BO094,631,631,7-8,dell',dell',_,_,Truncated=Yes
631-6a,_,_,631,7,_,di,di,ADP,_
631-6b,_,_,631,8,_,l',il,DET,_
631-7,BO094,631,631,9,aritmetica,aritmetica,aritmetica,NOUN,_
631-8,BO094,631,631,10,stessa.,stessa,stesso,ADJ,Intonation=falling
632-0,BO094,632,632,1,e,e,e,CCONJ,_
632-1,BO094,632,632,2,quindi,quindi,quindi,ADV,_
633-0,BO094,633,633,1,va,va,andare,VERB,_
633-1,BO094,633,633,2,bene?,bene,bene,ADV,Intonation=rising
634-0,BO094,634,634,1,gelder,gelder,Gelder,PROPN,_
634-1,BO094,634,634,2,dimostra,dimostra,dimostrare,VERB,_
634-2,BO094,634,634,3,che,che,che,SCONJ,_
635-0,BO094,635,635,1,con,con,con,ADP,_
635-1,BO094,635,635,2,strumenti,strumenti,strumento,NOUN,_
635-2,BO094,635,635,3,tanto,tanto,tanto,ADV,_
635-3,BO094,635,635,4,potenti,potenti,potente,ADJ,_
635-4,BO094,635,635,5,tanti,tanti,tanto,PRON,_
635-5,BO094,635,635,6,quelli,quelli,quello,PRON,_
635-6,BO094,635,635,7-8,dell',dell',_,_,Truncated=Yes
635-6a,_,_,635,7,_,di,di,ADP,_
635-6b,_,_,635,8,_,l',il,DET,_
635-7,BO094,635,635,9,aritmetica,aritmetica,aritmetica,NOUN,_
636-0,BO094,636,636,1,non,non,non,ADV,_
636-1,BO094,636,636,2,è,è,essere,AUX,_
636-2,BO094,636,636,3,possibile,possibile,possibile,ADJ,_
636-3,BO094,636,636,4,dimostrare,dimostrare,dimostrare,VERB,_
636-4,BO094,636,636,5,la,la,il,DET,_
636-5,BO094,636,636,6,consistenza,consistenza,consistenza,NOUN,_
636-6,BO094,636,636,7-8,dell',dell',_,_,Truncated=Yes
636-6a,_,_,636,7,_,di,di,ADP,_
636-6b,_,_,636,8,_,l',il,DET,_
636-7,BO094,636,636,9,aritmetica.,aritmetica,aritmetica,NOUN,Intonation=falling
637-0,BO094,637,637,1,d',d',di,ADP,SpaceAfter=No
637-1,BO094,637,637,2,accordo?,accordo,accordo,NOUN,Intonation=rising
638-0,BO094,638,638,1,quindi,quindi,quindi,ADV,_
638-1,BO094,638,638,2,questo,questo,questo,PRON,_
638-2,BO094,638,638,3,è,è,essere,AUX,_
638-3,BO094,638,638,4,stato,stato,essere,AUX,_
638-4,BO094,638,638,5,uno,uno,uno,PRON,_
638-5,BO094,638,638,6-7,dei,dei,_,_,_
638-5a,_,_,638,6,_,di,di,ADP,_
638-5b,_,_,638,7,_,i,il,DET,_
638-6,BO094,638,638,8,fiorelli,fiorelli,fiorello,NOUN,_
638-7,BO094,638,638,9,forse,forse,forse,ADV,_
638-8,BO094,638,638,10,e::h,eh,eh,INTJ,_
638-9,BO094,638,638,11,il,il,il,DET,_
638-10,BO094,638,638,12,più,più,più,ADV,_
638-11,BO094,638,638,13,celebrato,celebrato,celebrare,VERB,_
638-12,BO094,638,638,14-15,dei,dei,_,_,_
638-12a,_,_,638,14,_,di,di,ADP,_
638-12b,_,_,638,15,_,i,il,DET,_
638-13,BO094,638,638,16,"teoremi,",teoremi,teorema,NOUN,Intonation=weakly_rising
639-0,BO094,639,639,1-2,"della:,",della,_,_,Intonation=weakly_rising
639-0a,_,_,639,1,_,di,di,ADP,_
639-0b,_,_,639,2,_,la,il,DET,_
640-0,BO094,640,640,1-2,della,della,_,_,_
640-0a,_,_,640,1,_,di,di,ADP,_
640-0b,_,_,640,2,_,la,il,DET,_
640-1,BO094,640,640,3,logica,logica,logica,NOUN,_
640-2,BO094,640,640,4-5,del,del,_,_,_
640-2a,_,_,640,4,_,di,di,ADP,_
640-2b,_,_,640,5,_,il,il,DET,_
640-3,BO094,640,640,6,secolo,secolo,secolo,NOUN,_
640-4,BO094,640,640,7,scorso,scorso,scorso,ADJ,_
640-5,BO094,640,640,8,attenzione,attenzione,attenzione,NOUN,_
640-6,BO094,640,640,9,anche,anche,anche,ADV,_
640-7,BO094,640,640,10,quello,quello,quello,PRON,_
640-8,BO094,640,640,11,di,di,di,ADP,_
640-9,BO094,640,640,12,grentzen,grentzen,Grentzen,PROPN,_
640-10,BO094,640,640,13,eh,eh,eh,INTJ,_
640-11,BO094,640,640,14,va,va,andare,VERB,_
640-12,BO094,640,640,15,bene?,bene,bene,ADV,Intonation=rising
641-0,BO094,641,641,1,questo,questo,questo,PRON,_
641-1,BO094,641,641,2,è,è,essere,AUX,_
641-2,BO094,641,641,3,un,un,uno,DET,_
641-3,BO094,641,641,4,risultato,risultato,risultato,NOUN,_
641-4,BO094,641,641,5,"positivo,",positivo,positivo,ADJ,Intonation=weakly_rising
642-0,BO094,642,642,1,molto,molto,molto,ADV,_
642-1,BO094,642,642,2,importante,importante,importante,ADJ,_
643-0,BO094,643,643,1,e,e,e,CCONJ,_
643-1,BO094,643,643,2,questo,questo,questo,PRON,_
643-2,BO094,643,643,3,invece,invece,invece,ADV,_
643-3,BO094,643,643,4,è,è,essere,AUX,_
643-4,BO094,643,643,5,un,un,uno,DET,_
643-5,BO094,643,643,6,risultato,risultato,risultato,NOUN,_
643-6,BO094,643,643,7,negativo.,negativo,negativo,ADJ,Intonation=falling
644-0,BO094,644,644,1,come,come,come,ADP,_
644-1,BO094,644,644,2,voi,voi,voi,PRON,_
644-2,BO094,644,644,3,sapete,sapete,sapere,VERB,_
644-3,BO094,644,644,4,i,i,il,DET,_
644-4,BO094,644,644,5,risultati,risultati,risultato,NOUN,_
644-5,BO094,644,644,6,negativi,negativi,negativo,ADJ,_
645-0,BO094,645,645,1,sono,sono,essere,AUX,_
645-1,BO094,645,645,2,devastanti,devastanti,devastante,ADJ,_
645-2,BO094,645,645,3,no,no,no,ADV,_
645-3,BO094,645,645,4,perché,perché,perché,SCONJ,_
645-4,BO094,645,645,5,ti,ti,ti,PRON,_
645-5,BO094,645,645,6,dicono,dicono,dire,VERB,_
646-0,BO094,646,646,1,ciò,ciò,ciò,PRON,_
646-1,BO094,646,646,2,che,che,che,PRON,_
646-2,BO094,646,646,3,non,non,non,ADV,_
646-3,BO094,646,646,4,puoi,puoi,potere,AUX,_
646-4,BO094,646,646,5,fare.,fare,fare,VERB,Intonation=falling
647-0,BO094,647,647,1,danno,danno,danno,NOUN,_
647-1,BO094,647,647,2,e::h,eh,eh,INTJ,_
647-2,BO094,647,647,3,un,un,uno,DET,_
647-3,BO094,647,647,4,limite,limite,limite,NOUN,_
648-0,BO094,648,648,1-2,alla,alla,_,_,_
648-0a,_,_,648,1,_,a,a,ADP,_
648-0b,_,_,648,2,_,la,il,DET,_
648-1,BO094,648,648,3,conoscenza,conoscenza,conoscenza,NOUN,_
648-2,BO094,648,648,4,possibile.,possibile,possibile,ADJ,Intonation=falling
649-0,BO094,649,649,1,va,va,andare,VERB,_
649-1,BO094,649,649,2,bene?,bene,bene,ADV,Intonation=rising
650-0,BO094,650,650,1,quindi,quindi,quindi,ADV,_
650-1,BO094,650,650,2,non,non,non,ADV,_
650-2,BO094,650,650,3,puoi,puoi,potere,AUX,_
650-3,BO094,650,650,4,stabilire,stabilire,stabilire,VERB,_
650-4,BO094,650,650,5,se,se,se,SCONJ,_
650-5,BO094,650,650,6,l',l',il,DET,Truncated=Yes
650-6,BO094,650,650,7,aritmetica,aritmetica,aritmetica,NOUN,_
650-7,BO094,650,650,8,è,è,essere,AUX,_
650-8,BO094,650,650,9,consistente,consistente,consistente,ADJ,_
650-9,BO094,650,650,10,o,o,o,CCONJ,_
650-10,BO094,650,650,11,meno,meno,meno,ADV,_
650-11,BO094,650,650,12,utilizzando,utilizzando,utilizzare,VERB,_
650-12,BO094,650,650,13,strumenti,strumenti,strumento,NOUN,_
650-13,BO094,650,650,14,tanto,tanto,tanto,ADV,_
650-14,BO094,650,650,15,forti,forti,forte,ADJ,_
650-15,BO094,650,650,16,quanto,quanto,quanto,ADP,_
650-16,BO094,650,650,17,quelli,quelli,quello,PRON,_
650-17,BO094,650,650,18-19,dell',dell',_,_,Truncated=Yes
650-17a,_,_,650,18,_,di,di,ADP,_
650-17b,_,_,650,19,_,l',il,DET,_
650-18,BO094,650,650,20,aritmetica.,aritmetica,aritmetica,NOUN,Intonation=falling
651-0,BO094,651,651,1,in,in,in,ADP,_
651-1,BO094,651,651,2,realtà,realtà,realtà,NOUN,_
651-2,BO094,651,651,3,xx,x,x,X,_
651-3,BO094,651,651,4,poi,poi,poi,ADV,_
651-4,BO094,651,651,5,voleva,voleva,volere,VERB,_
651-5,BO094,651,651,6,strumenti,strumenti,strumento,NOUN,_
651-6,BO094,651,651,7,più,più,più,ADV,_
651-7,BO094,651,651,8,deboli,deboli,debole,ADJ,_
651-8,BO094,651,651,9,ma,ma,ma,CCONJ,_
651-9,BO094,651,651,10,ora,ora,ora,ADV,_
652-0,BO094,652,652,1,inutile,inutile,inutile,ADJ,_
652-1,BO094,652,652,2,stare,stare,stare,VERB,_
652-2,BO094,652,652,3,a:,a,a,ADP,_
653-0,BO094,653,653,1,entrare,entrare,entrare,VERB,_
653-1,BO094,653,653,2,in,in,in,ADP,_
653-2,BO094,653,653,3,questi,questi,questo,DET,_
653-3,BO094,653,653,4,dettagli.,dettagli,dettaglio,NOUN,Intonation=falling
654-0,BO094,654,654,1,quindi,quindi,quindi,ADV,_
654-1,BO094,654,654,2,abbiamo,abbiamo,avere,AUX,_
654-2,BO094,654,654,3,questi,questi,questo,DET,_
654-3,BO094,654,654,4,vari,vari,vario,ADJ,_
654-4,BO094,654,654,5,teoremi,teoremi,teorema,NOUN,_
654-5,BO094,654,654,6-7,dell',dell',_,_,Truncated=Yes
654-5a,_,_,654,6,_,di,di,ADP,_
654-5b,_,_,654,7,_,l',il,DET,_
654-6,BO094,654,654,8,incompletezza,incompletezza,incompletezza,NOUN,_
654-7,BO094,654,654,9,quella,quella,quello,PRON,_
654-8,BO094,654,654,10,aritmetica,aritmetica,aritmetico,ADJ,_
655-0,BO094,655,655,1,e,e,e,CCONJ,_
655-1,BO094,655,655,2-3,del,del,_,_,_
655-1a,_,_,655,2,_,di,di,ADP,_
655-1b,_,_,655,3,_,il,il,DET,_
656-0,BO094,656,656,1,oh,oh,oh,INTJ,_
656-1,BO094,656,656,2,eh,eh,eh,INTJ,_
656-2,BO094,656,656,3,ecco,ecco,ecco,ADV,_
656-3,BO094,656,656,4,>allora<,allora,allora,ADV,_
656-4,BO094,656,656,5,tutto,tutto,tutto,DET,_
656-5,BO094,656,656,6,questo,questo,questo,PRON,_
657-0,BO094,657,657,1,diciamo,diciamo,dire,VERB,_
657-1,BO094,657,657,2,questa,questa,questo,DET,_
657-2,BO094,657,657,3,"romanzina,",romanzina,romanzina,NOUN,Intonation=weakly_rising
658-0,BO094,658,658,1,per,per,per,ADP,_
658-1,BO094,658,658,2-3,dirvi,dirvi,_,_,_
658-1a,_,_,658,2,_,dir,dire,VERB,_
658-1b,_,_,658,3,_,vi,vi,PRON,_
658-2,BO094,658,658,4,che,che,che,SCONJ,_
658-3,BO094,658,658,5,uno,uno,uno,DET,_
658-4,BO094,658,658,6,studio,studio,studio,NOUN,_
658-5,BO094,658,658,7,teorico,teorico,teorico,ADJ,_
658-6,BO094,658,658,8-9,delle,delle,_,_,_
658-6a,_,_,658,8,_,di,di,ADP,_
658-6b,_,_,658,9,_,le,il,DET,_
658-7,BO094,658,658,10,"deduzioni,",deduzioni,deduzione,NOUN,Intonation=weakly_rising
659-0,BO094,659,659,1,vabbe,vabbe,vabbe,INTJ,_
659-1,BO094,659,659,2,è,è,essere,AUX,_
659-2,BO094,659,659,3,centrale,centrale,centrale,ADJ,_
659-3,BO094,659,659,4,ecco,ecco,ecco,ADV,_
659-4,BO094,659,659,5,è,è,essere,AUX,_
659-5,BO094,659,659,6,"centrale,",centrale,centrale,ADJ,Intonation=weakly_rising
660-0,BO094,660,660,1-2,nell',nell',_,_,Truncated=Yes
660-0a,_,_,660,1,_,in,in,ADP,_
660-0b,_,_,660,2,_,l',il,DET,_
660-1,BO094,660,660,3,attività,attività,attività,NOUN,_
660-2,BO094,660,660,4,e::h,eh,eh,INTJ,_
661-0,BO094,661,661,1-2,della,della,_,_,_
661-0a,_,_,661,1,_,di,di,ADP,_
661-0b,_,_,661,2,_,la,il,DET,_
661-1,BO094,661,661,3,logica,logica,logica,NOUN,_
661-2,BO094,661,661,4,va,va,andare,VERB,_
661-3,BO094,661,661,5,bene,bene,bene,ADV,_
661-4,BO094,661,661,6,dove,dove,dove,ADV,_
661-5,BO094,661,661,7,voi,voi,voi,PRON,_
661-6,BO094,661,661,8,avete,avete,avere,AUX,_
661-7,BO094,661,661,9,visto,visto,vedere,VERB,_
661-8,BO094,661,661,10,una,una,uno,DET,_
661-9,BO094,661,661,11,formula,formula,formula,NOUN,_
661-10,BO094,661,661,12,molto,molto,molto,ADV,_
661-11,BO094,661,661,13,piccola,piccola,piccolo,ADJ,_
661-12,BO094,661,661,14,ma,ma,ma,CCONJ,_
661-13,BO094,661,661,15,almeno,almeno,almeno,ADV,_
662-0,BO094,662,662,1,un',un',uno,DET,Truncated=Yes
662-1,BO094,662,662,2,idea,idea,idea,NOUN,_
663-0,BO094,663,663,1,ve,ve,vi,PRON,_
663-1,BO094,663,663,2,la,la,la,PRON,_
663-2,BO094,663,663,3,siete,siete,essere,AUX,_
663-3,BO094,663,663,4,fatta.,fatta,fare,VERB,Intonation=falling
664-0,BO094,664,664,1,va,va,andare,VERB,_
664-1,BO094,664,664,2,bene,bene,bene,ADV,_
664-2,BO094,664,664,3,e::h,eh,eh,INTJ,_
664-3,BO094,664,664,4,dunque,dunque,dunque,ADV,_
664-4,BO094,664,664,5,io,io,io,PRON,_
664-5,BO094,664,664,6,direi,direi,dire,VERB,_
664-6,BO094,664,664,7,a,a,a,ADP,_
664-7,BO094,664,664,8,questo,questo,questo,DET,_
664-8,BO094,664,664,9,punto,punto,punto,NOUN,_
664-9,BO094,664,664,10,forse,forse,forse,ADV,_
664-10,BO094,664,664,11,di,di,di,ADP,_
665-0,BO094,665,665,1,a,a,a,ADP,_
665-1,BO094,665,665,2,meno,meno,meno,ADV,_
665-2,BO094,665,665,3,che,che,che,SCONJ,_
665-3,BO094,665,665,4,non,non,non,ADV,_
665-4,BO094,665,665,5,abbiate,abbiate,abbiare,VERB,_
665-5,BO094,665,665,6,domande,domande,domanda,NOUN,_
665-6,BO094,665,665,7-8,sulla,sulla,_,_,_
665-6a,_,_,665,7,_,su,su,ADP,_
665-6b,_,_,665,8,_,la,il,DET,_
665-7,BO094,665,665,9,dimostrazione,dimostrazione,dimostrazione,NOUN,_
665-8,BO094,665,665,10-11,del,del,_,_,_
665-8a,_,_,665,10,_,di,di,ADP,_
665-8b,_,_,665,11,_,il,il,DET,_
665-9,BO094,665,665,12,teorema,teorema,teorema,NOUN,_
665-10,BO094,665,665,13,di,di,di,ADP,_
665-11,BO094,665,665,14,"validità,",validità,validità,NOUN,Intonation=weakly_rising
666-0,BO094,666,666,1,e:::h,eh,eh,INTJ,_
667-0,BO094,667,667,1,possiamo,possiamo,potere,AUX,_
668-0,BO094,668,668,1,anche,anche,anche,ADV,_
669-0,BO094,669,669,1,e:::h,eh,eh,INTJ,_
670-0,BO094,670,670,1,aspettare,aspettare,aspettare,VERB,_
670-1,BO094,670,670,2,a,a,a,ADP,_
670-2,BO094,670,670,3-4,discuterlo,discuterlo,_,_,_
670-2a,_,_,670,3,_,discuter,discutere,VERB,_
670-2b,_,_,670,4,_,lo,lo,PRON,_
670-3,BO094,670,670,5,eventualmente,eventualmente,eventualmente,ADV,_
670-4,BO094,670,670,6,"giovedì,",giovedì,giovedì,NOUN,Intonation=weakly_rising
671-0,BO094,671,671,1,così,così,così,ADV,_
671-1,BO094,671,671,2,avete,avete,avere,VERB,_
671-2,BO094,671,671,3,un,un,uno,DET,_
671-3,BO094,671,671,4,giorno,giorno,giorno,NOUN,_
671-4,BO094,671,671,5,di,di,di,ADP,_
671-5,BO094,671,671,6,tempo,tempo,tempo,NOUN,_
671-6,BO094,671,671,7,per,per,per,ADP,_
671-7,BO094,671,671,8,leggervi,leggervi,leggervi,,_
,,,,,_,legger,leggere,VERB,
,,,,,_,vi,vi,PRON,
671-8,BO094,671,671,9,i,i,il,DET,_
671-9,BO094,671,671,10,"foglietti,",foglietti,foglietto,NOUN,Intonation=weakly_rising
672-0,BO094,672,672,1,a,a,a,ADP,_
672-1,BO094,672,672,2-3,orientarvi,orientarvi,_,_,_
672-1a,_,_,672,2,_,orientar,orientare,VERB,_
672-1b,_,_,672,3,_,vi,vi,PRON,_
672-2,BO094,672,672,4,minimamente,minimamente,minimamente,ADV,_
672-3,BO094,672,672,5,e,e,e,CCONJ,_
672-4,BO094,672,672,6,poi,poi,poi,ADV,_
672-5,BO094,672,672,7,possiamo,possiamo,potere,AUX,_
672-6,BO094,672,672,8,fare,fare,fare,VERB,_
672-7,BO094,672,672,9,una,una,uno,DET,_
672-8,BO094,672,672,10,discussione,discussione,discussione,NOUN,_
672-9,BO094,672,672,11,giovedì,giovedì,giovedì,NOUN,_
673-0,BO094,673,673,1,e::h,eh,eh,INTJ,_
673-1,BO094,673,673,2,che,che,che,PRON,_
673-2,BO094,673,673,3,abbiamo,abbiamo,avere,VERB,_
673-3,BO094,673,673,4,in,in,in,ADP,_
673-4,BO094,673,673,5,ogni,ogni,ogni,DET,_
673-5,BO094,673,673,6,caso,caso,caso,NOUN,_
673-6,BO094,673,673,7,quattro,quattro,quattro,NUM,_
673-7,BO094,673,673,8,ore,ore,ora,NOUN,_
673-8,BO094,673,673,9,quindi,quindi,quindi,ADV,_
673-9,BO094,673,673,10,c',c',ci,PRON,Truncated=Yes
673-10,BO094,673,673,11,è,è,essere,VERB,_
673-11,BO094,673,673,12,tempo,tempo,tempo,NOUN,_
673-12,BO094,673,673,13,per,per,per,ADP,_
673-13,BO094,673,673,14,discutere.,discutere,discutere,VERB,Intonation=falling
674-0,BO094,674,674,1,va,va,andare,VERB,_
674-1,BO094,674,674,2,bene?,bene,bene,ADV,Intonation=rising
675-0,BO094,675,675,1,però,però,però,ADV,_
675-1,BO094,675,675,2,chi,chi,chi,PRON,_
675-2,BO094,675,675,3,ha,ha,avere,VERB,_
675-3,BO094,675,675,4,già,già,già,ADV,_
675-4,BO094,675,675,5,qualche,qualche,qualche,DET,_
675-5,BO094,675,675,6,domanda,domanda,domanda,NOUN,_
675-6,BO094,675,675,7,ora,ora,ora,ADV,_
675-7,BO094,675,675,8,si,si,si,PRON,_
675-8,BO094,675,675,9,risponde.,risponde,rispondere,VERB,Intonation=falling
676-0,BO094,676,676,1,si,si,si,PRON,_
676-1,BO094,676,676,2,cerca,cerca,cercare,VERB,_
676-2,BO094,676,676,3,di,di,di,ADP,_
676-3,BO094,676,676,4,rispondere.,rispondere,rispondere,VERB,Intonation=falling
677-0,BO094,677,677,1,d',d',di,ADP,SpaceAfter=No
677-1,BO094,677,677,2,accordo,accordo,accordo,NOUN,_
677-2,BO094,677,677,3,allora,allora,allora,ADV,_
677-3,BO094,677,677,4,io,io,io,PRON,_
677-4,BO094,677,677,5,oggi,oggi,oggi,ADV,_
677-5,BO094,677,677,6,quello,quello,quello,PRON,_
677-6,BO094,677,677,7,che,che,che,PRON,_
677-7,BO094,677,677,8,volevo,volevo,volere,AUX,_
677-8,BO094,677,677,9,"fare,",fare,fare,VERB,Intonation=weakly_rising
678-0,BO094,678,678,1,e::h,eh,eh,INTJ,_
679-0,BO094,679,679,1,xx,x,x,X,_
680-0,BO094,680,680,1,scusate,scusate,scusare,VERB,_
680-1,BO094,680,680,2,c',c',ci,PRON,Truncated=Yes
680-2,BO094,680,680,3,è,è,essere,VERB,_
680-3,BO094,680,680,4,una,una,uno,DET,_
680-4,BO094,680,680,5,domanda,domanda,domanda,NOUN,_
681-0,???,681,681,0,{uno_studente_fa_una_domanda_incomprensibile},{uno_studente_fa_una_domanda_incomprensibile},_,X,_
682-0,BO094,682,682,1-2,al,al,_,_,_
682-0a,_,_,682,1,_,a,a,ADP,_
682-0b,_,_,682,2,_,il,il,DET,_
682-1,BO094,682,682,3,test?,test,test,NOUN,Intonation=rising
683-0,BO094,683,683,1,allora,allora,allora,ADV,_
683-1,BO094,683,683,2,in,in,in,ADP,_
683-2,BO094,683,683,3,genere,genere,genere,NOUN,_
683-3,BO094,683,683,4,guardate,guardate,guardare,VERB,_
684-0,BO094,684,684,1-2,al,al,_,_,_
684-0a,_,_,684,1,_,a,a,ADP,_
684-0b,_,_,684,2,_,il,il,DET,_
684-1,BO094,684,684,3,test,test,test,NOUN,_
684-2,BO094,684,684,4,e::h,eh,eh,INTJ,_
684-3,BO094,684,684,5,voi,voi,voi,PRON,_
684-4,BO094,684,684,6,avrete,avrete,avere,VERB,_
685-0,BO094,685,685,1,e::h,eh,eh,INTJ,_
685-1,BO094,685,685,2,non,non,non,ADV,_
685-2,BO094,685,685,3,so,so,sapere,VERB,_
686-0,BO094,686,686,1-2,dei,dei,_,_,_
686-0a,_,_,686,1,_,di,di,ADP,_
686-0b,_,_,686,2,_,i,il,DET,_
686-1,BO094,686,686,3,foglietti,foglietti,foglietto,NOUN,_
686-2,BO094,686,686,4,va,va,andare,VERB,_
686-3,BO094,686,686,5,bene,bene,bene,ADV,_
686-4,BO094,686,686,6,con,con,con,ADP,_
686-5,BO094,686,686,7,tutte,tutte,tutto,DET,_
686-6,BO094,686,686,8,le,le,il,DET,_
686-7,BO094,686,686,9,"domande,",domande,domanda,NOUN,Intonation=weakly_rising
687-0,BO094,687,687,1,e,e,e,CCONJ,_
687-1,BO094,687,687,2,poi,poi,poi,ADV,_
687-2,BO094,687,687,3,in,in,in,ADP,_
687-3,BO094,687,687,4,genere,genere,genere,NOUN,_
687-4,BO094,687,687,5,mettiamo,mettiamo,mettere,VERB,_
687-5,BO094,687,687,6,due,due,due,NUM,_
687-6,BO094,687,687,7,fogli,fogli,foglio,NOUN,_
687-7,BO094,687,687,8,bianchi,bianchi,bianco,ADJ,_
687-8,BO094,687,687,9,>comunque<,comunque,comunque,ADV,_
688-0,BO094,688,688,1,qua,qua,qua,ADV,_
688-1,BO094,688,688,2,potete,potete,potere,AUX,_
688-2,BO094,688,688,3,usare,usare,usare,VERB,_
688-3,BO094,688,688,4,il,il,il,DET,_
688-4,BO094,688,688,5,retro,retro,retro,NOUN,_
688-5,BO094,688,688,6-7,dei,dei,_,_,_
688-5a,_,_,688,6,_,di,di,ADP,_
688-5b,_,_,688,7,_,i,il,DET,_
688-6,BO094,688,688,8,fogli,fogli,foglio,NOUN,_
688-7,BO094,688,688,9,>insomma<,insomma,insomma,ADV,_
688-8,BO094,688,688,10,ecco,ecco,ecco,ADV,_
688-9,BO094,688,688,11,fogli,fogli,foglio,NOUN,_
688-10,BO094,688,688,12,vostri,vostri,vostro,ADJ,_
688-11,BO094,688,688,13,è,è,essere,AUX,_
688-12,BO094,688,688,14,bene,bene,bene,ADV,_
688-13,BO094,688,688,15,che,che,che,SCONJ,_
688-14,BO094,688,688,16,non,non,non,ADV,_
688-15,BO094,688,688,17,ne,ne,ne,PRON,_
688-16,BO094,688,688,18,circolino,circolino,circolare,VERB,_
688-17,BO094,688,688,19,d',d',di,ADP,SpaceAfter=No
688-18,BO094,688,688,20,accordo?,accordo,accordo,NOUN,Intonation=rising
689-0,???,689,689,0,{interviene_qualcuno_ma_è_incomprensibile},{interviene_qualcuno_ma_è_incomprensibile},_,X,_
690-0,BO094,690,690,1,quindi,quindi,quindi,ADV,_
690-1,BO094,690,690,2,e::h,eh,eh,INTJ,_
690-2,BO094,690,690,3,noi,noi,noi,PRON,_
690-3,BO094,690,690,4,aggiungeremo,aggiungeremo,aggiungere,VERB,_
690-4,BO094,690,690,5,un,un,uno,DET,_
690-5,BO094,690,690,6,foglio,foglio,foglio,NOUN,_
690-6,BO094,690,690,7,o,o,o,CCONJ,_
690-7,BO094,690,690,8,due,due,due,NUM,_
690-8,BO094,690,690,9,bianco,bianco,bianco,ADJ,_
690-9,BO094,690,690,10,>spillato<,spillato,spillare,VERB,_
690-10,BO094,690,690,11,insieme,insieme,insieme,ADV,_
690-11,BO094,690,690,12-13,al,al,_,_,_
690-11a,_,_,690,12,_,a,a,ADP,_
690-11b,_,_,690,13,_,il,il,DET,_
690-12,BO094,690,690,14,foglio,foglio,foglio,NOUN,_
690-13,BO094,690,690,15,con,con,con,ADP,_
690-14,BO094,690,690,16,le,le,il,DET,_
690-15,BO094,690,690,17,domande,domande,domanda,NOUN,_
690-16,BO094,690,690,18,e,e,e,CCONJ,_
690-17,BO094,690,690,19,fate,fate,fare,VERB,_
690-18,BO094,690,690,20,lì,lì,lì,ADV,_
691-0,BO094,691,691,1,poi,poi,poi,ADV,_
691-1,BO094,691,691,2,quello,quello,quello,PRON,_
691-2,BO094,691,691,3,che,che,che,PRON,_
691-3,BO094,691,691,4,voi,voi,voi,PRON,_
691-4,BO094,691,691,5,non,non,non,ADV,_
691-5,BO094,691,691,6,volete,volete,volere,AUX,_
691-6,BO094,691,691,7,che,che,che,SCONJ,_
691-7,BO094,691,691,8,io,io,io,PRON,_
691-8,BO094,691,691,9,"legga,",legga,leggere,VERB,Intonation=weakly_rising
692-0,BO094,692,692,1,xx,x,x,X,_
692-1,BO094,692,692,2,sopra,sopra,sopra,ADV,_
692-2,BO094,692,692,3,e,e,e,CCONJ,_
692-3,BO094,692,692,4,basta,basta,bastare,VERB,_
693-0,BO094,693,693,1,va,va,andare,VERB,_
693-1,BO094,693,693,2,bene?,bene,bene,ADV,Intonation=rising
694-0,BO094,694,694,1,o::h,oh,oh,INTJ,_
695-0,BO094,695,695,1,dunque,dunque,dunque,ADV,_
695-1,BO094,695,695,2,e::h,eh,eh,INTJ,_
696-0,BO094,696,696,1,>diciamo<,diciamo,dire,VERB,_
696-1,BO094,696,696,2,vorrei,vorrei,volere,AUX,_
696-2,BO094,696,696,3,un,un,uno,DET,_
696-3,BO094,696,696,4,atti~,atti~,atti~,X,Interrupted=Yes
696-4,BO094,696,696,5,diciamo,diciamo,dire,VERB,_
696-5,BO094,696,696,6,ci,ci,ci,PRON,_
696-6,BO094,696,696,7,sono,sono,essere,VERB,_
696-7,BO094,696,696,8,due,due,due,NUM,_
696-8,BO094,696,696,9,argomenti.,argomenti,argomento,NOUN,Intonation=falling
697-0,BO094,697,697,1,di,di,di,ADP,_
697-1,BO094,697,697,2,cu~,cu~,cu~,X,Interrupted=Yes
697-2,BO094,697,697,3,che,che,che,PRON,_
697-3,BO094,697,697,4,vorrei,vorrei,volere,AUX,_
697-4,BO094,697,697,5,trattare,trattare,trattare,VERB,_
697-5,BO094,697,697,6,oggi.,oggi,oggi,ADV,Intonation=falling
698-0,BO094,698,698,1,u:no,uno,uno,PRON,_
699-0,BO094,699,699,1,è,è,essere,AUX,_
699-1,BO094,699,699,2,se,se,se,SCONJ,_
699-2,BO094,699,699,3,volete,volete,volere,AUX,_
699-3,BO094,699,699,4,un,un,uno,DET,_
699-4,BO094,699,699,5,"ripasso,",ripasso,ripasso,NOUN,Intonation=weakly_rising
700-0,BO094,700,700,1,su,su,su,ADP,_
700-1,BO094,700,700,2,un,un,uno,DET,_
700-2,BO094,700,700,3,argomento,argomento,argomento,NOUN,_
700-3,BO094,700,700,4,che,che,che,PRON,_
700-4,BO094,700,700,5,forse,forse,forse,ADV,_
700-5,BO094,700,700,6,non,non,non,ADV,_
700-6,BO094,700,700,7,abbiamo,abbiamo,avere,AUX,_
700-7,BO094,700,700,8,approfondito,approfondito,approfondire,VERB,_
700-8,BO094,700,700,9,abbastanza,abbastanza,abbastanza,ADV,_
701-0,BO094,701,701,1,e,e,e,CCONJ,_
701-1,BO094,701,701,2,cioè,cioè,cioè,ADV,_
701-2,BO094,701,701,3,i,i,il,DET,_
701-3,BO094,701,701,4,quantificatori,quantificatori,quantificatore,NOUN,_
701-4,BO094,701,701,5,numerici.,numerici,numerico,ADJ,Intonation=falling
702-0,BO094,702,702,1,questo,questo,questo,PRON,_
702-1,BO094,702,702,2,è,è,essere,AUX,_
702-2,BO094,702,702,3,e::h,eh,eh,INTJ,_
703-0,BO094,703,703,1,l',l',il,DET,Truncated=Yes
703-1,BO094,703,703,2,altra,altra,altro,ADJ,_
703-2,BO094,703,703,3,questione,questione,questione,NOUN,_
703-3,BO094,703,703,4,invece,invece,invece,ADV,_
703-4,BO094,703,703,5,su,su,su,ADP,_
703-5,BO094,703,703,6,cui,cui,cui,PRON,_
703-6,BO094,703,703,7,volevo,volevo,volere,AUX,_
703-7,BO094,703,703,8,un,un,uno,DET,_
703-8,BO094,703,703,9,attimino,attimino,attimino,NOUN,_
703-9,BO094,703,703,10,dire,dire,dire,VERB,_
703-10,BO094,703,703,11,"qualcosa,",qualcosa,qualcosa,PRON,Intonation=weakly_rising
704-0,BO094,704,704,1,era,era,essere,AUX,_
704-1,BO094,704,704,2,la,la,il,DET,_
704-2,BO094,704,704,3,"questione,",questione,questione,NOUN,Intonation=weakly_rising
705-0,BO094,705,705,1,di:,di,di,ADP,_
705-1,BO094,705,705,2,alcune,alcune,alcuno,DET,_
705-2,BO094,705,705,3,forme,forme,forma,NOUN,_
705-3,BO094,705,705,4,normali.,normali,normale,ADJ,Intonation=falling
706-0,BO094,706,706,1,eh,eh,eh,INTJ,_
707-0,BO094,707,707,1,e::h,eh,eh,INTJ,_
707-1,BO094,707,707,2,di,di,di,ADP,_
707-2,BO094,707,707,3,nuovo,nuovo,nuovo,ADJ,_
707-3,BO094,707,707,4,cerchiamo,cerchiamo,cercare,VERB,_
707-4,BO094,707,707,5,di,di,di,ADP,_
708-0,BO094,708,708,1,e::h,eh,eh,ADV,_
708-1,BO094,708,708,2,ragionare,ragionare,ragionare,VERB,_
708-2,BO094,708,708,3,ragionare,ragionare,ragionare,VERB,_
709-0,BO094,709,709,1,allora,allora,allora,ADV,_
710-0,BO094,710,710,1,io,io,io,PRON,_
710-1,BO094,710,710,2,volevo,volevo,volevere,VERB,_
710-2,BO094,710,710,3,che,che,che,SCONJ,_
710-3,BO094,710,710,4,voi,voi,voi,PRON,_
710-4,BO094,710,710,5,riusciste,riusciste,riuscistere,VERB,_
710-5,BO094,710,710,6,in,in,in,ADP,_
710-6,BO094,710,710,7,qualche,qualche,qualche,DET,_
710-7,BO094,710,710,8,misura,misura,misura,NOUN,_
711-0,BO094,711,711,1,a,a,a,ADP,_
711-1,BO094,711,711,2,sfruttare,sfruttare,sfruttare,VERB,_
711-2,BO094,711,711,3,a,a,a,ADP,_
711-3,BO094,711,711,4,sfruttare,sfruttare,sfruttare,VERB,_
711-4,BO094,711,711,5,le,le,il,DET,_
711-5,BO094,711,711,6,equivalenze,equivalenze,equivalenza,NOUN,_
711-6,BO094,711,711,7,logiche,logiche,logico,ADJ,_
711-7,BO094,711,711,8,che,che,che,PRON,_
711-8,BO094,711,711,9,avete,avete,avere,AUX,_
711-9,BO094,711,711,10,"studiato,",studiato,studiare,VERB,Intonation=weakly_rising
712-0,BO094,712,712,1,per,per,per,ADP,_
712-1,BO094,712,712,2-3,rendervi,rendervi,_,_,_
712-1a,_,_,712,2,_,render,rendere,VERB,_
712-1b,_,_,712,3,_,vi,vi,PRON,_
712-2,BO094,712,712,4,conto,conto,conto,NOUN,_
712-3,BO094,712,712,5,di,di,di,ADP,_
712-4,BO094,712,712,6,e::h,eh,eh,INTJ,_
712-5,BO094,712,712,7,una,una,uno,DET,_
712-6,BO094,712,712,8,cosa,cosa,cosa,NOUN,_
712-7,BO094,712,712,9,che,che,che,PRON,_
712-8,BO094,712,712,10,risulta,risulta,risultare,VERB,_
712-9,BO094,712,712,11,essere,essere,essere,AUX,_
712-10,BO094,712,712,12,abbastanza,abbastanza,abbastanza,ADV,_
712-11,BO094,712,712,13,importante,importante,importante,ADJ,_
712-12,BO094,712,712,14,quando,quando,quando,SCONJ,_
712-13,BO094,712,712,15,si,si,si,PRON,_
712-14,BO094,712,712,16,fa,fa,fare,VERB,_
712-15,BO094,712,712,17,metateoria.,metateoria,metateoria,NOUN,Intonation=falling
713-0,BO094,713,713,1,cioè,cioè,cioé,ADV,_
713-1,BO094,713,713,2,che,che,che,SCONJ,_
713-2,BO094,713,713,3,xxx,x,x,X,_
713-3,BO094,713,713,4,una,una,uno,DET,_
713-4,BO094,713,713,5,qualsiasi,qualsiasi,qualsiasi,ADJ,_
713-5,BO094,713,713,6,formula,formula,formula,NOUN,_
713-6,BO094,713,713,7,a,a,a,ADP,_
713-7,BO094,713,713,8-9,del,del,_,_,_
713-7a,_,_,713,8,_,di,di,ADP,_
713-7b,_,_,713,9,_,il,il,DET,_
713-8,BO094,713,713,10,prim',prim',primo,ADJ,Truncated=Yes
713-9,BO094,713,713,11,"ordine,",ordine,ordine,NOUN,Intonation=weakly_rising
714-0,BO094,714,714,1,è,è,essere,AUX,_
714-1,BO094,714,714,2,"possibile,",possibile,possibile,ADJ,Intonation=weakly_rising
715-0,BO094,715,715,1,individuare,individuare,individuare,VERB,_
716-0,BO094,716,716,1,una,una,uno,DET,_
716-1,BO094,716,716,2,formula,formula,formula,NOUN,_
717-0,BO094,717,717,1,equivalente,equivalente,equivalente,ADJ,_
717-1,BO094,717,717,2,ad,ad,a,ADP,_
717-2,BO094,717,717,3,"a,",a,a,ADP,Intonation=weakly_rising
718-0,BO094,718,718,1,che,che,che,PRON,_
718-1,BO094,718,718,2,è,è,essere,AUX,_
718-2,BO094,718,718,3,così,così,così,ADV,_
718-3,BO094,718,718,4,strutturata.,strutturata,strutturato,ADJ,Intonation=falling
719-0,BO094,719,719,1,e,e,e,CCONJ,_
719-1,BO094,719,719,2,abbiamo,abbiamo,avere,VERB,_
720-0,BO094,720,720,1,una,una,uno,DET,_
721-0,BO094,721,721,1,per,per,per,ADP,_
721-1,BO094,721,721,2,cui,cui,cui,PRON,_
721-2,BO094,721,721,3,intendo,intendo,intendere,VERB,_
721-3,BO094,721,721,4,o,o,o,CCONJ,_
721-4,BO094,721,721,5,un,un,uno,DET,_
721-5,BO094,721,721,6,quantificatore,quantificatore,quantificatore,NOUN,_
721-6,BO094,721,721,7,universale,universale,universale,ADJ,_
721-7,BO094,721,721,8,o,o,o,CCONJ,_
721-8,BO094,721,721,9,un,un,uno,DET,_
721-9,BO094,721,721,10,quantificatore,quantificatore,quantificatore,NOUN,_
721-10,BO094,721,721,11,esistenziale.,esistenziale,esistenziale,ADJ,Intonation=falling
722-0,BO094,722,722,1,e,e,e,CCONJ,_
722-1,BO094,722,722,2,abbiamo,abbiamo,avere,VERB,_
722-2,BO094,722,722,3,una,una,uno,DET,_
722-3,BO094,722,722,4,questa,questa,questo,PRON,_
722-4,BO094,722,722,5,è,è,essere,AUX,_
722-5,BO094,722,722,6,un,un,uno,DET,_
722-6,BO094,722,722,7,ics,ics,ics,NOUN,_
722-7,BO094,722,722,8,eh,eh,eh,INTJ,_
722-8,BO094,722,722,9,non,non,non,ADV,_
722-9,BO094,722,722,10,è,è,essere,AUX,_
722-10,BO094,722,722,11,un,un,uno,PRON,_
722-11,BO094,722,722,12,"per,",per,per,ADP,Intonation=weakly_rising
723-0,BO094,723,723,1,prendiamo,prendiamo,prendere,VERB,_
723-1,BO094,723,723,2,a,a,a,ADP,_
723-2,BO094,723,723,3,distinguere,distinguere,distinguere,VERB,_
723-3,BO094,723,723,4,in,in,in,ADP,_
723-4,BO094,723,723,5,un,un,uno,DET,_
723-5,BO094,723,723,6,altro,altro,altro,ADJ,_
723-6,BO094,723,723,7,modo.,modo,modo,NOUN,Intonation=falling
724-0,BO094,724,724,1,va,va,andare,VERB,_
724-1,BO094,724,724,2,bene,bene,bene,ADV,_
725-0,BO094,725,725,1,allora,allora,allora,ADV,_
726-0,BO094,726,726,1,e::h,eh,eh,INTJ,_
726-1,BO094,726,726,2,ogni,ogni,ogni,DET,_
727-0,BO094,727,727,1,enunciato,enunciato,enunciare,VERB,_
727-1,BO094,727,727,2,a,a,a,ADP,_
728-0,BO094,728,728,1,"è:,",è,essere,AUX,Intonation=weakly_rising
729-0,BO094,729,729,1,equivalente,equivalente,equivalente,ADJ,_
729-1,BO094,729,729,2,ad,ad,a,ADP,_
729-2,BO094,729,729,3,un,un,uno,DET,_
729-3,BO094,729,729,4,enunciato,enunciato,enunciato,NOUN,_
729-4,BO094,729,729,5,in,in,in,ADP,_
729-5,BO094,729,729,6,quella,quella,quello,PRON,_
729-6,BO094,729,729,7,che,che,che,PRON,_
729-7,BO094,729,729,8,si,si,si,PRON,_
729-8,BO094,729,729,9,chiama,chiama,chiamare,VERB,_
729-9,BO094,729,729,10,forma,forma,forma,NOUN,_
729-10,BO094,729,729,11,normale,normale,normale,ADJ,_
729-11,BO094,729,729,12,prenessa.,prenessa,prenessare,VERB,Intonation=falling
730-0,BO094,730,730,1,che,che,che,PRON,_
730-1,BO094,730,730,2,è,è,essere,AUX,_
730-2,BO094,730,730,3,così,così,così,ADV,_
730-3,BO094,730,730,4,composta.,composta,comporre,VERB,Intonation=falling
731-0,BO094,731,731,1,c',c',ci,PRON,Truncated=Yes
731-1,BO094,731,731,2,è,è,essere,VERB,_
731-2,BO094,731,731,3,un,un,uno,DET,_
731-3,BO094,731,731,4,"prefisso,",prefisso,prefisso,NOUN,Intonation=weakly_rising
732-0,BO094,732,732,1,che,che,che,SCONJ,_
732-1,BO094,732,732,2,sono,sono,essere,AUX,_
732-2,BO094,732,732,3,tutti,tutti,tutto,PRON,_
732-3,BO094,732,732,4,"quantificatori,",quantificatori,quantificatore,NOUN,Intonation=weakly_rising
733-0,BO094,733,733,1,alternati,alternati,alternare,VERB,_
733-1,BO094,733,733,2,eh,eh,eh,INTJ,_
733-2,BO094,733,733,3,>cioè<,cioè,cioè,ADV,_
733-3,BO094,733,733,4-5,nella:,nella,_,_,_
733-3a,_,_,733,4,_,in,in,ADP,_
733-3b,_,_,733,5,_,la,la,PRON,_
733-4,BO094,733,733,6-7,nella,nella,_,_,_
733-4a,_,_,733,6,_,in,in,ADP,_
733-4b,_,_,733,7,_,la,il,DET,_
733-5,BO094,733,733,8,combinazione,combinazione,combinazione,NOUN,_
733-6,BO094,733,733,9,che,che,che,PRON,_
733-7,BO094,733,733,10,volete.,volete,volere,VERB,Intonation=falling
734-0,BO094,734,734,1,possono,possono,potere,AUX,_
734-1,BO094,734,734,2,essere,essere,essere,AUX,_
734-2,BO094,734,734,3,tutti,tutti,tutto,DET,_
734-3,BO094,734,734,4,"universali,",universali,universale,ADJ,Intonation=weakly_rising
734-4,BO094,734,734,5,"mescolati:,",mescolati,mescolato,NOUN,Intonation=weakly_rising
734-5,BO094,734,734,6,non,non,non,ADV,_
734-6,BO094,734,734,7,ha,ha,avere,VERB,_
734-7,BO094,734,734,8,nessuna,nessuna,nessuna,DET,_
734-8,BO094,734,734,9,importanza.,importanza,importanza,NOUN,Intonation=falling
735-0,BO094,735,735,1,u:na,una,uno,DET,_
735-1,BO094,735,735,2,lista,lista,lista,NOUN,_
735-2,BO094,735,735,3,finita,finita,finire,VERB,_
735-3,BO094,735,735,4,di,di,di,ADP,_
735-4,BO094,735,735,5,"quantificatori,",quantificatori,quantificatore,NOUN,Intonation=weakly_rising
736-0,BO094,736,736,1,e,e,e,CCONJ,_
736-1,BO094,736,736,2,poi,poi,poi,ADV,_
736-2,BO094,736,736,3,una,una,uno,DET,_
736-3,BO094,736,736,4,formula,formula,formula,NOUN,_
736-4,BO094,736,736,5,micro(apposizionale).,microapposizionale,microapposizionale,ADJ,Intonation=falling
737-0,BO094,737,737,1,questa,questa,questo,DET,_
737-1,BO094,737,737,2,formula,formula,formula,NOUN,_
737-2,BO094,737,737,3,è,è,essere,AUX,_
737-3,BO094,737,737,4-5,del,del,_,_,_
737-3a,_,_,737,4,_,di,di,ADP,_
737-3b,_,_,737,5,_,il,il,DET,_
737-4,BO094,737,737,6,linguaggio,linguaggio,linguaggio,NOUN,_
737-5,BO094,737,737,7,(erre),erre,errere,VERB,_
737-6,BO094,737,737,8,zero.,zero,zero,NUM,Intonation=falling
738-0,BO094,738,738,1,po:i,poi,poi,ADV,_
738-1,BO094,738,738,2,volendo,volendo,volere,VERB,_
738-2,BO094,738,738,3,ancora,ancora,ancora,ADV,_
739-0,BO094,739,739,1,eh,eh,eh,INTJ,_
739-1,BO094,739,739,2,indagare,indagare,indagare,VERB,_
739-2,BO094,739,739,3,volevo,volevo,volere,AUX,_
739-3,BO094,739,739,4,ancora,ancora,ancora,ADV,_
739-4,BO094,739,739,5,e::h,eh,eh,INTJ,_
739-5,BO094,739,739,6,si,si,si,PRON,_
739-6,BO094,739,739,7,può,può,potere,AUX,_
739-7,BO094,739,739,8,far,far,fare,VERB,_
739-8,BO094,739,739,9,"vedere,",vedere,vedere,VERB,Intonation=weakly_rising
740-0,BO094,740,740,1,che:,che,che,SCONJ,_
741-0,BO094,741,741,1,questa,questa,questo,DET,_
741-1,BO094,741,741,2,formula,formula,formula,NOUN,_
741-2,BO094,741,741,3,"vi,",vi,vi,ADV,Intonation=weakly_rising
742-0,BO094,742,742,1,può,può,potere,AUX,_
742-1,BO094,742,742,2,anch',anch',anche,ADV,Truncated=Yes
742-2,BO094,742,742,3,essa,essa,esso,PRON,_
742-3,BO094,742,742,4,avere,avere,avere,VERB,_
742-4,BO094,742,742,5,una,una,uno,DET,_
742-5,BO094,742,742,6,forma,forma,forma,NOUN,_
742-6,BO094,742,742,7,normale,normale,normale,ADJ,_
742-7,BO094,742,742,8,molto,molto,molto,ADV,_
742-8,BO094,742,742,9,precisa.,precisa,preciso,ADJ,Intonation=falling
743-0,BO094,743,743,1,e::h,eh,eh,INTJ,_
743-1,BO094,743,743,2,per,per,per,ADP,_
743-2,BO094,743,743,3,esempio,esempio,esempio,NOUN,_
743-3,BO094,743,743,4,potrebbe,potrebbe,potere,AUX,_
743-4,BO094,743,743,5,essere,essere,essere,AUX,_
743-5,BO094,743,743,6,limitiamoci,limitiamoci,,,_
,,,,,_,limitamo,limitare,VERB,
,,,,,,ci,ci,PRON,
743-6,BO094,743,743,7,a,a,a,ADP,_
743-7,BO094,743,743,8,questo.,questo,questo,PRON,Intonation=falling
744-0,BO094,744,744,1,potrebbe,potrebbe,potere,AUX,_
744-1,BO094,744,744,2,essere,essere,essere,AUX,_
744-2,BO094,744,744,3,un,un,uno,DET,_
744-3,BO094,744,744,4,enunciato,enunciato,enunciare,VERB,_
744-4,BO094,744,744,5,due,due,due,NUM,_
744-5,BO094,744,744,6,a.,a,a,ADP,Intonation=falling
745-0,BO094,745,745,1,quindi,quindi,quindi,ADV,_
745-1,BO094,745,745,2,contiene,contiene,contenere,VERB,_
745-2,BO094,745,745,3,solo,solo,solo,ADV,_
745-3,BO094,745,745,4,i,i,il,DET,_
745-4,BO094,745,745,5,connettivi,connettivi,connettivo,NOUN,_
745-5,BO094,745,745,6,"no::n,",non,non,ADV,Intonation=weakly_rising
746-0,BO094,746,746,1,enne,enne,enere,VERB,_
746-1,BO094,746,746,2,e,e,e,CCONJ,_
746-2,BO094,746,746,3,"o,",o,o,CCONJ,Intonation=weakly_rising
747-0,BO094,747,747,1,d',d',di,ADP,SpaceAfter=No
747-1,BO094,747,747,2,accordo?,accordo,accordo,NOUN,Intonation=rising
748-0,BO094,748,748,1,beh,beh,beh,INTJ,_
748-1,BO094,748,748,2,questo,questo,questo,DET,_
748-2,BO094,748,748,3,capite,capite,capita,NOUN,_
748-3,BO094,748,748,4,che,che,che,PRON,_
748-4,BO094,748,748,5,il,il,il,DET,_
748-5,BO094,748,748,6,fatto,fatto,fatto,NOUN,_
749-0,BO094,749,749,1,che,che,che,SCONJ,_
749-1,BO094,749,749,2,una,una,uno,DET,_
749-2,BO094,749,749,3,fo:rmula,formula,formula,NOUN,_
749-3,BO094,749,749,4,possa,possa,potere,AUX,_
749-4,BO094,749,749,5,essere,essere,essere,AUX,_
750-0,BO094,750,750,1,e::h,eh,eh,INTJ,_
750-1,BO094,750,750,2,equivalentemente,equivalentemente,equivalentemente,ADV,_
750-2,BO094,750,750,3,espressa,espressa,esprimere,VERB,_
750-3,BO094,750,750,4,in,in,in,ADP,_
750-4,BO094,750,750,5,una,una,uno,DET,_
750-5,BO094,750,750,6,forma,forma,forma,NOUN,_
750-6,BO094,750,750,7,canonica,canonica,canonico,ADJ,_
751-0,BO094,751,751,1,è,è,essere,AUX,_
751-1,BO094,751,751,2,molto,molto,molto,ADV,_
751-2,BO094,751,751,3,importante.,importante,importante,ADJ,Intonation=falling
752-0,BO094,752,752,1,è,è,essere,AUX,_
752-1,BO094,752,752,2,importante,importante,importante,ADJ,_
752-2,BO094,752,752,3,perché,perché,poiperché,SCONJ,_
753-0,BO094,753,753,1,eh,eh,eh,INTJ,_
753-1,BO094,753,753,2,se,se,se,SCONJ,_
753-2,BO094,753,753,3,specialmente,specialmente,specialmente,ADV,_
753-3,BO094,753,753,4,voglio:,voglio,volere,AUX,_
753-4,BO094,753,753,5,e::hm,ehm,ehm,INTJ,_
754-0,BO094,754,754,1,automi~,automi~,automi~,X,Interrupted=Yes
754-1,BO094,754,754,2,automatizzare,automatizzare,automatizzare,VERB,_
754-2,BO094,754,754,3,eh,eh,eh,INTJ,_
754-3,BO094,754,754,4,che,che,che,PRON,_
754-4,BO094,754,754,5,so,so,sapere,VERB,_
754-5,BO094,754,754,6,io,io,io,PRON,_
754-6,BO094,754,754,7,e::h,eh,eh,INTJ,_
755-0,BO094,755,755,1,la,la,il,DET,_
755-1,BO094,755,755,2,ricerca,ricerca,ricerca,NOUN,_
755-2,BO094,755,755,3,di,di,di,ADP,_
755-3,BO094,755,755,4,modelli,modelli,modello,NOUN,_
755-4,BO094,755,755,5,di,di,di,ADP,_
755-5,BO094,755,755,6,questa,questa,questo,DET,_
755-6,BO094,755,755,7,formula,formula,formula,NOUN,_
755-7,BO094,755,755,8,xxxxx,x,x,X,_
755-8,BO094,755,755,9,genere,genere,genere,NOUN,_
756-0,BO094,756,756,1,eh,eh,eh,INTJ,_
756-1,BO094,756,756,2,avere,avere,avere,VERB,_
756-2,BO094,756,756,3,prima,prima,prima,ADV,_
756-3,BO094,756,756,4,io,io,io,PRON,_
756-4,BO094,756,756,5,prendo,prendo,prendere,VERB,_
756-5,BO094,756,756,6,in,in,in,ADP,_
756-6,BO094,756,756,7,considerazione,considerazione,considerazione,NOUN,_
756-7,BO094,756,756,8,tutti,tutti,tutto,DET,_
756-8,BO094,756,756,9,quanti,quanti,quanto,DET,_
756-9,BO094,756,756,10,i,i,il,DET,_
756-10,BO094,756,756,11,"quantificatori,",quantificatori,quantificatore,NOUN,Intonation=weakly_rising
757-0,BO094,757,757,1,uno,uno,uno,PRON,_
757-1,BO094,757,757,2,dopo,dopo,dopo,ADP,_
757-2,BO094,757,757,3,l',l',il,DET,Truncated=Yes
757-3,BO094,757,757,4,"altro,",altro,altro,PRON,Intonation=weakly_rising
758-0,BO094,758,758,1,va,va,andare,VERB,_
758-1,BO094,758,758,2,bene?,bene,bene,ADV,Intonation=rising
759-0,BO094,759,759,1,poi,poi,poi,ADV,_
759-1,BO094,759,759,2,rimango,rimango,rimanere,VERB,_
759-2,BO094,759,759,3,solo,solo,solo,ADV,_
759-3,BO094,759,759,4,a,a,a,ADP,_
759-4,BO094,759,759,5,lavorare,lavorare,lavorare,VERB,_
759-5,BO094,759,759,6,con,con,con,ADP,_
759-6,BO094,759,759,7,i,i,il,DET,_
759-7,BO094,759,759,8,connettivi.,connettivi,connettivo,NOUN,Intonation=falling
760-0,BO094,760,760,1,proposizionali,proposizionali,proposizionale,NOUN,_
760-1,BO094,760,760,2,in,in,in,ADP,_
760-2,BO094,760,760,3,particolare,particolare,particolare,NOUN,_
760-3,BO094,760,760,4,per,per,per,ADP,_
760-4,BO094,760,760,5,esempio,esempio,esempio,NOUN,_
760-5,BO094,760,760,6,solo,solo,solo,ADV,_
760-6,BO094,760,760,7,quelli,quelli,quello,PRON,_
760-7,BO094,760,760,8,numerali,numerali,numerale,ADJ,_
760-8,BO094,760,760,9,va,va,andare,VERB,_
760-9,BO094,760,760,10,bene?,bene,bene,ADV,Intonation=rising
761-0,BO094,761,761,1,ecco,ecco,ecco,ADV,_
761-1,BO094,761,761,2,e,e,e,CCONJ,_
761-2,BO094,761,761,3,allora,allora,allora,ADV,_
761-3,BO094,761,761,4,noi,noi,noi,PRON,_
761-4,BO094,761,761,5,d',d',di,ADP,SpaceAfter=No
761-5,BO094,761,761,6,altra,altra,altro,ADJ,_
761-6,BO094,761,761,7,parte,parte,parte,NOUN,_
761-7,BO094,761,761,8,però,però,però,ADV,_
761-8,BO094,761,761,9,abbiamo,abbiamo,avere,AUX,_
761-9,BO094,761,761,10,"studiato,",studiato,studiare,VERB,Intonation=weakly_rising
762-0,BO094,762,762,1,tutta,tutta,tutto,DET,_
762-1,BO094,762,762,2,una,una,uno,DET,_
762-2,BO094,762,762,3,serie,serie,serie,NOUN,_
762-3,BO094,762,762,4,di,di,di,ADP,_
763-0,BO094,763,763,1,e::h,eh,eh,INTJ,_
763-1,BO094,763,763,2,equivalenze,equivalenze,equivalenza,NOUN,_
763-2,BO094,763,763,3,"logiche,",logiche,logico,ADJ,Intonation=weakly_rising
764-0,BO094,764,764,1,e::h,eh,eh,INTJ,_
764-1,BO094,764,764,2,non,non,non,ADV,_
764-2,BO094,764,764,3,so,so,sapere,VERB,_
764-3,BO094,764,764,4,se,se,se,SCONJ,_
764-4,BO094,764,764,5-6,nei,nei,_,_,_
764-4a,_,_,764,5,_,in,in,ADP,_
764-4b,_,_,764,6,_,i,il,DET,_
764-5,BO094,764,764,7,foglietti,foglietti,foglietto,NOUN,_
764-6,BO094,764,764,8,ieri,ieri,ieri,ADV,_
764-7,BO094,764,764,9,(vi,vi,vi,PRON,_
764-8,BO094,764,764,10,ho,ho,avere,AUX,_
764-9,BO094,764,764,11,messo),messo,mettere,VERB,_
764-10,BO094,764,764,12,anche,anche,anche,ADV,_
764-11,BO094,764,764,13,equivalenze,equivalenze,equivalenza,NOUN,_
764-12,BO094,764,764,14,logiche,logiche,logico,ADJ,_
764-13,BO094,764,764,15,notevoli,notevoli,notevole,ADJ,_
764-14,BO094,764,764,16,con,con,con,ADP,_
764-15,BO094,764,764,17,i,i,il,DET,_
764-16,BO094,764,764,18,quantificatori,quantificatori,quantificatore,NOUN,_
765-0,BO094,765,765,1,no,no,no,ADV,_
766-0,BO094,766,766,1,ecco,ecco,ecco,ADV,_
766-1,BO094,766,766,2,allora,allora,allora,ADV,_
766-2,BO094,766,766,3,questo,questo,questo,PRON,_
766-3,BO094,766,766,4,forse,forse,forse,ADV,_
766-4,BO094,766,766,5,è,è,essere,AUX,_
766-5,BO094,766,766,6,un',un',uno,DET,Truncated=Yes
766-6,BO094,766,766,7,altra,altra,altro,ADJ,_
766-7,BO094,766,766,8,paginetta,paginetta,paginetta,NOUN,_
766-8,BO094,766,766,9,che,che,che,PRON,_
766-9,BO094,766,766,10,dovrei,dovrei,dovere,AUX,_
766-10,BO094,766,766,11,aggiungere,aggiungere,aggiungere,VERB,_
767-0,BO094,767,767,1,eh,eh,eh,INTJ,_
767-1,BO094,767,767,2,allora,allora,allora,ADV,_
767-2,BO094,767,767,3,però,però,però,ADV,_
767-3,BO094,767,767,4,attenzione,attenzione,attenzione,NOUN,_
767-4,BO094,767,767,5,io,io,io,PRON,_
767-5,BO094,767,767,6,intanto,intanto,intanto,ADV,_
767-6,BO094,767,767,7,ve,ve,vi,PRON,_
767-7,BO094,767,767,8,le,le,le,PRON,_
767-8,BO094,767,767,9,scrivo,scrivo,scrivere,VERB,_
767-9,BO094,767,767,10,eh?,eh,eh,INTJ,Intonation=rising
768-0,BO094,768,768,1,ve,ve,vi,PRON,_
768-1,BO094,768,768,2,le,le,le,PRON,_
768-2,BO094,768,768,3,scrivo.,scrivo,scrivere,VERB,Intonation=falling
769-0,BO094,769,769,1,e,e,e,CCONJ,_
769-1,BO094,769,769,2,voi,voi,voi,PRON,_
769-2,BO094,769,769,3,vedete,vedete,vedere,VERB,_
769-3,BO094,769,769,4,"che::,",che,che,SCONJ,Intonation=weakly_rising
770-0,BO094,770,770,1,tutte,tutte,tutto,DET,_
770-1,BO094,770,770,2,queste,queste,questo,DET,_
770-2,BO094,770,770,3,equivalenze,equivalenze,equivalenza,NOUN,_
770-3,BO094,770,770,4,logiche,logiche,logico,ADJ,_
770-4,BO094,770,770,5,che,che,che,PRON,_
770-5,BO094,770,770,6,voi,voi,voi,PRON,_
770-6,BO094,770,770,7,avete,avete,avere,AUX,_
770-7,BO094,770,770,8,già,già,già,ADV,_
770-8,BO094,770,770,9,studiato,studiato,studiare,VERB,_
770-9,BO094,770,770,10,eh,eh,eh,INTJ,_
770-10,BO094,770,770,11,questo,questo,questo,PRON,_
770-11,BO094,770,770,12,è,è,essere,AUX,_
770-12,BO094,770,770,13,un,un,uno,DET,_
770-13,BO094,770,770,14,ripasso.,ripasso,ripasso,NOUN,Intonation=falling
771-0,BO094,771,771,1,va,va,andare,VERB,_
771-1,BO094,771,771,2,bene?,bene,bene,ADV,Intonation=rising
772-0,BO094,772,772,1,e,e,e,CCONJ,_
772-1,BO094,772,772,2,come,come,come,SCONJ,_
772-2,BO094,772,772,3,dire,dire,dire,VERB,_
772-3,BO094,772,772,4,vi,vi,vi,PRON,_
772-4,BO094,772,772,5,semplicemente,semplicemente,semplicemente,ADV,_
772-5,BO094,772,772,6,metto,metto,mettere,VERB,_
772-6,BO094,772,772,7,in,in,in,ADP,_
772-7,BO094,772,772,8,evidenza,evidenza,evidenza,NOUN,_
772-8,BO094,772,772,9,un,un,uno,DET,_
772-9,BO094,772,772,10,utilizzo,utilizzo,utilizzo,NOUN,_
772-10,BO094,772,772,11,di,di,di,ADP,_
772-11,BO094,772,772,12,quelle,quelle,quello,DET,_
772-12,BO094,772,772,13,equivalenze,equivalenze,equivalenza,NOUN,_
772-13,BO094,772,772,14,logiche,logiche,logico,ADJ,_
772-14,BO094,772,772,15,>va,va,andare,VERB,_
772-15,BO094,772,772,16,bene<?,bene,bene,ADV,Intonation=rising
772-16,BO094,772,772,17,è,è,essere,AUX,_
772-17,BO094,772,772,18,solo,solo,solo,ADV,_
772-18,BO094,772,772,19,un,un,uno,DET,_
772-19,BO094,772,772,20,utilizzo,utilizzo,utilizzo,NOUN,_
772-20,BO094,772,772,21,di,di,di,ADP,_
772-21,BO094,772,772,22,quelle,quelle,quello,DET,_
772-22,BO094,772,772,23,equivalenze.,equivalenze,equivalenza,NOUN,Intonation=falling
773-0,BO094,773,773,1,eh,eh,eh,INTJ,_
773-1,BO094,773,773,2,allora,allora,allora,ADV,_
774-0,BO094,774,774,1,eh,eh,eh,INTJ,_
774-1,BO094,774,774,2,per,per,per,ADP,_
774-2,BO094,774,774,3,esempio,esempio,esempio,NOUN,_
774-3,BO094,774,774,4,l',l',il,DET,Truncated=Yes
774-4,BO094,774,774,5,axx,axx,axx,X,_
774-5,BO094,774,774,6,seguente.,seguente,seguente,ADJ,Intonation=falling
775-0,BO094,775,775,1,o::h,oh,oh,INTJ,_
776-0,BO094,776,776,1,che,che,che,SCONJ,_
776-1,BO094,776,776,2,se,se,se,SCONJ,_
776-2,BO094,776,776,3,noi,noi,noi,PRON,_
776-3,BO094,776,776,4,abbiamo,abbiamo,avere,VERB,_
777-0,BO094,777,777,1,una,una,uno,DET,_
777-1,BO094,777,777,2,e::h,eh,eh,INTJ,_
777-2,BO094,777,777,3,un,un,uno,DET,_
777-3,BO094,777,777,4,enunciato,enunciato,enunciare,VERB,_
777-4,BO094,777,777,5,a,a,a,ADP,_
778-0,BO094,778,778,1,che,che,che,PRON,_
778-1,BO094,778,778,2,comincia,comincia,cominciare,VERB,_
778-2,BO094,778,778,3,con,con,con,ADP,_
778-3,BO094,778,778,4,una,una,uno,DET,_
778-4,BO094,778,778,5,negazione,negazione,negazione,NOUN,_
779-0,BO094,779,779,1,ed,ed,e,CCONJ,_
779-1,BO094,779,779,2,è,è,essere,AUX,_
779-2,BO094,779,779,3,seguito,seguito,seguire,VERB,_
780-0,BO094,780,780,1,da,da,da,ADP,_
780-1,BO094,780,780,2,un,un,uno,DET,_
780-2,BO094,780,780,3,enunciato,enunciato,enunciato,NOUN,_
781-0,BO094,781,781,1-2,del,del,_,_,_
781-0a,_,_,781,1,_,di,di,ADP,_
781-0b,_,_,781,2,_,il,il,DET,_
781-1,BO094,781,781,3,tipo,tipo,tipo,NOUN,_
781-2,BO094,781,781,4,per,per,per,ADP,_
781-3,BO094,781,781,5,ogni,ogni,ogni,DET,_
781-4,BO094,781,781,6,ics,ics,ics,NOUN,_
781-5,BO094,781,781,7,"ci,",ci,ci,PRON,Intonation=weakly_rising
782-0,BO094,782,782,1,va,va,andare,VERB,_
782-1,BO094,782,782,2,bene?,bene,bene,ADV,Intonation=rising
783-0,BO094,783,783,1,questo,questo,questo,PRON,_
783-1,BO094,783,783,2,voi,voi,voi,PRON,_
783-2,BO094,783,783,3,sapete,sapete,sapetere,VERB,_
783-3,BO094,783,783,4,che,che,che,SCONJ,_
783-4,BO094,783,783,5,è,è,essere,AUX,_
783-5,BO094,783,783,6,logicamente,logicamente,logicamente,ADV,_
783-6,BO094,783,783,7,equivalente,equivalente,equivalente,ADJ,_
783-7,BO094,783,783,8,a,a,a,ADP,_
784-0,BO094,784,784,1,esiste,esiste,esistere,VERB,_
784-1,BO094,784,784,2,un,un,uno,DET,_
784-2,BO094,784,784,3,ics,ics,ics,NOUN,_
784-3,BO094,784,784,4,tale,tale,tale,ADJ,_
784-4,BO094,784,784,5,che,che,che,PRON,_
784-5,BO094,784,784,6,ci.,ci,ci,NOUN,Intonation=falling
785-0,BO094,785,785,1,e,e,e,CCONJ,_
785-1,BO094,785,785,2,allora,allora,allora,ADV,_
785-2,BO094,785,785,3,vedete,vedete,vedere,VERB,_
785-3,BO094,785,785,4,questa,questa,questo,DET,_
785-4,BO094,785,785,5,equivalenza,equivalenza,equivalenza,NOUN,_
785-5,BO094,785,785,6,logica,logica,logico,ADJ,_
785-6,BO094,785,785,7,mi,mi,mi,PRON,_
785-7,BO094,785,785,8,serve,serve,servire,VERB,_
785-8,BO094,785,785,9,a,a,a,ADP,_
785-9,BO094,785,785,10,che,che,che,DET,_
785-10,BO094,785,785,11,co~,co~,co~,X,Interrupted=Yes
785-11,BO094,785,785,12,a,a,a,ADP,_
785-12,BO094,785,785,13,portare,portare,portare,VERB,_
786-0,BO094,786,786,1,a,a,a,ADP,_
786-1,BO094,786,786,2,portare,portare,portare,VERB,_
786-2,BO094,786,786,3,davanti,davanti,davanti,ADV,_
786-3,BO094,786,786,4,i,i,il,DET,_
786-4,BO094,786,786,5,quantificatori.,quantificatori,quantificatore,NOUN,Intonation=falling
787-0,BO094,787,787,1,li,li,li,PRON,_
787-1,BO094,787,787,2,passo,passo,passare,VERB,_
787-2,BO094,787,787,3,cos~,cos~,cos~,X,Interrupted=Yes
787-3,BO094,787,787,4,va,va,andare,VERB,_
787-4,BO094,787,787,5,bene,bene,bene,ADV,_
787-5,BO094,787,787,6,piano,piano,piano,ADV,_
787-6,BO094,787,787,7,piano,piano,piano,ADV,_
787-7,BO094,787,787,8,li,li,li,PRON,_
787-8,BO094,787,787,9,porto,porto,porto,ADJ,_
787-9,BO094,787,787,10,avanti,avanti,avanti,ADV,_
787-10,BO094,787,787,11,va,va,andare,VERB,_
787-11,BO094,787,787,12,bene?,bene,bene,ADV,Intonation=rising
788-0,BO094,788,788,1,quindi,quindi,quindi,ADV,_
788-1,BO094,788,788,2,ci,ci,ci,PRON,_
788-2,BO094,788,788,3,sono,sono,essere,VERB,_
788-3,BO094,788,788,4,se,se,se,SCONJ,_
788-4,BO094,788,788,5,ho,ho,avere,VERB,_
788-5,BO094,788,788,6,un,un,uno,DET,_
788-6,BO094,788,788,7,non,non,non,ADV,_
788-7,BO094,788,788,8,esiste,esiste,esistere,VERB,_
788-8,BO094,788,788,9,un,un,uno,DET,_
788-9,BO094,788,788,10,ics,ics,ics,NOUN,_
788-10,BO094,788,788,11,tale,tale,tale,ADJ,_
788-11,BO094,788,788,12,che,che,che,PRON,_
788-12,BO094,788,788,13,ci,ci,ci,NOUN,_
788-13,BO094,788,788,14,questo,questo,questo,PRON,_
788-14,BO094,788,788,15,è,è,essere,AUX,_
788-15,BO094,788,788,16,equivalente,equivalente,equivalente,ADJ,_
788-16,BO094,788,788,17,a,a,a,ADP,_
788-17,BO094,788,788,18,per,per,per,ADP,_
788-18,BO094,788,788,19,ogni,ogni,ogni,DET,_
788-19,BO094,788,788,20,ics,ics,ics,NOUN,_
788-20,BO094,788,788,21,non,non,non,ADV,_
788-21,BO094,788,788,22,ci.,ci,ci,PRON,Intonation=falling
789-0,BO094,789,789,1,è,è,essere,AUX,_
789-1,BO094,789,789,2,vero,vero,vero,ADJ,_
789-2,BO094,789,789,3,che,che,che,SCONJ,_
789-3,BO094,789,789,4,l',l',il,DET,Truncated=Yes
789-4,BO094,789,789,5,esistenziale,esistenziale,esistenziale,NOUN,_
789-5,BO094,789,789,6,diventa,diventa,diventare,VERB,_
789-6,BO094,789,789,7,universale,universale,universale,ADJ,_
789-7,BO094,789,789,8,ma,ma,ma,CCONJ,_
789-8,BO094,789,789,9,non,non,non,ADV,_
789-9,BO094,789,789,10,è,è,essere,AUX,_
789-10,BO094,789,789,11,detto,detto,dire,VERB,_
789-11,BO094,789,789,12,qui,qui,qui,ADV,_
789-12,BO094,789,789,13,è,è,essere,AUX,_
789-13,BO094,789,789,14,un,un,uno,DET,_
789-14,BO094,789,789,15,quantificatore,quantificatore,quantificatore,NOUN,_
789-15,BO094,789,789,16,portato,portato,portare,VERB,_
789-16,BO094,789,789,17,pri:ma,prima,prima,ADV,_
789-17,BO094,789,789,18-19,del,del,_,_,_
789-17a,_,_,789,18,_,di,di,ADP,_
789-17b,_,_,789,19,_,il,il,DET,_
789-18,BO094,789,789,20,non.,non,non,ADV,Intonation=falling
790-0,BO094,790,790,1,capite?,capite,capita,NOUN,Intonation=rising
791-0,BO094,791,791,1,o::h,oh,oh,ADV,_
791-1,BO094,791,791,2,andiamo,andiamo,andare,VERB,_
791-2,BO094,791,791,3,avanti,avanti,avanti,ADV,_
791-3,BO094,791,791,4,supponete,supponete,supporre,VERB,_
791-4,BO094,791,791,5,di,di,di,ADP,_
791-5,BO094,791,791,6,"avere,",avere,avere,VERB,Intonation=weakly_rising
792-0,BO094,792,792,1,per,per,per,ADP,_
792-1,BO094,792,792,2,ogni,ogni,ogni,DET,_
792-2,BO094,792,792,3,ics,ics,ics,NOUN,_
792-3,BO094,792,792,4,"a,",a,a,ADP,Intonation=weakly_rising
793-0,BO094,793,793,1,e,e,e,CCONJ,_
793-1,BO094,793,793,2,per,per,per,ADP,_
793-2,BO094,793,793,3,ogni,ogni,ogni,DET,_
793-3,BO094,793,793,4,ics,ics,ics,NOUN,_
793-4,BO094,793,793,5,"a,",a,a,NOUN,Intonation=weakly_rising
794-0,BO094,794,794,1,e,e,e,CCONJ,_
794-1,BO094,794,794,2,bi,bi,bi,NOUN,_
794-2,BO094,794,794,3,no?,no,no,ADV,Intonation=rising
794-3,BO094,794,794,4,quindi,quindi,quindi,ADV,_
794-4,BO094,794,794,5,attenzione,attenzione,attenzione,NOUN,_
794-5,BO094,794,794,6,per,per,per,ADP,_
794-6,BO094,794,794,7,ogni,ogni,ogni,DET,_
794-7,BO094,794,794,8,finisce,finisce,finisce,NOUN,_
794-8,BO094,794,794,9,qui,qui,qui,ADV,_
794-9,BO094,794,794,10,eh,eh,eh,INTJ,_
794-10,BO094,794,794,11,quindi,quindi,quindi,ADV,_
794-11,BO094,794,794,12,qui,qui,qui,ADV,_
794-12,BO094,794,794,13,il,il,il,DET,_
794-13,BO094,794,794,14,connettivo,connettivo,connettivo,NOUN,_
794-14,BO094,794,794,15,principale,principale,principale,ADJ,_
794-15,BO094,794,794,16,è,è,essere,AUX,_
794-16,BO094,794,794,17,una,una,uno,PRON,_
794-17,BO094,794,794,18,"e,",e,e,CCONJ,Intonation=weakly_rising
795-0,BO094,795,795,1,va,va,andare,VERB,_
795-1,BO094,795,795,2,bene?,bene,bene,ADV,Intonation=rising
796-0,BO094,796,796,1,eh,eh,eh,INTJ,_
796-1,BO094,796,796,2,questo,questo,questo,PRON,_
796-2,BO094,796,796,3,è,è,essere,AUX,_
796-3,BO094,796,796,4,logicamente,logicamente,logicamente,ADV,_
796-4,BO094,796,796,5,equivalente,equivalente,equivalente,ADJ,_
797-0,BO094,797,797,1,a,a,a,ADP,_
797-1,BO094,797,797,2,per,per,per,ADP,_
797-2,BO094,797,797,3,ogni,ogni,ogni,DET,_
797-3,BO094,797,797,4,ics,ics,ics,NOUN,_
797-4,BO094,797,797,5,a,a,a,ADP,_
797-5,BO094,797,797,6,xx,x,x,SYM,_
798-0,BO094,798,798,1,anche,anche,anche,ADV,_
798-1,BO094,798,798,2,qui,qui,qui,ADV,_
798-2,BO094,798,798,3,eh,eh,eh,NOUN,_
798-3,BO094,798,798,4,notate,notate,notato,ADJ,_
798-4,BO094,798,798,5,bene,bene,bene,ADV,_
798-5,BO094,798,798,6,se,se,se,SCONJ,_
798-6,BO094,798,798,7,voi,voi,voi,PRON,_
798-7,BO094,798,798,8,fate:,fate,fare,VERB,_
799-0,BO094,799,799,1,l',l',il,DET,Truncated=Yes
799-1,BO094,799,799,2,albero,albero,albero,NOUN,_
799-2,BO094,799,799,3,di,di,di,ADP,_
799-3,BO094,799,799,4,costruzione,costruzione,costruzione,NOUN,_
799-4,BO094,799,799,5,per,per,per,ADP,_
799-5,BO094,799,799,6,questo,questo,questo,DET,_
799-6,BO094,799,799,7,"enunciato,",enunciato,enunciato,NOUN,Intonation=weakly_rising
800-0,BO094,800,800,1,eh,eh,eh,INTJ,_
800-1,BO094,800,800,2,questo,questo,questo,PRON,_
800-2,BO094,800,800,3,è,è,essere,AUX,_
800-3,BO094,800,800,4,una,una,uno,DET,_
800-4,BO094,800,800,5,congiunzione,congiunzione,congiunzione,NOUN,_
800-5,BO094,800,800,6,fra,fra,fra,ADP,_
800-6,BO094,800,800,7,un,un,uno,DET,_
800-7,BO094,800,800,8,universale,universale,universale,ADJ,_
800-8,BO094,800,800,9,e,e,e,CCONJ,_
800-9,BO094,800,800,10,una,una,uno,DET,_
800-10,BO094,800,800,11,formula,formula,formula,NOUN,_
800-11,BO094,800,800,12,qualsivoglia,qualsivoglia,qualsivoglia,ADV,_
800-12,BO094,800,800,13,qui.,qui,qui,ADV,Intonation=falling
801-0,BO094,801,801,1,questa,questa,questo,PRON,_
801-1,BO094,801,801,2,è,è,essere,AUX,_
801-2,BO094,801,801,3,invece,invece,invece,ADV,_
801-3,BO094,801,801,4,l',l',il,DET,Truncated=Yes
801-4,BO094,801,801,5,enunciato,enunciato,enunciato,NOUN,_
801-5,BO094,801,801,6,quantificato,quantificato,quantificato,ADJ,_
801-6,BO094,801,801,7,io,io,io,PRON,_
801-7,BO094,801,801,8,quantifico,quantifico,quantifire,VERB,_
801-8,BO094,801,801,9,una,una,uno,DET,_
801-9,BO094,801,801,10,congiunzione.,congiunzione,congiunzione,NOUN,Intonation=falling
802-0,BO094,802,802,1,va,va,andare,VERB,_
802-1,BO094,802,802,2,bene?,bene,bene,ADV,Intonation=rising
803-0,BO094,803,803,1,o::h,oh,oh,INTJ,_
804-0,BO094,804,804,1,il,il,il,DET,_
804-1,BO094,804,804,2,per,per,per,ADP,_
804-2,BO094,804,804,3,ogni,ogni,ogni,ADV,_
804-3,BO094,804,804,4-5,sulla,sulla,_,_,_
804-3a,_,_,804,4,_,su,su,ADP,_
804-3b,_,_,804,5,_,la,il,DET,_
804-4,BO094,804,804,6,e,e,e,CCONJ,_
804-5,BO094,804,804,7,non,non,non,ADV,_
804-6,BO094,804,804,8,mi,mi,mi,PRON,_
804-7,BO094,804,804,9,crea,crea,creare,VERB,_
804-8,BO094,804,804,10,problemi,problemi,problema,NOUN,_
804-9,BO094,804,804,11,ecco,ecco,ecco,ADV,_
804-10,BO094,804,804,12,se,se,se,SCONJ,_
804-11,BO094,804,804,13,invece,invece,invece,ADV,_
804-12,BO094,804,804,14,io,io,io,PRON,_
804-13,BO094,804,804,15,ho,ho,avere,VERB,_
804-14,BO094,804,804,16,per,per,per,ADP,_
804-15,BO094,804,804,17,ogni,ogni,ogni,DET,_
804-16,BO094,804,804,18,ics,ics,ics,NOUN,_
804-17,BO094,804,804,19,a,a,a,NOUN,_
804-18,BO094,804,804,20,o:,o,o,CCONJ,_
804-19,BO094,804,804,21,"bi,",bi,bi,NOUN,Intonation=weakly_rising
805-0,BO094,805,805,1,eh,eh,eh,INTJ,_
805-1,BO094,805,805,2,allora,allora,allora,ADV,_
805-2,BO094,805,805,3,questa,questa,questo,PRON,_
805-3,BO094,805,805,4,è,è,essere,AUX,_
805-4,BO094,805,805,5,logicamente,logicamente,logicamente,ADV,_
805-5,BO094,805,805,6,equivalente,equivalente,equivalente,ADJ,_
805-6,BO094,805,805,7,a,a,a,ADP,_
805-7,BO094,805,805,8,per,per,per,ADP,_
805-8,BO094,805,805,9,ogni,ogni,ogni,DET,_
805-9,BO094,805,805,10,ics,ics,ics,NOUN,_
805-10,BO094,805,805,11,a,a,a,NOUN,_
805-11,BO094,805,805,12,o:,o,o,CCONJ,_
805-12,BO094,805,805,13,bi,bi,bi,NOUN,_
805-13,BO094,805,805,14,attenzione,attenzione,attenzione,NOUN,_
806-0,BO094,806,806,1,"purché:,",purché,purché,SCONJ,Intonation=weakly_rising
807-0,BO094,807,807,1,ics,ics,ics,NOUN,_
807-1,BO094,807,807,2,non,non,non,ADV,_
807-2,BO094,807,807,3,occorra,occorra,occorrere,VERB,_
808-0,BO094,808,808,1,quindi,quindi,quindi,ADV,_
809-0,BO094,809,809,1,allora,allora,allora,ADV,_
810-0,BO094,810,810,1,per,per,per,ADP,_
810-1,BO094,810,810,2,fare,fare,fare,VERB,_
810-2,BO094,810,810,3,in,in,in,ADP,_
810-3,BO094,810,810,4,modo,modo,modo,NOUN,_
810-4,BO094,810,810,5,che,che,che,SCONJ,_
810-5,BO094,810,810,6,questa,questa,questo,DET,_
810-6,BO094,810,810,7,condizione,condizione,condizione,NOUN,_
811-0,BO094,811,811,1,venga,venga,venire,AUX,_
811-1,BO094,811,811,2,sempre,sempre,sempre,ADV,_
811-2,BO094,811,811,3,"soddisfatta,",soddisfatta,soddisfatto,ADJ,Intonation=weakly_rising
812-0,BO094,812,812,1,io,io,io,PRON,_
812-1,BO094,812,812,2,cosa,cosa,cosa,PRON,_
812-2,BO094,812,812,3,faccio?,faccio,facciare,VERB,Intonation=rising
813-0,BO094,813,813,1,quando,quando,quando,SCONJ,_
813-1,BO094,813,813,2,quello,quello,quello,PRON,_
813-2,BO094,813,813,3,che,che,che,PRON,_
813-3,BO094,813,813,4,di,di,di,ADP,_
813-4,BO094,813,813,5,fatto,fatto,fatto,NOUN,_
813-5,BO094,813,813,6,voi,voi,voi,PRON,_
813-6,BO094,813,813,7,fate,fate,fare,VERB,_
813-7,BO094,813,813,8,sempre,sempre,sempre,ADV,_
813-8,BO094,813,813,9,qundo,qundo,qundo,ADJ,_
813-9,BO094,813,813,10,prendete,prendete,prendere,VERB,_
813-10,BO094,813,813,11,un,un,uno,DET,_
813-11,BO094,813,813,12,enunciato,enunciato,enunciato,NOUN,_
813-12,BO094,813,813,13,xx,x,x,X,_
813-13,BO094,813,813,14,"a,",a,a,ADP,Intonation=weakly_rising
814-0,BO094,814,814,1,ogni,ogni,ogni,DET,_
814-1,BO094,814,814,2,quantificatore,quantificatore,quantificatore,NOUN,_
815-0,BO094,815,815,1,vincola,vincola,vincolare,VERB,_
815-1,BO094,815,815,2,una,una,uno,DET,_
815-2,BO094,815,815,3,variabile,variabile,variabile,NOUN,_
815-3,BO094,815,815,4,diversa.,diversa,diverso,ADJ,Intonation=falling
816-0,BO094,816,816,1,>va,va,andare,VERB,_
816-1,BO094,816,816,2,bene<?,bene,bene,ADV,Intonation=rising
817-0,BO094,817,817,1,in,in,in,ADP,_
817-1,BO094,817,817,2,questo,questo,questo,DET,_
817-2,BO094,817,817,3,modo,modo,modo,NOUN,_
817-3,BO094,817,817,4,non,non,non,ADV,_
817-4,BO094,817,817,5,avete,avete,avere,VERB,_
817-5,BO094,817,817,6,mai,mai,mai,ADV,_
817-6,BO094,817,817,7,problemi.,problemi,problema,NOUN,Intonation=falling
818-0,BO094,818,818,1,allora,allora,allora,ADV,_
818-1,BO094,818,818,2,quindi,quindi,quindi,ADV,_
818-2,BO094,818,818,3,allora,allora,allora,ADV,_
818-3,BO094,818,818,4,anche,anche,anche,ADV,_
818-4,BO094,818,818,5,qui,qui,qui,ADV,_
818-5,BO094,818,818,6,vedete,vedete,vedere,VERB,_
818-6,BO094,818,818,7,che,che,che,SCONJ,_
818-7,BO094,818,818,8,il,il,il,DET,_
818-8,BO094,818,818,9,quantificatore,quantificatore,quantificatore,NOUN,_
818-9,BO094,818,818,10,universale,universale,universale,ADJ,_
818-10,BO094,818,818,11,è,è,essere,AUX,_
818-11,BO094,818,818,12,portato,portato,portare,VERB,_
818-12,BO094,818,818,13,fuori,fuori,fuori,ADV,_
818-13,BO094,818,818,14,va,va,andare,VERB,_
818-14,BO094,818,818,15,bene?,bene,bene,ADV,Intonation=rising
819-0,BO094,819,819,1,facciamo,facciamo,fare,VERB,_
819-1,BO094,819,819,2,lo,lo,il,DET,_
819-2,BO094,819,819,3,stesso,stesso,stesso,PRON,_
819-3,BO094,819,819,4-5,col,col,_,_,_
819-3a,_,_,819,4,_,con,con,ADP,_
819-3b,_,_,819,5,_,il,il,DET,_
819-4,BO094,819,819,6,quantificatore,quantificatore,quantificatore,NOUN,_
819-5,BO094,819,819,7,esistenziale,esistenziale,esistenziale,ADJ,_
820-0,BO094,820,820,1,quindi,quindi,quindi,ADV,_
820-1,BO094,820,820,2,se,se,se,SCONJ,_
820-2,BO094,820,820,3,ho,ho,avere,AUX,_
820-3,BO094,820,820,4,esiste,esiste,esistere,VERB,_
820-4,BO094,820,820,5,un,un,uno,DET,_
820-5,BO094,820,820,6,ics,ics,ics,NOUN,_
820-6,BO094,820,820,7,tale,tale,tale,DET,_
820-7,BO094,820,820,8,che,che,che,SCONJ,_
820-8,BO094,820,820,9,a,a,a,NOUN,_
820-9,BO094,820,820,10,e,e,e,CCONJ,_
820-10,BO094,820,820,11,"bi,",bi,bi,NOUN,Intonation=weakly_rising
821-0,BO094,821,821,1,questo,questo,questo,PRON,_
821-1,BO094,821,821,2,è,è,essere,AUX,_
821-2,BO094,821,821,3,logicamente,logicamente,logicamente,ADV,_
821-3,BO094,821,821,4,equivalente,equivalente,equivalente,ADJ,_
821-4,BO094,821,821,5,a,a,a,ADP,_
821-5,BO094,821,821,6,esiste,esiste,esistere,VERB,_
821-6,BO094,821,821,7,un,un,uno,DET,_
821-7,BO094,821,821,8,ics,ics,ics,NOUN,_
821-8,BO094,821,821,9,tale,tale,tale,DET,_
821-9,BO094,821,821,10,che,che,che,SCONJ,_
821-10,BO094,821,821,11,a,a,a,NOUN,_
821-11,BO094,821,821,12,e,e,e,CCONJ,_
821-12,BO094,821,821,13,"bi,",bi,bi,NOUN,Intonation=weakly_rising
822-0,BO094,822,822,1,purché,purché,purché,SCONJ,_
823-0,BO094,823,823,1,ics,ics,ics,NOUN,_
823-1,BO094,823,823,2,non,non,non,ADV,_
823-2,BO094,823,823,3,occorra,occorra,occorrere,VERB,_
823-3,BO094,823,823,4,in,in,in,ADP,_
823-4,BO094,823,823,5,bi.,bi,bi,NOUN,Intonation=falling
824-0,BO094,824,824,1,mentre,mentre,mentre,SCONJ,_
824-1,BO094,824,824,2,esiste,esiste,esistere,VERB,_
824-2,BO094,824,824,3,un,un,uno,DET,_
824-3,BO094,824,824,4,ics,ics,ics,NOUN,_
824-4,BO094,824,824,5,tale,tale,tale,DET,_
824-5,BO094,824,824,6,che,che,che,SCONJ,_
824-6,BO094,824,824,7,a,a,a,NOUN,_
824-7,BO094,824,824,8,o:,o,o,CCONJ,_
824-8,BO094,824,824,9,bi,bi,bi,NOUN,_
824-9,BO094,824,824,10,qui,qui,qui,ADV,_
824-10,BO094,824,824,11,non,non,non,ADV,_
824-11,BO094,824,824,12,aumento,aumento,aumento,NOUN,_
824-12,BO094,824,824,13,nessuna,nessuna,nessuna,DET,_
824-13,BO094,824,824,14,"condizione,",condizione,condizione,NOUN,Intonation=weakly_rising
825-0,BO094,825,825,1,è,è,essere,AUX,_
825-1,BO094,825,825,2,quivalente,quivalente,quivalente,ADJ,_
825-2,BO094,825,825,3,a,a,a,ADP,_
825-3,BO094,825,825,4,esiste,esiste,esistere,VERB,_
825-4,BO094,825,825,5,un,un,uno,DET,_
825-5,BO094,825,825,6,ics,ics,ics,NOUN,_
825-6,BO094,825,825,7,tale,tale,tale,ADJ,_
825-7,BO094,825,825,8,che,che,che,PRON,_
825-8,BO094,825,825,9,a.,a,a,ADP,Intonation=falling
826-0,BO094,826,826,1,quindi,quindi,quindi,ADV,_
826-1,BO094,826,826,2,queste,queste,questo,PRON,_
826-2,BO094,826,826,3,sono,sono,essere,AUX,_
826-3,BO094,826,826,4,tutte,tutte,tutto,DET,_
826-4,BO094,826,826,5,equivalenze,equivalenze,equivalenza,NOUN,_
826-5,BO094,826,826,6,logiche,logiche,logico,ADJ,_
826-6,BO094,826,826,7,che,che,che,PRON,_
826-7,BO094,826,826,8,voi,voi,voi,PRON,_
826-8,BO094,826,826,9,avete,avete,avere,AUX,_
826-9,BO094,826,826,10,già,già,già,ADV,_
826-10,BO094,826,826,11,dimostrato,dimostrato,dimostrare,VERB,_
826-11,BO094,826,826,12,essere,essere,essere,AUX,_
826-12,BO094,826,826,13,tali,tali,tale,ADJ,_
826-13,BO094,826,826,14,attraverso,attraverso,attraverso,ADP,_
826-14,BO094,826,826,15,il,il,il,DET,_
826-15,BO094,826,826,16,calcolo,calcolo,calcolo,NOUN,_
826-16,BO094,826,826,17-18,dei,dei,_,_,_
826-16a,_,_,826,17,_,di,di,ADP,_
826-16b,_,_,826,18,_,i,il,DET,_
826-17,BO094,826,826,19,sequenti.,sequenti,sequente,NOUN,Intonation=falling
827-0,BO094,827,827,1,va,va,andare,VERB,_
827-1,BO094,827,827,2,bene?,bene,bene,ADV,Intonation=rising
827-2,BO094,827,827,3,e,e,e,CCONJ,_
827-3,BO094,827,827,4,ne,ne,ne,PRON,_
827-4,BO094,827,827,5,avete,avete,avere,AUX,_
827-5,BO094,827,827,6,fatte,fatte,fare,VERB,_
827-6,BO094,827,827,7,a,a,a,ADP,_
827-7,BO094,827,827,8,bizzeffe,bizzeffe,bizzeffe,NOUN,_
827-8,BO094,827,827,9,di,di,di,ADP,_
827-9,BO094,827,827,10,queste,queste,questo,DET,_
827-10,BO094,827,827,11,equivalenze.,equivalenze,equivalenza,NOUN,Intonation=falling
828-0,BO094,828,828,1,la,la,il,DET,_
828-1,BO094,828,828,2,freccia,freccia,freccia,NOUN,_
828-2,BO094,828,828,3,che,che,che,PRON,_
828-3,BO094,828,828,4,va,va,andare,VERB,_
828-4,BO094,828,828,5,in,in,in,ADP,_
828-5,BO094,828,828,6,una,una,uno,DET,_
828-6,BO094,828,828,7,direzione,direzione,direzione,NOUN,_
828-7,BO094,828,828,8,poi,poi,poi,ADV,_
828-8,BO094,828,828,9,la,la,il,DET,_
828-9,BO094,828,828,10,freccia,freccia,freccia,NOUN,_
828-10,BO094,828,828,11-12,nell',nell',_,_,Truncated=Yes
828-10a,_,_,828,11,_,in,in,ADP,_
828-10b,_,_,828,12,_,l',il,DET,_
828-11,BO094,828,828,13,altra,altra,altro,PRON,_
828-12,BO094,828,828,14,x,x,x,X,_
829-0,BO094,829,829,1,d',d',di,ADP,SpaceAfter=No
829-1,BO094,829,829,2,accordo?,accordo,accordo,NOUN,Intonation=rising
830-0,BO094,830,830,1,ecco,ecco,ecco,ADV,_
830-1,BO094,830,830,2,io,io,io,PRON,_
830-2,BO094,830,830,3,sto,sto,stare,AUX,_
830-3,BO094,830,830,4,semplicemente,semplicemente,semplicemente,ADV,_
830-4,BO094,830,830,5,dicendo,dicendo,dire,VERB,_
830-5,BO094,830,830,6,guardate,guardate,guardare,NOUN,_
830-6,BO094,830,830,7,che,che,che,PRON,_
830-7,BO094,830,830,8,c',c',ci,PRON,Truncated=Yes
830-8,BO094,830,830,9,è,è,essere,VERB,_
830-9,BO094,830,830,10,un,un,uno,DET,_
830-10,BO094,830,830,11,utilizzo,utilizzo,utilizzo,NOUN,_
830-11,BO094,830,830,12,significativo,significativo,significativo,ADJ,_
830-12,BO094,830,830,13,di,di,di,ADP,_
830-13,BO094,830,830,14,queste,queste,questo,DET,_
830-14,BO094,830,830,15,equivalenze,equivalenze,equivalenza,NOUN,_
830-15,BO094,830,830,16,non,non,non,ADV,_
830-16,BO094,830,830,17,sto,sto,stare,AUX,_
830-17,BO094,830,830,18,dicendo,dicendo,dire,VERB,_
830-18,BO094,830,830,19,altro.,altro,altro,PRON,Intonation=falling
831-0,BO094,831,831,1,e,e,e,CCONJ,_
831-1,BO094,831,831,2,fra,fra,fra,ADP,_
831-2,BO094,831,831,3,l',l',il,DET,Truncated=Yes
831-3,BO094,831,831,4,altro,altro,altro,PRON,_
831-4,BO094,831,831,5,vi,vi,vi,PRON,_
831-5,BO094,831,831,6,elenco,elenco,elencare,VERB,_
831-6,BO094,831,831,7,una,una,uno,DET,_
831-7,BO094,831,831,8,serie,serie,serie,NOUN,_
831-8,BO094,831,831,9,di,di,di,ADP,_
831-9,BO094,831,831,10,equivalenze,equivalenze,equivalenza,NOUN,_
831-10,BO094,831,831,11,notevoli,notevoli,notevole,ADJ,_
831-11,BO094,831,831,12,eh,eh,eh,INTJ,_
831-12,BO094,831,831,13,come,come,come,SCONJ,_
831-13,BO094,831,831,14,abbiamo,abbiamo,avere,VERB,_
831-14,BO094,831,831,15-16,delle,delle,_,_,_
831-14a,_,_,831,15,_,di,di,ADP,_
831-14b,_,_,831,16,_,le,il,DET,_
831-15,BO094,831,831,17,antologie,antologie,antologia,NOUN,_
831-16,BO094,831,831,18,notevoli,notevoli,notevole,ADJ,_
831-17,BO094,831,831,19,poi,poi,poi,ADV,_
831-18,BO094,831,831,20,vi,vi,vi,PRON,_
831-19,BO094,831,831,21,metterò,metterò,mettere,VERB,_
831-20,BO094,831,831,22-23,sul,sul,_,_,_
831-20a,_,_,831,22,_,su,su,ADP,_
831-20b,_,_,831,23,_,il,il,DET,_
831-21,BO094,831,831,24,materiale,materiale,materiale,NOUN,_
831-22,BO094,831,831,25,didattico,didattico,didattico,ADJ,_
832-0,BO094,832,832,1,questo,questo,questo,DET,_
832-1,BO094,832,832,2,elenco,elenco,elenco,NOUN,_
832-2,BO094,832,832,3,di,di,di,ADP,_
832-3,BO094,832,832,4,e::h,eh,eh,INTJ,_
833-0,BO094,833,833,1,equivalenze,equivalenze,equivalenza,NOUN,_
833-1,BO094,833,833,2,logiche,logiche,logico,ADJ,_
833-2,BO094,833,833,3,notevoli.,notevoli,notevole,ADJ,Intonation=falling
834-0,BO094,834,834,1,andiamo,andiamo,andare,VERB,_
834-1,BO094,834,834,2,avanti,avanti,avanti,ADV,_
834-2,BO094,834,834,3,allora,allora,allora,ADV,_
834-3,BO094,834,834,4,ci,ci,ci,PRON,_
834-4,BO094,834,834,5,è,è,essere,AUX,_
834-5,BO094,834,834,6,rimasto,rimasto,rimanere,VERB,_
834-6,BO094,834,834,7,da,da,da,ADP,_
834-7,BO094,834,834,8,considerare,considerare,considerare,VERB,_
834-8,BO094,834,834,9,i::l,il,il,DET,_
834-9,BO094,834,834,10,l',l',il,DET,Truncated=Yes
834-10,BO094,834,834,11,implicazione.,implicazione,implicazione,NOUN,Intonation=falling
835-0,BO094,835,835,1,allora,allora,allora,ADV,_
835-1,BO094,835,835,2,supponiamo,supponiamo,supporre,VERB,_
835-2,BO094,835,835,3,di,di,di,ADP,_
835-3,BO094,835,835,4,"avere,",avere,avere,VERB,Intonation=weakly_rising
836-0,BO094,836,836,1,esiste,esiste,esistere,VERB,_
836-1,BO094,836,836,2,un,un,uno,DET,_
836-2,BO094,836,836,3,ics,ics,ics,NOUN,_
836-3,BO094,836,836,4,tale,tale,tale,DET,_
836-4,BO094,836,836,5,che,che,che,SCONJ,_
836-5,BO094,836,836,6,a,a,a,NOUN,_
836-6,BO094,836,836,7,implica,implica,implicare,VERB,_
836-7,BO094,836,836,8,"bi,",bi,bi,VERB,Intonation=weakly_rising
837-0,BO094,837,837,1,questo,questo,questo,PRON,_
837-1,BO094,837,837,2,sappiamo,sappiamo,sapere,VERB,_
837-2,BO094,837,837,3,essere,essere,essere,AUX,_
837-3,BO094,837,837,4,logicamente,logicamente,logicamente,ADV,_
837-4,BO094,837,837,5,equivalente,equivalente,equivalente,ADJ,_
837-5,BO094,837,837,6,a,a,a,ADP,_
837-6,BO094,837,837,7,per,per,per,ADP,_
837-7,BO094,837,837,8,ogni,ogni,ogni,DET,_
837-8,BO094,837,837,9,"ics,",ics,ics,NOUN,Intonation=weakly_rising
838-0,BO094,838,838,1,a,a,a,ADP,_
838-1,BO094,838,838,2,implica,implica,implica,NOUN,_
838-2,BO094,838,838,3,"bi,",bi,bi,NOUN,Intonation=weakly_rising
839-0,BO094,839,839,1,purché,purché,purché,SCONJ,_
839-1,BO094,839,839,2,ics,ics,ics,NOUN,_
839-2,BO094,839,839,3,non,non,non,ADV,_
839-3,BO094,839,839,4,compa~,compa~,compa~,X,Interrupted=Yes
839-4,BO094,839,839,5,purché,purché,purché,SCONJ,_
839-5,BO094,839,839,6,ics,ics,ics,NOUN,_
839-6,BO094,839,839,7,non,non,non,ADV,_
839-7,BO094,839,839,8,occorra,occorra,occorrere,VERB,_
840-0,BO094,840,840,1,in,in,in,ADP,_
840-1,BO094,840,840,2,bi,bi,bi,NOUN,_
840-2,BO094,840,840,3,va,va,andare,VERB,_
840-3,BO094,840,840,4,bene?,bene,bene,ADV,Intonation=rising
841-0,BO094,841,841,1,quindi,quindi,quindi,ADV,_
841-1,BO094,841,841,2,se,se,se,SCONJ,_
841-2,BO094,841,841,3,avete,avete,avere,VERB,_
841-3,BO094,841,841,4,un,un,uno,DET,_
841-4,BO094,841,841,5,esistenziale,esistenziale,esistenziale,NOUN,_
841-5,BO094,841,841,6-7,sull',sull',_,_,Truncated=Yes
841-5a,_,_,841,6,_,su,su,ADP,_
841-5b,_,_,841,7,_,l',il,DET,_
841-6,BO094,841,841,8,antecedente,antecedente,antecedente,NOUN,_
841-7,BO094,841,841,9,di,di,di,ADP,_
841-8,BO094,841,841,10,un',un',uno,DET,Truncated=Yes
841-9,BO094,841,841,11,implicazione,implicazione,implicazione,NOUN,_
841-10,BO094,841,841,12,lo,lo,lo,PRON,_
841-11,BO094,841,841,13,portate,portate,portare,VERB,_
841-12,BO094,841,841,14,"davanti,",davanti,davanti,ADV,Intonation=weakly_rising
842-0,BO094,842,842,1,ma,ma,ma,CCONJ,_
842-1,BO094,842,842,2,diventa,diventa,diventare,VERB,_
842-2,BO094,842,842,3,universale.,universale,universale,ADJ,Intonation=falling
843-0,BO094,843,843,1,va,va,andare,VERB,_
843-1,BO094,843,843,2,bene?,bene,bene,ADV,Intonation=rising
844-0,BO094,844,844,1,se,se,se,SCONJ,_
844-1,BO094,844,844,2,avete,avete,avere,VERB,_
844-2,BO094,844,844,3,invece,invece,invece,ADV,_
844-3,BO094,844,844,4,un,un,uno,DET,_
844-4,BO094,844,844,5,esistenziale,esistenziale,esistenziale,NOUN,_
845-0,BO094,845,845,1,se,se,se,SCONJ,_
845-1,BO094,845,845,2,avete,avete,avere,VERB,_
845-2,BO094,845,845,3,a,a,a,ADP,_
845-3,BO094,845,845,4,implica,implica,implicare,VERB,_
845-4,BO094,845,845,5,esiste,esiste,esistere,VERB,_
845-5,BO094,845,845,6,un,un,uno,DET,_
845-6,BO094,845,845,7,ics,ics,ics,NOUN,_
845-7,BO094,845,845,8,tale,tale,tale,ADJ,_
845-8,BO094,845,845,9,che,che,che,PRON,_
845-9,BO094,845,845,10,"bi,",bi,bi,NOUN,Intonation=weakly_rising
846-0,BO094,846,846,1,questo,questo,questo,PRON,_
846-1,BO094,846,846,2,è,è,essere,AUX,_
846-2,BO094,846,846,3,logicamente,logicamente,logicamente,ADV,_
846-3,BO094,846,846,4,equivalente,equivalente,equivalente,ADJ,_
846-4,BO094,846,846,5,a,a,a,ADP,_
846-5,BO094,846,846,6,esiste,esiste,esistere,VERB,_
846-6,BO094,846,846,7,un,un,uno,DET,_
846-7,BO094,846,846,8,ics,ics,ics,NOUN,_
847-0,BO094,847,847,1,a,a,a,ADP,_
847-1,BO094,847,847,2,implica,implica,implica,NOUN,_
847-2,BO094,847,847,3,bi,bi,bi,NOUN,_
848-0,BO094,848,848,1,purché,purché,purché,SCONJ,_
848-1,BO094,848,848,2,e,e,e,CCONJ,_
848-2,BO094,848,848,3,le,le,il,DET,_
848-3,BO094,848,848,4,condizioni,condizioni,condizione,NOUN,_
848-4,BO094,848,848,5,ci,ci,ci,PRON,_
848-5,BO094,848,848,6,vogliono,vogliono,volere,VERB,_
848-6,BO094,848,848,7,"sempre,",sempre,sempre,ADV,Intonation=weakly_rising
849-0,BO094,849,849,1,purché,purché,purché,SCONJ,_
849-1,BO094,849,849,2,ics,ics,ics,PROPN,_
849-2,BO094,849,849,3,non,non,non,ADV,_
849-3,BO094,849,849,4,occorra,occorra,occorrere,VERB,_
849-4,BO094,849,849,5,in,in,in,ADP,_
849-5,BO094,849,849,6,a.,a,a,ADP,Intonation=falling
850-0,BO094,850,850,1,facciamo,facciamo,fare,VERB,_
850-1,BO094,850,850,2,il,il,il,DET,_
850-2,BO094,850,850,3,duale,duale,duale,NOUN,_
850-3,BO094,850,850,4,come,come,come,ADP,_
850-4,BO094,850,850,5,il,il,il,DET,_
850-5,BO094,850,850,6,quantificatore,quantificatore,quantificatore,NOUN,_
850-6,BO094,850,850,7,universale,universale,universale,ADJ,_
851-0,BO094,851,851,1,quindi,quindi,quindi,ADV,_
851-1,BO094,851,851,2,se,se,se,SCONJ,_
851-2,BO094,851,851,3,voi,voi,voi,PRON,_
851-3,BO094,851,851,4,avete,avete,avere,VERB,_
852-0,BO094,852,852,1,per,per,per,ADP,_
852-1,BO094,852,852,2,ogni,ogni,ogni,DET,_
852-2,BO094,852,852,3,ics,ics,ics,NOUN,_
852-3,BO094,852,852,4,a,a,a,ADP,_
852-4,BO094,852,852,5,implica,implica,implica,NOUN,_
852-5,BO094,852,852,6,"bi,",bi,bi,NOUN,Intonation=weakly_rising
853-0,BO094,853,853,1,questo,questo,questo,PRON,_
853-1,BO094,853,853,2,è,è,essere,AUX,_
853-2,BO094,853,853,3,logicamente,logicamente,logicamente,ADV,_
853-3,BO094,853,853,4,equivalente,equivalente,equivalente,ADJ,_
853-4,BO094,853,853,5,a,a,a,ADP,_
853-5,BO094,853,853,6,esiste,esiste,esistere,VERB,_
853-6,BO094,853,853,7,un,un,uno,DET,_
853-7,BO094,853,853,8,ics,ics,ics,NOUN,_
853-8,BO094,853,853,9,tale,tale,tale,DET,_
853-9,BO094,853,853,10,che,che,che,SCONJ,_
853-10,BO094,853,853,11,a,a,a,ADP,_
853-11,BO094,853,853,12,implica,implica,implicare,VERB,_
853-12,BO094,853,853,13,"bi,",bi,bi,NOUN,Intonation=weakly_rising
854-0,BO094,854,854,1,di,di,di,ADP,_
854-1,BO094,854,854,2,nuovo,nuovo,nuovo,ADJ,_
854-2,BO094,854,854,3,purché,purché,purché,NOUN,_
855-0,BO094,855,855,1,ics,ics,ics,NOUN,_
855-1,BO094,855,855,2,non,non,non,ADV,_
855-2,BO094,855,855,3,occorra,occorra,occorrere,VERB,_
856-0,BO094,856,856,1,in,in,in,ADP,_
856-1,BO094,856,856,2,bi.,bi,bi,NOUN,Intonation=falling
857-0,BO094,857,857,1,quindi,quindi,quindi,ADV,_
857-1,BO094,857,857,2,di,di,di,ADP,_
857-2,BO094,857,857,3,nuovo,nuovo,nuovo,ADJ,_
857-3,BO094,857,857,4-5,darsi,darsi,_,_,_
857-3a,_,_,857,4,_,dar,dare,VERB,_
857-3b,_,_,857,5,_,si,si,PRON,_
857-4,BO094,857,857,6,un,un,uno,DET,_
857-5,BO094,857,857,7,antecedente,antecedente,antecedente,NOUN,_
857-6,BO094,857,857,8,un',un',uno,DET,Truncated=Yes
857-7,BO094,857,857,9,implicazione,implicazione,implicazione,NOUN,_
857-8,BO094,857,857,10,un,un,uno,DET,_
857-9,BO094,857,857,11,quantificatore,quantificatore,quantificatore,NOUN,_
857-10,BO094,857,857,12,si,si,si,PRON,_
857-11,BO094,857,857,13,porta,porta,portare,VERB,_
857-12,BO094,857,857,14,fuori,fuori,fuori,ADV,_
858-0,BO094,858,858,1,ma,ma,ma,CCONJ,_
858-1,BO094,858,858,2,si,si,si,PRON,_
858-2,BO094,858,858,3,muta,muta,mutare,VERB,_
858-3,BO094,858,858,4-5,nel,nel,_,_,_
858-3a,_,_,858,4,_,in,in,ADP,_
858-3b,_,_,858,5,_,il,il,DET,_
858-4,BO094,858,858,6,suo,suo,suo,DET,_
858-5,BO094,858,858,7,xx,x,x,X,_
858-6,BO094,858,858,8,mentre,mentre,mentre,SCONJ,_
858-7,BO094,858,858,9,la,la,il,DET,_
858-8,BO094,858,858,10,conseguente,conseguente,conseguente,NOUN,_
858-9,BO094,858,858,11,se,se,se,SCONJ,_
858-10,BO094,858,858,12,avete,avete,avere,VERB,_
858-11,BO094,858,858,13,a,a,a,NOUN,_
858-12,BO094,858,858,14,implica,implica,implicare,VERB,_
858-13,BO094,858,858,15,per,per,per,ADP,_
858-14,BO094,858,858,16,ogni,ogni,ogni,DET,_
858-15,BO094,858,858,17,ics,ics,ics,NOUN,_
858-16,BO094,858,858,18,"bi,",bi,bi,NOUN,Intonation=weakly_rising
859-0,BO094,859,859,1,questo,questo,questo,PRON,_
859-1,BO094,859,859,2,è,è,essere,AUX,_
859-2,BO094,859,859,3,logicamente,logicamente,logicamente,ADV,_
859-3,BO094,859,859,4,equivalente,equivalente,equivalente,ADJ,_
859-4,BO094,859,859,5,a,a,a,ADP,_
859-5,BO094,859,859,6,per,per,per,ADP,_
859-6,BO094,859,859,7,ogni,ogni,ogni,DET,_
859-7,BO094,859,859,8,ics,ics,ics,NOUN,_
859-8,BO094,859,859,9,a,a,a,ADP,_
859-9,BO094,859,859,10,implica,implica,implica,NOUN,_
860-0,BO094,860,860,1,purché,purché,purché,SCONJ,_
861-0,BO094,861,861,1,ics,ics,ics,NOUN,_
861-1,BO094,861,861,2,non,non,non,ADV,_
861-2,BO094,861,861,3,occorra,occorra,occorrere,VERB,_
862-0,BO094,862,862,1,i::n,in,in,ADP,_
863-0,BO094,863,863,1,d',d',di,ADP,SpaceAfter=No
863-1,BO094,863,863,2,accordo?,accordo,accordo,NOUN,Intonation=rising
864-0,BO094,864,864,1,quindi,quindi,quindi,ADV,_
864-1,BO094,864,864,2,vedete,vedete,vedere,VERB,_
864-2,BO094,864,864,3,che,che,che,SCONJ,_
864-3,BO094,864,864,4,noi,noi,noi,PRON,_
864-4,BO094,864,864,5,abbiamo,abbiamo,avere,AUX,_
864-5,BO094,864,864,6,esaminato,esaminato,esaminare,VERB,_
864-6,BO094,864,864,7,tutte,tutte,tutto,DET,_
864-7,BO094,864,864,8,le,le,il,DET,_
864-8,BO094,864,864,9,possibili,possibili,possibile,ADJ,_
864-9,BO094,864,864,10,combinazioni.,combinazioni,combinazione,NOUN,Intonation=falling
865-0,BO094,865,865,1,no?,no,no,ADV,Intonation=rising
866-0,BO094,866,866,1,quindi,quindi,quindi,ADV,_
866-1,BO094,866,866,2,in,in,in,ADP,_
866-2,BO094,866,866,3,ogni,ogni,ogni,DET,_
866-3,BO094,866,866,4,caso,caso,caso,NOUN,_
866-4,BO094,866,866,5,questi,questi,questo,DET,_
866-5,BO094,866,866,6,quantificatori,quantificatori,quantificatore,NOUN,_
866-6,BO094,866,866,7,possono,possono,potere,AUX,_
866-7,BO094,866,866,8,essere,essere,essere,AUX,_
866-8,BO094,866,866,9,portati,portati,portare,VERB,_
866-9,BO094,866,866,10,fuori,fuori,fuori,ADV,_
866-10,BO094,866,866,11,ora,ora,ora,ADV,_
866-11,BO094,866,866,12,facciamo,facciamo,fare,VERB,_
866-12,BO094,866,866,13,qualche,qualche,qualche,DET,_
866-13,BO094,866,866,14,esempio.,esempio,esempio,NOUN,Intonation=falling
867-0,BO094,867,867,1,°facciamo,facciamo,fare,VERB,Volume=low
867-1,BO094,867,867,2,qualche,qualche,qualche,DET,Volume=low
867-2,BO094,867,867,3,esempio°,esempio,esempio,NOUN,Volume=low
868-0,BO094,868,868,1,xx,x,x,X,_
868-1,BO094,868,868,2,prendiamo,prendiamo,prendare,VERB,_
868-2,BO094,868,868,3,qualsiasi,qualsiasi,qualsiasi,DET,_
868-3,BO094,868,868,4,cosa.,cosa,cosa,NOUN,Intonation=falling
869-0,BO094,869,869,1,facciamo,facciamo,fare,VERB,_
869-1,BO094,869,869,2-3,degli,degli,_,_,_
869-1a,_,_,869,2,_,di,di,ADP,_
869-1b,_,_,869,3,_,gli,il,DET,_
869-2,BO094,869,869,4,esempi,esempi,esempio,NOUN,_
869-3,BO094,869,869,5,molto,molto,molto,ADV,_
869-4,BO094,869,869,6,facili,facili,facile,ADJ,_
869-5,BO094,869,869,7,eh,eh,eh,INTJ,_
870-0,BO094,870,870,1,guardate,guardate,guardare,VERB,_
870-1,BO094,870,870,2,non,non,non,ADV,_
870-2,BO094,870,870,3,mi,mi,mi,PRON,_
870-3,BO094,870,870,4,viene,viene,venire,VERB,_
870-4,BO094,870,870,5,in,in,in,ADP,_
870-5,BO094,870,870,6,mente,mente,mente,NOUN,_
870-6,BO094,870,870,7,niente,niente,niente,PRON,_
870-7,BO094,870,870,8,di,di,di,ADP,_
870-8,BO094,870,870,9,meglio,meglio,meglio,ADV,_
871-0,BO094,871,871,1,allora,allora,allora,ADV,_
871-1,BO094,871,871,2,cominciamo,cominciamo,cominciare,VERB,_
871-2,BO094,871,871,3-4,dalle,dalle,_,_,_
871-2a,_,_,871,3,_,da,da,ADP,_
871-2b,_,_,871,4,_,le,il,DET,_
871-3,BO094,871,871,5,cose,cose,cosa,NOUN,_
871-4,BO094,871,871,6,facili.,facili,facile,ADJ,Intonation=falling
872-0,BO094,872,872,1,questo,questo,questo,PRON,_
872-1,BO094,872,872,2,mi,mi,mi,PRON,_
872-2,BO094,872,872,3,dice,dice,dire,VERB,_
873-0,BO094,873,873,1,se,se,se,SCONJ,_
873-1,BO094,873,873,2,tutti,tutti,tutto,PRON,_
873-2,BO094,873,873,3,sono,sono,essere,AUX,_
873-3,BO094,873,873,4,bi,bi,bi,NOUN,_
873-4,BO094,873,873,5,"allora,",allora,allora,ADV,Intonation=weakly_rising
874-0,BO094,874,874,1,o,o,o,CCONJ,_
874-1,BO094,874,874,2,esiste,esiste,esistere,VERB,_
874-2,BO094,874,874,3,un,un,uno,DET,_
874-3,BO094,874,874,4,ics,ics,ics,NOUN,_
874-4,BO094,874,874,5,che,che,che,PRON,_
874-5,BO094,874,874,6,xx,x,x,X,_
874-6,BO094,874,874,7,o,o,o,CCONJ,_
874-7,BO094,874,874,8,esiste,esiste,esistere,VERB,_
874-8,BO094,874,874,9,un,un,uno,DET,_
874-9,BO094,874,874,10,ics,ics,ics,NOUN,_
874-10,BO094,874,874,11,tale,tale,tale,ADJ,_
874-11,BO094,874,874,12,che,che,che,PRON,_
874-12,BO094,874,874,13,qu,qu,qu,NOUN,_
874-13,BO094,874,874,14,tale,tale,tale,ADV,_
874-14,BO094,874,874,15,che,che,che,SCONJ,_
874-15,BO094,874,874,16,qu,qu,iq,DET,_
874-16,BO094,874,874,17,o,o,o,CCONJ,_
874-17,BO094,874,874,18,esiste,esiste,esistere,VERB,_
874-18,BO094,874,874,19,un,un,uno,DET,_
874-19,BO094,874,874,20,ics,ics,ics,NOUN,_
874-20,BO094,874,874,21,tale,tale,tale,ADJ,_
874-21,BO094,874,874,22,che,che,che,PRON,_
874-22,BO094,874,874,23,erre.,erre,erre,NOUN,Intonation=falling
875-0,BO094,875,875,1,potrebbe,potrebbe,potere,AUX,_
875-1,BO094,875,875,2,essere,essere,essere,AUX,_
876-0,BO094,876,876,1,e,e,e,CCONJ,_
876-1,BO094,876,876,2,xx,x,x,X,_
876-2,BO094,876,876,3,se,se,se,SCONJ,_
876-3,BO094,876,876,4,tutti,tutti,tutto,PRON,_
876-4,BO094,876,876,5,sono,sono,essere,AUX,_
876-5,BO094,876,876,6,numeri,numeri,numero,NOUN,_
876-6,BO094,876,876,7,"naturali,",naturali,naturale,ADJ,Intonation=weakly_rising
877-0,BO094,877,877,1,allora,allora,allora,ADV,_
878-0,BO094,878,878,1,e::h,eh,eh,INTJ,_
878-1,BO094,878,878,2,esiste,esiste,esistere,VERB,_
878-2,BO094,878,878,3,un,un,uno,DET,_
878-3,BO094,878,878,4,numero,numero,numero,NOUN,_
878-4,BO094,878,878,5,pari,pari,pari,ADJ,_
878-5,BO094,878,878,6,oppure,oppure,oppure,CCONJ,_
878-6,BO094,878,878,7,esiste,esiste,esistere,VERB,_
878-7,BO094,878,878,8,un,un,uno,DET,_
878-8,BO094,878,878,9,numero,numero,numero,NOUN,_
878-9,BO094,878,878,10,dispari.,dispari,dispari,ADJ,Intonation=falling
879-0,BO094,879,879,1,va,va,andare,VERB,_
879-1,BO094,879,879,2,bene,bene,bene,ADV,_
880-0,BO094,880,880,1,allora,allora,allora,ADV,_
880-1,BO094,880,880,2,come,come,come,ADP,_
880-2,BO094,880,880,3,procedo,procedo,procedo,ADJ,_
880-3,BO094,880,880,4,e::h,eh,eh,INTJ,_
880-4,BO094,880,880,5,procedo,procedo,procedere,VERB,_
880-5,BO094,880,880,6-7,nel,nel,_,_,_
880-5a,_,_,880,6,_,in,in,ADP,_
880-5b,_,_,880,7,_,il,il,DET,_
880-6,BO094,880,880,8,modo,modo,modo,NOUN,_
880-7,BO094,880,880,9,ovvio.,ovvio,ovvio,ADJ,Intonation=falling
881-0,BO094,881,881,1,posso,posso,potere,AUX,_
881-1,BO094,881,881,2,scegliere,scegliere,scegliere,VERB,_
881-2,BO094,881,881,3,praticamente,praticamente,pratico,ADV,_
882-0,BO094,882,882,1,eh,eh,eh,INTJ,_
882-1,BO094,882,882,2,qualsiasi,qualsiasi,qualsiasi,DET,_
882-2,BO094,882,882,3,quantificatore,quantificatore,quantificatore,NOUN,_
882-3,BO094,882,882,4,però,però,però,ADV,_
882-4,BO094,882,882,5,iniziamo,iniziamo,iniziare,VERB,_
882-5,BO094,882,882,6-7,dai,dai,_,_,_
882-5a,_,_,882,6,_,da,da,ADP,_
882-5b,_,_,882,7,_,i,il,DET,_
882-6,BO094,882,882,8,più,più,più,ADV,_
882-7,BO094,882,882,9,ingenui.,ingenui,ingenuo,ADJ,Intonation=falling
883-0,BO094,883,883,1,allora,allora,allora,ADV,_
883-1,BO094,883,883,2,qui,qui,qui,ADV,_
883-2,BO094,883,883,3,ho,ho,avere,VERB,_
884-0,BO094,884,884,1,e::h,eh,eh,INTJ,_
884-1,BO094,884,884,2,questo,questo,questo,DET,_
884-2,BO094,884,884,3,quantificatore,quantificatore,quantificatore,NOUN,_
884-3,BO094,884,884,4,va,va,andare,VERB,_
884-4,BO094,884,884,5,bene?,bene,bene,ADV,Intonation=rising
884-5,BO094,884,884,6,che,che,che,SCONJ,_
884-6,BO094,884,884,7,è,è,essere,AUX,_
884-7,BO094,884,884,8,dentro,dentro,dentro,ADV,_
884-8,BO094,884,884,9,una,una,uno,PRON,_
884-9,BO094,884,884,10,o,o,o,CCONJ,_
885-0,BO094,885,885,1,allora,allora,allora,ADV,_
885-1,BO094,885,885,2,intanto,intanto,intanto,ADV,_
885-2,BO094,885,885,3,io,io,io,PRON,_
885-3,BO094,885,885,4,so,so,sapere,VERB,_
885-4,BO094,885,885,5,che,che,che,SCONJ,_
885-5,BO094,885,885,6,questo,questo,questo,PRON,_
885-6,BO094,885,885,7,è,è,essere,AUX,_
885-7,BO094,885,885,8,logicamente,logicamente,logicamente,ADV,_
885-8,BO094,885,885,9,equivalente,equivalente,equivalente,ADJ,_
885-9,BO094,885,885,10,a,a,a,ADP,_
885-10,BO094,885,885,11,cosa?,cosa,cosa,PRON,Intonation=rising
885-11,BO094,885,885,12,a,a,a,ADP,_
885-12,BO094,885,885,13,esiste,esiste,esistere,VERB,_
885-13,BO094,885,885,14,un,un,uno,DET,_
885-14,BO094,885,885,15,ics,ics,ics,NOUN,_
885-15,BO094,885,885,16,parentesi,parentesi,parentesi,NOUN,_
885-16,BO094,885,885,17,no,no,no,ADV,_
885-17,BO094,885,885,18,momento,momento,momento,NOUN,_
885-18,BO094,885,885,19,invece,invece,invece,ADV,_
885-19,BO094,885,885,20,qui,qui,qui,ADV,_
885-20,BO094,885,885,21,è,è,essere,AUX,_
885-21,BO094,885,885,22,stato,stato,essere,AUX,_
885-22,BO094,885,885,23,fatto,fatto,fare,VERB,_
885-23,BO094,885,885,24,un,un,uno,DET,_
885-24,BO094,885,885,25,errore,errore,errore,NOUN,_
885-25,BO094,885,885,26,oh,oh,oh,ADV,_
885-26,BO094,885,885,27,la,la,il,DET,_
885-27,BO094,885,885,28,la,la,la,DET,_
886-0,BO094,886,886,1,e::h,eh,eh,INTJ,_
886-1,BO094,886,886,2,ah,ah,ah,INTJ,_
886-2,BO094,886,886,3,io,io,io,PRON,_
886-3,BO094,886,886,4,predico,predico,predire,VERB,_
886-4,BO094,886,886,5,bene,bene,bene,ADV,_
886-5,BO094,886,886,6,e,e,e,CCONJ,_
886-6,BO094,886,886,7,zappo,zappo,zappo,NOUN,_
886-7,BO094,886,886,8,male.,male,male,ADV,Intonation=falling
887-0,BO094,887,887,1,allora,allora,allora,ADV,_
887-1,BO094,887,887,2,esiste,esiste,esistere,VERB,_
887-2,BO094,887,887,3,un,un,uno,DET,_
887-3,BO094,887,887,4,ipsilon,ipsilon,ipsilon,NOUN,_
887-4,BO094,887,887,5,esiste,esiste,esistere,VERB,_
887-5,BO094,887,887,6,un,un,uno,DET,_
887-6,BO094,887,887,7,xx,x,x,X,_
887-7,BO094,887,887,8,eh,eh,eh,INTJ,_
887-8,BO094,887,887,9,xx,x,x,X,_
887-9,BO094,887,887,10,uguali,uguali,uguale,ADJ,_
887-10,BO094,887,887,11,eh,eh,eh,INTJ,_
888-0,BO094,888,888,1,eh,eh,eh,INTJ,_
888-1,BO094,888,888,2,andavo,andavo,andare,VERB,_
888-2,BO094,888,888,3,subito,subito,subito,ADV,_
888-3,BO094,888,888,4-5,nei,nei,_,_,_
888-3a,_,_,888,4,_,in,in,ADP,_
888-3b,_,_,888,5,_,i,il,DET,_
888-4,BO094,888,888,6,guai,guai,guaio,NOUN,_
888-5,BO094,888,888,7,capite?,capite,capite,ADJ,Intonation=rising
889-0,BO094,889,889,1,eh,eh,eh,INTJ,_
889-1,BO094,889,889,2,xx,x,x,X,_
889-2,BO094,889,889,3,xxxx,x,x,X,_
890-0,BO094,890,890,1,allora,allora,allora,ADV,_
891-0,BO094,891,891,1,la,la,il,DET,_
891-1,BO094,891,891,2,regola,regola,regola,NOUN,_
891-2,BO094,891,891,3,buona,buona,buone,ADJ,_
891-3,BO094,891,891,4,regola,regola,regolare,VERB,_
891-4,BO094,891,891,5,uno,uno,uno,PRON,_
891-5,BO094,891,891,6,è,è,essere,VERB,_
891-6,BO094,891,891,7,che,che,che,SCONJ,_
891-7,BO094,891,891,8,ogni,ogni,ogni,DET,_
891-8,BO094,891,891,9,quantificatore,quantificatore,quantificatore,NOUN,_
891-9,BO094,891,891,10,quantifica,quantifica,quantificare,VERB,_
891-10,BO094,891,891,11,una,una,uno,DET,_
891-11,BO094,891,891,12,variabile,variabile,variabile,NOUN,_
891-12,BO094,891,891,13,diversa.,diversa,diverso,ADJ,Intonation=falling
892-0,BO094,892,892,1,eh,eh,eh,INTJ,_
892-1,BO094,892,892,2,anche,anche,anche,ADV,_
892-2,BO094,892,892,3,se,se,se,SCONJ,_
892-3,BO094,892,892,4,qui,qui,qui,ADV,_
892-4,BO094,892,892,5,come,come,come,ADP,_
892-5,BO094,892,892,6,dire,dire,dire,VERB,_
892-6,BO094,892,892,7,mettete,mettete,mettere,VERB,_
892-7,BO094,892,892,8,tutti,tutti,tutto,DET,_
892-8,BO094,892,892,9,gli,gli,il,DET,_
892-9,BO094,892,892,10,ics,ics,ics,NOUN,_
892-10,BO094,892,892,11,quando,quando,quando,SCONJ,_
892-11,BO094,892,892,12,poi,poi,poi,ADV,_
892-12,BO094,892,892,13,non,non,non,ADV,_
892-13,BO094,892,892,14,sapete,sapete,sapere,VERB,_
892-14,BO094,892,892,15,più,più,più,ADV,_
893-0,BO094,893,893,1,eh,eh,eh,INTJ,_
893-1,BO094,893,893,2,come,come,come,SCONJ,_
893-2,BO094,893,893,3,gestire,gestire,gestire,VERB,_
893-3,BO094,893,893,4,i,i,il,DET,_
893-4,BO094,893,893,5,quantificatori.,quantificatori,quantificatore,NOUN,Intonation=falling
894-0,BO094,894,894,1,vedete,vedete,vedere,VERB,_
894-1,BO094,894,894,2,io,io,io,PRON,_
894-2,BO094,894,894,3,avevo,avevo,avere,VERB,_
894-3,BO094,894,894,4,qua,qua,qua,ADV,_
894-4,BO094,894,894,5,xx,x,x,X,_
894-5,BO094,894,894,6,un,un,uno,DET,_
894-6,BO094,894,894,7,ics,ics,ics,NOUN,_
894-7,BO094,894,894,8,e,e,e,CCONJ,_
894-8,BO094,894,894,9,qui,qui,qui,ADV,_
894-9,BO094,894,894,10,xxx,x,x,X,_
894-10,BO094,894,894,11,pasticcio,pasticcio,pasticcio,NOUN,_
894-11,BO094,894,894,12,enorme.,enorme,enorme,ADJ,Intonation=falling
895-0,BO094,895,895,1,allora,allora,allora,ADV,_
896-0,BO094,896,896,1,esiste,esiste,esistere,VERB,_
896-1,BO094,896,896,2,un,un,uno,DET,_
896-2,BO094,896,896,3,"ipsilon,",ipsilon,ipsilon,NOUN,Intonation=weakly_rising
897-0,BO094,897,897,1,tale,tale,tale,DET,_
897-1,BO094,897,897,2,che,che,che,DET,_
897-2,BO094,897,897,3,qu,qu,qu,NOUN,_
897-3,BO094,897,897,4,di,di,di,ADP,_
897-4,BO094,897,897,5,ipsilon,ipsilon,ipsilon,NOUN,_
897-5,BO094,897,897,6,o,o,o,CCONJ,_
897-6,BO094,897,897,7,esiste,esiste,esistere,VERB,_
897-7,BO094,897,897,8,uno,uno,uno,DET,_
897-8,BO094,897,897,9,zeta,zeta,zeta,NOUN,_
897-9,BO094,897,897,10,xxx,x,x,X,_
898-0,BO094,898,898,1,d',d',di,ADP,SpaceAfter=No
898-1,BO094,898,898,2,accordo?,accordo,accordo,NOUN,Intonation=rising
899-0,BO094,899,899,1,questa,questa,questo,PRON,_
899-1,BO094,899,899,2,abbiamo,abbiamo,avere,AUX,_
899-2,BO094,899,899,3,applicato,applicato,applicare,VERB,_
899-3,BO094,899,899,4,ora,ora,ora,ADV,_
899-4,BO094,899,899,5,non,non,non,ADV,_
899-5,BO094,899,899,6,c',c',ci,PRON,Truncated=Yes
899-6,BO094,899,899,7,è,è,essere,VERB,_
899-7,BO094,899,899,8,più,più,più,ADV,_
900-0,BO094,900,900,1,la,la,il,DET,_
900-1,BO094,900,900,2,regola,regola,regola,NOUN,_
900-2,BO094,900,900,3,che,che,che,PRON,_
900-3,BO094,900,900,4,mi,mi,mi,PRON,_
900-4,BO094,900,900,5,dice,dice,dire,VERB,_
900-5,BO094,900,900,6,che,che,che,SCONJ,_
900-6,BO094,900,900,7,un,un,uno,DET,_
900-7,BO094,900,900,8,quantificatore,quantificatore,quantificatore,NOUN,_
900-8,BO094,900,900,9-10,all',all',_,_,Truncated=Yes
900-8a,_,_,900,9,_,a,a,ADP,_
900-8b,_,_,900,10,_,l',il,DET,_
900-9,BO094,900,900,11,interno,interno,interno,NOUN,_
900-10,BO094,900,900,12,di,di,di,ADP,_
900-11,BO094,900,900,13,una,una,uno,DET,_
900-12,BO094,900,900,14,xxxx,x,x,X,_
900-13,BO094,900,900,15,può,può,potere,AUX,_
900-14,BO094,900,900,16,sempre,sempre,sempre,ADV,_
900-15,BO094,900,900,17,essere,essere,essere,AUX,_
900-16,BO094,900,900,18,portato,portato,portare,VERB,_
900-17,BO094,900,900,19,fuori.,fuori,fuori,ADV,Intonation=falling
901-0,BO094,901,901,1,allora,allora,allora,ADV,_
901-1,BO094,901,901,2,nuovamente,nuovamente,nuovo,ADV,_
901-2,BO094,901,901,3,posso,posso,potere,AUX,_
901-3,BO094,901,901,4,portare,portare,portare,VERB,_
901-4,BO094,901,901,5,fuori,fuori,fuori,ADV,_
901-5,BO094,901,901,6,questo.,questo,questo,DET,Intonation=falling
902-0,BO094,902,902,1,questo,questo,questo,DET,_
902-1,BO094,902,902,2,cosa,cosa,cosa,PRON,_
902-2,BO094,902,902,3,viene,viene,venire,AUX,_
902-3,BO094,902,902,4,fuori,fuori,fuori,ADV,_
902-4,BO094,902,902,5,esiste,esiste,esistere,VERB,_
902-5,BO094,902,902,6,un,un,uno,DET,_
902-6,BO094,902,902,7,ics,ics,ics,NOUN,_
902-7,BO094,902,902,8,ora,ora,ora,ADV,_
902-8,BO094,902,902,9,io,io,io,PRON,_
902-9,BO094,902,902,10,lavoro,lavoro,lavorare,VERB,_
902-10,BO094,902,902,11,su,su,su,ADP,_
902-11,BO094,902,902,12,questo,questo,questo,DET,_
902-12,BO094,902,902,13,eh,eh,eh,INTJ,_
902-13,BO094,902,902,14,quindi,quindi,quindi,ADV,_
902-14,BO094,902,902,15,esiste,esiste,esistere,VERB,_
902-15,BO094,902,902,16,uno,uno,uno,DET,_
902-16,BO094,902,902,17,zeta,zeta,zeta,NOUN,_
902-17,BO094,902,902,18,mi,mi,mi,PRON,_
902-18,BO094,902,902,19,definisce,definisce,definire,VERB,_
902-19,BO094,902,902,20,quello,quello,quello,PRON,_
903-0,BO094,903,903,1,tale,tale,tale,DET,_
903-1,BO094,903,903,2,che,che,che,NOUN,_
904-0,BO094,904,904,1,qu,qu,qu,NOUN,_
904-1,BO094,904,904,2,di,di,di,ADP,_
904-2,BO094,904,904,3,ipsilon,ipsilon,ipsilon,NOUN,_
904-3,BO094,904,904,4,o,o,o,CCONJ,_
904-4,BO094,904,904,5,xx,x,x,X,_
904-5,BO094,904,904,6,zeta.,zeta,zeta,NOUN,Intonation=falling
905-0,BO094,905,905,1,ora,ora,ora,ADV,_
905-1,BO094,905,905,2,cosa,cosa,cosa,PRON,_
905-2,BO094,905,905,3,vogliamo,vogliamo,volere,AUX,_
905-3,BO094,905,905,4,fare,fare,fare,VERB,_
906-0,BO094,906,906,1,vogliamo,vogliamo,volere,AUX,_
906-1,BO094,906,906,2,conviene,conviene,convenire,VERB,_
906-2,BO094,906,906,3,lavorare,lavorare,lavorare,VERB,_
906-3,BO094,906,906,4,un,un,uno,DET,_
906-4,BO094,906,906,5,pochino,pochino,pochino,NOUN,_
906-5,BO094,906,906,6,anche,anche,anche,ADV,_
906-6,BO094,906,906,7,su,su,su,ADP,_
906-7,BO094,906,906,8,questo,questo,questo,PRON,_
906-8,BO094,906,906,9,portiamo,portiamo,portare,VERB,_
906-9,BO094,906,906,10,fuori,fuori,fuori,ADV,_
907-0,BO094,907,907,1,questo,questo,questo,PRON,_
907-1,BO094,907,907,2,"universale,",universale,universale,ADJ,Intonation=weakly_rising
908-0,BO094,908,908,1-2,dall',dall',_,_,Truncated=Yes
908-0a,_,_,908,1,_,da,da,ADP,_
908-0b,_,_,908,2,_,l',il,DET,_
908-1,BO094,908,908,3,antecedente,antecedente,antecedente,NOUN,_
908-2,BO094,908,908,4,di,di,di,ADP,_
908-3,BO094,908,908,5,una,una,uno,DET,_
908-4,BO094,908,908,6,freccia.,freccia,freccia,NOUN,Intonation=falling
909-0,BO094,909,909,1,e,e,e,CCONJ,_
909-1,BO094,909,909,2,noi,noi,noi,PRON,_
909-2,BO094,909,909,3,sappiamo,sappiamo,sapere,VERB,_
909-3,BO094,909,909,4,diventa,diventa,diventare,VERB,_
909-4,BO094,909,909,5,un,un,uno,DET,_
909-5,BO094,909,909,6,esistenziale,esistenziale,esistenziale,NOUN,_
909-6,BO094,909,909,7,quindi,quindi,quindi,ADV,_
909-7,BO094,909,909,8,ho,ho,avere,AUX,_
909-8,BO094,909,909,9,esiste,esiste,esistere,VERB,_
909-9,BO094,909,909,10,un',un',uno,DET,Truncated=Yes
909-10,BO094,909,909,11,ics,ics,ics,NOUN,_
909-11,BO094,909,909,12,tale,tale,tale,ADJ,_
909-12,BO094,909,909,13,che,che,che,PRON,_
909-13,BO094,909,909,14,se,se,se,SCONJ,_
909-14,BO094,909,909,15,pi,pi,pi,NOUN,_
909-15,BO094,909,909,16,di,di,di,ADP,_
909-16,BO094,909,909,17,ics,ics,ics,NOUN,_
909-17,BO094,909,909,18,allora,allora,allora,ADV,_
909-18,BO094,909,909,19,esiste,esiste,esistere,VERB,_
909-19,BO094,909,909,20,un,un,uno,DET,_
909-20,BO094,909,909,21,ipsilon,ipsilon,ipsilon,NOUN,_
909-21,BO094,909,909,22,ed,ed,e,CCONJ,_
909-22,BO094,909,909,23,esiste,esiste,esistere,VERB,_
909-23,BO094,909,909,24,uno,uno,uno,DET,_
909-24,BO094,909,909,25,"zeta,",zeta,zeta,NOUN,Intonation=weakly_rising
910-0,BO094,910,910,1,tale,tale,tale,DET,_
910-1,BO094,910,910,2,che,che,che,NOUN,_
910-2,BO094,910,910,3,qu,qu,qu,NOUN,_
910-3,BO094,910,910,4,di,di,di,ADP,_
910-4,BO094,910,910,5,ipsilon,ipsilon,ipsilon,NOUN,_
910-5,BO094,910,910,6,o,o,o,CCONJ,_
910-6,BO094,910,910,7,erre,erre,erre,NOUN,_
910-7,BO094,910,910,8,di,di,di,ADP,_
910-8,BO094,910,910,9,ics,ics,ics,NOUN,_
911-0,BO094,911,911,1,andiamo,andiamo,andare,VERB,_
911-1,BO094,911,911,2,ancora,ancora,ancora,ADV,_
911-2,BO094,911,911,3,"avanti,",avanti,avanti,ADV,Intonation=weakly_rising
912-0,BO094,912,912,1,e,e,e,CCONJ,_
912-1,BO094,912,912,2,ora,ora,ora,ADV,_
912-2,BO094,912,912,3,non,non,non,ADV,_
912-3,BO094,912,912,4,mi,mi,mi,PRON,_
912-4,BO094,912,912,5,rimane,rimane,rimanere,VERB,_
912-5,BO094,912,912,6,altro,altro,altro,PRON,_
912-6,BO094,912,912,7,che,che,che,SCONJ,_
912-7,BO094,912,912,8,portar,portar,portare,VERB,_
912-8,BO094,912,912,9,fuori,fuori,fuori,ADV,_
912-9,BO094,912,912,10,questi,questi,questo,DET,_
912-10,BO094,912,912,11,due,due,due,NUM,_
912-11,BO094,912,912,12,quantificatori,quantificatori,quantificatore,NOUN,_
912-12,BO094,912,912,13,esistenziali,esistenziali,esistenziale,ADJ,_
912-13,BO094,912,912,14-15,dal,dal,_,_,_
912-13a,_,_,912,14,_,da,da,ADP,_
912-13b,_,_,912,15,_,il,il,DET,_
912-14,BO094,912,912,16,conseguente,conseguente,conseguente,NOUN,_
912-15,BO094,912,912,17-18,dell',dell',_,_,Truncated=Yes
912-15a,_,_,912,17,_,di,di,ADP,_
912-15b,_,_,912,18,_,l',il,DET,_
912-16,BO094,912,912,19,implicazione,implicazione,implicazione,NOUN,_
912-17,BO094,912,912,20,quindi,quindi,quindi,ADV,_
912-18,BO094,912,912,21,non,non,non,ADV,_
912-19,BO094,912,912,22,ho,ho,avere,VERB,_
912-20,BO094,912,912,23,altro,altro,altro,PRON,_
912-21,BO094,912,912,24,xx.,xx,xx,X,Intonation=falling
913-0,BO094,913,913,1,quindi,quindi,quindi,ADV,_
913-1,BO094,913,913,2,è,è,essere,AUX,_
913-2,BO094,913,913,3,esiste,esiste,esistere,VERB,_
913-3,BO094,913,913,4,un,un,uno,DET,_
913-4,BO094,913,913,5,ics,ics,ics,NOUN,_
913-5,BO094,913,913,6,aperta,aperta,aperto,ADJ,_
913-6,BO094,913,913,7,parentesi,parentesi,parentesi,NOUN,_
913-7,BO094,913,913,8,esiste,esiste,esistere,VERB,_
913-8,BO094,913,913,9,un,un,uno,DET,_
913-9,BO094,913,913,10,ics,ics,ics,NOUN,_
913-10,BO094,913,913,11,ora,ora,ora,ADV,_
913-11,BO094,913,913,12,è,è,essere,AUX,_
913-12,BO094,913,913,13,chiaro,chiaro,chiaro,ADJ,_
913-13,BO094,913,913,14,che,che,che,SCONJ,_
914-0,BO094,914,914,1,questi,questi,questo,PRON,_
914-1,BO094,914,914,2,io,io,io,PRON,_
914-2,BO094,914,914,3,li,li,li,PRON,_
914-3,BO094,914,914,4,porto,porto,porto,ADJ,_
914-4,BO094,914,914,5,gli,gli,lo,PRON,_
914-5,BO094,914,914,6,faccio,faccio,fare,VERB,_
914-6,BO094,914,914,7,scavalcare,scavalcare,scavalcare,VERB,_
914-7,BO094,914,914,8,la,la,il,DET,_
914-8,BO094,914,914,9,freccia,freccia,freccia,NOUN,_
915-0,BO094,915,915,1,quindi,quindi,quindi,ADV,_
915-1,BO094,915,915,2,vado,vado,andare,VERB,_
915-2,BO094,915,915,3,qui,qui,qui,ADV,_
915-3,BO094,915,915,4,eh,eh,eh,INTJ,_
916-0,BO094,916,916,1,non,non,non,ADV,_
916-1,BO094,916,916,2,scavalco,scavalco,scavalcare,VERB,_
916-2,BO094,916,916,3,qui,qui,qui,ADV,_
916-3,BO094,916,916,4,va,va,andare,VERB,_
916-4,BO094,916,916,5,bene?,bene,bene,ADV,Intonation=rising
917-0,BO094,917,917,1,quindi,quindi,quindi,ADV,_
917-1,BO094,917,917,2,esiste,esiste,esistere,VERB,_
917-2,BO094,917,917,3,un',un',uno,DET,Truncated=Yes
917-3,BO094,917,917,4,ics,ics,ics,NOUN,_
917-4,BO094,917,917,5,tale,tale,tale,ADJ,_
917-5,BO094,917,917,6,che,che,che,PRON,_
917-6,BO094,917,917,7,diciamo,diciamo,dire,VERB,_
917-7,BO094,917,917,8,che,che,che,SCONJ,_
917-8,BO094,917,917,9,esiste,esiste,esistere,VERB,_
917-9,BO094,917,917,10,un',un',uno,DET,Truncated=Yes
917-10,BO094,917,917,11,"ipsilon,",ipsilon,ipsilon,NOUN,Intonation=weakly_rising
918-0,BO094,918,918,1,esiste,esiste,esistere,VERB,_
918-1,BO094,918,918,2,un,un,uno,DET,_
918-2,BO094,918,918,3,ipsilon,ipsilon,ipsilon,NOUN,_
918-3,BO094,918,918,4,"parentesi,",parentesi,parentesi,NOUN,Intonation=weakly_rising
919-0,BO094,919,919,1,di,di,di,ADP,_
919-1,BO094,919,919,2,ics,ics,ics,NOUN,_
919-2,BO094,919,919,3,"allora,",allora,allora,ADV,Intonation=weakly_rising
920-0,BO094,920,920,1,esiste,esiste,esistere,VERB,_
920-1,BO094,920,920,2,uno,uno,uno,DET,_
920-2,BO094,920,920,3,"zeta,",zeta,zeta,NOUN,Intonation=weakly_rising
921-0,BO094,921,921,1,qu,qu,qu,NOUN,_
921-1,BO094,921,921,2,di,di,di,ADP,_
921-2,BO094,921,921,3,ipsilon,ipsilon,ipsilon,NOUN,_
921-3,BO094,921,921,4,o,o,o,CCONJ,_
921-4,BO094,921,921,5,erre,erre,erre,NOUN,_
921-5,BO094,921,921,6,di,di,di,ADP,_
921-6,BO094,921,921,7,xx.,xx,xx,X,Intonation=falling
922-0,BO094,922,922,1,quindi,quindi,quindi,ADV,_
922-1,BO094,922,922,2,manca,manca,mancare,VERB,_
922-2,BO094,922,922,3,solo,solo,solo,ADV,_
922-3,BO094,922,922,4,da,da,da,ADP,_
922-4,BO094,922,922,5,portar,portar,portare,VERB,_
922-5,BO094,922,922,6,fuori,fuori,fuori,ADV,_
922-6,BO094,922,922,7,questo,questo,questo,PRON,_
922-7,BO094,922,922,8,quindi,quindi,quindi,ADV,_
922-8,BO094,922,922,9,esiste,esiste,esistere,VERB,_
922-9,BO094,922,922,10,un,un,uno,DET,_
922-10,BO094,922,922,11,ics,ics,ics,NOUN,_
922-11,BO094,922,922,12,esiste,esiste,esistere,VERB,_
922-12,BO094,922,922,13,un,un,uno,DET,_
922-13,BO094,922,922,14,ipsilon,ipsilon,ipsilon,NOUN,_
922-14,BO094,922,922,15,esiste,esiste,esistere,VERB,_
922-15,BO094,922,922,16,uno,uno,uno,DET,_
922-16,BO094,922,922,17,"zeta,",zeta,zeta,NOUN,Intonation=weakly_rising
923-0,BO094,923,923,1,tali,tali,tale,PRON,_
923-1,BO094,923,923,2,che,che,che,DET,_
923-2,BO094,923,923,3,pi,pi,pi,NOUN,_
923-3,BO094,923,923,4,di,di,di,ADP,_
923-4,BO094,923,923,5,ics,ics,ics,NOUN,_
923-5,BO094,923,923,6,allora,allora,allora,ADV,_
924-0,BO094,924,924,1,allora,allora,allora,ADV,_
925-0,BO094,925,925,1,qu,qu,qu,NOUN,_
925-1,BO094,925,925,2,di,di,di,ADP,_
925-2,BO094,925,925,3,ipsilon,ipsilon,ipsilon,NOUN,_
925-3,BO094,925,925,4,o,o,o,CCONJ,_
925-4,BO094,925,925,5,erre,erre,erre,NOUN,_
925-5,BO094,925,925,6,di,di,di,ADP,_
925-6,BO094,925,925,7,zeta.,zeta,zeta,NOUN,Intonation=falling
926-0,BO094,926,926,1,questa,questa,questo,PRON,_
926-1,BO094,926,926,2,è,è,essere,AUX,_
926-2,BO094,926,926,3,la,la,il,DET,_
926-3,BO094,926,926,4,mia,mia,mio,DET,_
926-4,BO094,926,926,5,formula,formula,formula,NOUN,_
926-5,BO094,926,926,6,in,in,in,ADP,_
926-6,BO094,926,926,7,"fo::rma,",forma,forma,NOUN,Intonation=weakly_rising
927-0,BO094,927,927,1,prenessa.,prenessa,prenessa,ADJ,Intonation=falling
928-0,BO094,928,928,1,perché,perché,perché,SCONJ,_
928-1,BO094,928,928,2,io,io,io,PRON,_
928-2,BO094,928,928,3,ho,ho,avere,VERB,_
929-0,BO094,929,929,1,una,una,uno,DET,_
929-1,BO094,929,929,2,stri:nga,stringa,stringa,NOUN,_
930-0,BO094,930,930,1,di,di,di,ADP,_
930-1,BO094,930,930,2,quantificatori,quantificatori,quantificatore,NOUN,_
930-2,BO094,930,930,3,in,in,in,ADP,_
930-3,BO094,930,930,4,questo,questo,questo,DET,_
930-4,BO094,930,930,5,caso,caso,caso,NOUN,_
930-5,BO094,930,930,6,tutti,tutti,tutto,PRON,_
930-6,BO094,930,930,7,esistenziali,esistenziali,esistenziale,ADJ,_
930-7,BO094,930,930,8,perché,perché,perché,SCONJ,_
930-8,BO094,930,930,9,è,è,essere,AUX,_
930-9,BO094,930,930,10,venuto,venuto,venire,VERB,_
930-10,BO094,930,930,11,così,così,così,ADV,_
930-11,BO094,930,930,12,eh,eh,eh,INTJ,_
930-12,BO094,930,930,13,non,non,non,ADV,_
930-13,BO094,930,930,14,è,è,essere,VERB,_
930-14,BO094,930,930,15,che,che,che,SCONJ,_
930-15,BO094,930,930,16,ci,ci,ci,PRON,_
930-16,BO094,930,930,17,avessi,avessi,avere,AUX,_
930-17,BO094,930,930,18,pensato,pensato,pensare,VERB,_
930-18,BO094,930,930,19,o,o,o,CCONJ,_
930-19,BO094,930,930,20,lo,lo,il,PRON,_
930-20,BO094,930,930,21,volessi,volessi,volere,AUX,_
930-21,BO094,930,930,22,fare.,fare,fare,VERB,Intonation=falling
931-0,BO094,931,931,1,va,va,andare,VERB,_
931-1,BO094,931,931,2,bene?,bene,bene,ADV,Intonation=rising
932-0,BO094,932,932,1,seguita,seguita,seguire,VERB,_
932-1,BO094,932,932,2,da,da,da,ADP,_
932-2,BO094,932,932,3,una,una,uno,DET,_
932-3,BO094,932,932,4,formula,formula,formula,NOUN,_
933-0,BO094,933,933,1,in,in,in,ADP,_
933-1,BO094,933,933,2,linguaggio,linguaggio,linguaggio,NOUN,_
933-2,BO094,933,933,3,(erre),erre,erre,NOUN,_
933-3,BO094,933,933,4,zero.,zero,zero,NUM,Intonation=falling
934-0,BO094,934,934,1,però,però,però,ADV,_
935-0,BO094,935,935,1,andiamo,andiamo,andare,VERB,_
935-1,BO094,935,935,2,oltre,oltre,oltre,ADV,_
935-2,BO094,935,935,3,se,se,se,SCONJ,_
935-3,BO094,935,935,4,ora,ora,ora,ADV,_
935-4,BO094,935,935,5,io,io,io,PRON,_
935-5,BO094,935,935,6,vi,vi,vi,PRON,_
935-6,BO094,935,935,7,dicessi,dicessi,dire,VERB,_
935-7,BO094,935,935,8,si,si,si,PRON,_
935-8,BO094,935,935,9,lo,lo,lo,PRON,_
935-9,BO094,935,935,10,so,so,sapere,VERB,_
935-10,BO094,935,935,11,però,però,però,ADV,_
935-11,BO094,935,935,12,questa,questa,questo,DET,_
935-12,BO094,935,935,13,matrice,matrice,matore,NOUN,_
935-13,BO094,935,935,14,queste,queste,questo,PRON,_
935-14,BO094,935,935,15,xx,x,x,X,_
935-15,BO094,935,935,16,xxxx,x,x,X,_
935-16,BO094,935,935,17,(fisso),fisso,fisso,ADJ,_
936-0,BO094,936,936,1,questa,questa,questo,DET,_
936-1,BO094,936,936,2,parte,parte,parte,NOUN,_
936-2,BO094,936,936,3,qui,qui,qui,ADV,_
936-3,BO094,936,936,4,si,si,si,PRON,_
936-4,BO094,936,936,5,chiama,chiama,chiamare,VERB,_
936-5,BO094,936,936,6,matrice,matrice,matore,NOUN,_
937-0,BO094,937,937,1,dici,dici,dire,VERB,_
937-1,BO094,937,937,2,sì,sì,sì,ADV,_
937-2,BO094,937,937,3,però,però,però,ADV,_
937-3,BO094,937,937,4,attenzione,attenzione,attenzione,NOUN,_
938-0,BO094,938,938,1,e::h,eh,eh,INTJ,_
938-1,BO094,938,938,2,il,il,il,DET,_
938-2,BO094,938,938,3,connettivo,connettivo,connettivo,NOUN,_
938-3,BO094,938,938,4,se,se,se,SCONJ,_
938-4,BO094,938,938,5,allora,allora,allora,ADV,_
938-5,BO094,938,938,6,no,no,no,ADV,_
938-6,BO094,938,938,7,non,non,non,ADV,_
938-7,BO094,938,938,8,si,si,si,PRON,_
938-8,BO094,938,938,9,riesce,riesce,riuscire,VERB,_
938-9,BO094,938,938,10,ad,ad,a,ADP,_
938-10,BO094,938,938,11,elaborare,elaborare,elaborare,VERB,_
938-11,BO094,938,938,12,facilmente,facilmente,facilmente,ADV,_
939-0,BO094,939,939,1,con,con,con,ADP,_
939-1,BO094,939,939,2,un,un,uno,DET,_
939-2,BO094,939,939,3,calcolatore.,calcolatore,calcolatore,NOUN,Intonation=falling
940-0,BO094,940,940,1,come,come,come,ADV,_
940-1,BO094,940,940,2,con,con,con,ADP,_
940-2,BO094,940,940,3,le,le,il,DET,_
940-3,BO094,940,940,4,forze,forze,forza,NOUN,_
940-4,BO094,940,940,5,logiche,logiche,logico,ADJ,_
940-5,BO094,940,940,6,le,le,il,DET,_
940-6,BO094,940,940,7,forze,forze,forza,NOUN,_
940-7,BO094,940,940,8,logiche,logiche,logico,ADJ,_
940-8,BO094,940,940,9,riguardano,riguardano,riguardare,VERB,_
940-9,BO094,940,940,10,no,no,no,X,_
940-10,BO094,940,940,11,end,end,end,X,_
940-11,BO094,940,940,12,e,e,e,CCONJ,_
940-12,BO094,940,940,13,o.,o,o,CCONJ,Intonation=falling
941-0,BO094,941,941,1,e,e,e,CCONJ,_
941-1,BO094,941,941,2,allora,allora,allora,ADV,_
941-2,BO094,941,941,3,qui,qui,qui,ADV,_
941-3,BO094,941,941,4,voi,voi,voi,PRON,_
941-4,BO094,941,941,5,cosa,cosa,cosa,PRON,_
941-5,BO094,941,941,6,fareste?,fareste,fare,VERB,Intonation=rising
942-0,BO094,942,942,1,semplicemente,semplicemente,semplicemente,ADV,_
942-1,BO094,942,942,2,sostituite,sostituire,sostituire,VERB,_
943-0,BO094,943,943,1,la,la,il,DET,_
943-1,BO094,943,943,2,parentesi,parentesi,parentesi,NOUN,_
943-2,BO094,943,943,3,quadra,quadra,quadrare,VERB,_
944-0,BO094,944,944,1,con,con,con,ADP,_
944-1,BO094,944,944,2,un,un,uno,DET,_
944-2,BO094,944,944,3,enunciato,enunciato,enunciato,NOUN,_
944-3,BO094,944,944,4,equivalente,equivalente,equivalente,ADJ,_
944-4,BO094,944,944,5,a,a,a,ADP,_
944-5,BO094,944,944,6,"questo,",questo,questo,PRON,Intonation=weakly_rising
945-0,BO094,945,945,1,che,che,che,PRON,_
945-1,BO094,945,945,2,non,non,non,ADV,_
945-2,BO094,945,945,3,contiene,contiene,contenere,VERB,_
945-3,BO094,945,945,4,la,la,il,DET,_
945-4,BO094,945,945,5,freccia,freccia,freccia,NOUN,_
945-5,BO094,945,945,6,e,e,e,CCONJ,_
945-6,BO094,945,945,7,qual,qual,quale,PRON,_
945-7,BO094,945,945,8,è?,è,essere,AUX,Intonation=rising
946-0,BO094,946,946,1,a,a,a,ADP,_
946-1,BO094,946,946,2,voce,voce,voce,NOUN,_
946-2,BO094,946,946,3,alta.,alta,alto,ADJ,Intonation=falling
947-0,BO094,947,947,1,avanti,avanti,avanti,ADV,_
948-0,???,948,948,1,{parla,{parla,_,_,_
948-1,???,948,948,2,uno,uno,uno,DET,_
948-2,???,948,948,3,studente,studente,studente,NOUN,_
948-3,???,948,948,4,~,~,_,_,_
948-4,???,948,948,5,incomprensibile},incomprensibile},_,_,_
949-0,BO094,949,949,1,o,o,o,CCONJ,_
949-1,BO094,949,949,2,che,che,che,DET,_
949-2,BO094,949,949,3,cosa?,cosa,cosa,NOUN,Intonation=rising
950-0,???,950,950,1,{parla,{parla,_,_,_
950-1,???,950,950,2,uno,uno,uno,DET,_
950-2,???,950,950,3,studente,studente,studente,NOUN,_
950-3,???,950,950,4,~,~,_,_,_
950-4,???,950,950,5,incomprensibile},incomprensibile},_,_,_
951-0,BO094,951,951,1,bene,bene,bene,ADV,_
952-0,BO094,952,952,1,ora,ora,ora,ADV,_
952-1,BO094,952,952,2,però,però,però,ADV,_
952-2,BO094,952,952,3,io,io,io,PRON,_
952-3,BO094,952,952,4,mi,mi,mi,PRON,_
952-4,BO094,952,952,5,trovo,trovo,trovare,VERB,_
952-5,BO094,952,952,6,con,con,con,ADP,_
953-0,BO094,953,953,1,questo,questo,questo,PRON,_
953-1,BO094,953,953,2,o:,o,o,CCONJ,_
953-2,BO094,953,953,3,e,e,e,CCONJ,_
953-3,BO094,953,953,4-5,all',all',_,_,Truncated=Yes
953-3a,_,_,953,4,_,a,a,ADP,_
953-3b,_,_,953,5,_,l',il,DET,_
953-4,BO094,953,953,6,interno,interno,interno,NOUN,_
953-5,BO094,953,953,7-8,della,della,_,_,_
953-5a,_,_,953,7,_,di,di,ADP,_
953-5b,_,_,953,8,_,la,il,DET,_
953-6,BO094,953,953,9,parentesi,parentesi,parentesi,NOUN,_
953-7,BO094,953,953,10,c',c',ci,PRON,Truncated=Yes
953-8,BO094,953,953,11,è,è,essere,VERB,_
953-9,BO094,953,953,12,un,un,uno,DET,_
953-10,BO094,953,953,13,altro,altro,altro,PRON,_
953-11,BO094,953,953,14,"o,",o,o,CCONJ,Intonation=weakly_rising
954-0,BO094,954,954,1,per,per,per,ADP,_
954-1,BO094,954,954,2,la,la,il,DET,_
954-2,BO094,954,954,3,proprietà,proprietà,proprietà,NOUN,_
954-3,BO094,954,954,4,associativa,associativa,associativo,ADJ,_
954-4,BO094,954,954,5,cosa,cosa,cosa,PRON,_
954-5,BO094,954,954,6,posso,posso,potere,AUX,_
954-6,BO094,954,954,7,fare?,fare,fare,VERB,Intonation=rising
955-0,BO094,955,955,1,togliere,togliere,togliere,VERB,_
955-1,BO094,955,955,2,frensington,frensington,Frensington,PROPN,_
956-0,BO094,956,956,1-2,(eccolo),eccolo,_,_,_
956-0a,_,_,956,1,_,ecco,ecco,ADV,_
956-0b,_,_,956,2,_,lo,il,PRON,_
957-0,BO094,957,957,1,questo,questo,questo,PRON,_
957-1,BO094,957,957,2,ora,ora,ora,ADV,_
957-2,BO094,957,957,3,capite,capite,capita,NOUN,_
958-0,BO094,958,958,1,è,è,essere,AUX,_
958-1,BO094,958,958,2,molto,molto,molto,ADV,_
958-2,BO094,958,958,3,più,più,più,ADV,_
958-3,BO094,958,958,4,gestibile,gestibile,gestibile,ADJ,_
958-4,BO094,958,958,5,da,da,da,ADP,_
958-5,BO094,958,958,6,una,una,uno,DET,_
958-6,BO094,958,958,7,macchina.,macchina,macchina,NOUN,Intonation=falling
959-0,BO094,959,959,1,se,se,se,SCONJ,_
959-1,BO094,959,959,2,io,io,io,PRON,_
959-2,BO094,959,959,3,voglio,voglio,volere,AUX,_
959-3,BO094,959,959,4,fare,fare,fare,VERB,_
959-4,BO094,959,959,5,per,per,per,ADP,_
959-5,BO094,959,959,6,esempio,esempio,esempio,NOUN,_
959-6,BO094,959,959,7,deduzione,deduzione,deduzione,NOUN,_
959-7,BO094,959,959,8,automatica,automatica,automatico,ADJ,_
960-0,BO094,960,960,1,mi,mi,mi,PRON,_
960-1,BO094,960,960,2,conviene,conviene,convenere,VERB,_
960-2,BO094,960,960,3,molte,molte,molto,DET,_
960-3,BO094,960,960,4,volte,volte,volta,NOUN,_
960-4,BO094,960,960,5,oppure,oppure,oppure,CCONJ,_
960-5,BO094,960,960,6,voglio,voglio,volere,AUX,_
960-6,BO094,960,960,7,capire,capire,capire,VERB,_
960-7,BO094,960,960,8,se,se,se,SCONJ,_
961-0,BO094,961,961,1,un,un,uno,DET,_
961-1,BO094,961,961,2,enunciato,enunciato,enunciato,NOUN,_
961-2,BO094,961,961,3,è,è,essere,AUX,_
961-3,BO094,961,961,4,soddisfacibile,soddisfacibile,soddisfacibile,ADJ,_
961-4,BO094,961,961,5,o,o,o,CCONJ,_
961-5,BO094,961,961,6,meno.,meno,meno,ADV,Intonation=falling
962-0,BO094,962,962,1,conviene,conviene,convenire,VERB,_
962-1,BO094,962,962,2,prima,prima,prima,ADV,_
963-0,BO094,963,963,1-2,metterlo,metterlo,_,_,_
963-0a,_,_,963,1,_,metter,mettere,VERB,_
963-0b,_,_,963,2,_,lo,lo,PRON,_
963-1,BO094,963,963,3,in,in,in,ADP,_
963-2,BO094,963,963,4,forma,forma,forma,NOUN,_
963-3,BO094,963,963,5,"prenessa,",prenessa,prenesso,ADJ,Intonation=weakly_rising
964-0,BO094,964,964,1,così,così,così,ADV,_
964-1,BO094,964,964,2,io,io,io,PRON,_
964-2,BO094,964,964,3,ho,ho,avere,VERB,_
964-3,BO094,964,964,4,tutti,tutti,tutto,DET,_
964-4,BO094,964,964,5,i,i,il,DET,_
964-5,BO094,964,964,6,quantificatori,quantificatori,quantificatore,NOUN,_
964-6,BO094,964,964,7,"qui,",qui,qui,ADV,Intonation=weakly_rising
965-0,BO094,965,965,1,va,va,andare,VERB,_
965-1,BO094,965,965,2,bene?,bene,bene,ADV,Intonation=rising
966-0,BO094,966,966,1,e,e,e,CCONJ,_
966-1,BO094,966,966,2,poi,poi,poi,ADV,_
966-2,BO094,966,966,3,ho,ho,avere,VERB,_
966-3,BO094,966,966,4,una,una,uno,DET,_
966-4,BO094,966,966,5,formula,formula,formula,NOUN,_
966-5,BO094,966,966,6,xxxx.,xxxx,x,X,Intonation=falling
967-0,BO094,967,967,1,che,che,che,PRON,_
967-1,BO094,967,967,2,è,è,essere,AUX,_
968-0,BO094,968,968,1,facilmente,facilmente,facilmente,ADV,_
968-1,BO094,968,968,2,gestibile,gestibile,gestibile,ADJ,_
968-2,BO094,968,968,3-4,dalle,dalle,_,_,_
968-2a,_,_,968,3,_,da,da,ADP,_
968-2b,_,_,968,4,_,le,il,DET,_
968-3,BO094,968,968,5,forze,forze,forza,NOUN,_
968-4,BO094,968,968,6,logiche.,logiche,logico,ADJ,Intonation=falling
969-0,BO094,969,969,1,d',d',di,ADP,SpaceAfter=No
969-1,BO094,969,969,2,accordo?,accordo,accordo,NOUN,Intonation=rising
970-0,BO094,970,970,1,eh,eh,eh,INTJ,_
970-1,BO094,970,970,2,allora,allora,allora,ADV,_
970-2,BO094,970,970,3,diciamo,diciamo,dire,VERB,_
970-3,BO094,970,970,4,così,così,così,ADV,_
970-4,BO094,970,970,5,questo,questo,questo,DET,_
970-5,BO094,970,970,6,mi,mi,mi,PRON,_
970-6,BO094,970,970,7,è,è,essere,AUX,_
970-7,BO094,970,970,8,servito,servito,servire,VERB,_
970-8,BO094,970,970,9,per,per,per,ADP,_
970-9,BO094,970,970,10,e::h,eh,eh,INTJ,_
970-10,BO094,970,970,11,qui,qui,qui,ADV,_
970-11,BO094,970,970,12,fare,fare,fare,VERB,_
970-12,BO094,970,970,13,quest',quest',questo,DET,Truncated=Yes
970-13,BO094,970,970,14,elenco,elenco,elenco,NOUN,_
970-14,BO094,970,970,15-16,delle,delle,_,_,_
970-14a,_,_,970,15,_,di,di,ADP,_
970-14b,_,_,970,16,_,le,il,DET,_
970-15,BO094,970,970,17,equivalenze,equivalenze,equivalenza,NOUN,_
970-16,BO094,970,970,18,"notevoli,",notevoli,notevole,ADJ,Intonation=weakly_rising
971-0,BO094,971,971,1,equivalenze,equivalenze,equivalenza,NOUN,_
971-1,BO094,971,971,2,notevoli,notevoli,notevole,ADJ,_
971-2,BO094,971,971,3,con,con,con,ADP,_
971-3,BO094,971,971,4,"quantificatori,",quantificatori,quantificatore,NOUN,Intonation=weakly_rising
972-0,BO094,972,972,1,e,e,e,CCONJ,_
972-1,BO094,972,972,2,indicare,indicare,indicare,VERB,_
972-2,BO094,972,972,3,un,un,uno,DET,_
972-3,BO094,972,972,4,possibile,possibile,possibile,ADJ,_
972-4,BO094,972,972,5,utilizzo.,utilizzo,utilizzo,NOUN,Intonation=falling
973-0,BO094,973,973,1,e:::h,eh,eh,INTJ,_
974-0,BO094,974,974,1,forse,forse,forse,ADV,_
974-1,BO094,974,974,2,possiamo,possiamo,potere,AUX,_
974-2,BO094,974,974,3-4,permetterci,permetterci,_,_,_
974-2a,_,_,974,3,_,permetter,permettere,VERB,_
974-2b,_,_,974,4,_,ci,ci,PRON,_
974-3,BO094,974,974,5,anche,anche,anche,ADV,_
974-4,BO094,974,974,6,un,un,uno,DET,_
974-5,BO094,974,974,7,altro,altro,altro,ADJ,_
974-6,BO094,974,974,8,esercizio.,esercizio,esercizio,NOUN,Intonation=falling
975-0,BO094,975,975,1,anzi,anzi,anzi,ADV,_
975-1,BO094,975,975,2,possiamo,possiamo,potere,AUX,_
975-2,BO094,975,975,3,fare,fare,fare,VERB,_
975-3,BO094,975,975,4,così::,così,così,ADV,_
976-0,BO094,976,976,1,vi,vi,vi,ADV,_
976-1,BO094,976,976,2,dò,dò,dare,VERB,_
976-2,BO094,976,976,3,tre,tre,tre,NUM,_
976-3,BO094,976,976,4,minuti,minuti,minuto,NOUN,_
976-4,BO094,976,976,5,di,di,di,ADP,_
976-5,BO094,976,976,6,tempo,tempo,tempo,NOUN,_
976-6,BO094,976,976,7,vediamo,vediamo,vedere,VERB,_
976-7,BO094,976,976,8,di,di,di,ADP,_
976-8,BO094,976,976,9-10,trovarne,trovarne,_,_,_
976-8a,_,_,976,9,_,trovar,trovare,VERB,_
976-8b,_,_,976,10,_,ne,ne,PRON,_
976-9,BO094,976,976,11,uno,uno,uno,PRON,_
977-0,BO094,977,977,1,e:::h,eh,eh,INTJ,_
978-0,BO094,978,978,1,okay,okay,okay,INTJ,_
979-0,BO094,979,979,1,mettiamo,mettiamo,mettere,VERB,_
979-1,BO094,979,979,2,questa,questa,questo,PRON,_
979-2,BO094,979,979,3,in,in,in,ADP,_
979-3,BO094,979,979,4,forma,forma,forma,NOUN,_
979-4,BO094,979,979,5,normale,normale,normale,ADJ,_
979-5,BO094,979,979,6,prenessa.,prenessa,prenesso,ADJ,Intonation=falling
980-0,BO094,980,980,1,appena,appena,appena,ADV,_
980-1,BO094,980,980,2,come,come,come,ADP,_
980-2,BO094,980,980,3,antecendente,antecendente,antecendente,ADV,_
980-3,BO094,980,980,4,una,una,uno,DET,_
980-4,BO094,980,980,5,congiunzione,congiunzione,congiunzione,NOUN,_
980-5,BO094,980,980,6,va,va,andare,VERB,_
980-6,BO094,980,980,7,bene?,bene,bene,ADV,Intonation=rising
981-0,BO094,981,981,1,che,che,che,SCONJ,_
981-1,BO094,981,981,2,mi,mi,mi,PRON,_
981-2,BO094,981,981,3,implica,implica,implicare,VERB,_
981-3,BO094,981,981,4,questo.,questo,questo,DET,Intonation=falling
981-4,BO094,981,981,5,questo,questo,questo,PRON,_
981-5,BO094,981,981,6,c',c',ci,PRON,Truncated=Yes
981-6,BO094,981,981,7,ha,ha,avere,VERB,_
981-7,BO094,981,981,8,già,già,già,ADV,_
981-8,BO094,981,981,9,il,il,il,DET,_
981-9,BO094,981,981,10,quantificatore,quantificatore,quantificatore,NOUN,_
981-10,BO094,981,981,11,fuori,fuori,fuori,ADV,_
981-11,BO094,981,981,12,vabbè,vabbè,vabbè,CCONJ,_
982-0,BO094,982,982,1,quindi,quindi,quindi,ADV,_
982-1,BO094,982,982,2,deve,deve,dovere,AUX,_
982-2,BO094,982,982,3,venir,venir,venire,VERB,_
982-3,BO094,982,982,4,fuori,fuori,fuori,ADV,_
982-4,BO094,982,982,5,un,un,uno,DET,_
982-5,BO094,982,982,6,enunciato,enunciato,enunciato,NOUN,_
982-6,BO094,982,982,7,con,con,con,ADP,_
982-7,BO094,982,982,8,tre,tre,tre,NUM,_
982-8,BO094,982,982,9,quantificatori,quantificatori,quantificatore,NOUN,_
982-9,BO094,982,982,10,davanti,davanti,davanti,ADV,_
982-10,BO094,982,982,11,e,e,e,CCONJ,_
982-11,BO094,982,982,12,poi,poi,poi,ADV,_
983-0,BO094,983,983,1,la,la,il,DET,_
983-1,BO094,983,983,2,formula,formula,formula,NOUN,_
983-2,BO094,983,983,3-4,del,del,_,_,_
983-2a,_,_,983,3,_,di,di,ADP,_
983-2b,_,_,983,4,_,il,il,DET,_
983-3,BO094,983,983,5,linguaggio,linguaggio,linguaggio,NOUN,_
983-4,BO094,983,983,6,(elle),elle,elle,NOUN,_
983-5,BO094,983,983,7,"zero,",zero,zero,NUM,Intonation=weakly_rising
984-0,BO094,984,984,1,e,e,e,CCONJ,_
984-1,BO094,984,984,2,dopo,dopo,dopo,ADV,_
984-2,BO094,984,984,3,la,la,la,PRON,_
984-3,BO094,984,984,4,mettete,mettete,mettere,VERB,_
984-4,BO094,984,984,5,anche,anche,anche,ADV,_
984-5,BO094,984,984,6,in,in,in,ADP,_
984-6,BO094,984,984,7,forma,forma,forma,NOUN,_
984-7,BO094,984,984,8,xx,x,x,X,_
984-8,BO094,984,984,9,con,con,con,ADP,_
984-9,BO094,984,984,10,xxx,x,x,X,_
984-10,BO094,984,984,11,xx,x,x,X,_
984-11,BO094,984,984,12,xx,x,x,X,_
984-12,BO094,984,984,13,xxxx,x,x,X,_
985-0,BO094,985,985,1,qualcuno,qualcuno,qualcuno,PRON,_
985-1,BO094,985,985,2,ha,ha,avere,AUX,_
985-2,BO094,985,985,3,già,già,già,ADV,_
985-3,BO094,985,985,4,finito?,finito,finire,VERB,Intonation=rising
986-0,BO094,986,986,1-2,allo,allo,_,_,_
986-0a,_,_,986,1,_,a,a,ADP,_
986-0b,_,_,986,2,_,lo,il,DET,_
986-1,BO094,986,986,3,studente,studente,studente,NOUN,_
986-2,BO094,986,986,4,spagnolo,spagnolo,spagnolo,ADJ,_
986-3,BO094,986,986,5-6,dell',dell',_,_,Truncated=Yes
986-3a,_,_,986,5,_,di,di,ADP,_
986-3b,_,_,986,6,_,l',il,DET,_
986-4,BO094,986,986,7,erasmus?,erasmus,erasmus,NOUN,Intonation=rising
987-0,BO094,987,987,1,non,non,non,ADV,_
987-1,BO094,987,987,2,c',c',ci,PRON,Truncated=Yes
987-2,BO094,987,987,3,è.,è,essere,VERB,Intonation=falling
988-0,BO094,988,988,1,bene.,bene,bene,ADV,Intonation=falling
989-0,???,989,989,1,{una,{una,_,_,_
989-1,???,989,989,2,studentessa,studentessa,studente,NOUN,_
989-2,???,989,989,3,fa,fa,fare,VERB,_
989-3,???,989,989,4,una,una,uno,DET,_
989-4,???,989,989,5,domanda,domanda,domanda,NOUN,_
989-5,???,989,989,6,~,~,_,_,_
989-6,???,989,989,7,incomprensibile},incomprensibile},_,_,_
990-0,BO094,990,990,1,lei,lei,lei,PRON,_
990-1,BO094,990,990,2,può,può,potere,AUX,_
990-2,BO094,990,990,3,applicare,applicare,applicare,VERB,_
990-3,BO094,990,990,4,quello,quello,quello,PRON,_
990-4,BO094,990,990,5,che,che,che,PRON,_
990-5,BO094,990,990,6,vuole,vuole,volere,VERB,_
990-6,BO094,990,990,7,l',l',il,DET,Truncated=Yes
990-7,BO094,990,990,8,importante,importante,importante,ADJ,_
990-8,BO094,990,990,9,è,è,essere,VERB,_
990-9,BO094,990,990,10,che,che,che,SCONJ,_
990-10,BO094,990,990,11,il,il,il,DET,_
990-11,BO094,990,990,12,risultato,risultato,risultato,NOUN,_
990-12,BO094,990,990,13,finale,finale,finale,ADJ,_
990-13,BO094,990,990,14,contenga,contenga,contenere,VERB,_
990-14,BO094,990,990,15,solo,solo,solo,ADV,_
990-15,BO094,990,990,16,i,i,il,DET,_
990-16,BO094,990,990,17,connettivi,connettivi,connettivo,ADJ,_
990-17,BO094,990,990,18,bureani.,bureani,bureano,NOUN,Intonation=falling
991-0,BO094,991,991,1,not,not,not,X,_
991-1,BO094,991,991,2,end,end,end,X,_
991-2,BO094,991,991,3,or.,or,or,X,Intonation=falling
992-0,???,992,992,1,{una,{una,_,_,_
992-1,???,992,992,2,studentessa,studentessa,studente,NOUN,_
992-2,???,992,992,3,fa,fa,fare,VERB,_
992-3,???,992,992,4,una,una,uno,DET,_
992-4,???,992,992,5,domanda,domanda,domanda,NOUN,_
992-5,???,992,992,6,~,~,_,_,_
992-6,???,992,992,7,incomprensibile},incomprensibile},_,_,_
993-0,BO094,993,993,1,eh,eh,eh,INTJ,_
993-1,BO094,993,993,2,dev',dev',dovere,AUX,Truncated=Yes
993-2,BO094,993,993,3,essere,essere,essere,AUX,_
993-3,BO094,993,993,4,logicamente,logicamente,logicamente,ADV,_
993-4,BO094,993,993,5,equivalente,equivalente,equivalente,ADJ,_
993-5,BO094,993,993,6,certo.,certo,certo,ADV,Intonation=falling
994-0,BO094,994,994,1,cioè,cioè,cioè,ADV,_
994-1,BO094,994,994,2,come,come,come,ADP,_
994-2,BO094,994,994,3,dire,dire,dire,VERB,_
994-3,BO094,994,994,4,quando,quando,quando,SCONJ,_
994-4,BO094,994,994,5,lei,lei,lei,PRON,_
994-5,BO094,994,994,6,anche,anche,anche,ADV,_
994-6,BO094,994,994,7,qui,qui,qui,ADV,_
995-0,BO094,995,995,1,cioè,cioè,cioè,ADV,_
996-0,BO094,996,996,1,questa,questa,questo,DET,_
996-1,BO094,996,996,2,formula,formula,formula,NOUN,_
996-2,BO094,996,996,3,qui,qui,qui,ADV,_
996-3,BO094,996,996,4,dentro,dentro,dentro,ADP,_
996-4,BO094,996,996,5,la,la,il,DET,_
996-5,BO094,996,996,6,parentesi,parentesi,parentesi,NOUN,_
996-6,BO094,996,996,7,"quadra,",quadra,quadra,ADJ,Intonation=weakly_rising
997-0,BO094,997,997,1,è,è,essere,AUX,_
997-1,BO094,997,997,2,logicamente,logicamente,logicamente,ADV,_
997-2,BO094,997,997,3,equivalente,equivalente,equivalente,ADJ,_
997-3,BO094,997,997,4,a,a,a,ADP,_
997-4,BO094,997,997,5,questa,questa,questo,PRON,_
997-5,BO094,997,997,6,cioè,cioè,cioè,CCONJ,_
997-6,BO094,997,997,7,no,no,no,ADV,_
997-7,BO094,997,997,8,è,è,essere,AUX,_
997-8,BO094,997,997,9,chiaro,chiaro,chiaro,ADV,_
997-9,BO094,997,997,10,le,le,il,DET,_
997-10,BO094,997,997,11,trasformazioni,trasformazioni,trasformazione,NOUN,_
997-11,BO094,997,997,12,si,si,si,PRON,_
997-12,BO094,997,997,13,fatto,fatto,fare,VERB,_
997-13,BO094,997,997,14,tutte,tutte,tutto,PRON,_
997-14,BO094,997,997,15,per,per,per,ADP,_
997-15,BO094,997,997,16,equivalenza,equivalenza,equivalenza,NOUN,_
997-16,BO094,997,997,17,logica.,logica,logico,ADJ,Intonation=falling
998-0,???,998,998,1,{una,{una,_,_,_
998-1,???,998,998,2,studentessa,studentessa,studente,NOUN,_
998-2,???,998,998,3,fa,fa,fare,VERB,_
998-3,???,998,998,4,una,una,uno,DET,_
998-4,???,998,998,5,domanda,domanda,domanda,NOUN,_
998-5,???,998,998,6,~,~,_,_,_
998-6,???,998,998,7,incomprensibile},incomprensibile},_,_,_
999-0,BO094,999,999,1,sì,sì,sì,ADV,_
999-1,BO094,999,999,2,dipende,dipende,dipendere,VERB,_
999-2,BO094,999,999,3-4,dai,dai,_,_,_
999-2a,_,_,999,3,_,da,da,ADP,_
999-2b,_,_,999,4,_,i,il,DET,_
999-3,BO094,999,999,5,casi.,casi,caso,NOUN,Intonation=falling
1000-0,BO094,1000,1000,1,ora,ora,ora,ADV,_
1000-1,BO094,1000,1000,2,vediamo,vediamo,vedere,VERB,_
1000-2,BO094,1000,1000,3,non,non,non,ADV,_
1000-3,BO094,1000,1000,4,so,so,sapere,VERB,_
1000-4,BO094,1000,1000,5,vediamo,vediamo,vedere,VERB,_
1000-5,BO094,1000,1000,6,in,in,in,ADP,_
1000-6,BO094,1000,1000,7,formule,formule,formula,NOUN,_
1000-7,BO094,1000,1000,8,non,non,non,ADV,_
1000-8,BO094,1000,1000,9,so,so,sapere,VERB,_
1000-9,BO094,1000,1000,10,ma,ma,ma,CCONJ,_
1000-10,BO094,1000,1000,11,qui,qui,qui,ADV,_
1000-11,BO094,1000,1000,12,le,le,il,DET,_
1000-12,BO094,1000,1000,13,indicazioni,indicazioni,indicazione,NOUN,_
1000-13,BO094,1000,1000,14,non,non,non,ADV,_
1000-14,BO094,1000,1000,15,ci,ci,ci,PRON,_
1000-15,BO094,1000,1000,16,sono,sono,essere,VERB,_
1000-16,BO094,1000,1000,17,xx,x,x,X,_
1001-0,BO094,1001,1001,1,allora,allora,allora,ADV,_
1002-0,BO094,1002,1002,1,e::h,eh,eh,INTJ,_
1002-1,BO094,1002,1002,2,lei,lei,lei,PRON,_
1003-0,BO094,1003,1003,1,ha,ha,avere,AUX,_
1003-1,BO094,1003,1003,2,fatto,fatto,fare,VERB,_
1003-2,BO094,1003,1003,3,qualcosa?,qualcosa,qualcosa,PRON,Intonation=rising
1003-3,BO094,1003,1003,4,no,no,no,ADV,_
1004-0,BO094,1004,1004,1,guardate,guardate,guardata,NOUN,_
1004-1,BO094,1004,1004,2,son,son,essere,AUX,_
1004-2,BO094,1004,1004,3,tutte,tutte,tutto,DET,_
1004-3,BO094,1004,1004,4,regole,regole,regola,NOUN,_
1004-4,BO094,1004,1004,5,che,che,che,PRON,_
1004-5,BO094,1004,1004,6,servono,servono,servire,VERB,_
1004-6,BO094,1004,1004,7,solo,solo,solo,ADV,_
1004-7,BO094,1004,1004,8,per,per,per,ADP,_
1004-8,BO094,1004,1004,9,portare,portare,portare,VERB,_
1004-9,BO094,1004,1004,10,"fuo:ri,",fuori,fuori,ADV,Intonation=weakly_rising
1005-0,BO094,1005,1005,1,va,va,andare,VERB,_
1005-1,BO094,1005,1005,2,bene?,bene,bene,ADV,Intonation=rising
1006-0,BO094,1006,1006,1,allora,allora,allora,ADV,_
1006-1,BO094,1006,1006,2,cominciamo,cominciamo,comincare,VERB,_
1007-0,BO094,1007,1007,1,e:::h,eh,eh,INTJ,_
1008-0,BO094,1008,1008,1,quale,quale,quale,PRON,_
1008-1,BO094,1008,1008,2,da,da,da,ADP,_
1008-2,BO094,1008,1008,3,quale,quale,quale,DET,_
1008-3,BO094,1008,1008,4,quantificatore,quantificatore,quantificatore,NOUN,_
1008-4,BO094,1008,1008,5,volete,volete,volere,AUX,_
1008-5,BO094,1008,1008,6,cominciare,cominciare,cominciare,VERB,_
1008-6,BO094,1008,1008,7,qui,qui,qui,ADV,_
1008-7,BO094,1008,1008,8,capite,capite,capite,X,_
1008-8,BO094,1008,1008,9,questi,questi,questo,PRON,_
1008-9,BO094,1008,1008,10,non,non,non,ADV,_
1008-10,BO094,1008,1008,11,sono,sono,essere,AUX,_
1008-11,BO094,1008,1008,12,quantificatori,quantificatori,quantificatore,NOUN,_
1008-12,BO094,1008,1008,13,uno,uno,uno,PRON,_
1008-13,BO094,1008,1008,14,dentro,dentro,dentro,ADP,_
1008-14,BO094,1008,1008,15,l',l',il,DET,Truncated=Yes
1008-15,BO094,1008,1008,16,altro,altro,altro,PRON,_
1008-16,BO094,1008,1008,17,praticamente,praticamente,pratico,ADV,_
1008-17,BO094,1008,1008,18,son,son,essere,AUX,_
1008-18,BO094,1008,1008,19,tutti,tutti,tutto,PRON,_
1008-19,BO094,1008,1008,20,qualificatori,qualificatori,qualificatore,NOUN,_
1008-20,BO094,1008,1008,21,indipendenti,indipendenti,indipendente,ADJ,_
1008-21,BO094,1008,1008,22,no?,no,no,ADV,Intonation=rising
1009-0,BO094,1009,1009,1,lei,lei,lei,PRON,_
1009-1,BO094,1009,1009,2,ha,ha,avere,AUX,_
1009-2,BO094,1009,1009,3,fatto,fatto,fare,VERB,_
1010-0,BO094,1010,1010,1,sì,sì,sì,ADV,_
1011-0,BO094,1011,1011,1,allora,allora,allora,ADV,_
1011-1,BO094,1011,1011,2,venga,venga,venire,VERB,_
1011-2,BO094,1011,1011,3,su,su,su,ADP,_
1012-0,BO094,1012,1012,1,bene,bene,bene,ADV,_
1012-1,BO094,1012,1012,2,bene,bene,bene,ADV,_
1012-2,BO094,1012,1012,3-4,dai,dai,_,_,_
1012-2a,_,_,1012,3,_,da,da,ADP,_
1012-2b,_,_,1012,4,_,i,il,DET,_
1012-3,BO094,1012,1012,5,mettila,mettila,mettila,NOUN,_
1012-4,BO094,1012,1012,6,a,a,a,ADP,_
1012-5,BO094,1012,1012,7,contatto,contatto,contatto,NOUN,_
1012-6,BO094,1012,1012,8,laggiù,laggiù,laggiù,ADV,_
1013-0,BO094,1013,1013,1,ecco,ecco,ecco,ADV,_
1013-1,BO094,1013,1013,2,state,state,essere,AUX,_
1013-2,BO094,1013,1013,3,attenti,attenti,attento,ADJ,_
1013-3,BO094,1013,1013,4-5,al,al,_,_,_
1013-3a,_,_,1013,4,_,a,a,ADP,_
1013-3b,_,_,1013,5,_,il,il,DET,_
1013-4,BO094,1013,1013,6,vostro,vostro,vostro,DET,_
1013-5,BO094,1013,1013,7,collega,collega,collega,NOUN,_
1013-6,BO094,1013,1013,8,vada,vada,andare,AUX,_
1013-7,BO094,1013,1013,9,avanti,avanti,avanti,ADV,_
1013-8,BO094,1013,1013,10,vada,vada,andare,VERB,_
1013-9,BO094,1013,1013,11,avanti,avanti,avanti,ADV,_
1014-0,BO094,1014,1014,1,no,no,no,X,_
1014-1,BO094,1014,1014,2,no,no,no,X,_
1014-2,BO094,1014,1014,3,no,no,no,X,_
1014-3,BO094,1014,1014,4,assolutamente,assolutamente,assoluto,ADV,_
1014-4,BO094,1014,1014,5,no,no,no,ADV,_
1014-5,BO094,1014,1014,6,ho,ho,avere,AUX,_
1014-6,BO094,1014,1014,7,detto,detto,dire,VERB,_
1014-7,BO094,1014,1014,8,a::,a,a,ADP,_
1014-8,BO094,1014,1014,9,che,che,che,SCONJ,_
1014-9,BO094,1014,1014,10,devono,devono,dovere,AUX,_
1014-10,BO094,1014,1014,11,stare,stare,stare,VERB,_
1014-11,BO094,1014,1014,12,attenti.,attenti,attento,ADJ,Intonation=falling
1015-0,BO094,1015,1015,1,benissimo.,benissimo,bene,ADV,Intonation=falling
1016-0,BO094,1016,1016,1,porti,porti,portare,VERB,_
1016-1,BO094,1016,1016,2,fuori,fuori,fuori,ADV,_
1016-2,BO094,1016,1016,3,quello,quello,quello,PRON,_
1016-3,BO094,1016,1016,4,guardate,guardate,guardare,VERB,_
1016-4,BO094,1016,1016,5,è,è,essere,AUX,_
1016-5,BO094,1016,1016,6,un,un,uno,DET,_
1016-6,BO094,1016,1016,7,giochettino,giochettino,giochettino,NOUN,_
1016-7,BO094,1016,1016,8,meccanico,meccanico,meccanico,ADJ,_
1016-8,BO094,1016,1016,9,non,non,non,ADV,_
1016-9,BO094,1016,1016,10,pensate,pensate,pensare,VERB,_
1016-10,BO094,1016,1016,11,che,che,che,SCONJ,_
1016-11,BO094,1016,1016,12,sotto,sotto,sotto,ADP,_
1016-12,BO094,1016,1016,13,ci,ci,ci,PRON,_
1016-13,BO094,1016,1016,14,sia,sia,essere,AUX,_
1016-14,BO094,1016,1016,15,chissà,chissà,chissà,ADV,_
1016-15,BO094,1016,1016,16,quale,quale,quale,DET,_
1016-16,BO094,1016,1016,17,cosa,cosa,coso,NOUN,_
1017-0,BO094,1017,1017,1,è,è,essere,AUX,_
1017-1,BO094,1017,1017,2,solo,solo,solo,ADV,_
1017-2,BO094,1017,1017,3,questo,questo,questo,PRON,_
1017-3,BO094,1017,1017,4,spostare,spostare,spostare,VERB,_
1017-4,BO094,1017,1017,5,i,i,il,DET,_
1017-5,BO094,1017,1017,6,simboli,simboli,simbolo,NOUN,_
1017-6,BO094,1017,1017,7,no?,no,no,ADV,Intonation=rising
1018-0,BO094,1018,1018,1,benissimo.,benissimo,benissimo,ADJ,_
1018-1,BO094,1018,1018,2,fino,fino,fino,ADV,_
1018-2,BO094,1018,1018,3,a,a,a,ADP,_
1018-3,BO094,1018,1018,4,qui,qui,qui,ADV,_
1018-4,BO094,1018,1018,5,ci,ci,ci,PRON,_
1018-5,BO094,1018,1018,6,siamo.,siamo,essere,AUX,Intonation=falling
1019-0,BO094,1019,1019,1,poi,poi,poi,ADV,_
1019-1,BO094,1019,1019,2,venga,venga,venire,AUX,_
1019-2,BO094,1019,1019,3,qua,qua,qua,ADV,_
1019-3,BO094,1019,1019,4,vada,vada,andare,VERB,_
1019-4,BO094,1019,1019,5,da,da,da,ADP,_
1019-5,BO094,1019,1019,6,solo,solo,solo,ADV,_
1020-0,BO094,1020,1020,1,no,no,no,ADV,_
1020-1,BO094,1020,1020,2,va,va,andare,AUX,_
1020-2,BO094,1020,1020,3,bene,bene,bene,ADV,_
1020-3,BO094,1020,1020,4,scriva,scriva,scrivere,VERB,_
1020-4,BO094,1020,1020,5,di,di,di,ADP,_
1020-5,BO094,1020,1020,6,qua,qua,qua,ADV,_
1020-6,BO094,1020,1020,7,no,no,no,ADV,_
1020-7,BO094,1020,1020,8,non,non,non,ADV,_
1020-8,BO094,1020,1020,9,si,si,si,PRON,_
1020-9,BO094,1020,1020,10,preoccupi.,preoccupi,preoccupare,VERB,Intonation=falling
1021-0,BO094,1021,1021,1,allora,allora,allora,ADV,_
1021-1,BO094,1021,1021,2,quale,quale,quale,PRON,_
1021-2,BO094,1021,1021,3,ha,ha,avere,AUX,_
1021-3,BO094,1021,1021,4,iniziato?,iniziato,iniziare,VERB,Intonation=rising
1022-0,BO094,1022,1022,1-2,dall',dall',_,_,Truncated=Yes
1022-0a,_,_,1022,1,_,da,da,ADP,_
1022-0b,_,_,1022,2,_,l',il,DET,_
1022-1,BO094,1022,1022,3,ultimo,ultimo,ultimo,NOUN,_
1022-2,BO094,1022,1022,4-5,dall',dall',_,_,Truncated=Yes
1022-2a,_,_,1022,4,_,da,da,ADP,_
1022-2b,_,_,1022,5,_,l',il,DET,_
1022-3,BO094,1022,1022,6,esiste,esiste,esista,NOUN,_
1022-4,BO094,1022,1022,7,zeta,zeta,zeta,NOUN,_
1022-5,BO094,1022,1022,8,che,che,che,PRON,_
1022-6,BO094,1022,1022,9,è,è,essere,AUX,_
1022-7,BO094,1022,1022,10,conseguente,conseguente,conseguente,ADJ,_
1022-8,BO094,1022,1022,11-12,dell',dell',_,_,Truncated=Yes
1022-8a,_,_,1022,11,_,di,di,ADP,_
1022-8b,_,_,1022,12,_,l',il,DET,_
1022-9,BO094,1022,1022,13,implicazione,implicazione,implicazione,NOUN,_
1022-10,BO094,1022,1022,14,benissimo,benissimo,bene,ADV,_
1022-11,BO094,1022,1022,15,perfetto.,perfetto,perfetto,ADJ,Intonation=falling
1023-0,BO094,1023,1023,1,xxxxx,x,x,X,_
1024-0,BO094,1024,1024,1,avanti,avanti,avanti,ADV,_
1024-1,BO094,1024,1024,2,qui,qui,qui,ADV,_
1024-2,BO094,1024,1024,3,sembra,sembra,sembrare,VERB,_
1024-3,BO094,1024,1024,4,che,che,che,SCONJ,_
1024-4,BO094,1024,1024,5,c',c',ci,PRON,Truncated=Yes
1024-5,BO094,1024,1024,6,è,è,essere,VERB,_
1024-6,BO094,1024,1024,7,una,una,uno,DET,_
1024-7,BO094,1024,1024,8,xx,x,x,X,_
1024-8,BO094,1024,1024,9,da,da,da,ADP,_
1025-0,BO094,1025,1025,1,e,e,e,CCONJ,_
1025-1,BO094,1025,1025,2,poi,poi,poi,ADV,_
1025-2,BO094,1025,1025,3,questo,questo,questo,PRON,_
1025-3,BO094,1025,1025,4,ce,ce,ce,PRON,_
1025-4,BO094,1025,1025,5,lo,lo,lo,PRON,_
1025-5,BO094,1025,1025,6,riscriviamo.,riscriviamo,riscrivere,VERB,Intonation=falling
1026-0,BO094,1026,1026,1,oh,oh,oh,INTJ,_
1026-1,BO094,1026,1026,2,aspetti,aspetti,aspettere,VERB,_
1026-2,BO094,1026,1026,3,lei,lei,lei,PRON,_
1026-3,BO094,1026,1026,4,però,però,però,ADV,_
1026-4,BO094,1026,1026,5,qui,qui,qui,ADV,_
1026-5,BO094,1026,1026,6,aveva,aveva,avere,VERB,_
1026-6,BO094,1026,1026,7,per,per,per,ADP,_
1026-7,BO094,1026,1026,8,ogni,ogni,ogni,DET,_
1027-0,BO094,1027,1027,1,vabbè,vabbè,vabbè,INTJ,_
1028-0,BO094,1028,1028,1,bene,bene,bene,ADV,_
1028-1,BO094,1028,1028,2,xxxx,x,x,X,_
1029-0,BO094,1029,1029,1,lei,lei,lei,PRON,_
1029-1,BO094,1029,1029,2,ha,ha,avere,AUX,_
1029-2,BO094,1029,1029,3,portato,portato,portare,VERB,_
1029-3,BO094,1029,1029,4,questo,questo,questo,PRON,_
1029-4,BO094,1029,1029,5,fuori,fuori,fuori,ADV,_
1029-5,BO094,1029,1029,6,poi,poi,poi,ADV,_
1029-6,BO094,1029,1029,7,questo,questo,questo,PRON,_
1029-7,BO094,1029,1029,8,vabbè,vabbè,vabbè,INTJ,_
1029-8,BO094,1029,1029,9,perfe~,perfe~,perfe~,X,Interrupted=Yes
1029-9,BO094,1029,1029,10,sono,sono,essere,AUX,_
1029-10,BO094,1029,1029,11,passaggi,passaggi,passaggio,NOUN,_
1029-11,BO094,1029,1029,12,abbastanza,abbastanza,abbastanza,ADV,_
1029-12,BO094,1029,1029,13,meccanici,meccanici,meccanico,ADJ,_
1029-13,BO094,1029,1029,14,non,non,non,ADV,_
1029-14,BO094,1029,1029,15,c',c',ci,PRON,Truncated=Yes
1029-15,BO094,1029,1029,16,è,è,essere,VERB,_
1029-16,BO094,1029,1029,17,nulla,nulla,nulla,PRON,_
1029-17,BO094,1029,1029,18,di,di,di,ADP,_
1029-18,BO094,1029,1029,19,straordinario.,straordinario,straordinario,NOUN,Intonation=falling
1030-0,BO094,1030,1030,1,e,e,e,CCONJ,_
1030-1,BO094,1030,1030,2,ora,ora,ora,ADV,_
1030-2,BO094,1030,1030,3,arriviamo,arriviamo,arrivare,VERB,_
1030-3,BO094,1030,1030,4-5,al,al,_,_,_
1030-3a,_,_,1030,4,_,a,a,ADP,_
1030-3b,_,_,1030,5,_,il,il,DET,_
1030-4,BO094,1030,1030,6,problema,problema,problema,NOUN,_
1030-5,BO094,1030,1030,7-8,della,della,_,_,_
1030-5a,_,_,1030,7,_,di,di,ADP,_
1030-5b,_,_,1030,8,_,la,il,DET,_
1030-6,BO094,1030,1030,9,signorina.,signorina,signorina,NOUN,Intonation=falling
1031-0,BO094,1031,1031,1,sì,sì,sì,ADV,_
1031-1,BO094,1031,1031,2,applichi,applichi,applicare,VERB,_
1031-2,BO094,1031,1031,3,subito,subito,subito,ADV,_
1031-3,BO094,1031,1031,4,filone.,filone,filone,NOUN,Intonation=falling
1032-0,BO094,1032,1032,1,così,così,così,ADV,_
1032-1,BO094,1032,1032,2,arriviamo,arriviamo,arrivare,VERB,_
1032-2,BO094,1032,1032,3,anche,anche,anche,ADV,_
1032-3,BO094,1032,1032,4-5,al,al,_,_,_
1032-3a,_,_,1032,4,_,a,a,ADP,_
1032-3b,_,_,1032,5,_,il,il,DET,_
1032-4,BO094,1032,1032,6,problema,problema,problema,NOUN,_
1032-5,BO094,1032,1032,7,che,che,che,PRON,_
1032-6,BO094,1032,1032,8,si,si,si,PRON,_
1032-7,BO094,1032,1032,9,faceva,faceva,fare,VERB,_
1032-8,BO094,1032,1032,10,la,la,il,DET,_
1032-9,BO094,1032,1032,11,signorina.,signorina,signorina,NOUN,Intonation=falling
1033-0,BO094,1033,1033,1,no,no,no,ADV,_
1033-1,BO094,1033,1033,2,lì,lì,lì,ADV,_
1033-2,BO094,1033,1033,3,va,va,andare,VERB,_
1033-3,BO094,1033,1033,4,bene,bene,bene,ADV,_
1033-4,BO094,1033,1033,5,no,no,no,ADV,_
1033-5,BO094,1033,1033,6,no,no,no,ADV,_
1033-6,BO094,1033,1033,7,no,no,no,ADV,_
1033-7,BO094,1033,1033,8,fermo,fermo,fermo,ADJ,_
1033-8,BO094,1033,1033,9,fermo,fermo,fermo,NOUN,_
1033-9,BO094,1033,1033,10,fermo,fermo,fermo,ADJ,_
1033-10,BO094,1033,1033,11,no,no,no,ADV,_
1033-11,BO094,1033,1033,12,no,no,no,ADV,_
1034-0,BO094,1034,1034,1,parentesi,parentesi,parentesi,NOUN,_
1035-0,BO094,1035,1035,1,apro,apro,aprire,VERB,_
1035-1,BO094,1035,1035,2,la,la,il,DET,_
1035-2,BO094,1035,1035,3,parentesi,parentesi,parentesi,NOUN,_
1036-0,BO094,1036,1036,1,bene,bene,bene,ADV,_
1037-0,BO094,1037,1037,1,perfetto,perfetto,perfetto,ADJ,_
1038-0,BO094,1038,1038,1,allora,allora,allora,ADV,_
1038-1,BO094,1038,1038,2,d',d',di,ADP,SpaceAfter=No
1038-2,BO094,1038,1038,3,accordo?,accordo,accordo,NOUN,Intonation=rising
1039-0,BO094,1039,1039,1,siete,siete,essere,AUX,_
1039-1,BO094,1039,1039,2,con,con,con,ADP,_
1039-2,BO094,1039,1039,3,noi,noi,noi,PRON,_
1039-3,BO094,1039,1039,4,fino,fino,fino,ADV,_
1039-4,BO094,1039,1039,5,a,a,a,ADP,_
1039-5,BO094,1039,1039,6,questo,questo,questo,DET,_
1039-6,BO094,1039,1039,7,punto?,punto,punto,NOUN,Intonation=rising
1040-0,BO094,1040,1040,1,allora,allora,allora,ADV,_
1040-1,BO094,1040,1040,2,vedete,vedete,vedere,VERB,_
1040-2,BO094,1040,1040,3,che,che,che,SCONJ,_
1040-3,BO094,1040,1040,4,tutti,tutti,tutto,DET,_
1040-4,BO094,1040,1040,5,i,i,il,DET,_
1040-5,BO094,1040,1040,6,quantificatori,quantificatori,quantificatore,NOUN,_
1040-6,BO094,1040,1040,7,sono,sono,essere,AUX,_
1040-7,BO094,1040,1040,8-9,sul,sul,_,_,_
1040-7a,_,_,1040,8,_,su,su,ADP,_
1040-7b,_,_,1040,9,_,il,il,DET,_
1040-8,BO094,1040,1040,10,davanti,davanti,davanti,ADV,_
1040-9,BO094,1040,1040,11,è,è,essere,AUX,_
1040-10,BO094,1040,1040,12,un,un,uno,DET,_
1040-11,BO094,1040,1040,13,"prefisso,",prefisso,prefisso,NOUN,Intonation=weakly_rising
1041-0,BO094,1041,1041,1,e,e,e,CCONJ,_
1041-1,BO094,1041,1041,2,qui,qui,qui,ADV,_
1041-2,BO094,1041,1041,3,abbiamo,abbiamo,avere,VERB,_
1041-3,BO094,1041,1041,4,una,una,uno,DET,_
1041-4,BO094,1041,1041,5,formula,formula,formula,NOUN,_
1041-5,BO094,1041,1041,6,numerale,numerale,numerale,ADJ,_
1041-6,BO094,1041,1041,7,in,in,in,ADP,_
1041-7,BO094,1041,1041,8,cui,cui,cui,PRON,_
1041-8,BO094,1041,1041,9,compaiono,compaiono,comparire,VERB,_
1041-9,BO094,1041,1041,10,solo,solo,solo,ADV,_
1041-10,BO094,1041,1041,11,connettivi,connettivi,connettivo,ADJ,_
1041-11,BO094,1041,1041,12,not,not,not,NOUN,_
1041-12,BO094,1041,1041,13,and,and,and,CCONJ,_
1041-13,BO094,1041,1041,14,or,or,or,ADV,_
1042-0,BO094,1042,1042,1,però,però,però,ADV,_
1042-1,BO094,1042,1042,2,la,la,il,DET,_
1042-2,BO094,1042,1042,3,sua,sua,suo,DET,_
1042-3,BO094,1042,1042,4,collega,collega,collega,NOUN,_
1042-4,BO094,1042,1042,5,lassù,lassù,lassù,NOUN,_
1042-5,BO094,1042,1042,6,<molto,molto,molto,ADV,_
1042-6,BO094,1042,1042,7,raffinata>,raffinata,raffinato,ADJ,_
1042-7,BO094,1042,1042,8,ha,ha,avere,AUX,_
1042-8,BO094,1042,1042,9,detto,detto,dire,VERB,_
1042-9,BO094,1042,1042,10,sì,sì,sì,ADV,_
1042-10,BO094,1042,1042,11,però,però,però,ADV,_
1042-11,BO094,1042,1042,12,io,io,io,PRON,_
1042-12,BO094,1042,1042,13,ho,ho,avere,VERB,_
1042-13,BO094,1042,1042,14,questo,questo,questo,PRON,_
1042-14,BO094,1042,1042,15,no:n,non,non,ADV,_
1043-0,BO094,1043,1043,1,davanti,davanti,davanti,ADV,_
1043-1,BO094,1043,1043,2,a,a,a,ADP,_
1043-2,BO094,1043,1043,3,una,una,uno,NUM,_
1043-3,BO094,1043,1043,4,e,e,e,CCONJ,_
1043-4,BO094,1043,1043,5,forse,forse,forse,ADV,_
1043-5,BO094,1043,1043,6,posso,posso,potere,AUX,_
1043-6,BO094,1043,1043,7-8,lavorarci,lavorarci,_,_,_
1043-6a,_,_,1043,7,_,lavorar,lavorare,VERB,_
1043-6b,_,_,1043,8,_,ci,ci,PRON,_
1043-7,BO094,1043,1043,9,ancora,ancora,ancora,ADV,_
1043-8,BO094,1043,1043,10,un,un,uno,DET,_
1043-9,BO094,1043,1043,11,pochino,pochino,pochino,NOUN,_
1043-10,BO094,1043,1043,12,sopra,sopra,sopra,ADV,_
1044-0,BO094,1044,1044,1,e,e,e,CCONJ,_
1044-1,BO094,1044,1044,2,applico,applico,applicare,VERB,_
1044-2,BO094,1044,1044,3,la,la,il,DET,_
1044-3,BO094,1044,1044,4,legge,legge,legge,NOUN,_
1044-4,BO094,1044,1044,5,di,di,di,ADP,_
1044-5,BO094,1044,1044,6,de,de,de,DET,_
1044-6,BO094,1044,1044,7,morgan,morgan,Morgan,PROPN,_
1045-0,BO094,1045,1045,1,e,e,e,CCONJ,_
1045-1,BO094,1045,1045,2,ottengo,ottengo,ottenere,VERB,_
1045-2,BO094,1045,1045,3,vada,vada,andare,AUX,_
1045-3,BO094,1045,1045,4,avanti,avanti,avanti,ADV,_
1045-4,BO094,1045,1045,5,là,là,là,ADV,_
1045-5,BO094,1045,1045,6,xx,x,x,X,_
1045-6,BO094,1045,1045,7,lei,lei,lei,PRON,_
1045-7,BO094,1045,1045,8,intanto,intanto,intanto,ADV,_
1045-8,BO094,1045,1045,9,che,che,che,SCONJ,_
1045-9,BO094,1045,1045,10,scrivo,scrivo,scrivere,VERB,_
1045-10,BO094,1045,1045,11,il,il,il,DET,_
1045-11,BO094,1045,1045,12,"prefisso,",prefisso,prefisso,NOUN,Intonation=weakly_rising
1046-0,BO094,1046,1046,1,xxxx,x,x,X,_
1046-1,BO094,1046,1046,2,xxx,x,x,X,_
1047-0,BO094,1047,1047,1,vedete,vedete,vedere,VERB,_
1047-1,BO094,1047,1047,2,l',l',il,DET,Truncated=Yes
1047-2,BO094,1047,1047,3,esigenza,esigenza,esigenza,NOUN,_
1047-3,BO094,1047,1047,4,sentita,sentita,sentire,VERB,_
1047-4,BO094,1047,1047,5-6,dalla,dalla,_,_,_
1047-4a,_,_,1047,5,_,da,da,ADP,_
1047-4b,_,_,1047,6,_,la,il,DET,_
1047-5,BO094,1047,1047,7,signorina,signorina,signorina,NOUN,_
1047-6,BO094,1047,1047,8,è,è,essere,AUX,_
1047-7,BO094,1047,1047,9,fondamentale,fondamentale,fondamentale,ADJ,_
1047-8,BO094,1047,1047,10,{ride},{ride},_,_,_
1047-9,BO094,1047,1047,11,va,va,andare,VERB,_
1047-10,BO094,1047,1047,12,bene?,bene,bene,ADV,Intonation=rising
1048-0,BO094,1048,1048,1,è,è,essere,AUX,_
1048-1,BO094,1048,1048,2,fondamentale,fondamentale,fondamentale,ADJ,_
1048-2,BO094,1048,1048,3,cioè,cioè,cioè,ADV,_
1048-3,BO094,1048,1048,4,grazie,grazie,grazie,NOUN,_
1048-4,BO094,1048,1048,5,mille,mille,mille,NUM,_
1048-5,BO094,1048,1048,6,va,va,andare,VERB,_
1048-6,BO094,1048,1048,7,tutto,tutto,tutto,PRON,_
1048-7,BO094,1048,1048,8,bene,bene,bene,ADV,_
1049-0,BO094,1049,1049,1,è,è,essere,AUX,_
1049-1,BO094,1049,1049,2,fondamentale,fondamentale,fondamentale,ADJ,_
1049-2,BO094,1049,1049,3,cioè,cioè,cioè,ADV,_
1049-3,BO094,1049,1049,4,l',l',il,DET,Truncated=Yes
1049-4,BO094,1049,1049,5,esigenza,esigenza,esigenza,NOUN,_
1049-5,BO094,1049,1049,6,di,di,di,ADP,_
1049-6,BO094,1049,1049,7,portare,portare,portare,VERB,_
1049-7,BO094,1049,1049,8,la,la,il,DET,_
1049-8,BO094,1049,1049,9,negazione,negazione,negazione,NOUN,_
1049-9,BO094,1049,1049,10-11,sugli,sugli,_,_,_
1049-9a,_,_,1049,10,_,su,su,ADP,_
1049-9b,_,_,1049,11,_,gli,il,DET,_
1049-10,BO094,1049,1049,12,a,a,a,ADP,_
1050-0,BO094,1050,1050,1,perché,perché,perché,SCONJ,_
1050-1,BO094,1050,1050,2,se,se,se,SCONJ,_
1050-2,BO094,1050,1050,3,io,io,io,PRON,_
1050-3,BO094,1050,1050,4,faccio,faccio,fare,VERB,_
1050-4,BO094,1050,1050,5,così,così,così,ADV,_
1050-5,BO094,1050,1050,6,se,se,se,SCONJ,_
1050-6,BO094,1050,1050,7,io,io,io,PRON,_
1050-7,BO094,1050,1050,8,sono,sono,essere,VERB,_
1050-8,BO094,1050,1050,9,in,in,in,ADP,_
1050-9,BO094,1050,1050,10,grado,grado,grado,NOUN,_
1050-10,BO094,1050,1050,11,di,di,di,ADP,_
1050-11,BO094,1050,1050,12,portare,portare,portare,VERB,_
1050-12,BO094,1050,1050,13,tutte,tutte,tutto,DET,_
1050-13,BO094,1050,1050,14,le,le,il,DET,_
1050-14,BO094,1050,1050,15,negazioni,negazioni,negazione,NOUN,_
1050-15,BO094,1050,1050,16-17,sugli,sugli,_,_,_
1050-15a,_,_,1050,16,_,su,su,ADP,_
1050-15b,_,_,1050,17,_,gli,il,DET,_
1050-16,BO094,1050,1050,18,"(atomi),",atomi,atomo,NOUN,Intonation=weakly_rising
1051-0,BO094,1051,1051,1,dopo,dopo,dopo,ADV,_
1051-1,BO094,1051,1051,2,di,di,di,ADP,_
1051-2,BO094,1051,1051,3,che,che,che,PRON,_
1051-3,BO094,1051,1051,4,che,che,che,PRON,_
1051-4,BO094,1051,1051,5,poi,poi,poi,ADV,_
1051-5,BO094,1051,1051,6,dopo,dopo,dopo,ADV,_
1051-6,BO094,1051,1051,7,di,di,di,ADP,_
1051-7,BO094,1051,1051,8,che,che,che,PRON,_
1051-8,BO094,1051,1051,9,io,io,io,PRON,_
1051-9,BO094,1051,1051,10,mi,mi,mi,PRON,_
1051-10,BO094,1051,1051,11,ritrovo,ritrovo,ritrovare,VERB,_
1051-11,BO094,1051,1051,12,e::h,eh,eh,INTJ,_
1051-12,BO094,1051,1051,13-14,degli,degli,_,_,_
1051-12a,_,_,1051,13,_,di,di,ADP,_
1051-12b,_,_,1051,14,_,gli,il,DET,_
1051-13,BO094,1051,1051,15,enunciati,enunciati,enunciato,NOUN,_
1051-14,BO094,1051,1051,16,di,di,di,ADP,_
1051-15,BO094,1051,1051,17,tipo,tipo,tipo,NOUN,_
1051-16,BO094,1051,1051,18,enne,enne,enne,NOUN,_
1051-17,BO094,1051,1051,19,zero,zero,zero,NUM,_
1051-18,BO094,1051,1051,20,che,che,che,PRON,_
1051-19,BO094,1051,1051,21,sono,sono,essere,AUX,_
1051-20,BO094,1051,1051,22-23,delle,delle,_,_,_
1051-20a,_,_,1051,22,_,di,di,ADP,_
1051-20b,_,_,1051,23,_,le,il,DET,_
1051-21,BO094,1051,1051,24,combinazioni,combinazioni,combinazione,NOUN,_
1051-22,BO094,1051,1051,25,"solo,",solo,solo,ADV,Intonation=weakly_rising
1052-0,BO094,1052,1052,1,combinazioni,combinazioni,combinazione,NOUN,_
1052-1,BO094,1052,1052,2,ottenute,ottenute,ottenere,VERB,_
1052-2,BO094,1052,1052,3,solo,solo,solo,ADV,_
1052-3,BO094,1052,1052,4,con,con,con,ADP,_
1052-4,BO094,1052,1052,5,enne,enne,enne,NOUN,_
1052-5,BO094,1052,1052,6,e,e,e,CCONJ,_
1052-6,BO094,1052,1052,7,o,o,o,CCONJ,_
1052-7,BO094,1052,1052,8,di,di,di,ADP,_
1052-8,BO094,1052,1052,9,che,che,che,DET,_
1052-9,BO094,1052,1052,10,cosa,cosa,cosa,NOUN,_
1053-0,BO094,1053,1053,1,di,di,di,ADP,_
1053-1,BO094,1053,1053,2,atomi,atomi,atomo,NOUN,_
1053-2,BO094,1053,1053,3,o,o,o,CCONJ,_
1053-3,BO094,1053,1053,4,negazioni,negazioni,negazione,NOUN,_
1053-4,BO094,1053,1053,5,di,di,di,ADP,_
1053-5,BO094,1053,1053,6,atomi.,atomi,atomo,NOUN,Intonation=falling
1054-0,BO094,1054,1054,1,e,e,e,CCONJ,_
1054-1,BO094,1054,1054,2,quelli,quelli,quello,PRON,_
1054-2,BO094,1054,1054,3,che,che,che,PRON,_
1054-3,BO094,1054,1054,4,si,si,si,PRON,_
1054-4,BO094,1054,1054,5,chiamano,chiamano,chiamare,VERB,_
1054-5,BO094,1054,1054,6,ufficialmente,ufficialmente,ufficialmente,ADV,_
1054-6,BO094,1054,1054,7,in,in,in,ADP,_
1054-7,BO094,1054,1054,8,informatica,informatica,informatica,NOUN,_
1054-8,BO094,1054,1054,9,letterali,letterali,letterale,ADJ,_
1054-9,BO094,1054,1054,10,no?,no,no,ADV,Intonation=rising
1055-0,BO094,1055,1055,1,quindi,quindi,quindi,ADV,_
1055-1,BO094,1055,1055,2,in,in,in,ADP,_
1055-2,BO094,1055,1055,3,qualche,qualche,qualche,DET,_
1055-3,BO094,1055,1055,4,misura,misura,misura,NOUN,_
1055-4,BO094,1055,1055,5,una,una,uno,DET,_
1055-5,BO094,1055,1055,6,volta,volta,volta,NOUN,_
1055-6,BO094,1055,1055,7,che,che,che,SCONJ,_
1055-7,BO094,1055,1055,8,la,la,il,DET,_
1055-8,BO094,1055,1055,9,negazione,negazione,negazione,NOUN,_
1055-9,BO094,1055,1055,10,l',l',lo,PRON,Truncated=Yes
1055-10,BO094,1055,1055,11,ho,ho,avere,AUX,_
1055-11,BO094,1055,1055,12,buttata,buttata,buttare,VERB,_
1056-0,BO094,1056,1056,1,e::h,eh,eh,INTJ,_
1056-1,BO094,1056,1056,2-3,sugli,sugli,_,_,_
1056-1a,_,_,1056,2,_,su,su,ADP,_
1056-1b,_,_,1056,3,_,gli,il,DET,_
1056-2,BO094,1056,1056,4,atomi,atomi,atomo,NOUN,_
1056-3,BO094,1056,1056,5,me,me,me,PRON,_
1056-4,BO094,1056,1056,6,ne,ne,ne,PRON,_
1056-5,BO094,1056,1056,7,sono,sono,essere,AUX,_
1056-6,BO094,1056,1056,8,quasi,quasi,quasi,ADV,_
1056-7,BO094,1056,1056,9,liberata,liberata,liberare,VERB,_
1056-8,BO094,1056,1056,10,perché,perché,perché,SCONJ,_
1056-9,BO094,1056,1056,11,io,io,io,PRON,_
1056-10,BO094,1056,1056,12,ho,ho,avere,VERB,_
1056-11,BO094,1056,1056,13,gli,gli,il,DET,_
1056-12,BO094,1056,1056,14,atomi,atomi,atomo,NOUN,_
1056-13,BO094,1056,1056,15,e,e,e,CCONJ,_
1056-14,BO094,1056,1056,16,la,la,il,DET,_
1056-15,BO094,1056,1056,17,negazione,negazione,negazione,NOUN,_
1056-16,BO094,1056,1056,18-19,degli,degli,_,_,_
1056-16a,_,_,1056,18,_,di,di,ADP,_
1056-16b,_,_,1056,19,_,gli,il,DET,_
1056-17,BO094,1056,1056,20,atomi,atomi,atomo,NOUN,_
1056-18,BO094,1056,1056,21,e,e,e,CCONJ,_
1056-19,BO094,1056,1056,22,poi,poi,poi,ADV,_
1056-20,BO094,1056,1056,23,combino,combino,combiare,VERB,_
1056-21,BO094,1056,1056,24,con,con,con,ADP,_
1056-22,BO094,1056,1056,25,gli,gli,il,DET,_
1056-23,BO094,1056,1056,26,operatori,operatori,operatore,NOUN,_
1056-24,BO094,1056,1056,27,end,end,end,CCONJ,_
1056-25,BO094,1056,1056,28,e,e,e,CCONJ,_
1056-26,BO094,1056,1056,29,o,o,o,CCONJ,_
1056-27,BO094,1056,1056,30,va,va,andare,VERB,_
1056-28,BO094,1056,1056,31,bene?,bene,bene,ADV,Intonation=rising
1057-0,BO094,1057,1057,1,allora,allora,allora,ADV,_
1058-0,BO094,1058,1058,1,e::h,eh,eh,INTJ,_
1059-0,BO094,1059,1059,1,vo:i,voi,voi,PRON,_
1059-1,BO094,1059,1059,2,e:::h,eh,eh,INTJ,_
1060-0,BO094,1060,1060,1,avete,avete,avere,VERB,_
1060-1,BO094,1060,1060,2,una,una,uno,DET,_
1060-2,BO094,1060,1060,3,serie,serie,serie,NOUN,_
1060-3,BO094,1060,1060,4,di,di,di,ADP,_
1060-4,BO094,1060,1060,5,tautologie,tautologie,tautologia,NOUN,_
1060-5,BO094,1060,1060,6,"notevoli,",notevoli,notevole,ADJ,Intonation=weakly_rising
1061-0,BO094,1061,1061,1,che,che,che,SCONJ,_
1061-1,BO094,1061,1061,2,proprio,proprio,proprio,ADV,_
1061-2,BO094,1061,1061,3,vi,vi,vi,PRON,_
1061-3,BO094,1061,1061,4,dicono,dicono,dire,VERB,_
1061-4,BO094,1061,1061,5,come,come,come,ADP,_
1061-5,BO094,1061,1061,6,fare,fare,fare,VERB,_
1061-6,BO094,1061,1061,7,per,per,per,ADP,_
1061-7,BO094,1061,1061,8,portare,portare,portare,VERB,_
1061-8,BO094,1061,1061,9,le,le,il,DET,_
1061-9,BO094,1061,1061,10,negazioni,negazioni,negazione,NOUN,_
1061-10,BO094,1061,1061,11-12,sugli,sugli,_,_,_
1061-10a,_,_,1061,11,_,su,su,ADP,_
1061-10b,_,_,1061,12,_,gli,il,DET,_
1061-11,BO094,1061,1061,13,atomi.,atomi,atomo,NOUN,Intonation=falling
1062-0,BO094,1062,1062,1,din,din,din,X,_
1062-1,BO094,1062,1062,2,don,don,don,X,_
1062-2,BO094,1062,1062,3,din,din,din,X,_
1062-3,BO094,1062,1062,4,don,don,don,X,_
1062-4,BO094,1062,1062,5,quali,quali,quale,PRON,_
1062-5,BO094,1062,1062,6,sono?,sono,essere,AUX,Intonation=rising
1063-0,BO094,1063,1063,1,lei,lei,lei,PRON,_
1063-1,BO094,1063,1063,2,ne,ne,ne,PRON,_
1063-2,BO094,1063,1063,3,ha,ha,avere,AUX,_
1063-3,BO094,1063,1063,4,già,già,già,ADV,_
1063-4,BO094,1063,1063,5,detta,detta,dire,VERB,_
1063-5,BO094,1063,1063,6,una,una,uno,PRON,_
1063-6,BO094,1063,1063,7,a,a,a,ADP,_
1063-7,BO094,1063,1063,8,voce,voce,voce,NOUN,_
1063-8,BO094,1063,1063,9,alta,alta,alto,ADJ,_
1063-9,BO094,1063,1063,10,la,la,il,DET,_
1063-10,BO094,1063,1063,11,dica,dica,dica,NOUN,_
1063-11,BO094,1063,1063,12,{P},{P},_,_,_
1063-12,BO094,1063,1063,13,de,de,di,ADP,_
1063-13,BO094,1063,1063,14,morgan,morgan,morgano,NOUN,_
1063-14,BO094,1063,1063,15,è,è,essere,AUX,_
1063-15,BO094,1063,1063,16,fondamentale,fondamentale,fondamentale,ADJ,_
1063-16,BO094,1063,1063,17,va,va,andare,VERB,_
1063-17,BO094,1063,1063,18,bene?,bene,bene,ADV,Intonation=rising
1064-0,BO094,1064,1064,1,perché,perché,perché,SCONJ,_
1064-1,BO094,1064,1064,2,uno,uno,uno,PRON,_
1064-2,BO094,1064,1064,3,cosa,cosa,cosa,PRON,_
1064-3,BO094,1064,1064,4,fa?,fa,fare,VERB,Intonation=rising
1065-0,BO094,1065,1065,1,prima,prima,prima,ADV,_
1065-1,BO094,1065,1065,2,con,con,con,ADP,_
1065-2,BO094,1065,1065,3,le,le,il,DET,_
1065-3,BO094,1065,1065,4,leggi,leggi,legge,NOUN,_
1065-4,BO094,1065,1065,5,di,di,di,ADP,_
1065-5,BO094,1065,1065,6,filone,filone,filone,NOUN,_
1065-6,BO094,1065,1065,7,e,e,e,CCONJ,_
1065-7,BO094,1065,1065,8,pisippo,pisippo,Pisippo,PROPN,_
1065-8,BO094,1065,1065,9,si,si,si,PRON,_
1065-9,BO094,1065,1065,10,sbarazza,sbarazza,sbarazzare,VERB,_
1065-10,BO094,1065,1065,11-12,della:,della,_,_,_
1065-10a,_,_,1065,11,_,di,di,ADP,_
1065-10b,_,_,1065,12,_,la,la,DET,_
1065-11,BO094,1065,1065,13-14,delle,delle,_,_,_
1065-11a,_,_,1065,13,_,di,di,ADP,_
1065-11b,_,_,1065,14,_,le,il,DET,_
1065-12,BO094,1065,1065,15,implicazioni,implicazioni,implicazione,NOUN,_
1066-0,BO094,1066,1066,1,poi,poi,poi,ADV,_
1066-1,BO094,1066,1066,2,con,con,con,ADP,_
1066-2,BO094,1066,1066,3,de,de,de,DET,_
1066-3,BO094,1066,1066,4,morgan,morgan,Morgan,PROPN,_
1066-4,BO094,1066,1066,5,le,le,le,PRON,_
1066-5,BO094,1066,1066,6,porta,porta,portare,VERB,_
1066-6,BO094,1066,1066,7,dentro.,dentro,dentro,ADV,Intonation=falling
1067-0,BO094,1067,1067,1,quando,quando,quando,SCONJ,_
1067-1,BO094,1067,1067,2,poi,poi,poi,ADV,_
1067-2,BO094,1067,1067,3,ne,ne,ne,PRON,_
1067-3,BO094,1067,1067,4,ha,ha,avere,VERB,_
1067-4,BO094,1067,1067,5,due,due,due,NUM,_
1068-0,BO094,1068,1068,1,due,due,due,NUM,_
1068-1,BO094,1068,1068,2,di,di,di,ADP,_
1068-2,BO094,1068,1068,3,"seguito,",seguito,seguito,NOUN,Intonation=weakly_rising
1069-0,BO094,1069,1069,1,le,le,il,PRON,_
1069-1,BO094,1069,1069,2,elimina,elimina,eliminare,VERB,_
1069-2,BO094,1069,1069,3,perché,perché,perché,SCONJ,_
1069-3,BO094,1069,1069,4,non,non,non,ADV,_
1069-4,BO094,1069,1069,5,non,non,non,ADV,_
1069-5,BO094,1069,1069,6,ha,ha,avere,VERB,_
1069-6,BO094,1069,1069,7,equivalenze,equivalenze,equivalenza,NOUN,_
1070-0,BO094,1070,1070,1,va,va,andare,VERB,_
1070-1,BO094,1070,1070,2,bene?,bene,bene,ADV,Intonation=rising
1071-0,BO094,1071,1071,1,quindi,quindi,quindi,ADV,_
1071-1,BO094,1071,1071,2,vedete,vedete,vedere,VERB,_
1071-2,BO094,1071,1071,3,che,che,che,SCONJ,_
1071-3,BO094,1071,1071,4-5,alla,alla,_,_,_
1071-3a,_,_,1071,4,_,a,a,ADP,_
1071-3b,_,_,1071,5,_,la,il,DET,_
1071-4,BO094,1071,1071,6,fine,fine,fine,NOUN,_
1072-0,BO094,1072,1072,1,voglio,voglio,volere,AUX,_
1072-1,BO094,1072,1072,2,dire,dire,dire,VERB,_
1072-2,BO094,1072,1072,3,e::h,eh,eh,INTJ,_
1073-0,BO094,1073,1073,1,questo,questo,questo,PRON,_
1073-1,BO094,1073,1073,2,nostro,nostro,nostro,PRON,_
1073-2,BO094,1073,1073,3,enunciato,enunciato,enunciare,VERB,_
1073-3,BO094,1073,1073,4,quassù,quassù,quassù,ADV,_
1074-0,BO094,1074,1074,1,va,va,andare,VERB,_
1074-1,BO094,1074,1074,2,bene?,bene,bene,ADV,Intonation=rising
1075-0,BO094,1075,1075,1,comincia,comincia,cominciare,VERB,_
1075-1,BO094,1075,1075,2,a,a,a,ADP,_
1075-2,BO094,1075,1075,3,avere,avere,avere,VERB,_
1075-3,BO094,1075,1075,4,una,una,uno,DET,_
1075-4,BO094,1075,1075,5,forma,forma,forma,NOUN,_
1075-5,BO094,1075,1075,6,molto,molto,molto,ADV,_
1075-6,BO094,1075,1075,7,più,più,più,ADV,_
1075-7,BO094,1075,1075,8,tra~,tra~,tra~,X,Interrupted=Yes
1075-8,BO094,1075,1075,9,gestibile,gestibile,gestibile,ADJ,_
1075-9,BO094,1075,1075,10,da,da,da,ADP,_
1075-10,BO094,1075,1075,11,una,una,uno,DET,_
1075-11,BO094,1075,1075,12,macchina.,macchina,macchina,NOUN,Intonation=falling
1076-0,BO094,1076,1076,1,c',c',ci,PRON,Truncated=Yes
1076-1,BO094,1076,1076,2,è,è,essere,VERB,_
1076-2,BO094,1076,1076,3,uno,uno,uno,DET,_
1076-3,BO094,1076,1076,4,zeta,zeta,zeta,NOUN,_
1076-4,BO094,1076,1076,5,tale,tale,tale,ADJ,_
1076-5,BO094,1076,1076,6,che,che,che,PRON,_
1076-6,BO094,1076,1076,7,per,per,per,ADP,_
1076-7,BO094,1076,1076,8,ogni,ogni,ogni,DET,_
1076-8,BO094,1076,1076,9,ics,ics,ics,NOUN,_
1076-9,BO094,1076,1076,10,c',c',ci,PRON,Truncated=Yes
1076-10,BO094,1076,1076,11,è,è,essere,VERB,_
1076-11,BO094,1076,1076,12,un,un,uno,DET,_
1076-12,BO094,1076,1076,13,ipsilon,ipsilon,ipsilon,NOUN,_
1076-13,BO094,1076,1076,14,tale,tale,tale,ADJ,_
1076-14,BO094,1076,1076,15,che,che,che,PRON,_
1076-15,BO094,1076,1076,16,o,o,o,CCONJ,_
1076-16,BO094,1076,1076,17,ics,ics,ics,PROPN,_
1076-17,BO094,1076,1076,18,non,non,non,ADV,_
1076-18,BO094,1076,1076,19,gode,gode,godere,VERB,_
1076-19,BO094,1076,1076,20,di,di,di,ADP,_
1076-20,BO094,1076,1076,21,pi,pi,pi,NOUN,_
1076-21,BO094,1076,1076,22,o,o,o,CCONJ,_
1076-22,BO094,1076,1076,23,ipsilon,ipsilon,ipsilon,NOUN,_
1076-23,BO094,1076,1076,24,non,non,non,ADV,_
1076-24,BO094,1076,1076,25,gode,gode,godere,VERB,_
1076-25,BO094,1076,1076,26,di,di,di,ADP,_
1076-26,BO094,1076,1076,27,erre,erre,erre,VERB,_
1076-27,BO094,1076,1076,28,oppure,oppure,oppure,CCONJ,_
1077-0,BO094,1077,1077,1,zeta,zeta,zeta,NOUN,_
1077-1,BO094,1077,1077,2,gode,gode,godere,VERB,_
1077-2,BO094,1077,1077,3,di,di,di,ADP,_
1077-3,BO094,1077,1077,4,pi,pi,po,NOUN,_
1077-4,BO094,1077,1077,5,e,e,e,CCONJ,_
1077-5,BO094,1077,1077,6,zeta,zeta,zeta,NOUN,_
1077-6,BO094,1077,1077,7,gode,gode,godere,VERB,_
1077-7,BO094,1077,1077,8,di,di,di,ADP,_
1077-8,BO094,1077,1077,9,erre.,erre,erre,VERB,Intonation=falling
1078-0,BO094,1078,1078,1,d',d',di,ADP,SpaceAfter=No
1078-1,BO094,1078,1078,2,accordo?,accordo,accordo,NOUN,Intonation=rising
1079-0,BO094,1079,1079,1,e:::h,eh,eh,INTJ,_
1079-1,BO094,1079,1079,2,diciamo,diciamo,dire,VERB,_
1079-2,BO094,1079,1079,3,per,per,per,ADP,_
1079-3,BO094,1079,1079,4,una,una,uno,DET,_
1079-4,BO094,1079,1079,5,lettura,lettura,lettura,NOUN,_
1079-5,BO094,1079,1079,6,umana,umana,umano,ADJ,_
1079-6,BO094,1079,1079,7,questo,questo,questo,PRON,_
1079-7,BO094,1079,1079,8,non,non,non,ADV,_
1079-8,BO094,1079,1079,9,non,non,non,ADV,_
1079-9,BO094,1079,1079,10,non,non,non,ADV,_
1079-10,BO094,1079,1079,11,acqu~,acqu~,acqu~,X,Interrupted=Yes
1079-11,BO094,1079,1079,12,aggiunge,aggiunge,aggiungere,VERB,_
1079-12,BO094,1079,1079,13,significato,significato,significato,NOUN,_
1079-13,BO094,1079,1079,14,non,non,non,ADV,_
1079-14,BO094,1079,1079,15,aggiunge,aggiunge,aggiungere,VERB,_
1079-15,BO094,1079,1079,16,leggibilità,leggibilità,leggibilità,NOUN,_
1080-0,BO094,1080,1080,1,però,però,però,ADV,_
1080-1,BO094,1080,1080,2,per,per,per,ADP,_
1080-2,BO094,1080,1080,3,una,una,uno,DET,_
1080-3,BO094,1080,1080,4,macchina,macchina,macchina,NOUN,_
1081-0,BO094,1081,1081,1,è,è,essere,AUX,_
1081-1,BO094,1081,1081,2,molto,molto,molto,ADV,_
1081-2,BO094,1081,1081,3,importante,importante,importante,ADJ,_
1081-3,BO094,1081,1081,4,poter,poter,potere,AUX,_
1081-4,BO094,1081,1081,5,lavorare,lavorare,lavorare,VERB,_
1081-5,BO094,1081,1081,6,con,con,con,ADP,_
1081-6,BO094,1081,1081,7-8,delle,delle,_,_,_
1081-6a,_,_,1081,7,_,di,di,ADP,_
1081-6b,_,_,1081,8,_,le,il,DET,_
1081-7,BO094,1081,1081,9,strutture,strutture,struttura,NOUN,_
1081-8,BO094,1081,1081,10,ben,ben,bene,ADV,_
1081-9,BO094,1081,1081,11,codificate,codificate,codificato,ADJ,_
1081-10,BO094,1081,1081,12,va,va,andare,VERB,_
1081-11,BO094,1081,1081,13,bene?,bene,bene,ADV,Intonation=rising
1082-0,BO094,1082,1082,1,facciamo,facciamo,fare,VERB,_
1082-1,BO094,1082,1082,2,cinque,cinque,cinque,NUM,_
1082-2,BO094,1082,1082,3,minuti,minuti,minuto,NOUN,_
1082-3,BO094,1082,1082,4,di,di,di,ADP,_
,,,,,intervallo,intervallo,intervallo,NOUN,
1082-4,BO094,1082,1082,5,poi,poi,poi,ADV,_
1082-5,BO094,1082,1082,6,riprendiamo.,riprendiamo,riprendare,VERB,Intonation=falling
1083-0,???,1083,1083,1,io,io,io,PRON,_
1083-1,???,1083,1083,2,comunque,comunque,comunque,ADV,_
1083-2,???,1083,1083,3,ora,ora,ora,ADV,_
1083-3,???,1083,1083,4,le,le,le,PRON,_
1083-4,???,1083,1083,5,chiedo,chiedo,chiedere,VERB,_
1083-5,???,1083,1083,6,punto,punto,punto,NOUN,_
1083-6,???,1083,1083,7,uno,uno,uno,DET,_
1083-7,???,1083,1083,8,quello,quello,quello,PRON,_
1083-8,???,1083,1083,9,che,che,che,PRON,_
1083-9,???,1083,1083,10,ha,ha,avere,AUX,_
1083-10,???,1083,1083,11,spiegato,spiegato,spiegare,VERB,_
1083-11,???,1083,1083,12,ieri,ieri,ieri,ADV,_
1083-12,???,1083,1083,13,se,se,se,SCONJ,_
1083-13,???,1083,1083,14,ci,ci,ci,PRON,_
1083-14,???,1083,1083,15,sono,sono,essere,VERB,_
1083-15,???,1083,1083,16,le,le,il,DET,_
1083-16,???,1083,1083,17,slides,slides,slide,NOUN,_
1083-17,???,1083,1083,18,o,o,o,CCONJ,_
1083-18,???,1083,1083,19,cose,cose,cosa,NOUN,_
1083-19,???,1083,1083,20,tipo,tipo,tipo,NOUN,_
1083-20,???,1083,1083,21,sai,sai,sapere,VERB,_
1083-21,???,1083,1083,22,di,di,di,ADP,_
1083-22,???,1083,1083,23,base,base,base,NOUN,_
1083-23,???,1083,1083,24,così,così,così,ADV,_
1083-24,???,1083,1083,25,so,so,sapere,VERB,_
1083-25,???,1083,1083,26,come,come,come,SCONJ,_
1083-26,???,1083,1083,27-28,recuperarlo,recuperarlo,_,_,_
1083-26a,_,_,1083,27,_,recuperar,recuperare,VERB,_
1083-26b,_,_,1083,28,_,lo,il,DET,_
1083-27,???,1083,1083,29,punto,punto,punto,NOUN,_
1083-28,???,1083,1083,30,due,due,due,NUM,_
1083-29,???,1083,1083,31,xxx,x,x,X,_