token_id,speaker,tu_id,unit,id,span,form,lemma,upos,jefferson_feats
0-0,TO052,0,0,1,questa ,questa,questo,DET,_
0-1,TO052,0,0,2,cosa,cosa,cosa,NOUN,_
0-2,TO052,0,0,3,mi,mi,mi,PRON,_
0-3,TO052,0,0,4,fa,fa,fare,VERB,_
0-4,TO052,0,0,5,male.,male,male,ADV,Intonation=falling
1-0,TO052,1,1,1,mi,mi,mi,PRON,_
1-1,TO052,1,1,2,sa,sa,sapere,VERB,_
1-2,TO052,1,1,3,che,che,che,SCONJ,_
1-3,TO052,1,1,4,mi,mi,mi,PRON,_
1-4,TO052,1,1,5,comprerò,comprerò,comprare,VERB,_
1-5,TO052,1,1,6,un,un,uno,DET,_
1-6,TO052,1,1,7,telefono::,telefono,telefono,NOUN,_
1-7,TO052,1,1,8-9,(al,al,_,_,_
1-7a,_,_,1,8,_,a,a,ADP,_
1-7b,_,_,1,9,_,il,il,DET,_
1-8,TO052,1,1,10,cinque,cinque,cinque,NUM,_
1-9,TO052,1,1,11,percento,percento,percento,NOUN,_
1-10,TO052,1,1,12,xx.),xx,,X,Intonation=falling
2-0,TO048,2,2,1,tanto,tanto,tanto,ADV,_
2-1,TO048,2,2,2,ti,ti,ti,PRON,_
2-2,TO048,2,2,3,si,si,si,PRON,_
2-3,TO048,2,2,4,romperà,romperà,rompere,VERB,_
2-4,TO048,2,2,5,tra,tra,tra,ADP,_
2-5,TO048,2,2,6,due,due,due,NUM,_
2-6,TO048,2,2,7,giorni,giorni,giorno,NOUN,_
2-7,TO048,2,2,8,(tranquilla[mente)].,tranquillamente,tranquillamente,ADV,Intonation=falling
3-0,TO052,3,3,_,[(tranqu]illa.).,tranquilla..,_,_,_
4-0,TO048,4,4,1,xx,x,,X,_
4-1,TO048,4,4,2,ti,ti,ti,PRON,_
4-2,TO048,4,4,3,sei,sei,essere,AUX,_
4-3,TO048,4,4,4,comprato,comprato,comprare,VERB,_
4-4,TO048,4,4,5,qualcosa:,qualcosa,qualcosa,PRON,_
4-5,TO048,4,4,6,tipo,tipo,tipo,NOUN,_
4-6,TO048,4,4,7,di,di,di,ADP,_
4-7,TO048,4,4,8,elettronico,elettronico,elettronico,ADJ,_
4-8,TO048,4,4,9,xx,x,,X,_
4-9,TO048,4,4,10,xx,x,,X,_
4-10,TO048,4,4,11,ti,ti,ti,PRON,_
4-11,TO048,4,4,12,si,si,si,PRON,_
4-12,TO048,4,4,13,era,era,essere,AUX,_
4-13,TO048,4,4,14,rotto.,rotto,rompere,VERB,Intonation=falling
5-0,TO048,5,5,0,{ride},{ride},_,X,_
6-0,TO052,6,6,1,xxxxx,x,,X,_
7-0,TO050,7,7,1,{ride},{ride},_,_,_
7-1,TO050,7,7,2,x,x,,X,_
7-2,TO050,7,7,3,questo,questo,questo,PRON,_
7-3,TO050,7,7,4,xx,x,,X,_
7-4,TO050,7,7,5,xx.,xx,,X,Intonation=falling
8-0,TO052,8,8,1,eh,eh,eh,INTJ,_
8-1,TO052,8,8,2,xx,x,,X,_
8-2,TO052,8,8,3,"xx,",xx,_,X,Intonation=weakly_rising
9-0,TO048,9,9,0,{ride},{ride},_,X,_
10-0,TO048,10,10,0,{ride},{ride},_,X,_
11-0,TO048,11,11,1,non,non,non,ADV,_
11-1,TO048,11,11,2,è,è,essere,AUX,_
11-2,TO048,11,11,3,così,così,così,ADV,_
11-3,TO048,11,11,4,cattivo.,cattivo,cattivo,ADJ,Intonation=falling
12-0,TO052,12,12,1,e,e,e,CCONJ,_
12-1,TO052,12,12,2,vabbè,vabbè,vabbè,INTJ,_
12-2,TO052,12,12,3,ma,ma,ma,CCONJ,_
12-3,TO052,12,12,4,è,è,essere,VERB,_
12-4,TO052,12,12,5,un',un',uno,DET,Truncated=Yes
12-5,TO052,12,12,6,imitazione.,imitazione,imitazione,NOUN,Intonation=falling
13-0,TO052,13,13,0,{ride},{ride},_,X,_
14-0,TO048,14,14,1,<o,o,o,CCONJ,_
14-1,TO048,14,14,2,buon,buon,buono,ADJ,_
14-2,TO048,14,14,3,"dio:>,",dio,dio,NOUN,Intonation=weakly_rising
15-0,TO052,15,15,1,xx,x,x,X,_
15-1,TO052,15,15,2,xx.,xx,x,X,Intonation=falling
16-0,TO052,16,16,1,mi.,mi,mi,PRON,Intonation=falling
17-0,TO052,17,17,1,°probabilmente,probabilmente,probabilmente,ADV,Volume=low
17-1,TO052,17,17,2,queste,queste,questo,DET,Volume=low
17-2,TO052,17,17,3,cose,cose,cosa,NOUN,Volume=low
17-3,TO052,17,17,4,è,è,essere,AUX,Volume=low
17-4,TO052,17,17,5,stata,stata,essere,VERB,Volume=low
17-5,TO052,17,17,6,più,più,più,ADV,Volume=low
17-6,TO052,17,17,7,xx.°,xx,,X,Intonation=falling|Volume=low
18-0,TO052,18,18,1,no,no,no,ADV,_
18-1,TO052,18,18,2,però,però,però,ADV,_
18-2,TO052,18,18,3-5,prenderesela,prenderesela,_,_,_
18-2a,TO053,19,18,3,,prender,prendere,VERB,
18-2b,TO054,20,18,4,,se ,se,PRON,
18-2c,TO055,21,18,5,,la,la,PRON,
18-3,TO052,18,18,4,con,con,con,ADP,_
18-4,TO052,18,18,5,la,la,il,DET,_
18-5,TO052,18,18,6,faccia,faccia,faccia,NOUN,_
18-6,TO052,18,18,7,di,di,di,ADP,_
18-7,TO052,18,18,8,lui,lui,lui,PRON,_
18-8,TO052,18,18,9,(era),era,essere,VERB,_
18-9,TO052,18,18,10,(non),non,non,ADV,_
18-10,TO052,18,18,11,xx,x,,X,_
18-11,TO052,18,18,12,secondo,secondo,secondo,ADP,_
18-12,TO052,18,18,13,me.,me,me,PRON,Intonation=falling
19-0,TO048,19,19,1,ma,ma,ma,CCONJ,_
19-1,TO048,19,19,2,davvero,davvero,davvero,ADV,_
19-2,TO048,19,19,3,non,non,non,ADV,_
19-3,TO048,19,19,4,sembrava,sembrava,sembrare,VERB,_
19-4,TO048,19,19,5,così,così,così,ADV,_
19-5,TO048,19,19,6,catti[vo,cattivo,cattivo,ADJ,_
19-6,TO048,19,19,7,(secondo,secondo,secondo,ADP,_
19-7,TO048,19,19,8,me)].,me,me,PRON,Intonation=falling
20-0,TO050,20,20,1,[anche,anche,anche,ADV,_
20-1,TO050,20,20,2,perché,perché,perché,SCONJ,_
20-2,TO050,20,20,3,la,la,il,DET,_
20-3,TO050,20,20,4,caricatura,caricatura,caricatura,NOUN,_
20-4,TO050,20,20,5,sta],sta,stare,VERB,_
20-5,TO050,20,20,6-7,nel,nel,_,_,_
20-5a,_,_,20,6,_,in,in,ADP,_
20-5b,_,_,20,7,_,il,il,DET,_
20-6,TO050,20,20,8,ultima,ultima,ultimo,ADJ,_
20-7,TO050,20,20,9,frase,frase,frase,NOUN,_
20-8,TO050,20,20,10-11,nel,nel,_,_,_
20-8a,_,_,20,10,_,in,in,ADP,_
20-8b,_,_,20,11,_,il,il,DET,_
20-9,TO050,20,20,12,dire,dire,dire,VERB,_
20-10,TO050,20,20,13,(te,te,te,PRON,_
20-11,TO050,20,20,14,te,te,te,PRON,_
20-12,TO050,20,20,15,te.),te,te,PRON,Intonation=falling
21-0,TO052,21,21,1,sempre,sempre,sempre,ADV,_
21-1,TO052,21,21,2,fabio,fabio,fabio,PROPN,_
21-2,TO052,21,21,3,volo.,volo,volo,PROPN,Intonation=falling
22-0,TO052,22,22,1,ovviamente,ovviamente,ovviamente,ADV,_
22-1,TO052,22,22,2,no?,no,no,ADV,Intonation=rising
23-0,TO048,23,23,1,{ride},{ride},_,_,_
23-1,TO048,23,23,2,questa,questa,questo,PRON,_
23-2,TO048,23,23,3,è,è,essere,AUX,_
23-3,TO048,23,23,4,bellissima.,bellissima,bello,ADJ,Intonation=falling
24-0,TO050,24,24,1,non,non,non,ADV,_
24-1,TO050,24,24,2,sarà,sarà,essere,VERB,_
24-2,TO050,24,24,3,abbastanz~,abbastanz~,abbastanza,ADV,Interrupted=Yes
25-0,TO052,25,25,1,°xx,x,x,X,Volume=low
25-1,TO052,25,25,2,xx,x,x,X,Volume=low
25-2,TO052,25,25,3,tengo,tengo,tenere,VERB,Volume=low
25-3,TO052,25,25,4,a,a,a,ADP,Volume=low
25-4,TO052,25,25,5,precisare,precisare,precisare,VERB,Volume=low
25-5,TO052,25,25,6,perché,perché,perché,SCONJ,Volume=low
25-6,TO052,25,25,7,lo,lo,lo,PRON,Volume=low
25-7,TO052,25,25,8,so.°,so,sapere,VERB,Intonation=falling|Volume=low
26-0,TO048,26,26,1,xx,x,x,X,_
26-1,TO048,26,26,2,questo,questo,questo,PRON,_
26-2,TO048,26,26,3,è,è,essere,AUX,_
26-3,TO048,26,26,4,capace.,capace,capace,ADJ,Intonation=falling
27-0,TO048,27,27,1,e,e,e,CCONJ,_
27-1,TO048,27,27,2,la,la,il,DET,_
27-2,TO048,27,27,3,(moglie,moglie,moglie,NOUN,_
27-3,TO048,27,27,4,di,di,di,ADP,_
27-4,TO048,27,27,5,Manzo~)?,manzo~,manzo~,PROPN,Intonation=rising|Volume=high
28-0,TO048,28,28,1,ma,ma,ma,CCONJ,_
28-1,TO048,28,28,2,veramente,veramente,veramente,ADV,_
28-2,TO048,28,28,3,seguiva,seguiva,seguire,VERB,_
28-3,TO048,28,28,4,xx,x,x,X,_
28-4,TO048,28,28,5,xx?,xx,_,X,Intonation=rising
29-0,TO050,29,29,1,lei,lei,lei,PRON,_
29-1,TO050,29,29,2,è,è,essere,AUX,_
29-2,TO050,29,29,3,"veramente,",veramente,veramente,ADV,Intonation=weakly_rising
30-0,TO052,30,30,1,allora,allora,allora,ADV,_
30-1,TO052,30,30,2,questo,questo,questo,PRON,_
30-2,TO052,30,30,3,non,non,non,ADV,_
30-3,TO052,30,30,4,va,va,andare,VERB,_
30-4,TO052,30,30,5,più,più,più,ADV,_
30-5,TO052,30,30,6,"bene,",bene,bene,ADV,Intonation=weakly_rising
31-0,TO050,31,31,1,non,non,non,ADV,_
31-1,TO050,31,31,2,ho,ho,avere,AUX,_
31-2,TO050,31,31,3,capito.,capito,capire,VERB,Intonation=falling
32-0,TO048,32,32,1,la,la,il,DET,_
32-1,TO048,32,32,2,peste.,peste,peste,NOUN,Intonation=falling
33-0,TO050,33,33,1,peste,peste,peste,NOUN,_
33-1,TO050,33,33,2,e,e,e,CCONJ,_
33-2,TO050,33,33,3,corna?,corna,corno,NOUN,Intonation=rising
34-0,TO048,34,34,1,la,la,il,DET,_
34-1,TO048,34,34,2,peste.,peste,peste,NOUN,Intonation=falling
35-0,TO048,35,35,1,un,un,uno,DET,_
35-1,TO048,35,35,2,modo,modo,modo,NOUN,_
35-2,TO048,35,35,3,di,di,di,ADP,_
35-3,TO048,35,35,4,dire,dire,dire,VERB,_
35-4,TO048,35,35,5,peste,peste,peste,NOUN,_
35-5,TO048,35,35,6,e,e,e,CCONJ,_
35-6,TO048,35,35,7,co[rna].,corna,corno,NOUN,Intonation=falling
36-0,TO050,36,36,1,[ah],ah,ah,INTJ,_
36-1,TO050,36,36,2,(non,non,non,ADV,_
36-2,TO050,36,36,3,sapevo,sapevo,sapere,VERB,_
36-3,TO050,36,36,4,cosa,cosa,cosa,PRON,_
36-4,TO050,36,36,5,vuol,vuol,volere,AUX,_
36-5,TO050,36,36,6,dire.),dire,dire,VERB,Intonation=falling
37-0,TO048,37,37,1,ah,ah,ah,INTJ,_
37-1,TO048,37,37,2,non,non,non,ADV,_
37-2,TO048,37,37,3,si,si,si,PRON,_
37-3,TO048,37,37,4,possono,possono,potere,AUX,_
37-4,TO048,37,37,5,dire,dire,dire,VERB,_
37-5,TO048,37,37,6,peste,peste,peste,NOUN,_
37-6,TO048,37,37,7,corna,corna,corno,PRON,_
37-7,TO048,37,37,8,(vuol,vuol,volere,AUX,_
37-8,TO048,37,37,9,dire),dire,dire,VERB,_
37-9,TO048,37,37,10,si,si,si,PRON,_
37-10,TO048,37,37,11,possono,possono,potere,AUX,_
37-11,TO048,37,37,12,dire,dire,dire,VERB,_
37-12,TO048,37,37,13,brutte,brutte,brutto,ADJ,_
37-13,TO048,37,37,14,cose,cose,cosa,NOUN,_
37-14,TO048,37,37,15,"(tipo),",tipo,tipo,NOUN,Intonation=weakly_rising
38-0,TO050,38,38,1,a:h.,ah,ah,INTJ,Intonation=falling
39-0,TO048,39,39,1,solo,solo,solo,ADV,_
39-1,TO048,39,39,2,peste.,peste,peste,NOUN,Intonation=falling
40-0,TO050,40,40,1,ah,ah,ah,INTJ,_
40-1,TO050,40,40,2,(okay.),okay,okay,NOUN,Intonation=falling
41-0,TO048,41,41,0,{ride},{ride},_,X,_
42-0,TO048,42,42,1,tante,tante,tanto,DET,_
42-1,TO048,42,42,2,care,care,caro,ADJ,_
42-2,TO048,42,42,3,cose,cose,cosa,NOUN,_
42-3,TO048,42,42,4,è,è,essere,VERB,_
42-4,TO048,42,42,5,di,di,di,ADP,_
42-5,TO048,42,42,6,xx,x,_,X,_
42-6,TO048,42,42,7,memorie,memorie,memoria,NOUN,_
42-7,TO048,42,42,8,comunque.,comunque,comunque,ADV,Intonation=falling
43-0,TO048,43,43,1,di,di,di,ADP,_
43-1,TO048,43,43,2,giulia,giulia,giulia,PROPN,_
43-2,TO048,43,43,3,fiorenti,fiorenti,fiorente,PROPN,_
43-3,TO048,43,43,4,[xx].,xx,_,X,Intonation=falling
44-0,TO052,44,44,1,[tante,tante,tanto,DET,_
44-1,TO052,44,44,2,care,care,caro,ADJ,_
44-2,TO052,44,44,3,c]ose.,cose,cosa,NOUN,Intonation=falling
45-0,TO048,45,45,1,tante,tante,tanto,DET,_
45-1,TO048,45,45,2,care,care,caro,ADJ,_
45-2,TO048,45,45,3,cose.,cose,cosa,NOUN,Intonation=falling
45-3,TO048,45,45,4,{ride},{ride},_,_,_
46-0,TO048,46,46,1,corrado,corrado,corrado,PROPN,_
46-1,TO048,46,46,2,augias.,augias,augias,PROPN,Intonation=falling
47-0,TO050,47,47,1,ma,ma,ma,CCONJ,_
47-1,TO050,47,47,2,tu,tu,tu,PRON,_
47-2,TO050,47,47,3,l',l',il,PRON,Truncated=Yes
47-3,TO050,47,47,4,hai,hai,avere,AUX,_
47-4,TO050,47,47,5,vist(o),visto,visto,VERB,_
47-5,TO050,47,47,6,marina,marina,marina,PROPN,_
47-6,TO050,47,47,7,abramovic?,abramovic,abramovic,PROPN,Intonation=rising
48-0,TO050,48,48,1,imitata:,imitata,imitare,VERB,_
48-1,TO050,48,48,2,{P},{P},_,_,_
48-2,TO050,48,48,3,da,da,da,ADP,_
48-3,TO050,48,48,4,lavinia,lavinia,Lavinia,PROPN,_
48-4,TO050,48,48,5,raff[aele]?,raffaele,raffaele,PROPN,Intonation=rising
49-0,TO048,49,49,1,"[no::::],",no,no,ADV,Intonation=weakly_rising
50-0,TO052,50,50,1,[non,non,non,ADV,_
50-1,TO052,50,50,2,mi,mi,mi,PRON,_
50-2,TO052,50,50,3,ha,ha,avere,AUX,_
50-3,TO052,50,50,4,fatto,fatto,fare,AUX,_
50-4,TO052,50,50,5,ridere,ridere,ridere,VERB,_
50-5,TO052,50,50,6,a,a,a,ADP,_
50-6,TO052,50,50,7,me::],me,me,PRON,_
50-7,TO052,50,50,8,<tanto>,tanto,tanto,ADV,_
50-8,TO052,50,50,9,anche,anche,anche,ADV,_
50-9,TO052,50,50,10,perché,perché,perché,SCONJ,_
50-10,TO052,50,50,11,io,io,io,PRON,_
50-11,TO052,50,50,12,a,a,a,ADP,_
50-12,TO052,50,50,13,lei,lei,lei,PRON,_
50-13,TO052,50,50,14,la,la,il,DET,_
50-14,TO052,50,50,15,marina,marina,marina,PROPN,_
50-15,TO052,50,50,16,abra~,abra~,abramovic,PROPN,Interrupted=Yes
50-16,TO052,50,50,17,<abramovic>,abramovic,abramovic,PROPN,_
50-17,TO052,50,50,18,non,non,non,ADV,_
50-18,TO052,50,50,19,la,la,la,PRON,_
50-19,TO052,50,50,20,conosco,conosco,conoscere,VERB,_
50-20,TO052,50,50,21,bene,bene,bene,ADV,_
50-21,TO052,50,50,22,poi,poi,poi,ADV,_
50-22,TO052,50,50,23,sono,sono,essere,AUX,_
50-23,TO052,50,50,24,andato,andato,andare,VERB,_
50-24,TO052,50,50,25,a,a,a,ADP,_
50-25,TO052,50,50,26-27,vederla,vederla,_,_,_
50-25a,_,_,50,26,_,veder,vedere,VERB,_
50-25b,_,_,50,27,_,la,la,PRON,_
50-26,TO052,50,50,28,"ma,",ma,ma,CCONJ,Intonation=weakly_rising
51-0,TO048,51,51,1,(questo,questo,questo,PRON,_
51-1,TO048,51,51,2,qual,qual,qual,PRON,_
51-2,TO048,51,51,3,è?),è,essere,AUX,Intonation=rising
52-0,TO051,52,52,1,(questo,questo,questo,PRON,_
52-1,TO051,52,52,2,è,è,essere,AUX,_
52-2,TO051,52,52,3,xx,x,x,X,_
52-3,TO051,52,52,4,xx.),xx,x,X,Intonation=falling
53-0,TO048,53,53,1,madonna,madonna,madonna,NOUN,_
53-1,TO048,53,53,2,è,è,essere,AUX,_
53-2,TO048,53,53,3,uguale.,uguale,uguale,ADJ,Intonation=falling
54-0,TO048,54,54,1,visto?,visto,vedere,VERB,Intonation=rising
55-0,TO048,55,55,1,{ride},{ride},_,_,_
55-1,TO048,55,55,2,sta,sta,stare,AUX,_
55-2,TO048,55,55,3,mangiando,mangiando,mangiare,VERB,_
55-3,TO048,55,55,4,"una,",una,uno,DET,Intonation=weakly_rising
55-4,TO048,55,55,5,{ride},{ride},_,_,_
56-0,TO048,56,56,1,(cipolla.),cipolla,cipolla,NOUN,Intonation=falling
56-1,TO048,56,56,2,{ride},{ride},_,_,_
57-0,TO048,57,57,1,(che,che,che,DET,_
57-1,TO048,57,57,2,schifo.),schifo,schifo,NOUN,Intonation=falling
58-0,TO048,58,58,1,{ride},{ride},_,_,_
58-1,TO048,58,58,2,che,che,che,DET,_
58-2,TO048,58,58,3,schifo.,schifo,schifo,NOUN,Intonation=falling
59-0,TO050,59,59,1,(ma,ma,ma,CCONJ,_
59-1,TO050,59,59,2,che,che,che,PRON,_
59-2,TO050,59,59,3,è,è,essere,AUX,_
59-3,TO050,59,59,4,xx.,xx,_,ADJ,Intonation=falling
59-4,TO050,59,59,5,xx,x,x,X,_
59-5,TO050,59,59,6,una,una,uno,DET,_
59-6,TO050,59,59,7,cipolla,cipolla,cipolla,NOUN,_
59-7,TO050,59,59,8,vera.),vera,vero,ADJ,Intonation=falling
60-0,TO052,60,60,1,secondo,secondo,secondo,ADP,_
60-1,TO052,60,60,2,me,me,me,PRON,_
60-2,TO052,60,60,3,era,era,essere,AUX,_
60-3,TO052,60,60,4,una,una,uno,DET,_
60-4,TO052,60,60,5,cipolla,cipolla,cipolla,NOUN,_
60-5,TO052,60,60,6,vera.,vera,vero,ADJ,Intonation=falling
61-0,TO048,61,61,1,(è),è,essere,AUX,_
61-1,TO048,61,61,2,uguale.,uguale,uguale,ADJ,Intonation=falling
62-0,TO048,62,62,1,le,le,le,PRON,_
62-1,TO048,62,62,2,somiglia,somiglia,somiglio,NOUN,_
62-2,TO048,62,62,3,tantissimo,tantissimo,tanto,ADJ,_
62-3,TO048,62,62,4,hai,hai,avere,AUX,_
62-4,TO048,62,62,5,visto,visto,vedere,VERB,_
62-5,TO048,62,62,6,come,come,come,SCONJ,_
62-6,TO048,62,62,7,fa?,fa,fare,VERB,Intonation=rising
63-0,TO050,63,63,1,beh,beh,beh,INTJ,_
63-1,TO050,63,63,2,trucco,trucco,trucco,NOUN,_
63-2,TO050,63,63,3,però,però,però,ADV,_
63-3,TO050,63,63,4,poi,poi,poi,ADV,_
63-4,TO050,63,63,5,è,è,essere,AUX,_
63-5,TO050,63,63,6,proprio,proprio,proprio,ADV,_
63-6,TO050,63,63,7,brava,brava,bravo,ADJ,_
63-7,TO050,63,63,8,{P},{P},_,_,_
63-8,TO050,63,63,9,con,con,con,ADP,_
63-9,TO050,63,63,10,le,le,il,DET,_
63-10,TO050,63,63,11,espres[sioni].,espressioni,espressione,NOUN,Intonation=falling
64-0,TO048,64,64,1,[<es]a[tto>].,esatto,esatto,ADJ,Intonation=falling
65-0,TO052,65,65,1,[è,è,essere,AUX,_
65-1,TO052,65,65,2,brava],brava,bravo,ADJ,_
65-2,TO052,65,65,3,che,che,che,SCONJ,_
65-3,TO052,65,65,4,non,non,non,ADV,_
65-4,TO052,65,65,5,significa,significa,significare,VERB,_
65-5,TO052,65,65,6,che,che,che,SCONJ,_
65-6,TO052,65,65,7,faccia,faccia,fare,VERB,_
65-7,TO052,65,65,8,ridere,ridere,ridere,VERB,_
65-8,TO052,65,65,9,cioè:,cioè,cioé,ADV,_
65-9,TO052,65,65,10,michela,michela,michela,PROPN,_
65-10,TO052,65,65,11,murgia,murgia,murgia,PROPN,_
65-11,TO052,65,65,12,è,è,essere,AUX,_
65-12,TO052,65,65,13,l',l',il,DET,Truncated=Yes
65-13,TO052,65,65,14,unica,unica,unico,ADJ,_
65-14,TO052,65,65,15,che,che,che,SCONJ,_
65-15,TO052,65,65,16,mi,mi,mi,PRON,_
65-16,TO052,65,65,17,fa::,fa,fare,AUX,_
65-17,TO052,65,65,18,"[(ridere)],",ridere,ridere,VERB,Intonation=weakly_rising
66-0,TO050,66,66,1,[ma,ma,ma,CCONJ,_
66-1,TO050,66,66,2,(perché)],perché,perché,SCONJ,_
66-2,TO050,66,66,3,la,la,la,PRON,_
66-3,TO050,66,66,4,conosci,conosci,conoscere,VERB,_
66-4,TO050,66,66,5,bene,bene,bene,ADV,_
66-5,TO050,66,66,6,(secondo,secondo,secondo,ADP,_
66-6,TO050,66,66,7,me.),me,me,PRON,Intonation=falling
67-0,TO050,67,67,1,°xxxx,x,x,X,Volume=low
67-1,TO050,67,67,2,xxxx°,x,x,X,Volume=low
68-0,TO048,68,68,0,°{ride}°,{ride},_,X,Volume=low
69-0,TO048,69,69,1,proprio,proprio,proprio,ADV,_
69-1,TO048,69,69,2,"inquietante,",inquietante,inquietante,ADJ,Intonation=weakly_rising
69-2,TO048,69,69,3,{ride},{ride},_,_,_
69-3,TO048,69,69,4,xx,x,x,X,_
69-4,TO048,69,69,5,xx,x,x,X,_
69-5,TO048,69,69,6,{ride},{ride},_,_,_
70-0,TO052,70,70,1,"perxxzione,",perxxzione,_,X,Intonation=weakly_rising
70-1,TO052,70,70,2,{ride},{ride},_,_,_
71-0,TO048,71,71,1,o,o,o,CCONJ,_
71-1,TO048,71,71,2,mio,mio,mio,DET,_
71-2,TO048,71,71,3,xx,x,,X,_
71-3,TO048,71,71,4,xx,x,,X,_
71-4,TO048,71,71,5,{ride},{ride},_,_,_
72-0,TO048,72,72,0,{ride},{ride},_,X,_
73-0,TO050,73,73,1,xxxxxx,x,x,X,_
74-0,TO048,74,74,0,{ride},{ride},_,X,_
75-0,TO052,75,75,1,si,si,si,PRON,_
75-1,TO052,75,75,2,x,x,x,X,_
75-2,TO052,75,75,3,è,è,essere,AUX,_
75-3,TO052,75,75,4,più,più,più,ADV,_
75-4,TO052,75,75,5,professionale,professionale,professionale,ADJ,_
75-5,TO052,75,75,6,di,di,di,ADP,_
75-6,TO052,75,75,7,crozza,crozza,crozza,PROPN,_
75-7,TO052,75,75,8,crozza,crozza,crozza,PROPN,_
75-8,TO052,75,75,9,avrebbe,avrebbe,avere,AUX,_
75-9,TO052,75,75,10,riso,riso,ridere,VERB,_
75-10,TO052,75,75,11,[qua].,qua,qua,ADV,Intonation=falling
76-0,TO050,76,76,1,[sì].,sì,sì,ADV,Intonation=falling
77-0,TO048,77,77,1,comunque,comunque,comunque,ADV,_
77-1,TO048,77,77,2,anche,anche,anche,ADV,_
77-2,TO048,77,77,3,la,la,il,DET,_
77-3,TO048,77,77,4,faccia,faccia,faccia,NOUN,_
77-4,TO048,77,77,5,di,di,di,ADP,_
77-5,TO048,77,77,6,lui,lui,lui,PRON,_
77-6,TO048,77,77,7,di,di,di,ADP,_
77-7,TO048,77,77,8,lui,lui,lui,PRON,_
77-8,TO048,77,77,9,xx,x,x,X,_
77-9,TO048,77,77,10,xx.,xx,x,X,Intonation=falling
78-0,TO050,78,78,1,mh,mh,mh,INTJ,_
78-1,TO050,78,78,2,"mh,",mh,mh,INTJ,Intonation=weakly_rising
79-0,TO048,79,79,1,un,un,uno,DET,_
79-1,TO048,79,79,2,gallo.,gallo,gallo,NOUN,Intonation=falling
80-0,TO052,80,80,1,sì,sì,sì,ADV,_
80-1,TO052,80,80,2,x,x,x,X,_
80-2,TO052,80,80,3,di,di,di,ADP,_
80-3,TO052,80,80,4,lui,lui,lui,PRON,_
80-4,TO052,80,80,5,io,io,io,PRON,_
80-5,TO052,80,80,6,avrei,avrei,avere,AUX,_
80-6,TO052,80,80,7,riso.,riso,ridere,VERB,Intonation=falling
81-0,TO048,81,81,0,{ride},{ride},_,X,_
82-0,TO048,82,82,1,xx,x,x,X,_
82-1,TO048,82,82,2,xx,x,x,X,_
82-2,TO048,82,82,3,{ride},{ride},_,_,_
83-0,TO048,83,83,1,{ride},{ride},_,_,_
83-1,TO048,83,83,2,xx,x,x,X,_
83-2,TO048,83,83,3,xx,x,x,X,_
83-3,TO048,83,83,4,xx,x,x,X,_
83-4,TO048,83,83,5,{ride},{ride},_,_,_
84-0,TO048,84,84,1,c',c',ci,PRON,Truncated=Yes
84-1,TO048,84,84,2,è,è,essere,VERB,_
84-2,TO048,84,84,3,quell',quell',quello,DET,Truncated=Yes
84-3,TO048,84,84,4,attimo,attimo,attimo,NOUN,_
84-4,TO048,84,84,5,c',c',ci,PRON,Truncated=Yes
84-5,TO048,84,84,6,è,è,essere,AUX,_
84-6,TO048,84,84,7,stato,stato,essere,VERB,_
84-7,TO048,84,84,8,quell',quell',quello,DET,Truncated=Yes
84-8,TO048,84,84,9,attimo.,attimo,attimo,NOUN,Intonation=falling
85-0,TO048,85,85,1,{ride},{ride},_,_,_
85-1,TO048,85,85,2,"energie,",energie,energia,NOUN,Intonation=weakly_rising
86-0,TO048,86,86,0,{ride},{ride},_,X,_
87-0,TO048,87,87,1,{ride},{ride},_,_,_
87-1,TO048,87,87,2,non,non,non,ADV,_
87-2,TO048,87,87,3,ce,ce,ce,PRON,_
87-3,TO048,87,87,4,la,la,la,PRON,_
87-4,TO048,87,87,5,faccio.,faccio,fare,VERB,Intonation=falling
88-0,TO052,88,88,0,{ride},{ride},_,X,_
89-0,TO048,89,89,0,{ride},{ride},_,X,_
90-0,TO048,90,90,0,{ride},{ride},_,X,_
91-0,TO048,91,91,1-2,"dai:::,",dai,dare,VERB,Intonation=weakly_rising
92-0,TO048,92,92,0,{ride},{ride},_,X,_
93-0,TO050,93,93,1,ma,ma,ma,CCONJ,_
93-1,TO050,93,93,2,poi,poi,poi,ADV,_
93-2,TO050,93,93,3,lui,lui,lui,PRON,_
93-3,TO050,93,93,4,è,è,essere,AUX,_
93-4,TO050,93,93,5,una,una,uno,DET,_
93-5,TO050,93,93,6,spalla,spalla,spalla,NOUN,_
93-6,TO050,93,93,7,ottima,ottima,ottimo,ADJ,_
93-7,TO050,93,93,8,(comunque.),comunque,comunque,ADV,Intonation=falling
94-0,TO048,94,94,1,xxxxxx,x,,X,_
95-0,TO050,95,95,1,performance.,performance,performance,NOUN,Intonation=falling
96-0,TO048,96,96,1,performance.,performance,performance,NOUN,Intonation=falling
97-0,TO050,97,97,1,performance.,performance,performance,NOUN,Intonation=falling
98-0,TO048,98,98,0,{ride},{ride},_,X,_
99-0,TO048,99,99,1,xx,x,x,X,_
99-1,TO048,99,99,2,x.,x,x,X,Intonation=falling
100-0,TO048,100,100,1,xxx[x],x,x,X,_
101-0,TO052,101,101,1,[x]x,x,x,X,_
102-0,TO048,102,102,1,peggiore,peggiore,peggiore,ADJ,_
102-1,TO048,102,102,2-3,delle,delle,_,_,_
102-1a,_,_,102,2,_,di,di,ADP,_
102-1b,_,_,102,3,_,le,il,DET,_
102-2,TO048,102,102,4,aspettative.,aspettative,aspettativa,NOUN,Intonation=falling
103-0,TO050,103,103,1,ah.,ah,ah,INTJ,Intonation=falling
104-0,TO050,104,104,1,xxxx,x,x,X,_
105-0,TO048,105,105,1,xxxx,x,x,X,_
106-0,TO050,106,106,1,xx,x,x,X,_
106-1,TO050,106,106,2,è,è,essere,AUX,_
106-2,TO050,106,106,3,chiuso.,chiuso,chiudere,VERB,Intonation=falling
107-0,TO050,107,107,1,xxxxx,x,x,X,_
108-0,TO050,108,108,1,xxx,x,x,X,_
109-0,TO048,109,109,0,{ride},{ride},_,X,_
110-0,TO048,110,110,1,xxxxxxxx,x,,X,_
111-0,TO050,111,111,1,°che,che,che,PRON,Volume=low
111-1,TO050,111,111,2,cos',cos',cosa,NOUN,Truncated=Yes|Volume=low
111-2,TO050,111,111,3,è?°,è,essere,AUX,Intonation=rising|Volume=low
112-0,TO048,112,112,1,che,che,che,PRON,_
112-1,TO048,112,112,2,è,è,essere,AUX,_
112-2,TO048,112,112,3,successo?,successo,succedere,VERB,Intonation=rising
113-0,TO048,113,113,0,{ride},{ride},_,X,_
114-0,TO048,114,114,1,fa,fa,fare,ADV,_
114-1,TO048,114,114,2,freddissimo.,freddissimo,freddo,ADJ,Intonation=falling
115-0,TO050,115,115,1,performance.,performance,performance,NOUN,Intonation=falling
116-0,TO050,116,116,1,performance.,performance,performance,NOUN,Intonation=falling
117-0,TO050,117,117,1,performance.,performance,performance,NOUN,Intonation=falling
118-0,TO052,118,118,1,la,la,il,DET,_
118-1,TO052,118,118,2,gente,gente,gente,NOUN,_
118-2,TO052,118,118,3,pensava,pensava,pensare,VERB,_
118-3,TO052,118,118,4,che,che,che,SCONJ,_
118-4,TO052,118,118,5,io::,io,io,PRON,_
118-5,TO052,118,118,6,xxx,x,x,X,_
118-6,TO052,118,118,7,xxmente,xxmente,_,X,_
118-7,TO052,118,118,8,quando,quando,quando,SCONJ,_
118-8,TO052,118,118,9,(ero,ero,essere,AUX,_
118-9,TO052,118,118,10,piccolo),piccolo,piccolo,ADJ,_
118-10,TO052,118,118,11,tante,tante,tanto,DET,_
118-11,TO052,118,118,12,"persone,",persone,persona,NOUN,Intonation=weakly_rising
119-0,TO050,119,119,1,che,che,che,SCONJ,_
119-1,TO050,119,119,2,faceva[no]?,facevano,fare,VERB,Intonation=rising
120-0,TO052,120,120,1,[perc]hé,perché,perché,SCONJ,_
120-1,TO052,120,120,2,"io,",io,io,PRON,Intonation=weakly_rising
121-0,TO052,121,121,1,perché,perché,perché,SCONJ,_
121-1,TO052,121,121,2,io::,io,io,PRON,_
121-2,TO052,121,121,3,tante,tante,tanto,DET,_
121-3,TO052,121,121,4,volte,volte,volta,NOUN,_
121-4,TO052,121,121,5,rido,rido,ridere,VERB,_
121-5,TO052,121,121,6,{P},{P},_,_,_
121-6,TO052,121,121,7,e,e,e,CCONJ,_
121-7,TO052,121,121,8,poi,poi,poi,ADV,_
121-8,TO052,121,121,9,mi,mi,mi,PRON,_
121-9,TO052,121,121,10,blocco,blocco,bloccare,VERB,_
121-10,TO052,121,121,11,di,di,di,ADP,_
121-11,TO052,121,121,12,botto,botto,botto,NOUN,_
121-12,TO052,121,121,13,ma,ma,ma,CCONJ,_
121-13,TO052,121,121,14,non,non,non,ADV,_
121-14,TO052,121,121,15,lo,lo,lo,PRON,_
121-15,TO052,121,121,16,faccio,faccio,fare,VERB,_
121-16,TO052,121,121,17,apposta.,apposta,apposta,ADV,Intonation=falling
122-0,TO052,122,122,1,cioè,cioè,cioè,CCONJ,_
122-1,TO052,122,122,2,non,non,non,ADV,_
122-2,TO052,122,122,3,ho,ho,avere,VERB,_
122-3,TO052,122,122,4,la,la,il,DET,_
122-4,TO052,122,122,5,la,la,la,DET,_
122-5,TO052,122,122,6,la,la,il,DET,ProsodicLink=Yes
122-6,TO052,122,122,7,"m::h,",mh,mh,INTJ,Intonation=weakly_rising
123-0,TO052,123,123,1,e,e,e,CCONJ,_
123-1,TO052,123,123,2,tante,tante,tanto,DET,_
123-2,TO052,123,123,3,persone,persone,persona,NOUN,_
123-3,TO052,123,123,4,lo,lo,lo,PRON,_
123-4,TO052,123,123,5,trovavano,trovavano,trovare,VERB,_
123-5,TO052,123,123,6,strano,strano,strano,ADJ,_
123-6,TO052,123,123,7,anche,anche,anche,ADV,_
123-7,TO052,123,123,8,una,una,uno,DET,_
123-8,TO052,123,123,9,mia,mia,mio,DET,_
123-9,TO052,123,123,10,fidanzata,fidanzata,fidanzato,NOUN,_
123-10,TO052,123,123,11-12,del,del,_,_,_
123-10a,_,_,123,11,_,di,di,ADP,_
123-10b,_,_,123,12,_,il,il,DET,_
123-11,TO052,123,123,13,liceo.,liceo,liceo,NOUN,Intonation=falling
124-0,TO048,124,124,0,{ride},{ride},_,X,_
125-0,TO052,125,125,1,pensava,pensava,pensare,VERB,_
125-1,TO052,125,125,2,che,che,che,SCONJ,_
125-2,TO052,125,125,3,la,la,il,DET,_
125-3,TO052,125,125,4,prendessi,prendessi,prendere,VERB,_
125-4,TO052,125,125,5,in,in,in,ADP,_
125-5,TO052,125,125,6,giro:,giro,giro,NOUN,_
125-6,TO052,125,125,7,che,che,che,PRON,_
125-7,TO052,125,125,8,lo,lo,lo,PRON,_
125-8,TO052,125,125,9,facessi,facessi,fare,VERB,_
125-9,TO052,125,125,10,apposta.,apposta,apposta,ADV,Intonation=falling
126-0,TO052,126,126,1,perché,perché,perché,SCONJ,_
126-1,TO052,126,126,2,tante,tante,tanto,DET,_
126-2,TO052,126,126,3,volte,volte,volta,NOUN,_
126-3,TO052,126,126,4,non,non,non,ADV,_
126-4,TO052,126,126,5,ho:,ho,avere,VERB,_
126-5,TO052,126,126,6-7,della,della,_,_,_
126-5a,_,_,126,6,_,di,di,ADP,_
126-5b,_,_,126,7,_,la,il,DET,_
126-6,TO052,126,126,8,risata,risata,risata,NOUN,_
126-7,TO052,126,126,9,ah,ah,ah,INTJ,_
126-8,TO052,126,126,10,ah,ah,ah,INTJ,_
126-9,TO052,126,126,11,"ah,",ah,ah,INTJ,Intonation=weakly_rising
127-0,TO052,127,127,1,non,non,non,ADV,_
127-1,TO052,127,127,2,ho,ho,avere,VERB,_
127-2,TO052,127,127,3,la,la,il,DET,_
127-3,TO052,127,127,4,la,la,il,DET,_
127-4,TO052,127,127,5,fase,fase,fase,NOUN,_
127-5,TO052,127,127,6,intermedia,intermedia,intermedio,ADJ,_
127-6,TO052,127,127,7,che,che,che,PRON,_
127-7,TO052,127,127,8,hanno,hanno,avere,VERB,_
127-8,TO052,127,127,9,tutti,tutti,tutto,PRON,_
127-9,TO052,127,127,10,prima,prima,prima,ADV,_
127-10,TO052,127,127,11,di,di,di,ADP,_
127-11,TO052,127,127,12,tornare,tornare,tornare,VERB,_
127-12,TO052,127,127,13,seri.,seri,serio,ADJ,Intonation=falling
128-0,TO052,128,128,1,vedi,vedi,vedere,VERB,_
128-1,TO052,128,128,2,che,che,che,SCONJ,_
128-2,TO052,128,128,3,sto,sto,stare,AUX,_
128-3,TO052,128,128,4,"facendo,",facendo,facere,VERB,Intonation=weakly_rising
129-0,TO048,129,129,1,perché?,perché,perché,SCONJ,Intonation=rising
129-1,TO048,129,129,2,{ride},{ride},_,_,_
130-0,TO052,130,130,1,non,non,non,ADV,_
130-1,TO052,130,130,2,lo,lo,lo,PRON,_
130-2,TO052,130,130,3,so.,so,sapere,VERB,Intonation=falling
131-0,TO048,131,131,1,°xx,x,x,X,Volume=low
131-1,TO048,131,131,2,xx,x,x,X,Volume=low
131-2,TO048,131,131,3,xx,x,x,X,Volume=low
131-3,TO048,131,131,4,che,che,che,PRON,Volume=low
131-4,TO048,131,131,5,piange,piange,piangere,VERB,Volume=low
131-5,TO048,131,131,6,e,e,e,CCONJ,Volume=low
131-6,TO048,131,131,7,ride,ride,ridere,VERB,Volume=low
131-7,TO048,131,131,8,{P},{P},_,_,Volume=low
131-8,TO048,131,131,9,che,che,che,SCONJ,Volume=low
131-9,TO048,131,131,10,ride,ride,ridere,VERB,Volume=low
131-10,TO048,131,131,11,e,e,e,CCONJ,Volume=low
131-11,TO048,131,131,12,piange.°,piange,piangere,VERB,Intonation=falling|Volume=low
132-0,TO052,132,132,1,°che,che,che,SCONJ,Volume=low
132-1,TO052,132,132,2,piange,piange,piangere,VERB,Volume=low
132-2,TO052,132,132,3,e,e,e,CCONJ,Volume=low
132-3,TO052,132,132,4,ride.°,ride,ridere,VERB,Intonation=falling|Volume=low
133-0,TO048,133,133,1,performance.,performance,performance,NOUN,Intonation=falling
134-0,TO052,134,134,1,che,che,che,SCONJ,_
134-1,TO052,134,134,2,ridere.,ridere,ridere,VERB,Intonation=falling
135-0,TO048,135,135,1-2,"dai::,",dai,dare,VERB,Intonation=weakly_rising
136-0,TO052,136,136,1,no,no,no,ADV,_
136-1,TO052,136,136,2,parla,parla,parlare,VERB,_
136-2,TO052,136,136,3,un,un,uno,DET,_
136-3,TO052,136,136,4,po',po',poco,ADV,_
136-4,TO052,136,136,5,tu:,tu,tu,PRON,_
136-5,TO052,136,136,6,che,che,che,PRON,_
136-6,TO052,136,136,7,io,io,io,PRON,_
136-7,TO052,136,136,8,ho,ho,avere,VERB,_
136-8,TO052,136,136,9,[già,già,già,ADV,_
136-9,TO052,136,136,10,parlato].,parlato,parlare,ADJ,Intonation=falling
137-0,TO048,137,137,1,[no,no,no,ADV,_
137-1,TO048,137,137,2-3,dai,dai,dare,VERB,_
137-1a,_,_,137,2,_,da,da,ADP,_
137-1b,_,_,137,3,_,i,il,DET,_
137-2,TO048,137,137,4,il,il,il,DET,_
137-3,TO048,137,137,5,conve]gno,convegno,convegno,NOUN,_
137-4,TO048,137,137,6,IL,il,il,DET,Volume=high
137-5,TO048,137,137,7,CONVEGNO.,convegno,convegno,NOUN,Intonation=falling|Volume=high
138-0,TO048,138,138,1,CONVEGNO::.,convegno,convegno,NOUN,Intonation=falling|Volume=high
139-0,TO052,139,139,1,allora,allora,allora,ADV,_
139-1,TO052,139,139,2,"e::h,",eh,eh,INTJ,Intonation=weakly_rising
140-0,TO050,140,140,1,convegno?,convegno,convegno,NOUN,Intonation=rising
141-0,TO050,141,141,1,convegnus.,convegnus,convegnus,NOUN,Intonation=falling
142-0,TO052,142,142,1,allora,allora,allora,ADV,_
142-1,TO052,142,142,2,arrivo,arrivo,arrivo,NOUN,_
142-2,TO052,142,142,3,"là,",là,là,ADV,Intonation=weakly_rising
143-0,TO052,143,143,1,e:h,eh,eh,INTJ,_
143-1,TO052,143,143,2,{P},{P},_,_,_
143-2,TO052,143,143,3,e:h,eh,eh,INTJ,ProsodicLink=Yes
143-3,TO052,143,143,4,meno,meno,meno,ADV,_
143-4,TO052,143,143,5,male,male,male,ADV,_
143-5,TO052,143,143,6,che:,che,che,SCONJ,_
143-6,TO052,143,143,7,ho,ho,avere,AUX,_
143-7,TO052,143,143,8,preso,preso,prendere,VERB,_
143-8,TO052,143,143,9,il,il,il,DET,_
143-9,TO052,143,143,10,bi~,bi~,_,X,Interrupted=Yes
143-10,TO052,143,143,11,l',l',il,DET,Truncated=Yes
143-11,TO052,143,143,12,aereo,aereo,aereo,NOUN,_
143-12,TO052,143,143,13,che,che,che,PRON,_
143-13,TO052,143,143,14,arrivava,arrivava,arrivare,VERB,_
143-14,TO052,143,143,15-16,alle,alle,_,_,_
143-14a,_,_,143,15,_,a,a,ADP,_
143-14b,_,_,143,16,_,le,il,DET,_
143-15,TO052,143,143,17,sei,sei,sei,NUM,_
143-16,TO052,143,143,18,non,non,non,ADV,_
143-17,TO052,143,143,19,quello,quello,quello,PRON,_
143-18,TO052,143,143,20,che,che,che,PRON,_
143-19,TO052,143,143,21,arrivava,arrivava,arrivare,VERB,_
143-20,TO052,143,143,22,a,a,a,ADP,_
143-21,TO052,143,143,23,mezzanotte,mezzanotte,mezzanotte,NOUN,_
143-22,TO052,143,143,24,perché,perché,perché,SCONJ,_
143-23,TO052,143,143,25,arrivo,arrivo,arrivare,VERB,_
143-24,TO052,143,143,26,in,in,in,ADP,_
143-25,TO052,143,143,27,"albergo,",albergo,albergo,NOUN,Intonation=weakly_rising
144-0,TO052,144,144,1,e,e,e,CCONJ,_
144-1,TO052,144,144,2,la,la,il,DET,_
144-2,TO052,144,144,3,si~,si~,si~,PROPN,Interrupted=Yes
144-3,TO052,144,144,4,io,io,io,PRON,_
144-4,TO052,144,144,5,cerco,cerco,cercare,VERB,_
144-5,TO052,144,144,6,di,di,di,ADP,_
144-6,TO052,144,144,7,spiegare,spiegare,spiegare,VERB,_
144-7,TO052,144,144,8,in,in,in,ADP,_
144-8,TO052,144,144,9,inglese,inglese,inglese,NOUN,_
144-9,TO052,144,144,10,che,che,che,SCONJ,_
144-10,TO052,144,144,11,avevo,avevo,avere,VERB,_
144-11,TO052,144,144,12,una,una,uno,DET,_
144-12,TO052,144,144,13,stanza,stanza,stanza,NOUN,_
144-13,TO052,144,144,14,prenotata,prenotata,prenotato,ADJ,_
144-14,TO052,144,144,15,e,e,e,CCONJ,_
144-15,TO052,144,144,16,mi,mi,mi,PRON,_
144-16,TO052,144,144,17,dicono,dicono,dire,VERB,_
144-17,TO052,144,144,18,che,che,che,SCONJ,_
144-18,TO052,144,144,19,la,la,il,DET,_
144-19,TO052,144,144,20,stanza,stanza,stanza,NOUN,_
144-20,TO052,144,144,21,non,non,non,ADV,_
144-21,TO052,144,144,22,c',c',ci,PRON,Truncated=Yes
144-22,TO052,144,144,23,è.,è,essere,VERB,Intonation=falling
145-0,TO052,145,145,1,di:co,dico,dire,VERB,_
145-1,TO052,145,145,2,come,come,come,ADP,_
145-2,TO052,145,145,3,mai?,mai,mai,ADV,Intonation=rising
146-0,TO052,146,146,1,e::h,eh,eh,INTJ,_
146-1,TO052,146,146,2,pratica~,pratica~,_,X,Interrupted=Yes
146-2,TO052,146,146,3,po:i,poi,poi,ADV,_
146-3,TO052,146,146,4,non,non,non,ADV,_
146-4,TO052,146,146,5,sapevo,sapevo,sapere,VERB,_
146-5,TO052,146,146,6,che,che,che,SCONJ,_
146-6,TO052,146,146,7,cazzo,cazzo,cazzo,NOUN,_
146-7,TO052,146,146,8,fare,fare,fare,VERB,_
146-8,TO052,146,146,9,mi,mi,mi,PRON,_
146-9,TO052,146,146,10,"siedo,",siedo,sedere,VERB,Intonation=weakly_rising
147-0,TO052,147,147,1,a,a,a,ADP,_
147-1,TO052,147,147,2,un,un,uno,DET,_
147-2,TO052,147,147,3,certo,certo,certo,ADJ,_
147-3,TO052,147,147,4,punto,punto,punto,NOUN,_
147-4,TO052,147,147,5,inc~,inc~,,X,Interrupted=Yes
147-5,TO052,147,147,6,vedo,vedo,vedere,VERB,_
147-6,TO052,147,147,7,verdi,verdi,Verdi,PROPN,_
147-7,TO052,147,147,8,da,da,da,ADP,_
147-8,TO052,147,147,9,da,da,da,ADP,_
147-9,TO052,147,147,10,lontano,lontano,lontano,ADV,_
147-10,TO052,147,147,11,e,e,e,CCONJ,_
147-11,TO052,147,147,12,allora,allora,allora,ADV,_
147-12,TO052,147,147,13,vado,vado,andare,VERB,_
147-13,TO052,147,147,14,e,e,e,CCONJ,_
147-14,TO052,147,147,15,c',c',ci,PRON,Truncated=Yes
147-15,TO052,147,147,16,è,è,essere,VERB,_
147-16,TO052,147,147,17,verdi,verdi,Verdi,PROPN,_
147-17,TO052,147,147,18,con,con,con,ADP,_
147-18,TO052,147,147,19,gli,gli,il,DET,_
147-19,TO052,147,147,20,"altri,",altri,altro,PRON,Intonation=weakly_rising
148-0,TO052,148,148,1,praticamente,praticamente,praticamente,ADV,_
148-1,TO052,148,148,2,questo,questo,questo,DET,_
148-2,TO052,148,148,3,problema,problema,problema,NOUN,_
148-3,TO052,148,148,4,l',l',lo,PRON,Truncated=Yes
148-4,TO052,148,148,5,ha,ha,avere,AUX,_
148-5,TO052,148,148,6,avuto,avuto,avere,VERB,_
148-6,TO052,148,148,7,anche,anche,anche,ADV,_
148-7,TO052,148,148,8,un,un,uno,DET,_
148-8,TO052,148,148,9,altro,altro,altro,ADJ,_
148-9,TO052,148,148,10,ragazzo,ragazzo,ragazzo,NOUN,_
148-10,TO052,148,148,11,"che,",che,che,PRON,Intonation=weakly_rising
149-0,TO052,149,149,1,noi,noi,noi,PRON,_
149-1,TO052,149,149,2,pensavamo,pensavamo,pensare,VERB,_
149-2,TO052,149,149,3,che,che,che,SCONJ,_
149-3,TO052,149,149,4,lo,lo,lo,PRON,_
149-4,TO052,149,149,5,prenotava,prenotava,prenotare,VERB,_
149-5,TO052,149,149,6,l',l',il,DET,Truncated=Yes
149-6,TO052,149,149,7,organizzazione,organizzazione,organizzazione,NOUN,_
149-7,TO052,149,149,8,quando,quando,quando,SCONJ,_
149-8,TO052,149,149,9,ce,ce,ce,PRON,_
149-9,TO052,149,149,10,l',l',lo,PRON,Truncated=Yes
149-10,TO052,149,149,11,aveva,aveva,avere,AUX,_
149-11,TO052,149,149,12,chiesto,chiesto,chiedere,VERB,_
149-12,TO052,149,149,13,volete,volete,volere,VERB,_
149-13,TO052,149,149,14,la,la,la,DET,_
149-14,TO052,149,149,15,la,la,la,DET,_
149-15,TO052,149,149,16,la,la,il,DET,_
149-16,TO052,149,149,17,stanza,stanza,stanza,NOUN,_
149-17,TO052,149,149,18-19,al,al,_,_,_
149-17a,_,_,149,18,_,a,a,ADP,_
149-17b,_,_,149,19,_,il,il,DET,_
149-18,TO052,149,149,20-21,al,al,_,_,_
149-18a,_,_,149,20,_,a,a,ADP,_
149-18b,_,_,149,21,_,il,il,DET,_
149-19,TO052,149,149,22,nuovo,nuovo,nuovo,ADJ,_
149-20,TO052,149,149,23,hotel,hotel,hotel,NOUN,_
149-21,TO052,149,149,24,e,e,e,CCONJ,_
149-22,TO052,149,149,25,invece,invece,invece,ADV,_
149-23,TO052,149,149,26,dovevamo,dovevamo,dovere,AUX,_
149-24,TO052,149,149,27-30,prenotarcela,prenotarcela,_,_,_
149-24a,_,_,149,27,_,prenotar,prenotare,VERB,
149-24b,_,_,149,29,_,ce,ce,PRON,
149-24c,_,_,149,30,_,la,la,PRON,
149-25,TO052,149,149,28,noi.,noi,noi,PRON,Intonation=falling
150-0,TO048,150,150,0,{sbuffa},{sbuffa},_,X,_
151-0,TO052,151,151,1,e,e,e,CCONJ,_
151-1,TO052,151,151,2,quindi,quindi,quindi,ADV,_
151-2,TO052,151,151,3,ero,ero,essere,AUX,_
151-3,TO052,151,151,4,senza,senza,senza,ADP,_
151-4,TO052,151,151,5,stanza.,stanza,stanza,NOUN,Intonation=falling
152-0,TO052,152,152,1,mi,mi,mi,PRON,_
152-1,TO052,152,152,2,hanno,hanno,avere,AUX,_
152-2,TO052,152,152,3,detto,detto,dire,VERB,_
152-3,TO052,152,152,4,che,che,che,SCONJ,_
152-4,TO052,152,152,5,l',l',il,DET,Truncated=Yes
152-5,TO052,152,152,6,unica,unica,unico,ADJ,_
152-6,TO052,152,152,7,stanza,stanza,stanza,NOUN,_
152-7,TO052,152,152,8,disponbiile,disponbiile,disponibile,ADJ,_
152-8,TO052,152,152,9,era,era,essere,AUX,_
152-9,TO052,152,152,10,una,una,uno,DET,_
152-10,TO052,152,152,11,"<suite>,",suite,suite,NOUN,Intonation=weakly_rising
153-0,TO052,153,153,1,"da,",da,da,ADP,Intonation=weakly_rising
154-0,TO052,154,154,1,e::h,eh,eh,INTJ,_
154-1,TO052,154,154,2,settecentocinquanta,settecentocinquanta,settecentocinquanta,NUM,_
154-2,TO052,154,154,3,zloty.,zloty,zloty,NOUN,Intonation=falling
155-0,TO052,155,155,1,che,che,che,SCONJ,_
155-1,TO052,155,155,2,in,in,in,ADP,_
155-2,TO052,155,155,3,euro,euro,euro,NOUN,_
155-3,TO052,155,155,4,sono,sono,essere,AUX,_
155-4,TO052,155,155,5,centonovanta,centonovanta,centonovanta,NUM,_
155-5,TO052,155,155,6,euro.,euro,euro,NOUN,Intonation=falling
156-0,TO052,156,156,1,a,a,a,ADP,_
156-1,TO052,156,156,2,notte.,notte,notte,NOUN,Intonation=falling
157-0,TO048,157,157,1,{ride},{ride},_,_,_
157-1,TO048,157,157,2,COME,come,come,SCONJ,Volume=high
157-2,TO048,157,157,3,FA:?,fa,fare,VERB,Intonation=rising|Volume=high
158-0,TO052,158,158,1-2,al,al,_,_,_
158-0a,_,_,158,1,_,a,a,ADP,_
158-0b,_,_,158,2,_,il,il,DET,_
158-1,TO052,158,158,3,che:,che,che,PRON,_
158-2,TO052,158,158,4,io,io,io,PRON,_
158-3,TO052,158,158,5,ho,ho,avere,AUX,_
158-4,TO052,158,158,6,detto,detto,dire,VERB,_
158-5,TO052,158,158,7,ma:,ma,ma,CCONJ,_
158-6,TO052,158,158,8,non,non,non,ADV,_
158-7,TO052,158,158,9,si,si,si,PRON,_
158-8,TO052,158,158,10,può,può,potere,AUX,_
158-9,TO052,158,158,11,trovare,trovare,trovare,VERB,_
158-10,TO052,158,158,12,un',un',uno,DET,Truncated=Yes
158-11,TO052,158,158,13,altra,altra,altro,ADJ,_
158-12,TO052,158,158,14,soluzione?,soluzione,soluzione,NOUN,Intonation=rising
159-0,TO052,159,159,1,bestemmio,bestemmio,bestemmio,NOUN,_
159-1,TO052,159,159,2,un,un,uno,DET,_
159-2,TO052,159,159,3,poco:,poco,poco,PRON,_
159-3,TO052,159,159,4,con,con,con,ADP,_
159-4,TO052,159,159,5,airbnb,airbnb,airbnb,NOUN,_
159-5,TO052,159,159,6,(e),e,e,CCONJ,_
159-6,TO052,159,159,7-8,alla,alla,_,_,_
159-6a,_,_,159,7,_,a,a,ADP,_
159-6b,_,_,159,8,_,la,il,DET,_
159-7,TO052,159,159,9,fine,fine,fine,NOUN,_
159-8,TO052,159,159,10,i::l,il,il,DET,ProsodicLink=Yes
159-9,TO052,159,159,11,m::h,mh,mh,INTJ,_
159-10,TO052,159,159,12,eh,eh,eh,INTJ,_
159-11,TO052,159,159,13,un[o,uno,uno,PRON,_
159-12,TO052,159,159,14-15,degli,degli,_,_,_
159-12a,_,_,159,14,_,di,di,ADP,_
159-12b,_,_,159,15,_,gli,il,DET,_
159-13,TO052,159,159,16,<organizzatori,organizzatori,organizzatore,NOUN,_
159-14,TO052,159,159,17,italiani>],italiani,italiano,ADJ,_
159-15,TO052,159,159,18,{P},{P},_,_,_
159-16,TO052,159,159,19,no,no,no,ADV,_
159-17,TO052,159,159,20,no.,no,no,ADV,Intonation=falling
160-0,TO048,160,160,1,[xxx,x,_,X,_
160-1,TO048,160,160,2,xxx],x,_,X,_
161-0,TO052,161,161,1,me,me,me,PRON,_
161-1,TO052,161,161,2,lo,lo,lo,PRON,_
161-2,TO052,161,161,3,dovevo,dovevo,dovere,AUX,_
161-3,TO052,161,161,4,pagare,pagare,pagare,VERB,_
161-4,TO052,161,161,5,io.,io,io,PRON,Intonation=falling
162-0,TO048,162,162,1,il,il,il,DET,_
162-1,TO048,162,162,2,convegno?,convegno,convegno,NOUN,Intonation=rising
163-0,TO052,163,163,1,ce[rto].,certo,certo,ADV,Intonation=falling
164-0,TO048,164,164,1,[non,non,non,ADV,_
164-1,TO048,164,164,2,t]e,te,te,PRON,_
164-2,TO048,164,164,3,lo,lo,lo,PRON,_
164-3,TO048,164,164,4,paga,paga,pagare,VERB,_
164-4,TO048,164,164,5,l',l',il,DET,Truncated=Yes
164-5,TO048,164,164,6,università?,università,università,NOUN,Intonation=rising
165-0,TO052,165,165,1,non,non,non,ADV,_
165-1,TO052,165,165,2,ci,ci,ci,PRON,_
165-2,TO052,165,165,3,sono,sono,essere,VERB,_
165-3,TO052,165,165,4,fondi,fondi,fondo,NOUN,_
165-4,TO052,165,165,5,per,per,per,ADP,_
165-5,TO052,165,165,6,i,i,il,DET,_
165-6,TO052,165,165,7,convegni,convegni,convegno,NOUN,_
165-7,TO052,165,165,8,ancora.,ancora,ancora,ADV,Intonation=falling
166-0,TO052,166,166,1,e::h,eh,eh,INTJ,_
166-1,TO052,166,166,2,pre~,pre~,pre~,X,Interrupted=Yes
166-2,TO052,166,166,3,io,io,io,PRON,_
166-3,TO052,166,166,4,ora,ora,ora,ADV,_
166-4,TO052,166,166,5,ho,ho,avere,AUX,_
166-5,TO052,166,166,6,fatto,fatto,fare,VERB,_
166-6,TO052,166,166,7,domanda,domanda,domanda,NOUN,_
166-7,TO052,166,166,8,e,e,e,CCONJ,_
166-8,TO052,166,166,9,m::h,mh,mh,INTJ,_
166-9,TO052,166,166,10,m~,m~,m~,X,Interrupted=Yes
166-10,TO052,166,166,11,l',l',il,DET,Truncated=Yes
166-11,TO052,166,166,12,anno,anno,anno,NOUN,_
166-12,TO052,166,166,13,prossimo,prossimo,prossimo,ADJ,_
166-13,TO052,166,166,14,mi,mi,mi,PRON,_
166-14,TO052,166,166,15,restituiranno,restituiranno,restituire,VERB,_
166-15,TO052,166,166,16,il,il,il,DET,_
166-16,TO052,166,166,17,biglietto,biglietto,biglietto,NOUN,_
166-17,TO052,166,166,18,aereo.,aereo,aereo,ADJ,Intonation=falling
167-0,TO052,167,167,1,e::h,eh,eh,INTJ,ProsodicLink=Yes
167-1,TO052,167,167,2,m::h,mh,mh,INTJ,_
167-2,TO052,167,167,3,comunque,comunque,comunque,ADV,_
167-3,TO052,167,167,4,centonovanta,centonovanta,centonovanta,NUM,_
167-4,TO052,167,167,5,euro,euro,euro,NOUN,_
167-5,TO052,167,167,6,non,non,non,ADV,_
167-6,TO052,167,167,7,me,me,me,PRON,_
167-7,TO052,167,167,8,lo,lo,lo,PRON,_
167-8,TO052,167,167,9,avrebbero,avrebbero,avere,AUX,_
167-9,TO052,167,167,10,rimborsato.,rimborsato,rimborsare,VERB,Intonation=falling
168-0,TO052,168,168,1,cioè,cioè,cioé,ADV,_
168-1,TO052,168,168,2,se,se,se,SCONJ,_
168-2,TO052,168,168,3,era,era,essere,AUX,_
168-3,TO052,168,168,4,quaranta,quaranta,quaranta,NUM,_
168-4,TO052,168,168,5,euro,euro,euro,NOUN,_
168-5,TO052,168,168,6,sì.,sì,sì,ADV,Intonation=falling
169-0,TO052,169,169,1,mi,mi,mi,PRON,_
169-1,TO052,169,169,2,segui?,segui,seguire,VERB,Intonation=rising
170-0,TO052,170,170,1,ma,ma,ma,CCONJ,_
170-1,TO052,170,170,2,centonovanta,centonovanta,centonovanta,NUM,_
170-2,TO052,170,170,3,euro,euro,euro,NOUN,_
170-3,TO052,170,170,4,a,a,a,ADP,_
170-4,TO052,170,170,5,"notte,",notte,notte,NOUN,Intonation=weakly_rising
171-0,TO052,171,171,1,che,che,che,SCONJ,_
171-1,TO052,171,171,2,e:::h,eh,eh,INTJ,_
171-2,TO052,171,171,3,significava,significava,significare,VERB,_
171-3,TO052,171,171,4,per,per,per,ADP,_
171-4,TO052,171,171,5,tre,tre,tre,NUM,_
171-5,TO052,171,171,6,notti,notti,notte,NOUN,_
171-6,TO052,171,171,7,{P},{P},_,_,_
171-7,TO052,171,171,8,e::h,eh,eh,X,ProsodicLink=Yes
171-8,TO052,171,171,9,m:h,mh,mh,X,ProsodicLink=Yes
171-9,TO052,171,171,10,seicento,seicento,seicento,NUM,_
171-10,TO052,171,171,11,euro,euro,euro,NOUN,_
171-11,TO052,171,171,12,più,più,più,ADV,_
171-12,TO052,171,171,13,duecento,duecento,duecento,NUM,_
171-13,TO052,171,171,14,euro,euro,euro,NOUN,_
171-14,TO052,171,171,15,di,di,di,ADP,_
171-15,TO052,171,171,16,biglietto,biglietto,biglietto,NOUN,_
171-16,TO052,171,171,17,ottocento,ottocento,ottocento,NUM,_
171-17,TO052,171,171,18,euro,euro,euro,NOUN,_
171-18,TO052,171,171,19,non,non,non,ADV,_
171-19,TO052,171,171,20,me,me,me,PRON,_
171-20,TO052,171,171,21,"li:::,",li,li,PRON,Intonation=weakly_rising
172-0,TO052,172,172,1,non,non,non,ADV,_
172-1,TO052,172,172,2,me,me,me,PRON,_
172-2,TO052,172,172,3,li,li,li,PRON,_
172-3,TO052,172,172,4,avrebbero,avrebbero,avere,AUX,_
172-4,TO052,172,172,5,rimborsati.,rimborsati,rimborsare,VERB,Intonation=falling
173-0,TO048,173,173,1,sti,sti,sto,ADJ,_
173-1,TO048,173,173,2,cazzi.,cazzi,cazzo,NOUN,Intonation=falling
174-0,TO052,174,174,1,e,e,e,CCONJ,_
174-1,TO052,174,174,2,ci,ci,ci,PRON,_
174-2,TO052,174,174,3,sono,sono,essere,VERB,_
174-3,TO052,174,174,4-5,dei,dei,_,_,_
174-3a,_,_,174,4,_,di,di,ADP,_
174-3b,_,_,174,5,_,i,il,DET,_
174-4,TO052,174,174,6,limiti:,limiti,limite,NOUN,_
174-5,TO052,174,174,7,{P},{P},_,_,_
174-6,TO052,174,174,8,è,è,essere,VERB,_
174-7,TO052,174,174,9,che,che,che,SCONJ,_
174-8,TO052,174,174,10,eh,eh,eh,INTJ,_
174-9,TO052,174,174,11,sono,sono,essere,AUX,_
174-10,TO052,174,174,12,in,in,in,ADP,_
174-11,TO052,174,174,13,base,base,base,NOUN,_
174-12,TO052,174,174,14-15,al,al,_,_,_
174-12a,_,_,174,14,_,a,a,ADP,_
174-12b,_,_,174,15,_,il,il,DET,_
174-13,TO052,174,174,16-17,al,al,_,_,_
174-13a,_,_,174,16,_,a,a,ADP,_
174-13b,_,_,174,17,_,il,il,DET,_
174-14,TO052,174,174,18,tuo:,tuo,tuo,ADJ,_
174-15,TO052,174,174,19,come,come,come,ADV,_
174-16,TO052,174,174,20,si,si,si,PRON,_
174-17,TO052,174,174,21,dice,dice,dire,VERB,_
174-18,TO052,174,174,22-23,al,al,_,_,_
174-18a,_,_,174,22,_,a,a,ADP,_
174-18b,_,_,174,23,_,il,il,DET,_
174-19,TO052,174,174,24,"tuo:::,",tuo,tuo,ADJ,Intonation=weakly_rising
175-0,TO052,175,175,1,status,status,status,NOUN,_
175-1,TO052,175,175,2,accademico,accademico,accademico,ADJ,_
175-2,TO052,175,175,3,a,a,a,ADP,_
175-3,TO052,175,175,4,un,un,uno,DET,_
175-4,TO052,175,175,5,ordinario,ordinario,ordinario,NOUN,_
175-5,TO052,175,175,6-7,glielo,glielo,_,_,_
175-5a,_,_,175,6,_,glie,gli,PRON,_
175-5b,_,_,175,7,_,lo,lo,PRON,_
175-6,TO052,175,175,8,avrebbero,avrebbero,avere,AUX,_
175-7,TO052,175,175,9,fatto.,fatto,fare,VERB,Intonation=falling
176-0,TO050,176,176,1,"°dio,°",dio,dio,NOUN,Intonation=weakly_rising|Volume=low
177-0,TO052,177,177,1,ci,ci,ci,PRON,_
177-1,TO052,177,177,2,sono,sono,essere,VERB,_
177-2,TO052,177,177,3,proprio,proprio,proprio,ADV,_
177-3,TO052,177,177,4,le,le,il,DET,_
177-4,TO052,177,177,5,tabelle.,tabelle,tabella,NOUN,Intonation=falling
178-0,TO048,178,178,1-2,nell',nell',_,_,Truncated=Yes
178-0a,_,_,178,1,_,in,in,ADP,_
178-0b,_,_,178,2,_,l',il,DET,_
178-1,TO048,178,178,3,ufficio,ufficio,ufficio,NOUN,_
178-2,TO048,178,178,4,in,in,in,ADP,_
178-3,TO048,178,178,5,cui,cui,cui,PRON,_
178-4,TO048,178,178,6,sto,sto,stare,AUX,_
178-5,TO048,178,178,7,lavorando,lavorando,lavorare,VERB,_
178-6,TO048,178,178,8-9,all',all',_,_,Truncated=Yes
178-6a,_,_,178,8,_,a,a,ADP,_
178-6b,_,_,178,9,_,l',il,DET,_
178-7,TO048,178,178,10,ufficio,ufficio,ufficio,NOUN,_
178-8,TO048,178,178,11,relazioni,relazioni,relazione,NOUN,_
178-9,TO048,178,178,12,internazionali:,internazionali,internazionale,ADJ,_
178-10,TO048,178,178,13,si,si,si,PRON,_
178-11,TO048,178,178,14,occupano,occupano,occupare,VERB,_
178-12,TO048,178,178,15,anche,anche,anche,ADV,_
178-13,TO048,178,178,16-17,del,del,_,_,_
178-13a,_,_,178,16,_,di,di,ADP,_
178-13b,_,_,178,17,_,il,il,DET,_
178-14,TO048,178,178,18,rimborso,rimborso,rimborso,NOUN,_
178-15,TO048,178,178,19,"pe::r,",per,per,ADP,Intonation=weakly_rising
179-0,TO048,179,179,1,lo,lo,il,DET,_
179-1,TO048,179,179,2,xx,x,x,X,_
179-2,TO048,179,179,3,xx?,xx,x,X,Intonation=rising
180-0,TO052,180,180,1,in,in,in,ADP,_
180-1,TO052,180,180,2,ogni,ogni,ogni,DET,_
180-2,TO052,180,180,3,caso,caso,caso,NOUN,_
180-3,TO052,180,180,4,io,io,io,PRON,_
180-4,TO052,180,180,5,non,non,non,ADV,_
180-5,TO052,180,180,6,me,me,me,PRON,_
180-6,TO052,180,180,7,li,li,lo,PRON,_
180-7,TO052,180,180,8,potevo,potevo,potere,AUX,_
180-8,TO052,180,180,9,permettere,permettere,permettere,VERB,_
180-9,TO052,180,180,10,centonovanta,centonovanta,centonovanta,NUM,_
180-10,TO052,180,180,11,euro,euro,euro,NOUN,_
180-11,TO052,180,180,12,e,e,e,CCONJ,_
180-12,TO052,180,180,13,poi,poi,poi,ADV,_
180-13,TO052,180,180,14,me,me,me,PRON,_
180-14,TO052,180,180,15,li,li,li,PRON,_
180-15,TO052,180,180,16,rimoborsano,rimoborsano,rimoborsare,VERB,_
180-16,TO052,180,180,17,l',l',il,DET,Truncated=Yes
180-17,TO052,180,180,18,anno,anno,anno,NOUN,_
180-18,TO052,180,180,19,cioè,cioè,cioè,CCONJ,_
180-19,TO052,180,180,20,seicento,seicento,seicento,NUM,_
180-20,TO052,180,180,21,euro,euro,euro,NOUN,_
180-21,TO052,180,180,22,che,che,che,PRON,_
180-22,TO052,180,180,23,poi,poi,poi,ADV,_
180-23,TO052,180,180,24,mi,mi,mi,PRON,_
180-24,TO052,180,180,25,rimborsano,rimborsano,rimborsare,VERB,_
180-25,TO052,180,180,26,l',l',il,DET,Truncated=Yes
180-26,TO052,180,180,27,anno,anno,anno,NOUN,_
180-27,TO052,180,180,28,prossimo.,prossimo,prossimo,ADJ,Intonation=falling
181-0,TO048,181,181,1,ah,ah,ah,INTJ,_
181-1,TO048,181,181,2,mh,mh,mh,INTJ,_
181-2,TO048,181,181,3,beh.,beh,beh,ADJ,Intonation=falling
182-0,TO052,182,182,1,e:h,eh,eh,INTJ,_
182-1,TO052,182,182,2,e,e,e,CCONJ,_
182-2,TO052,182,182,3,allora,allora,allora,ADV,_
182-3,TO052,182,182,4,praticamente:,praticamente,praticamente,ADV,_
182-4,TO052,182,182,5,uno,uno,uno,PRON,_
182-5,TO052,182,182,6-7,degli,degli,_,_,_
182-5a,_,_,182,6,_,di,di,ADP,_
182-5b,_,_,182,7,_,gli,il,DET,_
182-6,TO052,182,182,8,organizzatori,organizzatori,organizzatore,NOUN,_
182-7,TO052,182,182,9,italiani,italiani,italiano,ADJ,_
182-8,TO052,182,182,10,m',m',mi,PRON,Truncated=Yes
182-9,TO052,182,182,11,ha,ha,avere,AUX,_
182-10,TO052,182,182,12,detto,detto,dire,VERB,_
182-11,TO052,182,182,13,che,che,che,SCONJ,_
182-12,TO052,182,182,14,potevo,potevo,potere,AUX,_
182-13,TO052,182,182,15,dormire,dormire,dormire,VERB,_
182-14,TO052,182,182,16,da,da,da,ADP,_
182-15,TO052,182,182,17,lui,lui,lui,PRON,_
182-16,TO052,182,182,18,quella,quella,quello,DET,_
182-17,TO052,182,182,19,"notte,",notte,notte,NOUN,Intonation=weakly_rising
183-0,TO052,183,183,1,e:,e,e,CCONJ,_
183-1,TO052,183,183,2,e,e,e,CCONJ,_
183-2,TO052,183,183,3,poi,poi,poi,ADV,_
183-3,TO052,183,183,4,per,per,per,ADP,_
183-4,TO052,183,183,5,il,il,il,DET,_
183-5,TO052,183,183,6,giorno,giorno,giorno,NOUN,_
183-6,TO052,183,183,7,dopo,dopo,dopo,ADV,_
183-7,TO052,183,183,8,avremmo,avremmo,avere,AUX,_
183-8,TO052,183,183,9,cercato,cercato,cercare,VERB,_
183-9,TO052,183,183,10,un[a,una,uno,DET,_
183-10,TO052,183,183,11,soluzione].,soluzione,soluzione,NOUN,Intonation=falling
184-0,TO048,184,184,1,[xxx,x,x,X,_
184-1,TO048,184,184,2,cioè],cioè,cioè,CCONJ,_
184-2,TO048,184,184,3-4,nella,nella,_,_,_
184-2a,_,_,184,3,_,in,in,ADP,_
184-2b,_,_,184,4,_,la,il,DET,_
184-3,TO048,184,184,5,sua:,sua,suo,DET,_
184-4,TO048,184,184,6,"camera,",camera,camera,NOUN,Intonation=weakly_rising
185-0,TO052,185,185,1,a,a,a,ADP,_
185-1,TO052,185,185,2,casa,casa,casa,NOUN,_
185-2,TO052,185,185,3,sua,sua,suo,DET,_
185-3,TO052,185,185,4,lui,lui,lui,PRON,_
185-4,TO052,185,185,5,e[ra,era,essere,AUX,_
185-5,TO052,185,185,6,{P},{P},_,_,_
185-6,TO052,185,185,7,sposato],sposato,sposare,VERB,_
185-7,TO052,185,185,8,con,con,con,ADP,_
185-8,TO052,185,185,9,una,una,uno,DET,_
185-9,TO052,185,185,10,bambina,bambina,bambino,NOUN,_
185-10,TO052,185,185,11,l~,l~,l~,PROPN,Interrupted=Yes
185-11,TO052,185,185,12,gli,gli,il,DET,_
185-12,TO052,185,185,13,organizzatori,organizzatori,organizzatore,NOUN,_
185-13,TO052,185,185,14,di,di,di,ADP,_
185-14,TO052,185,185,15,varsavia,varsavia,Varsavia,PROPN,_
185-15,TO052,185,185,16,l',l',il,DET,Truncated=Yes
185-16,TO052,185,185,17,università,università,università,NOUN,_
185-17,TO052,185,185,18,di,di,di,ADP,_
185-18,TO052,185,185,19,var[savia].,varsavia,Varsavia,PROPN,Intonation=falling
186-0,TO048,186,186,1,[xxxx],x,,X,_
187-0,TO048,187,187,1,[a:h],ah,ah,INTJ,Intonation=falling
187-1,TO048,187,187,2,carini.,carini,carino,ADJ,
188-0,TO052,188,188,1,e,e,e,CCONJ,_
188-1,TO052,188,188,2,quindi,quindi,quindi,ADV,_
188-2,TO052,188,188,3,ho,ho,avere,AUX,_
188-3,TO052,188,188,4,"dormito::,",dormito,dormire,VERB,Intonation=weakly_rising
189-0,TO052,189,189,1,a,a,a,ADP,_
189-1,TO052,189,189,2,casa,casa,casa,NOUN,_
189-2,TO052,189,189,3,sua,sua,suo,DET,_
189-3,TO052,189,189,4,quindi,quindi,quindi,ADV,_
189-4,TO052,189,189,5,questo,questo,questo,PRON,_
189-5,TO052,189,189,6,già,già,già,ADV,_
189-6,TO052,189,189,7,per,per,per,ADP,_
189-7,TO052,189,189,8,iniziare.,iniziare,iniziare,VERB,Intonation=falling
190-0,TO052,190,190,1,e::h,eh,eh,INTJ,_
190-1,TO052,190,190,2,il,il,il,DET,_
190-2,TO052,190,190,3,secondo,secondo,secondo,ADJ,_
190-3,TO052,190,190,4,"giorno,",giorno,giorno,NOUN,Intonation=weakly_rising
191-0,TO052,191,191,1,arriviamo,arriviamo,arrivare,VERB,_
191-1,TO052,191,191,2,c',c',ci,PRON,Truncated=Yes
191-2,TO052,191,191,3,era,era,essere,VERB,_
191-3,TO052,191,191,4,"una,",una,uno,DET,Intonation=weakly_rising
192-0,TO052,192,192,1,un',un',uno,DET,Truncated=Yes
192-1,TO052,192,192,2,aula,aula,aula,NOUN,_
192-2,TO052,192,192,3,magna,magna,magno,ADJ,_
192-3,TO052,192,192,4,gigante,gigante,gigante,ADJ,_
192-4,TO052,192,192,5,ho,ho,avere,AUX,_
192-5,TO052,192,192,6,detto,detto,dire,VERB,_
192-6,TO052,192,192,7,°io,io,io,PRON,Volume=low
192-7,TO052,192,192,8,devo,devo,dovere,AUX,Volume=low
192-8,TO052,192,192,9,parlare,parlare,parlare,VERB,Volume=low
192-9,TO052,192,192,10,qui,qui,qui,ADV,Volume=low
192-10,TO052,192,192,11,o,o,o,CCONJ,Volume=low
192-11,TO052,192,192,12,mio,mio,mio,DET,Volume=low
192-12,TO052,192,192,13,dio.°,dio,dio,NOUN,Intonation=falling|Volume=low
193-0,TO052,193,193,1,con,con,con,ADP,_
193-1,TO052,193,193,2,un,un,uno,DET,_
193-2,TO052,193,193,3,crocifisso,crocifisso,crocifisso,NOUN,_
193-3,TO052,193,193,4,{P},{P},_,_,_
193-4,TO052,193,193,5,"enorme,",enorme,enorme,ADJ,Intonation=weakly_rising
194-0,TO052,194,194,1,a,a,a,ADP,_
194-1,TO052,194,194,2,sinistra,sinistra,sinistra,NOUN,_
194-2,TO052,194,194,3,un,un,uno,DET,_
194-3,TO052,194,194,4,quadro,quadro,quadro,NOUN,_
194-4,TO052,194,194,5,di,di,di,ADP,_
194-5,TO052,194,194,6,u:n,un,uno,DET,_
194-6,TO052,194,194,7,vescovo,vescovo,vescovo,NOUN,_
194-7,TO052,194,194,8,penso,penso,pensare,VERB,_
194-8,TO052,194,194,9,sia,sia,essere,AUX,_
194-9,TO052,194,194,10,il,il,il,DET,_
194-10,TO052,194,194,11,vescovo,vescovo,vescovo,NOUN,_
194-11,TO052,194,194,12,di,di,di,ADP,_
194-12,TO052,194,194,13,"varsavia,",varsavia,Varsavia,PROPN,Intonation=weakly_rising
195-0,TO052,195,195,1,e,e,e,CCONJ,_
195-1,TO052,195,195,2-3,dall',dall',_,_,Truncated=Yes
195-1a,_,_,195,2,_,da,da,ADP,_
195-1b,_,_,195,3,_,l',il,DET,_
195-2,TO052,195,195,4,altro,altro,altro,ADJ,_
195-3,TO052,195,195,5,lato,lato,lato,NOUN,_
195-4,TO052,195,195,6,wojtyla.,wojtyla,Wojtyla,PROPN,Intonation=falling
196-0,TO048,196,196,1,"a::h,",ah,ah,INTJ,Intonation=weakly_rising
197-0,TO052,197,197,1,perché,perché,perché,SCONJ,_
197-1,TO052,197,197,2,è,è,essere,AUX,_
197-2,TO052,197,197,3,una,una,uno,DET,_
197-3,TO052,197,197,4,un,un,uno,DET,_
197-4,TO052,197,197,5,è,è,essere,AUX,_
197-5,TO052,197,197,6,un',un',uno,DET,Truncated=Yes
197-6,TO052,197,197,7,università,università,università,NOUN,_
197-7,TO052,197,197,8,cattolica,cattolica,cattolico,ADJ,_
197-8,TO052,197,197,9,<stefa:n,stefan,Stefan,PROPN,_
197-9,TO052,197,197,10,wyszynski>.,wyszynski,Wyszynski,PROPN,Intonation=falling
198-0,TO052,198,198,1,e:h,eh,eh,INTJ,_
198-1,TO052,198,198,2,cardina:l,cardinal,cardinale,NOUN,_
198-2,TO052,198,198,3,cardinale,cardinale,cardinale,NOUN,_
198-3,TO052,198,198,4,stefan,stefan,Stefan,PROPN,_
198-4,TO052,198,198,5,wyszynski.,wyszynski,Wyszynski,PROPN,Intonation=falling
199-0,TO052,199,199,1,e::h,eh,eh,INTJ,_
199-1,TO052,199,199,2,allora,allora,allora,ADV,_
199-2,TO052,199,199,3,comincio,comincio,cominciare,VERB,_
199-3,TO052,199,199,4,a,a,a,ADP,_
199-4,TO052,199,199,5,"parlare,",parlare,parlare,VERB,Intonation=weakly_rising
200-0,TO052,200,200,1,"e:,",e,e,CCONJ,Intonation=weakly_rising
200-1,TO052,200,200,2,{P},{P},_,_,_
200-2,TO052,200,200,3,uno,uno,uno,PRON,_
200-3,TO052,200,200,4,di,di,di,ADP,_
200-4,TO052,200,200,5,quelli,quelli,quello,PRON,_
200-5,TO052,200,200,6,che,che,che,PRON,_
200-6,TO052,200,200,7,era,era,essere,AUX,_
200-7,TO052,200,200,8,tipo,tipo,tipo,NOUN,_
200-8,TO052,200,200,9,quello,quello,quello,PRON,_
200-9,TO052,200,200,10,che,che,che,PRON,_
200-10,TO052,200,200,11,stava,stava,stare,VERB,_
200-11,TO052,200,200,12,perché,perché,perché,SCONJ,_
200-12,TO052,200,200,13,allora,allora,allora,ADV,_
200-13,TO052,200,200,14,praticamente,praticamente,praticamente,ADV,_
200-14,TO052,200,200,15,c',c',ci,PRON,Truncated=Yes
200-15,TO052,200,200,16,è,è,essere,VERB,_
200-16,TO052,200,200,17,rossi,rossi,Rossi,PROPN,_
200-17,TO052,200,200,18,che,che,che,PRON,_
200-18,TO052,200,200,19,è,è,essere,AUX,_
200-19,TO052,200,200,20,tipo,tipo,tipo,NOUN,_
200-20,TO052,200,200,21,{P},{P},_,_,_
200-21,TO052,200,200,22,l',l',il,DET,Truncated=Yes
200-22,TO052,200,200,23,autorità,autorità,autorità,NOUN,_
200-23,TO052,200,200,24,{P},{P},_,_,_
200-24,TO052,200,200,25,no?,no,no,ADV,Intonation=rising
201-0,TO052,201,201,1,è,è,essere,AUX,_
201-1,TO052,201,201,2,tipo,tipo,tipo,NOUN,_
201-2,TO052,201,201,3,quello,quello,quello,PRON,_
201-3,TO052,201,201,4,là,là,là,ADV,_
201-4,TO052,201,201,5,"che:,",che,che,PRON,Intonation=weakly_rising
202-0,TO048,202,202,1,sì.,sì,sì,ADV,Intonation=falling
203-0,TO052,203,203,1,e:h,eh,eh,INTJ,_
203-1,TO052,203,203,2,sa,sa,sapere,VERB,_
203-2,TO052,203,203,3,tutto,tutto,tutto,PRON,_
203-3,TO052,203,203,4,si,si,si,PRON,_
203-4,TO052,203,203,5,è,è,essere,AUX,_
203-5,TO052,203,203,6,laureato,laureato,laureare,VERB,_
203-6,TO052,203,203,7,con,con,con,ADP,_
203-7,TO052,203,203,8,blu,blu,blu,NOUN,_
203-8,TO052,203,203,9,con,con,con,ADP,_
203-9,TO052,203,203,10,una,una,uno,DET,_
203-10,TO052,203,203,11,tesi,tesi,tesi,NOUN,_
203-11,TO052,203,203,12,su,su,su,ADP,_
203-12,TO052,203,203,13,eliot,eliot,Eliot,PROPN,_
203-13,TO052,203,203,14,quando,quando,quando,SCONJ,_
203-14,TO052,203,203,15,blu,blu,blu,ADJ,_
203-15,TO052,203,203,16,era,era,essere,AUX,_
203-16,TO052,203,203,17,professore,professore,professore,NOUN,_
203-17,TO052,203,203,18,universtiario.,universtiario,universtiario,ADJ,Intonation=falling
204-0,TO052,204,204,1,a:h,ah,ah,INTJ,_
204-1,TO052,204,204,2,a,a,a,ADP,_
204-2,TO052,204,204,3,è,è,essere,AUX,_
204-3,TO052,204,204,4,è,è,essere,AUX,_
204-4,TO052,204,204,5,pre~,pre~,_,X,Interrupted=Yes
204-5,TO052,204,204,6,è,è,essere,AUX,_
204-6,TO052,204,204,7,presidente,presidente,presidente,NOUN,_
204-7,TO052,204,204,8-9,del,del,_,_,_
204-7a,_,_,204,8,_,di,di,ADP,_
204-7b,_,_,204,9,_,il,il,DET,_
204-8,TO052,204,204,10,centro,centro,centro,NOUN,_
204-9,TO052,204,204,11,studi,studi,studio,NOUN,_
204-10,TO052,204,204,12,{P},{P},_,_,_
204-11,TO052,204,204,13,franco,franco,Franco,PROPN,_
204-12,TO052,204,204,14,"fortini,",fortini,Fortini,PROPN,Intonation=weakly_rising
205-0,TO052,205,205,1,e,e,e,CCONJ,_
205-1,TO052,205,205,2,ha,ha,avere,AUX,_
205-2,TO052,205,205,3,scritto,scritto,scrivere,VERB,_
205-3,TO052,205,205,4,tipo,tipo,tipo,NOUN,_
205-4,TO052,205,205,5,a,a,a,ADP,_
205-5,TO052,205,205,6,ha,ha,avere,AUX,_
205-6,TO052,205,205,7,ha,ha,avere,AUX,_
205-7,TO052,205,205,8,curato,curato,curare,VERB,_
205-8,TO052,205,205,9,l',l',il,DET,Truncated=Yes
205-9,TO052,205,205,10,edizioni,edizioni,edizione,NOUN,_
205-10,TO052,205,205,11,di,di,di,ADP,_
205-11,TO052,205,205,12,tutte,tutte,tutto,ADJ,_
205-12,TO052,205,205,13,le,le,il,DET,_
205-13,TO052,205,205,14,poesie,poesie,poesia,NOUN,_
205-14,TO052,205,205,15,di,di,di,ADP,_
205-15,TO052,205,205,16,fortini,fortini,Fortini,PROPN,_
205-16,TO052,205,205,17,e,e,e,CCONJ,_
205-17,TO052,205,205,18,anche,anche,anche,ADV,_
205-18,TO052,205,205,19,quelle,quelle,quello,PRON,_
205-19,TO052,205,205,20,di,di,di,ADP,_
205-20,TO052,205,205,21,tutti,tutti,tutto,DET,_
205-21,TO052,205,205,22,i,i,il,DET,_
205-22,TO052,205,205,23,"saggi,",saggi,saggio,NOUN,Intonation=weakly_rising
205-23,TO052,205,205,24,"insomma,",insomma,insomma,ADV,Intonation=weakly_rising
206-0,TO052,206,206,1,sa,sa,sapere,VERB,_
206-1,TO052,206,206,2,anche,anche,anche,ADV,_
206-2,TO052,206,206,3,quante,quante,quanto,DET,_
206-3,TO052,206,206,4,volte,volte,volta,NOUN,_
206-4,TO052,206,206,5,piritava,piritava,piritare,VERB,_
206-5,TO052,206,206,6,no?,no,no,ADV,Intonation=rising
207-0,TO052,207,207,1,e,e,e,CCONJ,_
207-1,TO052,207,207,2,allora,allora,allora,ADV,_
207-2,TO052,207,207,3,"xxx,",xxx,_,X,Intonation=weakly_rising
208-0,TO052,208,208,1,che,che,che,SCONJ,_
208-1,TO052,208,208,2,verdi,verdi,Verdi,PROPN,_
208-2,TO052,208,208,3,se,se,se,SCONJ,_
208-3,TO052,208,208,4,hai,hai,avere,VERB,_
208-4,TO052,208,208,5,un,un,uno,DET,_
208-5,TO052,208,208,6,dubbio,dubbio,dubbio,NOUN,_
208-6,TO052,208,208,7,chiedi,chiedi,chiedere,VERB,_
208-7,TO052,208,208,8,a,a,a,ADP,_
208-8,TO052,208,208,9,rossi,rossi,Rossi,PROPN,_
208-9,TO052,208,208,10,questa,questa,questo,PRON,_
208-10,TO052,208,208,11,è,è,essere,AUX,_
208-11,TO052,208,208,12,la,la,il,DET,_
208-12,TO052,208,208,13,persona,persona,persona,NOUN,_
208-13,TO052,208,208,14,{P},{P},_,_,_
208-14,TO052,208,208,15,"più:,",più,più,ADV,Intonation=weakly_rising
209-0,TO048,209,209,1,sì,sì,sì,ADV,_
209-1,TO048,209,209,2,ma:,ma,ma,CCONJ,_
209-2,TO048,209,209,3,<quante,quante,quanto,DET,_
209-3,TO048,209,209,4,volte>,volte,volta,NOUN,_
209-4,TO048,209,209,5,{ride},{ride},_,_,_
209-5,TO048,209,209,6,si,si,si,PRON,_
209-6,TO048,209,209,7,faceva,faceva,fare,VERB,_
209-7,TO048,209,209,8,le,le,il,DET,_
209-8,TO048,209,209,9,sopracci~,sopracci~,sopracci~,X,Interrupted=Yes
209-9,TO048,209,209,10,{ride},{ride},_,_,_
210-0,TO052,210,210,1,è,è,essere,AUX,_
210-1,TO052,210,210,2,{P},{P},_,_,_
210-2,TO052,210,210,3,mh,mh,mh,INTJ,_
210-3,TO052,210,210,4,questa,questa,questo,DET,_
210-4,TO052,210,210,5,persona,persona,persona,NOUN,_
210-5,TO052,210,210,6,{P},{P},_,_,_
210-6,TO052,210,210,7,la,la,il,DET,_
210-7,TO052,210,210,8,persona,persona,persona,NOUN,_
210-8,TO052,210,210,9,tipo,tipo,tipo,NOUN,_
210-9,TO052,210,210,10,penso,penso,pensare,VERB,_
210-10,TO052,210,210,11,che,che,che,SCONJ,_
210-11,TO052,210,210,12,mi,mi,mi,PRON,_
210-12,TO052,210,210,13,ha,ha,avere,AUX,_
210-13,TO052,210,210,14,fatto,fatto,fare,VERB,_
210-14,TO052,210,210,15,più,più,più,ADV,_
210-15,TO052,210,210,16,soggezione,soggezione,soggezione,NOUN,_
210-16,TO052,210,210,17-18,nella,nella,_,_,_
210-16a,_,_,210,17,_,in,in,ADP,_
210-16b,_,_,210,18,_,la,il,DET,_
210-17,TO052,210,210,19,mia,mia,mio,DET,_
210-18,TO052,210,210,20,vita,vita,vita,NOUN,_
210-19,TO052,210,210,21,la,la,il,DET,_
210-20,TO052,210,210,22,persona,persona,persona,NOUN,_
210-21,TO052,210,210,23,{P},{P},_,_,_
210-22,TO052,210,210,24,con,con,con,ADP,_
210-23,TO052,210,210,25,gli,gli,il,DET,_
210-24,TO052,210,210,26,occhi,occhi,occhio,NOUN,_
210-25,TO052,210,210,27,"cerulei,",cerulei,ceruleo,ADJ,Intonation=weakly_rising
211-0,TO052,211,211,1,sguardo,sguardo,sguardo,NOUN,_
211-1,TO052,211,211,2,di,di,di,ADP,_
211-2,TO052,211,211,3,"ghiaccio,",ghiaccio,ghiaccio,NOUN,Intonation=weakly_rising
212-0,TO052,212,212,1,totalmente,totalmente,totalmente,ADV,_
212-1,TO052,212,212,2,inespressivo,inespressivo,inespressivo,ADJ,_
212-2,TO052,212,212,3,sempre,sempre,sempre,ADV,_
212-3,TO052,212,212,4,così.,così,così,ADV,Intonation=falling
213-0,TO048,213,213,0,{ride},{ride},_,X,_
214-0,TO052,214,214,1,che,che,che,SCONJ,_
214-1,TO052,214,214,2,tu,tu,tu,PRON,_
214-2,TO052,214,214,3,"dici,",dici,dire,VERB,Intonation=weakly_rising
215-0,TO052,215,215,1,non,non,non,ADV,_
215-1,TO052,215,215,2,capi~,capi~,capire,VERB,Interrupted=Yes
215-2,TO052,215,215,3,non,non,non,ADV,_
215-3,TO052,215,215,4,capisci,capisci,capire,VERB,_
215-4,TO052,215,215,5,se,se,se,SCONJ,_
215-5,TO052,215,215,6,ti,ti,ti,PRON,_
215-6,TO052,215,215,7,"[sta],",sta,stare,VERB,Intonation=weakly_rising
216-0,TO048,216,216,1,[x]x,x,x,X,_
216-1,TO048,216,216,2,x[x],x,x,X,_
216-2,TO048,216,216,3,{ride},{ride},_,_,_
216-3,TO048,216,216,4,.,.,_,_,_
217-0,TO052,217,217,1,[non,non,non,ADV,_
217-1,TO052,217,217,2,capisci],capisci,capire,VERB,_
217-2,TO052,217,217,3,se,se,se,SCONJ,_
217-3,TO052,217,217,4,{P},{P},_,_,_
217-4,TO052,217,217,5,se,se,se,SCONJ,_
217-5,TO052,217,217,6,sta,sta,stare,VERB,_
217-6,TO052,217,217,7,s~,s~,s~,X,Interrupted=Yes
217-7,TO052,217,217,8,sta,sta,stare,AUX,_
217-8,TO052,217,217,9,pensando,pensando,pensare,VERB,_
217-9,TO052,217,217,10,di,di,di,ADP,_
217-10,TO052,217,217,11,te,te,te,PRON,_
217-11,TO052,217,217,12,°che,che,che,PRON,Volume=low
217-12,TO052,217,217,13,merda,merda,merda,NOUN,Volume=low
217-13,TO052,217,217,14,questo,questo,questo,DET,Volume=low
217-14,TO052,217,217,15,ragazzo°,ragazzo,ragazzo,NOUN,Volume=low
217-15,TO052,217,217,16,oppure,oppure,oppure,CCONJ,_
217-16,TO052,217,217,17,tipo::,tipo,tipo,NOUN,_
217-17,TO052,217,217,18,sta,sta,stare,VERB,_
217-18,TO052,217,217,19,pr~,pr~,pr~,X,Interrupted=Yes
217-19,TO052,217,217,20,mentre,mentre,mentre,SCONJ,_
217-20,TO052,217,217,21,tu,tu,tu,PRON,_
217-21,TO052,217,217,22,parli,parli,parlare,VERB,_
217-22,TO052,217,217,24,no?,no,no,ADV,Intonation=rising
217-23,TO052,217,217,25,se,se,se,PRON,_
217-24,TO052,217,217,26,c',c',ci,PRON,Truncated=Yes
217-25,TO052,217,217,27,è,è,essere,VERB,_
217-26,TO052,217,217,28,approvazione,approvazione,approvazione,NOUN,_
217-27,TO052,217,217,29,niente,niente,niente,PRON,_
217-28,TO052,217,217,30,no?,no,no,ADV,Intonation=rising
218-0,TO052,218,218,1,quindi,quindi,quindi,ADV,_
218-1,TO052,218,218,2,cagato,cagato,cagare,VERB,_
218-2,TO052,218,218,3,addosso,addosso,addosso,ADV,_
218-3,TO052,218,218,4,io,io,io,PRON,_
218-4,TO052,218,218,5,già,già,già,ADV,_
218-5,TO052,218,218,6,ero,ero,essere,AUX,_
218-6,TO052,218,218,7,{P},{P},_,_,_
218-7,TO052,218,218,8,xxx.,xxx,x,X,Intonation=falling
219-0,TO052,219,219,1,c',c',ci,PRON,Truncated=Yes
219-1,TO052,219,219,2,era,era,essere,VERB,_
219-2,TO052,219,219,3,un,un,uno,DET,_
219-3,TO052,219,219,4,altro,altro,altro,PRON,_
219-4,TO052,219,219,5,che,che,che,PRON,_
219-5,TO052,219,219,6,era,era,essere,AUX,_
219-6,TO052,219,219,7,molto,molto,molto,ADV,_
219-7,TO052,219,219,8,più,più,più,ADV,_
219-8,TO052,219,219,9-10,alla,alla,_,_,_
219-8a,_,_,219,9,_,a,a,ADP,_
219-8b,_,_,219,10,_,la,il,DET,_
219-9,TO052,219,219,11,mano,mano,mano,NOUN,_
219-10,TO052,219,219,12,che,che,che,PRON,_
219-11,TO052,219,219,13,è,è,essere,AUX,_
219-12,TO052,219,219,14,un,un,uno,DET,_
219-13,TO052,219,219,15,giornalista,giornalista,giornalista,NOUN,_
219-14,TO052,219,219,16-17,del,del,_,_,_
219-14a,_,_,219,16,_,di,di,ADP,_
219-14b,_,_,219,17,_,il,il,DET,_
219-15,TO052,219,219,18,"manifesto,",manifesto,manifesto,NOUN,Intonation=weakly_rising
220-0,TO052,220,220,1,e::h,eh,eh,INTJ,ProsodicLink=Yes
220-1,TO052,220,220,2,molto:::,molto,molto,ADV,_
220-2,TO052,220,220,3,veramente,veramente,veramente,ADV,_
220-3,TO052,220,220,4,già,già,già,ADV,_
220-4,TO052,220,220,5,subito,subito,subito,ADV,_
220-5,TO052,220,220,6,mi,mi,mi,PRON,_
220-6,TO052,220,220,7,ha,ha,avere,AUX,_
220-7,TO052,220,220,8,detto,detto,dire,VERB,_
220-8,TO052,220,220,9,di,di,di,ADP,_
220-9,TO052,220,220,10-11,dargli,dargli,_,_,_
220-9a,_,_,220,10,_,dar,dare,VERB,_
220-9b,_,_,220,11,_,gli,lo,PRON,_
220-10,TO052,220,220,12-13,del,del,_,_,_
220-10a,_,_,220,12,_,di,di,ADP,_
220-10b,_,_,220,13,_,il,il,DET,_
220-11,TO052,220,220,14,tu,tu,tu,PRON,_
220-12,TO052,220,220,15,e,e,e,CCONJ,_
220-13,TO052,220,220,16,"tutto,",tutto,tutto,PRON,Intonation=weakly_rising
221-0,TO048,221,221,1,(scommetto,scommetto,scommettere,VERB,_
221-1,TO048,221,221,2,che,che,che,SCONJ,_
221-2,TO048,221,221,3,non,non,non,ADV,_
221-3,TO048,221,221,4,sei,sei,essere,AUX,_
221-4,TO048,221,221,5,riuscito,riuscito,riuscire,VERB,_
221-5,TO048,221,221,6,a,a,a,ADP,_
221-6,TO048,221,221,7,[dargl~)],dargl~,dargl~,PROPN,Interrupted=Yes
222-0,TO052,222,222,1,[no,no,no,ADV,_
222-1,TO052,222,222,2-3,glie]l',gliel',_,_,Truncated=Yes
222-1a,_,_,222,2,_,glie,gli,PRON,_
222-1b,_,_,222,3,_,l',lo,PRON,_
222-2,TO052,222,222,4,ho,ho,avere,AUX,_
222-3,TO052,222,222,5,dato,dato,dare,VERB,_
222-4,TO052,222,222,6,[xx].,xx,_,X,Intonation=falling
223-0,TO048,223,223,1,[come,come,come,ADP,_
223-1,TO048,223,223,2,ma]i,mai,mai,ADV,_
223-2,TO048,223,223,3,a,a,a,ADP,_
223-3,TO048,223,223,4,lui,lui,lui,PRON,_
223-4,TO048,223,223,5,sì,sì,sì,ADV,_
223-5,TO048,223,223,6,e,e,e,CCONJ,_
223-6,TO048,223,223,7,"a::,",a,a,ADP,Intonation=weakly_rising
224-0,TO052,224,224,1,perché,perché,perché,SCONJ,_
224-1,TO052,224,224,2,[blu,blu,blu,ADJ,_
224-2,TO052,224,224,3,ha],ha,avere,AUX,_
224-3,TO052,224,224,4,detto,detto,dire,VERB,_
224-4,TO052,224,224,5,a,a,a,ADP,_
224-5,TO052,224,224,6,con,con,con,ADP,_
224-6,TO052,224,224,7,tutti,tutti,tutto,PRON,_
224-7,TO052,224,224,8,non,non,non,ADV,_
224-8,TO052,224,224,9,l',l',lo,PRON,Truncated=Yes
224-9,TO052,224,224,10,ha,ha,avere,AUX,_
224-10,TO052,224,224,11,detto,detto,dire,VERB,_
224-11,TO052,224,224,12,con,con,con,ADP,_
224-12,TO052,224,224,13,me.,me,me,PRON,Intonation=falling
225-0,TO048,225,225,1,[blu],blu,blu,ADJ,_
226-0,TO052,226,226,1,"comun[que],",comunque,comunque,ADV,Intonation=weakly_rising
227-0,TO048,227,227,1,[MA,ma,ma,CCONJ,Volume=high
227-1,TO048,227,227,2,CH]E,che,che,SCONJ,Volume=high
227-2,TO048,227,227,3,VO',vo',volere,AUX,Truncated=Yes|Volume=high
227-3,TO048,227,227,4-5,DI'?,di',dire,VERB,Intonation=rising|Volume=high
227-3a,_,_,227,4,_,di,di,ADP,_
227-3b,_,_,227,5,_,',',PUNCT,_
228-0,TO048,228,228,1,(loro),loro,loro,PRON,_
228-1,TO048,228,228,2,xx,x,x,X,_
228-2,TO048,228,228,3,a,a,a,ADP,_
228-3,TO048,228,228,4,te,te,te,PRON,_
228-4,TO048,228,228,5-9 ,dammi,dammi,_,_,_
228-4a,_,_,228,5,_,dam,dare,VERB,
228-4b,_,_,228,9,_,mi ,mi,PRON,
228-5,TO048,228,228,6-7,del,del,_,_,_
228-5a,_,_,228,6,_,di,di,ADP,_
228-5b,_,_,228,7,_,il,il,DET,_
228-6,TO048,228,228,8,"tu,",tu,tu,PRON,Intonation=weakly_rising
229-0,TO052,229,229,1,"comunque,",comunque,comunque,ADV,Intonation=weakly_rising
230-0,TO052,230,230,1,"e::h,",eh,eh,INTJ,Intonation=weakly_rising
231-0,TO052,231,231,1,"e::h,",eh,eh,INTJ,Intonation=weakly_rising
231-1,TO052,231,231,2,{ride},{ride},_,_,_
232-0,TO048,232,232,0,{ride},{ride},_,X,_
233-0,TO052,233,233,0,{ride},{ride},_,X,_
234-0,TO052,234,234,1,e,e,e,CCONJ,_
234-1,TO052,234,234,2,allora,allora,allora,ADV,_
234-2,TO052,234,234,3,(praticamente),praticamente,praticamente,ADV,_
234-3,TO052,234,234,4,{ride},{ride},_,_,_
235-0,TO048,235,235,1,cosa?,cosa,cosa,PRON,Intonation=rising
236-0,TO052,236,236,1,"e:h,",eh,eh,INTJ,Intonation=weakly_rising
236-1,TO052,236,236,2,{ride},{ride},_,_,_
237-0,TO048,237,237,1-2,"dai,",dai,dare,VERB,Intonation=weakly_rising
238-0,TO050,238,238,1,(buffona.),buffona,buffone,NOUN,Intonation=falling
239-0,TO048,239,239,0,{ride},{ride},_,X,_
240-0,TO052,240,240,1,{ride},{ride},_,_,_
240-1,TO052,240,240,2,il,il,il,DET,_
240-2,TO052,240,240,3,mio,mio,mio,DET,_
240-3,TO052,240,240,4,asso,asso,asso,NOUN,_
240-4,TO052,240,240,5-6,nella,nella,_,_,_
240-4a,_,_,240,5,_,in,in,ADP,_
240-4b,_,_,240,6,_,la,il,DET,_
240-5,TO052,240,240,7,manica.,manica,manica,NOUN,Intonation=falling
241-0,TO052,241,241,1,e,e,e,CCONJ,_
241-1,TO052,241,241,2,allora,allora,allora,ADV,_
241-2,TO052,241,241,3,praticamente,praticamente,praticamente,ADV,_
241-3,TO052,241,241,4,e::h,eh,eh,INTJ,ProsodicLink=Yes
241-4,TO052,241,241,5,"mh,",mh,mh,INTJ,Intonation=weakly_rising
242-0,TO052,242,242,1,okay.,okay,ok,INTJ,Intonation=falling
243-0,TO052,243,243,1,questo,questo,questo,PRON,_
243-1,TO052,243,243,2,qua,qua,qua,ADV,_
243-2,TO052,243,243,3-4,de:l,del,_,_,_
243-2a,_,_,243,3,_,di,di,ADP,_
243-2b,_,_,243,4,_,il,il,DET,_
243-3,TO052,243,243,5,e:h,eh,eh,INTJ,_
243-4,TO052,243,243,6,de:,de,di,ADP,ProsodicLink=Yes
243-5,TO052,243,243,7,mh,mh,mh,INTJ,_
243-6,TO052,243,243,8-9,del,del,_,_,_
243-6a,_,_,243,8,_,di,di,ADP,_
243-6b,_,_,243,9,_,il,il,DET,_
243-7,TO052,243,243,10,manifesto.,manifesto,manifesto,NOUN,Intonation=falling
244-0,TO052,244,244,1,e:h,eh,eh,INTJ,_
244-1,TO052,244,244,2,"legge,",legge,legge,NOUN,Intonation=weakly_rising
245-0,TO052,245,245,1,una,una,uno,DET,_
245-1,TO052,245,245,2,poe~,poe~,poe~,X,Interrupted=Yes
245-2,TO052,245,245,3,e,e,e,CCONJ,_
245-3,TO052,245,245,4,e,e,e,CCONJ,_
245-4,TO052,245,245,5,e,e,e,CCONJ,_
245-5,TO052,245,245,6,parla,parla,parlare,VERB,_
245-6,TO052,245,245,7,di,di,di,ADP,_
245-7,TO052,245,245,8,una,una,uno,DET,_
245-8,TO052,245,245,9,poesia,poesia,poesia,NOUN,_
245-9,TO052,245,245,10,di,di,di,ADP,_
245-10,TO052,245,245,11,cu~,cu~,cu~,X,Interrupted=Yes
245-11,TO052,245,245,12,che,che,che,PRON,_
245-12,TO052,245,245,13,avrei,avrei,avere,AUX,_
245-13,TO052,245,245,14,dovuto,dovuto,dovere,AUX,_
245-14,TO052,245,245,15,analizzare,analizzare,analizzare,VERB,_
245-15,TO052,245,245,16,io.,io,io,PRON,Intonation=falling
246-0,TO048,246,246,0,{inspira},{inspira},_,X,_
247-0,TO052,247,247,1,il,il,il,DET,_
247-1,TO052,247,247,2,giorno,giorno,giorno,NOUN,_
247-2,TO052,247,247,3,dopo.,dopo,dopo,ADV,Intonation=falling
248-0,TO048,248,248,0,{inspira},{inspira},_,X,_
249-0,TO052,249,249,1,quindi,quindi,quindi,ADV,_
249-1,TO052,249,249,2,"cagatissimo,",cagatissimo,cagato,ADJ,Intonation=weakly_rising
250-0,TO048,250,250,1,paura,paura,paura,NOUN,_
250-1,TO048,250,250,2-3,della,della,_,_,_
250-1a,_,_,250,2,_,di,di,ADP,_
250-1b,_,_,250,3,_,la,il,DET,_
250-2,TO048,250,250,4,{P},{P},_,_,_
250-3,TO048,250,250,5,xx~,xx~,x,X,Interrupted=Yes
250-4,TO048,250,250,6,{ride},{ride},_,_,_
251-0,TO052,251,251,1,e::h,eh,eh,INTJ,ProsodicLink=Yes
251-1,TO052,251,251,2,mh,mh,mh,ADV,_
251-2,TO052,251,251,3,e,e,e,CCONJ,_
251-3,TO052,251,251,4,"praticamente,",praticamente,praticamente,ADV,Intonation=weakly_rising
252-0,TO052,252,252,1,e::h,eh,eh,INTJ,_
252-1,TO052,252,252,2-3,glielo,glielo,_,_,_
252-1a,_,_,252,2,_,glie,gli,PRON,_
252-1b,_,_,252,3,_,lo,lo,PRON,_
252-2,TO052,252,252,4,dico,dico,dire,VERB,_
252-3,TO052,252,252,5,a,a,a,ADP,_
252-4,TO052,252,252,6,"verdi,",verdi,Verdi,PROPN,Intonation=weakly_rising
253-0,TO052,253,253,1,e:,e,e,CCONJ,_
253-1,TO052,253,253,2,verdi,verdi,verde,PROPN,_
253-2,TO052,253,253,3,simpaticissimo,simpaticissimo,simpatico,ADJ,_
253-3,TO052,253,253,4,con,con,con,ADP,_
253-4,TO052,253,253,5,le,le,il,DET,_
253-5,TO052,253,253,6,sue,sue,suo,DET,_
253-6,TO052,253,253,7,battute,battute,battuta,NOUN,_
253-7,TO052,253,253,8-9,del,del,_,_,_
253-7a,_,_,253,8,_,di,di,ADP,_
253-7b,_,_,253,9,_,il,il,DET,_
253-8,TO052,253,253,10,cazzo,cazzo,cazzo,NOUN,_
253-9,TO052,253,253,11,molto,molto,molto,ADV,_
253-10,TO052,253,253,12,simpatico,simpatico,simpatico,ADJ,_
253-11,TO052,253,253,13,(un),un,uno,DET,_
253-12,TO052,253,253,14,tipo,tipo,tipo,NOUN,_
253-13,TO052,253,253,15-16,alla,alla,_,_,_
253-13a,_,_,253,15,_,a,a,ADP,_
253-13b,_,_,253,16,_,la,il,DET,_
253-14,TO052,253,253,17,ma:no,mano,mano,NOUN,_
253-15,TO052,253,253,18,una,una,uno,DET,_
253-16,TO052,253,253,19,persona,persona,persona,NOUN,_
253-17,TO052,253,253,20,"squisita,",squisita,squisito,ADJ,Intonation=weakly_rising
254-0,TO052,254,254,1,a,a,a,ADP,_
254-1,TO052,254,254,2,un,un,uno,DET,_
254-2,TO052,254,254,3,certo,certo,certo,ADJ,_
254-3,TO052,254,254,4,punto,punto,punto,NOUN,_
254-4,TO052,254,254,5,io,io,io,PRON,_
254-5,TO052,254,254,6,gli,gli,gli,PRON,_
254-6,TO052,254,254,7,dico,dico,dire,VERB,_
254-7,TO052,254,254,8,questa,questa,questo,DET,_
254-8,TO052,254,254,9,cosa,cosa,cosa,NOUN,_
254-9,TO052,254,254,10,che,che,che,PRON,_
254-10,TO052,254,254,11,avevo,avevo,avere,VERB,_
254-11,TO052,254,254,12,paura::,paura,paura,NOUN,_
254-12,TO052,254,254,13,perché,perché,perché,SCONJ,_
254-13,TO052,254,254,14,sta~,sta~,_,X,Interrupted=Yes
255-0,TO052,255,255,1,e,e,e,CCONJ,_
255-1,TO052,255,255,2,a,a,a,ADP,_
255-2,TO052,255,255,3,un,un,uno,DET,_
255-3,TO052,255,255,4,certo,certo,certo,ADJ,_
255-4,TO052,255,255,5,punto,punto,punto,NOUN,_
255-5,TO052,255,255,6,me,me,me,PRON,_
255-6,TO052,255,255,7,lo,lo,lo,PRON,_
255-7,TO052,255,255,8,ritrovo,ritrovo,ritrovare,VERB,_
255-8,TO052,255,255,9,con,con,con,ADP,_
255-9,TO052,255,255,10,questo,questo,questo,PRON,_
255-10,TO052,255,255,11,qua,qua,qua,ADV,_
255-11,TO052,255,255,12-13,del,del,_,_,_
255-11a,_,_,255,12,_,di,di,ADP,_
255-11b,_,_,255,13,_,il,il,DET,_
255-12,TO052,255,255,14,"manifesto,",manifesto,manifesto,NOUN,Intonation=weakly_rising
256-0,TO052,256,256,1,e,e,e,CCONJ,_
256-1,TO052,256,256,2,e,e,e,CCONJ,_
256-2,TO052,256,256,3,e,e,e,CCONJ,_
256-3,TO052,256,256,4,e,e,e,CCONJ,_
256-4,TO052,256,256,5,rossi,rossi,Rossi,PROPN,_
256-5,TO052,256,256,6,che,che,che,PRON,_
256-6,TO052,256,256,7,stanno,stanno,stare,AUX,_
256-7,TO052,256,256,8,parlando,parlando,parlare,VERB,_
256-8,TO052,256,256,9,e,e,e,CCONJ,_
256-9,TO052,256,256,10,gli,gli,gli,PRON,_
256-10,TO052,256,256,11,fa,fa,fare,VERB,_
256-11,TO052,256,256,12,{P},{P},_,_,_
256-12,TO052,256,256,13,beppe,beppe,Beppe,PROPN,_
256-13,TO052,256,256,14,vieni,vieni,andare,VERB,_
256-14,TO052,256,256,15,qua.,qua,qua,ADV,Intonation=falling
257-0,TO052,257,257,1,ci,ci,ci,PRON,_
257-1,TO052,257,257,2,"vado,",vado,andare,VERB,Intonation=weakly_rising
258-0,TO052,258,258,1,e,e,e,CCONJ,_
258-1,TO052,258,258,2,mi,mi,mi,PRON,_
258-2,TO052,258,258,3,fa,fa,fare,VERB,_
258-3,TO052,258,258,4,e,e,e,CCONJ,_
258-4,TO052,258,258,5,gli,gli,gli,PRON,_
258-5,TO052,258,258,6,fa,fa,fare,VERB,_
258-6,TO052,258,258,7,AO,ao,ao,INTJ,Volume=high
258-7,TO052,258,258,8,MARCELLO,marcello,marcello,NOUN,Volume=high
258-8,TO052,258,258,9-10,DIGLIELO,diglielo,_,_,Volume=high
258-8a,_,_,258,9,_,di,dire,VERB,_
258-8b,,,,,,glie,gli,PRON,
258-8c,_,_,258,10,_,lo,lo,PRON,_
258-9,TO052,258,258,11,CHE,che,che,SCONJ,Volume=high
258-10,TO052,258,258,12,CHE,che,che,SCONJ,Volume=high
258-11,TO052,258,258,13,NON,non,non,ADV,Volume=high
258-12,TO052,258,258,14,CI,ci,ci,PRON,Volume=high
258-13,TO052,258,258,15,FA,fa,fare,VERB,Volume=high
258-14,TO052,258,258,16,NIENTE,niente,niente,PRON,Volume=high
258-15,TO052,258,258,17,SE,se,se,SCONJ,Volume=high
258-16,TO052,258,258,18,PARLA,parla,parlare,VERB,Volume=high
258-17,TO052,258,258,19-20,DELLA,della,_,_,Volume=high
258-17a,_,_,258,19,_,di,di,ADP,_
258-17b,_,_,258,20,_,la,il,DET,_
258-18,TO052,258,258,21,STESSA,stessa,stesso,ADJ,Volume=high
258-19,TO052,258,258,22,POESIA.,poesia,poesia,NOUN,Intonation=falling|Volume=high
258-20,TO052,258,258,23,{ride},{ride},_,_,_
259-0,TO052,259,259,1,<i[o,io,io,PRON,_
259-1,TO052,259,259,2,troppo,troppo,troppo,ADV,_
259-2,TO052,259,259,3,imbarazzato>],imbarazzato,imbarazzare,VERB,_
259-3,TO052,259,259,4,rossi,rossi,Rossi,PROPN,_
259-4,TO052,259,259,5,(è),è,essere,AUX,_
259-5,TO052,259,259,6,il,il,il,DET,_
259-6,TO052,259,259,7,solito,solito,solito,ADJ,_
259-7,TO052,259,259,8,{P},{P},_,_,_
259-8,TO052,259,259,9,così,così,così,ADV,_
259-9,TO052,259,259,10,che,che,che,SCONJ,_
259-10,TO052,259,259,11,tu,tu,tu,PRON,_
259-11,TO052,259,259,12,no[n,non,non,ADV,_
259-12,TO052,259,259,13,capi°re,capire,capire,VERB,Volume=low
259-13,TO052,259,259,14,"mai,°]",mai,mai,ADV,Intonation=weakly_rising|Volume=low
260-0,TO048,260,260,1,[xx,x,x,SYM,_
260-1,TO048,260,260,2,{P},{P},_,_,_
260-2,TO048,260,260,3,xx].,xx,x,X,Intonation=falling
261-0,TO048,261,261,1,[sh:::::::].,sh,sh,X,Intonation=falling
262-0,TO052,262,262,1,°cosa?°,cosa,cosa,PRON,Intonation=rising|Volume=low
263-0,TO050,263,263,1,°non,non,non,ADV,Volume=low
263-1,TO050,263,263,2,urlate,urlate,urlare,VERB,Volume=low
263-2,TO050,263,263,3,xx,x,x,X,Volume=low
263-3,TO050,263,263,4,xx,x,x,X,Volume=low
263-4,TO050,263,263,5,x.°,x,x,X,Intonation=falling|Volume=low
264-0,TO052,264,264,1,eh.,eh,eh,INTJ,Intonation=falling
265-0,TO052,265,265,1,"e::h,",eh,eh,INTJ,Intonation=weakly_rising
266-0,TO048,266,266,1,°mi,mi,mi,PRON,Volume=low
266-1,TO048,266,266,2,presti,presti,prestare,VERB,Volume=low
266-2,TO048,266,266,3,la,la,il,DET,Volume=low
266-3,TO048,266,266,4,forbicina?°,forbicina,forbicina,NOUN,Intonation=rising|Volume=low
267-0,TO050,267,267,1,°no,no,no,ADV,Volume=low
267-1,TO050,267,267,2,perché,perché,perché,SCONJ,Volume=low
267-2,TO050,267,267,3,ho,ho,avere,AUX,Volume=low
267-3,TO050,267,267,4,pensato,pensato,pensare,VERB,Volume=low
267-4,TO050,267,267,5,che,che,che,SCONJ,Volume=low
267-5,TO050,267,267,6,x[x,x,x,X,Volume=low
267-6,TO050,267,267,7,xx°],x,x,X,Volume=low
268-0,TO052,268,268,1,[°x~,x~,x,X,Interrupted=Yes|Volume=low
268-1,TO052,268,268,2,xx],x,x,X,Volume=low
268-2,TO052,268,268,3,talmente,talmente,talmente,ADV,Volume=low
268-3,TO052,268,268,4,che,che,che,SCONJ,Volume=low
268-4,TO052,268,268,5,xx,x,x,X,Volume=low
268-5,TO052,268,268,6,io,io,io,PRON,Volume=low
268-6,TO052,268,268,7,mi,mi,mi,PRON,Volume=low
268-7,TO052,268,268,8,sono,sono,essere,AUX,Volume=low
268-8,TO052,268,268,9,cagato,cagato,cagare,VERB,Volume=low
268-9,TO052,268,268,10,addosso,addosso,addosso,ADV,Volume=low
268-10,TO052,268,268,11,perché,perché,perché,SCONJ,Volume=low
268-11,TO052,268,268,12,xx,x,x,X,Volume=low
268-12,TO052,268,268,13,cioè,cioè,cioè,CCONJ,Volume=low
268-13,TO052,268,268,14,una,una,uno,DET,Volume=low
268-14,TO052,268,268,15,figura,figura,figura,NOUN,Volume=low
268-15,TO052,268,268,16,di,di,di,ADP,Volume=low
268-16,TO052,268,268,17,merda,merda,merda,NOUN,Volume=low
268-17,TO052,268,268,18,x,x,x,X,Volume=low
268-18,TO052,268,268,19,una,una,uno,DET,Volume=low
268-19,TO052,268,268,20,persona,persona,persona,NOUN,Volume=low
268-20,TO052,268,268,21,(inespressiva).°,inespressiva,inespressivo,ADJ,Intonation=falling|Volume=low
269-0,TO052,269,269,1,°così,così,così,ADV,Volume=low
269-1,TO052,269,269,2,ecco.°,ecco,ecco,ADV,Intonation=falling|Volume=low
270-0,TO052,270,270,1,"poi,",poi,poi,ADV,Intonation=weakly_rising
271-0,TO052,271,271,1,poi,poi,poi,ADV,_
271-1,TO052,271,271,2,praticamente,praticamente,praticamente,ADV,_
271-2,TO052,271,271,3,i:,i,il,DET,ProsodicLink=Yes
271-3,TO052,271,271,4,mh,mh,mh,INTJ,_
271-4,TO052,271,271,5,mh,mh,mh,INTJ,_
271-5,TO052,271,271,6,il,il,il,DET,_
271-6,TO052,271,271,7,pomeriggio,pomeriggio,pomeriggio,NOUN,_
271-7,TO052,271,271,8,hanno,hanno,avere,AUX,_
271-8,TO052,271,271,9,parlato,parlato,parlare,VERB,_
271-9,TO052,271,271,10,i,i,il,DET,_
271-10,TO052,271,271,11,"dottorandi,",dottorandi,dottorando,NOUN,Intonation=weakly_rising
272-0,TO052,272,272,1,e::h,eh,eh,INTJ,ProsodicLink=Yes
272-1,TO052,272,272,2,"mh,",mh,mh,INTJ,Intonation=weakly_rising
273-0,TO052,273,273,1,il,il,il,DET,_
273-1,TO052,273,273,2,pomeriggio,pomeriggio,pomeriggio,NOUN,_
273-2,TO052,273,273,3,hanno,hanno,avere,AUX,_
273-3,TO052,273,273,4,parlato,parlato,parlare,VERB,_
273-4,TO052,273,273,5,i,i,il,DET,_
273-5,TO052,273,273,6,"dottorandi,",dottorandi,dottorando,NOUN,Intonation=weakly_rising
274-0,TO052,274,274,1,ed,ed,e,CCONJ,_
274-1,TO052,274,274,2,era,era,essere,VERB,_
274-2,TO052,274,274,3,la,la,il,DET,_
274-3,TO052,274,274,4,sessione,sessione,sessione,NOUN,_
274-4,TO052,274,274,5,tipo,tipo,tipo,NOUN,_
274-5,TO052,274,274,6-7,sulla,sulla,_,_,_
274-5a,_,_,274,6,_,su,su,ADP,_
274-5b,_,_,274,7,_,la,il,DET,_
274-6,TO052,274,274,8,metrica.,metrica,metrica,NOUN,Intonation=falling
275-0,TO052,275,275,1,e,e,e,CCONJ,_
275-1,TO052,275,275,2,quindi,quindi,quindi,ADV,_
275-2,TO052,275,275,3,io,io,io,PRON,_
275-3,TO052,275,275,4,"ero,",ero,essere,AUX,Intonation=weakly_rising
276-0,TO052,276,276,1,volevo,volevo,volere,AUX,_
276-1,TO052,276,276,2,capire,capire,capire,VERB,_
276-2,TO052,276,276,3,com',com',come,SCONJ,Truncated=Yes
276-3,TO052,276,276,4,è,è,essere,AUX,_
276-4,TO052,276,276,5,e,e,e,CCONJ,_
276-5,TO052,276,276,6,c',c',ci,PRON,Truncated=Yes
276-6,TO052,276,276,7,era,era,essere,VERB,_
276-7,TO052,276,276,8,un,un,uno,DET,_
276-8,TO052,276,276,9,ambiente,ambiente,ambiente,NOUN,_
276-9,TO052,276,276,10,molto,molto,molto,ADV,_
276-10,TO052,276,276,11,"competitivo,",competitivo,competitivo,ADJ,Intonation=weakly_rising
277-0,TO052,277,277,1,si,si,si,PRON,_
277-1,TO052,277,277,2,facev~,facev~,facev~,X,Interrupted=Yes
277-2,TO052,277,277,3,si,si,si,PRON,_
277-3,TO052,277,277,4,sono,sono,essere,AUX,_
277-4,TO052,277,277,5,cominciate,cominciate,cominciare,VERB,_
277-5,TO052,277,277,6,a,a,a,ADP,_
277-6,TO052,277,277,7,fare,fare,fare,VERB,_
277-7,TO052,277,277,8-9,delle,delle,_,_,_
277-7a,_,_,277,8,_,di,di,ADP,_
277-7b,_,_,277,9,_,le,il,DET,_
277-8,TO052,277,277,10,domande,domande,domanda,NOUN,_
277-9,TO052,277,277,11,"stronzissime,",stronzissime,stronze,ADJ,Intonation=weakly_rising
278-0,TO052,278,278,1,proprio,proprio,proprio,ADV,_
278-1,TO052,278,278,2,bastarde.,bastarde,bastardo,ADJ,Intonation=falling
279-0,TO052,279,279,1,a,a,a,ADP,_
279-1,TO052,279,279,2,un,un,uno,DET,_
279-2,TO052,279,279,3,cert~,cert~,cert~,X,Interrupted=Yes
279-3,TO052,279,279,4,a,a,a,ADP,_
279-4,TO052,279,279,5,contestare,contestare,contestare,VERB,_
279-5,TO052,279,279,6,qualunque,qualunque,qualunque,DET,_
279-6,TO052,279,279,7,cosa,cosa,cosa,NOUN,_
279-7,TO052,279,279,8,tra,tra,tra,ADP,_
279-8,TO052,279,279,9,di,di,di,ADP,_
279-9,TO052,279,279,10,loro.,loro,loro,PRON,Intonation=falling
280-0,TO052,280,280,1,°i,i,il,DET,Volume=low
280-1,TO052,280,280,2,dottorandi,dottorandi,dottorando,NOUN,Volume=low
280-2,TO052,280,280,3,sì.°,sì,sì,INTJ,Intonation=falling|Volume=low
281-0,TO052,281,281,1,e,e,e,CCONJ,_
281-1,TO052,281,281,2,e:,e,e,CCONJ,_
281-2,TO052,281,281,3,e::h,eh,eh,INTJ,ProsodicLink=Yes
281-3,TO052,281,281,4,mh,mh,mh,INTJ,_
281-4,TO052,281,281,5,perché,perché,perché,SCONJ,_
281-5,TO052,281,281,6,eh,eh,eh,INTJ,_
281-6,TO052,281,281,7,"comunque,",comunque,comunque,ADV,Intonation=weakly_rising
282-0,TO050,282,282,1,ma,ma,ma,CCONJ,_
282-1,TO050,282,282,2,tutti,tutti,tutto,PRON,_
282-2,TO050,282,282,3,italian[i::]?,italiani,italiani,ADJ,Intonation=rising
283-0,TO052,283,283,1,[tu,tu,tu,PRON,_
283-1,TO052,283,283,2,{P},{P},_,_,_
283-2,TO052,283,283,3,sì],sì,sì,ADV,_
283-3,TO052,283,283,4,tu,tu,tu,PRON,_
283-4,TO052,283,283,5,se,se,se,SCONJ,_
283-5,TO052,283,283,6,(smerdi),smerdi,smerdare,VERB,_
283-6,TO052,283,283,7,sì,sì,sì,ADV,_
283-7,TO052,283,283,8,o,o,o,CCONJ,_
283-8,TO052,283,283,9,o,o,o,CCONJ,_
283-9,TO052,283,283,10,italiani,italiani,italiano,ADJ,_
283-10,TO052,283,283,11,o,o,o,CCONJ,_
283-11,TO052,283,283,12,italianisti.,italianisti,italianista,ADJ,Intonation=falling
284-0,TO052,284,284,1,che:,che,che,SCONJ,_
284-1,TO052,284,284,2,tipo:,tipo,tipo,NOUN,_
284-2,TO052,284,284,3,{P},{P},_,_,_
284-3,TO052,284,284,4,polacchi,polacchi,polacco,ADJ,_
284-4,TO052,284,284,5,o,o,o,CCONJ,_
284-5,TO052,284,284,6,francesi,francesi,francese,ADJ,_
284-6,TO052,284,284,7,"però,",però,però,ADV,Intonation=weakly_rising
285-0,TO050,285,285,1,ah,ah,ah,INTJ,_
285-1,TO050,285,285,2,okay.,okay,ok,INTJ,Intonation=falling
286-0,TO052,286,286,1,"però,",però,però,ADV,Intonation=weakly_rising
287-0,TO050,287,287,1,°ah,ah,ah,INTJ,Volume=low
287-1,TO050,287,287,2,ah.°,ah,ah,INTJ,Intonation=falling|Volume=low
288-0,TO052,288,288,1,però,però,però,ADV,_
288-1,TO052,288,288,2,comunque,comunque,comunque,ADV,_
288-2,TO052,288,288,3,gente,gente,gente,NOUN,_
288-3,TO052,288,288,4,che,che,che,PRON,_
288-4,TO052,288,288,5,parlava,parlava,parlare,VERB,_
288-5,TO052,288,288,6,in,in,in,ADP,_
288-6,TO052,288,288,7,italiano.,italiano,italiano,NOUN,Intonation=falling
289-0,TO050,289,289,1,°che,che,che,SCONJ,Volume=low
289-1,TO050,289,289,2,state,state,stare,AUX,Volume=low
289-2,TO050,289,289,3,facendo?°,facendo,fare,VERB,Intonation=rising|Volume=low
290-0,TO052,290,290,1,°>piano,piano,piano,ADJ,Volume=low
290-1,TO052,290,290,2,piano,piano,piano,ADJ,Volume=low
290-2,TO052,290,290,3,piano<,piano,piano,ADJ,Volume=low
290-3,TO052,290,290,4,troppo.°,troppo,troppo,ADV,Intonation=falling|Volume=low
291-0,TO048,291,291,1,°xx.°,xx,x,X,Intonation=falling|Volume=low
292-0,TO052,292,292,1,e,e,e,CCONJ,_
292-1,TO052,292,292,2,"[e:],",e,e,CCONJ,Intonation=weakly_rising
293-0,TO050,293,293,1,[stai,stai,stare,AUX,_
293-1,TO050,293,293,2,p]rovando,provando,provare,VERB,_
293-2,TO050,293,293,3,il,il,il,DET,_
293-3,TO050,293,293,4,colore,colore,colore,NOUN,_
293-4,TO050,293,293,5-6,del,del,_,_,_
293-4a,_,_,293,5,_,di,di,ADP,_
293-4b,_,_,293,6,_,il,il,DET,_
293-5,TO050,293,293,7,tatuaggio?,tatuaggio,tatuaggio,NOUN,Intonation=rising
294-0,TO048,294,294,0,{ride},{ride},_,X,_
295-0,TO052,295,295,1,"e:h,",eh,eh,INTJ,Intonation=weakly_rising
296-0,TO050,296,296,1,xx,x,x,X,_
297-0,TO048,297,297,1,{ride},{ride},_,_,_
297-1,TO048,297,297,2,o,o,o,CCONJ,_
297-2,TO048,297,297,3,mio,mio,mio,DET,_
297-3,TO048,297,297,4,dio,dio,dio,NOUN,_
297-4,TO048,297,297,5,non,non,non,ADV,_
297-5,TO048,297,297,6,pensavo,pensavo,pensare,VERB,_
297-6,TO048,297,297,7,che,che,che,SCONJ,_
297-7,TO048,297,297,8,facessi,facessi,fare,VERB,_
297-8,TO048,297,297,9,così,così,così,ADV,_
297-9,TO048,297,297,10,[xx].,xx,x,X,Intonation=falling
298-0,TO050,298,298,1,[xx]xxxxxx,x,x,X,_
299-0,TO048,299,299,1,ma,ma,ma,CCONJ,_
299-1,TO048,299,299,2,perché,perché,perché,SCONJ,_
299-2,TO048,299,299,3,(deve,deve,dovere,AUX,_
299-3,TO048,299,299,4,fare,fare,fare,VERB,_
299-4,TO048,299,299,5,male)?,male,male,ADV,Intonation=rising
300-0,TO050,300,300,1,(non),non,non,ADV,_
300-1,TO050,300,300,2,so,so,sapere,VERB,_
300-2,TO050,300,300,3,forse,forse,forse,ADV,_
300-3,TO050,300,300,4,è,è,essere,AUX,_
300-4,TO050,300,300,5,più,più,più,ADV,_
300-5,TO050,300,300,6,più,più,più,ADV,_
300-6,TO050,300,300,7,"impressione:,",impressione,impressione,NOUN,Intonation=weakly_rising
300-7,TO050,300,300,8,mh.,mh,mh,INTJ,Intonation=falling
301-0,TO048,301,301,1,cioè,cioè,cioè,CCONJ,_
301-1,TO048,301,301,2,prima,prima,prima,ADV,_
301-2,TO048,301,301,3,tropp~,tropp~,troppo,ADV,Interrupted=Yes
301-3,TO048,301,301,4,prima,prima,prima,ADV,_
301-4,TO048,301,301,5,troppo,troppo,troppo,ADV,_
301-5,TO048,301,301,6,poco,poco,poco,ADV,_
301-6,TO048,301,301,7,e,e,e,CCONJ,_
301-7,TO048,301,301,8,adesso,adesso,adesso,ADV,_
301-8,TO048,301,301,9,tro:ppo:.,troppo,troppo,ADV,Intonation=falling
302-0,TO050,302,302,1,va,va,andare,VERB,_
302-1,TO050,302,302,2,bene,bene,bene,ADV,_
302-2,TO050,302,302,3,così.,così,così,ADV,Intonation=falling
303-0,TO048,303,303,1,certo,certo,certo,ADV,_
303-1,TO048,303,303,2,che,che,che,SCONJ,_
303-2,TO048,303,303,3,va,va,andare,VERB,_
303-3,TO048,303,303,4,bene,bene,bene,ADV,_
303-4,TO048,303,303,5,così.,così,così,ADV,Intonation=falling
304-0,TO052,304,304,1,"e::h,",eh,eh,INTJ,Intonation=weakly_rising
305-0,TO052,305,305,1,e,e,e,CCONJ,_
305-1,TO052,305,305,2,(allora),allora,allora,ADV,_
305-2,TO052,305,305,3,"praticamente,",praticamente,praticamente,ADV,Intonation=weakly_rising
306-0,TO052,306,306,1,figure,figure,figura,NOUN,_
306-1,TO052,306,306,2,"di,",di,di,ADP,Intonation=weakly_rising
307-0,TO048,307,307,1,certo.,certo,certo,ADV,Intonation=falling
308-0,TO050,308,308,1,xxxxxxxxxx,x,,X,_
309-0,TO048,309,309,1,aspetta,aspetta,aspettare,VERB,_
309-1,TO048,309,309,2,deve,deve,dovere,AUX,_
309-2,TO048,309,309,3,essere,essere,essere,AUX,_
309-3,TO048,309,309,4,perfetto,perfetto,perfetto,ADJ,_
309-4,TO048,309,309,5,xx,x,x,X,_
309-5,TO048,309,309,6,xx,x,x,X,_
309-6,TO048,309,309,7,così.,così,così,ADV,Intonation=falling
310-0,TO048,310,310,1,sì,sì,sì,ADV,_
310-1,TO048,310,310,2,era,era,essere,AUX,_
310-2,TO048,310,310,3,perfetto,perfetto,perfetto,ADJ,_
310-3,TO048,310,310,4,perché,perché,perché,SCONJ,_
310-4,TO048,310,310,5,l',l',lo,PRON,Truncated=Yes
310-5,TO048,310,310,6,hai,hai,avere,VERB,_
310-6,TO048,310,310,7,xx,x,x,X,_
310-7,TO048,310,310,8,xx,x,x,X,_
310-8,TO048,310,310,9,quindi?,quindi,quindi,ADV,Intonation=rising
311-0,TO052,311,311,1,e,e,e,CCONJ,_
311-1,TO052,311,311,2,a,a,a,ADP,_
311-2,TO052,311,311,3,un,un,uno,DET,_
311-3,TO052,311,311,4,certo,certo,certo,ADJ,_
311-4,TO052,311,311,5,punto,punto,punto,NOUN,_
311-5,TO052,311,311,6,qualcuno,qualcuno,qualcuno,PRON,_
311-6,TO052,311,311,7,ha,ha,avere,AUX,_
311-7,TO052,311,311,8,detto,detto,dire,VERB,_
311-8,TO052,311,311,9,{P},{P},_,_,_
311-9,TO052,311,311,10,secondo,secondo,secondo,ADP,_
311-10,TO052,311,311,11,me,me,me,PRON,_
311-11,TO052,311,311,12,quello,quello,quello,PRON,_
311-12,TO052,311,311,13,non,non,non,ADV,_
311-13,TO052,311,311,14,è,è,essere,AUX,_
311-14,TO052,311,311,15,un,un,uno,DET,_
311-15,TO052,311,311,16,endecasillabo.,endecasillabo,endecasillabo,NOUN,Intonation=falling
312-0,TO052,312,312,1,e,e,e,CCONJ,_
312-1,TO052,312,312,2,quindi,quindi,quindi,ADV,_
312-2,TO052,312,312,3,ha,ha,avere,AUX,_
312-3,TO052,312,312,4,dovuto,dovuto,dovere,AUX,_
312-4,TO052,312,312,5,spiegare,spiegare,spiegare,VERB,_
312-5,TO052,312,312,6,che~,che~,che~,X,Interrupted=Yes
313-0,TO048,313,313,1,xx,x,x,X,_
313-1,TO048,313,313,2,p[esa:nte].,pesante,pesante,ADJ,Intonation=falling
314-0,TO050,314,314,1,[ha,ha,avere,AUX,_
314-1,TO050,314,314,2,dovuto,dovuto,dovere,AUX,_
314-2,TO050,314,314,3,spiegare,spiegare,spiegare,VERB,_
314-3,TO050,314,314,4,"(che)],",che,che,SCONJ,Intonation=weakly_rising
315-0,TO052,315,315,1,[cioè,cioè,cioè,CCONJ,_
315-1,TO052,315,315,2-3,ne]l,nel,_,_,_
315-1a,_,_,315,2,_,in,in,ADP,_
315-1b,_,_,315,3,_,il,il,DET,_
315-2,TO052,315,315,4,senso,senso,senso,NOUN,_
315-3,TO052,315,315,5,proprio,proprio,proprio,ADJ,_
315-4,TO052,315,315,6,tipo,tipo,tipo,NOUN,_
315-5,TO052,315,315,7,{P},{P},_,_,_
315-6,TO052,315,315,8,a,a,a,ADP,_
315-7,TO052,315,315,9,contestare:,contestare,contestare,VERB,_
315-8,TO052,315,315,10,anche,anche,anche,ADV,_
315-9,TO052,315,315,11,le,le,il,DET,_
315-10,TO052,315,315,12,cose:,cose,cosa,NOUN,_
315-11,TO052,315,315,13,"pi[ù::],",più,più,ADV,Intonation=weakly_rising
316-0,TO048,316,316,1,[ov]vie.,ovvie,ovvio,ADJ,Intonation=falling
317-0,TO052,317,317,1,°sì.°,sì,sì,ADV,Intonation=falling|Volume=low
318-0,TO048,318,318,1,ma,ma,ma,CCONJ,_
318-1,TO048,318,318,2,perché,perché,perché,SCONJ,_
318-2,TO048,318,318,3,[questa,questa,questo,DET,_
318-3,TO048,318,318,4,cosa]?,cosa,cosa,NOUN,Intonation=rising
319-0,TO050,319,319,1,[ma,ma,ma,CCONJ,_
319-1,TO050,319,319,2,era,era,essere,AUX,_
319-2,TO050,319,319,3,un,un,uno,DET,_
319-3,TO050,319,319,4,>end]ecasillabo<,endecasillabo,endecasillabo,NOUN,_
319-4,TO050,319,319,5,era:,era,essere,AUX,ProsodicLink=Yes
319-5,TO050,319,319,6,mh,mh,mh,INTJ,_
319-6,TO050,319,319,7,{P},{P},_,_,_
319-7,TO050,319,319,8,mh.,mh,mh,INTJ,Intonation=falling
320-0,TO052,320,320,1,non,non,non,ADV,_
320-1,TO052,320,320,2,lo,lo,lo,PRON,_
320-2,TO052,320,320,3,so,so,sapere,VERB,_
320-3,TO052,320,320,4,{P},{P},_,_,_
320-4,TO052,320,320,5,non,non,non,ADV,_
320-5,TO052,320,320,6,lo,lo,lo,PRON,_
320-6,TO052,320,320,7,so,so,sapere,VERB,_
320-7,TO052,320,320,8,sinceramente,sinceramente,sinceramente,ADV,_
320-8,TO052,320,320,9,in,in,in,ADP,_
320-9,TO052,320,320,10,quel,quel,quello,DET,_
320-10,TO052,320,320,11,momento,momento,momento,NOUN,_
320-11,TO052,320,320,12,ero,ero,essere,AUX,_
320-12,TO052,320,320,13,troppo,troppo,troppo,ADV,_
320-13,TO052,320,320,14,terrorizzato,terrorizzato,terrorizzare,VERB,_
320-14,TO052,320,320,15,per,per,per,ADP,_
320-15,TO052,320,320,16,pensare.,pensare,pensare,VERB,Intonation=falling
321-0,TO048,321,321,1,MA,ma,ma,CCONJ,Volume=high
321-1,TO048,321,321,2,SEI,sei,essere,AUX,Volume=high
321-2,TO048,321,321,3,SCEMO,scemo,scemo,ADJ,Volume=high
321-3,TO048,321,321,4,CHE,che,che,SCONJ,Volume=high
321-4,TO048,321,321,5,TIRI,tiri,tirare,VERB,Volume=high
321-5,TO048,321,321,6,(INDIETRO),indietro,indietro,ADV,Volume=high
321-6,TO048,321,321,7,IL,il,il,DET,Volume=high
321-7,TO048,321,321,8,DITO,dito,dito,NOUN,Volume=high
321-8,TO048,321,321,9,MA,ma,ma,CCONJ,Volume=high
321-9,TO048,321,321,10,IO,io,io,PRON,Volume=high
321-10,TO048,321,321,11,TI,ti,ti,PRON,Volume=high
321-11,TO048,321,321,12,TAGLIO,taglio,tagliare,VERB,Volume=high
321-12,TO048,321,321,13,COSÌ,così,così,ADV,Volume=high
321-13,TO048,321,321,14,COGLIONE.,coglione,coglione,NOUN,Intonation=falling|Volume=high
321-14,TO048,321,321,15,{ride},{ride},_,_,_
322-0,TO048,322,322,1,non,non,non,ADV,_
322-1,TO048,322,322,2-3,farlo,farlo,_,_,_
322-1a,_,_,322,2,_,far,fare,VERB,_
322-1b,_,_,322,3,_,lo,lo,PRON,_
322-2,TO048,322,322,4,mai,mai,mai,ADV,_
322-3,TO048,322,322,5,più::.,più,più,ADV,Intonation=falling
323-0,TO050,323,323,1,no,no,no,ADV,_
323-1,TO050,323,323,2,deve:,deve,dovere,AUX,_
323-2,TO050,323,323,3,{P},{P},_,_,_
323-3,TO050,323,323,4,beppe.,beppe,Beppe,PROPN,Intonation=falling
324-0,TO050,324,324,1,xxxxxx,x,x,X,_
325-0,TO050,325,325,1,fidati.,fidati,fidarsi,VERB,Intonation=falling
326-0,TO048,326,326,1,cioè,cioè,cioè,CCONJ,_
326-1,TO048,326,326,2,si,si,si,PRON,_
326-2,TO048,326,326,3,fa,fa,fare,VERB,_
326-3,TO048,326,326,4,male,male,male,ADV,_
326-4,TO048,326,326,5,a,a,a,ADP,_
326-5,TO048,326,326,6-7,tagliarsi,tagliarsi,_,_,_
326-5a,_,_,326,6,_,tagliar,tagliare,VERB,_
326-5b,_,_,326,7,_,si,si,PRON,_
326-6,TO048,326,326,8,le,le,il,DET,_
326-7,TO048,326,326,9,unghie,unghie,unghia,NOUN,_
326-8,TO048,326,326,10,capisci?,capisci,capire,VERB,Intonation=rising
327-0,TO050,327,327,1,tu,tu,tu,PRON,_
327-1,TO050,327,327,2,ti,ti,ti,PRON,_
327-2,TO050,327,327,3,immagini,immagini,immaginare,VERB,_
327-3,TO050,327,327,4,questa,questa,questo,DET,_
327-4,TO050,327,327,5,scena,scena,scena,NOUN,_
327-5,TO050,327,327,6,xx,x,x,X,_
327-6,TO050,327,327,7,dolore?,dolore,dolore,NOUN,Intonation=rising
328-0,TO050,328,328,1,xxxx,x,x,X,_
328-1,TO050,328,328,2,[xx],x,x,X,_
328-2,TO050,328,328,3,xxxx[x],x,x,X,_
329-0,TO048,329,329,1,[esatto].,esatto,esatto,ADJ,Intonation=falling
330-0,TO052,330,330,1,[x]xxxx,x,decimo,X,_
331-0,TO048,331,331,1,cioè,cioè,cioè,CCONJ,_
331-1,TO048,331,331,2,però,però,però,ADV,_
331-2,TO048,331,331,3,>non,non,non,ADV,_
331-3,TO048,331,331,4,puoi,puoi,potere,AUX,_
331-4,TO048,331,331,5,fare,fare,fare,VERB,_
331-5,TO048,331,331,6,una,una,uno,DET,_
331-6,TO048,331,331,7,cosa,cosa,cosa,NOUN,_
331-7,TO048,331,331,8-9,del,del,_,_,_
331-7a,_,_,331,8,_,di,di,ADP,_
331-7b,_,_,331,9,_,il,il,DET,_
331-8,TO048,331,331,10,genere,genere,genere,NOUN,_
331-9,TO048,331,331,11,con,con,con,ADP,_
331-10,TO048,331,331,12,una,una,uno,DET,_
331-11,TO048,331,331,13,persona,persona,persona,NOUN,_
331-12,TO048,331,331,14,che,che,che,PRON,_
331-13,TO048,331,331,15,ha,ha,avere,VERB,_
331-14,TO048,331,331,16,le,le,il,DET,_
331-15,TO048,331,331,17,forbici,forbici,forbice,NOUN,_
331-16,TO048,331,331,18,in,in,in,ADP,_
331-17,TO048,331,331,19,mano<,mano,mano,NOUN,_
331-18,TO048,331,331,20,mi,mi,mi,PRON,_
331-19,TO048,331,331,21,sono,sono,essere,AUX,_
331-20,TO048,331,331,22,spaventata,spaventata,spaventare,VERB,_
331-21,TO048,331,331,23,da,da,da,ADP,_
331-22,TO048,331,331,24,morire,morire,morire,VERB,_
331-23,TO048,331,331,25,che,che,che,SCONJ,_
331-24,TO048,331,331,26,ti,ti,ti,PRON,_
331-25,TO048,331,331,27,conficcavo,conficcavo,conficcare,VERB,_
331-26,TO048,331,331,28,la,la,il,DET,_
331-27,TO048,331,331,29,forbice,forbice,forbice,NOUN,_
331-28,TO048,331,331,30-31,[nel,nel,_,_,_
331-28a,_,_,331,30,_,in,in,ADP,_
331-28b,_,_,331,31,_,il,il,DET,_
331-29,TO048,331,331,32,"dito],",dito,dito,NOUN,Intonation=weakly_rising
332-0,TO052,332,332,1,[ora,ora,ora,ADV,_
332-1,TO052,332,332,2,come,come,come,SCONJ,_
332-2,TO052,332,332,3,fac]ciamo?,facciamo,fare,VERB,Intonation=rising
333-0,TO048,333,333,1,se,se,se,SCONJ,_
333-1,TO048,333,333,2,tu,tu,tu,PRON,_
333-2,TO048,333,333,3,stai,stai,stare,VERB,_
333-3,TO048,333,333,4,u[n,un,uno,DET,_
333-4,TO048,333,333,5,attimo,attimo,attimo,NOUN,_
333-5,TO048,333,333,6,fermo.,fermo,fermo,ADJ,Intonation=falling
333-6,TO048,333,333,7,<stai],stai,stare,VERB,_
333-7,TO048,333,333,8,fermo,fermo,fermo,ADJ,_
333-8,TO048,333,333,9,un,un,uno,DET,_
333-9,TO048,333,333,10,attimo>.,attimo,attimo,NOUN,Intonation=falling
334-0,TO052,334,334,1,[che,che,che,PRON,_
334-1,TO052,334,334,2,è,è,essere,AUX,_
334-2,TO052,334,334,3,molto,molto,molto,ADV,_
334-3,TO052,334,334,4,interno].,interno,interno,ADJ,Intonation=falling
335-0,TO048,335,335,1,buon,buon,buono,ADJ,_
335-1,TO048,335,335,2,dio.,dio,dio,NOUN,Intonation=falling
336-0,TO050,336,336,1,"io,",io,io,PRON,Intonation=weakly_rising
337-0,TO050,337,337,1,(per,per,per,ADP,_
337-1,TO050,337,337,2,mezza,mezza,mezzo,ADJ,_
337-2,TO050,337,337,3,"xx,)",xx,x,X,Intonation=weakly_rising
338-0,TO050,338,338,1,°quindi,quindi,quindi,ADV,Volume=low
338-1,TO050,338,338,2,"pensa,°",pensa,pensare,VERB,Intonation=weakly_rising|Volume=low
339-0,TO052,339,339,1,>no,no,no,ADV,_
339-1,TO052,339,339,2,no,no,no,ADV,_
339-2,TO052,339,339,3,no,no,no,ADV,_
339-3,TO052,339,339,4,no,no,no,ADV,_
339-4,TO052,339,339,5,no,no,no,ADV,_
339-5,TO052,339,339,6,no<.,no,no,ADV,Intonation=falling
340-0,TO048,340,340,1-3,fallo,fallo,_,_,_
340-0a,_,_,340,1,_,fal,fare,VERB,
340-0b,_,_,340,3,_,lo,lo,PRON,
340-1,TO048,340,340,2,tu.,tu,tu,PRON,Intonation=falling
341-0,TO050,341,341,1,°ma,ma,ma,CCONJ,Volume=low
341-1,TO050,341,341,2,perché,perché,perché,SCONJ,Volume=low
341-2,TO050,341,341,3,non,non,non,ADV,Volume=low
341-3,TO050,341,341,4,te,te,te,PRON,Volume=low
341-4,TO050,341,341,5,la,la,la,PRON,Volume=low
341-5,TO050,341,341,6,fai,fai,fare,VERB,Volume=low
341-6,TO050,341,341,7,"xxx,°",xxx,,X,Intonation=weakly_rising|Volume=low
342-0,TO048,342,342,1,{ride},{ride},_,_,_
342-1,TO048,342,342,2,(che,che,che,PRON,_
342-2,TO048,342,342,3,faccia,faccia,faccia,NOUN,_
342-3,TO048,342,342,4,hai?),hai,avere,VERB,Intonation=rising
342-4,TO048,342,342,5,{ride},{ride},_,_,_
342-5,TO048,342,342,6,madonna,madonna,madonna,NOUN,_
342-6,TO048,342,342,7,"mia,",mia,mio,DET,Intonation=weakly_rising
342-7,TO048,342,342,8,{ride},{ride},_,_,_
343-0,TO048,343,343,1,{ride},{ride},_,_,_
343-1,TO048,343,343,2,ma,ma,ma,CCONJ,_
343-2,TO048,343,343,3,c',c',ci,PRON,Truncated=Yes
343-3,TO048,343,343,4,è,è,essere,VERB,_
343-4,TO048,343,343,5,ancora,ancora,ancora,ADV,_
343-5,TO048,343,343,6,tutto,tutto,tutto,DET,_
343-6,TO048,343,343,7,"là,",là,là,ADV,Intonation=weakly_rising
343-7,TO048,343,343,8,{ride},{ride},_,_,_
343-8,TO048,343,343,9,cazzo,cazzo,cazzo,NOUN,_
343-9,TO048,343,343,10,di,di,di,ADP,_
343-10,TO048,343,343,11,mummie.,mummie,mummia,NOUN,Intonation=falling
344-0,TO048,344,344,1,quindi,quindi,quindi,ADV,_
344-1,TO048,344,344,2,stavi,stavi,stare,AUX,_
344-2,TO048,344,344,3,dicendo?,dicendo,dire,VERB,Intonation=rising
345-0,TO052,345,345,1,io,io,io,PRON,_
345-1,TO052,345,345,2,mh,mh,mh,INTJ,_
345-2,TO052,345,345,3,mh,mh,mh,INTJ,_
345-3,TO052,345,345,4,ero,ero,essere,AUX,_
345-4,TO052,345,345,5,terrorizzato,terrorizzato,terrorizzare,VERB,_
345-5,TO052,345,345,6,e,e,e,CCONJ,_
345-6,TO052,345,345,7,quindi,quindi,quindi,ADV,_
345-7,TO052,345,345,8,non,non,non,ADV,_
345-8,TO052,345,345,9,ho,ho,avere,AUX,_
345-9,TO052,345,345,10,detto,detto,dire,VERB,_
345-10,TO052,345,345,11,niente,niente,niente,PRON,_
345-11,TO052,345,345,12,no?,no,no,ADV,Intonation=rising
346-0,TO048,346,346,1,no,no,no,ADV,_
346-1,TO048,346,346,2,quello,quello,quello,PRON,_
346-2,TO048,346,346,3,c',c',ci,PRON,Truncated=Yes
346-3,TO048,346,346,4,erano,erano,essere,VERB,_
346-4,TO048,346,346,5,le,le,il,DET,_
346-5,TO048,346,346,6,xxx.,xxx,x,X,Intonation=falling
347-0,TO052,347,347,1,xx,x,x,x,_
348-0,TO048,348,348,1,{ride},{ride},_,_,_
348-1,TO048,348,348,2,no:,no,no,ADV,_
348-2,TO048,348,348,3,(è,è,essere,AUX,_
348-3,TO048,348,348,4,un,un,uno,DET,_
348-4,TO048,348,348,5,tarlo.),tarlo,tarlo,NOUN,Intonation=falling
349-0,TO050,349,349,1,xx,x,x,X,_
350-0,TO048,350,350,1,"a::h,",ah,ah,INTJ,Intonation=weakly_rising
351-0,TO048,351,351,1,cosa,cosa,cosa,PRON,_
351-1,TO048,351,351,2,faceva,faceva,fare,VERB,_
351-2,TO048,351,351,3,xx?,xx,x,X,Intonation=rising
352-0,TO048,352,352,1,è,è,essere,VERB,_
352-1,TO048,352,352,2,a,a,a,ADP,_
352-2,TO048,352,352,3,casa?,casa,casa,NOUN,Intonation=rising
353-0,TO052,353,353,1,sì.,sì,sì,ADV,Intonation=falling
354-0,TO052,354,354,1,perché,perché,perché,SCONJ,_
354-1,TO052,354,354,2,mi,mi,mi,PRON,_
354-2,TO052,354,354,3,hai,hai,avere,AUX,_
354-3,TO052,354,354,4,fatto,fatto,fare,VERB,_
354-4,TO052,354,354,5,xxx,x,x,X,_
354-5,TO052,354,354,6,mi,mi,mi,PRON,_
354-6,TO052,354,354,7,faceva,faceva,fare,VERB,_
354-7,TO052,354,354,8,male,male,male,ADV,_
354-8,TO052,354,354,9,capito?,capito,capire,VERB,Intonation=rising
355-0,TO048,355,355,1,ho,ho,avere,AUX,_
355-1,TO048,355,355,2,capito,capito,capire,VERB,_
355-2,TO048,355,355,3,"però,",però,però,ADV,Intonation=weakly_rising
356-0,TO052,356,356,1,perché,perché,perché,SCONJ,_
356-1,TO052,356,356,2,in,in,in,ADP,_
356-2,TO052,356,356,3,mezzo,mezzo,mezzo,NOUN,_
356-3,TO052,356,356,4-5,al,al,_,_,_
356-3a,_,_,356,4,_,a,a,ADP,_
356-3b,_,_,356,5,_,il,il,DET,_
356-4,TO052,356,356,6-7,al,al,_,_,_
356-4a,_,_,356,6,_,a,a,ADP,_
356-4b,_,_,356,7,_,il,il,DET,_
356-5,TO052,356,356,8,"ro:sa,",rosa,rosa,NOUN,Intonation=weakly_rising
357-0,TO050,357,357,1,vabbè,vabbè,vabbè,CCONJ,_
357-1,TO050,357,357,2,{P},{P},_,_,_
357-2,TO050,357,357,3-13,fallo,fallo,_,_,_
357-2a,_,_,357,3,_,fal,fare,VERB,
357-2b,_,_,357,13,_,lo,lo,PRON,
357-3,TO050,357,357,4,però,però,però,ADV,_
357-4,TO050,357,357,5,più,più,più,ADV,_
357-5,TO050,357,357,6,grande,grande,grande,ADJ,_
357-6,TO050,357,357,7,in,in,in,ADP,_
357-7,TO050,357,357,8,modo,modo,modo,NOUN,_
357-8,TO050,357,357,9,da,da,da,ADP,_
357-9,TO050,357,357,10,xx,x,x,X,_
357-10,TO050,357,357,11,xx,x,x,X,_
357-11,TO050,357,357,12,xx.,xx,x,X,Intonation=falling
358-0,TO048,358,358,1,xxxx,x,x,X,_
359-0,TO050,359,359,1,x,x,x,X,_
360-0,TO050,360,360,1,dovevi,dovevi,dovere,AUX,_
360-1,TO050,360,360,2,proprio,proprio,proprio,ADV,_
360-2,TO050,360,360,3-4,farlo,farlo,_,_,_
360-2a,_,_,360,3,_,far,fare,VERB,_
360-2b,_,_,360,4,_,lo,il,DET,_
360-3,TO050,360,360,5,male?,male,male,ADV,Intonation=rising
361-0,TO048,361,361,1,e,e,e,CCONJ,_
361-1,TO048,361,361,2,quindi,quindi,quindi,ADV,_
361-2,TO048,361,361,3,c',c',ci,PRON,Truncated=Yes
361-3,TO048,361,361,4,era,era,essere,VERB,_
361-4,TO048,361,361,5,il,il,il,DET,_
361-5,TO048,361,361,6,professore,professore,professore,NOUN,_
361-6,TO048,361,361,7,(di),di,di,ADP,_
361-7,TO048,361,361,8,"dottorato,",dottorato,dottorato,NOUN,Intonation=weakly_rising
362-0,TO052,362,362,1,e,e,e,CCONJ,_
362-1,TO052,362,362,2,quindi,quindi,quindi,ADV,_
362-2,TO052,362,362,3,xx,x,x,X,_
362-3,TO052,362,362,4,{P},{P},_,_,_
362-4,TO052,362,362,5,no,no,no,ADV,_
362-5,TO052,362,362,6,ma,ma,ma,CCONJ,_
362-6,TO052,362,362,7,io,io,io,PRON,_
362-7,TO052,362,362,8,sono,sono,essere,AUX,_
362-8,TO052,362,362,9,stato,stato,essere,VERB,_
362-9,TO052,362,362,10,anche,anche,anche,ADV,_
362-10,TO052,362,362,11,quando,quando,quando,SCONJ,_
362-11,TO052,362,362,12,c',c',ci,PRON,Truncated=Yes
362-12,TO052,362,362,13,era,era,essere,VERB,_
362-13,TO052,362,362,14,qualcosa,qualcosa,qualcosa,PRON,_
362-14,TO052,362,362,15,da,da,da,ADP,_
362-15,TO052,362,362,16,poter,poter,potere,AUX,_
362-16,TO052,362,362,17,"dire,",dire,dire,VERB,Intonation=weakly_rising
363-0,TO052,363,363,1,i~,i~,i~,X,Interrupted=Yes
363-1,TO052,363,363,2,io,io,io,PRON,_
363-2,TO052,363,363,3,sono,sono,essere,AUX,_
363-3,TO052,363,363,4,stato,stato,essere,VERB,_
363-4,TO052,363,363,5,sempre::,sempre,sempre,ADV,_
363-5,TO052,363,363,6,{ride},{ride},_,_,_
364-0,TO048,364,364,1,x,x,x,X,_
365-0,TO048,365,365,1,n~,n~,n~,X,Interrupted=Yes|ProsodicLink=Yes
365-1,TO048,365,365,2,non,non,non,ADV,_
365-2,TO048,365,365,3,sei,sei,essere,AUX,_
365-3,TO048,365,365,4,intervenuto?,intervenuto,intervenire,VERB,Intonation=rising
366-0,TO052,366,366,1,no.,no,no,ADV,Intonation=falling
367-0,TO048,367,367,1,è,è,essere,AUX,_
367-1,TO048,367,367,2,per,per,per,ADP,_
367-2,TO048,367,367,3,questo,questo,questo,PRON,_
367-3,TO048,367,367,4,che,che,che,PRON,_
367-4,TO048,367,367,5,sei,sei,essere,AUX,_
367-5,TO048,367,367,6,andato,andato,andare,VERB,_
367-6,TO048,367,367,7,un,un,uno,DET,_
367-7,TO048,367,367,8,po',po',poco,ADV,_
367-8,TO048,367,367,9,ma[le]?,male,male,ADV,Intonation=rising
368-0,TO052,368,368,1,[no],no,no,ADV,_
368-1,TO052,368,368,2,ma,ma,ma,CCONJ,_
368-2,TO052,368,368,3,aspetta.,aspetta,aspettare,VERB,Intonation=falling
369-0,TO052,369,369,1,"poi,",poi,poi,ADV,Intonation=weakly_rising
370-0,TO048,370,370,1,no,no,no,ADV,_
370-1,TO048,370,370,2,non,non,non,ADV,_
370-2,TO048,370,370,3,(quelli,quelli,quello,PRON,_
370-3,TO048,370,370,4,là.),là,là,ADV,Intonation=falling
371-0,TO048,371,371,1,"però,",però,però,ADV,Intonation=weakly_rising
372-0,TO048,372,372,1,facciamo,facciamo,fare,VERB,_
372-1,TO048,372,372,2,che,che,che,SCONJ,_
372-2,TO048,372,372,3,vado,vado,andare,VERB,_
372-3,TO048,372,372,4,più,più,più,ADV,_
372-4,TO048,372,372,5,piano,piano,piano,ADV,_
372-5,TO048,372,372,6,p[erò,però,però,ADV,_
372-6,TO048,372,372,7,tu],tu,tu,PRON,_
372-7,TO048,372,372,8,me,me,me,PRON,_
372-8,TO048,372,372,9,lo,lo,lo,PRON,_
372-9,TO048,372,372,10,dici.,dici,dire,VERB,Intonation=falling
373-0,TO052,373,373,1,[sì].,sì,sì,ADV,Intonation=falling
374-0,TO052,374,374,1,xxxxxx,x,x,X,_
375-0,TO050,375,375,1,si,si,si,PRON,_
375-1,TO050,375,375,2,lasciano,lasciano,lasciare,VERB,_
375-2,TO050,375,375,3,tutti.,tutti,tutto,PRON,Intonation=falling
376-0,TO048,376,376,1,ma,ma,ma,CCONJ,_
376-1,TO048,376,376,2,se,se,se,SCONJ,_
376-2,TO048,376,376,3,tu,tu,tu,PRON,_
376-3,TO048,376,376,4,prima,prima,prima,ADV,_
376-4,TO048,376,376,5,hai,hai,avere,AUX,_
376-5,TO048,376,376,6,detto,detto,dire,VERB,_
376-6,TO048,376,376,7,che,che,che,SCONJ,_
376-7,TO048,376,376,8,volevi,volevi,volere,AUX,_
376-8,TO048,376,376,9,[xx,x,x,X,_
376-9,TO048,376,376,10,xx].,xx,x,X,Intonation=falling
377-0,TO052,377,377,1,[no,no,no,ADV,_
377-1,TO052,377,377,2,ma,ma,ma,CCONJ,_
377-2,TO052,377,377,3,prima,prima,prima,ADV,_
377-3,TO052,377,377,4,l',l',lo,PRON,Truncated=Yes
377-4,TO052,377,377,5,ha]i,hai,avere,AUX,_
377-5,TO052,377,377,6,fatto,fatto,fare,VERB,_
377-6,TO052,377,377,7,proprio,proprio,proprio,ADV,_
377-7,TO052,377,377,8,troppo,troppo,troppo,ADV,_
377-8,TO052,377,377,9,poco.,poco,poco,ADV,Intonation=falling
378-0,TO048,378,378,1,°okay.,okay,ok,INTJ,Intonation=falling|Volume=low
378-1,TO048,378,378,2,xx,x,x,X,Volume=low
378-2,TO048,378,378,3,xx,x,x,X,Volume=low
378-3,TO048,378,378,4,x.°,x,x,X,Intonation=falling|Volume=low
379-0,TO050,379,379,1,cosa,cosa,cosa,PRON,_
379-1,TO050,379,379,2,direbbe,direbbe,dire,VERB,_
379-2,TO050,379,379,3,xx,x,x,X,_
379-3,TO050,379,379,4,(ti,ti,ti,PRON,_
379-4,TO050,379,379,5,porto,porto,portare,VERB,_
379-5,TO050,379,379,6,fuori.),fuori,fuori,ADV,Intonation=falling
380-0,TO048,380,380,1,perché,perché,perché,SCONJ,_
380-1,TO048,380,380,2,xx,x,x,X,_
380-2,TO048,380,380,3,xx,x,x,X,_
380-3,TO048,380,380,4,xx.,xx,x,X,Intonation=falling
381-0,TO050,381,381,1,no,no,no,ADV,_
381-1,TO050,381,381,2,però,però,però,ADV,_
381-2,TO050,381,381,3-4,nel,nel,_,_,_
381-2a,_,_,381,3,_,in,in,ADP,_
381-2b,_,_,381,4,_,il,il,DET,_
381-3,TO050,381,381,5,senso,senso,senso,NOUN,_
381-4,TO050,381,381,6,perché,perché,perché,SCONJ,_
381-5,TO050,381,381,7,non,non,non,ADV,_
381-6,TO050,381,381,8,me,me,me,PRON,_
381-7,TO050,381,381,9,lo,lo,lo,PRON,_
381-8,TO050,381,381,10,sto,sto,stare,VERB,_
381-9,TO050,381,381,11,xxx,x,x,X,_
381-10,TO050,381,381,12,(a,a,a,ADP,_
381-11,TO050,381,381,13,me).,me,me,PRON,Intonation=falling
382-0,TO048,382,382,1,ancora?,ancora,ancora,ADV,Intonation=rising
383-0,TO050,383,383,1,(sì,sì,sì,ADV,_
383-1,TO050,383,383,2,poco,poco,poco,ADV,_
383-2,TO050,383,383,3,poco.),poco,poco,ADV,Intonation=falling
384-0,TO050,384,384,1,xx,x,x,X,_
384-1,TO050,384,384,2,[xx],x,x,X,_
385-0,TO048,385,385,1,[(al]lora),allora,allora,ADV,_
385-1,TO048,385,385,2,xx,x,x,X,_
385-2,TO048,385,385,3,xx,x,x,X,_
385-3,TO048,385,385,4,xx,x,x,X,_
385-4,TO048,385,385,5,(proprio.),proprio,proprio,ADV,Intonation=falling
386-0,TO048,386,386,1,ti,ti,ti,PRON,_
386-1,TO048,386,386,2,ammazzo.,ammazzo,ammazzare,VERB,Intonation=falling
387-0,TO050,387,387,1,(okay),okay,ok,INTJ,_
388-0,TO050,388,388,1,(ci,ci,ci,PRON,_
388-1,TO050,388,388,2,sono),sono,essere,VERB,_
388-2,TO050,388,388,3,xxxx,x,x,X,_
389-0,TO052,389,389,1,e,e,e,CCONJ,_
389-1,TO052,389,389,2-3,al,al,_,_,_
389-1a,_,_,389,2,_,a,a,ADP,_
389-1b,_,_,389,3,_,il,il,DET,_
389-2,TO052,389,389,4,secondo,secondo,secondo,ADJ,_
389-3,TO052,389,389,5,giorno,giorno,giorno,NOUN,_
389-4,TO052,389,389,6,{P},{P},_,_,_
389-5,TO052,389,389,7,ci,ci,ci,PRON,_
389-6,TO052,389,389,8,sono,sono,essere,AUX,_
389-7,TO052,389,389,9,"stati:,",stati,essere,VERB,Intonation=weakly_rising
390-0,TO052,390,390,1-2,dei:,dei,_,_,_
390-0a,_,_,390,1,_,di,di,ADP,_
390-0b,_,_,390,2,_,i,il,DET,_
390-1,TO052,390,390,3,traduttori.,traduttori,traduttore,NOUN,Intonation=falling
391-0,TO048,391,391,1,dove,dove,dove,ADV,_
391-1,TO048,391,391,2,hai,hai,avere,AUX,_
391-2,TO048,391,391,3,dormito,dormito,dormire,VERB,_
391-3,TO048,391,391,4,intanto,intanto,intanto,ADV,_
391-4,TO048,391,391,5,(il,il,il,DET,_
391-5,TO048,391,391,6,secondo,secondo,secondo,ADJ,_
391-6,TO048,391,391,7,giorno),giorno,giorno,NOUN,_
392-0,TO052,392,392,1,e,e,e,CCONJ,_
392-1,TO052,392,392,2,a,a,a,ADP,_
392-2,TO052,392,392,3,casa,casa,casa,NOUN,_
392-3,TO052,392,392,4,di,di,di,ADP,_
392-4,TO052,392,392,5,un,un,uno,DET,_
392-5,TO052,392,392,6,altro,altro,altro,ADJ,_
392-6,TO052,392,392,7,dottorando,dottorando,dottorando,NOUN,_
392-7,TO052,392,392,8,che,che,che,PRON,_
392-8,TO052,392,392,9,aveva,aveva,avere,AUX,_
392-9,TO052,392,392,10,preso,preso,prendere,VERB,_
392-10,TO052,392,392,11,[xx].,xx,,X,Intonation=falling
393-0,TO048,393,393,1,[cioè,cioè,cioè,CCONJ,_
393-1,TO048,393,393,2-3,alla,alla,_,_,_
393-1a,_,_,393,2,_,a,a,ADP,_
393-1b,_,_,393,3,_,la,il,DET,_
393-2,TO048,393,393,4,x]x,x,,X,_
393-3,TO048,393,393,5,xx,x,x,X,_
393-4,TO048,393,393,6,avete,avete,avere,AUX,_
393-5,TO048,393,393,7,dormito,dormito,dormire,VERB,_
393-6,TO048,393,393,8,gratis,gratis,gratis,ADV,_
393-7,TO048,393,393,9,in,in,in,ADP,_
393-8,TO048,393,393,10,pratica?,pratica,pratica,NOUN,Intonation=rising
394-0,TO052,394,394,1,sì.,sì,sì,ADV,Intonation=falling
395-0,TO048,395,395,1,(tutto,tutto,tutto,DET,_
395-1,TO048,395,395,2,il,il,il,DET,_
395-2,TO048,395,395,3,tempo?),tempo,tempo,NOUN,Intonation=rising
396-0,TO052,396,396,1,sì.,sì,sì,ADV,Intonation=falling
397-0,TO048,397,397,0,{ride},{ride},_,X,_
398-0,TO048,398,398,1,quante,quante,quanto,DET,_
398-1,TO048,398,398,2,notti,notti,notte,NOUN,_
398-2,TO048,398,398,3,era?,era,essere,AUX,Intonation=rising
399-0,TO052,399,399,1,due,due,due,NUM,_
399-1,TO052,399,399,2-3,alla,alla,_,_,_
399-1a,_,_,399,2,_,a,a,ADP,_
399-1b,_,_,399,3,_,la,il,DET,_
399-2,TO052,399,399,4,fine,fine,fine,NOUN,_
399-3,TO052,399,399,5,non,non,non,ADV,_
399-4,TO052,399,399,6,tre,tre,tre,NUM,_
399-5,TO052,399,399,7,perché:,perché,perché,SCONJ,_
399-6,TO052,399,399,8,mh,mh,mh,INTJ,_
399-7,TO052,399,399,9,mi,mi,mi,PRON,_
399-8,TO052,399,399,10,sono,sono,essere,AUX,_
399-9,TO052,399,399,11,accorto,accorto,accorgere,VERB,_
399-10,TO052,399,399,12,in,in,in,ADP,_
399-11,TO052,399,399,13,corso,corso,corso,NOUN,_
399-12,TO052,399,399,14,d',d',di,ADP,SpaceAfter=No
399-13,TO052,399,399,15,opera,opera,opera,NOUN,_
399-14,TO052,399,399,16,"che:,",che,che,SCONJ,Intonation=weakly_rising
400-0,TO052,400,400,1,avevo,avevo,avere,VERB,_
400-1,TO052,400,400,2,eh,eh,eh,INTJ,ProsodicLink=Yes
400-2,TO052,400,400,3,i:l,il,il,DET,_
400-3,TO052,400,400,4,che,che,che,SCONJ,_
400-4,TO052,400,400,5,il,il,il,DET,_
400-5,TO052,400,400,6,biglietto,biglietto,biglietto,NOUN,_
400-6,TO052,400,400,7,l',l',lo,PRON,Truncated=Yes
400-7,TO052,400,400,8,avevo,avevo,avere,AUX,_
400-8,TO052,400,400,9,fatto,fatto,fare,VERB,_
400-9,TO052,400,400,10,per,per,per,ADP,_
400-10,TO052,400,400,11,sabato,sabato,sabato,NOUN,_
400-11,TO052,400,400,12,pomeriggio,pomeriggio,pomeriggio,NOUN,_
400-12,TO052,400,400,13,non,non,non,ADV,_
400-13,TO052,400,400,14,per,per,per,ADP,_
400-14,TO052,400,400,15,il,il,il,DET,_
400-15,TO052,400,400,16,sab~,sab~,sab~,X,Interrupted=Yes
400-16,TO052,400,400,17,[non,non,non,ADV,_
400-17,TO052,400,400,18,"per],",per,per,ADP,Intonation=weakly_rising
401-0,TO048,401,401,1,[come,come,come,ADV,_
401-1,TO048,401,401,2,te,te,te,PRON,_
401-2,TO048,401,401,3,ne,ne,ne,PRON,_
401-3,TO048,401,401,4,sei,sei,essere,AUX,_
401-4,TO048,401,401,5,acco]rto,accorto,accorgere,VERB,_
401-5,TO048,401,401,6,in,in,in,ADP,_
401-6,TO048,401,401,7,corso,corso,corso,NOUN,_
401-7,TO048,401,401,8,d',d',di,ADP,SpaceAfter=No
401-8,TO048,401,401,9,opera?,opera,opera,NOUN,Intonation=rising
402-0,TO052,402,402,1,perché,perché,perché,SCONJ,_
402-1,TO052,402,402,2,ero:,ero,essere,AUX,ProsodicLink=Yes
402-2,TO052,402,402,3,m:h,mh,mh,INTJ,_
402-3,TO052,402,402,4,non,non,non,ADV,_
402-4,TO052,402,402,5,so,so,sapere,VERB,_
402-5,TO052,402,402,6,perché,perché,perché,SCONJ,_
402-6,TO052,402,402,7,ero,ero,essere,AUX,_
402-7,TO052,402,402,8,convinto,convinto,convinto,VERB,_
402-8,TO052,402,402,9,che,che,che,SCONJ,_
402-9,TO052,402,402,10,l',l',lo,DET,Truncated=Yes
402-10,TO052,402,402,11,avevo,avevo,avere,AUX,_
402-11,TO052,402,402,12,fatto,fatto,fare,VERB,_
402-12,TO052,402,402,13,per,per,per,ADP,_
402-13,TO052,402,402,14,domenica,domenica,domenica,NOUN,_
402-14,TO052,402,402,15,il,il,il,DET,_
402-15,TO052,402,402,16,biglietto.,biglietto,biglietto,NOUN,Intonation=falling
403-0,TO050,403,403,1,ragazzi,ragazzi,ragazzo,NOUN,_
403-1,TO050,403,403,2,che,che,che,PRON,_
403-2,TO050,403,403,3,facciamo,facciamo,fare,VERB,_
403-3,TO050,403,403,4,stasera?,stasera,stasera,ADV,Intonation=rising
403-4,TO050,403,403,5,ah,ah,ah,INTJ,_
403-5,TO050,403,403,6,cazzo,cazzo,cazzo,NOUN,_
403-6,TO050,403,403,7,io,io,io,PRON,_
403-7,TO050,403,403,8,devo,devo,dovere,AUX,_
403-8,TO050,403,403,9,partire.,partire,partire,VERB,Intonation=falling
404-0,TO052,404,404,1,{ride},{ride},_,_,_
404-1,TO052,404,404,2,ecco,ecco,ecco,ADV,_
404-2,TO052,404,404,3,una,una,uno,DET,_
404-3,TO052,404,404,4,cosa,cosa,cosa,NOUN,_
404-4,TO052,404,404,5-6,del,del,_,_,_
404-4a,_,_,404,5,_,di,di,ADP,_
404-4b,_,_,404,6,_,il,il,DET,_
404-5,TO052,404,404,7,genere.,genere,genere,NOUN,Intonation=falling
405-0,TO052,405,405,1,eh,eh,eh,INTJ,_
405-1,TO052,405,405,2,praticamente,praticamente,praticamente,ADV,_
405-2,TO052,405,405,3,il,il,il,DET,_
405-3,TO052,405,405,4,secondo,secondo,secondo,ADJ,_
405-4,TO052,405,405,5,giorno,giorno,giorno,NOUN,_
405-5,TO052,405,405,6,hanno,hanno,avere,AUX,_
405-6,TO052,405,405,7,parlato,parlato,parlare,VERB,_
405-7,TO052,405,405,8,{P},{P},_,_,_
405-8,TO052,405,405,9-10,dei,dei,_,_,_
405-8a,_,_,405,9,_,di,di,ADP,_
405-8b,_,_,405,10,_,i,il,DET,_
405-9,TO052,405,405,11,"germanisti,",germanisti,germanista,NOUN,Intonation=weakly_rising
406-0,TO052,406,406,1,prima,prima,prima,ADV,_
406-1,TO052,406,406,2,di,di,di,ADP,_
406-2,TO052,406,406,3,me.,me,me,PRON,Intonation=falling
407-0,TO052,407,407,1,e,e,e,CCONJ,_
407-1,TO052,407,407,2,hanno,hanno,avere,AUX,_
407-2,TO052,407,407,3,parlato,parlato,parlare,VERB,_
407-3,TO052,407,407,4,di,di,di,ADP,_
407-4,TO052,407,407,5,una,una,uno,DET,_
407-5,TO052,407,407,6,funzione,funzione,funzione,NOUN,_
407-6,TO052,407,407,7,"xxx,",xxx,x,X,Intonation=weakly_rising
408-0,TO052,408,408,1-2,sui,sui,_,_,ProsodicLink=Yes
408-0a,_,_,408,1,_,su,su,ADP,_
408-0b,_,_,408,2,_,i,il,DET,_
408-1,TO052,408,408,3,i:n,in,in,ADP,_
408-2,TO052,408,408,4,(fortini),fortini,fortino,NOUN,_
408-3,TO052,408,408,5,per,per,per,ADP,_
408-4,TO052,408,408,6,quanto,quanto,quanto,PRON,_
408-5,TO052,408,408,7,riguarda,riguarda,riguardare,VERB,_
408-6,TO052,408,408,8,la,la,il,DET,_
408-7,TO052,408,408,9,traduzione.,traduzione,traduzione,NOUN,Intonation=falling
409-0,TO052,409,409,1,ce,ce,ce,PRON,_
409-1,TO052,409,409,2,n',n',ne,PRON,Truncated=Yes
409-2,TO052,409,409,3,era,era,essere,VERB,_
409-3,TO052,409,409,4,uno,uno,uno,PRON,_
409-4,TO052,409,409,5,che,che,che,PRON,_
409-5,TO052,409,409,6,alberto,alberto,Alberto,PROPN,_
409-6,TO052,409,409,7,gialli,gialli,gialli,PROPN,_
409-7,TO052,409,409,8,che,che,che,PRON,_
409-8,TO052,409,409,9,aveva,aveva,avere,AUX,_
409-9,TO052,409,409,10,"fatto,",fatto,fare,VERB,Intonation=weakly_rising
410-0,TO052,410,410,1,e::h,eh,eh,INTJ,_
410-1,TO052,410,410,2,aveva,aveva,avere,AUX,_
410-2,TO052,410,410,3,raccolto,raccolto,raccogliere,VERB,_
410-3,TO052,410,410,4,il,il,il,DET,_
410-4,TO052,410,410,5,carteggio,carteggio,carteggio,NOUN,_
410-5,TO052,410,410,6,tra,tra,tra,ADP,_
410-6,TO052,410,410,7,fortini,fortini,Fortini,PROPN,_
410-7,TO052,410,410,8,e,e,e,CCONJ,_
410-8,TO052,410,410,9,cases,cases,Cases,PROPN,_
410-9,TO052,410,410,10,mentre,mentre,mentre,SCONJ,_
410-10,TO052,410,410,11,mentre,mentre,mentre,SCONJ,_
410-11,TO052,410,410,12,fortini,fortini,Fortini,PROPN,_
410-12,TO052,410,410,13,traduceva,traduceva,tradurre,VERB,_
410-13,TO052,410,410,14,il,il,il,DET,_
410-14,TO052,410,410,15,faust.,faust,Faust,PROPN,Intonation=falling
411-0,TO052,411,411,1,perché,perché,perché,SCONJ,_
411-1,TO052,411,411,2,quando,quando,quando,SCONJ,_
411-2,TO052,411,411,3,mentre,mentre,mentre,SCONJ,_
411-3,TO052,411,411,4,fortini,fortini,Fortini,PROPN,_
411-4,TO052,411,411,5,traduceva,traduceva,tradurre,VERB,_
411-5,TO052,411,411,6,il,il,il,DET,_
411-6,TO052,411,411,7,faust,faust,Faust,PROPN,_
411-7,TO052,411,411,8,di,di,di,ADP,_
411-8,TO052,411,411,9,goethe,goethe,Goethe,PROPN,_
411-9,TO052,411,411,10,per,per,per,ADP,_
411-10,TO052,411,411,11,"mondadori,",mondadori,Mondadori,PROPN,Intonation=weakly_rising
412-0,TO052,412,412,1,che,che,che,PRON,_
412-1,TO052,412,412,2,ancora,ancora,ancora,ADV,_
412-2,TO052,412,412,3,oggi,oggi,oggi,ADV,_
412-3,TO052,412,412,4,"pe:r,",per,per,ADP,Intonation=weakly_rising
413-0,TO052,413,413,1,i::,i,il,DET,_
413-1,TO052,413,413,2,i,i,il,DET,_
413-2,TO052,413,413,3,germanisti,germanisti,germanista,NOUN,_
413-3,TO052,413,413,4,è,è,essere,AUX,_
413-4,TO052,413,413,5,la,la,il,DET,_
413-5,TO052,413,413,6,traduzione,traduzione,traduzione,NOUN,_
413-6,TO052,413,413,7,migliore,migliore,migliore,ADJ,_
413-7,TO052,413,413,8-9,del,del,_,_,_
413-7a,_,_,413,8,_,di,di,ADP,_
413-7b,_,_,413,9,_,il,il,DET,_
413-8,TO052,413,413,10,faust,faust,Faust,PROPN,_
413-9,TO052,413,413,11,che,che,che,PRON,_
413-10,TO052,413,413,12,ci,ci,ci,PRON,_
413-11,TO052,413,413,13,sia,sia,essere,VERB,_
413-12,TO052,413,413,14,in,in,in,ADP,_
413-13,TO052,413,413,15,italia.,italia,Italia,PROPN,Intonation=falling
414-0,TO052,414,414,1,e:h,eh,eh,INTJ,_
414-1,TO052,414,414,2,a,a,a,ADP,_
414-2,TO052,414,414,3,a,a,a,ADP,_
414-3,TO052,414,414,4,ha,ha,avere,AUX,_
414-4,TO052,414,414,5,scelto,scelto,scegliere,VERB,_
414-5,TO052,414,414,6,come,come,come,ADP,_
414-6,TO052,414,414,7,(consulente),consulente,consulente,NOUN,_
414-7,TO052,414,414,8,{P},{P},_,_,_
414-8,TO052,414,414,9,per,per,per,ADP,_
414-9,TO052,414,414,10,contratto,contratto,contratto,NOUN,_
414-10,TO052,414,414,11,poteva,poteva,potere,AUX,_
414-11,TO052,414,414,12,lui:,lui,lui,PRON,_
414-12,TO052,414,414,13,fare,fare,fare,VERB,_
414-13,TO052,414,414,14,u:n,un,uno,DET,ProsodicLink=Yes
414-14,TO052,414,414,15,"m::h,",mh,mh,INTJ,Intonation=weakly_rising
415-0,TO048,415,415,1,avere,avere,avere,VERB,_
415-1,TO048,415,415,2,un,un,uno,DET,_
415-2,TO048,415,415,3,tirocinante?,tirocinante,tirocinante,NOUN,Intonation=rising
416-0,TO052,416,416,1,avere,avere,avere,VERB,_
416-1,TO052,416,416,2,un,un,uno,DET,_
416-2,TO052,416,416,3,consulente,consulente,consulente,NOUN,_
416-3,TO052,416,416,4,{P},{P},_,_,_
416-4,TO052,416,416,5,esterno,esterno,esterno,ADJ,_
416-5,TO052,416,416,6-7,alla,alla,_,_,_
416-5a,_,_,416,6,_,a,a,ADP,_
416-5b,_,_,416,7,_,la,il,DET,_
416-6,TO052,416,416,8,"mondadori,",mondadori,Mondadori,PROPN,Intonation=weakly_rising
417-0,TO052,417,417,1,e,e,e,CCONJ,_
417-1,TO052,417,417,2,lui,lui,lui,PRON,_
417-2,TO052,417,417,3,scelse,scelse,scegliere,VERB,_
417-3,TO052,417,417,4,cases,cases,Cases,PROPN,_
417-4,TO052,417,417,5,di,di,di,ADP,_
417-5,TO052,417,417,6,einaudi,einaudi,Einaudi,PROPN,_
417-6,TO052,417,417,7,con,con,con,ADP,_
417-7,TO052,417,417,8,cui,cui,cui,PRON,_
417-8,TO052,417,417,9,era,era,essere,AUX,_
417-9,TO052,417,417,10,molto,molto,molto,ADV,_
417-10,TO052,417,417,11,"amico,",amico,amico,NOUN,Intonation=weakly_rising
418-0,TO052,418,418,1,e,e,e,CCONJ,_
418-1,TO052,418,418,2,che,che,che,PRON,_
418-2,TO052,418,418,3,era,era,essere,AUX,_
418-3,TO052,418,418,4,tra,tra,tra,ADP,_
418-4,TO052,418,418,5,i,i,il,DET,_
418-5,TO052,418,418,6,migliori,migliori,migliore,ADJ,_
418-6,TO052,418,418,7,germanisti,germanisti,germanista,NOUN,_
418-7,TO052,418,418,8,xx,x,x,X,_
418-8,TO052,418,418,9,che,che,che,PRON,_
418-9,TO052,418,418,10,ci,ci,ci,PRON,_
418-10,TO052,418,418,11,fossero,fossero,essere,VERB,_
418-11,TO052,418,418,12,in,in,in,ADP,_
418-12,TO052,418,418,13,"italia,",italia,Italia,PROPN,Intonation=weakly_rising
419-0,TO052,419,419,1,e::h,eh,eh,INTJ,_
419-1,TO052,419,419,2-3,negli,negli,_,_,_
419-1a,_,_,419,2,_,in,in,ADP,_
419-1b,_,_,419,3,_,gli,il,DET,_
419-2,TO052,419,419,4,anni,anni,anno,NOUN,_
419-3,TO052,419,419,5,sessanta.,sessanta,sessanta,NUM,Intonation=falling
420-0,TO052,420,420,1,e,e,e,CCONJ,_
420-1,TO052,420,420,2,c',c',ci,PRON,Truncated=Yes
420-2,TO052,420,420,3,è,è,essere,VERB,_
420-3,TO052,420,420,4,tutto,tutto,tutto,DET,_
420-4,TO052,420,420,5,il,il,il,DET,_
420-5,TO052,420,420,6,carteggio,carteggio,carteggio,NOUN,_
420-6,TO052,420,420,7,{P},{P},_,_,_
420-7,TO052,420,420,8,che,che,che,PRON,_
420-8,TO052,420,420,9,{P},{P},_,_,_
420-9,TO052,420,420,10,siccome,siccome,siccome,SCONJ,_
420-10,TO052,420,420,11,erano,erano,essere,AUX,_
420-11,TO052,420,420,12,amici,amici,amico,NOUN,_
420-12,TO052,420,420,13,è,è,essere,AUX,_
420-13,TO052,420,420,14,(anche),anche,anche,ADV,_
420-14,TO052,420,420,15,pieno,pieno,pieno,ADJ,_
420-15,TO052,420,420,16,di,di,di,ADP,_
420-16,TO052,420,420,17,<battute,battute,battuta,NOUN,_
420-17,TO052,420,420,18,di,di,di,ADP,_
420-18,TO052,420,420,19,ironi(e)>,ironie,ironia,NOUN,_
420-19,TO052,420,420,20,no?,no,no,ADV,Intonation=rising
421-0,TO052,421,421,1,eh,eh,eh,INTJ,_
421-1,TO052,421,421,2,cases,cases,Cases,PROPN,_
421-2,TO052,421,421,3,era,era,essere,AUX,_
421-3,TO052,421,421,4,una,una,uno,DET,_
421-4,TO052,421,421,5,persona,persona,persona,NOUN,_
421-5,TO052,421,421,6,molto:,molto,molto,ADV,ProsodicLink=Yes
421-6,TO052,421,421,7,"mh,",mh,mh,INTJ,Intonation=weakly_rising
422-0,TO048,422,422,1,(a),a,a,ADP,_
422-1,TO048,422,422,2,cases?,cases,Cases,PROPN,Intonation=rising
423-0,TO050,423,423,1,tutto,tutto,tutto,DET,_
423-1,TO050,423,423,2,cases,cases,Cases,PROPN,_
423-2,TO050,423,423,3,e,e,e,CCONJ,_
423-3,TO050,423,423,4,chiesas.,chiesas,chiesa ,NOUN,Intonation=falling
424-0,TO052,424,424,1,brillante.,brillante,brillante,ADJ,Intonation=falling
425-0,TO052,425,425,1,"e:::h,",eh,eh,INTJ,Intonation=weakly_rising
426-0,TO052,426,426,1,e,e,e,CCONJ,_
426-1,TO052,426,426,2,chieses.,chieses,chiesa ,NOUN,Intonation=falling
427-0,TO052,427,427,1,e::h,eh,eh,INTJ,ProsodicLink=Yes
427-1,TO052,427,427,2,"m:h,",mh,mh,INTJ,Intonation=weakly_rising
428-0,TO050,428,428,1,di,di,di,ADP,_
428-1,TO050,428,428,2,chiesas?,chiesas,chiesa ,NOUN,Intonation=rising
429-0,TO052,429,429,1,e,e,e,CCONJ,_
429-1,TO052,429,429,2,quindi,quindi,quindi,ADV,_
429-2,TO052,429,429,3,{P},{P},_,_,_
429-3,TO052,429,429,4,e:h,eh,eh,INTJ,_
429-4,TO052,429,429,5,dopo,dopo,dopo,ADP,_
429-5,TO052,429,429,6,i,i,il,DET,_
429-6,TO052,429,429,7,germanisti,germanisti,germanista,NOUN,_
429-7,TO052,429,429,8,ho,ho,avere,AUX,_
429-8,TO052,429,429,9,parlato,parlato,parlare,VERB,_
429-9,TO052,429,429,10,io.,io,io,PRON,Intonation=falling
430-0,TO048,430,430,1,e,e,e,CCONJ,_
430-1,TO048,430,430,2,tu,tu,tu,PRON,_
430-2,TO048,430,430,3,perché,perché,perché,SCONJ,_
430-3,TO048,430,430,4,non,non,non,ADV,_
430-4,TO048,430,430,5,eri,eri,essere,VERB,_
430-5,TO048,430,430,6,tra,tra,tra,ADP,_
430-6,TO048,430,430,7,i,i,il,DET,_
430-7,TO048,430,430,8,dottorandi?,dottorandi,dottorando,NOUN,Intonation=rising
431-0,TO052,431,431,1,mh,mh,mh,INTJ,ProsodicLink=Yes
431-1,TO052,431,431,2,non,non,non,ADV,_
431-2,TO052,431,431,3,so.,so,sapere,VERB,Intonation=falling
432-0,TO052,432,432,1,forse,forse,forse,ADV,_
432-1,TO052,432,432,2,per,per,per,ADP,_
432-2,TO052,432,432,3,una,una,uno,DET,_
432-3,TO052,432,432,4,questione,questione,questione,NOUN,_
432-4,TO052,432,432,5,tematica,tematica,tematico,ADJ,_
432-5,TO052,432,432,6,perché,perché,perché,SCONJ,_
432-6,TO052,432,432,7,i,i,il,DET,_
432-7,TO052,432,432,8,dottorandi,dottorandi,dottorando,NOUN,_
432-8,TO052,432,432,9,hanno,hanno,avere,AUX,_
432-9,TO052,432,432,10,"parlato,",parlato,parlare,VERB,Intonation=weakly_rising
433-0,TO052,433,433,1,cioè,cioè,cioé,ADV,_
433-1,TO052,433,433,2,se,se,se,SCONJ,_
433-2,TO052,433,433,3,tu,tu,tu,PRON,_
433-3,TO052,433,433,4,guardi,guardi,guardare,VERB,_
433-4,TO052,433,433,5,{P},{P},_,_,_
433-5,TO052,433,433,6,la,la,il,DET,_
433-6,TO052,433,433,7,prima,prima,primo,ADJ,_
433-7,TO052,433,433,8,parte,parte,parte,NOUN,_
433-8,TO052,433,433,9,è,è,essere,AUX,_
433-9,TO052,433,433,10,{P},{P},_,_,_
433-10,TO052,433,433,11,è,è,essere,AUX,_
433-11,TO052,433,433,12,sono,sono,essere,AUX,_
433-12,TO052,433,433,13,e:h,eh,eh,INTJ,_
433-13,TO052,433,433,14,fortini,fortini,Fortini,PROPN,_
433-14,TO052,433,433,15,e,e,e,CCONJ,_
433-15,TO052,433,433,16,la,la,il,DET,_
433-16,TO052,433,433,17,polonia.,polonia,Polonia,PROPN,Intonation=falling
434-0,TO048,434,434,1,sì.,sì,sì,ADV,Intonation=falling
435-0,TO052,435,435,1,la,la,il,DET,_
435-1,TO052,435,435,2,seconda,seconda,secondo,ADJ,_
435-2,TO052,435,435,3,"parte,",parte,parte,NOUN,Intonation=weakly_rising
436-0,TO052,436,436,1,è,è,essere,AUX,_
436-1,TO052,436,436,2,di,di,di,ADP,_
436-2,TO052,436,436,3,critica,critica,critica,NOUN,_
436-3,TO052,436,436,4,in,in,in,ADP,_
436-4,TO052,436,436,5,generale.,generale,generale,NOUN,Intonation=falling
437-0,TO052,437,437,1,poi,poi,poi,ADV,_
437-1,TO052,437,437,2,la,la,il,DET,_
437-2,TO052,437,437,3,terza,terza,terzo,ADJ,_
437-3,TO052,437,437,4,parte,parte,parte,NOUN,_
437-4,TO052,437,437,5,"è,",è,essere,AUX,Intonation=weakly_rising
438-0,TO052,438,438,1,di,di,di,ADP,_
438-1,TO052,438,438,2,"metrica,",metrica,metrica,NOUN,Intonation=weakly_rising
438-2,TO052,438,438,3,la,la,il,DET,_
438-3,TO052,438,438,4,quarta,quarta,quarto,ADJ,_
438-4,TO052,438,438,5,parte,parte,parte,NOUN,_
438-5,TO052,438,438,6,"è,",è,essere,AUX,Intonation=weakly_rising
439-0,TO052,439,439,1,eh,eh,eh,INTJ,_
439-1,TO052,439,439,2,i,i,il,DET,_
439-2,TO052,439,439,3,poeti,poeti,poeta,NOUN,_
439-3,TO052,439,439,4,dopo,dopo,dopo,ADP,_
439-4,TO052,439,439,5,"fortini,",fortini,Fortini,PROPN,Intonation=weakly_rising
440-0,TO052,440,440,1,e,e,e,CCONJ,_
440-1,TO052,440,440,2,poi,poi,poi,ADV,_
440-2,TO052,440,440,3,l',l',il,DET,Truncated=Yes
440-3,TO052,440,440,4,ultima,ultima,ultimo,ADJ,_
440-4,TO052,440,440,5,parte,parte,parte,NOUN,_
440-5,TO052,440,440,6,"invece,",invece,invece,ADV,Intonation=weakly_rising
441-0,TO052,441,441,1-2,sulla:,sulla,_,_,ProsodicLink=Yes
441-0a,_,_,441,1,_,su,su,ADP,_
441-0b,_,_,441,2,_,la,il,DET,_
441-1,TO052,441,441,3,mh,mh,mh,INTJ,_
441-2,TO052,441,441,4-5,sulla,sulla,_,_,_
441-2a,_,_,441,4,_,su,su,ADP,_
441-2b,_,_,441,5,_,la,il,DET,_
441-3,TO052,441,441,6,traduzione,traduzione,traduzione,NOUN,_
441-4,TO052,441,441,7,di,di,di,ADP,_
441-5,TO052,441,441,8,di::,di,di,ADP,_
441-6,TO052,441,441,9-10,sulla,sulla,_,_,_
441-6a,_,_,441,9,_,su,su,ADP,_
441-6b,_,_,441,10,_,la,il,DET,_
441-7,TO052,441,441,11,traduzione,traduzione,traduzione,NOUN,_
441-8,TO052,441,441,12,e,e,e,CCONJ,_
441-9,TO052,441,441,13,su,su,su,ADP,_
441-10,TO052,441,441,14,{P},{P},_,_,_
441-11,TO052,441,441,15,"gli:,",gli,il,DET,Intonation=weakly_rising
442-0,TO052,442,442,1,la,la,il,DET,_
442-1,TO052,442,442,2,funzione,funzione,funzione,NOUN,_
442-2,TO052,442,442,3-4,degli,degli,_,_,_
442-2a,_,_,442,3,_,di,di,ADP,_
442-2b,_,_,442,4,_,gli,il,DET,_
442-3,TO052,442,442,5,ipotesti.,ipotesti,ipotesto,NOUN,Intonation=falling
442-4,TO052,442,442,6,comunque,comunque,comunque,ADV,_
442-5,TO052,442,442,7,più:,più,più,ADV,ProsodicLink=Yes
442-6,TO052,442,442,8,"m:h,",mh,mh,INTJ,Intonation=weakly_rising
443-0,TO052,443,443,1,di,di,di,ADP,_
443-1,TO052,443,443,2,{P},{P},_,_,_
443-2,TO052,443,443,3,di,di,di,ADP,_
443-3,TO052,443,443,4,analisi,analisi,analisi,NOUN,_
443-4,TO052,443,443,5-6,dei,dei,_,_,_
443-4a,_,_,443,5,_,di,di,ADP,_
443-4b,_,_,443,6,_,i,il,DET,_
443-5,TO052,443,443,7,testi,testi,testo,NOUN,_
443-6,TO052,443,443,8,proprio,proprio,proprio,ADV,_
443-7,TO052,443,443,9,>e,e,e,CCONJ,_
443-8,TO052,443,443,10,mi,mi,mi,PRON,_
443-9,TO052,443,443,11,hanno,hanno,avere,AUX,_
443-10,TO052,443,443,12,inserito,inserito,inserire,VERB,_
443-11,TO052,443,443,13,lì<.,lì,lì,ADV,Intonation=falling
444-0,TO048,444,444,1,mh,mh,mh,INTJ,_
444-1,TO048,444,444,2,"mh,",mh,mh,INTJ,Intonation=weakly_rising
445-0,TO052,445,445,1,e,e,e,CCONJ,_
445-1,TO052,445,445,2,ho,ho,avere,AUX,_
445-2,TO052,445,445,3,"parlato,",parlato,parlare,VERB,Intonation=weakly_rising
446-0,TO052,446,446,1,ho,ho,avere,AUX,_
446-1,TO052,446,446,2,fatto,fatto,fare,VERB,_
446-2,TO052,446,446,3,il,il,il,DET,_
446-3,TO052,446,446,4,mio,mio,mio,DET,_
446-4,TO052,446,446,5,intervento,intervento,intervento,NOUN,_
446-5,TO052,446,446,6,io,io,io,PRON,_
446-6,TO052,446,446,7,ero,ero,essere,AUX,_
446-7,TO052,446,446,8,emozionatissimo,emozionatissimo,emozionato,ADJ,_
446-8,TO052,446,446,9,ho,ho,avere,AUX,_
446-9,TO052,446,446,10,"letto,",letto,leggere,VERB,Intonation=weakly_rising
447-0,TO052,447,447,1,invece,invece,invece,ADV,_
447-1,TO052,447,447,2,di,di,di,ADP,_
447-2,TO052,447,447,3,di,di,di,ADP,_
447-3,TO052,447,447,4,di::,di,di,ADP,_
447-4,TO052,447,447,5,[di,di,di,ADP,_
447-5,TO052,447,447,6,andare,andare,andare,VERB,_
447-6,TO052,447,447,7,a,a,a,ADP,_
447-7,TO052,447,447,8,braccio].,braccio,braccio,NOUN,Intonation=falling
448-0,TO048,448,448,1,[di,di,di,ADP,_
448-1,TO048,448,448,2,andare,andare,andare,VERB,_
448-2,TO048,448,448,3,a,a,a,ADP,_
448-3,TO048,448,448,4,braccio].,braccio,braccio,NOUN,Intonation=falling
449-0,TO052,449,449,1,praticamente,praticamente,praticamente,ADV,_
449-1,TO052,449,449,2,ho,ho,avere,AUX,_
449-2,TO052,449,449,3,parlato,parlato,parlare,VERB,_
449-3,TO052,449,449,4,fortissimo,fortissimo,forte,ADV,_
449-4,TO052,449,449,5,mi,mi,mi,PRON,_
449-5,TO052,449,449,6,sono,sono,essere,AUX,_
449-6,TO052,449,449,7,accorto,accorto,accorgere,VERB,_
449-7,TO052,449,449,8,dopo,dopo,dopo,ADV,_
449-8,TO052,449,449,9,perché,perché,perché,SCONJ,_
449-9,TO052,449,449,10,ero,ero,essere,AUX,_
449-10,TO052,449,449,11,proprio,proprio,proprio,ADV,_
449-11,TO052,449,449,12,agitato,agitato,agitato,VERB,_
449-12,TO052,449,449,13,no?,no,no,ADV,Intonation=rising
450-0,TO052,450,450,1,ho,ho,avere,AUX,_
450-1,TO052,450,450,2,saltato,saltato,saltare,VERB,_
450-2,TO052,450,450,3,un,un,uno,DET,_
450-3,TO052,450,450,4,mare,mare,mare,NOUN,_
450-4,TO052,450,450,5,di,di,di,ADP,_
450-5,TO052,450,450,6,"cose,",cose,cosa,NOUN,Intonation=weakly_rising
451-0,TO048,451,451,1,perché?,perché,perché,SCONJ,Intonation=rising
452-0,TO052,452,452,1,perché,perché,perché,SCONJ,_
452-1,TO052,452,452,2,dovevo,dovevo,dovere,AUX,_
452-2,TO052,452,452,3,stare,stare,stare,VERB,_
452-3,TO052,452,452,4-5,nei,nei,_,_,_
452-3a,_,_,452,4,_,in,in,ADP,_
452-3b,_,_,452,5,_,i,il,DET,_
452-4,TO052,452,452,6,tempi.,tempi,tempo,NOUN,Intonation=falling
453-0,TO048,453,453,1,mh,mh,mh,INTJ,_
453-1,TO048,453,453,2,"mh,",mh,mh,INTJ,Intonation=weakly_rising
454-0,TO052,454,454,1,"e::h,",eh,eh,INTJ,Intonation=weakly_rising
455-0,TO048,455,455,1,(non,non,non,ADV,_
455-1,TO048,455,455,2,lo,lo,lo,PRON,_
455-2,TO048,455,455,3,avevi,avevi,avere,AUX,_
455-3,TO048,455,455,4,provato?),provato,provare,VERB,Intonation=rising
456-0,TO052,456,456,1,ah?,ah,ah,INTJ,Intonation=rising
457-0,TO048,457,457,1,non,non,non,ADV,_
457-1,TO048,457,457,2,l',l',lo,PRON,Truncated=Yes
457-2,TO048,457,457,3,avevi,avevi,avere,AUX,_
457-3,TO048,457,457,4,provato?,provato,provare,VERB,Intonation=rising
458-0,TO052,458,458,1,sì,sì,sì,ADV,_
458-1,TO052,458,458,2,{P},{P},_,_,_
458-2,TO052,458,458,3,però,però,però,ADV,_
458-3,TO052,458,458,4,evidentemente,evidentemente,evidentemente,ADV,_
458-4,TO052,458,458,5,c',c',ci,PRON,Truncated=Yes
458-5,TO052,458,458,6,ho,ho,avere,AUX,_
458-6,TO052,458,458,7,messo,messo,mettere,VERB,_
458-7,TO052,458,458,8,di,di,di,ADP,_
458-8,TO052,458,458,9,più,più,più,ADV,_
458-9,TO052,458,458,10,lì.,lì,lì,ADV,Intonation=falling
459-0,TO052,459,459,1,perché,perché,perché,SCONJ,_
459-1,TO052,459,459,2,a,a,a,ADP,_
459-2,TO052,459,459,3,un,un,uno,DET,_
459-3,TO052,459,459,4,certo,certo,certo,ADJ,_
459-4,TO052,459,459,5,punto,punto,punto,NOUN,_
459-5,TO052,459,459,6,mi,mi,mi,PRON,_
459-6,TO052,459,459,7,"fa,",fa,fare,VERB,Intonation=weakly_rising
460-0,TO052,460,460,1,tieni,tieni,tenere,VERB,_
460-1,TO052,460,460,2,venti:,venti,venti,NUM,ProsodicLink=Yes
460-2,TO052,460,460,3,mh,mh,mh,INTJ,_
460-3,TO052,460,460,4,venticinque,venticinque,venticinque,NUM,_
460-4,TO052,460,460,5,minuti,minuti,minuto,NOUN,_
460-5,TO052,460,460,6,°(ti,ti,ti,PRON,Volume=low
460-6,TO052,460,460,7,passx,passx,passare,VERB,Volume=low
460-7,TO052,460,460,8,il,il,il,DET,Volume=low
460-8,TO052,460,460,9,foglio.)°,foglio,foglio,NOUN,Intonation=falling|Volume=low
461-0,TO052,461,461,1,e::h,eh,eh,INTJ,ProsodicLink=Yes
461-1,TO052,461,461,2,"m::h,",mh,mh,INTJ,Intonation=weakly_rising
462-0,TO052,462,462,1,h~,h~,avere,AUX,Interrupted=Yes
462-1,TO052,462,462,2,ho,ho,avere,AUX,_
462-2,TO052,462,462,3,saltato,saltato,saltare,VERB,_
462-3,TO052,462,462,4,de~,de~,x,X,Interrupted=Yes
462-4,TO052,462,462,5,poi,poi,poi,ADV,_
462-5,TO052,462,462,6,e:h,eh,eh,INTJ,_
462-6,TO052,462,462,7,ho:,ho,avere,VERB,_
462-7,TO052,462,462,8,veramente,veramente,veramente,ADV,_
462-8,TO052,462,462,9-10,nel,nel,_,_,_
462-8a,_,_,462,9,_,in,in,ADP,_
462-8b,_,_,462,10,_,il,il,DET,_
462-9,TO052,462,462,11,pallone,pallone,pallone,NOUN,_
462-10,TO052,462,462,12,"completo,",completo,completo,ADJ,Intonation=weakly_rising
463-0,TO052,463,463,1,appena,appena,appena,ADV,_
463-1,TO052,463,463,2,ho,ho,avere,AUX,_
463-2,TO052,463,463,3,"finito,",finito,finire,VERB,Intonation=weakly_rising
464-0,TO052,464,464,1,e:h,eh,eh,INTJ,_
464-1,TO052,464,464,2,nessuno,nessuno,nessuno,PRON,_
464-2,TO052,464,464,3,mi,mi,mi,PRON,_
464-3,TO052,464,464,4,ha,ha,avere,AUX,_
464-4,TO052,464,464,5,fatto,fatto,fare,VERB,_
464-5,TO052,464,464,6,domande.,domande,domanda,NOUN,Intonation=falling
465-0,TO052,465,465,1,e::h,eh,eh,INTJ,ProsodicLink=Yes
465-1,TO052,465,465,2,"mh,",mh,mh,INTJ,Intonation=weakly_rising
466-0,TO052,466,466,1,"e::h,",eh,eh,INTJ,Intonation=weakly_rising
467-0,TO052,467,467,1,(e),e,e,CCONJ,_
467-1,TO052,467,467,2,i,i,il,DET,_
467-2,TO052,467,467,3,dottorandi,dottorandi,dottorando,NOUN,_
467-3,TO052,467,467,4,mi,mi,mi,PRON,_
467-4,TO052,467,467,5,hanno,hanno,avere,AUX,_
467-5,TO052,467,467,6,detto::,detto,dire,VERB,_
467-6,TO052,467,467,7,che::,che,che,SCONJ,_
467-7,TO052,467,467,8,{P},{P},_,_,_
467-8,TO052,467,467,9,mi,mi,mi,PRON,_
467-9,TO052,467,467,10,hanno,hanno,avere,AUX,_
467-10,TO052,467,467,11,detto,detto,dire,VERB,_
467-11,TO052,467,467,12,bravo,bravo,bravo,ADJ,_
467-12,TO052,467,467,13,bravo,bravo,bravo,ADJ,_
467-13,TO052,467,467,14,molto,molto,molto,ADV,_
467-14,TO052,467,467,15,bello,bello,bello,ADJ,_
467-15,TO052,467,467,16,questo,questo,questo,DET,_
467-16,TO052,467,467,17,tuo,tuo,tuo,DET,_
467-17,TO052,467,467,18,intervento.,intervento,intervento,NOUN,Intonation=falling
468-0,TO052,468,468,1,rossi,rossi,Rossi,PROPN,_
468-1,TO052,468,468,2,mi,mi,mi,PRON,_
468-2,TO052,468,468,3,ha,ha,avere,AUX,_
468-3,TO052,468,468,4,{P},{P},_,_,_
468-4,TO052,468,468,5,accennato,accennato,accennare,VERB,_
468-5,TO052,468,468,6,un,un,uno,DET,_
468-6,TO052,468,468,7,sorriso.,sorriso,sorriso,NOUN,Intonation=falling
469-0,TO052,469,469,1,°quindi,quindi,quindi,ADV,Volume=low
469-1,TO052,469,469,2-3,nel,nel,_,_,Volume=low
469-1a,_,_,469,2,_,in,in,ADP,_
469-1b,_,_,469,3,_,il,il,DET,_
469-2,TO052,469,469,4,senso,senso,senso,NOUN,Volume=low
469-3,TO052,469,469,5,comunque,comunque,comunque,ADV,Volume=low
469-4,TO052,469,469,6,"[mh,°]",mh,mh,INTJ,Intonation=weakly_rising|Volume=low
470-0,TO048,470,470,1,[che,che,che,PRON,_
470-1,TO048,470,470,2,v]ale,vale,valere,VERB,_
470-2,TO048,470,470,3,più,più,più,ADV,_
470-3,TO048,470,470,4,di,di,di,ADP,_
470-4,TO048,470,470,5,mille,mille,mille,NUM,_
470-5,TO048,470,470,6,{P},{P},_,_,_
470-6,TO048,470,470,7,appla[usi].,applausi,applauso,NOUN,Intonation=falling
471-0,TO052,471,471,1,[qui]ndi,quindi,quindi,ADV,_
471-1,TO052,471,471,2-3,nel,nel,_,_,_
471-1a,_,_,471,2,_,in,in,ADP,_
471-1b,_,_,471,3,_,il,il,DET,_
471-2,TO052,471,471,4,"senso,",senso,senso,NOUN,Intonation=weakly_rising
472-0,TO052,472,472,1,per,per,per,ADP,_
472-1,TO052,472,472,2,una,una,uno,DET,_
472-2,TO052,472,472,3,persona,persona,persona,NOUN,_
472-3,TO052,472,472,4,che,che,che,PRON,_
472-4,TO052,472,472,5,non,non,non,ADV,_
472-5,TO052,472,472,6,fa,fa,fare,VERB,_
472-6,TO052,472,472,7,niente,niente,niente,PRON,_
472-7,TO052,472,472,8,>cioè<,cioè,cioè,CCONJ,_
472-8,TO052,472,472,9,meglio,meglio,meglio,ADJ,_
472-9,TO052,472,472,10,un,un,uno,DET,_
472-10,TO052,472,472,11,sorriso,sorriso,sorriso,NOUN,_
472-11,TO052,472,472,12,che:,che,che,PRON,_
472-12,TO052,472,472,13,uno,uno,uno,DET,_
472-13,TO052,472,472,14,sguardo,sguardo,sguardo,NOUN,_
472-14,TO052,472,472,15,in,in,in,ADP,_
472-15,TO052,472,472,16,cagnesco,cagnesco,cagnesco,NOUN,_
472-16,TO052,472,472,17,comunque,comunque,comunque,ADV,_
473-0,TO052,473,473,1,però,però,però,ADV,_
473-1,TO052,473,473,2,non,non,non,ADV,_
473-2,TO052,473,473,3,lo,lo,lo,PRON,_
473-3,TO052,473,473,4,"so:,",so,sapere,VERB,Intonation=weakly_rising
474-0,TO052,474,474,1,io:,io,io,PRON,_
474-1,TO052,474,474,2,sentivo,sentivo,sentire,VERB,_
474-2,TO052,474,474,3,"ch[e::],",che,che,SCONJ,Intonation=weakly_rising
475-0,TO048,475,475,1,[e],e,e,CCONJ,_
475-1,TO048,475,475,2,lo,lo,il,DET,_
475-2,TO048,475,475,3,"(straordinario,)",straordinario,straordinario,NOUN,Intonation=weakly_rising
476-0,TO052,476,476,1,"ah,",ah,ah,INTJ,Intonation=weakly_rising
477-0,TO052,477,477,1,e,e,e,CCONJ,_
477-1,TO052,477,477,2,a,a,a,ADP,_
477-2,TO052,477,477,3,verdi,verdi,Verdi,PROPN,_
477-3,TO052,477,477,4,gli,gli,lo,PRON,_
477-4,TO052,477,477,5,ho,ho,avere,AUX,_
477-5,TO052,477,477,6,chiesto,chiesto,chiedere,VERB,_
477-6,TO052,477,477,7,come,come,come,SCONJ,_
477-7,TO052,477,477,8,era,era,essere,AUX,_
477-8,TO052,477,477,9,"andata,",andata,andare,VERB,Intonation=weakly_rising
478-0,TO048,478,478,1,sì:?,sì,sì,ADV,Intonation=rising
479-0,TO052,479,479,1,e,e,e,CCONJ,_
479-1,TO052,479,479,2,lui,lui,lui,PRON,_
479-2,TO052,479,479,3,mi,mi,mi,PRON,_
479-3,TO052,479,479,4,fa,fa,fare,VERB,_
479-4,TO052,479,479,5,<a::h,ah,ah,INTJ,_
479-5,TO052,479,479,6,è,è,essere,AUX,_
479-6,TO052,479,479,7,andata,andata,andare,VERB,_
479-7,TO052,479,479,8,bene,bene,bene,ADV,_
479-8,TO052,479,479,9,ah>,ah,ah,INTJ,_
479-9,TO052,479,479,10,e,e,e,CCONJ,_
479-10,TO052,479,479,11,io,io,io,PRON,_
479-11,TO052,479,479,12,gli,gli,lo,PRON,_
479-12,TO052,479,479,13,faccio,faccio,fare,VERB,_
479-13,TO052,479,479,14,ma,ma,ma,CCONJ,_
479-14,TO052,479,479,15,(io),io,io,PRON,_
479-15,TO052,479,479,16,ho,ho,avere,VERB,_
479-16,TO052,479,479,17,paura,paura,paura,NOUN,_
479-17,TO052,479,479,18,di,di,di,ADP,_
479-18,TO052,479,479,19,avere,avere,avere,AUX,_
479-19,TO052,479,479,20,detto,detto,dire,VERB,_
479-20,TO052,479,479,21,maga:ri,magari,magari,ADV,_
479-21,TO052,479,479,22,cose:,cose,cosa,NOUN,_
479-22,TO052,479,479,23,"risapute,",risapute,risaputo,ADJ,Intonation=weakly_rising
480-0,TO052,480,480,1,e,e,e,CCONJ,_
480-1,TO052,480,480,2,mi,mi,mi,PRON,_
480-2,TO052,480,480,3,fa,fa,fare,VERB,_
480-3,TO052,480,480,4,ma,ma,ma,CCONJ,_
480-4,TO052,480,480,5,tu,tu,tu,PRON,_
480-5,TO052,480,480,6,non,non,non,ADV,_
480-6,TO052,480,480,7,devi,devi,dovere,AUX,_
480-7,TO052,480,480,8,avere,avere,avere,VERB,_
480-8,TO052,480,480,9,paura,paura,paura,NOUN,_
480-9,TO052,480,480,10,di,di,di,ADP,_
480-10,TO052,480,480,11,dire,dire,dire,VERB,_
480-11,TO052,480,480,12,cose:,cose,cosa,NOUN,_
480-12,TO052,480,480,13,{P},{P},_,_,_
480-13,TO052,480,480,14,risapute,risapute,risaputo,ADJ,_
480-14,TO052,480,480,15,tu,tu,tu,PRON,_
480-15,TO052,480,480,16,sei,sei,essere,AUX,_
480-16,TO052,480,480,17,con,con,con,ADP,_
480-17,TO052,480,480,18,{P},{P},_,_,_
480-18,TO052,480,480,19,con,con,con,ADP,_
480-19,TO052,480,480,20,i,i,il,DET,_
480-20,TO052,480,480,21,massimi,massimi,massimo,ADJ,_
480-21,TO052,480,480,22,esperti,esperti,esperto,NOUN,_
480-22,TO052,480,480,23,loro,loro,loro,PRON,_
480-23,TO052,480,480,24,lo,lo,lo,PRON,_
480-24,TO052,480,480,25,sanno,sanno,sapere,VERB,_
480-25,TO052,480,480,26,che,che,che,SCONJ,_
480-26,TO052,480,480,27,sei,sei,essere,AUX,_
480-27,TO052,480,480,28-29,all',all',_,_,Truncated=Yes
480-27a,_,_,480,28,_,a,a,ADP,_
480-27b,_,_,480,29,_,l',il,DET,_
480-28,TO052,480,480,30,inizio,inizio,inizio,NOUN,_
480-29,TO052,480,480,31,[non,non,non,ADV,_
480-30,TO052,480,480,32,ti,ti,ti,PRON,_
480-31,TO052,480,480,33,preoccupare].,preoccupare,preoccupare,VERB,Intonation=falling
481-0,TO048,481,481,1,[loro,loro,loro,PRON,_
481-1,TO048,481,481,2,lo,lo,lo,PRON,_
481-2,TO048,481,481,3,sanno],sanno,sapere,VERB,_
481-3,TO048,481,481,4,quello,quello,quello,PRON,_
481-4,TO048,481,481,5,che,che,che,PRON,_
481-5,TO048,481,481,6,stai,stai,stare,AUX,_
481-6,TO048,481,481,7,dicendo,dicendo,dicere,VERB,_
481-7,TO048,481,481,8,cose,cose,cosa,NOUN,_
481-8,TO048,481,481,9,xx,x,x,X,_
481-9,TO048,481,481,10,xx.,xx,x,X,Intonation=falling
482-0,TO052,482,482,1,però,però,però,ADV,_
482-1,TO052,482,482,2,come,come,come,ADP,_
482-2,TO052,482,482,3,l',l',lo,PRON,Truncated=Yes
482-3,TO052,482,482,4,ha,ha,avere,AUX,_
482-4,TO052,482,482,5,detto,detto,dire,VERB,_
482-5,TO052,482,482,6,a,a,a,ADP,_
482-6,TO052,482,482,7,me,me,me,PRON,_
482-7,TO052,482,482,8,mi,mi,mi,PRON,_
482-8,TO052,482,482,9,sembrava,sembrava,sembrare,VERB,_
482-9,TO052,482,482,10,che::,che,che,SCONJ,_
482-10,TO052,482,482,11,che,che,che,SCONJ,_
482-11,TO052,482,482,12,okay,okay,ok,INTJ,_
482-12,TO052,482,482,13,non,non,non,ADV,_
482-13,TO052,482,482,14,avevo,avevo,avere,AUX,_
482-14,TO052,482,482,15,fatto,fatto,fare,VERB,_
482-15,TO052,482,482,16,figure,figure,figura,NOUN,_
482-16,TO052,482,482,17,di,di,di,ADP,_
482-17,TO052,482,482,18,merda,merda,merda,NOUN,_
482-18,TO052,482,482,19,perché,perché,perché,SCONJ,_
482-19,TO052,482,482,20,ci,ci,ci,PRON,_
482-20,TO052,482,482,21,è,è,essere,AUX,_
482-21,TO052,482,482,22,stato,stato,essere,VERB,_
482-22,TO052,482,482,23,chi,chi,chi,PRON,_
482-23,TO052,482,482,24,ha,ha,avere,AUX,_
482-24,TO052,482,482,25,fatto,fatto,fare,VERB,_
482-25,TO052,482,482,26,figure,figure,figura,NOUN,_
482-26,TO052,482,482,27,di,di,di,ADP,_
482-27,TO052,482,482,28,merda,merda,merda,NOUN,_
482-28,TO052,482,482,29,"che,",che,che,PRON,Intonation=weakly_rising
483-0,TO048,483,483,1,sì:,sì,sì,ADV,_
483-1,TO048,483,483,2,in,in,in,ADP,_
483-2,TO048,483,483,3,che,che,che,DET,_
483-3,TO048,483,483,4,senso?,senso,senso,NOUN,Intonation=rising
484-0,TO052,484,484,1,c',c',ci,PRON,Truncated=Yes
484-1,TO052,484,484,2,è,è,essere,AUX,_
484-2,TO052,484,484,3,stato,stato,essere,VERB,_
484-3,TO052,484,484,4,un,un,uno,DET,_
484-4,TO052,484,484,5,professore,professore,professore,NOUN,_
484-5,TO052,484,484,6,universitario,universitario,universitario,ADJ,_
484-6,TO052,484,484,7,che,che,che,PRON,_
484-7,TO052,484,484,8,ha,ha,avere,VERB,_
484-8,TO052,484,484,9,"mh,",mh,mh,INTJ,Intonation=weakly_rising
485-0,TO052,485,485,1,ha,ha,avere,AUX,_
485-1,TO052,485,485,2,criticato,criticato,criticare,VERB,_
485-2,TO052,485,485,3,un,un,uno,DET,_
485-3,TO052,485,485,4,"testo,",testo,testo,NOUN,Intonation=weakly_rising
486-0,TO052,486,486,1,e,e,e,CCONJ,_
486-1,TO052,486,486,2,a,a,a,ADP,_
486-2,TO052,486,486,3,un,un,uno,DET,_
486-3,TO052,486,486,4,certo,certo,certo,ADJ,_
486-4,TO052,486,486,5,punto,punto,punto,NOUN,_
486-5,TO052,486,486,6,c',c',ci,PRON,Truncated=Yes
486-6,TO052,486,486,7,era,era,essere,VERB,_
486-7,TO052,486,486,8,un,un,uno,DET,_
486-8,TO052,486,486,9,giacomo,giacomo,Giacomo,PROPN,_
486-9,TO052,486,486,10,c~,c~,c~,X,Interrupted=Yes
486-10,TO052,486,486,11,era,era,essere,VERB,_
486-11,TO052,486,486,12,un,un,uno,DET,_
486-12,TO052,486,486,13,testo,testo,testo,NOUN,_
486-13,TO052,486,486,14,pieno,pieno,pieno,ADJ,_
486-14,TO052,486,486,15,di,di,di,ADP,_
486-15,TO052,486,486,16,"nomi,",nomi,nome,NOUN,Intonation=weakly_rising
487-0,TO052,487,487,1,e,e,e,CCONJ,_
487-1,TO052,487,487,2,ha,ha,avere,AUX,_
487-2,TO052,487,487,3,sbagliato,sbagliato,sbagliare,VERB,_
487-3,TO052,487,487,4,il,il,il,DET,_
487-4,TO052,487,487,5,riferimento.,riferimento,riferimento,NOUN,Intonation=falling
488-0,TO052,488,488,1,eh,eh,eh,INTJ,_
488-1,TO052,488,488,2,ha,ha,avere,AUX,_
488-2,TO052,488,488,3,detto,detto,dire,VERB,_
488-3,TO052,488,488,4,che,che,che,SCONJ,_
488-4,TO052,488,488,5,era,era,essere,AUX,_
488-5,TO052,488,488,6,giacomo,giacomo,Giacomo,PROPN,_
488-6,TO052,488,488,7,noventa,noventa,Noventa,PROPN,_
488-7,TO052,488,488,8,e,e,e,CCONJ,_
488-8,TO052,488,488,9,invece,invece,invece,ADV,_
488-9,TO052,488,488,10,era,era,essere,AUX,_
488-10,TO052,488,488,11,giacomo,giacomo,Giacomo,PROPN,_
488-11,TO052,488,488,12,magrini,magrini,Magrini,PROPN,_
488-12,TO052,488,488,13,ma,ma,ma,CCONJ,_
488-13,TO052,488,488,14,era,era,essere,AUX,_
488-14,TO052,488,488,15,chiaro,chiaro,chiaro,ADJ,_
488-15,TO052,488,488,16,che,che,che,SCONJ,_
488-16,TO052,488,488,17,tanto,tanto,tanto,ADV,_
488-17,TO052,488,488,18,',',_,_,_
488-18,TO052,488,488,19,è,è,essere,AUX,_
488-19,TO052,488,488,20,stato,stato,essere,AUX,_
488-20,TO052,488,488,21,un,un,uno,DET,_
488-21,TO052,488,488,22,brusio,brusio,brusio,NOUN,_
488-22,TO052,488,488,23-24,nella,nella,_,_,_
488-22a,_,_,488,23,_,in,in,ADP,_
488-22b,_,_,488,24,_,la,il,DET,_
488-23,TO052,488,488,25,platea,platea,platea,NOUN,_
488-24,TO052,488,488,26,{P},{P},_,_,_
488-25,TO052,488,488,27,lui,lui,lui,PRON,_
488-26,TO052,488,488,28,si,si,si,PRON,_
488-27,TO052,488,488,29,è,è,essere,AUX,_
488-28,TO052,488,488,30,dovuto,dovuto,dovere,AUX,_
488-29,TO052,488,488,31,interrompere,interrompere,interrompere,VERB,_
488-30,TO052,488,488,32,ha,ha,avere,AUX,_
488-31,TO052,488,488,33,detto,detto,dire,VERB,_
488-32,TO052,488,488,34,prego,prego,prego,INTJ,_
488-33,TO052,488,488,35,e,e,e,CCONJ,_
488-34,TO052,488,488,36,qualcuno,qualcuno,qualcuno,PRON,_
488-35,TO052,488,488,37,ha,ha,avere,AUX,_
488-36,TO052,488,488,38,gridato,gridato,gridare,VERB,_
488-37,TO052,488,488,39,<è,è,essere,AUX,_
488-38,TO052,488,488,40,"magrini:>,",magrini,Magrini,PROPN,Intonation=weakly_rising
489-0,TO052,489,489,1,quindi,quindi,quindi,ADV,_
489-1,TO052,489,489,2,"proprio,",proprio,proprio,ADV,Intonation=weakly_rising
490-0,TO052,490,490,1,e,e,e,CCONJ,_
490-1,TO052,490,490,2,[gli,gli,lo,PRON,_
490-2,TO052,490,490,3,è,è,essere,AUX,_
490-3,TO052,490,490,4,saltat~],saltat~,saltare,VERB,Interrupted=Yes
491-0,TO048,491,491,1,[e,e,e,CCONJ,_
491-1,TO048,491,491,2,lui]?,lui,lui,PRON,Intonation=rising
492-0,TO052,492,492,1,e,e,e,CCONJ,_
492-1,TO052,492,492,2,gli,gli,lo,PRON,_
492-2,TO052,492,492,3,è,è,essere,AUX,_
492-3,TO052,492,492,4,saltata,saltata,saltare,VERB,_
492-4,TO052,492,492,5,tutta,tutta,tutto,DET,_
492-5,TO052,492,492,6,l',l',il,DET,Truncated=Yes
492-6,TO052,492,492,7,interpretazione,interpretazione,interpretazione,NOUN,_
492-7,TO052,492,492,8-9,della:,della,_,_,_
492-7a,_,_,492,8,_,di,di,ADP,_
492-7b,_,_,492,9,_,la,la,DET,_
492-8,TO052,492,492,10-11,della,della,_,_,_
492-8a,_,_,492,10,_,di,di,ADP,_
492-8b,_,_,492,11,_,la,il,DET,_
492-9,TO052,492,492,12,poesia.,poesia,poesia,NOUN,Intonation=falling
493-0,TO050,493,493,1,davvero?,davvero,davvero,ADV,Intonation=rising
494-0,TO048,494,494,1,<madonna>,madonna,madonna,NOUN,_
494-1,TO048,494,494,2,ma,ma,ma,CCONJ,_
494-2,TO048,494,494,3,davvero?,davvero,davvero,ADV,Intonation=rising
494-3,TO048,494,494,4,[e,e,e,CCONJ,_
494-4,TO048,494,494,5,ch]e,che,che,PRON,_
494-5,TO048,494,494,6,ha,ha,avere,AUX,_
494-6,TO048,494,494,7,fatto,fatto,fare,VERB,_
494-7,TO048,494,494,8,do[po]?,dopo,dopo,ADP,Intonation=rising
495-0,TO052,495,495,1,[sì].,sì,sì,ADV,Intonation=falling
496-0,TO050,496,496,1,[minchi]a,minchia,minchiare,VERB,_
496-1,TO050,496,496,2,e,e,e,CCONJ,_
496-2,TO050,496,496,3,[come,come,come,SCONJ,_
496-3,TO050,496,496,4,"fa],",fa,fare,VERB,Intonation=weakly_rising
497-0,TO052,497,497,1,[è,è,essere,AUX,_
497-1,TO052,497,497,2,andato,andato,andare,VERB,_
497-2,TO052,497,497,3,avanti],avanti,avanti,ADV,_
497-3,TO052,497,497,4,come,come,come,ADV,_
497-4,TO052,497,497,5,se,se,se,SCONJ,_
497-5,TO052,497,497,6,niente,niente,niente,PRON,_
497-6,TO052,497,497,7,fosse,fosse,essere,AUX,_
497-7,TO052,497,497,8,dicendo,dicendo,dire,VERB,_
497-8,TO052,497,497,9,<voi,voi,voi,PRON,_
497-9,TO052,497,497,10,dite,dite,dire,VERB,_
497-10,TO052,497,497,11,è,è,essere,AUX,_
497-11,TO052,497,497,12,così>.,così,così,ADV,Intonation=falling
498-0,TO052,498,498,1,<io>,io,io,PRON,_
498-1,TO052,498,498,2,{P},{P},_,_,_
498-2,TO052,498,498,3,potrebbe,potrebbe,potere,AUX,_
498-3,TO052,498,498,4,anche,anche,anche,ADV,_
498-4,TO052,498,498,5,essere,essere,essere,AUX,_
498-5,TO052,498,498,6,ma,ma,ma,CCONJ,_
498-6,TO052,498,498,7,io,io,io,PRON,_
498-7,TO052,498,498,8,continuo,continuo,continuare,VERB,_
498-8,TO052,498,498,9,a,a,a,ADP,_
498-9,TO052,498,498,10,pensare,pensare,pensare,VERB,_
498-10,TO052,498,498,11,che,che,che,SCONJ,_
498-11,TO052,498,498,12,è,è,essere,AUX,_
498-12,TO052,498,498,13,noventa.,noventa,Noventa,PROPN,Intonation=falling
499-0,TO048,499,499,1,sì,sì,sì,ADV,_
499-1,TO048,499,499,2,vabb[è,vabbè,vabbè,INTJ,_
499-2,TO048,499,499,3,ciaone].,ciaone,ciaone,NOUN,Intonation=falling
500-0,TO050,500,500,1,[xx,x,x,X,_
500-1,TO050,500,500,2,x]?,x,x,X,Intonation=rising
501-0,TO052,501,501,1,ah?,ah,ah,INTJ,Intonation=rising
502-0,TO050,502,502,1,ma,ma,ma,CCONJ,_
502-1,TO050,502,502,2,non,non,non,ADV,_
502-2,TO050,502,502,3,c',c',ci,PRON,Truncated=Yes
502-3,TO050,502,502,4,è,è,essere,VERB,_
502-4,TO050,502,502,5,un,un,uno,DET,_
502-5,TO050,502,502,6,"un,",un,uno,DET,Intonation=weakly_rising
503-0,TO052,503,503,1,che,che,che,PRON,_
503-1,TO052,503,503,2,è,è,essere,AUX,_
503-2,TO052,503,503,3,l',l',il,DET,Truncated=Yes
503-3,TO052,503,503,4,altro,altro,altro,PRON,_
503-4,TO052,503,503,5,che,che,che,PRON,_
503-5,TO052,503,503,6,fosse,fosse,essere,AUX,_
503-6,TO052,503,503,7,l',l',il,DET,Truncated=Yes
503-7,TO052,503,503,8,altro,altro,altro,ADJ,_
503-8,TO052,503,503,9,giacomo,giacomo,Giacomo,PROPN,_
503-9,TO052,503,503,10,no?,no,no,ADV,Intonation=rising
504-0,TO050,504,504,1,ma,ma,ma,CCONJ,_
504-1,TO050,504,504,2,ha,ha,avere,AUX,_
504-2,TO050,504,504,3,parlato,parlato,parlare,VERB,_
504-3,TO050,504,504,4,di,di,di,ADP,_
504-4,TO050,504,504,5,un,un,uno,DET,_
504-5,TO050,504,504,6,personaggio,personaggio,personaggio,NOUN,_
504-6,TO050,504,504,7,oppure,oppure,oppure,CCONJ,_
504-7,TO050,504,504,8,di,di,di,ADP,_
504-8,TO050,504,504,9,"[una::],",una,uno,PRON,Intonation=weakly_rising
505-0,TO052,505,505,1,[una,una,uno,DET,_
505-1,TO052,505,505,2,pe]rsona,persona,persona,NOUN,_
505-2,TO052,505,505,3,vera.,vera,vero,ADJ,Intonation=falling
506-0,TO052,506,506,1,fortini,fortini,Fortini,PROPN,_
506-1,TO052,506,506,2,eh,eh,eh,INTJ,_
506-2,TO052,506,506,3,scriveva,scriveva,scrivere,VERB,_
506-3,TO052,506,506,4,molte,molte,molto,DET,_
506-4,TO052,506,506,5,poesie,poesie,poesia,NOUN,_
506-5,TO052,506,506,6,a,a,a,ADP,_
506-6,TO052,506,506,7,persone:,persone,persona,NOUN,_
506-7,TO052,506,506,8,realmente,realmente,realmente,ADV,_
506-8,TO052,506,506,9,e[sistenti].,esistenti,esistente,ADJ,Intonation=falling
507-0,TO050,507,507,1,[ah,ah,ah,INTJ,_
507-1,TO050,507,507,2,e,e,e,CCONJ,_
507-2,TO050,507,507,3,quindi,quindi,quindi,ADV,_
507-3,TO050,507,507,4,lu]i,lui,lui,PRON,_
507-4,TO050,507,507,5,l',l',lo,PRON,Truncated=Yes
507-5,TO050,507,507,6,ha,ha,avere,AUX,_
507-6,TO050,507,507,7,interpretato,interpretato,interpretare,VERB,_
507-7,TO050,507,507,8,come,come,come,ADV,_
507-8,TO050,507,507,9,se,se,se,SCONJ,_
507-9,TO050,507,507,10,fosse,fosse,essere,AUX,_
507-10,TO050,507,507,11,{P},{P},_,_,_
507-11,TO050,507,507,12,[xx,x,x,X,_
507-12,TO050,507,507,13,xx].,xx,x,X,Intonation=falling
508-0,TO052,508,508,1,[di,di,di,ADP,_
508-1,TO052,508,508,2,giacomo,giacomo,Giacomo,PROPN,_
508-2,TO052,508,508,3,nov]enta,noventa,Noventa,PROPN,_
508-3,TO052,508,508,4,che,che,che,PRON,_
508-4,TO052,508,508,5,che,che,che,PRON,_
508-5,TO052,508,508,6,era,era,essere,AUX,_
508-6,TO052,508,508,7,il,il,il,DET,_
508-7,TO052,508,508,8,suo:,suo,suo,DET,_
508-8,TO052,508,508,9,{P},{P},_,_,_
508-9,TO052,508,508,10,maestro,maestro,maestro,NOUN,_
508-10,TO052,508,508,11,diciamo,diciamo,dire,VERB,_
508-11,TO052,508,508,12,no?,no,no,ADV,Intonation=rising
508-12,TO052,508,508,13,con,con,con,ADP,_
508-13,TO052,508,508,14,cui,cui,cui,PRON,_
508-14,TO052,508,508,15,"mh,",mh,mh,INTJ,Intonation=weakly_rising
509-0,TO050,509,509,1,ah,ah,ah,INTJ,_
509-1,TO050,509,509,2,sì.,sì,sì,ADV,Intonation=falling
510-0,TO052,510,510,1,e,e,e,CCONJ,_
510-1,TO052,510,510,2,"invece,",invece,invece,ADV,Intonation=weakly_rising
511-0,TO048,511,511,0,{ride},{ride},_,X,_
512-0,TO052,512,512,1,e,e,e,CCONJ,_
512-1,TO052,512,512,2,invece,invece,invece,ADV,_
512-2,TO052,512,512,3,e,e,e,CCONJ,_
512-3,TO052,512,512,4,{P},{P},_,_,_
512-4,TO052,512,512,5,era,era,essere,AUX,_
512-5,TO052,512,512,6,giacomo,giacomo,Giacomo,PROPN,_
512-6,TO052,512,512,7,magrini,magrini,Magrini,PROPN,_
512-7,TO052,512,512,8,che,che,che,PRON,_
512-8,TO052,512,512,9,era,era,essere,AUX,_
512-9,TO052,512,512,10,un,un,uno,DET,_
512-10,TO052,512,512,11,un,un,uno,DET,ProsodicLink=Yes
512-11,TO052,512,512,12,"m::h,",mh,mh,INTJ,Intonation=weakly_rising
513-0,TO048,513,513,1,e,e,e,CCONJ,_
513-1,TO048,513,513,2,questa,questa,questo,DET,_
513-2,TO048,513,513,3,cosa,cosa,cosa,NOUN,_
513-3,TO048,513,513,4,pesava,pesava,pesare,VERB,_
513-4,TO048,513,513,5,cioè,cioè,cioè,ADV,_
513-5,TO048,513,513,6,[xx,x,x,X,_
513-6,TO048,513,513,7,xx,x,x,X,_
513-7,TO048,513,513,8,x].,x,x,X,Intonation=falling
514-0,TO052,514,514,1,[sì,sì,sì,ADV,_
514-1,TO052,514,514,2,{P},{P},_,_,_
514-2,TO052,514,514,3,l~,l~,l~,X,Interrupted=Yes
514-3,TO052,514,514,4,loro,loro,loro,PRON,_
514-4,TO052,514,514,5,lo,lo,il,DET,_
514-5,TO052,514,514,6,sa~],sa~,sa~,X,Interrupted=Yes
514-6,TO052,514,514,7,io,io,io,PRON,_
514-7,TO052,514,514,8,non,non,non,ADV,_
514-8,TO052,514,514,9,lo,lo,lo,PRON,_
514-9,TO052,514,514,10,sapevo,sapevo,sapere,VERB,_
514-10,TO052,514,514,11,ma,ma,ma,CCONJ,_
514-11,TO052,514,514,12,loro,loro,loro,PRON,_
514-12,TO052,514,514,13,sì.,sì,sì,ADV,Intonation=falling
515-0,TO052,515,515,1,e,e,e,CCONJ,_
515-1,TO052,515,515,2,molte,molte,molto,DET,_
515-2,TO052,515,515,3,persone.,persone,persona,NOUN,Intonation=falling
516-0,TO052,516,516,1,e,e,e,CCONJ,_
516-1,TO052,516,516,2,"che::,",che,che,SCONJ,Intonation=weakly_rising
517-0,TO050,517,517,1,"qui[ndi],",quindi,quindi,ADV,Intonation=weakly_rising
518-0,TO052,518,518,1,[quindi],quindi,quindi,ADV,_
518-1,TO052,518,518,2,io,io,io,PRON,_
518-2,TO052,518,518,3,non,non,non,ADV,_
518-3,TO052,518,518,4,ho,ho,avere,AUX,_
518-4,TO052,518,518,5,sbagliato,sbagliato,sbagliare,VERB,_
518-5,TO052,518,518,6,mh,mh,mh,INTJ,_
518-6,TO052,518,518,7,quindi,quindi,quindi,ADV,_
518-7,TO052,518,518,8,io,io,io,PRON,_
518-8,TO052,518,518,9,minchiate,minchiate,minchiata,NOUN,_
518-9,TO052,518,518,10,non,non,non,ADV,_
518-10,TO052,518,518,11,ne,ne,ne,PRON,_
518-11,TO052,518,518,12,ho,ho,avere,AUX,_
518-12,TO052,518,518,13,dett(o),detto,dire,VERB,_
518-13,TO052,518,518,14,capito?,capito,capire,VERB,Intonation=rising
519-0,TO052,519,519,1,se:,se,se,SCONJ,_
519-1,TO052,519,519,2,"è,",è,essere,AUX,Intonation=weakly_rising
519-2,TO052,519,519,3,è,è,essere,AUX,_
519-3,TO052,519,519,4,che,che,che,SCONJ,_
519-4,TO052,519,519,5,non,non,non,ADV,_
519-5,TO052,519,519,6,ho,ho,avere,AUX,_
519-6,TO052,519,519,7,detto,detto,dire,VERB,_
519-7,TO052,519,519,8,cose,cose,cosa,NOUN,_
519-8,TO052,519,519,9,pazzesche,pazzesche,pazzesco,ADJ,_
519-9,TO052,519,519,10,ho,ho,avere,AUX,_
519-10,TO052,519,519,11,detto,detto,dire,VERB,_
519-11,TO052,519,519,12,cose,cose,cosa,NOUN,_
519-12,TO052,519,519,13,<abbastanza::>,abbastanza,abbastanza,ADV,_
519-13,TO052,519,519,14,{P},{P},_,_,_
519-14,TO052,519,519,15,mh,mh,mh,INTJ,_
519-15,TO052,519,519,16,{P},{P},_,_,_
519-16,TO052,519,519,17,che,che,che,SCONJ,_
519-17,TO052,519,519,18,ne~,ne~,ne~,X,Interrupted=Yes
519-18,TO052,519,519,19,che,che,che,PRON,_
519-19,TO052,519,519,20,per,per,per,ADP,_
519-20,TO052,519,519,21,gli,gli,il,DET,_
519-21,TO052,519,519,22,addetti,addetti,addetto,NOUN,_
519-22,TO052,519,519,23-24,ai,ai,_,_,_
519-22a,_,_,519,23,_,a,a,ADP,_
519-22b,_,_,519,24,_,i,il,DET,_
519-23,TO052,519,519,25,lavori,lavori,lavoro,NOUN,_
519-24,TO052,519,519,26,sono,sono,essere,AUX,_
519-25,TO052,519,519,27,chiare,chiare,chiaro,ADJ,_
519-26,TO052,519,519,28,[diciamo].,diciamo,dire,VERB,Intonation=falling
520-0,TO048,520,520,1,[il,il,il,DET,_
520-1,TO048,520,520,2,punto],punto,punto,NOUN,_
520-2,TO048,520,520,3,è,è,essere,VERB,_
520-3,TO048,520,520,4,che,che,che,SCONJ,_
520-4,TO048,520,520,5,{P},{P},_,_,_
520-5,TO048,520,520,6,come,come,come,ADP,_
520-6,TO048,520,520,7,le,le,il,PRON,_
520-7,TO048,520,520,8,hai,hai,avere,AUX,_
520-8,TO048,520,520,9,messe,messe,mettere,VERB,_
520-9,TO048,520,520,10,insieme,insieme,insieme,ADV,_
520-10,TO048,520,520,11,xx,x,x,X,_
520-11,TO048,520,520,12,xx,x,x,X,_
520-12,TO048,520,520,13,un,un,uno,DET,_
520-13,TO048,520,520,14,conto,conto,conto,NOUN,_
520-14,TO048,520,520,15,è,è,essere,AUX,_
520-15,TO048,520,520,16,quello,quello,quello,PRON,_
520-16,TO048,520,520,17,che,che,che,PRON,_
520-17,TO048,520,520,18,hai,hai,avere,AUX,_
520-18,TO048,520,520,19,detto,detto,dire,VERB,_
520-19,TO048,520,520,20,cioè,cioè,cioé,CCONJ,_
520-20,TO048,520,520,21,magari,magari,magari,ADV,_
520-21,TO048,520,520,22,il,il,il,DET,_
520-22,TO048,520,520,23,tuo,tuo,tuo,DET,_
520-23,TO048,520,520,24,intervento,intervento,intervento,NOUN,_
520-24,TO048,520,520,25,è,è,essere,AUX,_
520-25,TO048,520,520,26,stato,stato,essere,AUX,_
520-26,TO048,520,520,27,bello,bello,bello,ADJ,_
520-27,TO048,520,520,28,perché,perché,perché,SCONJ,_
520-28,TO048,520,520,29,{P},{P},_,_,_
520-29,TO048,520,520,30,hai,hai,avere,AUX,_
520-30,TO048,520,520,31,messo,messo,mettere,VERB,_
520-31,TO048,520,520,32,insieme,insieme,insieme,ADV,_
520-32,TO048,520,520,33-34,delle,delle,_,_,_
520-32a,_,_,520,33,_,di,di,ADP,_
520-32b,_,_,520,34,_,le,il,DET,_
520-33,TO048,520,520,35,cose,cose,cosa,NOUN,_
520-34,TO048,520,520,36,già,già,già,ADV,_
520-35,TO048,520,520,37,dette,dette,dire,VERB,_
520-36,TO048,520,520,38,in,in,in,ADP,_
520-37,TO048,520,520,39,modo,modo,modo,NOUN,_
520-38,TO048,520,520,40,originale.,originale,originale,ADJ,Intonation=falling
521-0,TO052,521,521,1,eh,eh,eh,ADV,_
521-1,TO052,521,521,2,io,io,io,PRON,_
521-2,TO052,521,521,3,per,per,per,ADP,_
521-3,TO052,521,521,4,per,per,per,ADP,_
521-4,TO052,521,521,5-6,smarcarmi,smarcarmi,_,_,_
521-4a,_,_,521,5,_,smarcar,smarcare,VERB,_
521-4b,_,_,521,6,_,mi,mi,PRON,_
521-5,TO052,521,521,7-8,dal,dal,_,_,_
521-5a,_,_,521,7,_,da,da,ADP,_
521-5b,_,_,521,8,_,il,il,DET,_
521-6,TO052,521,521,9,"risaputo,",risaputo,risaputo,NOUN,Intonation=weakly_rising
522-0,TO052,522,522,1,questo,questo,questo,DET,_
522-1,TO052,522,522,2,disc~,disc~,discorso,NOUN,Interrupted=Yes
522-2,TO052,522,522,3,il,il,il,DET,_
522-3,TO052,522,522,4,discorso,discorso,discorso,NOUN,_
522-4,TO052,522,522,5-6,sulla,sulla,_,_,_
522-4a,_,_,522,5,_,su,su,ADP,_
522-4b,_,_,522,6,_,la,il,DET,_
522-5,TO052,522,522,7,xx,x,x,X,_
522-6,TO052,522,522,8,"xx,",xx,x,X,Intonation=weakly_rising
523-0,TO052,523,523,1,l',l',lo,PRON,Truncated=Yes
523-1,TO052,523,523,2,ho,ho,avere,AUX,_
523-2,TO052,523,523,3,l',l',lo,PRON,Truncated=Yes
523-3,TO052,523,523,4,ho,ho,avere,AUX,_
523-4,TO052,523,523,5,l',l',il,DET,Truncated=Yes
523-5,TO052,523,523,6,ho,ho,avere,AUX,_
523-6,TO052,523,523,7,l',l',lo,PRON,Truncated=Yes
523-7,TO052,523,523,8,ho::,ho,avere,AUX,_
523-8,TO052,523,523,9,l',l',lo,PRON,Truncated=Yes
523-9,TO052,523,523,10,ho,ho,avere,AUX,_
523-10,TO052,523,523,11,collegato,collegato,collegare,VERB,_
523-11,TO052,523,523,12,{P},{P},_,_,_
523-12,TO052,523,523,13,a,a,a,ADP,_
523-13,TO052,523,523,14,ad,ad,a ,ADP,_
523-14,TO052,523,523,15,a,a,a,ADP,_
523-15,TO052,523,523,16,due,due,due,NUM,_
523-16,TO052,523,523,17,testi,testi,testo,NOUN,_
523-17,TO052,523,523,18,"particolari,",particolari,particolare,ADJ,Intonation=weakly_rising
524-0,TO052,524,524,1,in,in,in,ADP,_
524-1,TO052,524,524,2,cui:,cui,cui,PRON,_
524-2,TO052,524,524,3,{P},{P},_,_,_
524-3,TO052,524,524,4,quindi,quindi,quindi,ADV,_
524-4,TO052,524,524,5,c',c',ci,PRON,Truncated=Yes
524-5,TO052,524,524,6,è,è,essere,VERB,_
524-6,TO052,524,524,7,l',l',il,DET,Truncated=Yes
524-7,TO052,524,524,8,analisi,analisi,analisi,NOUN,_
524-8,TO052,524,524,9-10,del,del,_,_,_
524-8a,_,_,524,9,_,di,di,ADP,_
524-8b,_,_,524,10,_,il,il,DET,_
524-9,TO052,524,524,11,testo,testo,testo,NOUN,_
524-10,TO052,524,524,12,in,in,in,ADP,_
524-11,TO052,524,524,13,qualche,qualche,qualche,DET,_
524-12,TO052,524,524,14,modo,modo,modo,NOUN,_
524-13,TO052,524,524,15,xx,x,x,X,_
524-14,TO052,524,524,16,e::h,eh,eh,INTJ,_
524-15,TO052,524,524,17,dire,dire,dire,VERB,_
524-16,TO052,524,524,18,cioè,cioè,cioè,CCONJ,_
524-17,TO052,524,524,19,poteva,poteva,potere,AUX,ProsodicLink=Yes
524-18,TO052,524,524,20,m:h,mh,mh,INTJ,_
524-19,TO052,524,524,21,svincolare,svincolare,svincolare,VERB,_
524-20,TO052,524,524,22-23,dalla,dalla,_,_,_
524-20a,_,_,524,22,_,da,da,ADP,_
524-20b,_,_,524,23,_,la,il,DET,_
524-21,TO052,524,524,24,banalità,banalità,banalità,NOUN,_
524-22,TO052,524,524,25,no?,no,no,ADV,Intonation=rising
525-0,TO048,525,525,1,e,e,e,CCONJ,_
525-1,TO048,525,525,2,l',l',il,PRON,Truncated=Yes
525-2,TO048,525,525,3,hai,hai,avere,AUX,_
525-3,TO048,525,525,4,fatta,fatta,fare,VERB,_
525-4,TO048,525,525,5,tu?,tu,tu,PRON,Intonation=rising
526-0,TO052,526,526,1,sì.,sì,sì,ADV,Intonation=falling
527-0,TO048,527,527,1,ah.,ah,ah,INTJ,Intonation=falling
528-0,TO048,528,528,1,bene.,bene,bene,ADV,Intonation=falling
529-0,TO052,529,529,1,e::h,eh,eh,INTJ,ProsodicLink=Yes
529-1,TO052,529,529,2,"mh,",mh,mh,INTJ,Intonation=weakly_rising
530-0,TO052,530,530,1,poi,poi,poi,ADV,_
530-1,TO052,530,530,2,usavo,usavo,usare,VERB,_
530-2,TO052,530,530,3,termini,termini,termine,NOUN,_
530-3,TO052,530,530,4,in,in,in,ADP,_
530-4,TO052,530,530,5,tedesco:,tedesco,tedesco,NOUN,_
530-5,TO052,530,530,6,non,non,non,ADV,_
530-6,TO052,530,530,7,dico,dico,dire,VERB,_
530-7,TO052,530,530,8,a,a,a,ADP,_
530-8,TO052,530,530,9,caso,caso,caso,NOUN,_
530-9,TO052,530,530,10,però,però,però,ADV,_
530-10,TO052,530,530,11-12,nel,nel,_,_,_
530-10a,_,_,530,11,_,in,in,ADP,_
530-10b,_,_,530,12,_,il,il,DET,_
530-11,TO052,530,530,13,senso,senso,senso,NOUN,_
530-12,TO052,530,530,14,usavo,usavo,usare,VERB,_
530-13,TO052,530,530,15,molti,molti,molto,DET,_
530-14,TO052,530,530,16,termini,termini,termine,NOUN,_
530-15,TO052,530,530,17,in,in,in,ADP,_
530-16,TO052,530,530,18,tedesco,tedesco,tedesco,NOUN,_
530-17,TO052,530,530,19,in,in,in,ADP,_
530-18,TO052,530,530,20,modo,modo,modo,NOUN,_
530-19,TO052,530,530,21,"che,",che,che,SCONJ,Intonation=weakly_rising
531-0,TO048,531,531,0,{ride},{ride},_,X,_
532-0,TO052,532,532,1,e::h,eh,eh,INTJ,_
532-1,TO052,532,532,2,e,e,e,CCONJ,_
532-2,TO052,532,532,3,l~,l~,l~,X,Interrupted=Yes
532-3,TO052,532,532,4,il,il,il,DET,_
532-4,TO052,532,532,5,quaranta,quaranta,quaranta,NUM,_
532-5,TO052,532,532,6,percento,percento,percento,NOUN,_
532-6,TO052,532,532,7,no,no,no,ADV,_
532-7,TO052,532,532,8-9,delle,delle,_,_,_
532-7a,_,_,532,8,_,di,di,ADP,_
532-7b,_,_,532,9,_,le,le,PRON,_
532-8,TO052,532,532,10-11,delle,delle,_,_,_
532-8a,_,_,532,10,_,di,di,ADP,_
532-8b,_,_,532,11,_,le,il,DET,_
532-9,TO052,532,532,12,persone,persone,persona,NOUN,_
532-10,TO052,532,532,13,{P},{P},_,_,_
532-11,TO052,532,532,14,a,a,a,ADP,_
532-12,TO052,532,532,15,volte,volte,volte,NOUN,_
532-13,TO052,532,532,16,non,non,non,ADV,_
532-14,TO052,532,532,17,capivano,capivano,capire,VERB,_
532-15,TO052,532,532,18,>quello,quello,quello,PRON,_
532-16,TO052,532,532,19,che,che,che,PRON,_
532-17,TO052,532,532,20,stavo,stavo,stare,VERB,_
532-18,TO052,532,532,21,dicendo<,dicendo,dire,VERB,_
532-19,TO052,532,532,22,e,e,e,CCONJ,_
532-20,TO052,532,532,23,i,i,il,DET,_
532-21,TO052,532,532,24,germanisti,germanisti,germanista,NOUN,_
532-22,TO052,532,532,25,approvavano.,approvavano,approvare,VERB,Intonation=falling
533-0,TO050,533,533,1,quindi,quindi,quindi,ADV,_
533-1,TO050,533,533,2,"e[rano],",erano,essere,AUX,Intonation=weakly_rising
534-0,TO052,534,534,1,[e,e,e,CCONJ,_
534-1,TO052,534,534,2,capivano],capivano,capire,VERB,_
534-2,TO052,534,534,3,anche,anche,anche,ADV,_
534-3,TO052,534,534,4,le,le,il,DET,_
534-4,TO052,534,534,5,battute.,battute,battuta,NOUN,Intonation=falling
535-0,TO052,535,535,1,perché,perché,perché,SCONJ,_
535-1,TO052,535,535,2,a,a,a,ADP,_
535-2,TO052,535,535,3,un,un,uno,DET,_
535-3,TO052,535,535,4,certo,certo,certo,ADJ,_
535-4,TO052,535,535,5,"p[unto],",punto,punto,NOUN,Intonation=weakly_rising
536-0,TO050,536,536,1,[xx]xx,x,x,X,_
536-1,TO050,536,536,2,bella,bella,bello,ADJ,_
536-2,TO050,536,536,3,"figu[ra],",figura,figura,NOUN,Intonation=weakly_rising
537-0,TO052,537,537,1,[perch]é,perché,perché,SCONJ,_
537-1,TO052,537,537,2,a,a,a,ADP,_
537-2,TO052,537,537,3,un,un,uno,DET,_
537-3,TO052,537,537,4,certo,certo,certo,ADJ,_
537-4,TO052,537,537,5,punto,punto,punto,NOUN,_
537-5,TO052,537,537,6,eh,eh,eh,INTJ,_
537-6,TO052,537,537,7,ho,ho,avere,AUX,_
537-7,TO052,537,537,8,detto,detto,dire,VERB,_
537-8,TO052,537,537,9,che:,che,che,SCONJ,_
537-9,TO052,537,537,10,fortini,fortini,Fortini,PROPN,_
537-10,TO052,537,537,11,trovava,trovava,trovare,VERB,_
537-11,TO052,537,537,12-13,dei,dei,_,_,_
537-11a,_,_,537,12,_,di,di,ADP,_
537-11b,_,_,537,13,_,i,i,DET,_
537-12,TO052,537,537,14-15,dei,dei,_,_,_
537-12a,_,_,537,14,_,di,di,ADP,_
537-12b,_,_,537,15,_,i,il,DET,_
537-13,TO052,537,537,16,nessi,nessi,nesso,NOUN,_
537-14,TO052,537,537,17,alquanto,alquanto,alquanto,ADV,_
537-15,TO052,537,537,18,disarmanti,disarmanti,disarmante,ADJ,_
537-16,TO052,537,537,19,come,come,come,ADP,_
537-17,TO052,537,537,20,disse,disse,dire,VERB,_
537-18,TO052,537,537,21,venivo,venivo,venire,VERB,_
537-19,TO052,537,537,22,da,da,da,ADP,_
537-20,TO052,537,537,23,lukács,lukács,Lukács,PROPN,_
537-21,TO052,537,537,24,e,e,e,CCONJ,_
537-22,TO052,537,537,25,quindi,quindi,quindi,ADV,_
537-23,TO052,537,537,26,minima,minima,minimo,ADJ,_
537-24,TO052,537,537,27,moralia,moralia,moralia,NOUN,_
537-25,TO052,537,537,28,mi,mi,mi,PRON,_
537-26,TO052,537,537,29,mi,mi,mi,PRON,_
537-27,TO052,537,537,30,incantò,incantò,incantare,VERB,_
537-28,TO052,537,537,31,minima,minima,minimus,ADJ,lang=lat
537-29,TO052,537,537,32,moralia,moralia,moralis ,NOUN,lang=lat
537-30,TO052,537,537,33,è,è,essere,AUX,_
537-31,TO052,537,537,34,un,un,uno,DET,_
537-32,TO052,537,537,35,testo,testo,testo,NOUN,_
537-33,TO052,537,537,36,di,di,di,ADP,_
537-34,TO052,537,537,37,adorno,adorno,Adorno,PROPN,_
537-35,TO052,537,537,38,contro,contro,contro,ADP,_
537-36,TO052,537,537,39,lukács.,lukács,Lukács,PROPN,Intonation=falling
538-0,TO050,538,538,0,{ride},{ride},_,X,_
539-0,TO052,539,539,1,e,e,e,CCONJ,_
539-1,TO052,539,539,2,e:,e,e,CCONJ,_
539-2,TO052,539,539,3,e,e,e,CCONJ,_
539-3,TO052,539,539,4,quindi,quindi,quindi,ADV,_
539-4,TO052,539,539,5,{P},{P},_,_,_
539-5,TO052,539,539,6,però,però,però,ADV,_
539-6,TO052,539,539,7,chi,chi,chi,PRON,_
539-7,TO052,539,539,8,no,no,no,ADV,_
539-8,TO052,539,539,9,chi,chi,chi,PRON,_
539-9,TO052,539,539,10,non,non,non,ADV,_
539-10,TO052,539,539,11,sa,sa,sapere,VERB,_
539-11,TO052,539,539,12,questa,questa,questo,DET,_
539-12,TO052,539,539,13,cosa,cosa,cosa,NOUN,_
539-13,TO052,539,539,14,non,non,non,ADV,_
539-14,TO052,539,539,15,ride.,ride,ridere,VERB,Intonation=falling
540-0,TO050,540,540,1,e,e,e,CCONJ,_
540-1,TO050,540,540,2,ce[rto].,certo,certo,ADV,Intonation=falling
541-0,TO052,541,541,1,[e,e,e,CCONJ,_
541-1,TO052,541,541,2,qu]indi,quindi,quindi,ADV,_
541-2,TO052,541,541,3,c',c',ci,PRON,Truncated=Yes
541-3,TO052,541,541,4,erano,erano,essere,VERB,_
541-4,TO052,541,541,5,i,i,il,DET,_
541-5,TO052,541,541,6,germanisti,germanisti,germanista,NOUN,_
541-6,TO052,541,541,7,che,che,che,PRON,_
541-7,TO052,541,541,8,ridevano,ridevano,ridere,VERB,_
541-8,TO052,541,541,9,e,e,e,CCONJ,_
541-9,TO052,541,541,10,gli,gli,il,DET,_
541-10,TO052,541,541,11,altri,altri,altro,PRON,_
541-11,TO052,541,541,12,no,no,no,ADV,_
542-0,TO050,542,542,1,(quasi),quasi,quasi,ADV,_
542-1,TO050,542,542,2,quasi,quasi,quasi,ADV,_
542-2,TO050,542,542,3,xx,x,x,X,_
542-3,TO050,542,542,4,xx,x,x,X,_
542-4,TO050,542,542,5,non,non,non,ADV,_
542-5,TO050,542,542,6,sarebbero,sarebbero,essere,AUX,_
542-6,TO050,542,542,7,u:n,un,uno,DET,_
542-7,TO050,542,542,8,motivo,motivo,motivo,NOUN,_
542-8,TO050,542,542,9,valido,valido,valido,ADJ,_
542-9,TO050,542,542,10,per,per,per,ADP,_
542-10,TO050,542,542,11,[fare,fare,fare,VERB,_
542-11,TO050,542,542,12,xx,x,x,X,_
542-12,TO050,542,542,13,x].,x,x,X,Intonation=falling
543-0,TO052,543,543,1,[eh,eh,eh,INTJ,_
543-1,TO052,543,543,2,sì,sì,sì,ADV,_
543-2,TO052,543,543,3,io,io,io,PRON,_
543-3,TO052,543,543,4,ho,ho,avere,AUX,_
543-4,TO052,543,543,5,fatto,fatto,fare,VERB,_
543-5,TO052,543,543,6,mo]lta,molta,molto,DET,_
543-6,TO052,543,543,7,ironia,ironia,ironia,NOUN,_
543-7,TO052,543,543,8,{P},{P},_,_,_
543-8,TO052,543,543,9,ho,ho,avere,AUX,_
543-9,TO052,543,543,10,fatto,fatto,fare,VERB,_
543-10,TO052,543,543,11,molta,molta,molto,DET,_
543-11,TO052,543,543,12,ironia,ironia,ironia,NOUN,_
543-12,TO052,543,543,13,io,io,io,PRON,_
543-13,TO052,543,543,14,partivo,partivo,partire,VERB,_
543-14,TO052,543,543,15,con,con,con,ADP,_
543-15,TO052,543,543,16,una,una,uno,DET,_
543-16,TO052,543,543,17,citazione,citazione,citazione,NOUN,_
543-17,TO052,543,543,18,di,di,di,ADP,_
543-18,TO052,543,543,19,xx,x,x,X,_
543-19,TO052,543,543,20,xxx,x,x,X,_
543-20,TO052,543,543,21,che,che,che,PRON,_
543-21,TO052,543,543,22,è,è,essere,VERB,_
543-22,TO052,543,543,23,(~),~,_,_,_
543-23,TO052,543,543,24,che,che,che,PRON,_
543-24,TO052,543,543,25,è,è,essere,AUX,_
543-25,TO052,543,543,26,un,un,uno,DET,_
543-26,TO052,543,543,27,critico,critico,critico,NOUN,_
543-27,TO052,543,543,28,"letterario,",letterario,letterario,ADJ,Intonation=weakly_rising
544-0,TO052,544,544,1,in,in,in,ADP,_
544-1,TO052,544,544,2,cui,cui,cui,PRON,_
544-2,TO052,544,544,3,"dice,",dice,dire,VERB,Intonation=weakly_rising
545-0,TO052,545,545,1,l',l',il,DET,Truncated=Yes
545-1,TO052,545,545,2,unico,unico,unico,ADJ,_
545-2,TO052,545,545,3,motivo,motivo,motivo,NOUN,_
545-3,TO052,545,545,4,per,per,per,ADP,_
545-4,TO052,545,545,5,essere,essere,essere,AUX,_
545-5,TO052,545,545,6,marxisti,marxisti,marxista,ADJ,_
545-6,TO052,545,545,7,è,è,essere,AUX,_
545-7,TO052,545,545,8,arrivare,arrivare,arrivare,VERB,_
545-8,TO052,545,545,9-10,al,al,_,_,_
545-8a,_,_,545,9,_,a,a,ADP,_
545-8b,_,_,545,10,_,il,il,DET,_
545-9,TO052,545,545,11,punto,punto,punto,NOUN,_
545-10,TO052,545,545,12,di,di,di,ADP,_
545-11,TO052,545,545,13,poter,poter,potere,AUX,_
545-12,TO052,545,545,14,smettere,smettere,smettere,VERB,_
545-13,TO052,545,545,15,di,di,di,ADP,_
545-14,TO052,545,545,16-17,esserlo.,esserlo,_,_,Intonation=falling
545-14a,_,_,545,16,_,esser,essere,AUX,_
545-14b,_,_,545,17,_,lo,lo,PRON,_
546-0,TO052,546,546,1,e::h,eh,eh,INTJ,ProsodicLink=Yes
546-1,TO052,546,546,2,"m:h,",mh,mh,INTJ,Intonation=weakly_rising
547-0,TO052,547,547,1,e,e,e,CCONJ,_
547-1,TO052,547,547,2,quindi:,quindi,quindi,ADV,_
547-2,TO052,547,547,3,no,no,no,ADV,_
547-3,TO052,547,547,4,ma,ma,ma,CCONJ,_
547-4,TO052,547,547,5,comunque,comunque,comunque,ADV,_
547-5,TO052,547,547,6,c',c',ci,PRON,Truncated=Yes
547-6,TO052,547,547,7,erano,erano,essere,VERB,_
547-7,TO052,547,547,8,sempre,sempre,sempre,ADV,_
547-8,TO052,547,547,9-10,dei,dei,_,_,_
547-8a,_,_,547,9,_,di,di,ADP,_
547-8b,_,_,547,10,_,i,i,DET,_
547-9,TO052,547,547,11-12,dei,dei,_,_,_
547-9a,_,_,547,11,_,di,di,ADP,_
547-9b,_,_,547,12,_,i,il,DET,_
547-10,TO052,547,547,13,riferimenti,riferimenti,riferimento,NOUN,_
547-11,TO052,547,547,14,un,un,uno,DET,_
547-12,TO052,547,547,15,poco,poco,poco,ADV,_
547-13,TO052,547,547,16,{P},{P},_,_,_
547-14,TO052,547,547,17,ironici,ironici,ironico,ADJ,_
547-15,TO052,547,547,18,no?,no,no,ADV,Intonation=rising
548-0,TO052,548,548,1,e::h,eh,eh,INTJ,_
548-1,TO052,548,548,2,e,e,e,CCONJ,_
548-2,TO052,548,548,3,q[uin~],quin~,quin~,X,Interrupted=Yes
549-0,TO048,549,549,1,[ti,ti,ti,PRON,_
549-1,TO048,549,549,2,vuo]i,vuoi,volere,AUX,_
549-2,TO048,549,549,3,mettere,mettere,mettere,VERB,_
549-3,TO048,549,549,4,qua?,qua,qua,ADV,Intonation=rising
550-0,TO052,550,550,1,e,e,e,CCONJ,_
550-1,TO052,550,550,2,"quindi,",quindi,quindi,ADV,Intonation=weakly_rising
551-0,TO050,551,551,1,sì,sì,sì,ADV,_
551-1,TO050,551,551,2,è,è,essere,AUX,_
551-2,TO050,551,551,3,"[meglio:],",meglio,meglio,ADV,Intonation=weakly_rising
552-0,TO052,552,552,1,[e,e,e,CCONJ,_
552-1,TO052,552,552,2,quindi,quindi,quindi,ADV,_
552-2,TO052,552,552,3,niente],niente,niente,PRON,_
552-3,TO052,552,552,4,e:h,eh,eh,INTJ,_
552-4,TO052,552,552,5,il,il,il,DET,_
552-5,TO052,552,552,6,modo,modo,modo,NOUN,_
552-6,TO052,552,552,7,in,in,in,ADP,_
552-7,TO052,552,552,8,cui,cui,cui,PRON,_
552-8,TO052,552,552,9,me,me,me,PRON,_
552-9,TO052,552,552,10,lo,lo,lo,PRON,_
552-10,TO052,552,552,11,aveva,aveva,avere,AUX,_
552-11,TO052,552,552,12,detto,detto,dire,VERB,_
552-12,TO052,552,552,13,verdi,verdi,Verdi,PROPN,_
552-13,TO052,552,552,14,in,in,in,ADP,_
552-14,TO052,552,552,15,realtà,realtà,realtà,NOUN,_
552-15,TO052,552,552,16,più,più,più,ADV,_
552-16,TO052,552,552,17,che,che,che,SCONJ,_
552-17,TO052,552,552,18,più,più,più,ADV,_
552-18,TO052,552,552,19,che,che,che,SCONJ,_
552-19,TO052,552,552,20,è,è,essere,AUX,_
552-20,TO052,552,552,21,andata,andata,andare,VERB,_
552-21,TO052,552,552,22,bene,bene,bene,ADV,_
552-22,TO052,552,552,23,sembrava,sembrava,sembrare,VERB,_
552-23,TO052,552,552,24,"che:,",che,che,SCONJ,Intonation=weakly_rising
553-0,TO052,553,553,1,lo,lo,lo,PRON,_
553-1,TO052,553,553,2,diceva,diceva,dire,VERB,_
553-2,TO052,553,553,3,co::n,con,con,ADP,_
553-3,TO052,553,553,4,tip[o::,tipo,tipo,NOUN,_
553-4,TO052,553,553,5,{P},{P},_,_,_
553-5,TO052,553,553,6,più],più,più,ADV,_
553-6,TO052,553,553,7,hai,hai,avere,AUX,_
553-7,TO052,553,553,8,capito,capito,capire,VERB,_
553-8,TO052,553,553,9,"che,",che,che,SCONJ,Intonation=weakly_rising
554-0,TO048,554,554,1,[sufficienza]?,sufficienza,sufficienza,NOUN,Intonation=rising
555-0,TO052,555,555,1,l',l',il,DET,Truncated=Yes
555-1,TO052,555,555,2,idea,idea,idea,NOUN,_
555-2,TO052,555,555,3,mia,mia,mio,DET,_
555-3,TO052,555,555,4,era,era,essere,AUX,_
555-4,TO052,555,555,5,che,che,che,SCONJ,_
555-5,TO052,555,555,6,"io,",io,io,PRON,Intonation=weakly_rising
556-0,TO052,556,556,1,non,non,non,ADV,_
556-1,TO052,556,556,2,"avevo,",avevo,avere,VERB,Intonation=weakly_rising
557-0,TO052,557,557,1,detto,detto,dire,VERB,_
557-1,TO052,557,557,2,cazzate,cazzate,cazzata,NOUN,_
557-2,TO052,557,557,3,ma,ma,ma,CCONJ,_
557-3,TO052,557,557,4,non,non,non,ADV,_
557-4,TO052,557,557,5,ma,ma,ma,CCONJ,_
557-5,TO052,557,557,6,non,non,non,ADV,_
557-6,TO052,557,557,7,non,non,non,ADV,_
557-7,TO052,557,557,8,sono,sono,essere,AUX,_
557-8,TO052,557,557,9,stato,stato,essere,AUX,_
557-9,TO052,557,557,10,neanche,neanche,neanche,ADV,_
557-10,TO052,557,557,11,brilla[nte].,brillante,brillante,ADJ,Intonation=falling
558-0,TO050,558,558,1,[chi,chi,chi,PRON,_
558-1,TO050,558,558,2,è,è,essere,AUX,_
558-2,TO050,558,558,3,ve]rdi?,verdi,Verdi,PROPN,Intonation=rising
559-0,TO052,559,559,1,un,un,uno,DET,_
559-1,TO052,559,559,2,un,un,uno,DET,_
559-2,TO052,559,559,3,professore,professore,professore,NOUN,_
559-3,TO052,559,559,4,di,di,di,ADP,_
559-4,TO052,559,559,5,[ca~],ca~,Catania ,PROPN,Interrupted=Yes
560-0,TO048,560,560,1,[cata]nia.,catania,Catania ,PROPN,Intonation=falling
561-0,TO050,561,561,1,ah,ah,ah,INTJ,_
561-1,TO050,561,561,2,okay.,okay,ok,INTJ,Intonation=falling
562-0,TO052,562,562,1,e:h,eh,eh,INTJ,_
562-1,TO052,562,562,2,che,che,che,PRON,_
562-2,TO052,562,562,3,era,era,essere,AUX,_
562-3,TO052,562,562,4,(mio,mio,mio,DET,_
562-4,TO052,562,562,5,ami[co].),amico,amico,NOUN,Intonation=falling
563-0,TO048,563,563,1,[ma],ma,ma,CCONJ,_
563-1,TO048,563,563,2,non,non,non,ADV,_
563-2,TO048,563,563,3,era,era,essere,AUX,_
563-3,TO048,563,563,4,ninetta?,ninetta,Ninetta,PROPN,Intonation=rising
563-4,TO048,563,563,5,{ride},{ride},_,_,_
564-0,TO050,564,564,1,sì.,sì,sì,ADV,Intonation=falling
565-0,TO052,565,565,1,e,e,e,CCONJ,_
565-1,TO052,565,565,2,e,e,e,CCONJ,_
565-2,TO052,565,565,3,marcello,marcello,Marcello,PROPN,_
565-3,TO052,565,565,4,azzurri,azzurri,Azzurri,PROPN,_
565-4,TO052,565,565,5,quello,quello,quello,PRON,_
565-5,TO052,565,565,6,là::,là,là,ADV,_
565-6,TO052,565,565,7-8,del,del,_,_,_
565-6a,_,_,565,7,_,di,di,ADP,_
565-6b,_,_,565,8,_,il,il,DET,_
565-7,TO052,565,565,9,"manife[sto],",manifesto,manifesto,NOUN,Intonation=weakly_rising
566-0,TO048,566,566,1,[me,me,me,PRON,_
566-1,TO048,566,566,2,l]o,lo,lo,PRON,_
566-2,TO048,566,566,3,presti?,presti,prestare,VERB,Intonation=rising
567-0,TO052,567,567,1,è,è,essere,AUX,_
567-1,TO052,567,567,2,venuto,venuto,venire,VERB,_
567-2,TO052,567,567,3,da,da,da,ADP,_
567-3,TO052,567,567,4,me,me,me,PRON,_
567-4,TO052,567,567,5,e,e,e,CCONJ,_
567-5,TO052,567,567,6,mi,mi,mi,PRON,_
567-6,TO052,567,567,7,ha,ha,avere,AUX,_
567-7,TO052,567,567,8,detto,detto,dire,VERB,_
567-8,TO052,567,567,9,bravo,bravo,bravo,ADJ,_
567-9,TO052,567,567,10,giuseppe,giuseppe,Giuseppe,PROPN,_
567-10,TO052,567,567,11,[e::h,eh,eh,INTJ,_
567-11,TO052,567,567,12,e],e,e,CCONJ,_
567-12,TO052,567,567,13,e,e,e,CCONJ,_
567-13,TO052,567,567,14,è,è,essere,AUX,_
567-14,TO052,567,567,15,me~,me~,me~,X,Interrupted=Yes
567-15,TO052,567,567,16,"e:h,",eh,eh,INTJ,Intonation=weakly_rising
568-0,TO048,568,568,1,"[giuseppe],",giuseppe,Giuseppe,PROPN,Intonation=weakly_rising
569-0,TO048,569,569,1,ma,ma,ma,CCONJ,_
569-1,TO048,569,569,2,cu,cu,chi ,PRON,Lang=dia
569-2,TO048,569,569,3,spacchiu,spacchiu,cazzo,NOUN,Lang=dia
569-3,TO048,569,569,4,è,è,essere,AUX,_
569-4,TO048,569,569,5,giuseppe?,giuseppe,Giuseppe ,PROPN,Intonation=rising
570-0,TO052,570,570,1,no,no,no,ADV,_
570-1,TO052,570,570,2,io,io,io,PRON,_
570-2,TO052,570,570,3,mi,mi,mi,PRON,_
570-3,TO052,570,570,4,faccio,faccio,fare,VERB,_
570-4,TO052,570,570,5,sempre,sempre,sempre,ADV,_
570-5,TO052,570,570,6,chiamare,chiamare,chiamare,VERB,_
570-6,TO052,570,570,7,giuseppe,giuseppe,Giuseppe ,PROPN,_
570-7,TO052,570,570,8,"[quando],",quando,quando,SCONJ,Intonation=weakly_rising
571-0,TO050,571,571,1,[(certo),certo,certo,ADV,_
571-1,TO050,571,571,2,co]sì,così,così,ADV,_
571-2,TO050,571,571,3,le,le,il,DET,_
571-3,TO050,571,571,4,critiche,critiche,critica,NOUN,_
571-4,TO050,571,571,5,vanno,vanno,andare,VERB,_
571-5,TO050,571,571,6,a,a,a,ADP,_
571-6,TO050,571,571,7,lui.,lui,lui,PRON,Intonation=falling
572-0,TO052,572,572,1,e:h,eh,eh,INTJ,_
572-1,TO052,572,572,2,e,e,e,CCONJ,_
572-2,TO052,572,572,3,{ride},{ride},_,_,_
573-0,TO052,573,573,1,no,no,no,ADV,_
573-1,TO052,573,573,2,c[omun~],comun~,comun~,X,Interrupted=Yes
574-0,TO050,574,574,1,[xx,x,x,X,_
574-1,TO050,574,574,2,con]vivenze,convivenze,convivenza,NOUN,_
574-2,TO050,574,574,3,(la,la,il,DET,_
574-3,TO050,574,574,4,prossima,prossima,prossimo,ADJ,_
574-4,TO050,574,574,5,volta),volta,volta,NOUN,_
574-5,TO050,574,574,6,dici::,dici,dire,VERB,_
574-6,TO050,574,574,7,comunque,comunque,comunque,ADV,_
574-7,TO050,574,574,8,beppe.,beppe,Beppe,PROPN,Intonation=falling
575-0,TO052,575,575,1,e,e,e,CCONJ,_
575-1,TO052,575,575,2,quindi,quindi,quindi,ADV,_
575-2,TO052,575,575,3,azzurri,azzurri,Azzurri,PROPN,_
575-3,TO052,575,575,4,mi,mi,mi,PRON,_
575-4,TO052,575,575,5,ha,ha,avere,AUX,_
575-5,TO052,575,575,6,"detto,",detto,dire,VERB,Intonation=weakly_rising
576-0,TO052,576,576,1,e::h,eh,eh,INTJ,_
576-1,TO052,576,576,2,bravo,bravo,bravo,ADJ,_
576-2,TO052,576,576,3,giuseppe,giuseppe,Giuseppe ,PROPN,_
576-3,TO052,576,576,4,e:h,eh,eh,INTJ,_
576-4,TO052,576,576,5,i~,i~,in ,ADP,Interrupted=Yes
576-5,TO052,576,576,6,in,in,in,ADP,_
576-6,TO052,576,576,7,mezzo,mezzo,mezzo,NOUN,_
576-7,TO052,576,576,8,a,a,a,ADP,_
576-8,TO052,576,576,9,tutti,tutti,tutto,DET,_
576-9,TO052,576,576,10,quegli,quegli,quello,DET,_
576-10,TO052,576,576,11,interventi,interventi,intervento,NOUN,_
576-11,TO052,576,576,12,iperspecialisti,iperspecialisti,iperspecialista,ADJ,_
576-12,TO052,576,576,13,è,è,essere,AUX,_
576-13,TO052,576,576,14,bello,bello,bello,ADJ,_
576-14,TO052,576,576,15,che,che,che,SCONJ,_
576-15,TO052,576,576,16,si,si,si,PRON,_
576-16,TO052,576,576,17,sia,sia,essere,AUX,_
576-17,TO052,576,576,18,dato,dato,dare,VERB,_
576-18,TO052,576,576,19,risalto,risalto,risalto,NOUN,_
576-19,TO052,576,576,20,anche,anche,anche,ADV,_
576-20,TO052,576,576,21,a,a,a,ADP,_
576-21,TO052,576,576,22,questo:::,questo,questo,PRON,_
576-22,TO052,576,576,23,anche,anche,anche,ADV,_
576-23,TO052,576,576,24,anche,anche,anche,ADV,_
576-24,TO052,576,576,25,a,a,a,ADP,_
576-25,TO052,576,576,26,questo,questo,questo,DET,_
576-26,TO052,576,576,27,aspetto.,aspetto,aspetto,NOUN,Intonation=falling
577-0,TO052,577,577,1,e,e,e,CCONJ,_
577-1,TO052,577,577,2,io,io,io,PRON,_
577-2,TO052,577,577,3-4,nella,nella,_,_,_
577-2a,_,_,577,3,_,in,in,ADP,_
577-2b,_,_,577,4,_,la,il,DET,_
577-3,TO052,577,577,5,mia,mia,mio,DET,_
577-4,TO052,577,577,6,mente,mente,mente,NOUN,_
577-5,TO052,577,577,7,ho,ho,avere,AUX,_
577-6,TO052,577,577,8,"pensato,",pensato,pensare,VERB,Intonation=weakly_rising
578-0,TO052,578,578,1,cioè,cioè,cioè,CCONJ,_
578-1,TO052,578,578,2,qual,qual,quale,PRON,_
578-2,TO052,578,578,3,è,è,essere,AUX,_
578-3,TO052,578,578,4,il,il,il,DET,_
578-4,TO052,578,578,5,contrario,contrario,contrario,NOUN,_
578-5,TO052,578,578,6,di,di,di,ADP,_
578-6,TO052,578,578,7,iperspecialistico?,iperspecialistico,iperspecialistico,ADJ,Intonation=rising
579-0,TO052,579,579,0,{ride},{ride},_,X,_
580-0,TO048,580,580,1,è,è,essere,AUX,_
580-1,TO048,580,580,2,generico.,generico,generico,ADJ,Intonation=falling
581-0,TO052,581,581,1,tipo,tipo,tipo,NOUN,_
581-1,TO052,581,581,2,che,che,che,CCONJ,_
581-2,TO052,581,581,3,ha,ha,avere,VERB,_
581-3,TO052,581,581,4,de~,de~,de~,X,Interrupted=Yes
581-4,TO052,581,581,5,che,che,che,CCONJ,_
581-5,TO052,581,581,6,era:::,era,essere,AUX,ProsodicLink=Yes
581-6,TO052,581,581,7,mh,mh,mh,INTJ,_
581-7,TO052,581,581,8,dilettante,dilettante,dilettante,ADJ,_
581-8,TO052,581,581,9,io,io,io,PRON,_
581-9,TO052,581,581,10,ho,ho,avere,AUX,_
581-10,TO052,581,581,11,pensato,pensato,pensare,VERB,_
581-11,TO052,581,581,12,no?,no,no,ADV,Intonation=rising
582-0,TO050,582,582,1,mh,mh,mh,INTJ,_
582-1,TO050,582,582,2,no,no,no,ADV,_
582-2,TO050,582,582,3,perché,perché,perché,SCONJ,_
582-3,TO050,582,582,4,tu,tu,tu,PRON,_
582-4,TO050,582,582,5,già,già,già,ADV,_
582-5,TO050,582,582,6,con,con,con,ADP,_
582-6,TO050,582,582,7,x,x,x,X,_
582-7,TO050,582,582,8,"specialistico:,",specialistico,specialistico,ADJ,Intonation=weakly_rising
583-0,TO052,583,583,1,eh,eh,eh,INTJ,_
583-1,TO052,583,583,2,capito,capito,capire,VERB,_
583-2,TO052,583,583,3,l',l',lo,PRON,Truncated=Yes
583-3,TO052,583,583,4,avevo,avevo,avere,AUX,_
583-4,TO052,583,583,5,connotato,connotato,connotare,VERB,_
583-5,TO052,583,583,6,mh,mh,mh,INTJ,_
583-6,TO052,583,583,7,mh,mh,mh,INTJ,_
583-7,TO052,583,583,8,come,come,come,ADP,_
583-8,TO052,583,583,9,{P},{P},_,_,_
583-9,TO052,583,583,10,[come,come,come,ADP,_
583-10,TO052,583,583,11,un,un,uno,DET,_
583-11,TO052,583,583,12,complimento],complimento,complimento,NOUN,_
583-12,TO052,583,583,13,non,non,non,ADV,_
583-13,TO052,583,583,14,complimento,complimento,complimento,NOUN,_
583-14,TO052,583,583,15,come,come,come,ADP,_
583-15,TO052,583,583,16,una,una,uno,DET,_
583-16,TO052,583,583,17,frecciatina,frecciatina,frecciatina,NOUN,_
583-17,TO052,583,583,18,in,in,in,ADP,_
583-18,TO052,583,583,19,realtà,realtà,realtà,NOUN,_
583-19,TO052,583,583,20,capito?,capito,capire,VERB,Intonation=rising
584-0,TO050,584,584,1,[xx,x,x,X,_
584-1,TO050,584,584,2,xx],x,x,X,_
585-0,TO052,585,585,1,l[a,la,il,DET,_
585-1,TO052,585,585,2,"prima],",prima,primo,ADJ,Intonation=weakly_rising
586-0,TO048,586,586,1,[lui,lui,lui,PRON,_
586-1,TO048,586,586,2,è,è,essere,AUX,_
586-2,TO048,586,586,3,peggio],peggio,peggio,ADV,_
586-3,TO048,586,586,4,di,di,di,ADP,_
586-4,TO048,586,586,5,me,me,me,PRON,_
586-5,TO048,586,586,6,(a,a,a,ADP,_
586-6,TO048,586,586,7-8,[prendersi,prendersi,_,_,_
586-6a,_,_,586,7,_,prender,prendere,VERB,_
586-6b,_,_,586,8,_,si,si,PRON,_
586-7,TO048,586,586,9,i,i,il,DET,_
586-8,TO048,586,586,10,complimenti),complimenti,complimento,NOUN,_
586-9,TO048,586,586,11,io,io,io,PRON,_
586-10,TO048,586,586,12,pensavo,pensavo,pensare,VERB,_
586-11,TO048,586,586,13,di],di,di,ADP,_
586-12,TO048,586,586,14,essere,essere,essere,AUX,_
586-13,TO048,586,586,15,[un,un,uno,DET,_
586-14,TO048,586,586,16,caso].,caso,caso,NOUN,Intonation=falling
587-0,TO050,587,587,1,[sì,sì,sì,ADV,_
587-1,TO050,587,587,2,sì,sì,sì,ADV,_
587-2,TO050,587,587,3,(questo),questo,questo,DET,_
587-3,TO050,587,587,4,xxx].,xxx,xxx,X,Intonation=falling
588-0,TO052,588,588,1,[e,e,e,CCONJ,_
588-1,TO052,588,588,2,quindi],quindi,quindi,ADV,_
588-2,TO052,588,588,3,e,e,e,CCONJ,_
588-3,TO052,588,588,4,"qu[indi],",quindi,quindi,ADV,Intonation=weakly_rising
589-0,TO048,589,589,1,[ma,ma,ma,CCONJ,_
589-1,TO048,589,589,2,c',c',ci,PRON,Truncated=Yes
589-2,TO048,589,589,3,è,è,essere,VERB,_
589-3,TO048,589,589,4,be]ppe,beppe,Beppe,PROPN,_
589-4,TO048,589,589,5,che,che,che,PRON,_
589-5,TO048,589,589,6,è,è,essere,AUX,_
589-6,TO048,589,589,7,"[proprio:],",proprio,proprio,ADV,Intonation=weakly_rising
590-0,TO052,590,590,1,[e,e,e,CCONJ,_
590-1,TO052,590,590,2,quindi],quindi,quindi,ADV,_
590-2,TO052,590,590,3,<tra,tra,tra,ADP,_
590-3,TO052,590,590,4,verdi,verdi,Verdi,PROPN,_
590-4,TO052,590,590,5,{P},{P},_,_,_
590-5,TO052,590,590,6,e,e,e,CCONJ,_
590-6,TO052,590,590,7,azzurri>,azzurri,Azzurri,PROPN,_
590-7,TO052,590,590,8,e,e,e,CCONJ,_
590-8,TO052,590,590,9,la,la,il,DET,_
590-9,TO052,590,590,10,gente,gente,gente,NOUN,_
590-10,TO052,590,590,11,che,che,che,PRON,_
590-11,TO052,590,590,12,non,non,non,ADV,_
590-12,TO052,590,590,13,mi,mi,mi,PRON,_
590-13,TO052,590,590,14,aveva,aveva,avere,AUX,_
590-14,TO052,590,590,15,fatto,fatto,fare,VERB,_
590-15,TO052,590,590,16,"dom[ande],",domande,domanda,NOUN,Intonation=weakly_rising
591-0,TO050,591,591,1,[secondo,secondo,secondo,ADP,_
591-1,TO050,591,591,2,me,me,me,PRON,_
591-2,TO050,591,591,3,xx,x,x,X,_
591-3,TO050,591,591,4,"x],",x,x,X,Intonation=weakly_rising
592-0,TO052,592,592,1,[è,è,essere,AUX,_
592-1,TO052,592,592,2,stato],stato,essere,AUX,_
592-2,TO052,592,592,3,imbarazz[ante,imbarazzante,imbarazzante,ADJ,_
592-3,TO052,592,592,4,xx,x,x,X,_
592-4,TO052,592,592,5,"ragazzi],",ragazzi,ragazzo,NOUN,Intonation=weakly_rising
593-0,TO050,593,593,1,[(secondo,secondo,secondo,ADP,_
593-1,TO050,593,593,2,me),me,me,PRON,_
593-2,TO050,593,593,3,xx,x,x,X,_
593-3,TO050,593,593,4-5,dei,dei,_,_,_
593-3a,_,_,593,4,_,di,di,ADP,_
593-3b,_,_,593,5,_,i,il,DET,_
593-4,TO050,593,593,6,complime]nti,complimenti,complimento,NOUN,_
593-5,TO050,593,593,7,<vivi>,vivi,vivo,ADJ,_
593-6,TO050,593,593,8,{P},{P},_,_,_
593-7,TO050,593,593,9,<perché>,perché,perché,SCONJ,_
593-8,TO050,593,593,10,secondo,secondo,secondo,ADP,_
593-9,TO050,593,593,11,me,me,me,PRON,_
593-10,TO050,593,593,12,"loro,",loro,loro,PRON,Intonation=weakly_rising
594-0,TO050,594,594,1,°(se,se,se,PRON,Volume=low
594-1,TO050,594,594,2,ne,ne,ne,PRON,Volume=low
594-2,TO050,594,594,3,sbattono,sbattono,sbattere,VERB,Volume=low
594-3,TO050,594,594,4,le,le,il,DET,Volume=low
594-4,TO050,594,594,5,palle),palle,palla,NOUN,Volume=low
594-5,TO050,594,594,6,perché,perché,perché,SCONJ,Volume=low
594-6,TO050,594,594,7,sono,sono,essere,AUX,Volume=low
594-7,TO050,594,594,8,vecchi.°,vecchi,vecchio,ADJ,Intonation=falling|Volume=low
595-0,TO050,595,595,1,più,più,più,ADV,_
595-1,TO050,595,595,2,grandi,grandi,grande,ADJ,_
595-2,TO050,595,595,3,adulti,adulti,adulto,NOUN,_
595-3,TO050,595,595,4,e,e,e,CCONJ,_
595-4,TO050,595,595,5,dunque,dunque,dunque,ADV,_
595-5,TO050,595,595,6,sono,sono,essere,AUX,_
595-6,TO050,595,595,7,talmente,talmente,talmente,ADV,_
595-7,TO050,595,595,8,abituati,abituati,abituare,VERB,_
595-8,TO050,595,595,9,a,a,a,ADP,_
595-9,TO050,595,595,10,queste,queste,questo,DET,_
595-10,TO050,595,595,11,conferenze,conferenze,conferenza,NOUN,_
595-11,TO050,595,595,12,che,che,che,SCONJ,_
595-12,TO050,595,595,13,non,non,non,ADV,_
595-13,TO050,595,595,14,hanno,hanno,avere,VERB,_
595-14,TO050,595,595,15,nemmeno,nemmeno,nemmeno,ADV,_
595-15,TO050,595,595,16,pen~,pen~,pen~,X,Interrupted=Yes
595-16,TO050,595,595,17,non,non,non,ADV,_
595-17,TO050,595,595,18,pensano,pensano,pensare,VERB,_
595-18,TO050,595,595,19,nemmeno,nemmeno,nemmeno,ADV,_
595-19,TO050,595,595,20,che,che,che,SCONJ,_
595-20,TO050,595,595,21,tu,tu,tu,PRON,_
595-21,TO050,595,595,22,[tu,tu,tu,PRON,_
595-22,TO050,595,595,23,(che,che,che,PRON,_
595-23,TO050,595,595,24,sei,sei,se,VERB,_
595-24,TO050,595,595,25-26,all',all',_,_,Truncated=Yes
595-24a,_,_,595,25,_,a,a,ADP,_
595-24b,_,_,595,26,_,l',il,DET,_
595-25,TO050,595,595,27,inizio,inizio,inizio,NOUN,_
595-26,TO050,595,595,28-29,della,della,_,_,_
595-26a,_,_,595,28,_,di,di,ADP,_
595-26b,_,_,595,29,_,la,il,DET,_
595-27,TO050,595,595,30,tua,tua,tuo,DET,_
595-28,TO050,595,595,31,carriera),carriera,carriera,NOUN,_
595-29,TO050,595,595,32,hai,hai,avere,VERB,_
595-30,TO050,595,595,33,bisogno],bisogno,bisogno,NOUN,_
595-31,TO050,595,595,34,di,di,di,ADP,_
595-32,TO050,595,595,35,un,un,uno,DET,_
595-33,TO050,595,595,36,complimento,complimento,complimento,NOUN,_
595-34,TO050,595,595,37,un,un,uno,DET,_
595-35,TO050,595,595,38,po',po',poco,ADV,_
595-36,TO050,595,595,39,più:,più,più,ADV,_
595-37,TO050,595,595,40,{P},{P},_,_,_
595-38,TO050,595,595,41,sosta[nzios]o,sostanzioso,sostanzioso,ADJ,_
596-0,TO048,596,596,1,[°ma,ma,ma,CCONJ,_
596-1,TO048,596,596,2,tu,tu,tu,PRON,_
596-2,TO048,596,596,3,ce,ce,ce,PRON,_
596-3,TO048,596,596,4,li,li,li,PRON,_
596-4,TO048,596,596,5,hai,hai,avere,VERB,_
596-5,TO048,596,596,6,cortissimi,cortissimi,corto,ADJ,_
596-6,TO048,596,596,7,i,i,il,DET,_
596-7,TO048,596,596,8,xx,x,x ,X,_
596-8,TO048,596,596,9,xx].,xx,x ,X,Intonation=falling
597-0,TO052,597,597,1,[sì].,sì,sì,ADV,Intonation=falling
598-0,TO050,598,598,1,cioè,cioè,cioè,CCONJ,_
598-1,TO050,598,598,2,per,per,per,ADP,_
598-2,TO050,598,598,3,loro,loro,loro,PRON,_
598-3,TO050,598,598,4,quello,quello,quello,PRON,_
598-4,TO050,598,598,5,è,è,essere,AUX,_
598-5,TO050,598,598,6,sei,sei,essere,AUX,_
598-6,TO050,598,598,7,stato,stato,essere,AUX,_
598-7,TO050,598,598,8,bravo,bravo,bravo,ADJ,_
598-8,TO050,598,598,9,hai,hai,avere,AUX,_
598-9,TO050,598,598,10,fatto,fatto,fare,VERB,_
598-10,TO050,598,598,11,il,il,il,DET,_
598-11,TO050,598,598,12,tuo,tuo,tuo,DET,_
598-12,TO050,598,598,13,dovere,dovere,dovere,NOUN,_
598-13,TO050,598,598,14,adesso,adesso,adesso,ADV,_
598-14,TO050,598,598,15,sei,sei,essere,VERB,_
598-15,TO050,598,598,16,in,in,in,ADP,_
598-16,TO050,598,598,17,questa,questa,questo,DET,_
598-17,TO050,598,598,18,giostra,giostra,giostra,NOUN,_
598-18,TO050,598,598,19,dove,dove,dove,ADV,_
598-19,TO050,598,598,20,così,così,così,ADV,_
598-20,TO050,598,598,21,non,non,non,ADV,_
598-21,TO050,598,598,22,si,si,si,PRON,_
598-22,TO050,598,598,23,va,va,andare,VERB,_
598-23,TO050,598,598,24,[secondo,secondo,secondo,ADP,_
598-24,TO050,598,598,25,me].,me,me,PRON,Intonation=falling
599-0,TO052,599,599,1,[sì,sì,sì,ADV,_
599-1,TO052,599,599,2,sì].,sì,sì,ADV,Intonation=falling
600-0,TO050,600,600,1,no,no,no,ADV,_
600-1,TO050,600,600,2,comunque,comunque,comunque,ADV,_
600-2,TO050,600,600,3,(non),non,non,ADV,_
600-3,TO050,600,600,4,devi,devi,dovere,AUX,_
600-4,TO050,600,600,5,pensare,pensare,pensare,VERB,_
600-5,TO050,600,600,6,non,non,non,ADV,_
600-6,TO050,600,600,7,mi,mi,mi,PRON,_
600-7,TO050,600,600,8,ha,ha,avere,AUX,_
600-8,TO050,600,600,9,fatto,fatto,fare,VERB,_
600-9,TO050,600,600,10,i,i,il,DET,_
600-10,TO050,600,600,11,complimenti.,complimenti,complimento,NOUN,Intonation=falling
601-0,TO052,601,601,1,no,no,no,ADV,_
601-1,TO052,601,601,2,ma:,ma,ma,CCONJ,_
601-2,TO052,601,601,3-4,nel,nel,_,_,_
601-2a,_,_,601,3,_,in,in,ADP,_
601-2b,_,_,601,4,_,il,il,DET,_
601-3,TO052,601,601,5,sens~,sens~,sens~,X,Interrupted=Yes
601-4,TO052,601,601,6,no,no,no,ADV,_
601-5,TO052,601,601,7,[(ma,ma,ma,CCONJ,_
601-6,TO052,601,601,8,mi,mi,mi,PRON,_
601-7,TO052,601,601,9,ha,ha,avere,AUX,_
601-8,TO052,601,601,10,"fatto,)]",fatto,fare,VERB,Intonation=weakly_rising
602-0,TO050,602,602,1,[cioè,cioè,cioè,CCONJ,_
602-1,TO050,602,602,2,ce,ce,ce,PRON,_
602-2,TO050,602,602,3,n',n',ne,PRON,Truncated=Yes
602-3,TO050,602,602,4,è,è,essere,VERB,_
602-4,TO050,602,602,5,xx],x,x,X,_
602-5,TO050,602,602,6,la,la,il,DET,_
602-6,TO050,602,602,7,maestra,maestra,maestra,NOUN,_
602-7,TO050,602,602,8,elementare.,elementare,elementare,ADJ,Intonation=falling
603-0,TO052,603,603,1,no::,no,no,ADV,_
603-1,TO052,603,603,2,io,io,io,PRON,_
603-2,TO052,603,603,3,"[xx],",xx,x,X,Intonation=weakly_rising
604-0,TO050,604,604,1,[se,se,se,SCONJ,_
604-1,TO050,604,604,2,lo],lo,lo,PRON,_
604-2,TO050,604,604,3,diceva,diceva,dire,VERB,_
604-3,TO050,604,604,4,[a,a,a,ADP,_
604-4,TO050,604,604,5,me,me,me,PRON,_
604-5,TO050,604,604,6,xx,x,x,X,_
604-6,TO050,604,604,7,xx,x,x,X,_
604-7,TO050,604,604,8,xx].,xx,x,X,Intonation=falling
605-0,TO052,605,605,1,[(è,è,essere,AUX,_
605-1,TO052,605,605,2,vero),vero,vero,ADJ,_
605-2,TO052,605,605,3,magari,magari,magari,ADV,_
605-3,TO052,605,605,4,anche,anche,anche,ADV,_
605-4,TO052,605,605,5,io,io,io,PRON,_
605-5,TO052,605,605,6,son~,son~,essere,AUX,Interrupted=Yes
605-6,TO052,605,605,7,e]ro,ero,essere,AUX,_
605-7,TO052,605,605,8,abituato,abituato,abituare,VERB,_
605-8,TO052,605,605,9,ad,ad,a,ADP,_
605-9,TO052,605,605,10,avere,avere,avere,VERB,_
605-10,TO052,605,605,11,{P},{P},_,_,_
605-11,TO052,605,605,12,magari,magari,magari,ADV,_
605-12,TO052,605,605,13,io,io,io,PRON,_
605-13,TO052,605,605,14,avrei,avrei,avere,AUX,_
605-14,TO052,605,605,15,voluto,voluto,volere,VERB,_
605-15,TO052,605,605,16,un,un,uno,DET,_
605-16,TO052,605,605,17,feedback,feedback,feedback,NOUN,_
605-17,TO052,605,605,18,più,più,più,ADV,_
605-18,TO052,605,605,19,chiaro,chiaro,chiaro,ADJ,_
605-19,TO052,605,605,20,[giusto,giusto,giusto,ADJ,_
605-20,TO052,605,605,21,"xxx],",xxx,x,X,Intonation=weakly_rising
606-0,TO050,606,606,1,[no,no,no,ADV,_
606-1,TO050,606,606,2,esatto,esatto,esatto,ADJ,_
606-2,TO050,606,606,3,quello,quello,quello,PRON,_
606-3,TO050,606,606,4,è].,è,essere,AUX,Intonation=falling
607-0,TO050,607,607,1,[cioè,cioè,cioè,CCONJ,_
607-1,TO050,607,607,2,"anche],",anche,anche,ADV,Intonation=weakly_rising
608-0,TO052,608,608,1,[però:,però,però,ADV,_
608-1,TO052,608,608,2,{P},{P},_,_,_
608-2,TO052,608,608,3,per~],per~,per~,X,Interrupted=Yes
608-3,TO052,608,608,4,no,no,no,ADV,_
608-4,TO052,608,608,5,io,io,io,PRON,_
608-5,TO052,608,608,6,sono,sono,essere,AUX,_
608-6,TO052,608,608,7,a~,a~,a~,X,Interrupted=Yes
608-7,TO052,608,608,8,eh,eh,eh,INTJ,_
608-8,TO052,608,608,9,andato,andato,andare,VERB,_
608-9,TO052,608,608,10,via,via,via,ADV,_
608-10,TO052,608,608,11,pensando,pensando,pensare,VERB,_
608-11,TO052,608,608,12,che,che,che,SCONJ,_
608-12,TO052,608,608,13,quello,quello,quello,PRON,_
608-13,TO052,608,608,14,fosse,fosse,essere,AUX,_
608-14,TO052,608,608,15,una,una,uno,DET,_
608-15,TO052,608,608,16,frecciatina,frecciatina,frecciatina,NOUN,_
608-16,TO052,608,608,17,che,che,che,PRON,_
608-17,TO052,608,608,18,verdi,verdi,Verdi,PROPN,_
608-18,TO052,608,608,19,mi,mi,mi,PRON,_
608-19,TO052,608,608,20,avess~,avess~,avere,AUX,Interrupted=Yes
608-20,TO052,608,608,21,mi,mi,mi,PRON,_
608-21,TO052,608,608,22,avesse,avesse,avere,AUX,_
608-22,TO052,608,608,23,smerdato,smerdato,smerdare,VERB,_
608-23,TO052,608,608,24,e,e,e,CCONJ,_
608-24,TO052,608,608,25,nessuno,nessuno,nessuno,PRON,_
608-25,TO052,608,608,26,mi,mi,mi,PRON,_
608-26,TO052,608,608,27,avev~,avev~,avere,AUX,_
608-27,TO052,608,608,28,mi,mi,mi,PRON,_
608-28,TO052,608,608,29,avesse,avesse,avere,AUX,_
608-29,TO052,608,608,30,fatto,fatto,fare,VERB,_
608-30,TO052,608,608,31,"mh,",mh,mh,INTJ,Intonation=weakly_rising
609-0,TO052,609,609,1,"domande,",domande,domanda,NOUN,Intonation=weakly_rising
610-0,TO052,610,610,1,mi,mi,mi,PRON,_
610-1,TO052,610,610,2,avesse,avesse,avere,AUX,_
610-2,TO052,610,610,3,fatto,fatto,fare,VERB,_
610-3,TO052,610,610,4,domande,domande,domanda,NOUN,_
610-4,TO052,610,610,5,perché,perché,perché,SCONJ,_
610-5,TO052,610,610,6,[non,non,non,ADV,_
610-6,TO052,610,610,7-16,gliene],gliene,_,,_
610-6a,_,_,610,7,_,glie,gli,PRON,
610-6b,_,_,610,16,_,ne ,ne ,PRON,
610-7,TO052,610,610,8,fregava,fregava,fregare,VERB,_
610-8,TO052,610,610,9,un,un,uno,DET,_
610-9,TO052,610,610,10,cazzo,cazzo,cazzo,NOUN,_
610-10,TO052,610,610,11,di,di,di,ADP,_
610-11,TO052,610,610,12,quello,quello,quello,PRON,_
610-12,TO052,610,610,13,che,che,che,PRON,_
610-13,TO052,610,610,14,stavo,stavo,stare,AUX,_
610-14,TO052,610,610,15,dicendo.,dicendo,dire,VERB,Intonation=falling
611-0,TO050,611,611,1,[xxxx],x,x,X,_
612-0,TO052,612,612,1,"e::h,",eh,eh,INTJ,Intonation=weakly_rising
613-0,TO048,613,613,1,peggio,peggio,peggio,ADV,_
613-1,TO048,613,613,2,di,di,di,ADP,_
613-2,TO048,613,613,3,me,me,me,PRON,_
613-3,TO048,613,613,4,°beppe°.,beppe,Beppe,PROPN,Intonation=falling|Volume=low
614-0,TO052,614,614,1,e,e,e,CCONJ,_
614-1,TO052,614,614,2,quindi,quindi,quindi,ADV,_
614-2,TO052,614,614,3,mi,mi,mi,PRON,_
614-3,TO052,614,614,4,veniva,veniva,venire,VERB,_
614-4,TO052,614,614,5,da,da,da,ADP,_
614-5,TO052,614,614,6,piangere,piangere,piangere,VERB,_
614-6,TO052,614,614,7,mentre,mentre,mentre,SCONJ,_
614-7,TO052,614,614,8,ero,ero,essere,AUX,_
614-8,TO052,614,614,9,in,in,in,ADP,_
614-9,TO052,614,614,10,aeroporto.,aeroporto,aeroporto,NOUN,Intonation=falling
615-0,TO052,615,615,1,poi,poi,poi,ADV,_
615-1,TO052,615,615,2,invece,invece,invece,ADV,_
615-2,TO052,615,615,3,ho,ho,avere,AUX,_
615-3,TO052,615,615,4,r~,r~,r~,X,Interrupted=Yes
615-4,TO052,615,615,5,ho,ho,avere,AUX,_
615-5,TO052,615,615,6,riconsiderato,riconsiderato,riconsiderare,VERB,_
615-6,TO052,615,615,7,la,la,il,DET,_
615-7,TO052,615,615,8,cosa,cosa,cosa,NOUN,_
615-8,TO052,615,615,9,e,e,e,CCONJ,_
615-9,TO052,615,615,10,ho,ho,avere,AUX,_
615-10,TO052,615,615,11,detto,detto,dire,VERB,_
615-11,TO052,615,615,12,non,non,non,ADV,_
615-12,TO052,615,615,13,è,è,essere,AUX,_
615-13,TO052,615,615,14,che,che,che,SCONJ,_
615-14,TO052,615,615,15,io,io,io,PRON,_
615-15,TO052,615,615,16,devo,devo,dovere,AUX,_
615-16,TO052,615,615,17,sempre,sempre,sempre,ADV,_
615-17,TO052,615,615,18,eccellere,eccellere,eccellere,VERB,_
615-18,TO052,615,615,19,figure,figure,figura,NOUN,_
615-19,TO052,615,615,20,di,di,di,ADP,_
615-20,TO052,615,615,21,merda,merda,merda,NOUN,_
615-21,TO052,615,615,22,non,non,non,ADV,_
615-22,TO052,615,615,23,ne,ne,ne,PRON,_
615-23,TO052,615,615,24,ho,ho,avere,AUX,_
615-24,TO052,615,615,25,"fatte,",fatte,fare,VERB,Intonation=weakly_rising
616-0,TO052,616,616,1,sono,sono,essere,AUX,_
616-1,TO052,616,616,2,stato,stato,essere,AUX,_
616-2,TO052,616,616,3,{P},{P},_,_,_
616-3,TO052,616,616,4,h[o,ho,avere,AUX,_
616-4,TO052,616,616,5,sguazzato,sguazzato,sguazzare,VERB,_
616-5,TO052,616,616,6-7,nella,nella,_,_,_
616-5a,_,_,616,6,_,in,in,ADP,_
616-5b,_,_,616,7,_,la,il,DET,_
616-6,TO052,616,616,8,me:dia,media,media,NOUN,_
616-7,TO052,616,616,9,ho,ho,avere,AUX,_
616-8,TO052,616,616,10,ho],ho,avere,AUX,_
616-9,TO052,616,616,11,sguazzato,sguazzato,sguazzare,VERB,_
616-10,TO052,616,616,12-13,nella,nella,_,_,_
616-10a,_,_,616,12,_,in,in,ADP,_
616-10b,_,_,616,13,_,la,il,DET,_
616-11,TO052,616,616,14,me:dia,media,media,NOUN,_
616-12,TO052,616,616,15,va,va,andare,VERB,_
616-13,TO052,616,616,16,bene,bene,bene,ADV,_
616-14,TO052,616,616,17,così.,così,così,ADV,Intonation=falling
617-0,TO050,617,617,1,[si,si,si,PRON,_
617-1,TO050,617,617,2,vede,vede,vedere,VERB,_
617-2,TO050,617,617,3,che,che,che,SCONJ,_
617-3,TO050,617,617,4,non,non,non,ADV,_
617-4,TO050,617,617,5,hai,hai,avere,AUX,_
617-5,TO050,617,617,6,eccelso.,eccelso,eccelere,VERB,Intonation=falling
617-6,TO050,617,617,7,{P},{P},_,_,_
617-7,TO050,617,617,8,pace].,pace,pace,NOUN,Intonation=falling
618-0,TO052,618,618,1,cioè,cioè,cioè,CCONJ,_
618-1,TO052,618,618,2,per,per,per,ADP,_
618-2,TO052,618,618,3,il,il,il,DET,_
618-3,TO052,618,618,4,mio,mio,mio,DET,_
618-4,TO052,618,618,5,pri[mo,primo,primo,ADJ,_
618-5,TO052,618,618,6,xxx].,xxx,x,X,Intonation=falling
619-0,TO050,619,619,1,[non,non,non,ADV,_
619-1,TO050,619,619,2,hai,hai,avere,VERB,_
619-2,TO050,619,619,3,un,un,uno,DET,_
619-3,TO050,619,619,4,filtro,filtro,filtro,NOUN,_
619-4,TO050,619,619,5,abba]stanza,abbastanza,abbastanza,ADV,_
619-5,TO050,619,619,6,chiaro,chiaro,chiaro,ADJ,_
619-6,TO050,619,619,7,da,da,da,ADP,_
619-7,TO050,619,619,8,capi[re,capire,capire,VERB,_
619-8,TO050,619,619,9,se,se,se,SCONJ,_
619-9,TO050,619,619,10,sei,sei,essere,AUX,_
619-10,TO050,619,619,11,sta]to,stato,essere,AUX,_
619-11,TO050,619,619,12,anche,anche,anche,ADV,_
619-12,TO050,619,619,13,un,un,uno,DET,_
619-13,TO050,619,619,14,po',po',poco,ADV,_
619-14,TO050,619,619,15,sopra,sopra,sopra,ADP,_
619-15,TO050,619,619,16,la,la,il,DET,_
619-16,TO050,619,619,17,media,media,media,NOUN,_
619-17,TO050,619,619,18,"quindi,",quindi,quindi,ADV,Intonation=weakly_rising
620-0,TO052,620,620,1,[eh,eh,eh,INTJ,_
620-1,TO052,620,620,2,eh].,eh,eh,INTJ,Intonation=falling
621-0,TO052,621,621,1,"[e::h],",eh,eh,INTJ,Intonation=weakly_rising
622-0,TO050,622,622,1,[fino,fino,fino,ADV,_
622-1,TO050,622,622,2,a,a,a,ADP,_
622-2,TO050,622,622,3,pro]va,prova,prova,NOUN,_
622-3,TO050,622,622,4,contraria,contraria,contrario,ADJ,_
622-4,TO050,622,622,5,lo,lo,lo,PRON,_
622-5,TO050,622,622,6,sei,sei,essere,AUX,_
622-6,TO050,622,622,7,"stato,",stato,stare,AUX,Intonation=weakly_rising
623-0,TO052,623,623,1,ho,ho,avere,AUX,_
623-1,TO052,623,623,2,parlato,parlato,parlare,VERB,_
623-2,TO052,623,623,3,{P},{P},_,_,_
623-3,TO052,623,623,4,poi,poi,poi,ADV,_
623-4,TO052,623,623,5,ho,ho,avere,AUX,_
623-5,TO052,623,623,6,parlato,parlato,parlare,VERB,_
623-6,TO052,623,623,7,"con,",con,con,ADP,Intonation=weakly_rising
624-0,TO048,624,624,1,se,se,se,SCONJ,_
624-1,TO048,624,624,2,ti,ti,ti,PRON,_
624-2,TO048,624,624,3,faccio,faccio,fare,VERB,_
624-3,TO048,624,624,4,[male],male,male,ADV,_
624-4,TO048,624,624,5-10,dimm[elo,dimmelo,_,_,_
624-4a,_,_,624,5,,dim ,dire,VERB,
624-4b,_,_,624,9,,me ,me ,PRON,
624-4c,_,_,624,10,,lo ,lo,PRON,
624-5,TO048,624,624,6,che,che,che,SCONJ,_
624-6,TO048,624,624,7,mi,mi,mi,PRON,_
624-7,TO048,624,624,8,fermo],fermo,fermare,VERB,_
625-0,TO052,625,625,1,"[po:i:],",poi,poi,ADV,Intonation=weakly_rising
626-0,TO052,626,626,1,[pian,pian,piano ,ADV,_
626-1,TO052,626,626,2,piano,piano,piano,ADV,_
626-2,TO052,626,626,3,a,a,a,ADP,_
626-3,TO052,626,626,4,post~],post~,post~,X,Interrupted=Yes
627-0,TO050,627,627,1,[xxx]xx,x,x,X,_
628-0,TO052,628,628,1,a,a,a,ADP,_
628-1,TO052,628,628,2,"posteriori,",posteriori,posteriore,NOUN,Intonation=weakly_rising
629-0,TO052,629,629,1,e,e,e,CCONJ,_
629-1,TO052,629,629,2,ho,ho,avere,VERB,_
629-2,TO052,629,629,3,ho,ho,avere,VERB,_
629-3,TO052,629,629,4,"ho,",ho,avere,VERB,Intonation=weakly_rising
630-0,TO048,630,630,1,le,le,le,PRON,_
630-1,TO048,630,630,2,vorrei,vorrei,volere,AUX,_
630-2,TO048,630,630,3,limare,limare,limare,VERB,_
630-3,TO048,630,630,4,[adesso].,adesso,adesso,ADV,Intonation=falling
631-0,TO052,631,631,1,[ho,ho,avere,AUX,_
631-1,TO052,631,631,2,riconsidera]to,riconsiderato,riconsiderare,VERB,_
631-2,TO052,631,631,3,sempre,sempre,sempre,ADV,_
631-3,TO052,631,631,4,"meglio,",meglio,meglio,ADV,Intonation=weakly_rising
632-0,TO052,632,632,1,eh,eh,eh,INTJ,_
632-1,TO052,632,632,2,la,la,il,DET,_
632-2,TO052,632,632,3,situazione,situazione,situazione,NOUN,_
632-3,TO052,632,632,4,perché,perché,perché,SCONJ,_
632-4,TO052,632,632,5,ho,ho,avere,AUX,_
632-5,TO052,632,632,6,parlato,parlato,parlare,VERB,_
632-6,TO052,632,632,7,con,con,con,ADP,_
632-7,TO052,632,632,8,"marika,",marika,Marika ,PROPN,Intonation=weakly_rising
633-0,TO052,633,633,1,eh,eh,eh,INTJ,_
633-1,TO052,633,633,2,marika,marika,Marika ,PROPN,_
633-2,TO052,633,633,3,mi,mi,mi,PRON,_
633-3,TO052,633,633,4,ha,ha,avere,AUX,_
633-4,TO052,633,633,5,"detto,",detto,dire,VERB,Intonation=weakly_rising
634-0,TO052,634,634,1,e:h,eh,eh,INTJ,_
634-1,TO052,634,634,2,verdi,verdi,Verdi,PROPN,_
634-2,TO052,634,634,3,non,non,non,ADV,_
634-3,TO052,634,634,4,è,è,essere,AUX,_
634-4,TO052,634,634,5,una,una,uno,DET,_
634-5,TO052,634,634,6,persona,persona,persona,NOUN,_
634-6,TO052,634,634,7,"che,",che,che,PRON,Intonation=weakly_rising
635-0,TO052,635,635,1,che::,che,che,PRON,_
635-1,TO052,635,635,2,cioè,cioè,cioé,CCONJ,_
635-2,TO052,635,635,3,se,se,se,SCONJ,_
635-3,TO052,635,635,4,tu,tu,tu,PRON,_
635-4,TO052,635,635,5,ci,ci,ci,PRON,_
635-5,TO052,635,635,6,vai,vai,andare,VERB,_
635-6,TO052,635,635,7,per,per,per,ADP,_
635-7,TO052,635,635,8-9,delle,delle,_,_,_
635-7a,_,_,635,8,_,di,di,ADP,_
635-7b,_,_,635,9,_,le,il,DET,_
635-8,TO052,635,635,10,dritte,dritte,dritta,NOUN,_
635-9,TO052,635,635,11,{P},{P},_,_,_
635-10,TO052,635,635,12,è,è,essere,AUX,_
635-11,TO052,635,635,13,"bravissimo,",bravissimo,bravo,ADJ,Intonation=weakly_rising
636-0,TO052,636,636,1,se,se,se,SCONJ,_
636-1,TO052,636,636,2,tu,tu,tu,PRON,_
636-2,TO052,636,636,3,ci,ci,ci,PRON,_
636-3,TO052,636,636,4,vai,vai,andare,VERB,_
636-4,TO052,636,636,5,per,per,per,ADP,_
636-5,TO052,636,636,6-7,degli,degli,_,_,_
636-5a,_,_,636,6,_,di,di,ADP,_
636-5b,_,_,636,7,_,gli,il,DET,_
636-6,TO052,636,636,8,"incoraggiamenti,",incoraggiamenti,incoraggiamento,NOUN,Intonation=weakly_rising
637-0,TO052,637,637,1,stai,stai,stare,AUX,_
637-1,TO052,637,637,2,andando,andando,andare,VERB,_
637-2,TO052,637,637,3-4,dalla,dalla,_,_,_
637-2a,_,_,637,3,_,da,da,ADP,_
637-2b,_,_,637,4,_,la,il,DET,_
637-3,TO052,637,637,5,persona,persona,persona,NOUN,_
637-4,TO052,637,637,6,sbagliata,sbagliata,sbagliato,ADJ,_
637-5,TO052,637,637,7,"perché,",perché,perché,SCONJ,Intonation=weakly_rising
638-0,TO052,638,638,1,non,non,non,ADV,_
638-1,TO052,638,638,2,ti,ti,ti,PRON,_
638-2,TO052,638,638,3,fa,fa,fare,VERB,_
638-3,TO052,638,638,4,mai,mai,mai,ADV,_
638-4,TO052,638,638,5,i,i,il,DET,_
638-5,TO052,638,638,6,"complimenti,",complimenti,complimento,NOUN,Intonation=weakly_rising
639-0,TO052,639,639,1,e,e,e,CCONJ,_
639-1,TO052,639,639,2,invece,invece,invece,ADV,_
639-2,TO052,639,639,3,le,le,il,DET,_
639-3,TO052,639,639,4,critiche,critiche,critica,NOUN,_
639-4,TO052,639,639,5,te,te,te,PRON,_
639-5,TO052,639,639,6,le,le,le,PRON,_
639-6,TO052,639,639,7,f~,f~,f~,X,Interrupted=Yes
640-0,TO050,640,640,1,no,no,no,ADV,_
640-1,TO050,640,640,2,mi,mi,mi,PRON,_
640-2,TO050,640,640,3,fa,fa,fare,VERB,_
640-3,TO050,640,640,4,imp[ressione].,impressione,impressione,NOUN,Intonation=falling
641-0,TO048,641,641,1,[basta].,basta,bastare,VERB,Intonation=falling
642-0,TO050,642,642,1,proprio,proprio,proprio,ADV,_
642-1,TO050,642,642,2,(aprire.),aprire,aprire,VERB,Intonation=falling
643-0,TO052,643,643,1,e,e,e,CCONJ,_
643-1,TO052,643,643,2,invece,invece,invece,ADV,_
643-2,TO052,643,643,3,le,le,il,DET,_
643-3,TO052,643,643,4,critiche,critiche,critica,NOUN,_
643-4,TO052,643,643,5,te,te,te,PRON,_
643-5,TO052,643,643,6,le,le,le,PRON,_
643-6,TO052,643,643,7,fa,fa,fare,VERB,_
643-7,TO052,643,643,8,"abbast[anza:::],",abbastanza,abbastanza,ADV,Intonation=weakly_rising
644-0,TO050,644,644,1,[xxx,x,x,X,_
644-1,TO050,644,644,2,(non),non,non,ADV,_
644-2,TO050,644,644,3,è,è,essere,AUX,_
644-3,TO050,644,644,4,colpa,colpa,colpa,NOUN,_
644-4,TO050,644,644,5,mia],mia,mio,DET,_
644-5,TO050,644,644,6,è,è,essere,AUX,_
644-6,TO050,644,644,7,uno,uno,uno,DET,_
644-7,TO050,644,644,8,stato,stato,stato,NOUN,_
644-8,TO050,644,644,9,di,di,di,ADP,_
644-9,TO050,644,644,10,fatto.,fatto,fatto,NOUN,Intonation=falling
645-0,TO052,645,645,1,e,e,e,CCONJ,_
645-1,TO052,645,645,2,invece,invece,invece,ADV,_
645-2,TO052,645,645,3,le,le,il,DET,_
645-3,TO052,645,645,4,critiche,critiche,critica,NOUN,_
645-4,TO052,645,645,5,te,te,te,PRON,_
645-5,TO052,645,645,6,le,le,le,PRON,_
645-6,TO052,645,645,7,fa,fa,fare,VERB,_
645-7,TO052,645,645,8,abbastanza:,abbastanza,abbastanza,ADV,_
645-8,TO052,645,645,9,acide.,acide,acido,ADJ,Intonation=falling
646-0,TO052,646,646,1,marika,marika,Marika,PROPN,_
646-1,TO052,646,646,2,quando,quando,quando,SCONJ,_
646-2,TO052,646,646,3,ci,ci,ci,PRON,_
646-3,TO052,646,646,4,è,è,essere,AUX,_
646-4,TO052,646,646,5,andata,andata,andare,VERB,_
646-5,TO052,646,646,6-7,spiegandogli,spiegandogli,_,_,_
646-5a,_,_,646,6,_,spiegando,spiegare,VERB,_
646-5b,_,_,646,7,_,gli,lo,PRON,_
646-6,TO052,646,646,8,la,la,il,DET,_
646-7,TO052,646,646,9,tesi,tesi,tesi,NOUN,_
646-8,TO052,646,646,10,che,che,che,PRON,_
646-9,TO052,646,646,11,stava,stava,stare,AUX,_
646-10,TO052,646,646,12,facendo,facendo,fare,VERB,_
646-11,TO052,646,646,13,le,le,le,PRON,_
646-12,TO052,646,646,14,ha,ha,avere,AUX,_
646-13,TO052,646,646,15,"detto,",detto,dire,VERB,Intonation=weakly_rising
647-0,TO052,647,647,1,ma,ma,ma,CCONJ,_
647-1,TO052,647,647,2,chi,chi,chi,PRON,_
647-2,TO052,647,647,3,è,è,essere,AUX,_
647-3,TO052,647,647,4,sta,sta,questo,DET,_
647-4,TO052,647,647,5,cosa?,cosa,cosa,NOUN,Intonation=rising
648-0,TO052,648,648,1,cambia,cambia,cambiare,VERB,_
648-1,TO052,648,648,2,tesi,tesi,tesi,NOUN,_
648-2,TO052,648,648,3,va.,va,andare,VERB,Intonation=falling
649-0,TO048,649,649,1,{ride},{ride},_,_,_
649-1,TO048,649,649,2,(a,a,a,ADP,_
649-2,TO048,649,649,3,marika.),marika,Marika,PROPN,Intonation=falling
650-0,TO052,650,650,1,sì.,sì,sì,ADV,Intonation=falling
651-0,TO050,651,651,1,chi,chi,chi,PRON,_
651-1,TO050,651,651,2,è,è,essere,AUX,_
651-2,TO050,651,651,3,marika?,marika,Marika,PROPN,Intonation=rising
652-0,TO048,652,652,1,(una,una,uno,DET,_
652-1,TO048,652,652,2,nostra),nostra,nostro,DET,_
652-2,TO048,652,652,3,[xx],x,x,X,_
653-0,TO052,653,653,1,[una,una,uno,DET,_
653-1,TO052,653,653,2,mia,mia,mio,DET,_
653-2,TO052,653,653,3,co]llega.,collega,collega,NOUN,Intonation=falling
654-0,TO052,654,654,1,e,e,e,CCONJ,_
654-1,TO052,654,654,2,quindi,quindi,quindi,ADV,_
654-2,TO052,654,654,3,io,io,io,PRON,_
654-3,TO052,654,654,4,ho,ho,avere,AUX,_
654-4,TO052,654,654,5,pensato,pensato,pensare,VERB,_
654-5,TO052,654,654,6,{P},{P},_,_,_
654-6,TO052,654,654,7,lei,lei,lei,PRON,_
654-7,TO052,654,654,8,mi,mi,mi,PRON,_
654-8,TO052,654,654,9,fa,fa,fare,VERB,_
654-9,TO052,654,654,10,guarda,guarda,guardare,VERB,_
654-10,TO052,654,654,11,"beppe,",beppe,Beppe,PROPN,Intonation=weakly_rising
654-11,TO052,654,654,12,{P},{P},_,_,_
654-12,TO052,654,654,13-20,conoscendolo,conoscendolo,_,_,_
654-12a,_,_,654,13,_,conoscendo ,conoscere,VERB,
654-12b,_,_,654,20,_,lo,lo,PRON,
654-13,TO052,654,654,14,perché,perché,perché,SCONJ,_
654-14,TO052,654,654,15,lei,lei,lei,PRON,_
654-15,TO052,654,654,16,lo,lo,lo,PRON,_
654-16,TO052,654,654,17,conosce,conosce,conoscere,VERB,_
654-17,TO052,654,654,18,abbastanza,abbastanza,abbastanza,ADV,_
654-18,TO052,654,654,19,bene.,bene,bene,ADV,Intonation=falling
655-0,TO052,655,655,1,mi,mi,mi,PRON,_
655-1,TO052,655,655,2,fa,fa,fare,VERB,_
655-2,TO052,655,655,3-12,conoscendolo,conoscendolo,_,_,_
655-2a,_,_,655,3,,conoscendo ,conoscere,VERB,
655-2b,_,_,655,12,,lo ,lo,PRON,
655-3,TO052,655,655,4,se,se,se,SCONJ,_
655-4,TO052,655,655,5,ti,ti,ti,PRON,_
655-5,TO052,655,655,6,ha,ha,avere,AUX,_
655-6,TO052,655,655,7,detto,detto,dire,VERB,_
655-7,TO052,655,655,8,così,così,così,ADV,_
655-8,TO052,655,655,9,vuol,vuol,volere,AUX,_
655-9,TO052,655,655,10,dire,dire,dire,VERB,_
655-10,TO052,655,655,11,"che::,",che,che,SCONJ,Intonation=weakly_rising
656-0,TO052,656,656,1,in,in,in,ADP,_
656-1,TO052,656,656,2,realt[à::,realtà,realtà,NOUN,_
656-2,TO052,656,656,3,è,è,essere,AUX,_
656-3,TO052,656,656,4,andata,andata,andare,VERB,_
656-4,TO052,656,656,5,bene,bene,bene,ADV,_
656-5,TO052,656,656,6,n]o?,no,no,ADV,Intonation=rising
657-0,TO050,657,657,1,[xxx],x,x,X,_
658-0,TO052,658,658,1,e,e,e,CCONJ,_
658-1,TO052,658,658,2,"poi,",poi,poi,ADV,Intonation=weakly_rising
659-0,TO052,659,659,1,e:h,eh,eh,INTJ,_
659-1,TO052,659,659,2,azzurri,azzurri,Azzurri,PROPN,_
659-2,TO052,659,659,3,ha,ha,avere,AUX,_
659-3,TO052,659,659,4,scritto,scritto,scrivere,VERB,_
659-4,TO052,659,659,5,una,una,uno,DET,_
659-5,TO052,659,659,6,"mail,",mail,mail,NOUN,Intonation=weakly_rising
660-0,TO048,660,660,1,ah.,ah,ah,INTJ,Intonation=falling
661-0,TO052,661,661,1,collettiva,collettiva,collettiva,ADJ,_
661-1,TO052,661,661,2,{P},{P},_,_,_
661-2,TO052,661,661,3,in,in,in,ADP,_
661-3,TO052,661,661,4,cui,cui,cui,PRON,_
661-4,TO052,661,661,5,ha,ha,avere,AUX,_
661-5,TO052,661,661,6,detto,detto,dire,VERB,_
661-6,TO052,661,661,7,{P},{P},_,_,_
661-7,TO052,661,661,8,"ringrazio:::,",ringrazio,ringraziare,VERB,Intonation=weakly_rising
662-0,TO050,662,662,1,ti,ti,ti,PRON,_
662-1,TO050,662,662,2,serve?,serve,servire,VERB,Intonation=rising
663-0,TO048,663,663,1,xxxx,x,x,X,_
663-1,TO048,663,663,2,[xx],x,x,X,_
664-0,TO052,664,664,1,"[eh],",eh,eh,INTJ,Intonation=weakly_rising
665-0,TO052,665,665,1,azzurri,azzurri,Azzurri,PROPN,_
665-1,TO052,665,665,2,{P},{P},_,_,_
665-2,TO052,665,665,3,ha,ha,avere,AUX,_
665-3,TO052,665,665,4,detto,detto,dire,VERB,_
665-4,TO052,665,665,5,eh,eh,eh,INTJ,_
665-5,TO052,665,665,6,ha,ha,avere,AUX,_
665-6,TO052,665,665,7,scritto,scritto,scrivere,VERB,_
665-7,TO052,665,665,8,una,una,uno,DET,_
665-8,TO052,665,665,9,mail,mail,mail,NOUN,_
665-9,TO052,665,665,10,{P},{P},_,_,_
665-10,TO052,665,665,11,a,a,a,ADP,_
665-11,TO052,665,665,12,"tutti,",tutti,tutto,PRON,Intonation=weakly_rising
666-0,TO052,666,666,1,dicendo,dicendo,dire,VERB,_
666-1,TO052,666,666,2,ringrazio,ringrazio,ringraziare,VERB,_
666-2,TO052,666,666,3,gli,gli,il,DET,_
666-3,TO052,666,666,4,organizzatori,organizzatori,organizzatore,NOUN,_
666-4,TO052,666,666,5,per,per,per,ADP,_
666-5,TO052,666,666,6,ave:r,aver,avere,VERB,_
666-6,TO052,666,666,7,{P},{P},_,_,_
666-7,TO052,666,666,8,per,per,per,ADP,_
666-8,TO052,666,666,9,aver,aver,avere,AUX,_
666-9,TO052,666,666,10,fatto:,fatto,fare,VERB,ProsodicLink=Yes
666-10,TO052,666,666,11,mh,mh,mh,INTJ,_
666-11,TO052,666,666,12,per,per,per,ADP,_
666-12,TO052,666,666,13,aver,aver,avere,AUX,_
666-13,TO052,666,666,14,or~,or~,or~,X,Interrupted=Yes
666-14,TO052,666,666,15,per,per,per,ADP,_
666-15,TO052,666,666,16,il,il,il,DET,_
666-16,TO052,666,666,17,<convegno>,convegno,convegno,NOUN,_
666-17,TO052,666,666,18,per,per,per,ADP,_
666-18,TO052,666,666,19,questa,questa,questo,DET,_
666-19,TO052,666,666,20,esperienza,esperienza,esperienza,NOUN,_
666-20,TO052,666,666,21,molto,molto,molto,ADV,_
666-21,TO052,666,666,22,bella,bella,bello,ADJ,_
666-22,TO052,666,666,23,eh,eh,eh,INTJ,_
666-23,TO052,666,666,24,e,e,e,CCONJ,_
666-24,TO052,666,666,25,sopratuttto,sopratuttto,sopratuttto,ADV,_
666-25,TO052,666,666,26,per,per,per,ADP,_
666-26,TO052,666,666,27,i,i,il,DET,_
666-27,TO052,666,666,28,"giovani,",giovani,giovane,NOUN,Intonation=weakly_rising
667-0,TO052,667,667,1,che,che,che,PRON,_
667-1,TO052,667,667,2,se,se,se,SCONJ,_
667-2,TO052,667,667,3,non,non,non,ADV,_
667-3,TO052,667,667,4,si,si,si,PRON,_
667-4,TO052,667,667,5,a~,a~,a~,X,Interrupted=Yes
667-5,TO052,667,667,6,arrenderanno,arrenderanno,arrendere ,VERB,_
667-6,TO052,667,667,7-8,all',all',_,_,Truncated=Yes
667-6a,_,_,667,7,_,a,a,ADP,_
667-6b,_,_,667,8,_,l',il,DET,_
667-7,TO052,667,667,9,ideologia,ideologia,ideologia,NOUN,_
667-8,TO052,667,667,10-11,dello,dello,_,_,_
667-8a,_,_,667,10,_,di,di,ADP,_
667-8b,_,_,667,11,_,lo,il,DET,_
667-9,TO052,667,667,12,"specialismo,",specialismo,specialismo,NOUN,Intonation=weakly_rising
668-0,TO052,668,668,1,sono,sono,essere,AUX,_
668-1,TO052,668,668,2,la,la,il,DET,_
668-2,TO052,668,668,3,mh,mh,mh,INTJ,_
668-3,TO052,668,668,4,migliore,migliore,migliore,ADJ,_
668-4,TO052,668,668,5,eredità,eredità,eredità,NOUN,_
668-5,TO052,668,668,6,di,di,di,ADP,_
668-6,TO052,668,668,7,fortini.,fortini,Fortini,PROPN,Intonation=falling
669-0,TO050,669,669,1,se,se,se,SCONJ,_
669-1,TO050,669,669,2,non,non,non,ADV,_
669-2,TO050,669,669,3,si,si,si,PRON,_
669-3,TO050,669,669,4,arrenderanno,arrenderanno,arrendere ,VERB,_
669-4,TO050,669,669,5,a,a,a,ADP,_
669-5,TO050,669,669,6,se,se,se,SCONJ,_
669-6,TO050,669,669,7,non,non,non,ADV,_
669-7,TO050,669,669,8,si,si,si,PRON,_
669-8,TO050,669,669,9,arrenderanno,arrenderanno,arrendere ,VERB,_
669-9,TO050,669,669,10-11,all',all',_,_,Truncated=Yes
669-9a,_,_,669,10,_,a,a,ADP,_
669-9b,_,_,669,11,_,l',il,DET,_
669-10,TO050,669,669,12,ideaologia,ideaologia,ideaologia,NOUN,_
669-11,TO050,669,669,13-14,dello,dello,_,_,_
669-11a,_,_,669,13,_,di,di,ADP,_
669-11b,_,_,669,14,_,lo,il,DET,_
669-12,TO050,669,669,15,speciali[smo]?,specialismo,specialismo,NOUN,Intonation=rising
670-0,TO052,670,670,1,[sì].,sì,sì,ADV,Intonation=falling
671-0,TO052,671,671,1,che,che,che,PRON,_
671-1,TO052,671,671,2,è,è,essere,AUX,_
671-2,TO052,671,671,3,eh,eh,eh,INTJ,_
671-3,TO052,671,671,4,eh,eh,eh,INTJ,_
671-4,TO052,671,671,5,"[è],",è,essere,AUX,Intonation=weakly_rising
672-0,TO050,672,672,1,[in,in,in,ADP,_
672-1,TO050,672,672,2,c]he,che,che,DET,_
672-2,TO050,672,672,3,senso?,senso,senso,NOUN,Intonation=rising
673-0,TO052,673,673,1,e,e,e,CCONJ,_
673-1,TO052,673,673,2,quindi,quindi,quindi,ADV,_
673-2,TO052,673,673,3,evidentemente,evidentemente,evidentemente,ADV,_
673-3,TO052,673,673,4,gli,gli,lo,PRON,_
673-4,TO052,673,673,5,sono,sono,essere,AUX,_
673-5,TO052,673,673,6,piaciuto,piaciuto,piacere,VERB,_
673-6,TO052,673,673,7,s[e,se,se,SCONJ,_
673-7,TO052,673,673,8,non],non,non,ADV,_
673-8,TO052,673,673,9,mi,mi,mi,PRON,_
673-9,TO052,673,673,10,sono,sono,essere,AUX,_
673-10,TO052,673,673,11,arreso,arreso,arrendere,VERB,_
673-11,TO052,673,673,12-13,"[al],",al,_,_,Intonation=weakly_rising
673-11a,_,_,673,12,_,a,a,ADP,_
673-11b,_,_,673,13,_,il,il,DET,_
674-0,TO050,674,674,1,[sì].,sì,sì,ADV,Intonation=falling
675-0,TO050,675,675,1-2,[all',all',_,_,Truncated=Yes
675-0a,_,_,675,1,_,a,a,ADP,_
675-0b,_,_,675,2,_,l',il,DET,_
675-1,TO050,675,675,3,i]perspecialismo.,iperspecialismo,iperspecialismo,NOUN,Intonation=falling
676-0,TO052,676,676,1,che,che,che,SCONJ,_
676-1,TO052,676,676,2,eh,eh,eh,INTJ,_
676-2,TO052,676,676,3,è,è,essere,AUX,_
676-3,TO052,676,676,4,stato,stato,essere,AUX,_
676-4,TO052,676,676,5,bello,bello,bello,ADJ,_
676-5,TO052,676,676,6,che,che,che,SCONJ,_
676-6,TO052,676,676,7,invece,invece,invece,ADV,_
676-7,TO052,676,676,8,lei,lei,lei,PRON,_
676-8,TO052,676,676,9,ha,ha,avere,AUX,_
676-9,TO052,676,676,10,parlato,parlato,parlare,VERB,_
676-10,TO052,676,676,11,di,di,di,ADP,_
676-11,TO052,676,676,12,che,che,che,SCONJ,_
676-12,TO052,676,676,13,tu,tu,tu,PRON,_
676-13,TO052,676,676,14,invece,invece,invece,ADV,_
676-14,TO052,676,676,15,hai,hai,avere,AUX,_
676-15,TO052,676,676,16,parlato,parlato,parlare,VERB,_
676-16,TO052,676,676,17,di,di,di,ADP,_
676-17,TO052,676,676,18,quest',quest',questo,DET,Truncated=Yes
676-18,TO052,676,676,19,altro,altro,altro,ADJ,_
676-19,TO052,676,676,20,aspetto.,aspetto,aspetto,NOUN,Intonation=falling
677-0,TO050,677,677,1,e,e,e,CCONJ,_
677-1,TO050,677,677,2,sei,sei,essere,AUX,_
677-2,TO050,677,677,3,stato,stato,essere,AUX,_
677-3,TO050,677,677,4,fedele,fedele,fedele,ADJ,_
677-4,TO050,677,677,5,a,a,a,ADP,_
677-5,TO050,677,677,6,fortini.,fortini,Fortini,PROPN,Intonation=falling
678-0,TO052,678,678,1,no,no,no,ADV,_
678-1,TO052,678,678,2,è,è,essere,AUX,_
678-2,TO052,678,678,3,perché,perché,perché,SCONJ,_
678-3,TO052,678,678,4,poi,poi,poi,ADV,_
678-4,TO052,678,678,5,ho,ho,avere,AUX,_
678-5,TO052,678,678,6,pensato,pensato,pensare,VERB,_
678-6,TO052,678,678,7,"che,",che,che,SCONJ,Intonation=weakly_rising
679-0,TO052,679,679,1,questa,questa,questo,DET,_
679-1,TO052,679,679,2,cosa,cosa,cosa,NOUN,_
679-2,TO052,679,679,3-4,dell',dell',_,_,Truncated=Yes
679-2a,_,_,679,3,_,di,di,ADP,_
679-2b,_,_,679,4,_,l',il,DET,_
679-3,TO052,679,679,5,iperspecialismo,iperspecialismo,iperspecialismo,NOUN,_
679-4,TO052,679,679,6,era,era,essere,AUX,_
679-5,TO052,679,679,7,[(me~)],me~,me~,X,Interrupted=Yes
680-0,TO050,680,680,1-5,[°scusami],scusami,_,NOUN,Volume=low
680-0a,_,_,680,1,_,scusa ,scusare,VERB,
680-0b,_,_,680,5,_,mi,mi,PRON,
680-1,TO050,680,680,2,mi,mi,mi,PRON,Volume=low
680-2,TO050,680,680,3,fa,fa,fare,VERB,Volume=low
680-3,TO050,680,680,4,impressione.°,impressione,impressione,NOUN,Intonation=falling|Volume=low
681-0,TO052,681,681,1,che,che,che,SCONJ,_
681-1,TO052,681,681,2,poi,poi,poi,ADV,_
681-2,TO052,681,681,3,ho,ho,avere,AUX,_
681-3,TO052,681,681,4,pensato,pensato,pensare,VERB,_
681-4,TO052,681,681,5,che,che,che,SCONJ,_
681-5,TO052,681,681,6,que~,que~,que~,X,Interrupted=Yes
681-6,TO052,681,681,7,perché,perché,perché,SCONJ,_
681-7,TO052,681,681,8,questa:,questa,questo,DET,_
681-8,TO052,681,681,9,cosa,cosa,cosa,NOUN,_
681-9,TO052,681,681,10-11,dell',dell',_,_,Truncated=Yes
681-9a,_,_,681,10,_,di,di,ADP,_
681-9b,_,_,681,11,_,l',il,DET,_
681-10,TO052,681,681,12,"iperspecialismo,",iperspecialismo,iperspecialismo,NOUN,Intonation=weakly_rising
682-0,TO052,682,682,1,è,è,essere,AUX,_
682-1,TO052,682,682,2,un~,un~,un~,X,Interrupted=Yes
682-2,TO052,682,682,3,è,è,essere,AUX,_
682-3,TO052,682,682,4,una,una,uno,DET,_
682-4,TO052,682,682,5,citazione,citazione,citazione,NOUN,_
682-5,TO052,682,682,6,a,a,a,ADP,_
682-6,TO052,682,682,7,fortini,fortini,Fortini,PROPN,_
682-7,TO052,682,682,8,perché,perché,perché,ADV,_
682-8,TO052,682,682,9,"fortini,",fortini,Fortini,PROPN,Intonation=weakly_rising
683-0,TO052,683,683,1,parlò,parlò,parlare,VERB,_
683-1,TO052,683,683,2,con,con,con,ADP,_
683-2,TO052,683,683,3,"[a],",a,a,ADP,Intonation=weakly_rising
684-0,TO048,684,684,1,[xx]xxxx,x,x ,X,_
685-0,TO050,685,685,1,no,no,no,ADV,_
685-1,TO050,685,685,2,lo,lo,il,PRON,_
685-2,TO050,685,685,3,(spasi),spasi,spasi,ADJ,_
685-3,TO050,685,685,4,questa,questa,questo,PRON,_
685-4,TO050,685,685,5,non,non,non,ADV,_
685-5,TO050,685,685,6,la,la,la,PRON,_
685-6,TO050,685,685,7,so,so,sapere,VERB,_
685-7,TO050,685,685,8,usare.,usare,usare,VERB,Intonation=falling
686-0,TO048,686,686,1,"°e::h,°",eh,eh,INTJ,Intonation=weakly_rising|Volume=low
687-0,TO048,687,687,1,x[xxx].,xxxx,x ,X,Intonation=falling
688-0,TO050,688,688,1,[no,no,no,ADV,_
688-1,TO050,688,688,2,no,no,no,ADV,_
688-2,TO050,688,688,3,io,io,io,PRON,_
688-3,TO050,688,688,4,uso],uso,usare,VERB,_
688-4,TO050,688,688,5,il,il,il,DET,_
688-5,TO050,688,688,6,tagliaunghie,tagliaunghie,tagliaunghie,NOUN,_
688-6,TO050,688,688,7,per,per,per,ADP,_
688-7,TO050,688,688,8,questo.,questo,questo,PRON,Intonation=falling
689-0,TO048,689,689,1,mi,mi,mi,PRON,_
689-1,TO048,689,689,2,passi,passi,passare,VERB,_
689-2,TO048,689,689,3,i::l,il,il,DET,_
689-3,TO048,689,689,4,per,per,per,ADP,_
689-4,TO048,689,689,5,favore,favore,favore,NOUN,_
689-5,TO048,689,689,6,il,il,il,DET,_
689-6,TO048,689,689,7,coso.,coso,coso,NOUN,Intonation=falling
690-0,TO050,690,690,1,arriv(a).,arriva,arrivare,VERB,Intonation=falling
691-0,TO052,691,691,1,"capit[o:],",capito,capire,VERB,Intonation=weakly_rising
692-0,TO050,692,692,1,[(ti],ti,ti,PRON,_
692-1,TO050,692,692,2,ti,ti,ti,PRON,_
692-2,TO050,692,692,3,ti.),ti,ti,PRON,Intonation=falling
693-0,TO052,693,693,1,qui[ndi,quindi,quindi,ADV,_
693-1,TO052,693,693,2,"penso],",penso,pensare,VERB,Intonation=weakly_rising
694-0,TO048,694,694,1,[ma,ma,ma,CCONJ,_
694-1,TO048,694,694,2,scusa],scusa,scusare,VERB,_
694-2,TO048,694,694,3,l',l',il,DET,Truncated=Yes
694-3,TO048,694,694,4,i:dea,idea,idea,NOUN,_
694-4,TO048,694,694,5,è,è,essere,VERB,_
694-5,TO048,694,694,6,che,che,che,SCONJ,_
694-6,TO048,694,694,7,tu,tu,tu,PRON,_
694-7,TO048,694,694,8,sei,sei,essere,AUX,_
694-8,TO048,694,694,9,stato,stato,essere,AUX,_
694-9,TO048,694,694,10,troppo,troppo,troppo,ADV,_
694-10,TO048,694,694,11,specialistico?,specialistico,specialistico,ADJ,Intonation=rising
695-0,TO052,695,695,1,no:,no,no,ADV,_
695-1,TO052,695,695,2-3,al,al,_,_,_
695-1a,_,_,695,2,_,a,a,ADP,_
695-1b,_,_,695,3,_,il,il,DET,_
695-2,TO052,695,695,4,contrario.,contrario,contrario,NOUN,Intonation=falling
696-0,TO052,696,696,1,allora,allora,allora,ADV,_
696-1,TO052,696,696,2,quando,quando,quando,SCONJ,_
696-2,TO052,696,696,3,io,io,io,PRON,_
696-3,TO052,696,696,4,ho,ho,avere,AUX,_
696-4,TO052,696,696,5,parlato,parlato,parlare,VERB,_
696-5,TO052,696,696,6,con,con,con,ADP,_
696-6,TO052,696,696,7,"con,",con,con,ADP,Intonation=weakly_rising
697-0,TO048,697,697,1,no,no,no,ADV,_
697-1,TO048,697,697,2,tu,tu,tu,PRON,_
697-2,TO048,697,697,3,sei,sei,essere,AUX,_
697-3,TO048,697,697,4,[xx,x,x,X,_
697-4,TO048,697,697,5,"stato],",stato,stare,AUX,Intonation=weakly_rising
698-0,TO052,698,698,1,[azzurri,azzurri,Azzurri,PROPN,_
698-1,TO052,698,698,2,mi,mi,mi,PRON,_
698-2,TO052,698,698,3,aveva,aveva,avere,AUX,_
698-3,TO052,698,698,4,detto],detto,dire,VERB,_
698-4,TO052,698,698,5,no,no,no,ADV,_
698-5,TO052,698,698,6,no,no,no,ADV,_
698-6,TO052,698,698,7,non,non,non,ADV,_
698-7,TO052,698,698,8,sono,sono,essere,AUX,_
698-8,TO052,698,698,9,stato,stato,essere,AUX,_
698-9,TO052,698,698,10,iperspecialisti[co].,iperspecialistico,iperspecialistico,ADJ,Intonation=falling
699-0,TO048,699,699,1,[ah],ah,ah,INTJ,_
699-1,TO048,699,699,2,che,che,che,SCONJ,_
699-2,TO048,699,699,3,lui,lui,lui,PRON,_
699-3,TO048,699,699,4,ha,ha,avere,AUX,_
699-4,TO048,699,699,5,detto,detto,dire,VERB,_
699-5,TO048,699,699,6,se,se,se,SCONJ,_
699-6,TO048,699,699,7,non,non,non,ADV,_
699-7,TO048,699,699,8,si,si,si,PRON,_
699-8,TO048,699,699,9,arrendono,arrendono,arrendere,VERB,_
699-9,TO048,699,699,10-11,all',all',_,_,Truncated=Yes
699-9a,_,_,699,10,_,a,a,ADP,_
699-9b,_,_,699,11,_,l',il,DET,_
699-10,TO048,699,699,12,"id[ea:],",idea,idea,NOUN,Intonation=weakly_rising
700-0,TO052,700,700,1,[no]:,no,no,ADV,_
700-1,TO052,700,700,2,"allora,",allora,allora,ADV,Intonation=weakly_rising
701-0,TO052,701,701,1,gli,gli,il,DET,_
701-1,TO052,701,701,2,altri,altri,altro,ADJ,_
701-2,TO052,701,701,3,dottorandi,dottorandi,dottorando,NOUN,_
701-3,TO052,701,701,4,hanno,hanno,avere,AUX,_
701-4,TO052,701,701,5,parlato,parlato,parlare,VERB,_
701-5,TO052,701,701,6,di,di,di,ADP,_
701-6,TO052,701,701,7,"metrica,",metrica,metrica,NOUN,Intonation=weakly_rising
702-0,TO052,702,702,1,capito?,capito,capire,VERB,Intonation=rising
703-0,TO048,703,703,1,iperspecia[listici].,iperspecialistici,iperspecialistico,ADJ,Intonation=falling
704-0,TO052,704,704,1,[e,e,e,CCONJ,_
704-1,TO052,704,704,2,quindi,quindi,quindi,ADV,_
704-2,TO052,704,704,3,e],e,e,CCONJ,_
704-3,TO052,704,704,4,quindi,quindi,quindi,ADV,_
704-4,TO052,704,704,5,lui,lui,lui,PRON,_
704-5,TO052,704,704,6,quando,quando,quando,SCONJ,_
704-6,TO052,704,704,7,mi,mi,mi,PRON,_
704-7,TO052,704,704,8,ha,ha,avere,AUX,_
704-8,TO052,704,704,9,quando,quando,quando,SCONJ,_
704-9,TO052,704,704,10,mi,mi,mi,PRON,_
704-10,TO052,704,704,11,ha,ha,avere,AUX,_
704-11,TO052,704,704,12,visto,visto,vedere,VERB,_
704-12,TO052,704,704,13,dopo,dopo,dopo,ADV,_
704-13,TO052,704,704,14,che,che,che,SCONJ,_
704-14,TO052,704,704,15,ho,ho,avere,AUX,_
704-15,TO052,704,704,16,"parlato,",parlato,parlare,VERB,Intonation=weakly_rising
705-0,TO052,705,705,1,lui,lui,lui,PRON,_
705-1,TO052,705,705,2,mi,mi,mi,PRON,_
705-2,TO052,705,705,3,ha,ha,avere,AUX,_
705-3,TO052,705,705,4,"detto,",detto,dire,VERB,Intonation=weakly_rising
706-0,TO052,706,706,1,eh,eh,eh,INTJ,_
706-1,TO052,706,706,2,è,è,essere,AUX,_
706-2,TO052,706,706,3,bello,bello,bello,ADJ,_
706-3,TO052,706,706,4,che,che,che,SCONJ,_
706-4,TO052,706,706,5,{P},{P},_,_,_
706-5,TO052,706,706,6,in,in,in,ADP,_
706-6,TO052,706,706,7,mezzo,mezzo,mezzo,NOUN,_
706-7,TO052,706,706,8,a,a,a,ADP,_
706-8,TO052,706,706,9,tanti,tanti,tanto,DET,_
706-9,TO052,706,706,10,interventi,interventi,intervento,NOUN,_
706-10,TO052,706,706,11,"iperspecialistici,",iperspecialistici,iperspecialistico,ADJ,Intonation=weakly_rising
707-0,TO052,707,707,1,invece,invece,invece,ADV,_
707-1,TO052,707,707,2,si,si,si,PRON,_
707-2,TO052,707,707,3,sia,sia,essere,AUX,_
707-3,TO052,707,707,4,dato,dato,dare,VERB,_
707-4,TO052,707,707,5,risalto,risalto,risalto,NOUN,_
707-5,TO052,707,707,6,anche,anche,anche,ADV,_
707-6,TO052,707,707,7,a,a,a,ADP,_
707-7,TO052,707,707,8,questo:,questo,questo,PRON,_
707-8,TO052,707,707,9,anche,anche,anche,ADV,_
707-9,TO052,707,707,10,a,a,a,ADP,_
707-10,TO052,707,707,11,quest',quest',questo,DET,Truncated=Yes
707-11,TO052,707,707,12,aspetto.,aspetto,aspetto,NOUN,Intonation=falling
708-0,TO050,708,708,1,mh,mh,mh,INTJ,_
708-1,TO050,708,708,2,"mh,",mh,mh,INTJ,Intonation=weakly_rising
709-0,TO048,709,709,1,(v[a,va,andare,VERB,_
709-1,TO048,709,709,2,bene.)],bene,bene,ADV,Intonation=falling
710-0,TO052,710,710,1,[e,e,e,CCONJ,_
710-1,TO052,710,710,2,io,io,io,PRON,_
710-2,TO052,710,710,3,lì,lì,lì,ADV,_
710-3,TO052,710,710,4,per],per,per,ADP,_
710-4,TO052,710,710,5,lì,lì,lì,ADV,_
710-5,TO052,710,710,6,l',l',il,DET,Truncated=Yes
710-6,TO052,710,710,7,avevo,avevo,avere,AUX,_
710-7,TO052,710,710,8,detto,detto,dire,VERB,_
710-8,TO052,710,710,9,{P},{P},_,_,_
710-9,TO052,710,710,10,avevo,avevo,avere,AUX,_
710-10,TO052,710,710,11,pensato,pensato,pensare,VERB,_
710-11,TO052,710,710,12,non,non,non,ADV,_
710-12,TO052,710,710,13,sono,sono,essere,AUX,_
710-13,TO052,710,710,14,abbastanza,abbastanza,abbastanza,ADV,_
710-14,TO052,710,710,15,specialistico.,specialistico,specialistico,ADJ,Intonation=falling
711-0,TO052,711,711,1,però,però,però,ADV,_
711-1,TO052,711,711,2,poi,poi,poi,ADV,_
711-2,TO052,711,711,3,lui,lui,lui,PRON,_
711-3,TO052,711,711,4-5,nella,nella,_,_,_
711-3a,_,_,711,4,_,in,in,ADP,_
711-3b,_,_,711,5,_,la,il,DET,_
711-4,TO052,711,711,6,mail,mail,mail,NOUN,_
711-5,TO052,711,711,7,ha,ha,avere,AUX,_
711-6,TO052,711,711,8,"det[to],",detto,dire,VERB,Intonation=weakly_rising
712-0,TO048,712,712,1,[e]h,eh,eh,INTJ,_
712-1,TO048,712,712,2,non,non,non,ADV,_
712-2,TO048,712,712,3,ho,ho,avere,AUX,_
712-3,TO048,712,712,4,capito,capito,capire,VERB,_
712-4,TO048,712,712,5,la,la,il,DET,_
712-5,TO048,712,712,6,frase,frase,frase,NOUN,_
712-6,TO048,712,712,7-8,della,della,_,_,_
712-6a,_,_,712,7,_,di,di,ADP,_
712-6b,_,_,712,8,_,la,il,DET,_
712-7,TO048,712,712,9,"mail,",mail,mail,NOUN,Intonation=weakly_rising
713-0,TO052,713,713,1-2,nella,nella,_,_,_
713-0a,_,_,713,1,_,in,in,ADP,_
713-0b,_,_,713,2,_,la,il,DET,_
713-1,TO052,713,713,3,mail,mail,mail,NOUN,_
713-2,TO052,713,713,4,lui,lui,lui,PRON,_
713-3,TO052,713,713,5,ha,ha,avere,AUX,_
713-4,TO052,713,713,6,"scritto,",scritto,scrivere,VERB,Intonation=weakly_rising
714-0,TO050,714,714,1,che,che,che,SCONJ,_
714-1,TO050,714,714,2,i,i,il,DET,_
714-2,TO050,714,714,3,giovani,giovani,giovane,NOUN,_
714-3,TO050,714,714,4,si,si,si,PRON,_
714-4,TO050,714,714,5,abbandonano,abbandonano,abbandonare,VERB,_
714-5,TO050,714,714,6-7,a:[i,ai,_,_,_
714-5a,_,_,714,6,_,a,a,ADP,_
714-5b,_,_,714,7,_,i,il,DET,_
714-6,TO050,714,714,8,"xxismi:],",xxismi,xxismo,X,Intonation=weakly_rising
715-0,TO052,715,715,1,[che,che,che,SCONJ,_
715-1,TO052,715,715,2,che,che,che,SCONJ,_
715-2,TO052,715,715,3,che],che,che,SCONJ,_
715-3,TO052,715,715,4,che,che,che,SCONJ,_
715-4,TO052,715,715,5,e::h,eh,eh,INTJ,_
715-5,TO052,715,715,6,soprattutto,soprattutto,soprattutto,ADV,_
715-6,TO052,715,715,7,era,era,essere,AUX,_
715-7,TO052,715,715,8,stato,stato,essere,AUX,_
715-8,TO052,715,715,9,bello,bello,bello,ADJ,_
715-9,TO052,715,715,10,per,per,per,ADP,_
715-10,TO052,715,715,11,quello,quello,quello,PRON,_
715-11,TO052,715,715,12,avevamo,avevamo,avere,AUX,_
715-12,TO052,715,715,13,detto,detto,dire,VERB,_
715-13,TO052,715,715,14,che,che,che,SCONJ,_
715-14,TO052,715,715,15,noi,noi,noi,PRON,_
715-15,TO052,715,715,16,"giovani,",giovani,giovane,NOUN,Intonation=weakly_rising
716-0,TO052,716,716,1,e:h,eh,eh,INTJ,_
716-1,TO052,716,716,2,che,che,che,SCONJ,_
716-2,TO052,716,716,3,<i,i,il,DET,_
716-3,TO052,716,716,4,giovani>,giovani,giovane,NOUN,_
716-4,TO052,716,716,5,virgola,virgola,virgola ,NOUN,_
716-5,TO052,716,716,6,che,che,che,SCONJ,_
716-6,TO052,716,716,7,se,se,se,SCONJ,_
716-7,TO052,716,716,8,non,non,non,ADV,_
716-8,TO052,716,716,9,si,si,si,PRON,_
716-9,TO052,716,716,10,arre~,arre~,arre~,X,Interrupted=Yes
716-10,TO052,716,716,11,nderanno,nderanno,arrendere,VERB,_
716-11,TO052,716,716,12-13,all',all',_,_,Truncated=Yes
716-11a,_,_,716,12,_,a,a,ADP,_
716-11b,_,_,716,13,_,l',il,DET,_
716-12,TO052,716,716,14,ideologia,ideologia,ideologia,NOUN,_
716-13,TO052,716,716,15-16,dello,dello,_,_,_
716-13a,_,_,716,15,_,di,di,ADP,_
716-13b,_,_,716,16,_,lo,il,DET,_
716-14,TO052,716,716,17,specialismo,specialismo,specialismo,NOUN,_
716-15,TO052,716,716,18,ch~,ch~,ch~,X,Interrupted=Yes
717-0,TO048,717,717,1,a:h,ah,ah,INTJ,_
717-1,TO048,717,717,2,quin[di,quindi,quindi,ADV,_
717-2,TO048,717,717,3,(incentiv]azione,incentivazione,incentivazione,NOUN,_
717-3,TO048,717,717,4,a[nche),anche,anche,ADV,_
717-4,TO048,717,717,5-6,"della::],",della,_,_,Intonation=weakly_rising
717-4a,_,_,717,5,_,di,di,ADP,_
717-4b,_,_,717,6,_,la,il,DET,_
718-0,TO052,718,718,1,"[virgola],",virgola,virgola ,NOUN,Intonation=weakly_rising
719-0,TO052,719,719,1,[saranno,saranno,essere,AUX,_
719-1,TO052,719,719,2,{P},{P},_,_,_
719-2,TO052,719,719,3,sara~,sara~,sara~,X,Interrupted=Yes
719-3,TO052,719,719,4,s~],s~,s~,X,Interrupted=Yes
719-4,TO052,719,719,5,sono,sono,essere,AUX,_
719-5,TO052,719,719,6,l',l',il,DET,Truncated=Yes
719-6,TO052,719,719,7,eredità,eredità,eredità,NOUN,_
719-7,TO052,719,719,8,migliore,migliore,migliore,ADJ,_
719-8,TO052,719,719,9,di,di,di,ADP,_
719-9,TO052,719,719,10,fortini.,fortini,Fortini,PROPN,Intonation=falling
720-0,TO048,720,720,1-2,della,della,_,_,_
720-0a,_,_,720,1,_,di,di,ADP,_
720-0b,_,_,720,2,_,la,il,DET,_
720-1,TO048,720,720,3,multidisciplinarietà,multidisciplinarietà,multidisciplinarietà,NOUN,_
720-2,TO048,720,720,4,in,in,in,ADP,_
720-3,TO048,720,720,5,qualche,qualche,qualche,DET,_
720-4,TO048,720,720,6,modo.,modo,modo,NOUN,Intonation=falling
721-0,TO052,721,721,1,capito?,capito,capire,VERB,Intonation=rising
722-0,TO052,722,722,1,e,e,e,CCONJ,_
722-1,TO052,722,722,2,qui[ndi,quindi,quindi,ADV,_
722-2,TO052,722,722,3,{P},{P},_,_,_
722-3,TO052,722,722,4,e,e,e,CCONJ,_
722-4,TO052,722,722,5,quind~,quind~,quind~,X,Interrupted=Yes
722-5,TO052,722,722,6,e,e,e,CCONJ,_
722-6,TO052,722,722,7,qui]ndi,quindi,quindi,ADV,_
722-7,TO052,722,722,8,in,in,in,ADP,_
722-8,TO052,722,722,9,"realtà,",realtà,realtà,NOUN,Intonation=weakly_rising
723-0,TO048,723,723,1,[a:h,ah,ah,INTJ,_
723-1,TO048,723,723,2,okay,okay,ok,INTJ,_
723-2,TO048,723,723,3,sono,sono,essere,AUX,_
723-3,TO048,723,723,4,felice].,felice,felice,ADJ,Intonation=falling
724-0,TO052,724,724,1,il,il,il,DET,_
724-1,TO052,724,724,2,m~,m~,m~,X,Interrupted=Yes
724-2,TO052,724,724,3,era,era,essere,AUX,_
724-3,TO052,724,724,4,un,un,uno,DET,_
724-4,TO052,724,724,5,complimento,complimento,complimento,NOUN,_
724-5,TO052,724,724,6,vero.,vero,vero,ADJ,Intonation=falling
724-6,TO052,724,724,7,non,non,non,ADV,_
724-7,TO052,724,724,8,era,era,essere,AUX,_
724-8,TO052,724,724,9,non,non,non,ADV,_
724-9,TO052,724,724,10,era,era,essere,AUX,_
724-10,TO052,724,724,11,una,una,uno,DET,_
724-11,TO052,724,724,12,frecciatina,frecciatina,frecciatina,NOUN,_
724-12,TO052,724,724,13,capito?,capito,capire,VERB,Intonation=rising
724-13,TO052,724,724,14,ma,ma,ma,CCONJ,_
724-14,TO052,724,724,15,anzi,anzi,anzi,ADV,_
724-15,TO052,724,724,16,era,era,essere,AUX,_
724-16,TO052,724,724,17,un,un,uno,DET,_
724-17,TO052,724,724,18,complimento,complimento,complimento,NOUN,_
724-18,TO052,724,724,19,grosso.,grosso,grosso,ADJ,Intonation=falling
725-0,TO050,725,725,1,non,non,non,ADV,_
725-1,TO050,725,725,2,ti,ti,ti,PRON,_
725-2,TO050,725,725,3,ha,ha,avere,VERB,_
725-3,TO050,725,725,4,q[uindi,quindi,quindi,ADV,_
725-4,TO050,725,725,5,"xx],",xx,xx,X,Intonation=weakly_rising
726-0,TO048,726,726,1,[che,che,che,DET,_
726-1,TO048,726,726,2,bello,bello,bello,NOUN,_
726-2,TO048,726,726,3,che,che,che,PRON,_
726-3,TO048,726,726,4,ci,ci,ci,PRON,_
726-4,TO048,726,726,5,sei,sei,essere,AUX,_
726-5,TO048,726,726,6,arrivato],arrivato,arrivare,VERB,_
726-6,TO048,726,726,7,a,a,a,ADP,_
726-7,TO048,726,726,8,vent',vent',venti,NUM,_
726-12,TO048,726,726,13,anni,anni,anno,NOUN,
726-8,TO048,726,726,9,xx,x,x,X,_
726-9,TO048,726,726,10,xx,x,x,X,_
726-10,TO048,726,726,11,sei,sei,essere,AUX,_
726-11,TO048,726,726,12,arrivato.,arrivato,arrivare,VERB,Intonation=falling
727-0,TO052,727,727,0,{ride},{ride},_,X,_
728-0,TO052,728,728,1,dopo,dopo,dopo,ADV,_
728-1,TO052,728,728,2,che,che,che,SCONJ,_
728-2,TO052,728,728,3,stavo,stavo,stare,AUX,_
728-3,TO052,728,728,4,piangendo,piangendo,piangere,VERB,_
728-4,TO052,728,728,5,"sì,",sì,sì,ADV,Intonation=weakly_rising
729-0,TO048,729,729,1,"esatto,",esatto,esatto,ADJ,Intonation=weakly_rising
730-0,TO052,730,730,1,"e::h,",eh,eh,INTJ,Intonation=weakly_rising
731-0,TO052,731,731,1,e,e,e,CCONJ,_
731-1,TO052,731,731,2,poi,poi,poi,ADV,_
731-2,TO052,731,731,3,quando,quando,quando,SCONJ,_
731-3,TO052,731,731,4,ho,ho,avere,AUX,_
731-4,TO052,731,731,5,scritto,scritto,scrivere,VERB,_
731-5,TO052,731,731,6,a,a,a,ADP,_
731-6,TO052,731,731,7,rossi,rossi,Rossi,PROPN,_
731-7,TO052,731,731,8,per,per,per,ADP,_
731-8,TO052,731,731,9,sapere,sapere,sapere,VERB,_
731-9,TO052,731,731,10,di,di,di,ADP,_
731-10,TO052,731,731,11,šklovskij,šklovskij,Šklovskij,PROPN,_
731-11,TO052,731,731,12,ricordi?,ricordi,ricordare,VERB,Intonation=rising
732-0,TO050,732,732,1,šklovskij.,šklovskij,Šklovskij,PROPN,Intonation=falling
732-1,TO050,732,732,2,{ride},{ride},_,_,_
733-0,TO052,733,733,1,lui,lui,lui,PRON,_
733-1,TO052,733,733,2,mi,mi,mi,PRON,_
733-2,TO052,733,733,3,ha,ha,avere,VERB,_
733-3,TO052,733,733,4,scr~,scr~,scr~,X,Interrupted=Yes
733-4,TO052,733,733,5,lui,lui,lui,PRON,_
733-5,TO052,733,733,6,mi,mi,mi,PRON,_
733-6,TO052,733,733,7,ha,ha,avere,VERB,_
733-7,TO052,733,733,8,scr~,scr~,scr~,X,Interrupted=Yes
733-8,TO052,733,733,9,io,io,io,PRON,_
733-9,TO052,733,733,10,gli,gli,lo,PRON,_
733-10,TO052,733,733,11,ho,ho,avere,AUX,_
733-11,TO052,733,733,12,"scri[tto],",scritto,scrivere,VERB,Intonation=weakly_rising
734-0,TO050,734,734,1,[com]e,come,come,ADV,_
734-1,TO050,734,734,2,dimenticare,dimenticare,dimenticare,VERB,_
734-2,TO050,734,734,3,il,il,il,DET,_
734-3,TO050,734,734,4,caro,caro,caro,NOUN,_
734-4,TO050,734,734,5,{P},{P},_,_,_
734-5,TO050,734,734,6,šklovskij.,šklovskij,Šklovskij,PROPN,Intonation=falling
735-0,TO052,735,735,1,comunque,comunque,comunque,ADV,_
735-1,TO052,735,735,2-3,al,al,_,_,_
735-1a,_,_,735,2,_,a,a,ADP,_
735-1b,_,_,735,3,_,il,il,DET,_
735-2,TO052,735,735,4,di,di,di,ADP,_
735-3,TO052,735,735,5,là,là,là,ADV,_
735-4,TO052,735,735,6,di,di,di,ADP,_
735-5,TO052,735,735,7,"šklovskij,",šklovskij,Šklovskij,PROPN,Intonation=weakly_rising
736-0,TO050,736,736,1,šklo[vskij].,šklovskij,Šklovskij,PROPN,Intonation=falling
737-0,TO052,737,737,1,[e:h],eh,eh,INTJ,_
737-1,TO052,737,737,2,gli,gli,lo,PRON,_
737-2,TO052,737,737,3,ho,ho,avere,AUX,_
737-3,TO052,737,737,4,mandato,mandato,mandare,VERB,_
737-4,TO052,737,737,5,una,una,uno,DET,_
737-5,TO052,737,737,6,mail,mail,mail,NOUN,_
737-6,TO052,737,737,7,in,in,in,ADP,_
737-7,TO052,737,737,8,cui,cui,cui,PRON,_
737-8,TO052,737,737,9,dicevo,dicevo,dire,VERB,_
737-9,TO052,737,737,10,in,in,in,ADP,_
737-10,TO052,737,737,11,cui,cui,cui,PRON,_
737-11,TO052,737,737,12,gli,gli,lo,PRON,_
737-12,TO052,737,737,13,ho,ho,avere,AUX,_
737-13,TO052,737,737,14,chiesto,chiesto,chiedere,VERB,_
737-14,TO052,737,737,15-16,delle,delle,_,_,_
737-14a,_,_,737,15,_,di,di,ADP,_
737-14b,_,_,737,16,_,le,il,DET,_
737-15,TO052,737,737,17,cose,cose,cosa,NOUN,_
737-16,TO052,737,737,18,di,di,di,ADP,_
737-17,TO052,737,737,19,fortini,fortini,Fortini,PROPN,_
737-18,TO052,737,737,20,e,e,e,CCONJ,_
737-19,TO052,737,737,21,"šklovskij,",šklovskij,Šklovskij,PROPN,Intonation=weakly_rising
738-0,TO052,738,738,1,è,è,essere,AUX,_
738-1,TO052,738,738,2,un,un,uno,DET,_
738-2,TO052,738,738,3,formalista,formalista,formalista,NOUN,_
738-3,TO052,738,738,4,russo.,russo,russo,ADJ,Intonation=falling
739-0,TO048,739,739,1,ah.,ah,ah,INTJ,Intonation=falling
740-0,TO052,740,740,1,e,e,e,CCONJ,_
740-1,TO052,740,740,2,che,che,che,DET,_
740-2,TO052,740,740,3,fortini,fortini,Fortini ,PROPN,_
740-3,TO052,740,740,4,ha,ha,avere,VERB,_
740-4,TO052,740,740,5,inc~,inc~,inc~,X,Interrupted=Yes
740-5,TO052,740,740,6,ha,ha,avere,AUX,_
740-6,TO052,740,740,7,invitato,invitato,invitare,VERB,_
740-7,TO052,740,740,8,a,a,a,ADP,_
740-8,TO052,740,740,9,milano.,milano,milano,PROPN,Intonation=falling
741-0,TO048,741,741,1,certo,certo,certo,ADV,_
741-1,TO048,741,741,2,"[xx],",xx,x,X,Intonation=weakly_rising
742-0,TO052,742,742,1,[(e,e,e,CCONJ,_
742-1,TO052,742,742,2,"che,)]",che,che,SCONJ,Intonation=weakly_rising
743-0,TO050,743,743,1,[chi,chi,chi,PRON,_
743-1,TO050,743,743,2,ha],ha,avere,AUX,_
743-2,TO050,743,743,3,invitato,invitato,invitare,VERB,_
743-3,TO050,743,743,4,a,a,a,ADP,_
743-4,TO050,743,743,5,milano?,milano,Milano,PROPN,Intonation=rising
744-0,TO052,744,744,1,šklovskij.,šklovskij,Šklovskij,PROPN,Intonation=falling
745-0,TO048,745,745,0,{ride},{ride},_,X,_
746-0,TO050,746,746,0,{ride},{ride},_,X,_
747-0,TO052,747,747,1,è,è,essere,AUX,_
747-1,TO052,747,747,2,(il,il,il,DET,_
747-2,TO052,747,747,3,retorico),retorico,retorico,NOUN,_
747-3,TO052,747,747,4-5,dello,dello,_,_,_
747-3a,_,_,747,4,_,di,di,ADP,_
747-3b,_,_,747,5,_,lo,il,DET,_
747-4,TO052,747,747,6,straniamento.,straniamento,straniamento,NOUN,Intonation=falling
748-0,TO048,748,748,1,chi,chi,chi,PRON,_
748-1,TO048,748,748,2,è,è,essere,AUX,_
748-2,TO048,748,748,3,l',l',il,DET,Truncated=Yes
748-3,TO048,748,748,4,autore,autore,autore,NOUN,_
748-4,TO048,748,748,5-6,dello,dello,_,_,_
748-4a,_,_,748,5,_,di,di,ADP,_
748-4b,_,_,748,6,_,lo,il,DET,_
748-5,TO048,748,748,7,strania[mento]?,straniamento,straniamento,NOUN,Intonation=rising
749-0,TO052,749,749,1,[šklo]vskij.,šklovskij,Šklovskij,PROPN,Intonation=falling
750-0,TO048,750,750,0,{ride},{ride},_,X,_
751-0,TO050,751,751,0,{ride},{ride},_,X,_
752-0,TO052,752,752,1,šklovskij.,šklovskij,Šklovskij,PROPN,Intonation=falling
753-0,TO052,753,753,1,"e:h,",eh,eh,INTJ,Intonation=weakly_rising
754-0,TO050,754,754,1,°šklovskij.°,šklovskij,Šklovskij,PROPN,Intonation=falling|Volume=low
755-0,TO052,755,755,1,è,è,essere,AUX,_
755-1,TO052,755,755,2,bellissimo,bellissimo,bello,ADJ,_
755-2,TO052,755,755,3,šklovskij.,šklovskij,Šklovskij,PROPN,Intonation=falling
756-0,TO050,756,756,1,vi,vi,vi,ADV,_
756-1,TO050,756,756,2,ricorda(va)te,ricordavate,ricordare,VERB,_
756-2,TO050,756,756,3,quando,quando,quando,SCONJ,_
756-3,TO050,756,756,4,l',l',il,DET,Truncated=Yes
756-4,TO050,756,756,5,esame,esame,esame,NOUN,_
756-5,TO050,756,756,6,di,di,di,ADP,_
756-6,TO050,756,756,7,"šklovskij,",šklovskij,Šklovskij,PROPN,Intonation=weakly_rising
757-0,TO052,757,757,1,šklovskij.,šklovskij,Šklovskij,PROPN,Intonation=falling
758-0,TO050,758,758,1,è,è,essere,AUX,_
758-1,TO050,758,758,2,un,un,uno,DET,_
758-2,TO050,758,758,3,formalista,formalista,formalista,NOUN,_
758-3,TO050,758,758,4,russo?,russo,russo,ADJ,Intonation=rising
759-0,TO052,759,759,1,šklovskij?,šklovskij,Šklovskij,PROPN,Intonation=rising
760-0,TO048,760,760,0,{ride},{ride},_,X,_
761-0,TO051,761,761,1,šklovskij.,šklovskij,Šklovskij,PROPN,Intonation=falling
762-0,TO052,762,762,1,non,non,non,ADV,_
762-1,TO052,762,762,2,lo,lo,lo,PRON,_
762-2,TO052,762,762,3,riuscirò,riuscirò,riuscire,VERB,_
762-3,TO052,762,762,4,mai,mai,mai,ADV,_
762-4,TO052,762,762,5,più,più,più,ADV,_
762-5,TO052,762,762,6,a,a,a,ADP,_
762-6,TO052,762,762,7-8,dirlo,dirlo,_,_,_
762-6a,_,_,762,7,_,dir,dire,VERB,_
762-6b,_,_,762,8,_,lo,lo,PRON,_
763-0,TO052,763,763,1,comunque,comunque,comunque,ADV,_
763-1,TO052,763,763,2,a,a,a,ADP,_
763-2,TO052,763,763,3,parte,parte,parte,NOUN,_
763-3,TO052,763,763,4-5,chiedergli,chiedergli,_,_,_
763-3a,_,_,763,4,_,chieder,chiedere,VERB,_
763-3b,_,_,763,5,_,gli,lo,PRON,_
763-4,TO052,763,763,6,"su,",su,su,ADP,Intonation=weakly_rising
764-0,TO052,764,764,1,e:h,eh,eh,INTJ,_
764-1,TO052,764,764,2,oh,oh,oh,INTJ,_
764-2,TO052,764,764,3,io,io,io,PRON,_
764-3,TO052,764,764,4,ho,ho,avere,AUX,_
764-4,TO052,764,764,5,iniziato,iniziato,iniziare,VERB,_
764-5,TO052,764,764,6,"dicendo,",dicendo,dire,VERB,Intonation=weakly_rising
765-0,TO052,765,765,1,dai,dai,dare,VERB,_
765-1,TO052,765,765,2,basta.,basta,bastare,VERB,Intonation=falling
766-0,TO052,766,766,1,e::h,eh,eh,INTJ,_
766-1,TO052,766,766,2,ho,ho,avere,AUX,_
766-2,TO052,766,766,3,iniziato,iniziato,iniziare,VERB,_
766-3,TO052,766,766,4,dicendo,dicendo,dire,VERB,_
766-4,TO052,766,766,5,{P},{P},_,_,_
766-5,TO052,766,766,6,a:h,ah,ah,INTJ,ProsodicLink=Yes
766-6,TO052,766,766,7,mh,mh,mh,INTJ,_
766-7,TO052,766,766,8,e:h,eh,eh,INTJ,_
766-8,TO052,766,766,9,è,è,essere,AUX,_
766-9,TO052,766,766,10,stato,stato,essere,AUX,_
766-10,TO052,766,766,11,bello::,bello,bello,ADJ,_
766-11,TO052,766,766,12,pote:r,poter,potere,AUX,_
766-12,TO052,766,766,13,poter,poter,potere,AUX,ProsodicLink=Yes
766-13,TO052,766,766,14,mh,mh,mh,INTJ,_
766-14,TO052,766,766,15,imparare,imparare,imparare,VERB,_
766-15,TO052,766,766,16,tante,tante,tanto,DET,_
766-16,TO052,766,766,17,cose,cose,cosa,NOUN,_
766-17,TO052,766,766,18,a::,a,a,ADP,_
766-18,TO052,766,766,19,a::,a,a,ADP,_
766-19,TO052,766,766,20,a,a,a,ADP,_
766-20,TO052,766,766,21,varsavia,varsavia,Varsavia,PROPN,_
766-21,TO052,766,766,22,sia,sia,sia,CCONJ,_
766-22,TO052,766,766,23-24,dal,dal,_,_,_
766-22a,_,_,766,23,_,da,da,ADP,_
766-22b,_,_,766,24,_,il,il,DET,_
766-23,TO052,766,766,25,convegno,convegno,convegno,NOUN,_
766-24,TO052,766,766,26,sia,sia,sia,CCONJ,_
766-25,TO052,766,766,27,eh,eh,eh,INTJ,_
766-26,TO052,766,766,28,anche,anche,anche,ADV,_
766-27,TO052,766,766,29-30,nelle,nelle,_,_,_
766-27a,_,_,766,29,_,in,in,ADP,_
766-27b,_,_,766,30,_,le,il,DET,_
766-28,TO052,766,766,31,nostre,nostre,nostro,DET,_
766-29,TO052,766,766,32,conversazioni,conversazioni,conversazione,NOUN,_
766-30,TO052,766,766,33,perché,perché,perché,SCONJ,_
766-31,TO052,766,766,34,lui,lui,lui,PRON,_
766-32,TO052,766,766,35,ad,ad,a,ADP,_
766-33,TO052,766,766,36,esempio,esempio,esempio,NOUN,_
766-34,TO052,766,766,37,aveva,aveva,avere,AUX,_
766-35,TO052,766,766,38,parlato,parlato,parlare,VERB,_
766-36,TO052,766,766,39-40,de:l,del,_,_,_
766-36a,_,_,766,39,_,di,di,ADP,_
766-36b,_,_,766,40,_,il,il,DET,_
767-0,TO052,767,767,1-2,de:l,del,_,_,ProsodicLink=Yes
767-0a,_,_,767,1,_,di,di,ADP,_
767-0b,_,_,767,2,_,il,il,DET,_
767-1,TO052,767,767,3,m:h,mh,mh,INTJ,_
767-2,TO052,767,767,4,eh,eh,eh,INTJ,_
767-3,TO052,767,767,5,anche,anche,anche,ADV,_
767-4,TO052,767,767,6,di,di,di,ADP,_
767-5,TO052,767,767,7,di,di,di,ADP,_
767-6,TO052,767,767,8,di,di,di,ADP,_
767-7,TO052,767,767,9,aspetti,aspetti,aspetto,NOUN,_
767-8,TO052,767,767,10-11,della,della,_,_,_
767-8a,_,_,767,10,_,di,di,ADP,_
767-8b,_,_,767,11,_,la,il,DET,_
767-9,TO052,767,767,12,vita,vita,vita,NOUN,_
767-10,TO052,767,767,13,privata,privata,privato,ADJ,_
767-11,TO052,767,767,14,di,di,di,ADP,_
767-12,TO052,767,767,15,"fortini,",fortini,Fortini,PROPN,Intonation=weakly_rising
768-0,TO052,768,768,1,che,che,che,PRON,_
768-1,TO052,768,768,2,non,non,non,ADV,_
768-2,TO052,768,768,3,erano,erano,essere,AUX,_
768-3,TO052,768,768,4,proprio,proprio,proprio,ADV,_
768-4,TO052,768,768,5,priva~,priva~,priva~,X,Interrupted=Yes
768-5,TO052,768,768,6,cioè,cioè,cioè,CCONJ,_
768-6,TO052,768,768,7,un,un,uno,DET,_
768-7,TO052,768,768,8,<modus>,modus,modus,NOUN,_
768-8,TO052,768,768,9,{P},{P},_,_,_
768-9,TO052,768,768,10,vivendi,vivendi,vivere,VERB,_
768-10,TO052,768,768,11,di,di,di,ADP,_
768-11,TO052,768,768,12,fortini,fortini,Fortini,PROPN,_
768-12,TO052,768,768,13,no?,no,no,ADV,Intonation=rising
768-13,TO052,768,768,14,quindi,quindi,quindi,ADV,_
768-14,TO052,768,768,15,era,era,essere,AUX,_
768-15,TO052,768,768,16,molto,molto,molto,ADV,_
768-16,TO052,768,768,17,interessante,interessante,interessante,ADJ,_
768-17,TO052,768,768,18,capire,capire,capire,VERB,_
768-18,TO052,768,768,19,tutta,tutta,tutto,DET,_
768-19,TO052,768,768,20,questa,questa,questo,DET,_
768-20,TO052,768,768,21,cosa.,cosa,cosa,NOUN,Intonation=falling
769-0,TO052,769,769,1,e,e,e,CCONJ,_
769-1,TO052,769,769,2,lui,lui,lui,PRON,_
769-2,TO052,769,769,3,mi,mi,mi,PRON,_
769-3,TO052,769,769,4,ha,ha,avere,AUX,_
769-4,TO052,769,769,5,risposto,risposto,rispondere,VERB,_
769-5,TO052,769,769,6,la,la,la ,PRON,_
769-6,TO052,769,769,7,ringrazio,ringrazio,ringraziare,VERB,_
769-7,TO052,769,769,8,per,per,per,ADP,_
769-8,TO052,769,769,9,quanto,quanto,quanto,PRON,_
769-9,TO052,769,769,10,mi,mi,mi,PRON,_
769-10,TO052,769,769,11,scrive,scrive,scrivere,VERB,_
769-11,TO052,769,769,12,e,e,e,CCONJ,_
769-12,TO052,769,769,13,soprattutto,soprattutto,soprattutto,ADV,_
769-13,TO052,769,769,14,per,per,per,ADP,_
769-14,TO052,769,769,15,i,i,il,DET,_
769-15,TO052,769,769,16,lavori,lavori,lavoro,NOUN,_
769-16,TO052,769,769,17,in,in,in,ADP,_
769-17,TO052,769,769,18,corso,corso,corso,NOUN,_
769-18,TO052,769,769,19,che,che,che,PRON,_
769-19,TO052,769,769,20,ho,ho,avere,AUX,_
769-20,TO052,769,769,21,apprezzato,apprezzato,apprezzare,VERB,_
769-21,TO052,769,769,22,moltissimo.,moltissimo,molto,ADV,Intonation=falling
770-0,TO052,770,770,1,punto,punto,punto,NOUN,_
770-1,TO052,770,770,2,e,e,e,CCONJ,_
770-2,TO052,770,770,3,poi,poi,poi,ADV,_
770-3,TO052,770,770,4,parla,parla,parlare,VERB,_
770-4,TO052,770,770,5,di,di,di,ADP,_
770-5,TO052,770,770,6,šklovskij.,šklovskij,Šklovskij,PROPN,Intonation=falling
771-0,TO050,771,771,1,[xxx].,xxx,x ,X,Intonation=falling
772-0,TO048,772,772,1,[cioè,cioè,cioè,CCONJ,_
772-1,TO048,772,772,2,ma,ma,ma,CCONJ,_
772-2,TO048,772,772,3,praticamen]te,praticamente,praticamente,ADV,_
772-3,TO048,772,772,4,ti,ti,ti,PRON,_
772-4,TO048,772,772,5,xx.,xx,x ,X,Intonation=falling
773-0,TO052,773,773,1,a,a,a,ADP,_
773-1,TO052,773,773,2,"volte,",volte,volte,NOUN,Intonation=weakly_rising
774-0,TO048,774,774,1,complimenti,complimenti,complimento,NOUN,_
774-1,TO048,774,774,2,a,a,a,ADP,_
774-2,TO048,774,774,3,palate,palate,palata,NOUN,_
774-3,TO048,774,774,4,"tu,",tu,tu,PRON,Intonation=weakly_rising
775-0,TO050,775,775,1,mamma,mamma,mamma,NOUN,_
775-1,TO050,775,775,2,mia.,mia,mio,DET,Intonation=falling
776-0,TO050,776,776,1,come,come,come,SCONJ,_
776-1,TO050,776,776,2,fa?,fa,fare,VERB,Intonation=rising
777-0,TO052,777,777,1,e,e,e,CCONJ,_
777-1,TO052,777,777,2,quindi,quindi,quindi,ADV,_
777-2,TO052,777,777,3,e,e,e,CCONJ,_
777-3,TO052,777,777,4,quindi,quindi,quindi,ADV,_
777-4,TO052,777,777,5,ho,ho,avere,AUX,_
777-5,TO052,777,777,6,"riconsiderato,",riconsiderato,riconsiderare,VERB,Intonation=weakly_rising
778-0,TO052,778,778,1,e,e,e,CCONJ,_
778-1,TO052,778,778,2,quindi,quindi,quindi,ADV,_
778-2,TO052,778,778,3,ho,ho,avere,AUX,_
778-3,TO052,778,778,4,riconsiderato,riconsiderato,riconsiderare,VERB,_
778-4,TO052,778,778,5,"diciamo,",diciamo,dire,VERB,Intonation=weakly_rising
779-0,TO050,779,779,1,a,a,a,ADP,_
779-1,TO050,779,779,2,volte,volte,volte,NOUN,_
779-2,TO050,779,779,3,la,la,il,DET,_
779-3,TO050,779,779,4,vi~,vi~,vi~,X,Interrupted=Yes
779-4,TO050,779,779,5,la,la,il,DET,_
779-5,TO050,779,779,6,mia,mia,mio,DET,_
779-6,TO050,779,779,7,[a,a,a,ADP,_
779-7,TO050,779,779,8,volte,volte,volte,NOUN,_
779-8,TO050,779,779,9,la,la,il,DET,_
779-9,TO050,779,779,10,vita,vita,vita,NOUN,_
779-10,TO050,779,779,11,mi],mi,mi,PRON,_
779-11,TO050,779,779,12,mette,mette,mettere,VERB,_
779-12,TO050,779,779,13,davanti,davanti,davanti,ADP,_
779-13,TO050,779,779,14,uno,uno,uno,DET,_
779-14,TO050,779,779,15,šklokij.,šklokij,Šklokij,PROPN,Intonation=falling
779-15,TO050,779,779,16,{ride},{ride},_,_,_
779-16,TO050,779,779,17,"per,",per,per,ADP,Intonation=weakly_rising
780-0,TO052,780,780,1,[(a,a,a,ADP,_
780-1,TO052,780,780,2,volte,volte,volte,NOUN,_
780-2,TO052,780,780,3,"penso,)]",penso,pensare,VERB,Intonation=weakly_rising
781-0,TO048,781,781,1,per,per,per,ADP,_
781-1,TO048,781,781,2-10,farti,farti,_,_,_
781-1a,_,_,781,2,_,far ,fare,VERB,
781-1b,_,_,781,10,_,ti,ti,PRON,
781-2,TO048,781,781,3,capire,capire,capire,VERB,_
781-3,TO048,781,781,4-5,[delle,delle,_,_,_
781-3a,_,_,781,4,_,di,di,ADP,_
781-3b,_,_,781,5,_,le,il,DET,_
781-4,TO048,781,781,6,cose,cose,cosa,NOUN,_
781-5,TO048,781,781,7,su,su,su,ADP,_
781-6,TO048,781,781,8,te,te,te,PRON,_
781-7,TO048,781,781,9,stesso].,stesso,stesso,ADJ,Intonation=falling
782-0,TO050,782,782,1,[per,per,per,ADP,_
782-1,TO050,782,782,2,xx,x,x,X,_
782-2,TO050,782,782,3,xx,x,x,X,_
782-3,TO050,782,782,4,x,x,x,X,_
782-4,TO050,782,782,5,xx].,xx,x,X,Intonation=falling
783-0,TO052,783,783,1,e,e,e,CCONJ,_
783-1,TO052,783,783,2,quindi,quindi,quindi,ADV,_
783-2,TO052,783,783,3,ho,ho,avere,AUX,_
783-3,TO052,783,783,4,pensato,pensato,pensare,VERB,_
783-4,TO052,783,783,5,che,che,che,SCONJ,_
783-5,TO052,783,783,6-7,alla,alla,_,_,_
783-5a,_,_,783,6,_,a,a,ADP,_
783-5b,_,_,783,7,_,la,il,DET,_
783-6,TO052,783,783,8,fine,fine,fine,NOUN,_
783-7,TO052,783,783,9,erano,erano,essere,AUX,_
783-8,TO052,783,783,10,erano,erano,essere,AUX,_
783-9,TO052,783,783,11,troppe,troppe,troppo,DET,_
783-10,TO052,783,783,12,seghe,seghe,sega,NOUN,_
783-11,TO052,783,783,13,mentali.,mentali,mentale,ADJ,Intonation=falling
784-0,TO052,784,784,1,perché,perché,perché,SCONJ,_
784-1,TO052,784,784,2,io,io,io,PRON,_
784-2,TO052,784,784,3,su,su,su,ADP,_
784-3,TO052,784,784,4,x~,x~,x~,X,Interrupted=Yes
785-0,TO050,785,785,0,{ride},{ride},_,X,_
786-0,TO048,786,786,0,{ride},{ride},_,X,_
787-0,TO052,787,787,1,davvero,davvero,davvero,ADV,_
787-1,TO052,787,787,2,ti,ti,ti,PRON,_
787-2,TO052,787,787,3,succhi,succhi,succhiare,VERB,_
787-3,TO052,787,787,4,"la:::,",la,il,DET,Intonation=weakly_rising
788-0,TO048,788,788,1,no.,no,no,ADV,Intonation=falling
788-1,TO048,788,788,2,{P},{P},_,_,_
788-2,TO048,788,788,3,il,il,il,DET,_
788-3,TO048,788,788,4,problema,problema,problema,NOUN,_
788-4,TO048,788,788,5,è,è,essere,VERB,_
788-5,TO048,788,788,6,che:,che,che,SCONJ,_
788-6,TO048,788,788,7,{ride},{ride},_,_,_
788-7,TO048,788,788,8,mh,mh,mh,INTJ,_
788-8,TO048,788,788,9,n~,n~,n~,X,Interrupted=Yes
788-9,TO048,788,788,10,n~,n~,n~,X,Interrupted=Yes
788-10,TO048,788,788,11,non,non,non,ADV,_
788-11,TO048,788,788,12,{P},{P},_,_,_
788-12,TO048,788,788,13,quando,quando,quando,SCONJ,_
788-13,TO048,788,788,14,tu,tu,tu,PRON,_
788-14,TO048,788,788,15,"limi,",limi,limare,VERB,Intonation=weakly_rising
789-0,TO050,789,789,1,e,e,e,CCONJ,_
789-1,TO050,789,789,2,fai,fai,fare,VERB,_
789-2,TO050,789,789,3,così.,così,così,ADV,Intonation=falling
790-0,TO048,790,790,1,e:,e,e,CCONJ,_
790-1,TO048,790,790,2,no,no,no,ADV,_
790-2,TO048,790,790,3,non,non,non,ADV,_
790-3,TO048,790,790,4,se,se,se,PRON,_
790-4,TO048,790,790,5,ne,ne,ne,PRON,_
790-5,TO048,790,790,6,"va,",va,andare,VERB,Intonation=weakly_rising
791-0,TO050,791,791,1,"b[e::h],",beh,beh,INTJ,Intonation=weakly_rising
792-0,TO052,792,792,1,[io,io,io,PRON,_
792-1,TO052,792,792,2,gli,gli,lo,PRON,_
792-2,TO052,792,792,3,h]o,ho,avere,VERB,_
792-3,TO052,792,792,4,fatt~,fatt~,fatt~,X,Interrupted=Yes
792-4,TO052,792,792,5,così.,così,così,ADV,Intonation=falling
793-0,TO048,793,793,1,ho,ho,avere,AUX,_
793-1,TO048,793,793,2,capito,capito,capire,VERB,_
793-2,TO048,793,793,3,ma,ma,ma,CCONJ,_
793-3,TO048,793,793,4-8,fatti,fatti,_,_,_
793-3a,_,_,793,4,_,fat ,fare,VERB,
793-3b,_,_,793,8,_,ti,ti,PRON,
793-4,TO048,793,793,5,i,i,il,DET,_
793-5,TO048,793,793,6,cazzi,cazzi,cazzo,NOUN,_
793-6,TO048,793,793,7,tuoi.,tuoi,tuo,DET,Intonation=falling
794-0,TO052,794,794,0,{ride},{ride},_,X,_
795-0,TO050,795,795,1,x,x,x,X,_
795-1,TO050,795,795,2,come,come,come,ADP,_
795-2,TO050,795,795,3,una,una,uno,DET,_
795-3,TO050,795,795,4,xx,x,x,X,_
795-4,TO050,795,795,5,non,non,non,ADV,_
795-5,TO050,795,795,6,è,è,essere,AUX,_
795-6,TO050,795,795,7,divers[o,diverso,diverso,PRON,_
795-7,TO050,795,795,8,lo,lo,lo,PRON,_
795-8,TO050,795,795,9,so,so,sapere,VERB,_
795-9,TO050,795,795,10,"però],",però,però,ADV,Intonation=weakly_rising
796-0,TO048,796,796,1,{ride},{ride},_,_,_
796-1,TO048,796,796,2,[eh,eh,eh,INTJ,_
796-2,TO048,796,796,3,in]fatti.,infatti,infatti,ADV,Intonation=falling
797-0,TO050,797,797,1,però:,però,però,ADV,_
797-1,TO050,797,797,2,capi:,capi,capire,VERB,_
797-2,TO050,797,797,3,{P},{P},_,_,_
797-3,TO050,797,797,4,[è,è,essere,AUX,_
797-4,TO050,797,797,5,come,come,come,ADV,_
797-5,TO050,797,797,6,è,è,essere,VERB,_
797-6,TO050,797,797,7,come,come,come,ADV,_
797-7,TO050,797,797,8,se,se,se,SCONJ,_
797-8,TO050,797,797,9,con,con,con,ADP,_
797-9,TO050,797,797,10,le],le,il,DET,_
797-10,TO050,797,797,11,unghie,unghie,unghia,NOUN,_
797-11,TO050,797,797,12,ci,ci,ci,PRON,_
797-12,TO050,797,797,13,facessi,facessi,fare,VERB,_
797-13,TO050,797,797,14,una,una,uno,DET,_
797-14,TO050,797,797,15,parmigiana,parmigiana,parmigiana,NOUN,_
797-15,TO050,797,797,16,di,di,di,ADP,_
797-16,TO050,797,797,17,melanzane.,melanzane,melanzana,NOUN,Intonation=falling
798-0,TO048,798,798,1,[EH,eh,eh,INTJ,Volume=high
798-1,TO048,798,798,2,HO,ho,avere,AUX,Volume=high
798-2,TO048,798,798,3,CAPITO,capito,capire,VERB,Volume=high
798-3,TO048,798,798,4,MA,ma,ma,CCONJ,Volume=high
798-4,TO048,798,798,5,"COME],",come,come,ADV,Intonation=weakly_rising|Volume=high
799-0,TO050,799,799,1,"cioè,",cioè,cioè,CCONJ,Intonation=weakly_rising
800-0,TO048,800,800,1,MA,ma,ma,CCONJ,Volume=high
800-1,TO048,800,800,2,CHE,che,che,PRON,Volume=high
800-2,TO048,800,800,3,SCHIF[O.,schifo,schifo,ADJ,Intonation=falling|Volume=high
800-3,TO048,800,800,4,"MA],",ma,ma,CCONJ,Intonation=weakly_rising|Volume=high
801-0,TO050,801,801,1,[cioè,cioè,cioè,CCONJ,_
801-1,TO050,801,801,2-3,ne]l,nel,_,_,_
801-1a,_,_,801,2,_,in,in,ADP,_
801-1b,_,_,801,3,_,il,il,DET,_
801-2,TO050,801,801,4,senso,senso,senso,NOUN,_
801-3,TO050,801,801,5,una,una,uno,DET,_
801-4,TO050,801,801,6,cosa,cosa,cosa,PRON,_
801-5,TO050,801,801,7,è,è,essere,AUX,_
801-6,TO050,801,801,8-9,mangiarsi,mangiarsi,_,_,_
801-6a,_,_,801,8,_,mangiar,mangiare,VERB,_
801-6b,_,_,801,9,_,si,si,PRON,_
801-7,TO050,801,801,10,le,le,il,DET,_
801-8,TO050,801,801,11,unghie,unghie,unghia,NOUN,_
801-9,TO050,801,801,12,una,una,uno,DET,_
801-10,TO050,801,801,13,cosa,cosa,cosa,PRON,_
801-11,TO050,801,801,14,è,è,essere,AUX,_
801-12,TO050,801,801,15-16,cucinarle.,cucinarle,_,_,Intonation=falling
801-12a,_,_,801,15,_,cucinar,cucinare,VERB,_
801-12b,_,_,801,16,_,le,le,PRON,_
802-0,TO050,802,802,1,forse,forse,forse,ADV,_
802-1,TO050,802,802,2,sono,sono,essere,AUX,_
802-2,TO050,802,802,3,(più),più,più,ADV,_
802-3,TO050,802,802,4,"buone,",buone,buono,ADJ,Intonation=weakly_rising
803-0,TO048,803,803,1,xxxxxx,x,x ,X,_
804-0,TO048,804,804,1,ho,ho,avere,AUX,_
804-1,TO048,804,804,2,preso,preso,prendere,VERB,_
804-2,TO048,804,804,3,la,la,il,DET,_
804-3,TO048,804,804,4,scossa,scossa,scossa,NOUN,_
804-4,TO048,804,804,5,[xxx].,xxx,x ,X,Intonation=falling
805-0,TO052,805,805,1,[cioè,cioè,cioè,CCONJ,_
805-1,TO052,805,805,2,io,io,io,PRON,_
805-2,TO052,805,805,3,quando,quando,quando,SCONJ,_
805-3,TO052,805,805,4,ero],ero,essere,AUX,_
805-4,TO052,805,805,5,in,in,in,ADP,_
805-5,TO052,805,805,6,aeroporto,aeroporto,aeroporto,NOUN,_
805-6,TO052,805,805,7,ho,ho,avere,AUX,_
805-7,TO052,805,805,8,pensato,pensato,pensare,VERB,_
805-8,TO052,805,805,9,io,io,io,PRON,_
805-9,TO052,805,805,10,non,non,non,ADV,_
805-10,TO052,805,805,11,lo,lo,lo,PRON,_
805-11,TO052,805,805,12,devo,devo,dovere,AUX,_
805-12,TO052,805,805,13,fare,fare,fare,VERB,_
805-13,TO052,805,805,14,questo,questo,questo,DET,_
805-14,TO052,805,805,15,lavoro,lavoro,lavoro,NOUN,_
805-15,TO052,805,805,16,"perché,",perché,perché,SCONJ,Intonation=weakly_rising
806-0,TO048,806,806,1,xxxx,x,x,SYM,_
806-1,TO048,806,806,2,[xxx],x,x,SYM,_
807-0,TO052,807,807,1,[perché,perché,perché,SCONJ,_
807-1,TO052,807,807,2,ho,ho,avere,VERB,_
807-2,TO052,807,807,3,troppo,troppo,troppo,ADV,_
807-3,TO052,807,807,4,{P},{P},_,_,_
807-4,TO052,807,807,5,perché],perché,perché,SCONJ,_
807-5,TO052,807,807,6,ho,ho,avere,VERB,_
807-6,TO052,807,807,7,troppo::,troppo,troppo,ADV,_
807-7,TO052,807,807,8,[trop~],trop~,trop~,PROPN,Interrupted=Yes
808-0,TO050,808,808,1,[xx],x,x,X,_
808-1,TO050,808,808,2,xxxx,x,x,X,_
808-2,TO050,808,808,3,[xx],x,x,X,_
809-0,TO052,809,809,1,[perché,perché,perché,SCONJ,_
809-1,TO052,809,809,2,c',c',ci,PRON,Truncated=Yes
809-2,TO052,809,809,3,è,è,essere,VERB,_
809-3,TO052,809,809,4,troppo,troppo,troppo,ADV,_
809-4,TO052,809,809,5,perché,perché,perché,SCONJ,_
809-5,TO052,809,809,6,c',c',ci,PRON,Truncated=Yes
809-6,TO052,809,809,7,è],è,essere,VERB,_
809-7,TO052,809,809,8,troppa:,troppa,troppo,DET,_
809-8,TO052,809,809,9,troppa,troppa,troppo,DET,_
809-9,TO052,809,809,10,"an[sia],",ansia,ansia,NOUN,Intonation=weakly_rising
810-0,TO048,810,810,1,[di]llo,dillo,dire,VERB,_
810-1,TO048,810,810,2,che,che,che,SCONJ,_
810-2,TO048,810,810,3,ti,ti,ti,PRON,_
810-3,TO048,810,810,4,[picchio].,picchio,picchiare,VERB,Intonation=falling
811-0,TO052,811,811,1,[troppa],troppa,troppo,DET,_
811-1,TO052,811,811,2,ansia,ansia,ansia,NOUN,_
811-2,TO052,811,811,3,troppx,troppx,x,X,_
811-3,TO052,811,811,4,"xx[x],",xxx,x ,X,Intonation=weakly_rising
812-0,TO050,812,812,1,[xx],x,x,X,_
812-1,TO050,812,812,2,xxxxxxxxxx,x,x,X,_
813-0,TO048,813,813,1,"grazie,",grazie,grazie,INTJ,Intonation=weakly_rising
814-0,TO050,814,814,1,prego.,prego,prego,INTJ,Intonation=falling
815-0,TO052,815,815,1,perché,perché,perché,SCONJ,_
815-1,TO052,815,815,2,io,io,io,PRON,_
815-2,TO052,815,815,3,ho,ho,avere,AUX,_
815-3,TO052,815,815,4,"pensato,",pensato,pensare,VERB,Intonation=weakly_rising
816-0,TO048,816,816,1,x,x,x,X,_
816-1,TO048,816,816,2,[xxxxxxx],x,x,X,_
817-0,TO052,817,817,1,[troppa,troppa,troppo,DET,_
817-1,TO052,817,817,2,ansia,ansia,ansia,NOUN,_
817-2,TO052,817,817,3,cioè,cioè,cioè,CCONJ,_
817-3,TO052,817,817,4,a,a,a,ADP,_
817-4,TO052,817,817,5,og~,og~,og~,X,Interrupted=Yes
817-5,TO052,817,817,6,su,su,su,ADP,_
817-6,TO052,817,817,7,ogni,ogni,ogni,DET,_
817-7,TO052,817,817,8,"convegno],",convegno,convegno,NOUN,Intonation=weakly_rising
818-0,TO052,818,818,1,se,se,se,SCONJ,_
818-1,TO052,818,818,2,ogni,ogni,ogni,DET,_
818-2,TO052,818,818,3,convegno,convegno,convegno,NOUN,_
818-3,TO052,818,818,4,deve,deve,dovere,AUX,_
818-4,TO052,818,818,5,essere,essere,essere,AUX,_
818-5,TO052,818,818,6,così,così,così,ADV,_
818-6,TO052,818,818,7,io:,io,io,PRON,_
818-7,TO052,818,818,8,io,io,io,PRON,_
818-8,TO052,818,818,9,divento,divento,diventare,VERB,_
818-9,TO052,818,818,10,pazzo,pazzo,pazzo,ADJ,_
818-10,TO052,818,818,11,mi,mi,mi,PRON,_
818-11,TO052,818,818,12,sentirò,sentirò,sentire,VERB,_
818-12,TO052,818,818,13,male.,male,male,ADV,Intonation=falling
819-0,TO050,819,819,1,le,le,le,PRON,_
819-1,TO050,819,819,2,sto,sto,stare,AUX,_
819-2,TO050,819,819,3,(istillando),istillando,istillare,VERB,_
819-3,TO050,819,819,4,"i:l,",il,il,DET,Intonation=weakly_rising
820-0,TO048,820,820,1,ti,ti,ti,PRON,_
820-1,TO048,820,820,2,ci,ci,ci,PRON,_
820-2,TO048,820,820,3,abitue[rai],abituerai,abituare,VERB,_
821-0,TO050,821,821,1,[sto],sto,stare,AUX,_
821-1,TO050,821,821,2,(istilland[o),istillando,istillare,VERB,_
821-2,TO050,821,821,3,"i:l],",il,il,DET,Intonation=weakly_rising
822-0,TO052,822,822,1,[è,è,essere,AUX,_
822-1,TO052,822,822,2,quello,quello,quello,PRON,_
822-2,TO052,822,822,3,che,che,che,PRON,_
822-3,TO052,822,822,4,mi,mi,mi,PRON,_
822-4,TO052,822,822,5,ha],ha,avere,AUX,_
822-5,TO052,822,822,6,detto:,detto,dire,VERB,_
822-6,TO052,822,822,7,verdi,verdi,Verdi,PROPN,_
822-7,TO052,822,822,8,che,che,che,SCONJ,_
822-8,TO052,822,822,9,secondo,secondo,secondo,ADP,_
822-9,TO052,822,822,10,"lui:,",lui,lui,PRON,Intonation=weakly_rising
823-0,TO052,823,823,1,pian,pian,piano,NOUN,_
823-1,TO052,823,823,2,piano,piano,piano,NOUN,_
823-2,TO052,823,823,3,si,si,si,PRON,_
823-3,TO052,823,823,4,acquisisc[e::,acquisisce,acquisire,VERB,_
823-4,TO052,823,823,5,la],la,il,DET,_
823-5,TO052,823,823,6,nonchalance.,nonchalance,nonchalance,NOUN,Intonation=falling
824-0,TO048,824,824,1,[sì,sì,sì,ADV,_
824-1,TO048,824,824,2,sì].,sì,sì,ADV,Intonation=falling
825-0,TO048,825,825,1,se,se,se,ADV,_
825-1,TO048,825,825,2,ce,ce,ce,PRON,_
825-2,TO048,825,825,3,l',l',lo,PRON,Truncated=Yes
825-3,TO048,825,825,4,ha,ha,avere,AUX,_
825-4,TO048,825,825,5,fatta,fatta,fare,VERB,_
825-5,TO048,825,825,6,arancioni,arancioni,Arancioni,PROPN,_
825-6,TO048,825,825,7,che,che,che,PRON,_
825-7,TO048,825,825,8,secondo,secondo,secondo,ADP,_
825-8,TO048,825,825,9,me,me,me,PRON,_
825-9,TO048,825,825,10,era,era,essere,AUX,_
825-10,TO048,825,825,11,la,la,il,DET,_
825-11,TO048,825,825,12,persona,persona,persona,NOUN,_
825-12,TO048,825,825,13,più,più,più,ADV,_
825-13,TO048,825,825,14,timida,timida,timido,ADJ,_
825-14,TO048,825,825,15,e,e,e,CCONJ,_
825-15,TO048,825,825,16,insicura,insicura,insicuro,ADJ,_
825-16,TO048,825,825,17-18,del,del,_,_,_
825-16a,_,_,825,17,_,di,di,ADP,_
825-16b,_,_,825,18,_,il,il,DET,_
825-17,TO048,825,825,19,mondo,mondo,mondo,NOUN,_
825-18,TO048,825,825,20,a,a,a,ADP,_
825-19,TO048,825,825,21,di[ventare,diventare,diventare,VERB,_
825-20,TO048,825,825,22,professore,professore,professore,NOUN,_
825-21,TO048,825,825,23-24,della,della,_,_,_
825-21a,_,_,825,23,_,di,di,ADP,_
825-21b,_,_,825,24,_,la,il,DET,_
825-22,TO048,825,825,25,"xxx],",xxx,x,X,Intonation=weakly_rising
826-0,TO052,826,826,1,[ma,ma,ma,CCONJ,_
826-1,TO052,826,826,2,tu,tu,tu,PRON,_
826-2,TO052,826,826,3,lo,lo,lo,PRON,_
826-3,TO052,826,826,4,sai,sai,sapere,VERB,_
826-4,TO052,826,826,5,che,che,che,DET,_
826-5,TO052,826,826,6,cosa,cosa,cosa,PRON,_
826-6,TO052,826,826,7,ha,ha,avere,AUX,_
826-7,TO052,826,826,8,fatto],fatto,fare,VERB,_
826-8,TO052,826,826,9,arancioni?,arancioni,Arancioni,PROPN,Intonation=rising
827-0,TO052,827,827,1,non,non,non,ADV,_
827-1,TO052,827,827,2,te,te,te,PRON,_
827-2,TO052,827,827,3,l',l',lo,PRON,Truncated=Yes
827-3,TO052,827,827,4,ho,ho,avere,AUX,_
827-4,TO052,827,827,5,raccontato?,raccontato,raccontare,VERB,Intonation=rising
828-0,TO048,828,828,1,[xxxxxxx],x,x,X,_
829-0,TO050,829,829,1,[(me,me,me,PRON,_
829-1,TO050,829,829,2,ne,ne,ne,PRON,_
829-2,TO050,829,829,3,fotto,fotto,fottere,VERB,_
829-3,TO050,829,829,4,il,il,il,DET,_
829-4,TO050,829,829,5,cazzo,cazzo,cazzo,NOUN,_
829-5,TO050,829,829,6,di,di,di,ADP,_
829-6,TO050,829,829,7,queste,queste,questo,DET,_
829-7,TO050,829,829,8,cose.)],cose,cosa,NOUN,Intonation=falling
830-0,TO052,830,830,1,[mi,mi,mi,PRON,_
830-1,TO052,830,830,2,ha,ha,avere,AUX,_
830-2,TO052,830,830,3,fatto],fatto,fare,VERB,_
830-3,TO052,830,830,4,sentire,sentire,sentire,VERB,_
830-4,TO052,830,830,5,di,di,di,ADP,_
830-5,TO052,830,830,6,"merda,",merda,merda,NOUN,Intonation=weakly_rising
831-0,TO048,831,831,0,{ride},{ride},_,X,_
832-0,TO052,832,832,1,mi,mi,mi,PRON,_
832-1,TO052,832,832,2,ha,ha,avere,VERB,_
832-2,TO052,832,832,3,mi,mi,mi,PRON,_
832-3,TO052,832,832,4,ha,ha,avere,AUX,_
832-4,TO052,832,832,5,fatto,fatto,fare,VERB,_
832-5,TO052,832,832,6,imbarazzare,imbarazzare,imbarazzare,VERB,_
832-6,TO052,832,832,7,troppo.,troppo,troppo,ADV,Intonation=falling
833-0,TO052,833,833,1,sono,sono,essere,AUX,_
833-1,TO052,833,833,2,andato,andato,andare,VERB,_
833-2,TO052,833,833,3-4,al,al,_,_,_
833-2a,_,_,833,3,_,a,a,ADP,_
833-2b,_,_,833,4,_,il,il,DET,_
833-3,TO052,833,833,5,convegno,convegno,convegno,NOUN,_
833-4,TO052,833,833,6-7,sulla,sulla,_,_,_
833-4a,_,_,833,6,_,su,su,ADP,_
833-4b,_,_,833,7,_,la,il,DET,_
833-5,TO052,833,833,8,traduzione,traduzione,traduzione,NOUN,_
833-6,TO052,833,833,9,in,in,in,ADP,_
833-7,TO052,833,833,10,cui,cui,cui,PRON,_
833-8,TO052,833,833,11,ha,ha,avere,AUX,_
833-9,TO052,833,833,12,parlato,parlato,parlare,VERB,_
833-10,TO052,833,833,13,"lui,",lui,lui,PRON,Intonation=weakly_rising
834-0,TO048,834,834,0,{ride},{ride},_,X,_
835-0,TO050,835,835,0,{ride},{ride},_,X,_
836-0,TO052,836,836,1,>no,no,no,ADV,_
836-1,TO052,836,836,2,no,no,no,ADV,_
836-2,TO052,836,836,3,no,no,no,ADV,_
836-3,TO052,836,836,4,no<,no,no,ADV,_
836-4,TO052,836,836,5,no,no,no,ADV,_
836-5,TO052,836,836,6,non,non,non,ADV,_
836-6,TO052,836,836,7,colgo.,colgo,cogliere,VERB,Intonation=falling
837-0,TO048,837,837,1,stava,stava,stare,AUX,_
837-1,TO048,837,837,2,facendo,facendo,fare,VERB,_
837-2,TO048,837,837,3,ma,ma,ma,CCONJ,_
837-3,TO048,837,837,4,va,va,andare,VERB,_
837-4,TO048,837,837,5,[va,va,andare,VERB,_
837-5,TO048,837,837,6,va,va,andare,VERB,_
837-6,TO048,837,837,7,"va],",va,andare,VERB,Intonation=weakly_rising
838-0,TO050,838,838,1-2,[scusami].,scusami,_,_,Intonation=falling
838-0a,_,_,838,1,_,scusa ,scusare ,VERB,
838-0b,_,_,838,2,_,mi ,mi ,PRON,
839-0,TO050,839,839,1,sono,sono,essere,AUX,_
839-1,TO050,839,839,2,nervo[so].,nervoso,nervoso,ADJ,Intonation=falling
840-0,TO048,840,840,1,[mi]nchia,minchia,minchia,NOUN,_
840-1,TO048,840,840,2,la,la,il,DET,_
840-2,TO048,840,840,3,xx,x,x,X,_
840-3,TO048,840,840,4,"cioè,",cioè,cioè,CCONJ,Intonation=weakly_rising
841-0,TO050,841,841,1,sono,sono,essere,AUX,_
841-1,TO050,841,841,2,nervoso,nervoso,nervoso,ADJ,_
841-2,TO050,841,841,3,[xxx].,xxx,x,X,Intonation=falling
842-0,TO048,842,842,1,[se,se,se,SCONJ,_
842-1,TO048,842,842,2,ti,ti,ti,PRON,_
842-2,TO048,842,842,3,"piace],",piace,piacere,VERB,Intonation=weakly_rising
843-0,TO052,843,843,1,sei,sei,essere,AUX,_
843-1,TO052,843,843,2,un,un,uno,DET,_
843-2,TO052,843,843,3,nervoso::,nervoso ,nervoso,ADJ,_
843-3,TO052,843,843,4,creativo.,creativo,creativo,ADJ,Intonation=falling
844-0,TO052,844,844,0,{ride},{ride},_,X,_
845-0,TO048,845,845,0,{ride},{ride},_,X,_
846-0,TO050,846,846,1,[creativo].,creativo,creativo,ADJ,Intonation=falling
847-0,TO048,847,847,1,e,e,e,CCONJ,_
847-1,TO048,847,847,2,quindi?,quindi,quindi,ADV,Intonation=rising
848-0,TO052,848,848,1,e::h,eh,eh,INTJ,_
848-1,TO052,848,848,2,sono,sono,essere,AUX,_
848-2,TO052,848,848,3,andato,andato,andare,VERB,_
848-3,TO052,848,848,4-5,al,al,_,_,_
848-3a,_,_,848,4,_,a,a,ADP,_
848-3b,_,_,848,5,_,il,il,DET,_
848-4,TO052,848,848,6,convegno,convegno,convegno,NOUN,_
848-5,TO052,848,848,7-8,sulla,sulla,_,_,_
848-5a,_,_,848,7,_,su,su,ADP,_
848-5b,_,_,848,8,_,la,il,DET,_
848-6,TO052,848,848,9,traduzione,traduzione,traduzione,NOUN,_
848-7,TO052,848,848,10,in,in,in,ADP,_
848-8,TO052,848,848,11,cui,cui,cui,PRON,_
848-9,TO052,848,848,12,parlava,parlava,parlare,VERB,_
848-10,TO052,848,848,13,anche,anche,anche,ADV,_
848-11,TO052,848,848,14,lui,lui,lui,PRON,_
848-12,TO052,848,848,15,e,e,e,CCONJ,_
848-13,TO052,848,848,16,parlava,parlava,parlare,VERB,_
848-14,TO052,848,848,17-18,dei,dei,_,_,_
848-14a,_,_,848,17,_,di,di,ADP,_
848-14b,_,_,848,18,_,i,il,DET,_
848-15,TO052,848,848,19,"media[tori],",mediatori,mediatore,NOUN,Intonation=weakly_rising
849-0,TO050,849,849,1,[di,di,di,ADP,_
849-1,TO050,849,849,2,šklo]vskij]?,šklovskij,Šklovskij,PROPN,Intonation=rising
850-0,TO050,850,850,1,di,di,di,ADP,_
850-1,TO050,850,850,2,xxxx.,xxxx,x,X,Intonation=falling
851-0,TO052,851,851,1-2,dei,dei,_,_,_
851-0a,_,_,851,1,_,di,di,ADP,_
851-0b,_,_,851,2,_,i,il,DET,_
851-1,TO052,851,851,3,med~,med~,med~,X,Interrupted=Yes
851-2,TO052,851,851,4-5,dei,dei,_,_,_
851-2a,_,_,851,4,_,di,di,ADP,_
851-2b,_,_,851,5,_,i,il,DET,_
851-3,TO052,851,851,6,[media~],media~,media~,X,Interrupted=Yes
852-0,TO048,852,852,1,[shua],shua,shua,INTJ,_
852-1,TO048,852,852,2,detto,detto,detto,ADJ,_
852-2,TO048,852,852,3,sh,sh,sh,INTJ,_
852-3,TO048,852,852,4,sh.,sh,sh,INTJ,Intonation=falling
853-0,TO052,853,853,1-2,dei,dei,_,_,_
853-0a,_,_,853,1,_,di,di,ADP,_
853-0b,_,_,853,2,_,i,i,DET,_
853-1,TO052,853,853,3-4,dei,dei,_,_,_
853-1a,_,_,853,3,_,di,di,ADP,_
853-1b,_,_,853,4,_,i,il,DET,_
853-2,TO052,853,853,5,mediator[i,mediatori,mediatore,NOUN,_
853-3,TO052,853,853,6-7,"della],",della,_,_,Intonation=weakly_rising
853-3a,_,_,853,6,_,di,di,ADP,_
853-3b,_,_,853,7,_,la,il,DET,_
854-0,TO050,854,854,1,[non,non,non,ADV,_
854-1,TO050,854,854,2,so,so,sapere,VERB,_
854-2,TO050,854,854,3,se,se,se,SCONJ,_
854-3,TO050,854,854,4,è,è,essere,AUX,_
854-4,TO050,854,854,5,il,il,il,DET,_
854-5,TO050,854,854,6,tede]sco,tedesco,tedesco,ADJ,_
854-6,TO050,854,854,7,o,o,o,CCONJ,_
854-7,TO050,854,854,8,il,il,il,DET,_
854-8,TO050,854,854,9,campano,campano,campano,NOUN,_
854-9,TO050,854,854,10,(capace,capace,capace,ADJ,_
854-10,TO050,854,854,11,di,di,di,ADP,_
854-11,TO050,854,854,12,dire),dire,dire,VERB,_
854-12,TO050,854,854,13,xx.,xx,x,X,Intonation=falling
855-0,TO052,855,855,0,{ride},{ride},_,X,_
856-0,TO048,856,856,0,{ride},{ride},_,X,_
857-0,TO050,857,857,1,è,è,essere,AUX,_
857-1,TO050,857,857,2,il,il,il,DET,_
857-2,TO050,857,857,3,xx,x,x,X,_
857-3,TO050,857,857,4,xx,x,x,X,_
857-4,TO050,857,857,5,influenza.,influenza,influenza,NOUN,Intonation=falling
858-0,TO048,858,858,1,{ride},{ride},_,_,_
858-1,TO048,858,858,2,bellissimo.,bellissimo,bello,ADJ,Intonation=falling
859-0,TO052,859,859,1,"e::h,",eh,eh,INTJ,Intonation=weakly_rising
860-0,TO048,860,860,1,togli,togli,togliere,VERB,_
860-1,TO048,860,860,2,(tutto,tutto,tutto,DET,_
860-2,TO048,860,860,3,questo.),questo,questo,PRON,Intonation=falling
861-0,TO052,861,861,1,e,e,e,CCONJ,_
861-1,TO052,861,861,2,lui,lui,lui,PRON,_
861-2,TO052,861,861,3,parlava,parlava,parlare,VERB,_
861-3,TO052,861,861,4,di,di,di,ADP,_
861-4,TO052,861,861,5,mediatori,mediatori,mediatore,NOUN,_
861-5,TO052,861,861,6-7,della,della,_,_,_
861-5a,_,_,861,6,_,di,di,ADP,_
861-5b,_,_,861,7,_,la,il,DET,_
861-6,TO052,861,861,8,poesia,poesia,poesia,NOUN,_
861-7,TO052,861,861,9,tedesca,tedesca,tedesco,ADJ,_
861-8,TO052,861,861,10,in,in,in,ADP,_
861-9,TO052,861,861,11,"italia,",italia,Italia,PROPN,Intonation=weakly_rising
862-0,TO050,862,862,0,{ride},{ride},_,X,_
863-0,TO052,863,863,1,e,e,e,CCONJ,_
863-1,TO052,863,863,2,allora,allora,allora,ADV,_
863-2,TO052,863,863,3,ha,ha,avere,AUX,_
863-3,TO052,863,863,4,parlato,parlato,parlare,VERB,_
863-4,TO052,863,863,5,di,di,di,ADP,_
863-5,TO052,863,863,6,di~,di~,di~,X,Interrupted=Yes
864-0,TO052,864,864,1,šklovskij.,šklovskij,Šklovskij,PROPN,Intonation=falling
865-0,TO048,865,865,0,{ride},{ride},_,X,_
866-0,TO050,866,866,0,{ride},{ride},_,X,_
867-0,TO050,867,867,1,šklovskij.,šklovskij,Šklovskij,PROPN,Intonation=falling
868-0,TO048,868,868,1,šklovskij.,šklovskij,Šklovskij,PROPN,Intonation=falling
869-0,TO052,869,869,1,basta,basta,bastare,VERB,_
869-1,TO052,869,869,2,con,con,con,ADP,_
869-2,TO052,869,869,3,(sti,sti,questo,ADJ,_
869-3,TO052,869,869,4,šklovskij).,šklovskij,Šklovskij,PROPN,Intonation=falling
870-0,TO050,870,870,1,xxx.,xxx,x,X,Intonation=falling
871-0,TO052,871,871,1,xxx.,xxx,x,X,Intonation=falling
872-0,TO050,872,872,1,xxx.,xxx,x,X,Intonation=falling
873-0,TO052,873,873,1,xx~,xx~,x ,X,Interrupted=Yes
873-1,TO052,873,873,2,è,è,essere,AUX,_
873-2,TO052,873,873,3,giusto,giusto,giusto,ADJ,_
873-3,TO052,873,873,4,no?,no,no,ADV,Intonation=rising
874-0,TO052,874,874,1,xxx.,xxx,x,X,Intonation=falling
875-0,TO050,875,875,1,xxx~,xxx~,x ,X,Interrupted=Yes
876-0,TO050,876,876,1,šklovskij.,šklovskij,Šklovskij,PROPN,Intonation=falling
877-0,TO048,877,877,1,[šklovskij].,šklovskij,Šklovskij,PROPN,Intonation=falling
878-0,TO050,878,878,1,[šklovskij].,šklovskij,Šklovskij,PROPN,Intonation=falling
879-0,TO050,879,879,1,non,non,non,ADV,_
879-1,TO050,879,879,2,c',c',ci,PRON,Truncated=Yes
879-2,TO050,879,879,3,è,è,essere,VERB,_
879-3,TO050,879,879,4,una,una,uno,DET,_
879-4,TO050,879,879,5,o:,o,o,CCONJ,_
879-5,TO050,879,879,6,che,che,che,PRON,_
879-6,TO050,879,879,7,xx,x,x,X,_
879-7,TO050,879,879,8,una,una,uno,PRON,_
879-8,TO050,879,879,9,a:,a,a,ADP,_
879-9,TO050,879,879,10,tipo:,tipo,tipo,NOUN,_
879-10,TO050,879,879,11,xx,x,x,X,_
879-11,TO050,879,879,12,xx.,xx,x ,X,Intonation=falling
880-0,TO048,880,880,1,xxx,x,x ,X,_
881-0,TO052,881,881,1,xxx,x,x,X,_
881-1,TO052,881,881,2,è,è,essere,AUX,_
881-2,TO052,881,881,3,formalista,formalista,formalista,NOUN,_
881-3,TO052,881,881,4,si,si,si,PRON,_
881-4,TO052,881,881,5,attaccherà,attaccherà,attaccare,VERB,_
881-5,TO052,881,881,6,sicuramente,sicuramente,sicuramente,ADV,_
881-6,TO052,881,881,7-8,al,al,_,_,_
881-6a,_,_,881,7,_,a,a,ADP,_
881-6b,_,_,881,8,_,il,il,DET,_
881-7,TO052,881,881,9,cazzo.,cazzo,cazzo,NOUN,Intonation=falling
882-0,TO050,882,882,0,{ride},{ride},_,X,_
883-0,TO048,883,883,1,chi,chi,chi,PRON,_
883-1,TO048,883,883,2,sarà,sarà,essere,AUX,_
883-2,TO048,883,883,3,"ora,",ora,ora,ADV,Intonation=weakly_rising
884-0,TO050,884,884,1,sh~,sh~,sh~,X,Interrupted=Yes
884-1,TO050,884,884,2,ah,ah,ah,INTJ,_
884-2,TO050,884,884,3,šklovskij,šklovskij,Šklovskij,PROPN,_
884-3,TO050,884,884,4,vero.,vero,vero,ADJ,Intonation=falling
885-0,TO052,885,885,1,"e::[h],",eh,eh,INTJ,Intonation=weakly_rising
886-0,TO050,886,886,1,[xx],x,x,X,_
886-1,TO050,886,886,2,sa,sa,sapere,VERB,_
886-2,TO050,886,886,3,di,di,di,ADP,_
886-3,TO050,886,886,4,vecchio.,vecchio,vecchio,NOUN,Intonation=falling
887-0,TO052,887,887,0,{ride},{ride},_,X,_
888-0,TO050,888,888,1,sa,sa,sapere,VERB,_
888-1,TO050,888,888,2,proprio,proprio,proprio,ADV,_
888-2,TO050,888,888,3,di,di,di,ADP,_
888-3,TO050,888,888,4,te.,te,te,PRON,Intonation=falling
889-0,TO048,889,889,0,{ride},{ride},_,X,_
890-0,TO052,890,890,1,grazie.,grazie,grazie,NOUN,Intonation=falling
891-0,TO052,891,891,1,°grazie°,grazie,grazie,NOUN,Volume=low
892-0,TO052,892,892,1,"e::h,",eh,eh,INTJ,Intonation=weakly_rising
893-0,TO050,893,893,1,ah,ah,ah,INTJ,_
893-1,TO050,893,893,2,beh.,beh,beh,INTJ,Intonation=falling
894-0,TO052,894,894,1,e,e,e,CCONJ,_
894-1,TO052,894,894,2,quindi,quindi,quindi,ADV,_
894-2,TO052,894,894,3,lui,lui,lui,PRON,_
894-3,TO052,894,894,4,parlava,parlava,parlare,VERB,_
894-4,TO052,894,894,5,di,di,di,ADP,_
894-5,TO052,894,894,6,mediatori,mediatori,mediatore,NOUN,_
894-6,TO052,894,894,7,tede~,tede~,tede~,X,Interrupted=Yes
894-7,TO052,894,894,8,de~,de~,de~,X,Interrupted=Yes
894-8,TO052,894,894,9,del~,del~,del~,X,Interrupted=Yes
894-9,TO052,894,894,10,de~,de~,de~,X,Interrupted=Yes
894-10,TO052,894,894,11-12,della,della,_,_,_
894-10a,_,_,894,11,_,di,di,ADP,_
894-10b,_,_,894,12,_,la,il,DET,_
894-11,TO052,894,894,13,poesia,poesia,poesia,NOUN,_
894-12,TO052,894,894,14,tedesca,tedesca,tedesco,ADJ,_
894-13,TO052,894,894,15,in,in,in,ADP,_
894-14,TO052,894,894,16,italia,italia,Italia,PROPN,_
894-15,TO052,894,894,17,ho,ho,avere,AUX,_
894-16,TO052,894,894,18,detto,detto,dire,VERB,_
894-17,TO052,894,894,19,{P},{P},_,_,_
894-18,TO052,894,894,20,c',c',ci,PRON,Truncated=Yes
894-19,TO052,894,894,21,è,è,essere,VERB,_
894-20,TO052,894,894,22,(il),il,il,DET,_
894-21,TO052,894,894,23,caso,caso,caso,NOUN,_
894-22,TO052,894,894,24,"goethe::,",goethe,Goethe,PROPN,Intonation=weakly_rising
895-0,TO052,895,895,1,il,il,il,DET,_
895-1,TO052,895,895,2,caso::,caso,caso,NOUN,_
895-2,TO052,895,895,3,tipo::,tipo,tipo,NOUN,_
895-3,TO052,895,895,4,{P},{P},_,_,_
895-4,TO052,895,895,5,m:h,mh,mh,INTJ,_
895-5,TO052,895,895,6,insomma,insomma,insomma,ADV,_
895-6,TO052,895,895,7,di,di,di,ADP,_
895-7,TO052,895,895,8,varie,varie,vario,DET,_
895-8,TO052,895,895,9,"[cose],",cose,cosa,NOUN,Intonation=weakly_rising
896-0,TO050,896,896,1,[e,e,e,CCONJ,_
896-1,TO050,896,896,2,x]xx,x,x,X,_
896-2,TO050,896,896,3,ha,ha,avere,AUX,_
896-3,TO050,896,896,4,parlato,parlato,parlare,VERB,_
896-4,TO050,896,896,5-6,della,della,_,_,_
896-4a,_,_,896,5,_,di,di,ADP,_
896-4b,_,_,896,6,_,la,la,DET,_
896-5,TO050,896,896,7,{P},{P},_,_,_
896-6,TO050,896,896,8,in,in,in,ADP,_
896-7,TO050,896,896,9,italia?,italia,Italia,PROPN,Intonation=rising
897-0,TO052,897,897,1,de,de,di,ADP,_
897-1,TO052,897,897,2,i,i,il,DET,_
897-2,TO052,897,897,3,mediatori,mediatori,mediatore,NOUN,_
897-3,TO052,897,897,4-5,della,della,_,_,_
897-3a,_,_,897,4,_,di,di,ADP,_
897-3b,_,_,897,5,_,la,il,DET,_
897-4,TO052,897,897,6,poesia,poesia,poesia,NOUN,_
897-5,TO052,897,897,7,tedesca,tedesca,tedesco,ADJ,_
897-6,TO052,897,897,8,in,in,in,ADP,_
897-7,TO052,897,897,9,italia.,italia,Italia,PROPN,Intonation=falling
898-0,TO050,898,898,1,l',l',lo,PRON,Truncated=Yes
898-1,TO050,898,898,2,hai,hai,avere,AUX,_
898-2,TO050,898,898,3,detto,detto,dire,VERB,_
898-3,TO050,898,898,4,co:nn,conn,con,ADP,_
898-4,TO050,898,898,5,{P},{P},_,_,_
898-5,TO050,898,898,6,pochissimo,pochissimo,poco,ADJ,_
898-6,TO050,898,898,7,tempo,tempo,tempo,NOUN,_
898-7,TO050,898,898,8,in,in,in,ADP,_
898-8,TO050,898,898,9,realtà,realtà,realtà,NOUN,_
898-9,TO050,898,898,10,{ride},{ride},_,_,_
899-0,TO052,899,899,1,e,e,e,CCONJ,_
899-1,TO052,899,899,2,h(a),ha,avere,AUX,_
899-2,TO052,899,899,3,detto,detto,dire,VERB,_
899-3,TO052,899,899,4,c',c',ci,PRON,Truncated=Yes
899-4,TO052,899,899,5,è,è,essere,VERB,_
899-5,TO052,899,899,6,<il,il,il,DET,_
899-6,TO052,899,899,7,caso,caso,caso,NOUN,_
899-7,TO052,899,899,8,goethe,goethe,Goethe,PROPN,_
899-8,TO052,899,899,9,c',c',ci,PRON,Truncated=Yes
899-9,TO052,899,899,10,è:,è,essere,VERB,_
899-10,TO052,899,899,11,il,il,il,DET,_
899-11,TO052,899,899,12,caso:>,caso,caso,NOUN,_
899-12,TO052,899,899,13,blabla,blabla,blabla,INTJ,_
899-13,TO052,899,899,14,ecceter~,ecceter~,ecceter~,X,Interrupted=Yes
899-14,TO052,899,899,15,e,e,e,CCONJ,_
899-15,TO052,899,899,16,a,a,a,ADP,_
899-16,TO052,899,899,17,un,un,uno,DET,_
899-17,TO052,899,899,18,certo,certo,certo,ADJ,_
899-18,TO052,899,899,19,punto,punto,punto,NOUN,_
899-19,TO052,899,899,20,fa,fa,fare,VERB,_
899-20,TO052,899,899,21,eh,eh,eh,INTJ,_
899-21,TO052,899,899,22,c',c',ci,PRON,Truncated=Yes
899-22,TO052,899,899,23,è,è,essere,VERB,_
899-23,TO052,899,899,24,il,il,il,DET,_
899-24,TO052,899,899,25,caso,caso,caso,NOUN,_
899-25,TO052,899,899,26,xxx,x,x,X,_
899-26,TO052,899,899,27,con,con,con,ADP,_
899-27,TO052,899,899,28,fortini,fortini,Fortini,PROPN,_
899-28,TO052,899,899,29,cases,cases,Cases,PROPN,_
899-29,TO052,899,899,30,ma,ma,ma,CCONJ,_
899-30,TO052,899,899,31,{P},{P},_,_,_
899-31,TO052,899,899,32,qui,qui,qui,ADV,_
899-32,TO052,899,899,33,"in,",in,in,ADP,Intonation=weakly_rising
900-0,TO052,900,900,1,in,in,in,ADP,_
900-1,TO052,900,900,2,sala,sala,sala,NOUN,_
900-2,TO052,900,900,3,abbiamo::,abbiamo,avere,VERB,_
900-3,TO052,900,900,4,[u:n,un,uno,DET,_
900-4,TO052,900,900,5,espert]o,esperto,esperto,NOUN,_
900-5,TO052,900,900,6,di,di,di,ADP,_
900-6,TO052,900,900,7,queste,queste,questo,DET,_
900-7,TO052,900,900,8,cose,cose,cosa,NOUN,_
900-8,TO052,900,900,9,che,che,che,PRON,_
900-9,TO052,900,900,10,è,è,essere,VERB,_
900-10,TO052,900,900,11,giuseppe,giuseppe,Giuseppe,PROPN,_
900-11,TO052,900,900,12,che,che,che,PRON,_
900-12,TO052,900,900,13,è,è,essere,AUX,_
900-13,TO052,900,900,14,un,un,uno,DET,_
900-14,TO052,900,900,15,dottorando,dottorando,dottorando,NOUN,_
900-15,TO052,900,900,16,che,che,che,PRON,_
900-16,TO052,900,900,17,sta,sta,stare,AUX,_
900-17,TO052,900,900,18,facendo,facendo,fare,VERB,_
900-18,TO052,900,900,19,che,che,che,SCONJ,_
900-19,TO052,900,900,20,sta,sta,stare,AUX,_
900-20,TO052,900,900,21,parlando,parlando,parlare,VERB,_
900-21,TO052,900,900,22,sta,sta,stare,AUX,_
900-22,TO052,900,900,23,facendo,facendo,fare,VERB,_
900-23,TO052,900,900,24,"di:,",di,di,ADP,Intonation=weakly_rising
901-0,TO050,901,901,1,[mh,mh,mh,INTJ,_
901-1,TO050,901,901,2,mh,mh,mh,INTJ,ProsodicLink=Yes
901-2,TO050,901,901,3,"mh],",mh,mh,INTJ,Intonation=weakly_rising
902-0,TO052,902,902,1,una,una,uno,DET,_
902-1,TO052,902,902,2,ricerca,ricerca,ricerca,NOUN,_
902-2,TO052,902,902,3,su,su,su,ADP,_
902-3,TO052,902,902,4,questo.,questo,questo,PRON,Intonation=falling
903-0,TO048,903,903,1,ah.,ah,ah,INTJ,Intonation=falling
904-0,TO052,904,904,1,e,e,e,CCONJ,_
904-1,TO052,904,904,2,basta,basta,bastare,VERB,_
904-2,TO052,904,904,3,e,e,e,CCONJ,_
904-3,TO052,904,904,4,po[i,poi,poi,ADV,_
904-4,TO052,904,904,5,ha,ha,avere,AUX,_
904-5,TO052,904,904,6,continuato,continuato,continuare,VERB,_
904-6,TO052,904,904,7,a,a,a,ADP,_
904-7,TO052,904,904,8,"parlare],",parlare,parlare,VERB,Intonation=weakly_rising
905-0,TO048,905,905,1,[e,e,e,CCONJ,_
905-1,TO048,905,905,2,perché,perché,perché,SCONJ,_
905-2,TO048,905,905,3,tu,tu,tu,PRON,_
905-3,TO048,905,905,4,sei::,sei,essere,AUX,_
905-4,TO048,905,905,5,x]xx.,xxx,x,X,Intonation=falling
906-0,TO052,906,906,1,ma,ma,ma,CCONJ,_
906-1,TO052,906,906,2-3,"scusami,",scusami,_,_,Intonation=weakly_rising
906-1a,_,_,906,2,_,scusa ,scusare,VERB,
906-1b,_,_,906,3,_,mi ,mi ,PRON,
907-0,TO052,907,907,1,non,non,non,ADV,_
907-1,TO052,907,907,2,[(con,con,con,ADP,_
907-2,TO052,907,907,3,"xx:,)]",xx,x,X,Intonation=weakly_rising
908-0,TO048,908,908,1,[ma,ma,ma,CCONJ,_
908-1,TO048,908,908,2,sei,sei,essere,AUX,_
908-2,TO048,908,908,3,sei],sei,essere,AUX,_
908-3,TO048,908,908,4,{P},{P},_,_,_
908-4,TO048,908,908,5,"bra:vo,",bravo,bravo,ADJ,Intonation=weakly_rising
909-0,TO052,909,909,1,no,no,no,ADV,_
909-1,TO052,909,909,2,"no:,",no,no,ADV,Intonation=weakly_rising
910-0,TO048,910,910,1,che,che,che,SCONJ,_
910-1,TO048,910,910,2,minchia,minchia,minchia,NOUN,_
910-2,TO048,910,910,3,vuoi,vuoi,volere,AUX,_
910-3,TO048,910,910,4,più,più,più,ADV,_
910-4,TO048,910,910,5,di,di,di,ADP,_
910-5,TO048,910,910,6,questo?,questo,questo,PRON,Intonation=rising
911-0,TO052,911,911,1,no,no,no,ADV,_
911-1,TO052,911,911,2,"io:,",io,io,PRON,Intonation=weakly_rising
912-0,TO052,912,912,1,"eh,",eh,eh,INTJ,Intonation=weakly_rising
913-0,TO050,913,913,1,secondo,secondo,secondo,ADP,_
913-1,TO050,913,913,2,me,me,me,PRON,_
913-2,TO050,913,913,3,è,è,essere,AUX,_
913-3,TO050,913,913,4,la,la,il,DET,_
913-4,TO050,913,913,5,setta,setta,setta,NOUN,_
913-5,TO050,913,913,6,di,di,di,ADP,_
913-6,TO050,913,913,7,(mala),mala,mala,PART,_
913-7,TO050,913,913,8,šklovskij.,šklovskij,Šklovskij,PROPN,Intonation=falling
914-0,TO048,914,914,0,{ride},{ride},_,X,_
915-0,TO052,915,915,1,forse,forse,forse,ADV,_
915-1,TO052,915,915,2,"e:h,",eh,eh,INTJ,Intonation=weakly_rising
916-0,TO050,916,916,0,{ride},{ride},_,X,_
917-0,TO048,917,917,1,ma,ma,ma,CCONJ,_
917-1,TO048,917,917,2,perché,perché,perché,ADV,_
917-2,TO048,917,917,3,così,così,così,ADV,_
917-3,TO048,917,917,4,antigienico,antigienico,antigienico,ADJ,_
917-4,TO048,917,917,5,quello,quello,quello,PRON,_
917-5,TO048,917,917,6,che,che,che,PRON,_
917-6,TO048,917,917,7,stai,stai,stare,VERB,_
917-7,TO048,917,917,8,per,per,per,ADP,_
917-8,TO048,917,917,9,"eh,",eh,eh,INTJ,Intonation=weakly_rising
918-0,TO052,918,918,1,"cos[ì::],",così,così,ADV,Intonation=weakly_rising
919-0,TO050,919,919,1,[parlare],parlare,parlare,VERB,_
919-1,TO050,919,919,2,di,di,di,ADP,_
919-2,TO050,919,919,3,šklovskij,šklovskij,Šklovskij,PROPN,_
919-3,TO050,919,919,4,"o:,",o,o,CCONJ,Intonation=weakly_rising
920-0,TO050,920,920,1,"tagliuzzare:,",tagliuzzare,tagliuzzare,VERB,Intonation=weakly_rising
921-0,TO052,921,921,1,muta,muta,muta,ADJ,_
921-1,TO052,921,921,2,suca,suca,sucare,VERB,_
921-2,TO052,921,921,3,[unghie].,unghie,unghia,NOUN,Intonation=falling
922-0,TO048,922,922,1,[xx]xx,x,x,X,_
923-0,TO048,923,923,1,tagliuzza[re,tagliuzzare,tagliuzzare,VERB,_
923-1,TO048,923,923,2,"i:],",i,il,DET,Intonation=weakly_rising
924-0,TO052,924,924,1,[muta],muta,muta,ADJ,_
924-1,TO052,924,924,2,suca,suca,sucare,VERB,_
924-2,TO052,924,924,3,unghie.,unghie,unghia,NOUN,Intonation=falling
925-0,TO052,925,925,1,e,e,e,CCONJ,_
925-1,TO052,925,925,2,"quindi,",quindi,quindi,ADV,Intonation=weakly_rising
926-0,TO048,926,926,1,suca,suca,sucare,VERB,_
926-1,TO048,926,926,2,minchia.,minchia,minchia,NOUN,Intonation=falling
927-0,TO050,927,927,1,unghie.,unghie,unghia,NOUN,Intonation=falling
928-0,TO050,928,928,1,suca,suca,sucare,VERB,_
928-1,TO050,928,928,2,unghie,unghie,unghia,NOUN,_
928-2,TO050,928,928,3,sminuzzate.,sminuzzate,sminuzzato,ADJ,Intonation=falling
929-0,TO052,929,929,1,"e::h,",eh,eh,INTJ,Intonation=weakly_rising
930-0,TO048,930,930,1,e,e,e,CCONJ,_
930-1,TO048,930,930,2,"vai::,",vai,andare,VERB,Intonation=weakly_rising
931-0,TO048,931,931,1,xxx,x,x,X,_
932-0,TO052,932,932,1,no,no,no,ADV,_
932-1,TO052,932,932,2,rag~,rag~,rag~,X,Interrupted=Yes
932-2,TO052,932,932,3,{P},{P},_,_,_
932-3,TO052,932,932,4,mh,mh,mh,INTJ,_
932-4,TO052,932,932,5,io,io,io,PRON,_
932-5,TO052,932,932,6,oggi,oggi,oggi,ADV,_
932-6,TO052,932,932,7,ho,ho,avere,AUX,_
932-7,TO052,932,932,8,"capito,",capito,capire,VERB,Intonation=weakly_rising
933-0,TO052,933,933,1,quello,quello,quello,PRON,_
933-1,TO052,933,933,2,di,di,di,ADP,_
933-2,TO052,933,933,3,cui,cui,cui,PRON,_
933-3,TO052,933,933,4,siamo,siamo,essere,AUX,_
933-4,TO052,933,933,5,malati,malati,malato,ADJ,_
933-5,TO052,933,933,6,io,io,io,PRON,_
933-6,TO052,933,933,7,e,e,e,CCONJ,_
933-7,TO052,933,933,8,te,te,te,PRON,_
933-8,TO052,933,933,9,{P},{P},_,_,_
933-9,TO052,933,933,10,l',l',lo,PRON,Truncated=Yes
933-10,TO052,933,933,11,ha,ha,avere,AUX,_
933-11,TO052,933,933,12,detto,detto,dire,VERB,_
933-12,TO052,933,933,13,oggi,oggi,oggi,ADV,_
933-13,TO052,933,933,14,la,la,il,DET,_
933-14,TO052,933,933,15,bianchi.,bianchi,Bianchi,PROPN,Intonation=falling
934-0,TO052,934,934,1,la,la,il,DET,_
934-1,TO052,934,934,2,bianchi,bianchi,Bianchi,PROPN,_
934-2,TO052,934,934,3,"fa,",fa,fare,VERB,Intonation=weakly_rising
935-0,TO052,935,935,1,mi,mi,mi,PRON,_
935-1,TO052,935,935,2,dispiace,dispiace,dispiacere,VERB,_
935-2,TO052,935,935,3,io::,io,io,PRON,_
935-3,TO052,935,935,4,ho,ho,avere,VERB,_
935-4,TO052,935,935,5,{P},{P},_,_,_
935-5,TO052,935,935,6,la,la,il,DET,_
935-6,TO052,935,935,7,sindrome,sindrome,sindrome,NOUN,_
935-7,TO052,935,935,8-9,del,del,_,_,_
935-7a,_,_,935,8,_,di,di,ADP,_
935-7b,_,_,935,9,_,il,il,DET,_
935-8,TO052,935,935,10,bluff.,bluff,bluff,NOUN,Intonation=falling
936-0,TO048,936,936,1,ma,ma,ma,CCONJ,_
936-1,TO048,936,936,2,è,è,essere,AUX,_
936-2,TO048,936,936,3,la,la,il,DET,_
936-3,TO048,936,936,4,sin[drome,sindrome,sindrome,NOUN,_
936-4,TO048,936,936,5-6,dell',dell',_,_,Truncated=Yes
936-4a,_,_,936,5,_,di,di,ADP,_
936-4b,_,_,936,6,_,l',il,DET,_
936-5,TO048,936,936,7,impostore],impostore,impostore,NOUN,_
936-6,TO048,936,936,8,io,io,io,PRON,_
936-7,TO048,936,936,9,te,te,te,PRON,_
936-8,TO048,936,936,10,lo,lo,lo,PRON,_
936-9,TO048,936,936,11,[dico,dico,dire,VERB,_
936-10,TO048,936,936,12,da,da,da,ADP,_
936-11,TO048,936,936,13,vent',vent',venti,NUM,_
936-15,TO ,936,936,15,anni,anni,anno,NOUN,
936-12,TO048,936,936,14,sì].,sì,sì,ADV,Intonation=falling
937-0,TO050,937,937,1,[la,la,il,DET,_
937-1,TO050,937,937,2,sindrome,sindrome,sindrome,NOUN,_
937-2,TO050,937,937,3-4,dell',dell',_,_,Truncated=Yes
937-2a,_,_,937,3,_,di,di,ADP,_
937-2b,_,_,937,4,_,l',il,DET,_
937-3,TO050,937,937,5,impostore].,impostore,impostore,NOUN,Intonation=falling
938-0,TO052,938,938,1,[e,e,e,CCONJ,_
938-1,TO052,938,938,2,lei,lei,lei,PRON,_
938-2,TO052,938,938,3,l',l',lo,PRON,Truncated=Yes
938-3,TO052,938,938,4,ha,ha,avere,AUX,_
938-4,TO052,938,938,5,chiamata,chiamata,chiamare,VERB,_
938-5,TO052,938,938,6,la],la,il,DET,_
938-6,TO052,938,938,7,sindrome,sindrome,sindrome,NOUN,_
938-7,TO052,938,938,8-9,del,del,_,_,_
938-7a,_,_,938,8,_,di,di,ADP,_
938-7b,_,_,938,9,_,il,il,DET,_
938-8,TO052,938,938,10,[mh,mh,mh,INTJ,_
938-9,TO052,938,938,11-12,del,del,_,_,_
938-9a,_,_,938,11,_,di,di,ADP,_
938-9b,_,_,938,12,_,il,il,DET,_
938-10,TO052,938,938,13,bluff].,bluff,bluff,NOUN,Intonation=falling
939-0,TO048,939,939,1,[sì,sì,sì,ADV,_
939-1,TO048,939,939,2,si,si,si,ADV,_
939-2,TO048,939,939,3,xx,x,x,X,_
939-3,TO048,939,939,4,sindrome],sindrome,sindrome,NOUN,_
939-4,TO048,939,939,5-6,dell',dell',_,_,Truncated=Yes
939-4a,_,_,939,5,_,di,di,ADP,_
939-4b,_,_,939,6,_,l',il,DET,_
939-5,TO048,939,939,7,impostore,impostore,impostore,NOUN,_
939-6,TO048,939,939,8,{P},{P},_,_,_
939-7,TO048,939,939,9,io,io,io,PRON,_
939-8,TO048,939,939,10,e,e,e,CCONJ,_
939-9,TO048,939,939,11,lui,lui,lui,PRON,_
939-10,TO048,939,939,12,siamo,siamo,essere,AUX,_
939-11,TO048,939,939,13,(proprio),proprio,proprio,ADV,_
939-12,TO048,939,939,14,prototipici,prototipici,prototipico,ADJ,_
939-13,TO048,939,939,15,malati,malati,malato,ADJ,_
939-14,TO048,939,939,16,da,da,da,ADP,_
939-15,TO048,939,939,17,[sindrome,sindrome,sindrome,NOUN,_
939-16,TO048,939,939,18-19,dell',dell',_,_,Truncated=Yes
939-16a,_,_,939,18,_,di,di,ADP,_
939-16b,_,_,939,19,_,l',il,DET,_
939-17,TO048,939,939,20,impostore].,impostore,impostore,NOUN,Intonation=falling
940-0,TO050,940,940,1,[io,io,io,PRON,_
940-1,TO050,940,940,2,sono,sono,essere,AUX,_
940-2,TO050,940,940,3,impostore,impostore,impostore,ADJ,_
940-3,TO050,940,940,4,perché],perché,perchè,SCONJ,_
940-4,TO050,940,940,5,sono,sono,essere,AUX,_
940-5,TO050,940,940,6,davvero,davvero,davvero,ADV,_
940-6,TO050,940,940,7,un,un,uno,DET,_
940-7,TO050,940,940,8,impostore,impostore,impostore,NOUN,_
940-8,TO050,940,940,9,invece,invece,invece,ADV,_
940-9,TO050,940,940,10,{ride},{ride},_,_,_
941-0,TO050,941,941,1,non,non,non,ADV,_
941-1,TO050,941,941,2,è,è,essere,AUX,_
941-2,TO050,941,941,3,una,una,uno,DET,_
941-3,TO050,941,941,4,sindrome.,sindrome,sindrome,NOUN,Intonation=falling
942-0,TO052,942,942,1,e,e,e,CCONJ,_
942-1,TO052,942,942,2,tutti,tutti,tutto,PRON,_
942-2,TO052,942,942,3,quanti,quanti,quanto,DET,_
942-3,TO052,942,942,4,pensiax,pensiax,_,X,_
942-4,TO052,942,942,5,"proprio:,",proprio,proprio,ADV,Intonation=weakly_rising
943-0,TO052,943,943,1,è,è,essere,AUX,_
943-1,TO052,943,943,2,la,la,il,DET,_
943-2,TO052,943,943,3,prova,prova,prova,NOUN,_
943-3,TO052,943,943,4,provata,provata,provato,ADJ,_
943-4,TO052,943,943,5,che,che,che,PRON,_
943-5,TO052,943,943,6,sei,sei,essere,AUX,_
943-6,TO052,943,943,7,mala(to),malato,malato,ADJ,_
943-7,TO052,943,943,8-9,della,della,_,_,_
943-7a,_,_,943,8,_,di,di,ADP,_
943-7b,_,_,943,9,_,la,il,DET,_
943-8,TO052,943,943,10,sindrome,sindrome,sindrome,NOUN,_
943-9,TO052,943,943,11,eh,eh,eh,INTJ,_
943-10,TO052,943,943,12,è,è,essere,AUX,_
943-11,TO052,943,943,13,chiaro,chiaro,chiaro,ADJ,_
943-12,TO052,943,943,14,che,che,che,SCONJ,_
943-13,TO052,943,943,15,{P},{P},_,_,_
943-14,TO052,943,943,16,una,una,uno,DET,_
943-15,TO052,943,943,17,persona,persona,persona,NOUN,_
943-16,TO052,943,943,18,"dice::,",dice,dire,VERB,Intonation=weakly_rising
944-0,TO050,944,944,1,com',com',come,SCONJ,Truncated=Yes
944-1,TO050,944,944,2,era,era,essere,VERB,_
944-2,TO050,944,944,3,quella,quella,quello,DET,_
944-3,TO050,944,944,4,cosa,cosa,cosa,NOUN,_
944-4,TO050,944,944,5-6,degli,degli,_,_,_
944-4a,_,_,944,5,_,di,di,ADP,_
944-4b,_,_,944,6,_,gli,il,DET,_
944-5,TO050,944,944,7,ateniesi,ateniesi,ateniese,NOUN,_
944-6,TO050,944,944,8,che,che,che,PRON,_
944-7,TO050,944,944,9,erano,erano,essere,AUX,_
944-8,TO050,944,944,10,tutti:,tutti,tutto,PRON,_
944-9,TO050,944,944,11,bugiardi?,bugiardi,bugiardo,ADJ,Intonation=rising
945-0,TO048,945,945,1,gli,gli,il,DET,_
945-1,TO048,945,945,2,ateni[esi,ateniesi,ateniese,NOUN,_
945-2,TO048,945,945,3,sono,sono,essere,AUX,_
945-3,TO048,945,945,4,tutti,tutti,tutto,PRON,_
945-4,TO048,945,945,5,bugiardi],bugiardi,bugiardo,ADJ,_
945-5,TO048,945,945,6,sì.,sì,sì,ADV,Intonation=falling
946-0,TO050,946,946,1,[quella,quella,quello,PRON,_
946-1,TO050,946,946,2,è,è,essere,AUX,_
946-2,TO050,946,946,3,(pathos),pathos,pathos,NOUN,_
946-3,TO050,946,946,4,logico].,logico,logico,ADJ,Intonation=falling
947-0,TO050,947,947,1,e,e,e,CCONJ,_
947-1,TO050,947,947,2,(qua[si),quasi,quasi,ADV,_
947-2,TO050,947,947,3,{P},{P},_,_,_
947-3,TO050,947,947,4,"sempre],",sempre,sempre,ADV,Intonation=weakly_rising
948-0,TO048,948,948,1,[l',l',il,DET,Truncated=Yes
948-1,TO048,948,948,2,ateniese,ateniese,ateniese,NOUN,_
948-2,TO048,948,948,3,dice,dice,dire,VERB,_
948-3,TO048,948,948,4,che,che,che,SCONJ,_
948-4,TO048,948,948,5,gli,gli,il,DET,_
948-5,TO048,948,948,6,ateniesi,ateniesi,ateniese,NOUN,_
948-6,TO048,948,948,7,sono],sono,essere,AUX,_
948-7,TO048,948,948,8,tutti,tutti,tutto,DET,_
948-8,TO048,948,948,9,bugiardi.,bugiardi,bugiardo,ADJ,Intonation=falling
949-0,TO048,949,949,1,mente,mente,mentire,VERB,_
949-1,TO048,949,949,2,o,o,o,CCONJ,_
949-2,TO048,949,949,3,dice,dice,dire,VERB,_
949-3,TO048,949,949,4,la,la,il,DET,_
949-4,TO048,949,949,5,verità?,verità,verità,NOUN,Intonation=rising
950-0,TO048,950,950,1,erano,erano,essere,AUX,_
950-1,TO048,950,950,2,i,i,il,DET,_
950-2,TO048,950,950,3,sofi[sti].,sofisti,sofista,NOUN,Intonation=falling
951-0,TO052,951,951,1,[è,è,essere,AUX,_
951-1,TO052,951,951,2,è],è,essere,AUX,_
951-2,TO052,951,951,3,il,il,il,DET,_
951-3,TO052,951,951,4,"par[adosso],",paradosso,paradosso,NOUN,Intonation=weakly_rising
952-0,TO050,952,952,1,[era],era,essere,AUX,_
952-1,TO050,952,952,2,{P},{P},_,_,_
952-2,TO050,952,952,3,pericle,pericle,Pericle,PROPN,_
952-3,TO050,952,952,4,che,che,che,PRON,_
952-4,TO050,952,952,5,dice,dice,dire,VERB,_
952-5,TO050,952,952,6,pericle,pericle,Pericle,PROPN,_
952-6,TO050,952,952,7,è,è,essere,AUX,_
952-7,TO050,952,952,8,a[teniese].,ateniese,ateniese,ADJ,Intonation=falling
953-0,TO052,953,953,1,[è,è,essere,AUX,_
953-1,TO052,953,953,2,il,il,il,DET,_
953-2,TO052,953,953,3,paradosso,paradosso,paradosso,NOUN,_
953-3,TO052,953,953,4,di,di,di,ADP,_
953-4,TO052,953,953,5,barbiere].,barbiere,barbiere,NOUN,Intonation=falling
954-0,TO048,954,954,1,[pericle,pericle,Pericle,PROPN,_
954-1,TO048,954,954,2,(che,che,che,PRON,_
954-2,TO048,954,954,3,è),è,essere,AUX,_
954-3,TO048,954,954,4,ate]niese,ateniese,ateniese,ADJ,_
954-4,TO048,954,954,5,sostiene,sostiene,sostenere,VERB,_
954-5,TO048,954,954,6,"che:,",che,che,SCONJ,Intonation=weakly_rising
955-0,TO052,955,955,1,è,è,essere,AUX,_
955-1,TO052,955,955,2,il,il,il,DET,_
955-2,TO052,955,955,3,"il,",il,il,DET,Intonation=weakly_rising
956-0,TO048,956,956,1,tutti,tutti,tutto,DET,_
956-1,TO048,956,956,2,gli,gli,il,DET,_
956-2,TO048,956,956,3,ateniesi,ateniesi,ateniese,NOUN,_
956-3,TO048,956,956,4,sono,sono,essere,AUX,_
956-4,TO048,956,956,5,bugiardi.,bugiardi,bugiardo,ADJ,Intonation=falling
957-0,TO052,957,957,1,sì,sì,sì,ADV,_
957-1,TO052,957,957,2,è,è,essere,AUX,_
957-2,TO052,957,957,3,vero.,vero,vero,ADJ,Intonation=falling
958-0,TO052,958,958,1,è,è,essere,AUX,_
958-1,TO052,958,958,2,il,il,il,DET,_
958-2,TO052,958,958,3,paradosso,paradosso,paradosso,NOUN,_
958-3,TO052,958,958,4-5,del,del,_,_,_
958-3a,_,_,958,4,_,di,di,ADP,_
958-3b,_,_,958,5,_,il,il,DET,_
958-4,TO052,958,958,6,barbiere,barbiere,barbiere,NOUN,_
958-5,TO052,958,958,7,che::,che,che,PRON,_
958-6,TO052,958,958,8,{P},{P},_,_,_
958-7,TO052,958,958,9,poi,poi,poi,ADV,_
958-8,TO052,958,958,10,l',l',lo,PRON,Truncated=Yes
958-9,TO052,958,958,11,ha:,ha,avere,AUX,_
958-10,TO052,958,958,12,affrontato,affrontato,affrontare,VERB,_
958-11,TO052,958,958,13,l',l',lo,PRON,Truncated=Yes
958-12,TO052,958,958,14,ha,ha,avere,AUX,_
958-13,TO052,958,958,15,risolto,risolto,risolvere,VERB,_
958-14,TO052,958,958,16,logicamente,logicamente,logicamente,ADV,_
958-15,TO052,958,958,17,bertrand,bertrand,Bertrand,PROPN,_
958-16,TO052,958,958,18,"russe:ll,",russell,Russell,PROPN,Intonation=weakly_rising
959-0,TO050,959,959,1,ah.,ah,ah,INTJ,Intonation=falling
960-0,TO052,960,960,1,[il,il,il,DET,_
960-1,TO052,960,960,2,xxcci,xxcci,xxccio,X,_
960-2,TO052,960,960,3,i]l,il,il,DET,_
960-3,TO052,960,960,4,x[x~],xx~,x,X,Interrupted=Yes
961-0,TO048,961,961,1,[il,il,il,DET,_
961-1,TO048,961,961,2,xxcci].,xxcci,xxccio,X,Intonation=falling
962-0,TO050,962,962,1,[ci]oè,cioè,cioè,CCONJ,_
962-1,TO050,962,962,2,qual,qual,quale,PRON,_
962-2,TO050,962,962,3,era?,era,essere,AUX,Intonation=rising
963-0,TO052,963,963,1,che,che,che,SCONJ,_
963-1,TO052,963,963,2,sono,sono,essere,AUX,_
963-2,TO052,963,963,3,due,due,due,NUM,_
963-3,TO052,963,963,4,piani,piani,piano,NOUN,_
963-4,TO052,963,963,5,di,di,di,ADP,_
963-5,TO052,963,963,6,discorso,discorso,discorso,NOUN,_
963-6,TO052,963,963,7,diversi.,diversi,diverso,ADJ,Intonation=falling
964-0,TO052,964,964,1,in,in,in,ADP,_
964-1,TO052,964,964,2,"realtà,",realtà,realtà,NOUN,Intonation=weakly_rising
965-0,TO052,965,965,1,mh,mh,mh,INTJ,_
965-1,TO052,965,965,2,che,che,che,PRON,_
965-2,TO052,965,965,3,vanno::,vanno,andare,VERB,_
965-3,TO052,965,965,4,eh,eh,eh,INTJ,_
965-4,TO052,965,965,5,che,che,che,PRON,_
965-5,TO052,965,965,6,sembra,sembra,sembrare,VERB,_
965-6,TO052,965,965,7,una,una,uno,DET,_
965-7,TO052,965,965,8,"banalità,",banalità,banalità,NOUN,Intonation=weakly_rising
966-0,TO052,966,966,1,però,però,però,ADV,_
966-1,TO052,966,966,2,in,in,in,ADP,_
966-2,TO052,966,966,3,realtà,realtà,realtà,NOUN,_
966-3,TO052,966,966,4,poi,poi,poi,ADV,_
966-4,TO052,966,966,5-6,nel,nel,_,_,_
966-4a,_,_,966,5,_,in,in,ADP,_
966-4b,_,_,966,6,_,il,il,DET,_
966-5,TO052,966,966,7,linguaggio,linguaggio,linguaggio,NOUN,_
966-6,TO052,966,966,8-9,dell',dell',_,_,Truncated=Yes
966-6a,_,_,966,8,_,di,di,ADP,_
966-6b,_,_,966,9,_,l',il,DET,_
966-7,TO052,966,966,10,informatica,informatica,informatica,NOUN,_
966-8,TO052,966,966,11,è,è,essere,AUX,_
966-9,TO052,966,966,12,così,così,così,ADV,_
966-10,TO052,966,966,13,le,le,il,DET,_
966-11,TO052,966,966,14,contraddizioni,contraddizioni,contraddizione,NOUN,_
966-12,TO052,966,966,15,si,si,si,PRON,_
966-13,TO052,966,966,16,superano,superano,superare,VERB,_
966-14,TO052,966,966,17,proprio,proprio,proprio,ADV,_
966-15,TO052,966,966,18,perché,perché,perché,SCONJ,_
966-16,TO052,966,966,19,ci,ci,ci,PRON,_
966-17,TO052,966,966,20,sono,sono,essere,VERB,_
966-18,TO052,966,966,21,livelli,livelli,livello,NOUN,_
966-19,TO052,966,966,22,diversi,diversi,diverso,ADJ,_
966-20,TO052,966,966,23,di,di,di,ADP,_
966-21,TO052,966,966,24,contraddizio[ni].,contraddizioni,contraddizione,NOUN,Intonation=falling
967-0,TO048,967,967,1,[ma,ma,ma,CCONJ,_
967-1,TO048,967,967,2,t]ipo?,tipo,tipo,NOUN,Intonation=rising
968-0,TO048,968,968,1,cioè?,cioè,cioè,CCONJ,Intonation=rising
969-0,TO052,969,969,1,non,non,non,ADV,_
969-1,TO052,969,969,2,so,so,sapere,VERB,_
969-2,TO052,969,969,3,andare,andare,andare,VERB,_
969-3,TO052,969,969,4,oltre,oltre,oltre,ADV,_
969-4,TO052,969,969,5,a,a,a,ADP,_
969-5,TO052,969,969,6,a,a,a,ADP,_
969-6,TO052,969,969,7,questa,questa,questo,DET,_
969-7,TO052,969,969,8,cosa.,cosa,cosa,NOUN,Intonation=falling
970-0,TO048,970,970,1,sì,sì,sì,ADV,_
970-1,TO048,970,970,2,ma,ma,ma,CCONJ,_
970-2,TO048,970,970,3,il,il,il,DET,_
970-3,TO048,970,970,4,paradosso,paradosso,paradosso,NOUN,_
970-4,TO048,970,970,5-6,del,del,_,_,_
970-4a,_,_,970,5,_,di,di,ADP,_
970-4b,_,_,970,6,_,il,il,DET,_
970-5,TO048,970,970,7,barbiere,barbiere,barbiere,NOUN,_
970-6,TO048,970,970,8,cos',cos',cos',PRON,Truncated=Yes
970-7,TO048,970,970,9,è?,è,essere,AUX,Intonation=rising
971-0,TO052,971,971,1,"[e:::h],",eh,eh,INTJ,Intonation=weakly_rising
972-0,TO050,972,972,1,[lav]inia,lavinia,Lavinia,PROPN,_
972-1,TO050,972,972,2,stai,stai,stare,AUX,_
972-2,TO050,972,972,3,andando,andando,andare,VERB,_
972-3,TO050,972,972,4,su,su,su,ADP,_
972-4,TO050,972,972,5,un,un,uno,DET,_
972-5,TO050,972,972,6,piano,piano,piano,NOUN,_
972-6,TO050,972,972,7,di,di,di,ADP,_
972-7,TO050,972,972,8,discorso,discorso,discorso,NOUN,_
972-8,TO050,972,972,9,diverso.,diverso,diverso,ADJ,Intonation=falling
973-0,TO052,973,973,0,{ride},{ride},_,X,_
974-0,TO048,974,974,0,{ride},{ride},_,X,_
975-0,TO052,975,975,1,aspetta,aspetta,aspettare,VERB,_
975-1,TO052,975,975,2,che,che,che,SCONJ,_
975-2,TO052,975,975,3,m[e,me,me,PRON,_
975-3,TO052,975,975,4,la,la,la,PRON,_
975-4,TO052,975,975,5,devo,devo,dovere,AUX,_
975-5,TO052,975,975,6,preparare].,preparare,preparare,VERB,Intonation=falling
976-0,TO050,976,976,1,[xx,x,x,X,_
976-1,TO050,976,976,2,cos',cos',cos',PRON,Truncated=Yes
976-2,TO050,976,976,3,è]?,è,essere,AUX,Intonation=rising
977-0,TO052,977,977,1,x[xx],x,decimo,X,_
978-0,TO048,978,978,1,[secondo],secondo,secondo,ADP,_
978-1,TO048,978,978,2,te,te,te,PRON,_
978-2,TO048,978,978,3,šklovskij,šklovskij,Šklovskij,PROPN,_
978-3,TO048,978,978,4,lo,lo,lo,PRON,_
978-4,TO048,978,978,5,sa?,sa,sapere,VERB,Intonation=rising
979-0,TO050,979,979,1,šklovskij,šklovskij,Šklovskij,PROPN,_
979-1,TO050,979,979,2,sì.,sì,sì,INTJ,Intonation=falling
980-0,TO050,980,980,1,xxx.,xxx,x ,X,Intonation=falling
981-0,TO048,981,981,1,la,la,il,DET,_
981-1,TO048,981,981,2,mia,mia,mio,DET,_
981-2,TO048,981,981,3,professoressa,professoressa,professore,NOUN,_
981-3,TO048,981,981,4,di,di,di,ADP,_
981-4,TO048,981,981,5,ingl[ese,inglese,inglese,NOUN,_
981-5,TO048,981,981,6-7,delle,delle,_,_,_
981-5a,_,_,981,6,_,di,di,ADP,_
981-5b,_,_,981,7,_,le,il,DET,_
981-6,TO048,981,981,8,"superiori],",superiori,superiore,ADJ,Intonation=weakly_rising
982-0,TO050,982,982,1,[non,non,non,ADV,_
982-1,TO050,982,982,2,la,la,la,PRON,_
982-2,TO050,982,982,3,faccio,faccio,fare,AUX,_
982-3,TO050,982,982,4,parlare].,parlare,parlare,VERB,Intonation=falling
983-0,TO052,983,983,0,{ride},{ride},_,X,_
984-0,TO048,984,984,1,si,si,si,PRON,_
984-1,TO048,984,984,2,chiama,chiama,chiamare,VERB,_
984-2,TO048,984,984,3,xxxx.,xxxx,xxxx,X,Intonation=falling
985-0,TO050,985,985,1,guarda,guarda,guardare,VERB,_
985-1,TO050,985,985,2,me,me,me,PRON,_
985-2,TO050,985,985,3,lo,lo,lo,PRON,_
985-3,TO050,985,985,4,me,me,me,PRON,_
985-4,TO050,985,985,5,lo,lo,lo,PRON,_
985-5,TO050,985,985,6,me,me,me,PRON,_
985-6,TO050,985,985,7,lo,lo,lo,PRON,_
985-7,TO050,985,985,8,attacco,attacco,attacco,NOUN,_
985-8,TO050,985,985,9,qua,qua,qua,ADV,_
985-9,TO050,985,985,10,(ti),ti,ti,PRON,_
985-10,TO050,985,985,11,ho,ho,avere,AUX,_
985-11,TO050,985,985,12,scritto,scritto,scrivere,VERB,_
985-12,TO050,985,985,13,che,che,che,SCONJ,_
985-13,TO050,985,985,14,con,con,con,ADP,_
985-14,TO050,985,985,15,"questa::,",questa,questo,DET,Intonation=weakly_rising
986-0,TO048,986,986,1,šklo~,šklo~,šklo~,X,Interrupted=Yes
986-1,TO048,986,986,2,minchia,minchia,minchia,NOUN,_
986-2,TO048,986,986,3,è,è,essere,AUX,_
986-3,TO048,986,986,4,figo.,figo,figo,ADJ,Intonation=falling
987-0,TO050,987,987,1,sì,sì,sì,ADV,_
987-1,TO050,987,987,2,infatti,infatti,infatti,ADV,_
987-2,TO050,987,987,3,questa,questa,questo,PRON,_
987-3,TO050,987,987,4,è,è,essere,AUX,_
987-4,TO050,987,987,5,la,la,il,DET,_
987-5,TO050,987,987,6,prossima,prossima,prossimo,ADJ,_
987-6,TO050,987,987,7,xx,x,x,X,_
987-7,TO050,987,987,8,che,che,che,PRON,_
987-8,TO050,987,987,9,ci,ci,ci,PRON,_
987-9,TO050,987,987,10,{ride},{ride},_,_,_
988-0,TO048,988,988,1-2,dai:,dai,dare,VERB,_
988-1,TO048,988,988,3,vi,vi,vi,PRON,_
988-2,TO048,988,988,4,"prego,",prego,pregare,VERB,Intonation=weakly_rising
989-0,TO050,989,989,1,e,e,e,CCONJ,_
989-1,TO050,989,989,2,la,la,la,PRON,_
989-2,TO050,989,989,3,facciamo,facciamo,fare,VERB,_
989-3,TO050,989,989,4-5,al,al,_,_,_
989-3a,_,_,989,4,_,a,a,ADP,_
989-3b,_,_,989,5,_,il,il,DET,_
989-4,TO050,989,989,6,contrario.,contrario,contrario,NOUN,Intonation=falling
990-0,TO048,990,990,1,"però::,",però,però,ADV,Intonation=weakly_rising
991-0,TO050,991,991,1,è,è,essere,AUX,_
991-1,TO050,991,991,2,una,una,uno,DET,_
991-2,TO050,991,991,3,esse,esse,esse ,NOUN,_
991-3,TO050,991,991,4,[xxx].,xxx,x ,X,Intonation=falling
992-0,TO048,992,992,1,[però,però,però,ADV,_
992-1,TO048,992,992,2,lavori,lavori,lavorio,NOUN,_
992-2,TO048,992,992,3,final]mente,finalmente,finalmente,ADV,_
992-3,TO048,992,992,4-5,sul,sul,_,_,_
992-3a,_,_,992,4,_,su,su,ADP,_
992-3b,_,_,992,5,_,il,il,DET,_
992-4,TO048,992,992,6,xxx.,xxx,x,X,Intonation=falling
993-0,TO050,993,993,1,così,così,così,ADV,_
993-1,TO050,993,993,2,te,te,te,PRON,_
993-2,TO050,993,993,3,la,la,il,DET,_
993-3,TO050,993,993,4,leghi,leghi,lego,NOUN,_
993-4,TO050,993,993,5-6,al,al,_,_,_
993-4a,_,_,993,5,_,a,a,ADP,_
993-4b,_,_,993,6,_,il,il,DET,_
993-5,TO050,993,993,7,dito.,dito,dito,NOUN,Intonation=falling
994-0,TO052,994,994,1,e::h,eh,eh,INTJ,_
994-1,TO052,994,994,2,il,il,il,DET,_
994-2,TO052,994,994,3,paradosso,paradosso,paradosso,NOUN,_
994-3,TO052,994,994,4-5,>del,del,_,_,_
994-3a,_,_,994,4,_,di,di,ADP,_
994-3b,_,_,994,5,_,il,il,DET,_
994-4,TO052,994,994,6,barbiere<,barbiere,barbiere,NOUN,_
994-5,TO052,994,994,7,me,me,me,PRON,_
994-6,TO052,994,994,8,lo,lo,lo,PRON,_
994-7,TO052,994,994,9,devo,devo,dovere,AUX,_
994-8,TO052,994,994,10,ricordare,ricordare,ricordare,VERB,_
994-9,TO052,994,994,11,bene,bene,bene,ADV,_
994-10,TO052,994,994,12,"ma,",ma,ma,CCONJ,Intonation=weakly_rising
995-0,TO048,995,995,0,{ride},{ride},_,X,_
996-0,TO052,996,996,1,eh.,eh,eh,INTJ,Intonation=falling
996-1,TO052,996,996,2,{P},{P},_,_,_
996-2,TO052,996,996,3,"e::h,",eh,eh,INTJ,Intonation=weakly_rising
997-0,TO052,997,997,1,il,il,il,DET,_
997-1,TO052,997,997,2,"barbiere,",barbiere,barbiere,NOUN,Intonation=weakly_rising
998-0,TO052,998,998,1,in,in,in,ADP,_
998-1,TO052,998,998,2,un',un',uno,DET,Truncated=Yes
998-2,TO052,998,998,3,"isola,",isola,isola,NOUN,Intonation=weakly_rising
999-0,TO052,999,999,1,fa,fa,fare,VERB,_
999-1,TO052,999,999,2,la,la,il,DET,_
999-2,TO052,999,999,3,barba,barba,barba,NOUN,_
999-3,TO052,999,999,4,{P},{P},_,_,_
999-4,TO052,999,999,5,a,a,a,ADP,_
999-5,TO052,999,999,6,chi,chi,chi,PRON,_
999-6,TO052,999,999,7,non,non,non,ADV,_
999-7,TO052,999,999,8,se,se,se,PRON,_
999-8,TO052,999,999,9,la,la,la,PRON,_
999-9,TO052,999,999,10,fa,fa,fare,VERB,_
999-10,TO052,999,999,11,da,da,da,ADP,_
999-11,TO052,999,999,12,sè.,sè,sè,PRON,Intonation=falling
1000-0,TO052,1000,1000,1,il,il,il,DET,_
1000-1,TO052,1000,1000,2,barbiere,barbiere,barbiere,NOUN,_
1000-2,TO052,1000,1000,3,se,se,se,PRON,_
1000-3,TO052,1000,1000,4,la,la,la,PRON,_
1000-4,TO052,1000,1000,5,fa,fa,fare,VERB,_
1000-5,TO052,1000,1000,6,la,la,il,DET,_
1000-6,TO052,1000,1000,7,barba?,barba,barba,NOUN,Intonation=rising
1001-0,TO052,1001,1001,1,lui,lui,lui,PRON,_
1001-1,TO052,1001,1001,2,ste[sso].,stesso,stesso,ADJ,Intonation=falling
1002-0,TO048,1002,1002,1,[a:]:h.,ah,ah,INTJ,Intonation=falling
1003-0,TO052,1003,1003,1,un,un,uno,DET,_
1003-1,TO052,1003,1003,2,barbiere,barbiere,barbiere,NOUN,_
1003-2,TO052,1003,1003,3,{P},{P},_,_,_
1003-3,TO052,1003,1003,4,fa,fa,fare,VERB,_
1003-4,TO052,1003,1003,5,la,la,il,DET,_
1003-5,TO052,1003,1003,6,barba,barba,barba,NOUN,_
1003-6,TO052,1003,1003,7,a,a,a,ADP,_
1003-7,TO052,1003,1003,8,chi,chi,chi,PRON,_
1003-8,TO052,1003,1003,9,non,non,non,ADV,_
1003-9,TO052,1003,1003,10,si,si,si,PRON,_
1003-10,TO052,1003,1003,11,fa,fa,fare,VERB,_
1003-11,TO052,1003,1003,12,la,la,il,DET,_
1003-12,TO052,1003,1003,13,barba,barba,barba,NOUN,_
1003-13,TO052,1003,1003,14,da,da,da,ADP,_
1003-14,TO052,1003,1003,15,sè.,sè,sè,PRON,Intonation=falling
1004-0,TO052,1004,1004,1,il,il,il,DET,_
1004-1,TO052,1004,1004,2,barbiere,barbiere,barbiere,NOUN,_
1004-2,TO052,1004,1004,3,a,a,a,ADP,_
1004-3,TO052,1004,1004,4,s~,s~,se ,PRON,Interrupted=Yes
1004-4,TO052,1004,1004,5,se,se,se,PRON,_
1004-5,TO052,1004,1004,6,stesso,stesso,stesso,ADJ,_
1004-6,TO052,1004,1004,7,se,se,se,PRON,_
1004-7,TO052,1004,1004,8,la,la,la,PRON,_
1004-8,TO052,1004,1004,9,deve,deve,dovere,AUX,_
1004-9,TO052,1004,1004,10,fare,fare,fare,VERB,_
1004-10,TO052,1004,1004,11,la,la,il,DET,_
1004-11,TO052,1004,1004,12,barba,barba,barba,NOUN,_
1004-12,TO052,1004,1004,13,o,o,o,CCONJ,_
1004-13,TO052,1004,1004,14,no?,no,no,ADV,Intonation=rising
1005-0,TO052,1005,1005,1,perché,perché,perché,SCONJ,_
1005-1,TO052,1005,1005,2,se,se,se,SCONJ,_
1005-2,TO052,1005,1005,3,la,la,la,PRON,_
1005-3,TO052,1005,1005,4,fa,fa,fare,VERB,_
1005-4,TO052,1005,1005,5,a,a,a,ADP,_
1005-5,TO052,1005,1005,6,se,se,se,PRON,_
1005-6,TO052,1005,1005,7,"stesso,",stesso,stesso,ADJ,Intonation=weakly_rising
1006-0,TO052,1006,1006,1,lui,lui,lui,PRON,_
1006-1,TO052,1006,1006,2,non,non,non,ADV,_
1006-2,TO052,1006,1006,3,se,se,se,PRON,_
1006-3,TO052,1006,1006,4,la,la,la,PRON,_
1006-4,TO052,1006,1006,5,dovrebbe,dovrebbe,dovere,AUX,_
1006-5,TO052,1006,1006,6,fare.,fare,fare,VERB,Intonation=falling
1007-0,TO048,1007,1007,1,"°a::h,°",ah,ah,INTJ,Intonation=weakly_rising|Volume=low
1008-0,TO050,1008,1008,1,°certo.°,certo,certo,ADV,Intonation=falling|Volume=low
1009-0,TO050,1009,1009,1,°ah.°,ah,ah,INTJ,Intonation=falling|Volume=low
1010-0,TO052,1010,1010,1,però,però,però,ADV,_
1010-1,TO052,1010,1010,2,se,se,se,SCONJ,_
1010-2,TO052,1010,1010,3,non,non,non,ADV,_
1010-3,TO052,1010,1010,4,se,se,se,PRON,_
1010-4,TO052,1010,1010,5,la,la,la,PRON,_
1010-5,TO052,1010,1010,6,fa,fa,fare,VERB,_
1010-6,TO052,1010,1010,7,se,se,se,SCONJ,_
1010-7,TO052,1010,1010,8,la,la,la,PRON,_
1010-8,TO052,1010,1010,9,dovrebbe,dovrebbe,dovere,AUX,_
1010-9,TO052,1010,1010,10,fare.,fare,fare,VERB,Intonation=falling
1011-0,TO052,1011,1011,1,perché,perché,perché,SCONJ,_
1011-1,TO052,1011,1011,2,la,la,la,PRON,_
1011-2,TO052,1011,1011,3,fa,fa,fare,VERB,_
1011-3,TO052,1011,1011,4,{P},{P},_,_,_
1011-4,TO052,1011,1011,5,a,a,a,ADP,_
1011-5,TO052,1011,1011,6,chiunque,chiunque,chiunque,PRON,_
1011-6,TO052,1011,1011,7,non,non,non,ADV,_
1011-7,TO052,1011,1011,8,se,se,se,PRON,_
1011-8,TO052,1011,1011,9,la,la,la,PRON,_
1011-9,TO052,1011,1011,10,[fa].,fa,fare,VERB,Intonation=falling
1012-0,TO050,1012,1012,1,[ah],ah,ah,INTJ,_
1012-1,TO050,1012,1012,2,beh,beh,beh,INTJ,_
1012-2,TO050,1012,1012,3,dipende,dipende,dipendere,VERB,_
1012-3,TO050,1012,1012,4,se,se,se,SCONJ,_
1012-4,TO050,1012,1012,5,prima,prima,prima,ADV,_
1012-5,TO050,1012,1012,6,o,o,o,CCONJ,_
1012-6,TO050,1012,1012,7,dopo.,dopo,dopo,ADV,Intonation=falling
1013-0,TO050,1013,1013,1,cioè,cioè,cioè,CCONJ,_
1013-1,TO050,1013,1013,2,chi,chi,chi,PRON,_
1013-2,TO050,1013,1013,3,se,se,se,PRON,_
1013-3,TO050,1013,1013,4,la,la,la,PRON,_
1013-4,TO050,1013,1013,5,fa,fa,fare,VERB,_
1013-5,TO050,1013,1013,6,da,da,da,ADP,_
1013-6,TO050,1013,1013,7,sè,sè,sè,PRON,_
1013-7,TO050,1013,1013,8,prima,prima,prima,ADV,_
1013-8,TO050,1013,1013,9,che,che,che,SCONJ,_
1013-9,TO050,1013,1013,10,lui,lui,lui,PRON,_
1013-10,TO050,1013,1013,11,faccia,faccia,fare,VERB,_
1013-11,TO050,1013,1013,12,la,la,il,DET,_
1013-12,TO050,1013,1013,13,barba.,barba,barba,NOUN,Intonation=falling
1014-0,TO052,1014,1014,1,no,no,no,INTJ,_
1014-1,TO052,1014,1014,2,[l~,l~,l~,X,Interrupted=Yes
1014-2,TO052,1014,1014,3,l~,l~,l~,X,Interrupted=Yes
1014-3,TO052,1014,1014,4,l',l',lo,DET,Truncated=Yes
1014-4,TO052,1014,1014,5,enunciato,enunciato,enunciato,NOUN,_
1014-5,TO052,1014,1014,6,{P},{P},_,_,_
1014-6,TO052,1014,1014,7,l',l',il,DET,Truncated=Yes
1014-7,TO052,1014,1014,8,enunciato,enunciato,enunciato,NOUN,_
1014-8,TO052,1014,1014,9,"è],",è,essere,AUX,Intonation=weakly_rising
1015-0,TO050,1015,1015,1,[cioè,cioè,cioè,CCONJ,_
1015-1,TO050,1015,1015,2,{P},{P},_,_,_
1015-2,TO050,1015,1015,3,lui,lui,lui,PRON,_
1015-3,TO050,1015,1015,4,fa,fa,fare,VERB,_
1015-4,TO050,1015,1015,5,la,la,il,DET,_
1015-5,TO050,1015,1015,6,barba,barba,barba,NOUN,_
1015-6,TO050,1015,1015,7,a,a,a,ADP,_
1015-7,TO050,1015,1015,8,chi,chi,chi,PRON,_
1015-8,TO050,1015,1015,9,non,non,non,ADV,_
1015-9,TO050,1015,1015,10,se,se,se,PRON,_
1015-10,TO050,1015,1015,11,la,la,la,PRON,_
1015-11,TO050,1015,1015,12,fa,fa,fare,VERB,_
1015-12,TO050,1015,1015,13,da,da,da,ADP,_
1015-13,TO050,1015,1015,14,sè,sè,sè,PRON,_
1015-14,TO050,1015,1015,15,quin]di,quindi,quindi,ADV,_
1015-15,TO050,1015,1015,16,{P},{P},_,_,_
1015-16,TO050,1015,1015,17,se,se,se,SCONJ,_
1015-17,TO050,1015,1015,18,non,non,non,ADV,_
1015-18,TO050,1015,1015,19,se,se,se,PRON,_
1015-19,TO050,1015,1015,20,la,la,la,PRON,_
1015-20,TO050,1015,1015,21,fa,fa,fare,VERB,_
1015-21,TO050,1015,1015,22,da,da,da,ADP,_
1015-22,TO050,1015,1015,23,sè,sè,sè,PRON,_
1015-23,TO050,1015,1015,24,lui,lui,lui,PRON,_
1015-24,TO050,1015,1015,25,fa,fa,fare,VERB,_
1015-25,TO050,1015,1015,26,la,la,il,DET,_
1015-26,TO050,1015,1015,27,barba,barba,barba,NOUN,_
1015-27,TO050,1015,1015,28,una,una,uno,DET,_
1015-28,TO050,1015,1015,29,volta,volta,volta,NOUN,_
1015-29,TO050,1015,1015,30,che,che,che,PRON,_
1015-30,TO050,1015,1015,31,ha,ha,avere,AUX,_
1015-31,TO050,1015,1015,32,fatto,fatto,fare,VERB,_
1015-32,TO050,1015,1015,33,la,la,il,DET,_
1015-33,TO050,1015,1015,34,barba,barba,barba,NOUN,_
1015-34,TO050,1015,1015,35,l',l',il,DET,Truncated=Yes
1015-35,TO050,1015,1015,36,a[zione,azione,azione,NOUN,_
1015-36,TO050,1015,1015,37,è,è,essere,AUX,_
1015-37,TO050,1015,1015,38,passa]ta.,passata,passare,VERB,Intonation=falling
1016-0,TO048,1016,1016,1,[potrebbe,potrebbe,potere,AUX,_
1016-1,TO048,1016,1016,2-4,"farselo],",farselo,_,_,Intonation=weakly_rising
1016-1a,_,_,1016,2,_,far,fare,VERB,_
1016-1b,_,_,1016,3,_,se,se,PRON,_
1016-1c,_,_,1016,4,_,lo,lo,PRON,_
1017-0,TO048,1017,1017,1,potrebbe,potrebbe,potere,AUX,_
1017-1,TO048,1017,1017,2-10,farglielo,farglielo,_,_,_
1017-1a,_,_,1017,2,_,far ,fare,VERB,_
1017-1b,_,_,1017,9,_,glie,gli,PRON,
1017-1c,_,_,1017,10,_,lo,lo,PRON,
1017-1b,_,_,1017,3,_,lo,il,PRON,_
1017-2,TO048,1017,1017,4,però,però,però,ADV,_
1017-3,TO048,1017,1017,5,il,il,il,DET,_
1017-4,TO048,1017,1017,6,barbiere,barbiere,barbiere,NOUN,_
1017-5,TO048,1017,1017,7,a,a,a,ADP,_
1017-6,TO048,1017,1017,8,lui.,lui,lui,PRON,Intonation=falling
1018-0,TO050,1018,1018,1,e,e,e,CCONJ,_
1018-1,TO050,1018,1018,2,no,no,no,ADV,_
1018-2,TO050,1018,1018,3,pe[rò,però,però,ADV,_
1018-3,TO050,1018,1018,4,lu:i,lui,lui,PRON,_
1018-4,TO050,1018,1018,5,ha,ha,avere,VERB,_
1018-5,TO050,1018,1018,6,questa,questa,questo,DET,_
1018-6,TO050,1018,1018,7,cosa,cosa,cosa,NOUN,_
1018-7,TO050,1018,1018,8,ha,ha,avere,VERB,_
1018-8,TO050,1018,1018,9,questa:,questa,questo,DET,_
1018-9,TO050,1018,1018,10,legge,legge,legge,NOUN,_
1018-10,TO050,1018,1018,11,che,che,che,PRON,_
1018-11,TO050,1018,1018,12,lui,lui,lui,PRON,_
1018-12,TO050,1018,1018,13,la,la,la,PRON,_
1018-13,TO050,1018,1018,14,fa,fa,fare,VERB,_
1018-14,TO050,1018,1018,15,da,da,da,ADP,_
1018-15,TO050,1018,1018,16,sè].,sè,sè,PRON,Intonation=falling
1019-0,TO048,1019,1019,1,[(infatti,infatti,infatti,ADV,_
1019-1,TO048,1019,1019,2,"è,)]",è,essere,AUX,Intonation=weakly_rising
1020-0,TO052,1020,1020,1,[no,no,no,ADV,_
1020-1,TO052,1020,1020,2,perché,perché,perché,SCONJ,_
1020-2,TO052,1020,1020,3,lui,lui,lui,PRON,_
1020-3,TO052,1020,1020,4,la,la,la,PRON,_
1020-4,TO052,1020,1020,5,fa,fa,fare,VERB,_
1020-5,TO052,1020,1020,6,a,a,a,ADP,_
1020-6,TO052,1020,1020,7,chi,chi,chi,PRON,_
1020-7,TO052,1020,1020,8,non,non,non,ADV,_
1020-8,TO052,1020,1020,9,se,se,se,PRON,_
1020-9,TO052,1020,1020,10,la,la,la,PRON,_
1020-10,TO052,1020,1020,11,fa,fa,fare,VERB,_
1020-11,TO052,1020,1020,12,da,da,da,ADP,_
1020-12,TO052,1020,1020,13,sè].,sè,sè,PRON,Intonation=falling
1021-0,TO050,1021,1021,1,però,però,però,ADV,_
1021-1,TO050,1021,1021,2,secondo,secondo,secondo,ADP,_
1021-2,TO050,1021,1021,3,me,me,me,PRON,_
1021-3,TO050,1021,1021,4,invece,invece,invece,ADV,_
1021-4,TO050,1021,1021,5,questo,questo,questo,PRON,_
1021-5,TO050,1021,1021,6,è,è,essere,AUX,_
1021-6,TO050,1021,1021,7,un,un,uno,DET,_
1021-7,TO050,1021,1021,8,piano,piano,piano,NOUN,_
1021-8,TO050,1021,1021,9,temporale.,temporale,temporale,ADJ,Intonation=falling
1022-0,TO052,1022,1022,1,no,no,no,ADV,_
1022-1,TO052,1022,1022,2,non,non,non,ADV,_
1022-2,TO052,1022,1022,3,è,è,essere,AUX,_
1022-3,TO052,1022,1022,4,no,no,no,ADV,_
1022-4,TO052,1022,1022,5,non,non,non,ADV,_
1022-5,TO052,1022,1022,6,è,è,essere,AUX,_
1022-6,TO052,1022,1022,7,una,una,uno,DET,_
1022-7,TO052,1022,1022,8,questione,questione,questione,NOUN,_
1022-8,TO052,1022,1022,9,di,di,di,ADP,_
1022-9,TO052,1022,1022,10,piano,piano,piano,NOUN,_
1022-10,TO052,1022,1022,11,temporale.,temporale,temporale,ADJ,Intonation=falling
1023-0,TO050,1023,1023,1,e,e,e,CCONJ,_
1023-1,TO050,1023,1023,2,al[lora,allora,allora,ADV,_
1023-2,TO050,1023,1023,3,xx,x,x,X,_
1023-3,TO050,1023,1023,4,come],come,come,SCONJ,_
1023-4,TO050,1023,1023,5,si,si,si,PRON,_
1023-5,TO050,1023,1023,6,chiama,chiama,chiamare,VERB,_
1023-6,TO050,1023,1023,7,questo:,questo,questo,DET,_
1023-7,TO050,1023,1023,8,russel,russel,Russel,PROPN,_
1023-8,TO050,1023,1023,9,questo,questo,questo,DET,_
1023-9,TO050,1023,1023,10,tipo.,tipo,tipo,NOUN,Intonation=falling
1024-0,TO052,1024,1024,1,[è,è,essere,AUX,_
1024-1,TO052,1024,1024,2,una,una,uno,DET,_
1024-2,TO052,1024,1024,3,questione,questione,questione,NOUN,_
1024-3,TO052,1024,1024,4,logica].,logica,logico,ADJ,Intonation=falling
1025-0,TO050,1025,1025,1,questo,questo,questo,DET,_
1025-1,TO050,1025,1025,2,tizio,tizio,tizio,NOUN,_
1025-2,TO050,1025,1025,3,(voglio,voglio,volere,AUX,_
1025-3,TO050,1025,1025,4,vedere,vedere,vedere,VERB,_
1025-4,TO050,1025,1025,5,xx,x,x,X,_
1025-5,TO050,1025,1025,6,"[xxx,)]",xxx,x,X,Intonation=weakly_rising
1026-0,TO052,1026,1026,1,[ma,ma,ma,CCONJ,_
1026-1,TO052,1026,1026,2,xx,x,x,X,_
1026-2,TO052,1026,1026,3,x]x,x,x,X,_
1026-3,TO052,1026,1026,4,bertrand,bertrand,Bertrand,PROPN,_
1026-4,TO052,1026,1026,5,russel,russel,Russel,PROPN,_
1026-5,TO052,1026,1026,6,veramen[te]?,veramente,veramente,ADV,Intonation=rising
1027-0,TO048,1027,1027,1,[ma],ma,ma,CCONJ,_
1027-1,TO048,1027,1027,2,scusa,scusa,scusa,NOUN,_
1027-2,TO048,1027,1027,3,qual,qual,quale,PRON,_
1027-3,TO048,1027,1027,4,è,è,essere,AUX,_
1027-4,TO048,1027,1027,5,"i:l,",il,il,DET,Intonation=weakly_rising
1028-0,TO048,1028,1028,1,[ma,ma,ma,CCONJ,_
1028-1,TO048,1028,1028,2,io,io,io,PRON,_
1028-2,TO048,1028,1028,3,adesso,adesso,adesso,ADV,_
1028-3,TO048,1028,1028,4,lo,lo,il,PRON,_
1028-4,TO048,1028,1028,5,vog]lio,voglio,volere,AUX,_
1028-5,TO048,1028,1028,6,sapere.,sapere,sapere,VERB,Intonation=falling
1029-0,TO052,1029,1029,1,[il,il,il,DET,_
1029-1,TO052,1029,1029,2,paradosso].,paradosso,paradosso,NOUN,Intonation=falling
1030-0,TO048,1030,1030,1,se,se,se,SCONJ,_
1030-1,TO048,1030,1030,2,[no,no,no,ADV,_
1030-2,TO048,1030,1030,3,qual,qual,quale,PRON,_
1030-3,TO048,1030,1030,4,è,è,essere,AUX,_
1030-4,TO048,1030,1030,5,xx,x,x,X,_
1030-5,TO048,1030,1030,6,la],la,il,DET,_
1030-6,TO048,1030,1030,7,soluzione.,soluzione,soluzione,NOUN,Intonation=falling
1031-0,TO050,1031,1031,1,[scusa,scusa,scusare,VERB,_
1031-1,TO050,1031,1031,2,però,però,però,ADV,_
1031-2,TO050,1031,1031,3,se,se,se,SCONJ,_
1031-3,TO050,1031,1031,4,"analizzi],",analizzi,analizzare,VERB,Intonation=weakly_rising
1032-0,TO050,1032,1032,1,il,il,il,DET,_
1032-1,TO050,1032,1032,2,"barbiere,",barbiere,barbiere,NOUN,Intonation=weakly_rising
1033-0,TO050,1033,1033,1,fa,fa,fare,VERB,_
1033-1,TO050,1033,1033,2,la,la,il,DET,_
1033-2,TO050,1033,1033,3,"barba,",barba,barba,NOUN,Intonation=weakly_rising
1034-0,TO050,1034,1034,1,a,a,a,ADP,_
1034-1,TO050,1034,1034,2,chi,chi,chi,PRON,_
1034-2,TO050,1034,1034,3,non,non,non,ADV,_
1034-3,TO050,1034,1034,4,la,la,la,PRON,_
1034-4,TO050,1034,1034,5,fa,fa,fare,VERB,_
1034-5,TO050,1034,1034,6,da,da,da,ADP,_
1034-6,TO050,1034,1034,7,sè.,sè,sè,PRON,Intonation=falling
1035-0,TO052,1035,1035,1,sì.,sì,sì,ADV,Intonation=falling
1036-0,TO050,1036,1036,1,quando,quando,quando,SCONJ,_
1036-1,TO050,1036,1036,2,la,la,il,DET,_
1036-2,TO050,1036,1036,3,persona,persona,persona,NOUN,_
1036-3,TO050,1036,1036,4,non,non,non,ADV,_
1036-4,TO050,1036,1036,5,la,la,la,PRON,_
1036-5,TO050,1036,1036,6,fa,fa,fare,VERB,_
1036-6,TO050,1036,1036,7,da,da,da,ADP,_
1036-7,TO050,1036,1036,8,sè?,sè,sè,PRON,Intonation=rising
1037-0,TO050,1037,1037,1,cioè,cioè,cioè,CCONJ,_
1037-1,TO050,1037,1037,2,lui,lui,lui,PRON,_
1037-2,TO050,1037,1037,3,la,la,la,PRON,_
1037-3,TO050,1037,1037,4,"fa,",fa,fare,VERB,Intonation=weakly_rising
1038-0,TO050,1038,1038,1,quindi,quindi,quindi,ADV,_
1038-1,TO050,1038,1038,2,immagino,immagino,immaginare,VERB,_
1038-2,TO050,1038,1038,3,il,il,il,DET,_
1038-3,TO050,1038,1038,4,barbiere,barbiere,barbiere,NOUN,_
1038-4,TO050,1038,1038,5,che,che,che,PRON,_
1038-5,TO050,1038,1038,6,controlla,controlla,controllare,VERB,_
1038-6,TO050,1038,1038,7,se,se,se,SCONJ,_
1038-7,TO050,1038,1038,8,lui,lui,lui,PRON,_
1038-8,TO050,1038,1038,9,ti,ti,ti,PRON,_
1038-9,TO050,1038,1038,10,fa,fa,fare,VERB,_
1038-10,TO050,1038,1038,11,la,la,il,DET,_
1038-11,TO050,1038,1038,12,barba,barba,barba,NOUN,_
1038-12,TO050,1038,1038,13,da:,da,da,ADP,_
1038-13,TO050,1038,1038,14,mh,mh,mh,INTJ,_
1038-14,TO050,1038,1038,15,da,da,da,ADP,_
1038-15,TO050,1038,1038,16,"te,",te,te,PRON,Intonation=weakly_rising
1038-16,TO050,1038,1038,17,da,da,da,ADP,_
1038-17,TO050,1038,1038,18,sè,sè,sè,PRON,_
1038-18,TO050,1038,1038,19,come,come,come,ADV,_
1038-19,TO050,1038,1038,20,si,si,si,PRON,_
1038-20,TO050,1038,1038,21,dice.,dice,dire,VERB,Intonation=falling
1039-0,TO050,1039,1039,1,se,se,se,SCONJ,_
1039-1,TO050,1039,1039,2,lui,lui,lui,PRON,_
1039-2,TO050,1039,1039,3,fa,fa,fare,VERB,_
1039-3,TO050,1039,1039,4,la,la,il,DET,_
1039-4,TO050,1039,1039,5,barba,barba,barba,NOUN,_
1039-5,TO050,1039,1039,6,da,da,da,ADP,_
1039-6,TO050,1039,1039,7,"solo,",solo,solo,ADJ,Intonation=weakly_rising
1040-0,TO050,1040,1040,1,se,se,se,SCONJ,_
1040-1,TO050,1040,1040,2,non,non,non,ADV,_
1040-2,TO050,1040,1040,3,ti,ti,ti,PRON,_
1040-3,TO050,1040,1040,4,fai,fai,fare,VERB,_
1040-4,TO050,1040,1040,5,la,la,il,DET,_
1040-5,TO050,1040,1040,6,barba,barba,barba,NOUN,_
1040-6,TO050,1040,1040,7,da,da,da,ADP,_
1040-7,TO050,1040,1040,8,solo,solo,solo,ADJ,_
1040-8,TO050,1040,1040,9,allora,allora,allora,ADV,_
1040-9,TO050,1040,1040,10,te,te,te,PRON,_
1040-10,TO050,1040,1040,11,la,la,la,PRON,_
1040-11,TO050,1040,1040,12,faccio,faccio,fare,VERB,_
1040-12,TO050,1040,1040,13,io.,io,io,PRON,Intonation=falling
1041-0,TO052,1041,1041,1,mh.,mh,mh,INTJ,Intonation=falling
1042-0,TO050,1042,1042,1,quindi,quindi,quindi,ADV,_
1042-1,TO050,1042,1042,2,lui,lui,lui,PRON,_
1042-2,TO050,1042,1042,3,"dice,",dice,dire,VERB,Intonation=weakly_rising
1043-0,TO050,1043,1043,1,"tu,",tu,tu,PRON,Intonation=weakly_rising
1044-0,TO050,1044,1044,1,io,io,io,PRON,_
1044-1,TO050,1044,1044,2,"barbiere,",barbiere,barbiere,NOUN,Intonation=weakly_rising
1045-0,TO050,1045,1045,1,mi,mi,mi,PRON,_
1045-1,TO050,1045,1045,2,faccio,faccio,fare,VERB,_
1045-2,TO050,1045,1045,3,la,la,il,DET,_
1045-3,TO050,1045,1045,4,barba,barba,barba,NOUN,_
1045-4,TO050,1045,1045,5,da,da,da,ADP,_
1045-5,TO050,1045,1045,6,"solo,",solo,solo,ADV,Intonation=weakly_rising
1046-0,TO050,1046,1046,1,no.,no,no,ADV,Intonation=falling
1047-0,TO050,1047,1047,1,allora,allora,allora,ADV,_
1047-1,TO050,1047,1047,2,me,me,me,PRON,_
1047-2,TO050,1047,1047,3,la,la,la,PRON,_
1047-3,TO050,1047,1047,4,faccio.,faccio,fare,VERB,Intonation=falling
1048-0,TO050,1048,1048,1,poi,poi,poi,ADV,_
1048-1,TO050,1048,1048,2,dopo,dopo,dopo,ADP,_
1048-2,TO050,1048,1048,3,me,me,me,PRON,_
1048-3,TO050,1048,1048,4,la,la,la,PRON,_
1048-4,TO050,1048,1048,5,sono,sono,essere,AUX,_
1048-5,TO050,1048,1048,6,fatta,fatta,fare,VERB,_
1048-6,TO050,1048,1048,7,però,però,però,ADV,_
1048-7,TO050,1048,1048,8,a,a,a,ADP,_
1048-8,TO050,1048,1048,9,quel,quel,quello,DET,_
1048-9,TO050,1048,1048,10,punto,punto,punto,NOUN,_
1048-10,TO050,1048,1048,11,il,il,il,DET,_
1048-11,TO050,1048,1048,12,barbiere,barbiere,barbiere,NOUN,_
1048-12,TO050,1048,1048,13,non,non,non,ADV,_
1048-13,TO050,1048,1048,14,fa,fa,fare,VERB,_
1048-14,TO050,1048,1048,15,più,più,più,ADV,_
1048-15,TO050,1048,1048,16,la,la,il,DET,_
1048-16,TO050,1048,1048,17,barba,barba,barba,NOUN,_
1048-17,TO050,1048,1048,18,la,la,la,PRON,_
1048-18,TO050,1048,1048,19,fa,fa,fare,VERB,_
1048-19,TO050,1048,1048,20,chi,chi,chi,PRON,_
1048-20,TO050,1048,1048,21,la,la,la,PRON,_
1048-21,TO050,1048,1048,22,fa,fa,fare,VERB,_
1048-22,TO050,1048,1048,23,xx,x,x,X,_
1048-23,TO050,1048,1048,24,xx.,xx,x,X,Intonation=falling
1049-0,TO052,1049,1049,1,non,non,non,ADV,_
1049-1,TO052,1049,1049,2,è,è,essere,AUX,_
1049-2,TO052,1049,1049,3,questa,questa,questo,PRON,_
1049-3,TO052,1049,1049,4,la,la,il,DET,_
1049-4,TO052,1049,1049,5,soluzi[one.,soluzione,soluzione,NOUN,Intonation=falling
1049-5,TO052,1049,1049,6,"era]:,",era,essere,AUX,Intonation=weakly_rising
1050-0,TO050,1050,1050,1,"[sì],",sì,sì,ADV,Intonation=weakly_rising
1051-0,TO052,1051,1051,1,è,è,essere,AUX,_
1051-1,TO052,1051,1051,2,il,il,il,DET,_
1051-2,TO052,1051,1051,3,fatto,fatto,fatto,NOUN,_
1051-3,TO052,1051,1051,4,che,che,che,SCONJ,_
1051-4,TO052,1051,1051,5,il,il,il,DET,_
1051-5,TO052,1051,1051,6,"barbiere,",barbiere,barbiere,NOUN,Intonation=weakly_rising
1052-0,TO052,1052,1052,1,ne~,ne~,ne~,X,Interrupted=Yes
1052-1,TO052,1052,1052,2-3,nella,nella,_,_,_
1052-1a,_,_,1052,2,_,in,in,ADP,_
1052-1b,_,_,1052,3,_,la,la,DET,_
1052-2,TO052,1052,1052,4-5,nell',nell',_,_,Truncated=Yes
1052-2a,_,_,1052,4,_,in,in,ADP,_
1052-2b,_,_,1052,5,_,l',il,DET,_
1052-3,TO052,1052,1052,6,"enunciato,",enunciato,enunciato,NOUN,Intonation=weakly_rising
1053-0,TO052,1053,1053,1,in,in,in,ADP,_
1053-1,TO052,1053,1053,2,realtà,realtà,realtà,NOUN,_
1053-2,TO052,1053,1053,3,è,è,essere,AUX,_
1053-3,TO052,1053,1053,4,fuori.,fuori,fuori,ADV,Intonation=falling
1054-0,TO052,1054,1054,1-2,da:l,dal,_,_,_
1054-0a,_,_,1054,1,_,da,da,ADP,_
1054-0b,_,_,1054,2,_,il,il,DET,_
1054-1,TO052,1054,1054,4,da,da,da,ADP,_
1054-2,TO052,1054,1054,5,da,da,da,ADP,_
1054-3,TO052,1054,1054,6,da,da,da,ADP,_
1054-4,TO052,1054,1054,7-9,dal,dal,_,_,_
1054-4a,_,_,1054,7,_,da,da,ADP,
1054-4b,_,_,1054,9,_,il,il,DET,_
1054-5,TO052,1054,1054,8,campione.,campione,campione,NOUN,Intonation=falling
1055-0,TO052,1055,1055,1,così,così,così,ADV,_
1055-1,TO052,1055,1055,2,"come,",come,come,ADP,Intonation=weakly_rising
1056-0,TO052,1056,1056,1,pericle,pericle,Pericle,PROPN,_
1056-1,TO052,1056,1056,2,"[ateniese],",ateniese,ateniese,ADJ,Intonation=weakly_rising
1057-0,TO050,1057,1057,1,[quindi,quindi,quindi,ADV,_
1057-1,TO050,1057,1057,2,chi,chi,chi,PRON,_
1057-2,TO050,1057,1057,3,no]n,non,non,ADV,_
1057-3,TO050,1057,1057,4,comprende,comprende,comprendere,VERB,_
1057-4,TO050,1057,1057,5,il,il,il,DET,_
1057-5,TO050,1057,1057,6,"barbiere,",barbiere,barbiere,NOUN,Intonation=weakly_rising
1058-0,TO052,1058,1058,1,sì.,sì,sì,ADV,Intonation=falling
1059-0,TO052,1059,1059,1,eh,eh,eh,INTJ,_
1059-1,TO052,1059,1059,2,è,è,essere,AUX,_
1059-2,TO052,1059,1059,3,così,così,così,ADV,_
1059-3,TO052,1059,1059,4,"come,",come,come,ADP,Intonation=weakly_rising
1060-0,TO052,1060,1060,1,eh,eh,eh,INTJ,_
1060-1,TO052,1060,1060,2,e,e,e,CCONJ,_
1060-2,TO052,1060,1060,3,il,il,il,DET,_
1060-3,TO052,1060,1060,4,pericle,pericle,Pericle,PROPN,_
1060-4,TO052,1060,1060,5,ate[niese,ateniese,ateniese,ADJ,_
1060-5,TO052,1060,1060,6,"co:n],",con,con,ADP,Intonation=weakly_rising
1061-0,TO048,1061,1061,1,[è,è,essere,AUX,_
1061-1,TO048,1061,1061,2,fuori],fuori,fuori,ADV,_
1061-2,TO048,1061,1061,3-4,dal,dal,_,_,_
1061-2a,_,_,1061,3,_,da,da,ADP,_
1061-2b,_,_,1061,4,_,il,il,DET,_
1061-3,TO048,1061,1061,5,l,l,l,NOUN,_
1061-4,TO048,1061,1061,6,"enunciato,",enunciato,enunciato,NOUN,Intonation=weakly_rising
1062-0,TO052,1062,1062,1,perché,perché,perché,SCONJ,_
1062-1,TO052,1062,1062,2,(lui),lui,lui,PRON,_
1062-2,TO052,1062,1062,3,è,è,essere,AUX,_
1062-3,TO052,1062,1062,4,un,un,uno,DET,_
1062-4,TO052,1062,1062,5,piano,piano,piano,NOUN,_
1062-5,TO052,1062,1062,6,logico::,logico,logico,ADJ,_
1062-6,TO052,1062,1062,7,diverso.,diverso,diverso,ADJ,Intonation=falling
1063-0,TO052,1063,1063,1,sembra,sembra,sembrare,VERB,_
1063-1,TO052,1063,1063,2,una,una,uno,DET,_
1063-2,TO052,1063,1063,3,banalità,banalità,banalità,NOUN,_
1063-3,TO052,1063,1063,4,e,e,e,CCONJ,_
1063-4,TO052,1063,1063,5,una,una,uno,DET,_
1063-5,TO052,1063,1063,6,stupidaggine,stupidaggine,stupidaggine,NOUN,_
1063-6,TO052,1063,1063,7,però,però,però,ADV,_
1063-7,TO052,1063,1063,8-9,nel,nel,_,_,_
1063-7a,_,_,1063,8,_,in,in,ADP,_
1063-7b,_,_,1063,9,_,il,il,DET,_
1063-8,TO052,1063,1063,10,linguaggio,linguaggio,linguaggio,NOUN,_
1063-9,TO052,1063,1063,11,informatico,informatico,informatico,ADJ,_
1063-10,TO052,1063,1063,12,poi,poi,poi,ADV,_
1063-11,TO052,1063,1063,13,funziona,funziona,funzionare,VERB,_
1063-12,TO052,1063,1063,14,così.,così,così,ADV,Intonation=falling
1064-0,TO050,1064,1064,1,forse,forse,forse,ADV,_
1064-1,TO050,1064,1064,2,non,non,non,ADV,_
1064-2,TO050,1064,1064,3,è,è,essere,AUX,_
1064-3,TO050,1064,1064,4,il,il,il,DET,_
1064-4,TO050,1064,1064,5,mandante.,mandante,mandante,NOUN,Intonation=falling
1065-0,TO050,1065,1065,1,è,è,essere,AUX,_
1065-1,TO050,1065,1065,2,il,il,il,DET,_
1065-2,TO050,1065,1065,3,"mandante,",mandante,mandante,NOUN,Intonation=weakly_rising
1066-0,TO050,1066,1066,1,non,non,non,ADV,_
1066-1,TO050,1066,1066,2,è,è,essere,AUX,_
1066-2,TO050,1066,1066,3,l',l',il,DET,Truncated=Yes
1066-3,TO050,1066,1066,4,autore.,autore,autore,NOUN,Intonation=falling
1067-0,TO048,1067,1067,1,xx,x,x ,X,_
1067-1,TO048,1067,1067,2,animatore,animatore,animatore,NOUN,_
1067-2,TO048,1067,1067,3,è,è,essere,AUX,_
1067-3,TO048,1067,1067,4,(si,si,si,PRON,_
1067-4,TO048,1067,1067,5,chiama),chiama,chiamare,VERB,_
1067-5,TO048,1067,1067,6,animatore,animatore,animatore,NOUN,_
1067-6,TO048,1067,1067,7,e,e,e,CCONJ,_
1067-7,TO048,1067,1067,8,(parla,parla,parlare,VERB,_
1067-8,TO048,1067,1067,9,anche,anche,anche,ADV,_
1067-9,TO048,1067,1067,10,come,come,come,ADP,_
1067-10,TO048,1067,1067,11,un),un,uno,DET,_
1067-11,TO048,1067,1067,12,[animatore].,animatore,animatore,NOUN,Intonation=falling
1068-0,TO050,1068,1068,1,[(animatore.)],animatore,animatore,NOUN,Intonation=falling
1069-0,TO052,1069,1069,1,però,però,però,ADV,_
1069-1,TO052,1069,1069,2,n,n,n,X,ProsodicLink=Yes
1069-2,TO052,1069,1069,3,m:h,mh,mh,INTJ,_
1069-3,TO052,1069,1069,4,{P},{P},_,_,_
1069-4,TO052,1069,1069,5,x,x,x,X,_
1069-5,TO052,1069,1069,6,xx.,xx,x ,X,Intonation=falling
1070-0,TO052,1070,1070,1,tr~,tr~,tra,ADP,Interrupted=Yes
1070-1,TO052,1070,1070,2,tra,tra,tra,ADP,_
1070-2,TO052,1070,1070,3,l',l',il,DET,Truncated=Yes
1070-3,TO052,1070,1070,4,altro,altro,altro,PRON,_
1070-4,TO052,1070,1070,5,di,di,di,ADP,_
1070-5,TO052,1070,1070,6,bertrand,bertrand,Bertrand,PROPN,_
1070-6,TO052,1070,1070,7,russel,russel,Russel,PROPN,_
1070-7,TO052,1070,1070,8,io,io,io,PRON,_
1070-8,TO052,1070,1070,9,mi,mi,mi,PRON,_
1070-9,TO052,1070,1070,10,"ricordo,",ricordo,ricordare,VERB,Intonation=weakly_rising
1071-0,TO052,1071,1071,1,una,una,uno,DET,_
1071-1,TO052,1071,1071,2,cosa,cosa,cosa,NOUN,_
1071-2,TO052,1071,1071,3,"che,",che,che,PRON,Intonation=weakly_rising
1072-0,TO052,1072,1072,1,"lu:i,",lui,lui,PRON,Intonation=weakly_rising
1073-0,TO052,1073,1073,1,praticamente,praticamente,praticamente,ADV,_
1073-1,TO052,1073,1073,2,c~,c~,c~,X,Interrupted=Yes
1073-2,TO052,1073,1073,3,eh,eh,eh,INTJ,_
1073-3,TO052,1073,1073,4,ne,ne,ne,PRON,_
1073-4,TO052,1073,1073,5,ne,ne,ne,PRON,_
1073-5,TO052,1073,1073,6-7,nei,nei,_,_,_
1073-5a,_,_,1073,6,_,in,in,ADP,_
1073-5b,_,_,1073,7,_,i,il,DET,_
1073-6,TO052,1073,1073,8,primi,primi,primo,ADJ,_
1073-7,TO052,1073,1073,9-10,del,del,_,_,_
1073-7a,_,_,1073,9,_,di,di,ADP,_
1073-7b,_,_,1073,10,_,il,il,DET,_
1073-8,TO052,1073,1073,11,"[novecento],",novecento,novecento,NOUN,Intonation=weakly_rising
1074-0,TO048,1074,1074,1,[x,x,x,X,_
1074-1,TO048,1074,1074,2,xxx,x,x,X,_
1074-2,TO048,1074,1074,3,quest]a,questa,questo,DET,_
1074-3,TO048,1074,1074,4,"cos[a],",cosa,cosa,NOUN,Intonation=weakly_rising
1075-0,TO052,1075,1075,1,[c',c',ci,PRON,SpaceAfter=No
1075-1,TO052,1075,1075,2,]erano,erano,essere,AUX,_
1075-2,TO052,1075,1075,3,c',c',ci,PRON,Truncated=Yes
1075-3,TO052,1075,1075,4,erano,erano,essere,VERB,_
1075-4,TO052,1075,1075,5,due,due,due,NUM,_
1075-5,TO052,1075,1075,6,che,che,che,PRON,_
1075-6,TO052,1075,1075,7,lavoravano,lavoravano,lavorare,VERB,_
1075-7,TO052,1075,1075,8-9,sulla,sulla,_,_,_
1075-7a,_,_,1075,8,_,su,su,ADP,_
1075-7b,_,_,1075,9,_,la,il,DET,_
1075-8,TO052,1075,1075,10,stessa,stessa,stesso,ADJ,_
1075-9,TO052,1075,1075,11,cosa.,cosa,cosa,NOUN,Intonation=falling
1076-0,TO052,1076,1076,1,che,che,che,PRON,_
1076-1,TO052,1076,1076,2,era,era,essere,AUX,_
1076-2,TO052,1076,1076,3,"tipo,",tipo,tipo,NOUN,Intonation=weakly_rising
1077-0,TO050,1077,1077,1,ma,ma,ma,CCONJ,_
1077-1,TO050,1077,1077,2,tu,tu,tu,PRON,_
1077-2,TO050,1077,1077,3,mh,mh,mh,INTJ,_
1077-3,TO050,1077,1077,4,"mh,",mh,mh,INTJ,Intonation=weakly_rising
1078-0,TO052,1078,1078,1,tutta,tutta,tutto,DET,_
1078-1,TO052,1078,1078,2,una,una,uno,DET,_
1078-2,TO052,1078,1078,3,{P},{P},_,_,_
1078-3,TO052,1078,1078,4,una,una,uno,DET,_
1078-4,TO052,1078,1078,5,ricostruzione,ricostruzione,ricostruzione,NOUN,_
1078-5,TO052,1078,1078,6-7,della,della,_,_,_
1078-5a,_,_,1078,6,_,di,di,ADP,_
1078-5b,_,_,1078,7,_,la,il,DET,_
1078-6,TO052,1078,1078,8,logica,logica,logica,NOUN,_
1078-7,TO052,1078,1078,9,"matematica,",matematica,matematica,ADJ,Intonation=weakly_rising
1079-0,TO048,1079,1079,0,{ride},{ride},_,X,_
1080-0,TO050,1080,1080,1,>sai,sai,sapere,VERB,_
1080-1,TO050,1080,1080,2,che,che,che,SCONJ,_
1080-2,TO050,1080,1080,3,forse,forse,forse,ADV,_
1080-3,TO050,1080,1080,4,c',c',ci,PRON,Truncated=Yes
1080-4,TO050,1080,1080,5,è,è,essere,VERB,_
1080-5,TO050,1080,1080,6,ancora,ancora,ancora,ADV,_
1080-6,TO050,1080,1080,7,un,un,uno,DET,_
1080-7,TO050,1080,1080,8,po',po',poco,PRON,_
1080-8,TO050,1080,1080,9,di,di,di,ADP,_
1080-9,TO050,1080,1080,10,gelato,gelato,gelato,NOUN,_
1080-10,TO050,1080,1080,11,che,che,che,PRON,_
1080-11,TO050,1080,1080,12,ho,ho,avere,AUX,_
1080-12,TO050,1080,1080,13,portato,portato,portare,VERB,_
1080-13,TO050,1080,1080,14,l',l',il,DET,Truncated=Yes
1080-14,TO050,1080,1080,15,altra,altra,altro,ADJ,_
1080-15,TO050,1080,1080,16,volta<?,volta,volta,NOUN,Intonation=rising
1081-0,TO050,1081,1081,1,vai,vai,andare,VERB,_
1081-1,TO050,1081,1081,2,a,a,a,ADP,_
1081-2,TO050,1081,1081,3,controllare.,controllare,controllare,VERB,Intonation=falling
1082-0,TO048,1082,1082,1,xx,x,x,X,_
1082-1,TO048,1082,1082,2,[xxx],x,x,X,_
1083-0,TO052,1083,1083,1,"[comunque,",comunque,comunque,ADV,Intonation=weakly_rising
1083-1,TO052,1083,1083,2,{P},{P},_,_,_
1083-2,TO052,1083,1083,3,ora,ora,ora,ADV,_
1083-3,TO052,1083,1083,4,io,io,io,PRON,_
1083-4,TO052,1083,1083,5,ho,ho,avere,AUX,_
1083-5,TO052,1083,1083,6,pa]rlato,parlato,parlare,VERB,_
1083-6,TO052,1083,1083,7-8,del,del,_,_,_
1083-6a,_,_,1083,7,_,di,di,ADP,_
1083-6b,_,_,1083,8,_,il,il,DET,_
1083-7,TO052,1083,1083,9,"convegno,",convegno,convegno,NOUN,Intonation=weakly_rising
1084-0,TO052,1084,1084,1,"però,",però,però,CCONJ,Intonation=weakly_rising
1085-0,TO052,1085,1085,1,ora,ora,ora,ADV,_
1085-1,TO052,1085,1085,2,tu,tu,tu,PRON,_
1085-2,TO052,1085,1085,3,devi,devi,dovere,AUX,_
1085-3,TO052,1085,1085,4,parlare,parlare,parlare,VERB,_
1085-4,TO052,1085,1085,5-6,della,della,_,_,_
1085-4a,_,_,1085,5,_,di,di,ADP,_
1085-4b,_,_,1085,6,_,la,il,DET,_
1085-5,TO052,1085,1085,7,lezione.,lezione,lezione,NOUN,Intonation=falling
1086-0,TO048,1086,1086,1,lezio~,lezio~,lezio~,X,Interrupted=Yes
1086-1,TO048,1086,1086,2,ah,ah,ah,INTJ,_
1086-2,TO048,1086,1086,3,ne,ne,ne,PRON,_
1086-3,TO048,1086,1086,4,parla,parla,parlare,VERB,_
1086-4,TO048,1086,1086,5,marco.,marco,Marco,PROPN,Intonation=falling
1087-0,TO052,1087,1087,1,[no].,no,no,ADV,Intonation=falling
1088-0,TO050,1088,1088,1,"[<lez]ion[e:>],",lezione,lezione,NOUN,Intonation=weakly_rising
1089-0,TO052,1089,1089,1,[no],no,no,ADV,_
1089-1,TO052,1089,1089,2,ne,ne,ne,PRON,_
1089-2,TO052,1089,1089,3,devi,devi,dovere,AUX,_
1089-3,TO052,1089,1089,4,parlare,parlare,parlare,VERB,_
1089-4,TO052,1089,1089,5,tu.,tu,tu,PRON,Intonation=falling
1090-0,TO048,1090,1090,1,no,no,no,ADV,_
1090-1,TO048,1090,1090,2,te,te,te,PRON,_
1090-2,TO048,1090,1090,3,ne,ne,ne,PRON,_
1090-3,TO048,1090,1090,4,[parla,parla,parlare,VERB,_
1090-4,TO048,1090,1090,5,ma]rco.,marco,Marco,PROPN,Intonation=falling
1091-0,TO052,1091,1091,1,[e,e,e,CCONJ,_
1091-1,TO052,1091,1091,2,"poi],",poi,poi,ADV,Intonation=weakly_rising
1092-0,TO052,1092,1092,1,e,e,e,CCONJ,_
1092-1,TO052,1092,1092,2,e,e,e,CCONJ,_
1092-2,TO052,1092,1092,3,lui,lui,lui,PRON,_
1092-3,TO052,1092,1092,4,"invece,",invece,invece,ADV,Intonation=weakly_rising
1093-0,TO052,1093,1093,1,da,da,da,ADP,_
1093-1,TO052,1093,1093,2,testimone,testimone,testimone,NOUN,_
1093-2,TO052,1093,1093,3,mi,mi,mi,PRON,_
1093-3,TO052,1093,1093,4,"dice,",dice,dire,VERB,Intonation=weakly_rising
1094-0,TO052,1094,1094,1,no,no,no,ADV,_
1094-1,TO052,1094,1094,2,non,non,non,ADV,_
1094-2,TO052,1094,1094,3,era,era,essere,AUX,_
1094-3,TO052,1094,1094,4,così,così,così,ADV,_
1094-4,TO052,1094,1094,5,era,era,essere,AUX,_
1094-5,TO052,1094,1094,6,meglio.,meglio,meglio,ADV,Intonation=falling
1095-0,TO050,1095,1095,1,no,no,no,ADV,_
1095-1,TO050,1095,1095,2,io,io,io,PRON,_
1095-2,TO050,1095,1095,3,mi,mi,mi,PRON,_
1095-3,TO050,1095,1095,4,astengo.,astengo,astenere,VERB,Intonation=falling
1096-0,TO048,1096,1096,1,allora,allora,allora,ADV,_
1096-1,TO048,1096,1096,2,devo,devo,dovere,AUX,_
1096-2,TO048,1096,1096,3,essere,essere,essere,AUX,_
1096-3,TO048,1096,1096,4,oggettiva?,oggettiva,oggettivo,ADJ,Intonation=rising
1097-0,TO052,1097,1097,1,quanto,quanto,quanto,ADV,_
1097-1,TO052,1097,1097,2,più,più,più,ADV,_
1097-2,TO052,1097,1097,3,riesci,riesci,riuscire,VERB,_
1097-3,TO052,1097,1097,4,a,a,a,ADP,_
1097-4,TO052,1097,1097,5-6,esserlo.,esserlo,_,_,Intonation=falling
1097-4a,_,_,1097,5,_,esser,essere,AUX,_
1097-4b,_,_,1097,6,_,lo,lo,PRON,_
1098-0,TO050,1098,1098,1,guarda,guarda,guardare,VERB,_
1098-1,TO050,1098,1098,2,che,che,che,SCONJ,_
1098-2,TO050,1098,1098,3,ti,ti,ti,PRON,_
1098-3,TO050,1098,1098,4,registro,registro,registro,NOUN,_
1098-4,TO050,1098,1098,5,eh.,eh,eh,INTJ,Intonation=falling
1099-0,TO050,1099,1099,1,stai,stai,stare,VERB,_
1099-1,TO050,1099,1099,2,per,per,per,ADP,_
1099-2,TO050,1099,1099,3,dire,dire,dire,VERB,_
1099-3,TO050,1099,1099,4,qualcosa,qualcosa,qualcosa,PRON,_
1099-4,TO050,1099,1099,5,"di::,",di,di,ADP,Intonation=weakly_rising
1100-0,TO048,1100,1100,1,volete,volete,volere,VERB,_
1100-1,TO048,1100,1100,2,tutti,tutti,tutto,PRON,_
1100-2,TO048,1100,1100,3,il,il,il,DET,_
1100-3,TO048,1100,1100,4,gelato?,gelato,gelato,NOUN,Intonation=rising
1101-0,TO050,1101,1101,1,com',com',come,SCONJ,Truncated=Yes
1101-1,TO050,1101,1101,2,è?,è,essere,AUX,Intonation=rising
1102-0,TO052,1102,1102,1,[xxx,x,x,X,_
1102-1,TO052,1102,1102,2,non,non,non,ADV,_
1102-2,TO052,1102,1102,3,lo,lo,lo,PRON,_
1102-3,TO052,1102,1102,4,so].,so,sapere,VERB,Intonation=falling
1103-0,TO050,1103,1103,1,[cioccolato]?,cioccolato,cioccolato,NOUN,Intonation=rising
1104-0,TO048,1104,1104,1,[cacao].,cacao,cacao,NOUN,Intonation=falling
1105-0,TO052,1105,1105,1,non,non,non,ADV,_
1105-1,TO052,1105,1105,2,lo,lo,lo,PRON,_
1105-2,TO052,1105,1105,3,so.,so,sapere,VERB,Intonation=falling
1106-0,TO050,1106,1106,1,neanch',neanch',neanche,ADV,Truncated=Yes
1106-1,TO050,1106,1106,2,io.,io,io,PRON,Intonation=falling
1107-0,TO048,1107,1107,1,vabbè.,vabbè,vabbè,INTJ,Intonation=falling
1108-0,TO052,1108,1108,1,c',c',ci,PRON,Truncated=Yes
1108-1,TO052,1108,1108,2,è,è,essere,VERB,_
1108-2,TO052,1108,1108,3,una,una,uno,DET,_
1108-3,TO052,1108,1108,4,parte,parte,parte,NOUN,_
1108-4,TO052,1108,1108,5,di,di,di,ADP,_
1108-5,TO052,1108,1108,6,me,me,me,PRON,_
1108-6,TO052,1108,1108,7,che,che,che,PRON,_
1108-7,TO052,1108,1108,8,lo,lo,lo,PRON,_
1108-8,TO052,1108,1108,9,{P},{P},_,_,_
1108-9,TO052,1108,1108,10,che,che,che,PRON,_
1108-10,TO052,1108,1108,11,lo,lo,lo,PRON,_
1108-11,TO052,1108,1108,12,vuole,vuole,volere,VERB,_
1108-12,TO052,1108,1108,13,e,e,e,CCONJ,_
1108-13,TO052,1108,1108,14,una,una,uno,DET,_
1108-14,TO052,1108,1108,15,parte,parte,parte,NOUN,_
1108-15,TO052,1108,1108,16,di,di,di,ADP,_
1108-16,TO052,1108,1108,17,me,me,me,PRON,_
1108-17,TO052,1108,1108,18,[che,che,che,PRON,_
1108-18,TO052,1108,1108,19,xx,x,x,X,_
1108-19,TO052,1108,1108,20,sigaretta,sigaretta,sigaretta,NOUN,_
1108-20,TO052,1108,1108,21,e,e,e,CCONJ,_
1108-21,TO052,1108,1108,22,non,non,non,ADV,_
1108-22,TO052,1108,1108,23,vuole,vuole,volere,AUX,_
1108-23,TO052,1108,1108,24,fum]are.,fumare,fumare,VERB,Intonation=falling
1109-0,TO048,1109,1109,1,[chi,chi,chi,PRON,_
1109-1,TO048,1109,1109,2,ha,ha,avere,VERB,_
1109-2,TO048,1109,1109,3,xx,x,x,X,_
1109-3,TO048,1109,1109,4,"cucchiaino],",cucchiaino,cucchiaino,NOUN,Intonation=weakly_rising
1110-0,TO048,1110,1110,1,ma,ma,ma,CCONJ,_
1110-1,TO048,1110,1110,2,noi,noi,noi,PRON,_
1110-2,TO048,1110,1110,3,siamo,siamo,essere,AUX,_
1110-3,TO048,1110,1110,4,t[re].,tre,tre,NUM,Intonation=falling
1111-0,TO052,1111,1111,1,[no]n,non,non,ADV,_
1111-1,TO052,1111,1111,2,vuole,vuole,volere,AUX,_
1111-2,TO052,1111,1111,3,"mangia[(re)],",mangiare,mangiare,VERB,Intonation=weakly_rising
1112-0,TO048,1112,1112,1,[qui]ndi,quindi,quindi,ADV,_
1112-1,TO048,1112,1112,2,uno,uno,uno,PRON,_
1112-2,TO048,1112,1112,3,di,di,di,ADP,_
1112-3,TO048,1112,1112,4,voi,voi,voi,PRON,_
1112-4,TO048,1112,1112,5,due,due,due,NUM,_
1112-5,TO048,1112,1112,6,non,non,non,ADV,_
1112-6,TO048,1112,1112,7,se,se,se,PRON,_
1112-7,TO048,1112,1112,8,lo,lo,lo,PRON,_
1112-8,TO048,1112,1112,9,deve,deve,dovere,AUX,_
1112-9,TO048,1112,1112,10,mangiare.,mangiare,mangiare,VERB,Intonation=falling
1113-0,TO048,1113,1113,1,lo,lo,il,PRON,_
1113-1,TO048,1113,1113,2,devo,devo,dovere,AUX,_
1113-2,TO048,1113,1113,3,mettere,mettere,mettere,VERB,_
1113-3,TO048,1113,1113,4,in,in,in,ADP,_
1113-4,TO048,1113,1113,5,un,un,uno,DET,_
1113-5,TO048,1113,1113,6,bicchiere,bicchiere,bicchiere,NOUN,_
1113-6,TO048,1113,1113,7,vero?,vero,vero,ADJ,Intonation=rising
1114-0,TO048,1114,1114,1,mi,mi,mi,PRON,_
1114-1,TO048,1114,1114,2,passi,passi,passare,VERB,_
1114-2,TO048,1114,1114,3,un,un,uno,DET,_
1114-3,TO048,1114,1114,4,bicchiere?,bicchiere,bicchiere,NOUN,Intonation=rising
1115-0,TO052,1115,1115,1,è,è,essere,AUX,_
1115-1,TO052,1115,1115,2,solo,solo,solo,ADJ,_
1115-2,TO052,1115,1115,3,cacao?,cacao,cacao,NOUN,Intonation=rising
1116-0,TO048,1116,1116,1,mh,mh,mh,INTJ,_
1116-1,TO048,1116,1116,2,mh.,mh,mh,INTJ,Intonation=falling
1117-0,TO052,1117,1117,1,allora,allora,allora,ADV,_
1117-1,TO052,1117,1117,2,no,no,no,ADV,_
1117-2,TO052,1117,1117,3,grazie.,grazie,grazie,NOUN,Intonation=falling
1118-0,TO050,1118,1118,1,il,il,il,DET,_
1118-1,TO050,1118,1118,2,cacao,cacao,cacao,NOUN,_
1118-2,TO050,1118,1118,3,questa,questa,questo,PRON,_
1118-3,TO050,1118,1118,4,non,non,non,ADV,_
1118-4,TO050,1118,1118,5,è,è,essere,AUX,_
1118-5,TO050,1118,1118,6,un,un,uno,DET,_
1118-6,TO050,1118,1118,7,buon,buon,buono,ADJ,_
1118-7,TO050,1118,1118,8,gusto,gusto,gusto,NOUN,_
1118-8,TO050,1118,1118,9,di,di,di,ADP,_
1118-9,TO050,1118,1118,10,cioccolato,cioccolato,cioccolato,NOUN,_
1118-10,TO050,1118,1118,11,[(e,e,e,CCONJ,_
1118-11,TO050,1118,1118,12,vaniglia)].,vaniglia,vaniglia,NOUN,Intonation=falling
1119-0,TO048,1119,1119,1,[a,a,a,ADP,_
1119-1,TO048,1119,1119,2,me,me,me,PRON,_
1119-2,TO048,1119,1119,3,piace,piace,piacere,VERB,_
1119-3,TO048,1119,1119,4,lo,lo,il,PRON,_
1119-4,TO048,1119,1119,5,tan]tissimo.,tantissimo,tanto,ADJ,Intonation=falling
1120-0,TO052,1120,1120,1,no,no,no,ADV,_
1120-1,TO052,1120,1120,2,no,no,no,ADV,_
1120-2,TO052,1120,1120,3,no,no,no,ADV,_
1120-3,TO052,1120,1120,4,no.,no,no,ADV,Intonation=falling
1121-0,TO048,1121,1121,1,eh,eh,eh,INTJ,_
1121-1,TO048,1121,1121,2,no,no,no,ADV,_
1121-2,TO048,1121,1121,3,dobbiamo,dobbiamo,dovere,AUX,_
1121-3,TO048,1121,1121,4,aspettare,aspettare,aspettare,VERB,_
1121-4,TO048,1121,1121,5,un,un,uno,DET,_
1121-5,TO048,1121,1121,6,attimo,attimo,attimo,NOUN,_
1121-6,TO048,1121,1121,7,è,è,essere,AUX,_
1121-7,TO048,1121,1121,8,troppo,troppo,troppo,ADV,_
1121-8,TO048,1121,1121,9,duro.,duro,duro,ADJ,Intonation=falling
1122-0,TO052,1122,1122,0,{ride},{ride},_,X,_
1123-0,TO048,1123,1123,0,{ride},{ride},_,X,_
1124-0,TO050,1124,1124,0,{ride},{ride},_,X,_
1125-0,TO052,1125,1125,1,in,in,in,ADP,_
1125-1,TO052,1125,1125,2,altri,altri,altro,DET,_
1125-2,TO052,1125,1125,3,contesti,contesti,contesto,NOUN,_
1125-3,TO052,1125,1125,4,non,non,non,ADV,_
1125-4,TO052,1125,1125,5,bisognerebbe,bisognerebbe,bisognare,AUX,_
1125-5,TO052,1125,1125,6,aspettare.,aspettare,aspettare,VERB,Intonation=falling
1126-0,TO050,1126,1126,1,anzi,anzi,anzi,ADV,_
1126-1,TO050,1126,1126,2,è,è,essere,AUX,_
1126-2,TO050,1126,1126,3,quello,quello,quello,PRON,_
1126-3,TO050,1126,1126,4,in,in,ino,ADP,_
1126-4,TO050,1126,1126,5,xx,x,x,X,_
1126-5,TO050,1126,1126,6,xx.,xx,x,X,Intonation=falling
1127-0,TO052,1127,1127,1,{ride},{ride},_,_,_
1127-1,TO052,1127,1127,2,infatti.,infatti,infatti,ADV,Intonation=falling
1128-0,TO048,1128,1128,1,<come,come,come,ADP,_
1128-1,TO048,1128,1128,2,siete,siete,essere,AUX,_
1128-2,TO048,1128,1128,3,scurrili:,scurrili,scurrile,ADJ,_
1128-3,TO048,1128,1128,4,"voi>,",voi,voi,PRON,Intonation=weakly_rising
1129-0,TO052,1129,1129,0,{ride},{ride},_,X,_
1130-0,TO048,1130,1130,0,{ride},{ride},_,X,_
1131-0,TO050,1131,1131,0,{ride},{ride},_,X,_
1132-0,TO050,1132,1132,1,sei,sei,essere,AUX,_
1132-1,TO050,1132,1132,2,"scurrile,",scurrile,scurrile,ADJ,Intonation=weakly_rising
1133-0,TO048,1133,1133,1,allora,allora,allora,ADV,_
1133-1,TO048,1133,1133,2,la,la,il,DET,_
1133-2,TO048,1133,1133,3,lezione,lezione,lezione,NOUN,_
1133-3,TO048,1133,1133,4,è,è,essere,AUX,_
1133-4,TO048,1133,1133,5,andata,andata,andare,VERB,_
1133-5,TO048,1133,1133,6,"così,",così,così,ADV,Intonation=weakly_rising
1134-0,TO048,1134,1134,1,l',l',lo,PRON,Truncated=Yes
1134-1,TO048,1134,1134,2,ho,ho,avere,AUX,_
1134-2,TO048,1134,1134,3,"scrit[ta],",scritta,scrivere,VERB,Intonation=weakly_rising
1135-0,TO052,1135,1135,1,[buon]giorno.,buongiorno,buongiorno,NOUN,Intonation=falling
1136-0,TO050,1136,1136,1,{ride},{ride},_,_,_
1136-1,TO050,1136,1136,2,salve,salve,salve,INTJ ,_
1136-2,TO050,1136,1136,3,a,a,a,ADP,_
1136-3,TO050,1136,1136,4,tutti.,tutti,tutto,PRON,Intonation=falling
1136-4,TO050,1136,1136,5,{ride},{ride},_,_,_
1137-0,TO052,1137,1137,1,e,e,e,CCONJ,_
1137-1,TO052,1137,1137,2,poi,poi,poi,ADV,_
1137-2,TO052,1137,1137,3,ti,ti,ti,PRON,_
1137-3,TO052,1137,1137,4,dice,dice,dire,VERB,_
1137-4,TO052,1137,1137,5,{P},{P},_,_,_
1137-5,TO052,1137,1137,6,che,che,che,PRON,_
1137-6,TO052,1137,1137,7,ne,ne,ne,PRON,_
1137-7,TO052,1137,1137,8,pensi?,pensi,pensare,VERB,Intonation=rising
1138-0,TO050,1138,1138,1-2,"figurati,",figurati,_,_,Intonation=weakly_rising
1138-0a,_,_,1138,1,_,figura ,figurare,VERB,
1138-0b,_,_,1138,2,_,ti,ti,PRON,
1139-0,TO052,1139,1139,1,se,se,se,SCONJ,_
1139-1,TO052,1139,1139,2,l',l',il,PRON,Truncated=Yes
1139-2,TO052,1139,1139,3,hai,hai,avere,AUX,_
1139-3,TO052,1139,1139,4,scritta,scritta,scrivere,VERB,_
1139-4,TO052,1139,1139,5,poi,poi,poi,ADV,_
1139-5,TO052,1139,1139,6,c~,c~,c~,X,Interrupted=Yes
1139-6,TO052,1139,1139,7,{P},{P},_,_,_
1139-7,TO052,1139,1139,8,xx,x,x,X,_
1139-8,TO052,1139,1139,9,ci,ci,ci,PRON,_
1139-9,TO052,1139,1139,10,scambiamo,scambiamo,scambiare,VERB,_
1139-10,TO052,1139,1139,11,io,io,io,PRON,_
1139-11,TO052,1139,1139,12,ti,ti,ti,PRON,_
1139-12,TO052,1139,1139,13,ti,ti,ti,PRON,_
1139-13,TO052,1139,1139,14,do,do,dare,VERB,_
1139-14,TO052,1139,1139,15,l~,l~,l~,X,Interrupted=Yes
1139-15,TO052,1139,1139,16,l',l',il,DET,Truncated=Yes
1139-16,TO052,1139,1139,17,intervento,intervento,intervento,NOUN,_
1139-17,TO052,1139,1139,18,e,e,e,CCONJ,_
1139-18,TO052,1139,1139,19,tu,tu,tu,PRON,_
1139-19,TO052,1139,1139,20,mi,mi,mi,PRON,_
1139-20,TO052,1139,1139,21,dai,dai,dare,VERB,_
1139-21,TO052,1139,1139,22,la,la,il,DET,_
1139-22,TO052,1139,1139,23,lezi[one].,lezione,lezione,NOUN,Intonation=falling
1140-0,TO050,1140,1140,1,[le,le,il,DET,_
1140-1,TO050,1140,1140,2,altre,altre,altro,PRON,_
1140-2,TO050,1140,1140,3,ti,ti,ti,PRON,_
1140-3,TO050,1140,1140,4,immagini,immagini,immaginare,VERB,_
1140-4,TO050,1140,1140,5,le,le,il,DET,_
1140-5,TO050,1140,1140,6,altre,altre,altro,ADJ,_
1140-6,TO050,1140,1140,7,personalità],personalità,personalità,NOUN,_
1140-7,TO050,1140,1140,8,che,che,che,PRON,_
1140-8,TO050,1140,1140,9,"fan[no:],",fanno,fare,VERB,Intonation=weakly_rising
1141-0,TO048,1141,1141,1,[xxxxx],x,x,X,_
1142-0,TO052,1142,1142,1,[certo].,certo,certo,ADV,Intonation=falling
1143-0,TO048,1143,1143,1,ma,ma,ma,CCONJ,_
1143-1,TO048,1143,1143,2,sono,sono,essere,AUX,_
1143-2,TO048,1143,1143,3,diciotto,diciotto,diciotto,NUM,_
1143-3,TO048,1143,1143,4,pagine.,pagine,pagina,NOUN,Intonation=falling
1144-0,TO050,1144,1144,1,{ride},{ride},_,_,_
1144-1,TO050,1144,1144,2,non,non,non,ADV,_
1144-2,TO050,1144,1144,3,sono,sono,essere,AUX,_
1144-3,TO050,1144,1144,4,centoventicinque,centoventicinque,centoventicinque,NUM,_
1144-4,TO050,1144,1144,5,pagine?,pagine,pagina,NOUN,Intonation=rising
1145-0,TO052,1145,1145,1,no,no,no,ADV,_
1145-1,TO052,1145,1145,2,no,no,no,ADV,_
1145-2,TO052,1145,1145,3,le,le,il,DET,_
1145-3,TO052,1145,1145,4,mie,mie,mio,DET,_
1145-4,TO052,1145,1145,5,sono,sono,essere,AUX,_
1145-5,TO052,1145,1145,6,cinque.,cinque,cinque,NUM,Intonation=falling
1146-0,TO048,1146,1146,1,cinque?,cinque,cinque,NUM,Intonation=rising
1147-0,TO052,1147,1147,1,°perché,perché,perché,SCONJ,Volume=low
1147-1,TO052,1147,1147,2,lo,lo,lo,PRON,Volume=low
1147-2,TO052,1147,1147,3,dici,dici,dire,VERB,Volume=low
1147-3,TO052,1147,1147,4,con,con,con,ADP,Volume=low
1147-4,TO052,1147,1147,5,questa,questa,questo,DET,Volume=low
1147-5,TO052,1147,1147,6,(voce),voce,voce,NOUN,Volume=low
1147-6,TO052,1147,1147,7,[xx,x,x,X,Volume=low
1147-7,TO052,1147,1147,8,xx].°,xx,x,X,Intonation=falling|Volume=low
1148-0,TO048,1148,1148,1,[perché,perché,perché,SCONJ,_
1148-1,TO048,1148,1148,2,da,da,da,ADP,_
1148-2,TO048,1148,1148,3,te,te,te,PRON,_
1148-3,TO048,1148,1148,4,non,non,non,ADV,_
1148-4,TO048,1148,1148,5,me],me,me,PRON,_
1148-5,TO048,1148,1148,6,l',l',il,DET,Truncated=Yes
1148-6,TO048,1148,1148,7,aspettavo.,aspettavo,aspettare,VERB,Intonation=falling
1148-7,TO048,1148,1148,8,{ride},{ride},_,_,_
1149-0,TO052,1149,1149,1,ne,ne,ne,PRON,_
1149-1,TO052,1149,1149,2,avevo,avevo,avere,AUX,_
1149-2,TO052,1149,1149,3,scritte,scritte,scrivere,VERB,_
1149-3,TO052,1149,1149,4,otto,otto,otto,NUM,_
1149-4,TO052,1149,1149,5,però,però,però,ADV,_
1149-5,TO052,1149,1149,6,poi,poi,poi,ADV,_
1149-6,TO052,1149,1149,7,le,le,le,PRON,_
1149-7,TO052,1149,1149,8,ho,ho,avere,AUX,_
1149-8,TO052,1149,1149,9,[tagliate].,tagliate,tagliare,VERB,Intonation=falling
1150-0,TO048,1150,1150,1,[xx,x,x,X,_
1150-1,TO048,1150,1150,2,xx]x,x,x,X,_
1150-2,TO048,1150,1150,3,[xx:,xx,x,X,_
1150-3,TO048,1150,1150,4,le,le,il,DET,_
1150-4,TO048,1150,1150,5,pesche,pesche,pesca,NOUN,_
1150-5,TO048,1150,1150,6,non,non,non,ADV,_
1150-6,TO048,1150,1150,7,potevi,potevi,potere,AUX,_
1150-7,TO048,1150,1150,8-9,mangia]rti,mangiarti,_,_,_
1150-7a,_,_,1150,8,_,mangiar,mangiare,VERB,_
1150-7b,_,_,1150,9,_,ti,ti,PRON,_
1150-8,TO048,1150,1150,10,le,le,il,DET,_
1150-9,TO048,1150,1150,11,pe[sche?,pesche,pesca,NOUN,Intonation=rising
1150-10,TO048,1150,1150,12,io,io,io,PRON,_
1150-11,TO048,1150,1150,13-16,gliele],gliele,_,_,_
1150-11a,_,_,1150,13,_,glie ,gli ,PRON,
1150-11b,_,_,1150,16,_,le,le,PRON,
1150-12,TO048,1150,1150,14,metto,metto,mettere,VERB,_
1150-13,TO048,1150,1150,15,insieme.,insieme,insieme,ADV,Intonation=falling
1151-0,TO050,1151,1151,1,[xxx],x,x ,X,_
1152-0,TO050,1152,1152,1,[ah,ah,ah,INTJ,_
1152-1,TO050,1152,1152,2,"(venga,)]",venga,venire,VERB,Intonation=weakly_rising
1153-0,TO052,1153,1153,1,"no::,",no,no,ADV,Intonation=weakly_rising
1154-0,TO048,1154,1154,1,no,no,no,INTJ,_
1154-1,TO048,1154,1154,2,però,però,però,CCONJ,_
1154-2,TO048,1154,1154,3,ci,ci,ci,PRON,_
1154-3,TO048,1154,1154,4,vuole,vuole,volere,VERB,_
1154-4,TO048,1154,1154,5,xx,x,x,X,_
1154-5,TO048,1154,1154,6,{ride},{ride},_,_,_
1155-0,TO050,1155,1155,1,no,no,no,ADV,_
1155-1,TO050,1155,1155,2,non,non,non,ADV,_
1155-2,TO050,1155,1155,3,devi,devi,dovere,AUX,_
1155-3,TO050,1155,1155,4,selezionare,selezionare,selezionare,VERB,_
1155-4,TO050,1155,1155,5,(così),così,così,ADV,_
1155-5,TO050,1155,1155,6,ci,ci,ci,PRON,_
1155-6,TO050,1155,1155,7,sta,sta,stare,VERB,_
1155-7,TO050,1155,1155,8,la,la,il,DET,_
1155-8,TO050,1155,1155,9,muffa,muffa,muffa,NOUN,_
1155-9,TO050,1155,1155,10,xxx.,xxx,x,X,Intonation=falling
1156-0,TO048,1156,1156,1,"ah,",ah,ah,INTJ,Intonation=weakly_rising
1157-0,TO050,1157,1157,1,no,no,no,ADV,_
1157-1,TO050,1157,1157,2,la,la,il,DET,_
1157-2,TO050,1157,1157,3,muffa:,muffa,muffa,NOUN,_
1157-3,TO050,1157,1157,4,xxx.,xxx,x,X,Intonation=falling
1158-0,TO050,1158,1158,1,no,no,no,ADV,_
1158-1,TO050,1158,1158,2,vabbè,vabbè,vabbé,INTJ,_
1158-2,TO050,1158,1158,3-4,mangiamole,mangiamole,_,_,_
1158-2a,_,_,1158,3,_,mangiamo,mangiare,VERB,_
1158-2b,_,_,1158,4,_,le,le,PRON,_
1158-3,TO050,1158,1158,5,°che,che,che,SCONJ,Volume=low
1158-4,TO050,1158,1158,6,se,se,se,SCONJ,Volume=low
1158-5,TO050,1158,1158,7,no,no,no,ADV,Volume=low
1158-6,TO050,1158,1158,8,xx.°,xx,x ,X,Intonation=falling|Volume=low
1159-0,TO048,1159,1159,0,{ride},{ride},_,X,_
1160-0,TO048,1160,1160,1,"ciao,",ciao,ciao,INTJ,Intonation=weakly_rising
1161-0,TO050,1161,1161,1,no,no,no,ADV,_
1161-1,TO050,1161,1161,2,xx,x,x,X,_
1161-2,TO050,1161,1161,3,come,come,come,ADP,_
1161-3,TO050,1161,1161,4,ne,ne,ne,PRON,_
1161-4,TO050,1161,1161,5,capisci,capisci,capire,VERB,_
1161-5,TO050,1161,1161,6,di,di,di,ADP,_
1161-6,TO050,1161,1161,7,film,film,film,NOUN,_
1161-7,TO050,1161,1161,8,"americano,",americano,americano,ADJ,Intonation=weakly_rising
1162-0,TO048,1162,1162,1,mh,mh,mh,INTJ,_
1162-1,TO048,1162,1162,2,qualcosa,qualcosa,qualcosa,PRON,_
1162-2,TO048,1162,1162,3,te,te,te,PRON,_
1162-3,TO048,1162,1162,4,lo,lo,il,PRON,_
1162-4,TO048,1162,1162,5,devo,devo,dovere,AUX,_
1162-5,TO048,1162,1162,6,(imboccare),imboccare,imboccare,VERB,_
1162-6,TO048,1162,1162,7,io,io,io,PRON,_
1162-7,TO048,1162,1162,8,e,e,e,CCONJ,_
1162-8,TO048,1162,1162,9,poi,poi,poi,ADV,_
1162-9,TO048,1162,1162,10,lo,lo,il,PRON,_
1162-10,TO048,1162,1162,11,devi,devi,dovere,AUX,_
1162-11,TO048,1162,1162,12,(imboccare,imboccare,imboccare,VERB,_
1162-12,TO048,1162,1162,13,[a,a,a,ADP,_
1162-13,TO048,1162,1162,14,me].),me,me,PRON,Intonation=falling
1163-0,TO050,1163,1163,1,[no],no,no,ADV,_
1163-1,TO050,1163,1163,2,no.,no,no,ADV,Intonation=falling
1164-0,TO050,1164,1164,1,vai.,vai,andare,VERB,Intonation=falling
1165-0,TO048,1165,1165,1,cosa,cosa,cosa,PRON,_
1165-1,TO048,1165,1165,2,vado?,vado,andare,VERB,Intonation=rising
1166-0,TO050,1166,1166,1,quindi,quindi,quindi,ADV,_
1166-1,TO050,1166,1166,2,come,come,come,ADV,_
1166-2,TO050,1166,1166,3,è,è,essere,AUX,_
1166-3,TO050,1166,1166,4,andata,andata,andare,VERB,_
1166-4,TO050,1166,1166,5,la,la,il,DET,_
1166-5,TO050,1166,1166,6,lezione?,lezione,lezione,NOUN,Intonation=rising
1167-0,TO048,1167,1167,1,"ah,",ah,ah,INTJ,Intonation=weakly_rising
1168-0,TO052,1168,1168,1,la,la,il,DET,_
1168-1,TO052,1168,1168,2,lezione,lezione,lezione,NOUN,_
1168-2,TO052,1168,1168,3,è,è,essere,AUX,_
1168-3,TO052,1168,1168,4,andata,andata,andare,VERB,_
1168-4,TO052,1168,1168,5,"così,",così,così,ADV,Intonation=weakly_rising
1168-5,TO052,1168,1168,6,due,due,due,NUM,_
1168-6,TO052,1168,1168,7,punti.,punti,punto,NOUN,Intonation=falling
1169-0,TO048,1169,1169,1,ah,ah,ah,INTJ,_
1169-1,TO048,1169,1169,2,"a:h,",ah,ah,INTJ,Intonation=weakly_rising
1170-0,TO052,1170,1170,1,x,x,x,X,_
1170-1,TO052,1170,1170,2,xx,x,x,X,_
1170-2,TO052,1170,1170,3,è,è,essere,AUX,_
1170-3,TO052,1170,1170,4,questo.,questo,questo,PRON,Intonation=falling
1171-0,TO048,1171,1171,1,sì.,sì,sì,ADV,Intonation=falling
1172-0,TO048,1172,1172,1,e:h,eh,eh,INTJ,ProsodicLink=Yes
1172-1,TO048,1172,1172,2,"m:h,",mh,mh,INTJ,Intonation=weakly_rising
1173-0,TO050,1173,1173,1,>buonissimo,buonissimo,buono,ADJ,_
1173-1,TO050,1173,1173,2,il,il,il,DET,_
1173-2,TO050,1173,1173,3,ghiaccio<.,ghiaccio,ghiaccio,NOUN,Intonation=falling
1174-0,TO048,1174,1174,1,oui.,oui,oui,ADV,Intonation=falling ; Lang = fra
1175-0,TO048,1175,1175,1,l',l',il,DET,Truncated=Yes
1175-1,TO048,1175,1175,2,ho,ho,ho,NOUN,_
1175-2,TO048,1175,1175,3,scri[t~],scrit~,scrit~,X,Interrupted=Yes
1176-0,TO052,1176,1176,1,[c]azzo,cazzo,cazzo,NOUN,_
1176-1,TO052,1176,1176,2-4,falla,falla,_,_,_
1176-1a,_,_,1176,2,,fal ,fare,VERB,
1176-1b,_,_,1176,4,,la,la,PRON,
1176-2,TO052,1176,1176,3,parlare.,parlare,parlare,VERB,Intonation=falling
1177-0,TO048,1177,1177,0,{ride},{ride},_,X,_
1178-0,TO052,1178,1178,1,vai.,vai,andare,VERB,Intonation=falling
1179-0,TO048,1179,1179,1,che,che,che,SCONJ,_
1179-1,TO048,1179,1179,2,persone,persone,persona,NOUN,_
1179-2,TO048,1179,1179,3,di,di,di,ADP,_
1179-3,TO048,1179,1179,4,(merda.),merda,merda,NOUN,Intonation=falling
1180-0,TO048,1180,1180,1,l',l',lo,PRON,Truncated=Yes
1180-1,TO048,1180,1180,2,ho,ho,avere,AUX,_
1180-2,TO048,1180,1180,3,"scritta,",scritta,scrivere,VERB,Intonation=weakly_rising
1181-0,TO048,1181,1181,1,l',l',lo,PRON,Truncated=Yes
1181-1,TO048,1181,1181,2,ho,ho,avere,AUX,_
1181-2,TO048,1181,1181,3,provata,provata,provare,VERB,_
1181-3,TO048,1181,1181,4,con,con,con,ADP,_
1181-4,TO048,1181,1181,5,marco.,marco,Marco,PROPN,Intonation=falling
1182-0,TO048,1182,1182,1,xx[xxx],x,x,X,_
1183-0,TO050,1183,1183,1,[sì,sì,sì,ADV,_
1183-1,TO050,1183,1183,2,sono,sono,essere,AUX,_
1183-2,TO050,1183,1183,3,io].,io,io,PRON,Intonation=falling
1184-0,TO048,1184,1184,1,e::h,eh,eh,INTJ,ProsodicLink=Yes
1184-1,TO048,1184,1184,2,"m:h,",mh,mh,INTJ,Intonation=weakly_rising
1185-0,TO048,1185,1185,1,marco,marco,Marco,PROPN,_
1185-1,TO048,1185,1185,2,mi,mi,mi,PRON,_
1185-2,TO048,1185,1185,3,"ha,",ha,avere,VERB,Intonation=weakly_rising
1186-0,TO048,1186,1186,1,detto,detto,dire,VERB,_
1186-1,TO048,1186,1186,2,i,i,il,DET,_
1186-2,TO048,1186,1186,3,punti,punti,punto,NOUN,_
1186-3,TO048,1186,1186,4,di,di,di,ADP,_
1186-4,TO048,1186,1186,5,"criticitià,",criticitià,criticitià,NOUN,Intonation=weakly_rising
1187-0,TO048,1187,1187,1,in,in,in,ADP,_
1187-1,TO048,1187,1187,2,realtà,realtà,realtà,NOUN,_
1187-2,TO048,1187,1187,3,non,non,non,ADV,_
1187-3,TO048,1187,1187,4,so,so,sapere,VERB,_
1187-4,TO048,1187,1187,5,come,come,come,SCONJ,_
1187-5,TO048,1187,1187,6,ho,ho,avere,AUX,_
1187-6,TO048,1187,1187,7,fatto,fatto,fare,VERB,_
1187-7,TO048,1187,1187,8,ma,ma,ma,CCONJ,_
1187-8,TO048,1187,1187,9,ho,ho,avere,AUX,_
1187-9,TO048,1187,1187,10,"scritto,",scritto,scrivere,VERB,Intonation=weakly_rising
1188-0,TO048,1188,1188,1,diciotto,diciotto,diciotto,NUM,_
1188-1,TO048,1188,1188,2,"pagine,",pagine,pagina,NOUN,Intonation=weakly_rising
1189-0,TO048,1189,1189,1,esattamente,esattamente,esattamente,ADV,_
1189-1,TO048,1189,1189,2,tipo,tipo,tipo,NOUN,_
1189-2,TO048,1189,1189,3,un',un',uno,DET,Truncated=Yes
1189-3,TO048,1189,1189,4,ora,ora,ora,NOUN,_
1189-4,TO048,1189,1189,5,e,e,e,CCONJ,_
1189-5,TO048,1189,1189,6,tre,tre,tre,NUM,_
1189-6,TO048,1189,1189,7,quarti.,quarti,quarto,ADJ,Intonation=falling
1190-0,TO048,1190,1190,1,anzi,anzi,anzi,ADV,_
1190-1,TO048,1190,1190,2,era,era,essere,AUX,_
1190-2,TO048,1190,1190,3,anche,anche,anche,ADV,_
1190-3,TO048,1190,1190,4,un',un',uno,DET,Truncated=Yes
1190-4,TO048,1190,1190,5,ora,ora,ora,NOUN,_
1190-5,TO048,1190,1190,6,e,e,e,CCONJ,_
1190-6,TO048,1190,1190,7,mezza,mezza,mezzo,ADJ,_
1190-7,TO048,1190,1190,8,solo,solo,solo,ADV,_
1190-8,TO048,1190,1190,9,che,che,che,SCONJ,_
1190-9,TO048,1190,1190,10,"poi,",poi,poi,ADV,Intonation=weakly_rising
1191-0,TO048,1191,1191,1,il,il,il,DET,_
1191-1,TO048,1191,1191,2,giorno,giorno,giorno,NOUN,_
1191-2,TO048,1191,1191,3,dopo,dopo,dopo,ADV,_
1191-3,TO048,1191,1191,4,abbiamo,abbiamo,avere,AUX,_
1191-4,TO048,1191,1191,5,cominciato,cominciato,cominciare,VERB,_
1191-5,TO048,1191,1191,6-7,alle,alle,_,_,_
1191-5a,_,_,1191,6,_,a,a,ADP,_
1191-5b,_,_,1191,7,_,le,il,DET,_
1191-6,TO048,1191,1191,8,dodici,dodici,dodici,NUM,_
1191-7,TO048,1191,1191,9,e,e,e,CCONJ,_
1191-8,TO048,1191,1191,10,mezza,mezza,mezzo,ADJ,_
1191-9,TO048,1191,1191,11,e,e,e,CCONJ,_
1191-10,TO048,1191,1191,12,già,già,già,ADV,_
1191-11,TO048,1191,1191,13,questo,questo,questo,PRON,_
1191-12,TO048,1191,1191,14,per,per,per,ADP,_
1191-13,TO048,1191,1191,15,me,me,me,PRON,_
1191-14,TO048,1191,1191,16,è,è,essere,AUX,_
1191-15,TO048,1191,1191,17,stato,stato,essere,AUX,_
1191-16,TO048,1191,1191,18,svantaggioso.,svantaggioso,svantaggioso,ADJ,Intonation=falling
1192-0,TO048,1192,1192,1,mi,mi,mi,PRON,_
1192-1,TO048,1192,1192,2,sono,sono,essere,AUX,_
1192-2,TO048,1192,1192,3,un,un,uno,DET,_
1192-3,TO048,1192,1192,4,attimo,attimo,attimo,NOUN,_
1192-4,TO048,1192,1192,5,forse,forse,forse,ADV,_
1192-5,TO048,1192,1192,6,dilungata,dilungata,dilungare,VERB,_
1192-6,TO048,1192,1192,7,di,di,di,ADP,_
1192-7,TO048,1192,1192,8,più,più,più,ADV,_
1192-8,TO048,1192,1192,9,perché,perché,perché,SCONJ,_
1192-9,TO048,1192,1192,10,c',c',ci,PRON,SpaceAfter=No
1192-10,TO048,1192,1192,11,[ho,ho,avere,AUX,_
1192-11,TO048,1192,1192,12,messo,messo,mettere,VERB,_
1192-12,TO048,1192,1192,13,di,di,di,ADP,_
1192-13,TO048,1192,1192,14,più,più,più,ADV,_
1192-14,TO048,1192,1192,15,fatto,fatto,fatto,NOUN,_
1192-15,TO048,1192,1192,16,sta,sta,stare,VERB,_
1192-16,TO048,1192,1192,17,che,che,che,SCONJ,_
1192-17,TO048,1192,1192,18,ho,ho,avere,AUX,_
1192-18,TO048,1192,1192,19,fi]nito,finito,finire,VERB,_
1192-19,TO048,1192,1192,20-21,alle,alle,_,_,_
1192-19a,_,_,1192,20,_,a,a,ADP,_
1192-19b,_,_,1192,21,_,le,il,DET,_
1192-20,TO048,1192,1192,22,due.,due,due,NUM,Intonation=falling
1193-0,TO050,1193,1193,1,[ma,ma,ma,CCONJ,_
1193-1,TO050,1193,1193,2,non,non,non,ADV,_
1193-2,TO050,1193,1193,3,eccessivamente].,eccessivamente,eccessivamente,ADV,Intonation=falling
1194-0,TO048,1194,1194,1,"ora,",ora,ora,ADV,Intonation=weakly_rising
1195-0,TO048,1195,1195,1,io,io,io,PRON,_
1195-1,TO048,1195,1195,2,non,non,non,ADV,_
1195-2,TO048,1195,1195,3,ho,ho,avere,AUX,_
1195-3,TO048,1195,1195,4,proiettato,proiettato,proiettare,VERB,_
1195-4,TO048,1195,1195,5,un,un,uno,DET,_
1195-5,TO048,1195,1195,6,power,power,power,NOUN,_
1195-6,TO048,1195,1195,7,point,point,point,NOUN,_
1195-7,TO048,1195,1195,8,perché,perché,perché,SCONJ,_
1195-8,TO048,1195,1195,9,mi:,mi,mi,PRON,_
1195-9,TO048,1195,1195,10,mh,mh,mh,INTJ,_
1195-10,TO048,1195,1195,11,boh,boh,boh,INTJ,_
1195-11,TO048,1195,1195,12,mi,mi,mi,PRON,_
1195-12,TO048,1195,1195,13,scocciava,scocciava,scocciare,VERB,_
1195-13,TO048,1195,1195,14,met[tere,mettere,mettere,VERB,_
1195-14,TO048,1195,1195,15,il,il,il,DET,_
1195-15,TO048,1195,1195,16,"power],",power,power,NOUN,Intonation=weakly_rising
1196-0,TO050,1196,1196,1,[nonostante,nonostante,nonostante,ADP,_
1196-1,TO050,1196,1196,2,questo,questo,questo,PRON,_
1196-2,TO050,1196,1196,3,ha,ha,avere,AUX,_
1196-3,TO050,1196,1196,4,tenuto,tenuto,tenere,VERB,_
1196-4,TO050,1196,1196,5,l',l',il,DET,Truncated=Yes
1196-5,TO050,1196,1196,6,attenzio]ne,attenzione,attenzione,NOUN,_
1196-6,TO050,1196,1196,7,molto,molto,molto,ADV,_
1196-7,TO050,1196,1196,8,bene.,bene,bene,ADV,Intonation=falling
1197-0,TO052,1197,1197,1,[manco,manco,mancare,VERB,_
1197-1,TO052,1197,1197,2,"io],",io,io,PRON,Intonation=weakly_rising
1198-0,TO048,1198,1198,1,"e:h,",eh,eh,INTJ,Intonation=weakly_rising
1199-0,TO050,1199,1199,1,questo,questo,questo,DET,_
1199-1,TO050,1199,1199,2,xxx,x,x,X,_
1199-2,TO050,1199,1199,3,dato,dato,dato,NOUN,_
1199-3,TO050,1199,1199,4,oggettivo.,oggettivo,oggettivo,ADJ,Intonation=falling
1200-0,TO048,1200,1200,1,"eh,",eh,eh,INTJ,Intonation=weakly_rising
1201-0,TO048,1201,1201,1,però,però,però,ADV,_
1201-1,TO048,1201,1201,2,sembrerebbe,sembrerebbe,sembrare,VERB,_
1201-2,TO048,1201,1201,3,"che,",che,che,SCONJ,Intonation=weakly_rising
1202-0,TO052,1202,1202,1,c',c',ci,PRON,Truncated=Yes
1202-1,TO052,1202,1202,2,era,era,essere,VERB,_
1202-2,TO052,1202,1202,3,anche,anche,anche,ADV,_
1202-3,TO052,1202,1202,4,arianna?,arianna,Arianna,PROPN,Intonation=rising
1203-0,TO048,1203,1203,1,>a,a,a,ADP,_
1203-1,TO048,1203,1203,2,lui,lui,lui,PRON,_
1203-2,TO048,1203,1203,3,c',c',ci,PRON,Truncated=Yes
1203-3,TO048,1203,1203,4,ha,ha,avere,AUX,_
1203-4,TO048,1203,1203,5,parlato,parlato,parlare,VERB,_
1203-5,TO048,1203,1203,6,con,con,con,ADP,_
1203-6,TO048,1203,1203,7,arianna,arianna,Arianna,PROPN,_
1203-7,TO048,1203,1203,8,quando,quando,quando,SCONJ,_
1203-8,TO048,1203,1203,9,tu,tu,tu,PRON,_
1203-9,TO048,1203,1203,10,sei,sei,essere,AUX,_
1203-10,TO048,1203,1203,11,uscito,uscito,uscire,VERB,_
1203-11,TO048,1203,1203,12,era,era,essere,AUX,_
1203-12,TO048,1203,1203,13,dietro,dietro,dietro,ADV,_
1203-13,TO048,1203,1203,14,di,di,di,ADP,_
1203-14,TO048,1203,1203,15,te,te,te,PRON,_
1203-15,TO048,1203,1203,16,arianna<.,arianna,Arianna,PROPN,Intonation=falling
1204-0,TO052,1204,1204,1,ma,ma,ma,CCONJ,_
1204-1,TO052,1204,1204,2,non,non,non,ADV,_
1204-2,TO052,1204,1204,3,l',l',lo,PRON,Truncated=Yes
1204-3,TO052,1204,1204,4,ho,ho,avere,AUX,_
1204-4,TO052,1204,1204,5,vista,vista,vedere,VERB,_
1204-5,TO052,1204,1204,6,io,io,io,PRON,_
1204-6,TO052,1204,1204,7,arianna.,arianna,Arianna,PROPN,Intonation=falling
1205-0,TO048,1205,1205,1,parlava,parlava,parlare,VERB,_
1205-1,TO048,1205,1205,2,con,con,con,ADP,_
1205-2,TO048,1205,1205,3,la,la,il,DET,_
1205-3,TO048,1205,1205,4,neri.,neri,Neri,PROPN,Intonation=falling
1206-0,TO052,1206,1206,1,c',c',ci,PRON,Truncated=Yes
1206-1,TO052,1206,1206,2,era,era,essere,VERB,_
1206-2,TO052,1206,1206,3,anche,anche,anche,ADV,_
1206-3,TO052,1206,1206,4,la,la,il,DET,_
1206-4,TO052,1206,1206,5,neri,neri,Neri,PROPN,_
1206-5,TO052,1206,1206,6,oggi?,oggi,oggi,ADV,Intonation=rising
1207-0,TO048,1207,1207,1,non,non,non,ADV,_
1207-1,TO048,1207,1207,2,è,è,essere,AUX,_
1207-2,TO048,1207,1207,3,xxx,x,x,X,_
1207-3,TO048,1207,1207,4,xx,x,x,X,_
1207-4,TO048,1207,1207,5,convegno.,convegno,convegno,NOUN,Intonation=falling
1208-0,TO052,1208,1208,1,"a::h,",ah,ah,INTJ,Intonation=weakly_rising
1208-1,TO052,1208,1208,2,okay.,okay,ok,INTJ,Intonation=falling
1209-0,TO048,1209,1209,1,davanti,davanti,davanti,ADV,_
1209-1,TO048,1209,1209,2-3,alla,alla,_,_,_
1209-1a,_,_,1209,2,_,a,a,ADP,_
1209-1b,_,_,1209,3,_,la,il,DET,_
1209-2,TO048,1209,1209,4,porta,porta,porta,NOUN,_
1209-3,TO048,1209,1209,5,cioè,cioè,cioé,CCONJ,_
1209-4,TO048,1209,1209,6,quando,quando,quando,SCONJ,_
1209-5,TO048,1209,1209,7,xx,x,x,X,_
1209-6,TO048,1209,1209,8,xx,x,x,X,_
1209-7,TO048,1209,1209,9,tu,tu,tu,PRON,_
1209-8,TO048,1209,1209,10,io,io,io,PRON,_
1209-9,TO048,1209,1209,11,stavo,stavo,stare,AUX,_
1209-10,TO048,1209,1209,12,aspettand[o,aspettando,aspettare,VERB,_
1209-11,TO048,1209,1209,13,e~,e~,e~,X,Interrupted=Yes
1209-12,TO048,1209,1209,14,ero,ero,essere,AUX,_
1209-13,TO048,1209,1209,15,ancora,ancora,ancora,ADV,_
1209-14,TO048,1209,1209,16,là,là,là,ADV,_
1209-15,TO048,1209,1209,17,perché,perché,perché,SCONJ,_
1209-16,TO048,1209,1209,18,stavo],stavo,stare,AUX,_
1209-17,TO048,1209,1209,19,aspettando,aspettando,aspettare,VERB,_
1209-18,TO048,1209,1209,20,"aria[nna],",arianna,Arianna,PROPN,Intonation=weakly_rising
1210-0,TO052,1210,1210,1,[okay,okay,ok,INTJ,_
1210-1,TO052,1210,1210,2,pe~,pe~,per ,ADP,Interrupted=Yes
1210-2,TO052,1210,1210,3,per,per,per,ADP,_
1210-3,TO052,1210,1210,4,questo,questo,questo,PRON,_
1210-4,TO052,1210,1210,5,"perché],",perché,perché,SCONJ,Intonation=weakly_rising
1211-0,TO052,1211,1211,1,[eh,eh,eh,INTJ,_
1211-1,TO052,1211,1211,2,per,per,per,ADP,_
1211-2,TO052,1211,1211,3,ques]to,questo,questo,PRON,_
1211-3,TO052,1211,1211,4,perché,perché,perché,SCONJ,_
1211-4,TO052,1211,1211,5,io,io,io,PRON,_
1211-5,TO052,1211,1211,6,non,non,non,ADV,_
1211-6,TO052,1211,1211,7,l',l',lo ,PRON,Truncated=Yes
1211-7,TO052,1211,1211,8,avevo:,avevo,avere,AUX,_
1211-8,TO052,1211,1211,9,non,non,non,ADV,_
1211-9,TO052,1211,1211,10,l',l',lo,PRON,Truncated=Yes
1211-10,TO052,1211,1211,11,ho,ho,avere,AUX,_
1211-11,TO052,1211,1211,12,vista,vista,vedere,VERB,_
1211-12,TO052,1211,1211,13,"era,",era,essere,AUX,Intonation=weakly_rising
1212-0,TO052,1212,1212,1,l',l',il,DET,Truncated=Yes
1212-1,TO052,1212,1212,2,unica,unica,unico,ADJ,_
1212-2,TO052,1212,1212,3,dottoranda,dottoranda,dottorando,NOUN,_
1212-3,TO052,1212,1212,4,insieme,insieme,insieme,ADV,_
1212-4,TO052,1212,1212,5,a:::,a,a,ADP,_
1212-5,TO052,1212,1212,6,loren~,loren~,loren~,X,Interrupted=Yes
1212-6,TO052,1212,1212,7,mh,mh,mh,INTJ,_
1212-7,TO052,1212,1212,8,mh,mh,mh,INTJ,_
1212-8,TO052,1212,1212,9,a,a,a,ADP,_
1212-9,TO052,1212,1212,10,fiorenzo,fiorenzo,Fiorenzo,PROPN,_
1212-10,TO052,1212,1212,11,che,che,che,SCONJ,_
1212-11,TO052,1212,1212,12,non,non,non,ADV,_
1212-12,TO052,1212,1212,13,"erano:,",erano,essere,AUX,Intonation=weakly_rising
1213-0,TO048,1213,1213,1,ma,ma,ma,CCONJ,_
1213-1,TO048,1213,1213,2,forse,forse,forse,ADV,_
1213-2,TO048,1213,1213,3,avevano,avevano,avere,VERB,_
1213-3,TO048,1213,1213,4,altro,altro,altro,PRON,_
1213-4,TO048,1213,1213,5,da,da,da,ADP,_
1213-5,TO048,1213,1213,6,fare.,fare,fare,VERB,Intonation=falling
1214-0,TO048,1214,1214,1,"MH,",mh,mh,INTJ,Intonation=weakly_rising|Volume=high
1215-0,TO050,1215,1215,1,no,no,no,ADV,_
1215-1,TO050,1215,1215,2,quella,quella,quello,PRON,_
1215-2,TO050,1215,1215,3,[c',c',ci,PRON,Truncated=Yes
1215-3,TO050,1215,1215,4,era,era,essere,VERB,_
1215-4,TO050,1215,1215,5,a,a,a,ADP,_
1215-5,TO050,1215,1215,6,lezione].,lezione,lezione,NOUN,Intonation=falling
1216-0,TO052,1216,1216,1,[mamma,mamma,mamma,NOUN,_
1216-1,TO052,1216,1216,2,mia,mia,mio,DET,_
1216-2,TO052,1216,1216,3,c',c',ci,PRON,Truncated=Yes
1216-3,TO052,1216,1216,4,era],era,essere,VERB,_
1216-4,TO052,1216,1216,5,anche,anche,anche,ADV,_
1216-5,TO052,1216,1216,6,[grigi].,grigi,Grigi,PROPN,Intonation=falling
1217-0,TO048,1217,1217,1,[esatto].,esatto,esatto,ADJ,Intonation=falling
1218-0,TO048,1218,1218,1,arianna,arianna,Arianna,PROPN,_
1218-1,TO048,1218,1218,2,era,era,essere,VERB,_
1218-2,TO048,1218,1218,3-4,al,al,_,_,_
1218-2a,_,_,1218,3,_,a,a,ADP,_
1218-2b,_,_,1218,4,_,il,il,DET,_
1218-3,TO048,1218,1218,5,ci~,ci~,ci~,X,Interrupted=Yes
1218-4,TO048,1218,1218,6,{P},{P},_,_,_
1218-5,TO048,1218,1218,7,con,con,con,ADP,_
1218-6,TO048,1218,1218,8,la,la,il,DET,_
1218-7,TO048,1218,1218,9,neri.,neri,Neri,PROPN,Intonation=falling
1219-0,TO052,1219,1219,1,perché,perché,perché,SCONJ,_
1219-1,TO052,1219,1219,2,lei,lei,lei,PRON,_
1219-2,TO052,1219,1219,3,ormai,ormai,ormai,ADV,_
1219-3,TO052,1219,1219,4,fa,fa,fare,VERB,_
1219-4,TO052,1219,1219,5,coppia,coppia,coppia,NOUN,_
1219-5,TO052,1219,1219,6,"fissa::,",fissa,fisso,ADJ,Intonation=weakly_rising
1220-0,TO048,1220,1220,1,sì,sì,sì,ADV,_
1220-1,TO048,1220,1220,2,>no,no,no,ADV,_
1220-2,TO048,1220,1220,3,no,no,no,ADV,_
1220-3,TO048,1220,1220,4,n[o<,no,no,ADV,_
1220-4,TO048,1220,1220,5,"xxx],",xxx,x,X,Intonation=weakly_rising
1221-0,TO050,1221,1221,1,[perché,perché,perché,SCONJ,_
1221-1,TO050,1221,1221,2,la,la,il,DET,_
1221-2,TO050,1221,1221,3,ne]ri,neri,Neri,PROPN,_
1221-3,TO050,1221,1221,4,xx,x,x,X,_
1221-4,TO050,1221,1221,5,xx,x,x,X,_
1221-5,TO050,1221,1221,6,la::,la,la,PRON,_
1221-6,TO050,1221,1221,7,sfruttiamo,sfruttiamo,sfruttare,VERB,_
1221-7,TO050,1221,1221,8,(perché),perché,poiperché,SCONJ,_
1221-8,TO050,1221,1221,9,diciamo,diciamo,dire,VERB,_
1221-9,TO050,1221,1221,10,"come:,",come,come,SCONJ,Intonation=weakly_rising
1222-0,TO048,1222,1222,1,sì.,sì,sì,ADV,Intonation=falling
1223-0,TO052,1223,1223,1,sì,sì,sì,INTJ,_
1223-1,TO052,1223,1223,2,però,però,però,ADV,_
1223-2,TO052,1223,1223,3,[xx,x,x,X,_
1223-3,TO052,1223,1223,4,capirò:,capirò,capire,VERB,_
1223-4,TO052,1223,1223,5,quest]i,questi,questo,PRON,_
1223-5,TO052,1223,1223,6,sono,sono,essere,AUX,_
1223-6,TO052,1223,1223,7,e:h,eh,eh,INTJ,_
1223-7,TO052,1223,1223,8,questi,questi,questo,PRON,_
1223-8,TO052,1223,1223,9,che,che,che,PRON,_
1223-9,TO052,1223,1223,10,fanno,fanno,fare,VERB,_
1223-10,TO052,1223,1223,11,i,i,il,DET,_
1223-11,TO052,1223,1223,12,delfini,delfini,delfino,NOUN,_
1223-12,TO052,1223,1223,13-14,de::i,dei,_,_,_
1223-12a,_,_,1223,13,_,di,di,ADP,_
1223-12b,_,_,1223,14,_,i,il,DET,_
1223-13,TO052,1223,1223,15,professori,professori,professore,NOUN,_
1223-14,TO052,1223,1223,16,°sono,sono,essere,AUX,Volume=low
1223-15,TO052,1223,1223,17,quelli,quelli,quello,PRON,Volume=low
1223-16,TO052,1223,1223,18,che,che,che,PRON,Volume=low
1223-17,TO052,1223,1223,19,si,si,si,PRON,Volume=low
1223-18,TO052,1223,1223,20,"stanno,°",stanno,stare,VERB,Intonation=weakly_rising|Volume=low
1224-0,TO050,1224,1224,1,[il,il,il,DET,_
1224-1,TO050,1224,1224,2,fatto,fatto,fatto,NOUN,_
1224-2,TO050,1224,1224,3,che,che,che,SCONJ,_
1224-3,TO050,1224,1224,4,"xxx:],",xxx,x,X,Intonation=weakly_rising
1225-0,TO050,1225,1225,1,°io,io,io,PRON,Volume=low
1225-1,TO050,1225,1225,2,non,non,non,ADV,Volume=low
1225-2,TO050,1225,1225,3,so,so,sapere,VERB,Volume=low
1225-3,TO050,1225,1225,4,com~°,com~,com~,X,Interrupted=Yes|Volume=low
1226-0,TO052,1226,1226,1,forse,forse,forse,ADV,_
1226-1,TO052,1226,1226,2,è,è,essere,AUX,_
1226-2,TO052,1226,1226,3,solo,solo,solo,ADV,_
1226-3,TO052,1226,1226,4,[invidia].,invidia,invidia,NOUN,Intonation=falling
1227-0,TO048,1227,1227,1,[xx,x,x,X,_
1227-1,TO048,1227,1227,2,xx],x,x,X,_
1227-2,TO048,1227,1227,3,adesso,adesso,adesso,ADV,_
1227-3,TO048,1227,1227,4,s[olo,solo,solo,ADV,_
1227-4,TO048,1227,1227,5,perché,perché,perché,SCONJ,_
1227-5,TO048,1227,1227,6,ho,ho,avere,VERB,_
1227-6,TO048,1227,1227,7,xx,x,x,X,_
1227-7,TO048,1227,1227,8,dina]miche.,dinamiche,dinamica,NOUN,Intonation=falling
1228-0,TO050,1228,1228,1,[dipende,dipende,dipendere,VERB,_
1228-1,TO050,1228,1228,2,con,con,con,ADP,_
1228-2,TO050,1228,1228,3,la,la,il,DET,_
1228-3,TO050,1228,1228,4,neri,neri,Neri,PROPN,_
1228-4,TO050,1228,1228,5,quanto,quanto,quanto,PRON,_
1228-5,TO050,1228,1228,6,(tu,tu,tu,PRON,_
1228-6,TO050,1228,1228,7,ci,ci,ci,PRON,_
1228-7,TO050,1228,1228,8,stai)].,stai,stare,VERB,Intonation=falling
1229-0,TO052,1229,1229,1,forse,forse,forse,ADV,_
1229-1,TO052,1229,1229,2,[è,è,essere,AUX,_
1229-2,TO052,1229,1229,3,solo,solo,solo,ADV,_
1229-3,TO052,1229,1229,4,il,il,il,DET,_
1229-4,TO052,1229,1229,5,mio,mio,mio,PRON,_
1229-5,TO052,1229,1229,6,forse,forse,forse,ADV,_
1229-6,TO052,1229,1229,7,è,è,essere,AUX,_
1229-7,TO052,1229,1229,8,orgoglio].,orgoglio,orgoglio,NOUN,Intonation=falling
1230-0,TO050,1230,1230,1,[xxxxx],x,x,X,_
1230-1,TO050,1230,1230,2,xx,x,x,X,_
1231-0,TO052,1231,1231,1,orgoglio,orgoglio,orgoglio,NOUN,_
1231-1,TO052,1231,1231,2,misto,misto,misto,ADJ,_
1231-2,TO052,1231,1231,3,a,a,a,ADP,_
1231-3,TO052,1231,1231,4,invi[dia].,invidia,invidia,NOUN,Intonation=falling
1232-0,TO050,1232,1232,1,[so]lo,solo,solo,ADV,_
1232-1,TO050,1232,1232,2,che,che,che,SCONJ,_
1232-2,TO050,1232,1232,3,non,non,non,ADV,_
1232-3,TO050,1232,1232,4,li,li,li,PRON,_
1232-4,TO050,1232,1232,5,conosci,conosci,conoscere,VERB,_
1232-5,TO050,1232,1232,6,quindi,quindi,quindi,ADV,_
1232-6,TO050,1232,1232,7,lo,lo,lo,PRON,_
1232-7,TO050,1232,1232,8,noti,noti,notare,VERB,_
1232-8,TO050,1232,1232,9,più,più,più,ADV,_
1232-9,TO050,1232,1232,10,tardi,tardi,tardi,ADV,_
1232-10,TO050,1232,1232,11,quan[do,quando,quando,SCONJ,_
1232-11,TO050,1232,1232,12,è,è,essere,AUX,_
1232-12,TO050,1232,1232,13,già,già,già,ADV,_
1232-13,TO050,1232,1232,14,finito,finito,finire,VERB,_
1232-14,TO050,1232,1232,15,il],il,il,DET,_
1232-15,TO050,1232,1232,16,dottorato.,dottorato,dottorato,NOUN,Intonation=falling
1233-0,TO048,1233,1233,1,[esatto].,esatto,esatto,ADJ,Intonation=falling
1234-0,TO048,1234,1234,1,esatto,esatto,esatto,ADJ,_
1234-1,TO048,1234,1234,2,[va,va,andare,VERB,_
1234-2,TO048,1234,1234,3,bene,bene,bene,ADV,_
1234-3,TO048,1234,1234,4,c]osì.,così,così,ADV,Intonation=falling
1234-4,TO048,1234,1234,5,però,però,però,ADV,_
1234-5,TO048,1234,1234,6,"capito,",capito,capire,VERB,Intonation=weakly_rising
1235-0,TO050,1235,1235,1,[esatt~],esatt~,esatt~,X,Interrupted=Yes
1236-0,TO050,1236,1236,1,xx,x,x,X,_
1236-1,TO050,1236,1236,2,[ho,ho,avere,AUX,_
1236-2,TO050,1236,1236,3,pensato,pensato,pensare,VERB,_
1236-3,TO050,1236,1236,4,io].,io,io,PRON,Intonation=falling
1237-0,TO048,1237,1237,1,[>l',l',il,DET,Truncated=Yes
1237-1,TO048,1237,1237,2,occhio,occhio,occhio,NOUN,_
1237-2,TO048,1237,1237,3,che,che,che,PRON,_
1237-3,TO048,1237,1237,4,non,non,non,ADV,_
1237-4,TO048,1237,1237,5,vede,vede,vedere,VERB,_
1237-5,TO048,1237,1237,6,cuo]re,cuore,cuore,NOUN,_
1237-6,TO048,1237,1237,7,non,non,non,ADV,_
1237-7,TO048,1237,1237,8,duole,duole,dolere,VERB,_
1237-8,TO048,1237,1237,9,non,non,non,ADV,_
1237-9,TO048,1237,1237,10,ti,ti,ti,PRON,_
1237-10,TO048,1237,1237,11,credere,credere,credere,VERB,_
1237-11,TO048,1237,1237,12,che,che,che,SCONJ,_
1237-12,TO048,1237,1237,13,io,io,io,PRON,_
1237-13,TO048,1237,1237,14,non,non,non,ADV,_
1237-14,TO048,1237,1237,15,lo,lo,lo,PRON,_
1237-15,TO048,1237,1237,16,"sappia<,",sappia,sapere,VERB,Intonation=weakly_rising
1238-0,TO048,1238,1238,1,però,però,però,ADV,_
1238-1,TO048,1238,1238,2,qua,qua,qua,ADV,_
1238-2,TO048,1238,1238,3,lo,lo,lo,PRON,_
1238-3,TO048,1238,1238,4,so,so,sapere,VERB,_
1238-4,TO048,1238,1238,5,e,e,e,CCONJ,_
1238-5,TO048,1238,1238,6,questo,questo,questo,PRON,_
1238-6,TO048,1238,1238,7,mi,mi,mi,PRON,_
1238-7,TO048,1238,1238,8,urta.,urta,urtare,VERB,Intonation=falling
1239-0,TO048,1239,1239,1,comincio,comincio,cominciare,VERB,_
1239-1,TO048,1239,1239,2,già,già,già,ADV,_
1239-2,TO048,1239,1239,3,mal,mal,male,ADV,_
1239-3,TO048,1239,1239,4,disposta.,disposta,disposto,ADJ,Intonation=falling
1240-0,TO050,1240,1240,1,xxx,x,x,X,_
1241-0,TO048,1241,1241,1,cioè,cioè,cioè,CCONJ,_
1241-1,TO048,1241,1241,2,io,io,io,PRON,_
1241-2,TO048,1241,1241,3,l',l',lo,PRON,Truncated=Yes
1241-3,TO048,1241,1241,4,ho,ho,avere,AUX,_
1241-4,TO048,1241,1241,5,cominciato,cominciato,cominciare,VERB,_
1241-5,TO048,1241,1241,6,per,per,per,ADP,_
1241-6,TO048,1241,1241,7,xx,x,x,X,_
1241-7,TO048,1241,1241,8,xx.,xx,x,X,Intonation=falling
1242-0,TO052,1242,1242,1,[cioè,cioè,cioè,CCONJ,_
1242-1,TO052,1242,1242,2,ti,ti,ti,PRON,_
1242-2,TO052,1242,1242,3,rendi,rendi,rendere,VERB,_
1242-3,TO052,1242,1242,4,conto,conto,conto,NOUN,_
1242-4,TO052,1242,1242,5,che,che,che,SCONJ,_
1242-5,TO052,1242,1242,6,mage~],mage~,mage~,X,Interrupted=Yes
1242-6,TO052,1242,1242,7,{P},{P},_,_,_
1242-7,TO052,1242,1242,8,magenta,magenta,Magenta,PROPN,_
1242-8,TO052,1242,1242,9,{P},{P},_,_,_
1242-9,TO052,1242,1242,10,mh,mh,mh,INTJ,_
1242-10,TO052,1242,1242,11,ora,ora,ora,ADV,_
1242-11,TO052,1242,1242,12,io,io,io,PRON,_
1242-12,TO052,1242,1242,13,non,non,non,ADV,_
1242-13,TO052,1242,1242,14,dico,dico,dire,VERB,_
1242-14,TO052,1242,1242,15,che,che,che,SCONJ,_
1242-15,TO052,1242,1242,16,devo,devo,dovere,AUX,_
1242-16,TO052,1242,1242,17,essere,essere,essere,AUX,_
1242-17,TO052,1242,1242,18,il,il,il,DET,_
1242-18,TO052,1242,1242,19,delfino,delfino,delfino,NOUN,_
1242-19,TO052,1242,1242,20,che,che,che,PRON,_
1242-20,TO052,1242,1242,21,devo,devo,dovere,AUX,_
1242-21,TO052,1242,1242,22,fare,fare,fare,VERB,_
1242-22,TO052,1242,1242,23,la,la,il,DET,_
1242-23,TO052,1242,1242,24,lezione,lezione,lezione,NOUN,_
1242-24,TO052,1242,1242,25,sempre,sempre,sempre,ADV,_
1242-25,TO052,1242,1242,26,però,però,però,ADV,_
1242-26,TO052,1242,1242,27,ti,ti,ti,PRON,_
1242-27,TO052,1242,1242,28,rendi,rendi,rendere,VERB,_
1242-28,TO052,1242,1242,29,conto,conto,conto,NOUN,_
1242-29,TO052,1242,1242,30,che,che,che,SCONJ,_
1242-30,TO052,1242,1242,31,magenta,magenta,Magenta,PROPN,_
1242-31,TO052,1242,1242,32,c',c',ci,PRON,Truncated=Yes
1242-32,TO052,1242,1242,33,era,era,essere,VERB,_
1242-33,TO052,1242,1242,34,nean~,nean~,nean~,X,Interrupted=Yes
1242-34,TO052,1242,1242,35,non,non,non,ADV,_
1242-35,TO052,1242,1242,36,era,era,essere,AUX,_
1242-36,TO052,1242,1242,37,neanche,neanche,neanche,ADV,_
1242-37,TO052,1242,1242,38,presente,presente,presente,ADJ,_
1242-38,TO052,1242,1242,39,oggi.,oggi,oggi,ADV,Intonation=falling
1243-0,TO050,1243,1243,1,[neanch',neanch',neanche,ADV,Truncated=Yes
1243-1,TO050,1243,1243,2,io].,io,io,PRON,Intonation=falling
1244-0,TO048,1244,1244,1,perché?,perché,perché,SCONJ,Intonation=rising
1245-0,TO050,1245,1245,1,°c[hi,chi,chi,PRON,Volume=low
1245-1,TO050,1245,1245,2,è,è,essere,AUX,Volume=low
1245-2,TO050,1245,1245,3,magenta]?°,magenta,Magenta,PROPN,Intonation=rising|Volume=low
1246-0,TO052,1246,1246,1,[non,non,non,ADV,_
1246-1,TO052,1246,1246,2,lo,lo,lo,PRON,_
1246-2,TO052,1246,1246,3,so].,so,sapere,VERB,Intonation=falling
1247-0,TO052,1247,1247,1,>io,io,io,PRON,_
1247-1,TO052,1247,1247,2,l',l',lo,PRON,Truncated=Yes
1247-2,TO052,1247,1247,3,ho,ho,avere,AUX,_
1247-3,TO052,1247,1247,4,invitato,invitato,invitare,VERB,_
1247-4,TO052,1247,1247,5,gli,gli,lo,PRON,_
1247-5,TO052,1247,1247,6,ho,ho,avere,AUX,_
1247-6,TO052,1247,1247,7,mandato,mandato,mandare,VERB,_
1247-7,TO052,1247,1247,8,[una,una,uno,DET,_
1247-8,TO052,1247,1247,9,mail,mail,mail,NOUN,_
1247-9,TO052,1247,1247,10,ha],ha,avere,AUX,_
1247-10,TO052,1247,1247,11,detto,detto,dire,VERB,_
1247-11,TO052,1247,1247,12,cercherò,cercherò,cercare,VERB,_
1247-12,TO052,1247,1247,13,di,di,di,ADP,_
1247-13,TO052,1247,1247,14-15,esserci,esserci,_,_,_
1247-13a,_,_,1247,14,_,esser,essere,AUX,_
1247-13b,_,_,1247,15,_,ci,ci,PRON,_
1247-14,TO052,1247,1247,16,il,il,il,DET,_
1247-15,TO052,1247,1247,17,mio,mio,mio,DET,_
1247-16,TO052,1247,1247,18,relatore<.,relatore,relatore,NOUN,Intonation=falling
1248-0,TO050,1248,1248,1,[chi,chi,chi,PRON,_
1248-1,TO050,1248,1248,2,è,è,essere,AUX,_
1248-2,TO050,1248,1248,3,magenta]?,magenta,Magenta,PROPN,Intonation=rising
1249-0,TO050,1249,1249,1,ah.,ah,ah,INTJ,Intonation=falling
1250-0,TO052,1250,1250,1,perché,perché,perché,SCONJ,_
1250-1,TO052,1250,1250,2,lui,lui,lui,PRON,_
1250-2,TO052,1250,1250,3,non,non,non,ADV,_
1250-3,TO052,1250,1250,4,c',c',ci,PRON,Truncated=Yes
1250-4,TO052,1250,1250,5,era.,era,essere,VERB,Intonation=falling
1251-0,TO052,1251,1251,1,e,e,e,CCONJ,_
1251-1,TO052,1251,1251,2,non,non,non,ADV,_
1251-2,TO052,1251,1251,3,mi,mi,mi,PRON,_
1251-3,TO052,1251,1251,4,ha,ha,avere,AUX,_
1251-4,TO052,1251,1251,5,neanche,neanche,neanche,ADV,_
1251-5,TO052,1251,1251,6,mandato,mandato,mandare,VERB,_
1251-6,TO052,1251,1251,7,un',un',uno,DET,Truncated=Yes
1251-7,TO052,1251,1251,8,email,email,email,NOUN,_
1251-8,TO052,1251,1251,9,"dicendo,",dicendo,dire,VERB,Intonation=weakly_rising
1252-0,TO052,1252,1252,1,scusa,scusa,scusare,VERB,_
1252-1,TO052,1252,1252,2,non,non,non,ADV,_
1252-2,TO052,1252,1252,3,posso,posso,potere,VERB,_
1252-3,TO052,1252,1252,4,per,per,per,ADP,_
1252-4,TO052,1252,1252,5,questo,questo,questo,DET,_
1252-5,TO052,1252,1252,6,motivo.,motivo,motivo,NOUN,Intonation=falling
1253-0,TO050,1253,1253,1,"(mah,)",mah,mah,INTJ,Intonation=weakly_rising
1254-0,TO052,1254,1254,1,poteva,poteva,potere,AUX,_
1254-1,TO052,1254,1254,2,essere,essere,essere,AUX,_
1254-2,TO052,1254,1254,3,anche,anche,anche,ADV,_
1254-3,TO052,1254,1254,4,non,non,non,ADV,_
1254-4,TO052,1254,1254,5,posso,posso,potere,VERB,_
1254-5,TO052,1254,1254,6,perché,perché,perché,SCONJ,_
1254-6,TO052,1254,1254,7,devo,devo,dovere,AUX,_
1254-7,TO052,1254,1254,8,scoreggiare,scoreggiare,scoreggiare,VERB,_
1254-8,TO052,1254,1254,9,"però,",però,però,ADV,Intonation=weakly_rising
1255-0,TO052,1255,1255,0,{ride},{ride},_,X,_
1256-0,TO048,1256,1256,0,{ride},{ride},_,X,_
1257-0,TO050,1257,1257,0,{ride},{ride},_,X,_
1258-0,TO050,1258,1258,1,mangerò,mangerò,mangiare,VERB,_
1258-1,TO050,1258,1258,2,solo,solo,solo,ADV,_
1258-2,TO050,1258,1258,3,questa,questa,questo,DET,_
1258-3,TO050,1258,1258,4,parte,parte,parte,NOUN,_
1258-4,TO050,1258,1258,5,superficiale,superficiale,superficiale,ADJ,_
1258-5,TO050,1258,1258,6,perché,perché,perché,SCONJ,_
1258-6,TO050,1258,1258,7,mi,mi,mi,PRON,_
1258-7,TO050,1258,1258,8,piace,piace,piacere,VERB,_
1258-8,TO050,1258,1258,9,un,un,uno,DET,_
1258-9,TO050,1258,1258,10,sacco,sacco,sacco,NOUN,_
1258-10,TO050,1258,1258,11,il,il,il,DET,_
1258-11,TO050,1258,1258,12,ghiaccio.,ghiaccio,ghiaccio,NOUN,Intonation=falling
1259-0,TO048,1259,1259,1,a,a,a,ADP,_
1259-1,TO048,1259,1259,2,me,me,me,PRON,_
1259-2,TO048,1259,1259,3,mi,mi,mi,PRON,_
1259-3,TO048,1259,1259,4,hanno,hanno,avere,AUX,_
1259-4,TO048,1259,1259,5,insegnato,insegnato,insegnare,VERB,_
1259-5,TO048,1259,1259,6,[xxx],x,x,X,_
1259-6,TO048,1259,1259,7,con,con,con,ADP,_
1259-7,TO048,1259,1259,8,un,un,uno,DET,_
1259-8,TO048,1259,1259,9,po',po',poco,PRON,_
1259-9,TO048,1259,1259,10,di,di,di,ADP,_
1259-10,TO048,1259,1259,11,panna,panna,panna,NOUN,_
1259-11,TO048,1259,1259,12,sarebbe,sarebbe,essere,AUX,_
1259-12,TO048,1259,1259,13,fanta[stico].,fantastico,fantastico,ADJ,Intonation=falling
1260-0,TO052,1260,1260,1,"[comunque],",comunque,comunque,ADV,Intonation=weakly_rising
1261-0,TO052,1261,1261,1,[e,e,e,CCONJ,_
1261-1,TO052,1261,1261,2,quindi,quindi,quindi,ADV,_
1261-2,TO052,1261,1261,3,mari]na?,marina,Marina,PROPN,Intonation=rising
1262-0,TO048,1262,1262,1,"marina,",marina,Marina,PROPN,Intonation=weakly_rising
1262-1,TO048,1262,1262,2,non,non,non,ADV,_
1262-2,TO048,1262,1262,3,c',c',ci,PRON,Truncated=Yes
1262-3,TO048,1262,1262,4,era.,era,essere,VERB,Intonation=falling
1263-0,TO048,1263,1263,1,xxxxx,x,x,X,_
1263-1,TO048,1263,1263,2,[x],x,x,X,_
1264-0,TO052,1264,1264,1,[me],me,me,PRON,_
1264-1,TO052,1264,1264,2,ne,ne,ne,PRON,_
1264-2,TO052,1264,1264,3,vado.,vado,andare,VERB,Intonation=falling
1265-0,TO048,1265,1265,1,xxxxxxx,x,x,X,_
1266-0,TO050,1266,1266,1,xxx,x,x,X,_
1267-0,TO052,1267,1267,1,"a::h,",ah,ah,INTJ,Intonation=weakly_rising
1268-0,TO048,1268,1268,1,mi,mi,mi,PRON,_
1268-1,TO048,1268,1268,2,faceva,faceva,fare,VERB,_
1268-2,TO048,1268,1268,3,"scoreggiare,",scoreggiare,scoreggiare,VERB,Intonation=weakly_rising
1268-3,TO048,1268,1268,4,{ride},{ride},_,_,_
1269-0,TO048,1269,1269,1,[xxxx],x,x,X,_
1270-0,TO052,1270,1270,1,[scusa,scusa,scusare,VERB,_
1270-1,TO052,1270,1270,2,{P},{P},_,_,_
1270-2,TO052,1270,1270,3-9,scusami],scusami,_,_,_
1270-2a,_,_,1270,3,,scusa ,scusare,VERB,
1270-2b,_,_,1270,9,,mi,mi,PRON,
1270-3,TO052,1270,1270,4,devi,devi,dovere,AUX,_
1270-4,TO052,1270,1270,5,scoreggiare,scoreggiare,scoreggiare,VERB,_
1270-5,TO052,1270,1270,6,davanti,davanti,davanti,ADV,_
1270-6,TO052,1270,1270,7,a,a,a,ADP,_
1270-7,TO052,1270,1270,8,tutti.,tutti,tutto,PRON,Intonation=falling
1271-0,TO052,1271,1271,1,cioè,cioè,cioé,CCONJ,_
1271-1,TO052,1271,1271,2,se,se,se,SCONJ,_
1271-2,TO052,1271,1271,3,io,io,io,PRON,_
1271-3,TO052,1271,1271,4,devo,devo,dovere,AUX,_
1271-4,TO052,1271,1271,5,devo,devo,dovere,AUX,_
1271-5,TO052,1271,1271,6,scoreggiare,scoreggiare,scoreggiare,VERB,_
1271-6,TO052,1271,1271,7,non,non,non,ADV,_
1271-7,TO052,1271,1271,8,vengo,vengo,venire,VERB,_
1271-8,TO052,1271,1271,9-10,alla,alla,_,_,_
1271-8a,_,_,1271,9,_,a,a,ADP,_
1271-8b,_,_,1271,10,_,la,il,DET,_
1271-9,TO052,1271,1271,11,lezione.,lezione,lezione,NOUN,Intonation=falling
1272-0,TO048,1272,1272,1,ti,ti,ti,PRON,_
1272-1,TO048,1272,1272,2,devi,devi,dovere,AUX,_
1272-2,TO048,1272,1272,3,sedere,sedere,sedere,VERB,_
1272-3,TO048,1272,1272,4,là,là,là,ADV,_
1272-4,TO048,1272,1272,5,perché,perché,perché,SCONJ,_
1272-5,TO048,1272,1272,6,io,io,io,PRON,_
1272-6,TO048,1272,1272,7,non,non,non,ADV,_
1272-7,TO048,1272,1272,8,posso,posso,potere,AUX,_
1272-8,TO048,1272,1272,9,parlare,parlare,parlare,VERB,_
1272-9,TO048,1272,1272,10,a,a,a,ADP,_
1272-10,TO048,1272,1272,11,un,un,uno,DET,_
1272-11,TO048,1272,1272,12,xxx.,xxx,x,X,Intonation=falling
1273-0,TO048,1273,1273,1,xxxx,x,x,X,_
1273-1,TO048,1273,1273,2,[xxx],x,x,X,_
1274-0,TO052,1274,1274,1,[ma,ma,ma,CCONJ,_
1274-1,TO052,1274,1274,2,non,non,non,ADV,_
1274-2,TO052,1274,1274,3,l]o,lo,lo,PRON,_
1274-3,TO052,1274,1274,4,puoi,puoi,potere,AUX,_
1274-4,TO052,1274,1274,5,mangiare,mangiare,mangiare,VERB,_
1274-5,TO052,1274,1274,6,girata,girata,girato,ADJ,_
1274-6,TO052,1274,1274,7,v[erso,verso,verso,ADP,_
1274-7,TO052,1274,1274,8,di,di,di,ADP,_
1274-8,TO052,1274,1274,9,m]e?,me,me,PRON,Intonation=rising
1275-0,TO048,1275,1275,1,"[no:],",no,no,ADV,Intonation=weakly_rising
1276-0,TO052,1276,1276,1,sono,sono,essere,AUX,_
1276-1,TO052,1276,1276,2,stanco.,stanco,stanco,ADJ,Intonation=falling
1277-0,TO048,1277,1277,1,pazienza.,pazienza,pazienza,NOUN,Intonation=falling
1278-0,TO052,1278,1278,1,è,è,essere,AUX,_
1278-1,TO052,1278,1278,2,una,una,uno,DET,_
1278-2,TO052,1278,1278,3,giornata,giornata,giornata,NOUN,_
1278-3,TO052,1278,1278,4,che,che,che,PRON,_
1278-4,TO052,1278,1278,5,sono,sono,essere,AUX,_
1278-5,TO052,1278,1278,6,fuori,fuori,fuori,ADV,_
1278-6,TO052,1278,1278,7,a,a,a,ADP,_
1278-7,TO052,1278,1278,8,parlare,parlare,parlare,VERB,_
1278-8,TO052,1278,1278,9,di,di,di,ADP,_
1278-9,TO052,1278,1278,10,bourdieu.,bourdieu,Bourdieu,PROPN,Intonation=falling
1279-0,TO048,1279,1279,0,{ride},{ride},_,X,_
1280-0,TO050,1280,1280,1,ma,ma,ma,CCONJ,_
1280-1,TO050,1280,1280,2,poi,poi,poi,ADV,_
1280-2,TO050,1280,1280,3,si,si,si,PRON,_
1280-3,TO050,1280,1280,4,pronuncia,pronuncia,pronunciare,VERB,_
1280-4,TO050,1280,1280,5,davvero,davvero,davvero,ADV,_
1280-5,TO050,1280,1280,6,bourdieu?,bourdieu,Bourdieu,PROPN,Intonation=rising
1281-0,TO052,1281,1281,_,<bourdieu>..,bourdieu..,Bourdieu,PROPN,_
1282-0,TO050,1282,1282,1,non,non,non,ADV,_
1282-1,TO050,1282,1282,2,burdie?,burdie,Burdie,PROPN,Intonation=rising
1283-0,TO052,1283,1283,1,è,è,essere,AUX,_
1283-1,TO052,1283,1283,2,tipo:,tipo,tipo,NOUN,_
1283-2,TO052,1283,1283,3,è,è,essere,AUX,_
1283-3,TO052,1283,1283,4,una,una,uno,DET,_
1283-4,TO052,1283,1283,5,{P},{P},_,_,_
1283-5,TO052,1283,1283,6,[u]na,una,uno,DET,_
1283-6,TO052,1283,1283,7,specie,specie,specie,NOUN,_
1283-7,TO052,1283,1283,8,di,di,di,ADP,_
1283-8,TO052,1283,1283,9,ou,ou,ou,NOUN,_
1283-9,TO052,1283,1283,10,(come,come,come,ADV,_
1283-10,TO052,1283,1283,11,in),in,in,ADP,_
1283-11,TO052,1283,1283,12,out.,out,out,NOUN,Intonation=falling ; Lang = [eng]
1284-0,TO050,1284,1284,1,[bourdieu].,bourdieu,Bourdieu,PROPN,Intonation=falling
1285-0,TO050,1285,1285,1,perché,perché,perché,SCONJ,_
1285-1,TO050,1285,1285,2,(è),è,essere,VERB,_
1285-2,TO050,1285,1285,3,o,o,o,NOUN,_
1285-3,TO050,1285,1285,4,u.,u,u,NOUN,Intonation=falling
1286-0,TO048,1286,1286,1,ah,ah,ah,INTJ,_
1286-1,TO048,1286,1286,2,allora,allora,allora,ADV,_
1286-2,TO048,1286,1286,3,è,è,essere,AUX,_
1286-3,TO048,1286,1286,4,boh.,boh,boh,INTJ,Intonation=falling
1287-0,TO050,1287,1287,1,xxxxx[xx],x,x ,X,_
1288-0,TO052,1288,1288,1,[dico],dico,dire,VERB,_
1288-1,TO052,1288,1288,2,è,è,essere,AUX,_
1288-2,TO052,1288,1288,3,una,una,uno,PRON,_
1288-3,TO052,1288,1288,4,"o,",o,o,NOUN,Intonation=weakly_rising
1289-0,TO048,1289,1289,1,beh,beh,beh,INTJ,_
1289-1,TO048,1289,1289,2,scusa,scusa,scusare,VERB,_
1289-2,TO048,1289,1289,3,ma,ma,ma,CCONJ,_
1289-3,TO048,1289,1289,4,se,se,se,SCONJ,_
1289-4,TO048,1289,1289,5,o,o,o,NOUN,_
1289-5,TO048,1289,1289,6,u,u,u,NOUN,_
1289-6,TO048,1289,1289,7,è,è,essere,AUX,_
1289-7,TO048,1289,1289,8,"u,",u,u,NOUN,Intonation=weakly_rising
1290-0,TO050,1290,1290,1,sì,sì,sì,ADV,_
1290-1,TO050,1290,1290,2,{P},{P},_,_,_
1290-2,TO050,1290,1290,3,è,è,essere,AUX,_
1290-3,TO050,1290,1290,4,bourdieu.,bourdieu,Bourdieu,PROPN,Intonation=falling
1291-0,TO052,1291,1291,1,allora,allora,allora,ADV,_
1291-1,TO052,1291,1291,2,bourdieu.,bourdieu,Bourdieu,PROPN,Intonation=falling
1292-0,TO050,1292,1292,1,xxx.,xxx,x ,X,Intonation=falling
1293-0,TO048,1293,1293,1,beh,beh,beh,INTJ,_
1293-1,TO048,1293,1293,2,se,se,se,SCONJ,_
1293-2,TO048,1293,1293,3,è,è,essere,AUX,_
1293-3,TO048,1293,1293,4,[scritto,scritto,scrivere,VERB,_
1293-4,TO048,1293,1293,5,"u],",u,u,NOUN,Intonation=weakly_rising
1294-0,TO050,1294,1294,1,[però,però,però,ADV,_
1294-1,TO050,1294,1294,2,forse,forse,forse,ADV,_
1294-2,TO050,1294,1294,3,l]a,la,il,DET,_
1294-3,TO050,1294,1294,4,erre,erre,erre,NOUN,_
1294-4,TO050,1294,1294,5,modifica,modifica,modificare,VERB,_
1294-5,TO050,1294,1294,6,un,un,uno,DET,_
1294-6,TO050,1294,1294,7,po',po',poco,ADV,_
1294-7,TO050,1294,1294,8,la,la,il,DET,_
1294-8,TO050,1294,1294,9,u.,u,u,NOUN,Intonation=falling
1295-0,TO050,1295,1295,1,<bourdi[eu>].,bourdieu,Bourdieu,PROPN,Intonation=falling
1296-0,TO048,1296,1296,1,[ma,ma,ma,CCONJ,_
1296-1,TO048,1296,1296,2,comu]nque,comunque,comunque,ADV,_
1296-2,TO048,1296,1296,3,i,i,il,DET,_
1296-3,TO048,1296,1296,4,nomi,nomi,nome,NOUN,_
1296-4,TO048,1296,1296,5,propri,propri,proprio,ADJ,_
1296-5,TO048,1296,1296,6,sono,sono,essere,AUX,_
1296-6,TO048,1296,1296,7,idiosincratici,idiosincratici,idiosincratico,ADJ,_
1296-7,TO048,1296,1296,8,in,in,in,ADP,_
1296-8,TO048,1296,1296,9,francese.,francese,francese,NOUN,Intonation=falling
1297-0,TO048,1297,1297,1,non,non,non,ADV,_
1297-1,TO048,1297,1297,2,"[so],",so,sapere,VERB,Intonation=weakly_rising
1298-0,TO050,1298,1298,1,[sì].,sì,sì,ADV,Intonation=falling
1299-0,TO050,1299,1299,1,xx,x,x,X,_
1299-1,TO050,1299,1299,2,[xxxxxxx],x,x,X,_
1300-0,TO052,1300,1300,1,[allora,allora,allora,ADV,_
1300-1,TO052,1300,1300,2,loro,loro,loro,PRON,_
1300-2,TO052,1300,1300,3,lo,lo,lo ,PRON,_
1300-3,TO052,1300,1300,4,loro,loro,loro,PRON,_
1300-4,TO052,1300,1300,5,lo,lo,lo,PRON,_
1300-5,TO052,1300,1300,6,pronunciano],pronunciano,pronunciare,VERB,_
1300-6,TO052,1300,1300,7,<bourdieu>.,bourdieu,Bourdieu,PROPN,Intonation=falling
1301-0,TO052,1301,1301,1,"tipo,",tipo,tipo,NOUN,Intonation=weakly_rising
1302-0,TO048,1302,1302,1,"[a::h],",ah,ah,INTJ,Intonation=weakly_rising
1303-0,TO052,1303,1303,1,[bourdi]eu.,bourdieu,Bourdieu,PROPN,Intonation=falling
1304-0,TO052,1304,1304,1,[che,che,che,PRON,_
1304-1,TO052,1304,1304,2,non,non,non,ADV,_
1304-2,TO052,1304,1304,3,"è],",è,essere,AUX,Intonation=weakly_rising
1305-0,TO048,1305,1305,1,[può,può,potere,AUX,_
1305-1,TO048,1305,1305,2,es]sere.,essere,essere,AUX,Intonation=falling
1306-0,TO052,1306,1306,1,che,che,che,PRON,_
1306-1,TO052,1306,1306,2,n[on,non,non,ADV,_
1306-2,TO052,1306,1306,3,è],è,essere,AUX,_
1307-0,TO050,1307,1307,1,[no],no,no,ADV,_
1307-1,TO050,1307,1307,2,no,no,no,ADV,_
1307-2,TO050,1307,1307,3,no,no,no,ADV,_
1307-3,TO050,1307,1307,4,non,non,non,ADV,_
1307-4,TO050,1307,1307,5,è,è,essere,AUX,_
1307-5,TO050,1307,1307,6,bu~,bu~,bu~,X,Interrupted=Yes
1307-6,TO050,1307,1307,7,bur~,bur~,bur~,X,Interrupted=Yes
1307-7,TO050,1307,1307,8,bourdieu.,bourdieu,Bourdieu,PROPN,Intonation=falling
1308-0,TO052,1308,1308,1,°bourdieu.°,bourdieu,Bourdieu,PROPN,Intonation=falling|Volume=low
1309-0,TO050,1309,1309,1,se,se,se,SCONJ,_
1309-1,TO050,1309,1309,2,non,non,non,ADV,_
1309-2,TO050,1309,1309,3,lo,lo,lo,PRON,_
1309-3,TO050,1309,1309,4,[pronunciamo,pronunciamo,pronunciare,VERB,_
1309-4,TO050,1309,1309,5,(un,un,uno,DET,_
1309-5,TO050,1309,1309,6,po',po',poco,ADV,_
1309-6,TO050,1309,1309,7,xx],x,x,X,_
1309-7,TO050,1309,1309,8,un,un,uno,DET,_
1309-8,TO050,1309,1309,9,po',po',poco,ADV,_
1309-9,TO050,1309,1309,10,xxx.),xxx,x,X,Intonation=falling
1310-0,TO052,1310,1310,1,[un,un,uno,DET,_
1310-1,TO052,1310,1310,2,po',po',poco,ADV,_
1310-2,TO052,1310,1310,3,così,così,così,ADV,_
1310-3,TO052,1310,1310,4,xxx].,xxx,x,X,Intonation=falling
1311-0,TO050,1311,1311,1,ma,ma,ma,CCONJ,_
1311-1,TO050,1311,1311,2,che,che,che,DET,_
1311-2,TO050,1311,1311,3,cazzo,cazzo,cazzo,NOUN,_
1311-3,TO050,1311,1311,4,di,di,di,ADP,_
1311-4,TO050,1311,1311,5,nome,nome,nome,NOUN,_
1311-5,TO050,1311,1311,6,c',c',ci,PRON,Truncated=Yes
1311-6,TO050,1311,1311,7,hanno,hanno,avere,VERB,_
1311-7,TO050,1311,1311,8,sti,sti,questo,ADJ,_
1311-8,TO050,1311,1311,9,francesi,francesi,francese,ADJ,_
1311-9,TO050,1311,1311,10,xx,x,x,X,_
1311-10,TO050,1311,1311,11,sen~,sen~,sen~,X,Interrupted=Yes
1311-11,TO050,1311,1311,12,e::h,eh,eh,INTJ,_
1311-12,TO050,1311,1311,13,antoine::,antoine,Antoine,PROPN,_
1311-13,TO050,1311,1311,14,de,de,di,ADP,_
1311-14,TO050,1311,1311,15,seint~,seint~,seint~,X,Interrupted=Yes
1311-15,TO050,1311,1311,16,eh,eh,eh,INTJ,_
1311-16,TO050,1311,1311,17,exuperi.,exuperi,Exuperi,PROPN,Intonation=falling
1312-0,TO052,1312,1312,1,come,come,come,ADP,_
1312-1,TO052,1312,1312,2,cazzo,cazzo,cazzo,NOUN,_
1312-2,TO052,1312,1312,3,io,io,io,PRON,_
1312-3,TO052,1312,1312,4,non,non,non,ADV,_
1312-4,TO052,1312,1312,5,ho,ho,avere,AUX,_
1312-5,TO052,1312,1312,6,mai,mai,mai,ADV,_
1312-6,TO052,1312,1312,7,capito,capito,capire,VERB,_
1312-7,TO052,1312,1312,8,co[me,come,come,SCONJ,_
1312-8,TO052,1312,1312,9,si,si,si,PRON,_
1312-9,TO052,1312,1312,10,pronuncia].,pronuncia,pronunciare,VERB,Intonation=falling
1313-0,TO048,1313,1313,1,[de,de,di,ADP,_
1313-1,TO048,1313,1313,2,saint]~exupéry.,saint~exupéry.,Saint-Exupéry,PROPN,_
1314-0,TO050,1314,1314,1,eh?,eh,eh,INTJ,Intonation=rising
1315-0,TO048,1315,1315,1,<de,de,di,ADP,_
1315-1,TO048,1315,1315,2,saint-exupéry>.,saint-exupéry.,Saint-Exupéry,PROPN,_
1316-0,TO050,1316,1316,1,perché,perché,perché,SCONJ,_
1316-1,TO050,1316,1316,2,io,io,io,PRON,_
1316-2,TO050,1316,1316,3,ho,ho,avere,AUX,_
1316-3,TO050,1316,1316,4,sempre,sempre,sempre,ADV,_
1316-4,TO050,1316,1316,5,detto,detto,dire,VERB,_
1316-5,TO050,1316,1316,6,con,con,con,ADP,_
1316-6,TO050,1316,1316,7,una,una,uno,DET,_
1316-7,TO050,1316,1316,8,specie,specie,specie,NOUN,_
1316-8,TO050,1316,1316,9,di,di,di,ADP,_
1316-9,TO050,1316,1316,10,disles~,disles~,disles~,X,Interrupted=Yes
1316-10,TO050,1316,1316,11,di,di,di,ADP,_
1316-11,TO050,1316,1316,12,dislessia,dislessia,dislessia,NOUN,_
1316-12,TO050,1316,1316,13,<e:uxperie>.,euxperie,Euxperie,PROPN,Intonation=falling
1317-0,TO050,1317,1317,1,invece,invece,invece,ADV,_
1317-1,TO050,1317,1317,2,exupéry.,exupéry,Exupéry,PROPN,Intonation=falling
1318-0,TO048,1318,1318,1,"sì,",sì,sì,ADV,Intonation=weakly_rising
1319-0,TO050,1319,1319,1,e,e,e,CCONJ,_
1319-1,TO050,1319,1319,2,io,io,io,PRON,_
1319-2,TO050,1319,1319,3,non,non,non,ADV,_
1319-3,TO050,1319,1319,4,so,so,sapere,VERB,_
1319-4,TO050,1319,1319,5,perché,perché,perché,SCONJ,_
1319-5,TO050,1319,1319,6,non,non,non,ADV,_
1319-6,TO050,1319,1319,7,riesco,riesco,riuscire,VERB,_
1319-7,TO050,1319,1319,8,a,a,a,ADP,_
1319-8,TO050,1319,1319,9,leggere,leggere,leggere,VERB,_
1319-9,TO050,1319,1319,10,exupéry,exupéry,Exupéry,PROPN,_
1319-10,TO050,1319,1319,11,ma,ma,ma,CCONJ,_
1319-11,TO050,1319,1319,12,leggo,leggo,leggo,ADJ,_
1319-12,TO050,1319,1319,13,euxperi.,euxperi,Euxperi,PROPN,Intonation=falling
1320-0,TO052,1320,1320,1,ma,ma,ma,CCONJ,_
1320-1,TO052,1320,1320,2,l~,l~,l~,X,Interrupted=Yes
1320-2,TO052,1320,1320,3,lo,lo,lo,PRON,_
1320-3,TO052,1320,1320,4,sai,sai,sapere,VERB,_
1320-4,TO052,1320,1320,5,che,che,che,SCONJ,_
1320-5,TO052,1320,1320,6,anche,anche,anche,ADV,_
1320-6,TO052,1320,1320,7,io?,io,io,PRON,Intonation=rising
1321-0,TO050,1321,1321,1,c',c',ci,PRON,Truncated=Yes
1321-1,TO050,1321,1321,2,ho,ho,avere,VERB,_
1321-2,TO050,1321,1321,3,un,un,uno,DET,_
1321-3,TO050,1321,1321,4,problema,problema,problema,NOUN,_
1321-4,TO050,1321,1321,5,con,con,con,ADP,_
1321-5,TO050,1321,1321,6,questo,questo,questo,DET,_
1321-6,TO050,1321,1321,7,nome,nome,nome,NOUN,_
1321-7,TO050,1321,1321,8,è,è,essere,AUX,_
1321-8,TO050,1321,1321,9,vero,vero,vero,ADJ,_
1321-9,TO050,1321,1321,10,comun~,comun~,comun~,X,Interrupted=Yes
1321-10,TO050,1321,1321,11,cazzo,cazzo,cazzo,NOUN,_
1321-11,TO050,1321,1321,12,xx,x,x,X,_
1321-12,TO050,1321,1321,13,troppa,troppa,troppo,DET,_
1321-13,TO050,1321,1321,14,ragione.,ragione,ragione,NOUN,Intonation=falling
1322-0,TO052,1322,1322,1,comunque,comunque,comunque,ADV,_
1322-1,TO052,1322,1322,2,e,e,e,CCONJ,_
1322-2,TO052,1322,1322,3,quindi?,quindi,quindi,ADV,Intonation=rising
1323-0,TO052,1323,1323,1,marina?,marina,Marina,PROPN,Intonation=rising
1324-0,TO048,1324,1324,1,<non,non,non,ADV,_
1324-1,TO048,1324,1324,2,c',c',ci,PRON,Truncated=Yes
1324-2,TO048,1324,1324,3,era,era,essere,VERB,_
1324-3,TO048,1324,1324,4,non,non,non,ADV,_
1324-4,TO048,1324,1324,5,è,è,essere,AUX,_
1324-5,TO048,1324,1324,6,potuta,potuta,potere,AUX,_
1324-6,TO048,1324,1324,7,venire>.,venire,venire,VERB,Intonation=falling
1325-0,TO050,1325,1325,1,ma,ma,ma,CCONJ,_
1325-1,TO050,1325,1325,2,chi,chi,chi,PRON,_
1325-2,TO050,1325,1325,3,è,è,essere,AUX,_
1325-3,TO050,1325,1325,4,mari[na]?,marina,Marina,PROPN,Intonation=rising
1326-0,TO048,1326,1326,1,[avev]a,aveva,avere,VERB,_
1326-1,TO048,1326,1326,2,i,i,il,DET,_
1326-2,TO048,1326,1326,3,panni,panni,panno,NOUN,_
1326-3,TO048,1326,1326,4,in,in,in,ADP,_
1326-4,TO048,1326,1326,5,lavatrice,lavatrice,lavatrice,NOUN,_
1326-5,TO048,1326,1326,6,{P},{P},_,_,_
1326-6,TO048,1326,1326,7,e,e,e,CCONJ,_
1326-7,TO048,1326,1326,8,[si,si,si,PRON,_
1326-8,TO048,1326,1326,9,era,era,essere,AUX,_
1326-9,TO048,1326,1326,10,dimenticat]a,dimenticata,dimenticare,VERB,_
1326-10,TO048,1326,1326,11,di,di,di,ADP,_
1326-11,TO048,1326,1326,12-13,tirarli,tirarli,_,_,_
1326-11a,_,_,1326,12,_,tirar,tirare,VERB,_
1326-11b,_,_,1326,13,_,li,li,PRON,_
1326-12,TO048,1326,1326,14,fuori.,fuori,fuori,ADV,Intonation=falling
1327-0,TO050,1327,1327,1,[è,è,essere,AUX,_
1327-1,TO050,1327,1327,2,xx,x,x,X,_
1327-2,TO050,1327,1327,3,tua]?,tua,tuo,DET,Intonation=rising
1328-0,TO048,1328,1328,1,xxxxxxxx,x,x,X,_
1329-0,TO050,1329,1329,1,ah,ah,ah,INTJ,_
1329-1,TO050,1329,1329,2,marina,marina,Marina,PROPN,_
1329-2,TO050,1329,1329,3,è,è,essere,AUX,_
1329-3,TO050,1329,1329,4,quella,quella,quello,PRON,_
1329-4,TO050,1329,1329,5,no:n,non,non,ADV,_
1329-5,TO050,1329,1329,6,ipercritica.,ipercritica,ipercritico,ADJ,Intonation=falling
1330-0,TO048,1330,1330,1,marina,marina,Marina,PROPN,_
1330-1,TO048,1330,1330,2,è,è,essere,AUX,_
1330-2,TO048,1330,1330,3,quella,quella,quello,PRON,_
1330-3,TO048,1330,1330,4,"[la::],",la,il,DET,Intonation=weakly_rising
1331-0,TO052,1331,1331,1,[perché,perché,perché,SCONJ,_
1331-1,TO052,1331,1331,2,m]e,me,me,PRON,_
1331-2,TO052,1331,1331,3,l',l',lo,PRON,Truncated=Yes
1331-3,TO052,1331,1331,4,hai,hai,avere,AUX,_
1331-4,TO052,1331,1331,5,messo,messo,mettere,VERB,_
1331-5,TO052,1331,1331,6,qua,qua,qua,ADV,_
1331-6,TO052,1331,1331,7,se,se,se,SCONJ,_
1331-7,TO052,1331,1331,8,io,io,io,PRON,_
1331-8,TO052,1331,1331,9,l',l',lo,PRON,Truncated=Yes
1331-9,TO052,1331,1331,10,ho,ho,avere,AUX,_
1331-10,TO052,1331,1331,11,spostato?,spostato,spostare,VERB,Intonation=rising
1332-0,TO052,1332,1332,1-5,°mettilo,mettilo,_,_,Volume=low
1332-0a,_,_,1332,1,_,metti,mettere,VERB,
1332-0b,_,_,1332,5,_,lo,lo,PRON,
1332-1,TO052,1332,1332,2,più,più,più,ADV,Volume=low
1332-2,TO052,1332,1332,3,in,in,in,ADP,Volume=low
1332-3,TO052,1332,1332,4,là.°,là,là,ADV,Intonation=falling|Volume=low
1333-0,TO052,1333,1333,1,per,per,per,ADP,_
1333-1,TO052,1333,1333,2,favore.,favore,favore,NOUN,Intonation=falling
1334-0,TO048,1334,1334,1,"grazie,",grazie,grazie,NOUN,Intonation=weakly_rising
1335-0,TO048,1335,1335,1,in,in,in,ADP,_
1335-1,TO048,1335,1335,2,"là::,",là,là,ADV,Intonation=weakly_rising
1336-0,TO048,1336,1336,1,così,così,così,ADV,_
1336-1,TO048,1336,1336,2,vicino,vicino,vicino,ADV,_
1336-2,TO048,1336,1336,3,mi,mi,mi,PRON,_
1336-3,TO048,1336,1336,4,fa,fa,fare,VERB,_
1336-4,TO048,1336,1336,5,"turbar,",turbar,turbare,VERB,Intonation=weakly_rising
1336-5,TO048,1336,1336,6,{canta},{canta},_,_,_
1337-0,TO052,1337,1337,1,quindi?,quindi,quindi,ADV,Intonation=rising
1338-0,TO048,1338,1338,1,non,non,non,ADV,_
1338-1,TO048,1338,1338,2,ti,ti,ti,PRON,_
1338-2,TO048,1338,1338,3,vedo,vedo,vedere,VERB,_
1338-3,TO048,1338,1338,4,senza,senza,senza,ADP,_
1338-4,TO048,1338,1338,5,occhiali,occhiali,occhiale,NOUN,_
1338-5,TO048,1338,1338,6,è,è,essere,AUX,_
1338-6,TO048,1338,1338,7,assurdo,assurdo,assurdo,ADJ,_
1338-7,TO048,1338,1338,8,{P},{P},_,_,_
1338-8,TO048,1338,1338,9,cioè,cioè,cioè,CCONJ,_
1338-9,TO048,1338,1338,10,non,non,non,ADV,_
1338-10,TO048,1338,1338,11,riesco,riesco,riuscire,VERB,_
1338-11,TO048,1338,1338,12,{ride},{ride},_,_,_
1339-0,TO052,1339,1339,1,minchia,minchia,minchia,NOUN,_
1339-1,TO052,1339,1339,2,non,non,non,ADV,_
1339-2,TO052,1339,1339,3,posso,posso,potere,AUX,_
1339-3,TO052,1339,1339,4,sapere,sapere,sapere,VERB,_
1339-4,TO052,1339,1339,5,[come,come,come,SCONJ,_
1339-5,TO052,1339,1339,6,xx,x,x,X,_
1339-6,TO052,1339,1339,7,xx].,xx,x,X,Intonation=falling
1340-0,TO050,1340,1340,1,[xxxx],x,x,X,_
1341-0,TO050,1341,1341,1,non,non,non,ADV,_
1341-1,TO050,1341,1341,2,ti,ti,ti,PRON,_
1341-2,TO050,1341,1341,3,(pre[occupare.)],preoccupare,preoccupare,VERB,Intonation=falling
1342-0,TO052,1342,1342,1,[stai,stai,stare,AUX,_
1342-1,TO052,1342,1342,2,usando],usando,usare,VERB,_
1342-2,TO052,1342,1342,3,contro,contro,contro,ADV,_
1342-3,TO052,1342,1342,4,di,di,di,ADP,_
1342-4,TO052,1342,1342,5,me,me,me,PRON,_
1342-5,TO052,1342,1342,6,la,la,il,DET,_
1342-6,TO052,1342,1342,7,ste~,ste~,ste~,X,Interrupted=Yes
1342-7,TO052,1342,1342,8,la,la,il,DET,_
1342-8,TO052,1342,1342,9,stessa,stessa,stesso,ADJ,_
1342-9,TO052,1342,1342,10,strategia,strategia,strategia,NOUN,_
1342-10,TO052,1342,1342,11,di,di,di,ADP,_
1342-11,TO052,1342,1342,12,non,non,non,ADV,_
1342-12,TO052,1342,1342,13-15,farmi,farmi,_,_,_
1342-12a,_,_,1342,13,_,far ,fare,VERB,
1342-12b,_,_,1342,15,_,mi,mi,PRON,
1342-13,TO052,1342,1342,14,parlare.,parlare,parlare,VERB,Intonation=falling
1343-0,TO050,1343,1343,1,(posso)?,posso,potere,AUX,Intonation=rising
1344-0,TO052,1344,1344,1,ao.,ao,ao,INTJ,Intonation=falling
1345-0,TO048,1345,1345,1,ah.,ah,ah,INTJ,Intonation=falling
1346-0,TO048,1346,1346,1,quindi,quindi,quindi,ADV,_
1346-1,TO048,1346,1346,2,"marina,",marina,marina,ADJ,Intonation=weakly_rising
1347-0,TO050,1347,1347,1,xx[xx],x,x,X,_
1348-0,TO048,1348,1348,1,[l',l',lo,PRON,Truncated=Yes
1348-1,TO048,1348,1348,2,ho,ho,avere,AUX,_
1348-2,TO048,1348,1348,3,"p]rovata,",provata,provare,VERB,Intonation=weakly_rising
1349-0,TO048,1349,1349,1,è,è,essere,AUX,_
1349-1,TO048,1349,1349,2,finita,finita,finire,VERB,_
1349-2,TO048,1349,1349,3-4,alle,alle,_,_,_
1349-2a,_,_,1349,3,_,a,a,ADP,_
1349-2b,_,_,1349,4,_,le,il,DET,_
1349-3,TO048,1349,1349,5,due,due,due,NUM,_
1349-4,TO048,1349,1349,6,{P},{P},_,_,_
1349-5,TO048,1349,1349,7,quindi,quindi,quindi,ADV,_
1349-6,TO048,1349,1349,8,la,la,il,DET,_
1349-7,TO048,1349,1349,9,nerina,nerina,nerina,NOUN,_
1349-8,TO048,1349,1349,10,si,si,si,PRON,_
1349-9,TO048,1349,1349,11,è,è,essere,AUX,_
1349-10,TO048,1349,1349,12,"(usata,)",usata,usare,VERB,Intonation=weakly_rising
1350-0,TO052,1350,1350,1,mh,mh,mh,INTJ,_
1350-1,TO052,1350,1350,2,"[mh],",mh,mh,INTJ,Intonation=weakly_rising
1351-0,TO048,1351,1351,1,[e,e,e,CCONJ,_
1351-1,TO048,1351,1351,2,h]a,ha,avere,AUX,_
1351-2,TO048,1351,1351,3,"detto,",detto,dire,VERB,Intonation=weakly_rising
1352-0,TO048,1352,1352,1,e::h,eh,eh,INTJ,_
1352-1,TO048,1352,1352,2,>avrei,avrei,avere,AUX,_
1352-2,TO048,1352,1352,3,voluto,voluto,volere,VERB,_
1352-3,TO048,1352,1352,4,che,che,che,SCONJ,_
1352-4,TO048,1352,1352,5,ci,ci,ci,PRON,_
1352-5,TO048,1352,1352,6,fosse,fosse,essere,AUX,_
1352-6,TO048,1352,1352,7,stato,stato,essere,AUX,_
1352-7,TO048,1352,1352,8,tempo,tempo,tempo,NOUN,_
1352-8,TO048,1352,1352,9,per,per,per,ADP,_
1352-9,TO048,1352,1352,10,il,il,il,DET,_
1352-10,TO048,1352,1352,11,dibattito,dibattito,dibattito,NOUN,_
1352-11,TO048,1352,1352,12,ma,ma,ma,CCONJ,_
1352-12,TO048,1352,1352,13,non,non,non,ADV,_
1352-13,TO048,1352,1352,14,c',c',ci,PRON,Truncated=Yes
1352-14,TO048,1352,1352,15,è,è,essere,VERB,_
1352-15,TO048,1352,1352,16,perché,perché,perché,SCONJ,_
1352-16,TO048,1352,1352,17,dobbiamo,dobbiamo,dovere,AUX,_
1352-17,TO048,1352,1352,18,lasciare,lasciare,lasciare,VERB,_
1352-18,TO048,1352,1352,19,l',l',il,DET,Truncated=Yes
1352-19,TO048,1352,1352,20,aula,aula,aula,NOUN,_
1352-20,TO048,1352,1352,21-22,alla,alla,_,_,_
1352-20a,_,_,1352,21,_,a,a,ADP,_
1352-20b,_,_,1352,22,_,la,il,DET,_
1352-21,TO048,1352,1352,23,s~,s~,s~,X,Interrupted=Yes
1352-22,TO048,1352,1352,24-25,alla,alla,_,_,_
1352-22a,_,_,1352,24,_,a,a,ADP,_
1352-22b,_,_,1352,25,_,la,il,DET,_
1352-23,TO048,1352,1352,26,lezione,lezione,lezione,NOUN,_
1352-24,TO048,1352,1352,27,successiva,successiva,successivo,ADJ,_
1352-25,TO048,1352,1352,28,però,però,però,ADV,_
1352-26,TO048,1352,1352,29,{P},{P},_,_,_
1352-27,TO048,1352,1352,30,ci,ci,ci,PRON,_
1352-28,TO048,1352,1352,31,sarebbero,sarebbero,essere,VERB,_
1352-29,TO048,1352,1352,32-33,delle,delle,_,_,_
1352-29a,_,_,1352,32,_,di,di,ADP,_
1352-29b,_,_,1352,33,_,le,il,DET,_
1352-30,TO048,1352,1352,34,cose,cose,cosa,NOUN,_
1352-31,TO048,1352,1352,35,da,da,da,ADP,_
1352-32,TO048,1352,1352,36,chiarire<,chiarire,chiarire,VERB,_
1352-33,TO048,1352,1352,37,<tipo>,tipo,tipo,NOUN,_
1352-34,TO048,1352,1352,38,l',l',il,DET,Truncated=Yes
1352-35,TO048,1352,1352,39,ultima,ultima,ultimo,ADJ,_
1352-36,TO048,1352,1352,40,e,e,e,CCONJ,_
1352-37,TO048,1352,1352,41,io,io,io,PRON,_
1352-38,TO048,1352,1352,42,non,non,non,ADV,_
1352-39,TO048,1352,1352,43,sono,sono,essere,AUX,_
1352-40,TO048,1352,1352,44,d',d',di,ADP,SpaceAfter=No
1352-41,TO048,1352,1352,45,accordo,accordo,accordo,NOUN,_
1352-42,TO048,1352,1352,46,su,su,su,ADP,_
1352-43,TO048,1352,1352,47,alcune,alcune,alcuno,DET,_
1352-44,TO048,1352,1352,48,cose,cose,cosa,NOUN,_
1352-45,TO048,1352,1352,49,tipo,tipo,tipo,ADP,_
1352-46,TO048,1352,1352,50,l',l',il,DET,Truncated=Yes
1352-47,TO048,1352,1352,51,ultima.,ultima,ultimo,ADJ,Intonation=falling
1353-0,TO048,1353,1353,1,ne,ne,ne,PRON,_
1353-1,TO048,1353,1353,2,parleremo,parleremo,parlare,VERB,_
1353-2,TO048,1353,1353,3,magari,magari,magari,ADV,_
1353-3,TO048,1353,1353,4,un',un',uno,DET,Truncated=Yes
1353-4,TO048,1353,1353,5,altra,altra,altro,ADJ,_
1353-5,TO048,1353,1353,6,volta,volta,volta,NOUN,_
1353-6,TO048,1353,1353,7,e,e,e,CCONJ,_
1353-7,TO048,1353,1353,8,grazie.,grazie,grazie,NOUN,Intonation=falling
1354-0,TO048,1354,1354,1,un,un,uno,DET,_
1354-1,TO048,1354,1354,2,po',po',poco,ADV,_
1354-2,TO048,1354,1354,3,stizzita.,stizzita,stizzita,ADJ,Intonation=falling
1355-0,TO048,1355,1355,1,e,e,e,CCONJ,_
1355-1,TO048,1355,1355,2,io,io,io,PRON,_
1355-2,TO048,1355,1355,3,non,non,non,ADV,_
1355-3,TO048,1355,1355,4,ho,ho,avere,AUX,_
1355-4,TO048,1355,1355,5,capito,capito,capire,VERB,_
1355-5,TO048,1355,1355,6,{P},{P},_,_,_
1355-6,TO048,1355,1355,7,"cioè,",cioè,cioè,CCONJ,Intonation=weakly_rising
1356-0,TO052,1356,1356,1,poi,poi,poi,ADV,_
1356-1,TO052,1356,1356,2,ne,ne,ne,PRON,_
1356-2,TO052,1356,1356,3,avete,avete,avere,AUX,_
1356-3,TO052,1356,1356,4,parlato?,parlato,parlare,VERB,Intonation=rising
1357-0,TO048,1357,1357,1,"no:,",no,no,ADV,Intonation=weakly_rising
1358-0,TO052,1358,1358,1,quand',quand',quando,SCONJ,SpaceAfter=No
1358-1,TO052,1358,1358,2,è,è,essere,AUX,_
1358-2,TO052,1358,1358,3,stata,stata,essere,AUX,_
1358-3,TO052,1358,1358,4,questa,questa,questo,DET,_
1358-4,TO052,1358,1358,5,cosa?,cosa,cosa,NOUN,Intonation=rising
1359-0,TO048,1359,1359,1,il,il,il,DET,_
1359-1,TO048,1359,1359,2,tre:nta.,trenta,trenta,NUM,Intonation=falling
1360-0,TO052,1360,1360,1,e,e,e,CCONJ,_
1360-1,TO052,1360,1360,2,lui,lui,lui,PRON,_
1360-2,TO052,1360,1360,3,eh,eh,eh,INTJ,_
1360-3,TO052,1360,1360,4,cioè,cioè,cioè,CCONJ,_
1360-4,TO052,1360,1360,5,può,può,potere,AUX,_
1360-5,TO052,1360,1360,6,venire,venire,venire,VERB,_
1360-6,TO052,1360,1360,7,chiunque,chiunque,chiunque,PRON,_
1360-7,TO052,1360,1360,8,a,a,a,ADP,_
1360-8,TO052,1360,1360,9,lezione,lezione,lezione,NOUN,_
1360-9,TO052,1360,1360,10,lui,lui,lui,PRON,_
1360-10,TO052,1360,1360,11,è,è,essere,AUX,_
1360-11,TO052,1360,1360,12,venuto?,venuto,venire,VERB,Intonation=rising
1361-0,TO048,1361,1361,1,sì,sì,sì,ADV,_
1361-1,TO048,1361,1361,2,e,e,e,CCONJ,_
1361-2,TO048,1361,1361,3,perché,perché,perché,SCONJ,_
1361-3,TO048,1361,1361,4,"no,",no,no,ADV,Intonation=weakly_rising
1362-0,TO048,1362,1362,1,quando,quando,quando,SCONJ,_
1362-1,TO048,1362,1362,2,mai,mai,mai,ADV,_
1362-2,TO048,1362,1362,3,una,una,uno,DET,_
1362-3,TO048,1362,1362,4,lezione,lezione,lezione,NOUN,_
1362-4,TO048,1362,1362,5,universitaria,universitaria,universitario,ADJ,_
1362-5,TO048,1362,1362,6,(non),non,non,ADV,_
1362-6,TO048,1362,1362,7,può,può,potere,AUX,_
1362-7,TO048,1362,1362,8,andare,andare,andare,VERB,_
1362-8,TO048,1362,1362,9,chiunque.,chiunque,chiunque,PRON,Intonation=falling
1363-0,TO052,1363,1363,1,beh,beh,beh,INTJ,_
1363-1,TO052,1363,1363,2,certo.,certo,certo,ADV,Intonation=falling
1364-0,TO048,1364,1364,1,e::h,eh,eh,INTJ,ProsodicLink=Yes
1364-1,TO048,1364,1364,2,"mh,",mh,mh,INTJ,Intonation=weakly_rising
1365-0,TO048,1365,1365,1,no,no,no,ADV,_
1365-1,TO048,1365,1365,2,che,che,che,SCONJ,_
1365-2,TO048,1365,1365,3,stavo,stavo,stare,VERB,_
1365-3,TO048,1365,1365,4,dicendo,dicendo,dire,VERB,_
1365-4,TO048,1365,1365,5,"ah,",ah,ah,INTJ,Intonation=weakly_rising
1366-0,TO048,1366,1366,1,che,che,che,SCONJ,_
1366-1,TO048,1366,1366,2,io,io,io,PRON,_
1366-2,TO048,1366,1366,3,poi,poi,poi,ADV,_
1366-3,TO048,1366,1366,4,però,però,però,ADV,_
1366-4,TO048,1366,1366,5,tipo,tipo,tipo,NOUN,_
1366-5,TO048,1366,1366,6,loro,loro,loro,PRON,_
1366-6,TO048,1366,1366,7,mi,mi,mi,PRON,_
1366-7,TO048,1366,1366,8,hanno,hanno,avere,AUX,_
1366-8,TO048,1366,1366,9,dato,dato,dare,VERB,_
1366-9,TO048,1366,1366,10-11,dei,dei,_,_,_
1366-9a,_,_,1366,10,_,di,di,ADP,_
1366-9b,_,_,1366,11,_,i,il,DET,_
1366-10,TO048,1366,1366,12,feedback,feedback,feedback,NOUN,_
1366-11,TO048,1366,1366,13,"positivi,",positivi,positivo,ADJ,Intonation=weakly_rising
1367-0,TO052,1367,1367,1,loro,loro,loro,PRON,_
1367-1,TO052,1367,1367,2,chi?,chi,chi,PRON,Intonation=rising
1368-0,TO048,1368,1368,1,lui,lui,lui,PRON,_
1368-1,TO048,1368,1368,2,e,e,e,CCONJ,_
1368-2,TO048,1368,1368,3,alessandro.,alessandro,Alessandro,PROPN,Intonation=falling
1369-0,TO052,1369,1369,1,ah,ah,ah,INTJ,_
1369-1,TO052,1369,1369,2,c',c',ci,PRON,Truncated=Yes
1369-2,TO052,1369,1369,3,era,era,essere,VERB,_
1369-3,TO052,1369,1369,4,anche,anche,anche,ADV,_
1369-4,TO052,1369,1369,5,alessandro.,alessandro,Alessandro,PROPN,Intonation=falling
1370-0,TO048,1370,1370,1,sì.,sì,sì,ADV,Intonation=falling
1371-0,TO048,1371,1371,1,xxx,x,x,X,_
1371-1,TO048,1371,1371,2,loro,loro,loro,PRON,_
1371-2,TO048,1371,1371,3,"due,",due,due,NUM,Intonation=weakly_rising
1372-0,TO050,1372,1372,1,°che,che,che,PRON,Volume=low
1372-1,TO050,1372,1372,2,abbiamo,abbiamo,avere,AUX,Volume=low
1372-2,TO050,1372,1372,3,fatto,fatto,fare,VERB,Volume=low
1372-3,TO050,1372,1372,4,noi?°,noi,noi,PRON,Intonation=rising|Volume=low
1373-0,TO052,1373,1373,1,[xxx].,xxx,x,X,Intonation=falling
1374-0,TO048,1374,1374,1,[xxx.,xxx,x,X,Intonation=falling
1374-1,TO048,1374,1374,2,m]i,mi,mi,PRON,_
1374-2,TO048,1374,1374,3,hanno,hanno,avere,AUX,_
1374-3,TO048,1374,1374,4,dato,dato,dare,VERB,_
1374-4,TO048,1374,1374,5-6,dei,dei,_,_,_
1374-4a,_,_,1374,5,_,di,di,ADP,_
1374-4b,_,_,1374,6,_,i,il,DET,_
1374-5,TO048,1374,1374,7,feedback,feedback,feedback,NOUN,_
1374-6,TO048,1374,1374,8,positivi.,positivi,positivo,ADJ,Intonation=falling
1375-0,TO050,1375,1375,1,°sì.°,sì,sì,ADV,Intonation=falling|Volume=low
1376-0,TO048,1376,1376,1,io,io,io,PRON,_
1376-1,TO048,1376,1376,2-3,dal,dal,_,_,_
1376-1a,_,_,1376,2,_,da,da,ADP,_
1376-1b,_,_,1376,3,_,il,il,DET,_
1376-2,TO048,1376,1376,4,canto,canto,canto,NOUN,_
1376-3,TO048,1376,1376,5,mio,mio,mio,PRON,_
1376-4,TO048,1376,1376,6,ho,ho,avere,AUX,_
1376-5,TO048,1376,1376,7,pensato,pensato,pensare,VERB,_
1376-6,TO048,1376,1376,8,che,che,che,SCONJ,_
1376-7,TO048,1376,1376,9,non,non,non,ADV,_
1376-8,TO048,1376,1376,10,mi,mi,mi,PRON,_
1376-9,TO048,1376,1376,11,vorrei,vorrei,volere,AUX,_
1376-10,TO048,1376,1376,12,mai,mai,mai,ADV,_
1376-11,TO048,1376,1376,13,più,più,più,ADV,_
1376-12,TO048,1376,1376,14,sentire,sentire,sentire,VERB,_
1376-13,TO048,1376,1376,15,"così,",così,così,ADV,Intonation=weakly_rising
1377-0,TO048,1377,1377,1,quindi,quindi,quindi,ADV,_
1377-1,TO048,1377,1377,2,ho::,ho,avere,AUX,_
1377-2,TO048,1377,1377,3,confermato,confermato,confermare,VERB,_
1377-3,TO048,1377,1377,4,"ch[e::],",che,che,SCONJ,Intonation=weakly_rising
1378-0,TO052,1378,1378,1,[abbra]ccio.,abbraccio,abbracciare,VERB,Intonation=falling
1379-0,TO048,1379,1379,1,ma,ma,ma,CCONJ,_
1379-1,TO048,1379,1379,2,tu,tu,tu,PRON,_
1379-2,TO048,1379,1379,3,lo,lo,lo,PRON,_
1379-3,TO048,1379,1379,4,s[tai,stai,stare,VERB,_
1379-4,TO048,1379,1379,5,facendo],facendo,fare,VERB,_
1379-5,TO048,1379,1379,6,mh,mh,mh,INTJ,_
1379-6,TO048,1379,1379,7,que~,que~,quello,PRON,Interrupted=Yes
1379-7,TO048,1379,1379,8,quello,quello,quello,PRON,_
1379-8,TO048,1379,1379,9,io,io,io,PRON,_
1379-9,TO048,1379,1379,10,non,non,non,ADV,_
1379-10,TO048,1379,1379,11,lo,lo,lo,PRON,_
1379-11,TO048,1379,1379,12,farò,farò,fare,VERB,_
1379-12,TO048,1379,1379,13,"mai,",mai,mai,ADV,Intonation=weakly_rising
1380-0,TO052,1380,1380,1,[xx],x,x,X,_
1381-0,TO050,1381,1381,1,ma,ma,ma,CCONJ,_
1381-1,TO050,1381,1381,2,tu,tu,tu,PRON,_
1381-2,TO050,1381,1381,3-4,nella,nella,_,_,_
1381-2a,_,_,1381,3,_,in,in,ADP,_
1381-2b,_,_,1381,4,_,la,il,DET,_
1381-3,TO050,1381,1381,5,vita,vita,vita,NOUN,_
1381-4,TO050,1381,1381,6,cerchi,cerchi,cercare,VERB,_
1381-5,TO050,1381,1381,7,di,di,di,ADP,_
1381-6,TO050,1381,1381,8,fare,fare,fare,VERB,_
1381-7,TO050,1381,1381,9,quello,quello,quello,PRON,_
1381-8,TO050,1381,1381,10,che,che,che,PRON,_
1381-9,TO050,1381,1381,11,xx,x,x,X,_
1381-10,TO050,1381,1381,12,xx.,xx,x,X,Intonation=falling
1382-0,TO048,1382,1382,1,esatto.,esatto,esatto,ADJ,Intonation=falling
1382-1,TO048,1382,1382,2,io,io,io,PRON,_
1382-2,TO048,1382,1382,3,invece,invece,invece,ADV,_
1382-3,TO048,1382,1382,4,non,non,non,ADV,_
1382-4,TO048,1382,1382,5,lo,lo,lo,PRON,_
1382-5,TO048,1382,1382,6,farò,farò,fare,VERB,_
1382-6,TO048,1382,1382,7,"mai,",mai,mai,ADV,Intonation=weakly_rising
1383-0,TO052,1383,1383,1,io,io,io,PRON,_
1383-1,TO052,1383,1383,2,ho,ho,avere,VERB,_
1383-2,TO052,1383,1383,3,troppe,troppe,troppo,DET,_
1383-3,TO052,1383,1383,4,personalità,personalità,personalità,NOUN,_
1383-4,TO052,1383,1383,5,(interessanti).,interessanti,interessante,ADJ,Intonation=falling
1384-0,TO050,1384,1384,1,cosa?,cosa,cosa,PRON,Intonation=rising
1385-0,TO052,1385,1385,1,niente.,niente,niente,PRON,Intonation=falling
1386-0,TO048,1386,1386,1,ma,ma,ma,CCONJ,_
1386-1,TO048,1386,1386,2,non,non,non,ADV,_
1386-2,TO048,1386,1386,3,hai,hai,avere,VERB,_
1386-3,TO048,1386,1386,4,duecentoventi,duecentoventi,duecentoventi,NUM,_
1386-4,TO048,1386,1386,5,persone,persone,persona,NOUN,_
1386-5,TO048,1386,1386,6,in,in,in,ADP,_
1386-6,TO048,1386,1386,7,testa,testa,testa,NOUN,_
1386-7,TO048,1386,1386,8,(che,che,che,PRON,_
1386-8,TO048,1386,1386,9,hai).,hai,avere,VERB,Intonation=falling
1387-0,TO048,1387,1387,1,comunque,comunque,comunque,ADV,_
1387-1,TO048,1387,1387,2,a,a,a,ADP,_
1387-2,TO048,1387,1387,3,parte,parte,parte,NOUN,_
1387-3,TO048,1387,1387,4,"ques[to],",questo,questo,DET,Intonation=weakly_rising
1388-0,TO052,1388,1388,1,[x]xxx,x,x,X,_
1388-1,TO052,1388,1388,2,xxxxxx,x,x,X,_
1388-2,TO052,1388,1388,3,xxx,x,x,X,_
1389-0,TO048,1389,1389,1,esatto.,esatto,esatto,ADJ,Intonation=falling
1390-0,TO048,1390,1390,1,a,a,a,ADP,_
1390-1,TO048,1390,1390,2,parte,parte,parte,NOUN,_
1390-2,TO048,1390,1390,3,questo,questo,questo,PRON,_
1390-3,TO048,1390,1390,4,poi:,poi,poi,ADV,_
1390-4,TO048,1390,1390,5,la,la,il,DET,_
1390-5,TO048,1390,1390,6,neri,neri,Neri,PROPN,_
1390-6,TO048,1390,1390,7,mi,mi,mi,PRON,_
1390-7,TO048,1390,1390,8,mandò,mandò,mandare,VERB,_
1390-8,TO048,1390,1390,9,un,un,uno,DET,_
1390-9,TO048,1390,1390,10,messaggio,messaggio,messaggio,NOUN,_
1390-10,TO048,1390,1390,11,di,di,di,ADP,_
1390-11,TO048,1390,1390,12,"pomeriggio,",pomeriggio,pomeriggio,NOUN,Intonation=weakly_rising
1391-0,TO048,1391,1391,1,per,per,per,ADP,_
1391-1,TO048,1391,1391,2-3,"dirmi,",dirmi,_,_,Intonation=weakly_rising
1391-1a,_,_,1391,2,_,dir,dire,VERB,_
1391-1b,_,_,1391,3,_,mi,mi,PRON,_
1392-0,TO050,1392,1392,1,°che,che,che,PRON,Volume=low
1392-1,TO050,1392,1392,2,stanno,stanno,stare,AUX,Volume=low
1392-2,TO050,1392,1392,3,facendo?°,facendo,fare,VERB,Intonation=rising|Volume=low
1393-0,TO048,1393,1393,1,°gentile,gentile,gentile,ADJ,Volume=low
1393-1,TO048,1393,1393,2,"lavinia,°",lavinia,Lavinia,PROPN,Intonation=weakly_rising|Volume=low
1394-0,TO050,1394,1394,1,aspetta,aspetta,aspettare,VERB,_
1394-1,TO050,1394,1394,2,(non,non,non,ADV,_
1394-2,TO050,1394,1394,3,xx.),xx,xx,X,Intonation=falling
1395-0,TO048,1395,1395,1,gentile,gentile,gentile,ADJ,_
1395-1,TO048,1395,1395,2,"lavinia,",lavinia,Lavinia,PROPN,Intonation=weakly_rising
1396-0,TO048,1396,1396,1,vie:ni,vieni,venire,VERB,_
1396-1,TO048,1396,1396,2,a,a,a,ADP,_
1396-2,TO048,1396,1396,3,ricev~,ricev~,ricev~,X,Interrupted=Yes
1396-3,TO048,1396,1396,4,e:h,eh,eh,INTJ,_
1396-4,TO048,1396,1396,5,ti,ti,ti,PRON,_
1396-5,TO048,1396,1396,6,va,va,andare,VERB,_
1396-6,TO048,1396,1396,7,di,di,di,ADP,_
1396-7,TO048,1396,1396,8,venire,venire,venire,VERB,_
1396-8,TO048,1396,1396,9,a,a,a,ADP,_
1396-9,TO048,1396,1396,10,ricevimento,ricevimento,ricevimento,NOUN,_
1396-10,TO048,1396,1396,11,la,la,il,DET,_
1396-11,TO048,1396,1396,12,settimana,settimana,settimana,NOUN,_
1396-12,TO048,1396,1396,13,prossima,prossima,prossimo,ADJ,_
1396-13,TO048,1396,1396,14,che:,che,che,PRON,_
1396-14,TO048,1396,1396,15,così,così,così,ADV,_
1396-15,TO048,1396,1396,16,non,non,non,ADV,_
1396-16,TO048,1396,1396,17,rimani,rimani,rimanere,VERB,_
1396-17,TO048,1396,1396,18,indietro,indietro,indietro,ADV,_
1396-18,TO048,1396,1396,19-20,sul,sul,_,_,_
1396-18a,_,_,1396,19,_,su,su,ADP,_
1396-18b,_,_,1396,20,_,il,il,DET,_
1396-19,TO048,1396,1396,21,"lavoro,",lavoro,lavoro,NOUN,Intonation=weakly_rising
1397-0,TO048,1397,1397,1,e,e,e,CCONJ,_
1397-1,TO048,1397,1397,2,gra~,gra~,gra~,X,Interrupted=Yes
1397-2,TO048,1397,1397,3,ah,ah,ah,INTJ,_
1397-3,TO048,1397,1397,4,grazie,grazie,grazie,NOUN,_
1397-4,TO048,1397,1397,5,ancora,ancora,ancora,ADV,_
1397-5,TO048,1397,1397,6-7,del,del,_,_,_
1397-5a,_,_,1397,6,_,di,di,ADP,_
1397-5b,_,_,1397,7,_,il,il,DET,_
1397-6,TO048,1397,1397,8,tuo,tuo,tuo,DET,_
1397-7,TO048,1397,1397,9,intervento,intervento,intervento,NOUN,_
1397-8,TO048,1397,1397,10,>blablablabla<,blablablabla,blablablabla,INTJ,_
1397-9,TO048,1397,1397,11,{P},{P},_,_,_
1397-10,TO048,1397,1397,12,poi,poi,poi,ADV,_
1397-11,TO048,1397,1397,13,io,io,io,PRON,_
1397-12,TO048,1397,1397,14,cosa,cosa,cosa,PRON,_
1397-13,TO048,1397,1397,15,(ho),ho,avere,AUX,_
1397-14,TO048,1397,1397,16,pensato,pensato,pensare,VERB,_
1397-15,TO048,1397,1397,17,"okay,",okay,ok,INTJ,Intonation=weakly_rising
1398-0,TO048,1398,1398,1,xx,x,x,X,_
1398-1,TO048,1398,1398,2,con,con,con,ADP,_
1398-2,TO048,1398,1398,3,xxx,x,x,X,_
1398-3,TO048,1398,1398,4,tipo,tipo,tipo,NOUN,_
1398-4,TO048,1398,1398,5,hanno,hanno,avere,AUX,_
1398-5,TO048,1398,1398,6,litigato,litigato,litigare,VERB,_
1398-6,TO048,1398,1398,7,un,un,uno,DET,_
1398-7,TO048,1398,1398,8,sacco,sacco,sacco,NOUN,_
1398-8,TO048,1398,1398,9,il,il,il,DET,_
1398-9,TO048,1398,1398,10,giorno,giorno,giorno,NOUN,_
1398-10,TO048,1398,1398,11,dopo,dopo,dopo,ADV,_
1398-11,TO048,1398,1398,12,quando,quando,quando,SCONJ,_
1398-12,TO048,1398,1398,13,io,io,io,PRON,_
1398-13,TO048,1398,1398,14,non,non,non,ADV,_
1398-14,TO048,1398,1398,15,c',c',ci,PRON,Truncated=Yes
1398-15,TO048,1398,1398,16,"ero,",ero,essere,AUX,Intonation=weakly_rising
1399-0,TO048,1399,1399,1,e:h,eh,eh,INTJ,_
1399-1,TO048,1399,1399,2,nien~,nien~,nien~,X,Interrupted=Yes
1399-2,TO048,1399,1399,3,cioè,cioè,cioè,CCONJ,_
1399-3,TO048,1399,1399,4,e::h,eh,eh,INTJ,ProsodicLink=Yes
1399-4,TO048,1399,1399,5,m:h,mh,mh,INTJ,_
1399-5,TO048,1399,1399,6,vabbè,vabbè,vabbè,INTJ,_
1399-6,TO048,1399,1399,7,x~,x~,x~,X,Interrupted=Yes
1399-7,TO048,1399,1399,8,{P},{P},_,_,_
1399-8,TO048,1399,1399,9,cosa,cosa,cosa,PRON,_
1399-9,TO048,1399,1399,10,xx,x,x,X,_
1399-10,TO048,1399,1399,11,cosa?,cosa,cosa,PRON,Intonation=rising
1400-0,TO048,1400,1400,1,xx,x,x,X,_
1400-1,TO048,1400,1400,2,x,x,x,X,_
1400-2,TO048,1400,1400,3,infiltra~,infiltra~,infiltra~,X,Interrupted=Yes
1400-3,TO048,1400,1400,4,certo,certo,certo,ADV,_
1400-4,TO048,1400,1400,5,{P},{P},_,_,_
1400-5,TO048,1400,1400,6,ho,ho,avere,VERB,_
1400-6,TO048,1400,1400,7,un,un,uno,DET,_
1400-7,TO048,1400,1400,8,infiltrato,infiltrato,infiltrato,NOUN,_
1400-8,TO048,1400,1400,9,un,un,uno,DET,_
1400-9,TO048,1400,1400,10,anno,anno,anno,NOUN,_
1400-10,TO048,1400,1400,11,più,più,più,ADV,_
1400-11,TO048,1400,1400,12,piccola,piccola,piccolo,ADJ,_
1400-12,TO048,1400,1400,13,di,di,di,ADP,_
1400-13,TO048,1400,1400,14,me.,me,me,PRON,Intonation=falling
1401-0,TO052,1401,1401,1-12,°mettiamoci,mettiamoci,_,_,Volume=low
1401-0,_,_,1401,1,_,mettiamo ,mettere ,VERB,
1401-0,_,_,1401,12,_,ci,ci,PRON,
1401-1,TO052,1401,1401,2,là,la,là,ADV,Volume=low
1401-2,TO052,1401,1401,3,perché,perché,perché,SCONJ,Volume=low
1401-3,TO052,1401,1401,4,qua,qua,qua,ADV,Volume=low
1401-4,TO052,1401,1401,5,è,è,essere,AUX,Volume=low
1401-5,TO052,1401,1401,6,siamo,siamo,essere,AUX,Volume=low
1401-6,TO052,1401,1401,7,troppo,troppo,troppo,ADV,Volume=low
1401-7,TO052,1401,1401,8,vicini,vicini,vicino,ADJ,Volume=low
1401-8,TO052,1401,1401,9-10,(al,al,_,_,Volume=low
1401-8a,_,_,1401,9,_,a,a,ADP,_
1401-8b,_,_,1401,10,_,il,il,DET,_
1401-9,TO052,1401,1401,11,microfono.)°,microfono,microfono,NOUN,Intonation=falling|Volume=low
1402-0,TO048,1402,1402,1,che,che,che,SCONJ,_
1402-1,TO048,1402,1402,2,cos',cos',cos',PRON,Truncated=Yes
1402-2,TO048,1402,1402,3,è?,è,essere,AUX,Intonation=rising
1403-0,TO048,1403,1403,1,xx.,xx,x,X,Intonation=falling
1404-0,TO052,1404,1404,1,no,no,no,ADV,_
1404-1,TO052,1404,1404,2,okay.,okay,ok,INTJ,Intonation=falling
1405-0,TO052,1405,1405,1,"°a::h,°",ah,ah,INTJ,Intonation=weakly_rising|Volume=low
1406-0,TO048,1406,1406,1,e:::h,eh,eh,INTJ,ProsodicLink=Yes
1406-1,TO048,1406,1406,2,e:h,eh,eh,INTJ,_
1406-2,TO048,1406,1406,3,{P},{P},_,_,_
1406-3,TO048,1406,1406,4,poi,poi,poi,ADV,_
1406-4,TO048,1406,1406,5,mi,mi,mi,PRON,_
1406-5,TO048,1406,1406,6,ha,ha,avere,VERB,_
1406-6,TO048,1406,1406,7,man~,man~,man~,X,Interrupted=Yes
1406-7,TO048,1406,1406,8,appunto,appunto,appunto,ADV,_
1406-8,TO048,1406,1406,9,mi,mi,mi,PRON,_
1406-9,TO048,1406,1406,10,ha,ha,avere,AUX,_
1406-10,TO048,1406,1406,11,detto,detto,dire,VERB,_
1406-11,TO048,1406,1406,12,tipo,tipo,tipo,NOUN,_
1406-12,TO048,1406,1406,13,grazie,grazie,grazie,NOUN,_
1406-13,TO048,1406,1406,14,ancora,ancora,ancora,ADV,_
1406-14,TO048,1406,1406,15-16,dell',dell',_,_,Truncated=Yes
1406-14a,_,_,1406,15,_,di,di,ADP,_
1406-14b,_,_,1406,16,_,l',il,DET,_
1406-15,TO048,1406,1406,17,intervento,intervento,intervento,NOUN,_
1406-16,TO048,1406,1406,18,però,però,però,ADV,_
1406-17,TO048,1406,1406,19,ah,ah,ah,INTJ,_
1406-18,TO048,1406,1406,20,sì,sì,sì,ADV,_
1406-19,TO048,1406,1406,21,te,te,te,PRON,_
1406-20,TO048,1406,1406,22,l',l',lo,PRON,Truncated=Yes
1406-21,TO048,1406,1406,23,ho,ho,avere,AUX,_
1406-22,TO048,1406,1406,24,detto,detto,dire,VERB,_
1406-23,TO048,1406,1406,25,questo.,questo,questo,PRON,Intonation=falling
1407-0,TO050,1407,1407,1,"uhm,",uhm,uhm,INTJ,Intonation=weakly_rising
1408-0,TO048,1408,1408,1,"poi,",poi,poi,ADV,Intonation=weakly_rising
1409-0,TO048,1409,1409,1,la,la,il,DET,_
1409-1,TO048,1409,1409,2,mia,mia,mio,DET,_
1409-2,TO048,1409,1409,3,infiltrata,infiltrata,infiltrato,NOUN,_
1409-3,TO048,1409,1409,4,mi,mi,mi,PRON,_
1409-4,TO048,1409,1409,5,ha,ha,avere,AUX,_
1409-5,TO048,1409,1409,6,detto,detto,dire,VERB,_
1409-6,TO048,1409,1409,7,che,che,che,SCONJ,_
1409-7,TO048,1409,1409,8,il,il,il,DET,_
1409-8,TO048,1409,1409,9,giorno,giorno,giorno,NOUN,_
1409-9,TO048,1409,1409,10,dopo,dopo,dopo,ADV,_
1409-10,TO048,1409,1409,11,lei,lei,lei,PRON,_
1409-11,TO048,1409,1409,12,non,non,non,ADV,_
1409-12,TO048,1409,1409,13,mi,mi,mi,PRON,_
1409-13,TO048,1409,1409,14,aveva:::,aveva,avere,AUX,_
1409-14,TO048,1409,1409,15,distrutto.,distrutto,distruggere,VERB,Intonation=falling
1410-0,TO052,1410,1410,1,no[n,non,non,ADV,_
1410-1,TO052,1410,1410,2,ha,ha,avere,AUX,_
1410-2,TO052,1410,1410,3,parlato,parlato,parlare,VERB,_
1410-3,TO052,1410,1410,4,di,di,di,ADP,_
1410-4,TO052,1410,1410,5,di],di,di,ADP,_
1410-5,TO052,1410,1410,6,"te,",te,te,PRON,Intonation=weakly_rising
1411-0,TO048,1411,1411,1-2,[alle,alle,_,_,_
1411-0a,_,_,1411,1,_,a,a,ADP,_
1411-0b,_,_,1411,2,_,le,il,DET,_
1411-1,TO048,1411,1411,3,mie,mie,mio,DET,_
1411-2,TO048,1411,1411,4,spalle].,spalle,spalla,NOUN,Intonation=falling
1412-0,TO052,1412,1412,1,di,di,di,ADP,_
1412-1,TO052,1412,1412,2,te?,te,te,PRON,Intonation=rising
1413-0,TO048,1413,1413,1,no,no,no,ADV,_
1413-1,TO048,1413,1413,2,sì:,sì,sì,ADV,_
1413-2,TO048,1413,1413,3,in,in,in,ADP,_
1413-3,TO048,1413,1413,4,realtà:,realtà,realtà,NOUN,_
1413-4,TO048,1413,1413,5,dice,dice,dire,VERB,_
1413-5,TO048,1413,1413,6,che,che,che,SCONJ,_
1413-6,TO048,1413,1413,7,mi,mi,mi,PRON,_
1413-7,TO048,1413,1413,8,ha,ha,avere,AUX,_
1413-8,TO048,1413,1413,9,citata.,citata,citare,VERB,Intonation=falling
1414-0,TO050,1414,1414,1,[che,che,che,SCONJ,_
1414-1,TO050,1414,1414,2,ti,ti,ti,PRON,_
1414-2,TO050,1414,1414,3,ha,ha,avere,AUX,_
1414-3,TO050,1414,1414,4,detto],detto,dire,VERB,_
1414-4,TO050,1414,1414,5,esattamente?,esattamente,esattamente,ADV,Intonation=rising
1415-0,TO048,1415,1415,1-2,[sull',sull',_,_,Truncated=Yes
1415-0a,_,_,1415,1,_,su,su,ADP,_
1415-0b,_,_,1415,2,_,l',il,DET,_
1415-1,TO048,1415,1415,3,"analisi],",analisi,analisi,NOUN,Intonation=weakly_rising
1416-0,TO048,1416,1416,1,no,no,no,INTJ,_
1416-1,TO048,1416,1416,2,non,non,non,ADV,_
1416-2,TO048,1416,1416,3,lo,lo,lo,PRON,_
1416-3,TO048,1416,1416,4,so.,so,sapere,VERB,Intonation=falling
1417-0,TO050,1417,1417,1,no,no,no,ADV,_
1417-1,TO050,1417,1417,2,che,che,che,SCONJ,_
1417-2,TO050,1417,1417,3,ti,ti,ti,PRON,_
1417-3,TO050,1417,1417,4,ha,ha,avere,AUX,_
1417-4,TO050,1417,1417,5,detto,detto,dire,VERB,_
1417-5,TO050,1417,1417,6,laura,laura,Laura,PROPN,_
1417-6,TO050,1417,1417,7,esattamente?,esattamente,esattamente,ADV,Intonation=rising
1418-0,TO048,1418,1418,1,che:,che,che,PRON,_
1418-1,TO048,1418,1418,2,non,non,non,ADV,_
1418-2,TO048,1418,1418,3,ha,ha,avere,AUX,_
1418-3,TO048,1418,1418,4,detto,detto,dire,VERB,_
1418-4,TO048,1418,1418,5,niente,niente,niente,PRON,_
1418-5,TO048,1418,1418,6,di,di,di,ADP,_
1418-6,TO048,1418,1418,7,male,male,male,NOUN,_
1418-7,TO048,1418,1418,8,anzi,anzi,anzi,ADV,_
1418-8,TO048,1418,1418,9,mi,mi,mi,PRON,_
1418-9,TO048,1418,1418,10,ha,ha,avere,AUX,_
1418-10,TO048,1418,1418,11,citata.,citata,citare,VERB,Intonation=falling
1419-0,TO050,1419,1419,1,e::h,eh,eh,INTJ,_
1419-1,TO050,1419,1419,2,anzi,anzi,anzi,ADV,_
1419-2,TO050,1419,1419,3,mi,mi,mi,PRON,_
1419-3,TO050,1419,1419,4,citava.,citava,citare,VERB,Intonation=falling
1420-0,TO048,1420,1420,1,"°eh,°",eh,eh,INTJ,Intonation=weakly_rising|Volume=low
1421-0,TO048,1421,1421,1,"[e:::h],",eh,eh,INTJ,Intonation=weakly_rising
1422-0,TO052,1422,1422,1,[ma,ma,ma,CCONJ,_
1422-1,TO052,1422,1422,2,in,in,in,ADP,_
1422-2,TO052,1422,1422,3,ch]e,che,che,DET,_
1422-3,TO052,1422,1422,4,senso,senso,senso,NOUN,_
1422-4,TO052,1422,1422,5,anzi,anzi,anzi,ADV,_
1422-5,TO052,1422,1422,6,mi,mi,mi,PRON,_
1422-6,TO052,1422,1422,7,ha,ha,avere,AUX,_
1422-7,TO052,1422,1422,8,citato?,citato,citare,VERB,Intonation=rising
1423-0,TO050,1423,1423,1,non,non,non,ADV,_
1423-1,TO050,1423,1423,2,ha,ha,avere,AUX,_
1423-2,TO050,1423,1423,3,detto,detto,dire,VERB,_
1423-3,TO050,1423,1423,4,niente,niente,niente,PRON,_
1423-4,TO050,1423,1423,5,di,di,di,ADP,_
1423-5,TO050,1423,1423,6,male.,male,male,NOUN,Intonation=falling
1424-0,TO050,1424,1424,1,"<an[zi>],",anzi,anzi,ADV,Intonation=weakly_rising
1425-0,TO052,1425,1425,1,[xxxx],x,x,X,_
1426-0,TO050,1426,1426,1,[ti,ti,ti,PRON,_
1426-1,TO050,1426,1426,2,ha,ha,avere,AUX,_
1426-2,TO050,1426,1426,3,"citata],",citata,citare,VERB,Intonation=weakly_rising
1427-0,TO050,1427,1427,1,[quindi],quindi,quindi,ADV,_
1427-1,TO050,1427,1427,2,"sicuramente,",sicuramente,sicuramente,ADV,Intonation=weakly_rising
1428-0,TO048,1428,1428,1,avrà,avrà,avere,AUX,_
1428-1,TO048,1428,1428,2,detto,detto,dire,VERB,_
1428-2,TO048,1428,1428,3,tipo,tipo,tipo,NOUN,_
1428-3,TO048,1428,1428,4,come,come,come,SCONJ,_
1428-4,TO048,1428,1428,5,diceva,diceva,dire,VERB,_
1428-5,TO048,1428,1428,6,lavinia,lavinia,Lavinia,PROPN,_
1428-6,TO048,1428,1428,7,per,per,per,ADP,_
1428-7,TO048,1428,1428,8,l',l',il,DET,Truncated=Yes
1428-8,TO048,1428,1428,9,analisi,analisi,analisi,NOUN,_
1428-9,TO048,1428,1428,10-11,della,della,_,_,_
1428-9a,_,_,1428,10,_,di,di,ADP,_
1428-9b,_,_,1428,11,_,la,il,DET,_
1428-10,TO048,1428,1428,12,conversazione,conversazione,conversazione,NOUN,_
1428-11,TO048,1428,1428,13,perché,perché,perché,SCONJ,_
1428-12,TO048,1428,1428,14,"lei,",lei,lei,PRON,Intonation=weakly_rising
1429-0,TO048,1429,1429,1,ah,ah,ah,INTJ,_
1429-1,TO048,1429,1429,2,ecco,ecco,ecco,ADV,_
1429-2,TO048,1429,1429,3,>quando,quando,quando,SCONJ,_
1429-3,TO048,1429,1429,4,è,è,essere,AUX,_
1429-4,TO048,1429,1429,5,finito,finito,finire,VERB,_
1429-5,TO048,1429,1429,6,l',l',il,DET,Truncated=Yes
1429-6,TO048,1429,1429,7,intervento,intervento,intervento,NOUN,_
1429-7,TO048,1429,1429,8,mi,mi,mi,PRON,_
1429-8,TO048,1429,1429,9,ha,ha,avere,AUX,_
1429-9,TO048,1429,1429,10,anche,anche,anche,ADV,_
1429-10,TO048,1429,1429,11,ringraziato,ringraziato,ringraziare,VERB,_
1429-11,TO048,1429,1429,12,perché,perché,perché,SCONJ,_
1429-12,TO048,1429,1429,13,l',l',il,DET,Truncated=Yes
1429-13,TO048,1429,1429,14,analisi,analisi,analisi,NOUN,_
1429-14,TO048,1429,1429,15-16,della,della,_,_,_
1429-14a,_,_,1429,15,_,di,di,ADP,_
1429-14b,_,_,1429,16,_,la,il,DET,_
1429-15,TO048,1429,1429,17,conversazione<,conversazione,conversazione,NOUN,_
1429-16,TO048,1429,1429,18,è,è,essere,AUX,_
1429-17,TO048,1429,1429,19,un,un,uno,DET,_
1429-18,TO048,1429,1429,20,punto,punto,punto,NOUN,_
1429-19,TO048,1429,1429,21,"che,",che,che,PRON,Intonation=weakly_rising
1430-0,TO048,1430,1430,1,ness~,ness~,ness~,X,Interrupted=Yes
1430-1,TO048,1430,1430,2,non,non,non,ADV,_
1430-2,TO048,1430,1430,3,aveva,aveva,avere,AUX,_
1430-3,TO048,1430,1430,4,toccato,toccato,toccare,VERB,_
1430-4,TO048,1430,1430,5,ha,ha,avere,AUX,_
1430-5,TO048,1430,1430,6,detto,detto,dire,VERB,_
1430-6,TO048,1430,1430,7,eh,eh,eh,INTJ,_
1430-7,TO048,1430,1430,8,perché,perché,perché,SCONJ,_
1430-8,TO048,1430,1430,9,dall~,dall~,dall~,X,Interrupted=Yes
1430-9,TO048,1430,1430,10-11,dalla,dalla,_,_,_
1430-9a,_,_,1430,10,_,da,da,ADP,_
1430-9b,_,_,1430,11,_,la,il,DET,_
1430-10,TO048,1430,1430,12,sua,sua,suo,DET,_
1430-11,TO048,1430,1430,13,tesi,tesi,tesi,NOUN,_
1430-12,TO048,1430,1430,14,in,in,in,ADP,_
1430-13,TO048,1430,1430,15,poi,poi,poi,ADV,_
1430-14,TO048,1430,1430,16,c',c',ci,PRON,Truncated=Yes
1430-15,TO048,1430,1430,17,è,è,essere,VERB,_
1430-16,TO048,1430,1430,18,più,più,più,ADV,_
1430-17,TO048,1430,1430,19,interesse,interesse,interesse,NOUN,_
1430-18,TO048,1430,1430,20,crescente,crescente,crescente,ADJ,_
1430-19,TO048,1430,1430,21,{P},{P},_,_,_
1430-20,TO048,1430,1430,22-23,dalla,dalla,_,_,_
1430-20a,_,_,1430,22,_,da,da,ADP,_
1430-20b,_,_,1430,23,_,la,il,DET,_
1430-21,TO048,1430,1430,24,mia,mia,mio,DET,_
1430-22,TO048,1430,1430,25,tesi,tesi,tesi,NOUN,_
1430-23,TO048,1430,1430,26,in,in,in,ADP,_
1430-24,TO048,1430,1430,27,"poi,",poi,poi,ADV,Intonation=weakly_rising
1431-0,TO050,1431,1431,1,xx,x,x,X,_
1431-1,TO050,1431,1431,2,[xxx],x,x,X,_
1432-0,TO048,1432,1432,1,[ma,ma,ma,CCONJ,_
1432-1,TO048,1432,1432,2,che,che,che,PRON,_
1432-2,TO048,1432,1432,3,cazzo,cazzo,cazzo,NOUN,_
1432-3,TO048,1432,1432,4,mi,mi,mi,PRON,_
1432-4,TO048,1432,1432,5,chi,chi,chi,PRON,_
1432-5,TO048,1432,1432,6,cazzo,cazzo,cazzo,NOUN,_
1432-6,TO048,1432,1432,7,mi,mi,mi,PRON,_
1432-7,TO048,1432,1432,8,caga,caga,cagare,VERB,_
1432-8,TO048,1432,1432,9,a,a,a,ADP,_
1432-9,TO048,1432,1432,10,me]?,me,me,PRON,Intonation=rising
1432-10,TO048,1432,1432,11,cioè,cioè,cioè,ADV,_
1432-11,TO048,1432,1432,12,ma,ma,ma,CCONJ,_
1432-12,TO048,1432,1432,13,che,che,che,PRON,_
1432-13,TO048,1432,1432,14,idea,idea,idea,NOUN,_
1432-14,TO048,1432,1432,15,si,si,si,PRON,_
1432-15,TO048,1432,1432,16,è,è,essere,AUX,_
1432-16,TO048,1432,1432,17,fatta,fatta,fare,VERB,_
1432-17,TO048,1432,1432,18,la,la,il,DET,_
1432-18,TO048,1432,1432,19,ne~,ne~,ne~,X,Interrupted=Yes
1433-0,TO052,1433,1433,1,che,che,che,SCONJ,_
1433-1,TO052,1433,1433,2,poi,poi,poi,ADV,_
1433-2,TO052,1433,1433,3,neanche,neanche,neanche,ADV,_
1433-3,TO052,1433,1433,4-5,nel,nel,_,_,_
1433-3a,_,_,1433,4,_,in,in,ADP,_
1433-3b,_,_,1433,5,_,il,il,DET,_
1433-4,TO052,1433,1433,6,senso,senso,senso,NOUN,_
1433-5,TO052,1433,1433,7,non,non,non,ADV,_
1433-6,TO052,1433,1433,8,è,è,essere,AUX,_
1433-7,TO052,1433,1433,9,"ancora:::,",ancora,ancora,ADV,Intonation=weakly_rising
1434-0,TO048,1434,1434,1,[fatta].,fatta,fare,VERB,Intonation=falling
1435-0,TO052,1435,1435,1-2,[nel,nel,_,_,_
1435-0a,_,_,1435,1,_,in,in,ADP,_
1435-0b,_,_,1435,2,_,il,il,DET,_
1435-1,TO052,1435,1435,3,senso],senso,senso,NOUN,_
1435-2,TO052,1435,1435,4,xx,x,x,X,_
1435-3,TO052,1435,1435,5,[la,la,la,PRON,_
1435-4,TO052,1435,1435,6,riconosce]?,riconosce,riconoscere,VERB,Intonation=rising
1436-0,TO050,1436,1436,1,[xx,x,x,X,_
1436-1,TO050,1436,1436,2,è,è,essere,AUX,_
1436-2,TO050,1436,1436,3,una],una,uno,DET,_
1436-3,TO050,1436,1436,4,coincidenza,coincidenza,coincidenza,NOUN,_
1436-4,TO050,1436,1436,5,che,che,che,PRON,_
1436-5,TO050,1436,1436,6,proprio,proprio,proprio,ADV,_
1436-6,TO050,1436,1436,7,quando,quando,quando,SCONJ,_
1436-7,TO050,1436,1436,8,tu,tu,tu,PRON,_
1436-8,TO050,1436,1436,9,hai,hai,avere,AUX,_
1436-9,TO050,1436,1436,10,iniziato,iniziato,iniziare,VERB,_
1436-10,TO050,1436,1436,11,cioè,cioè,cioè,CCONJ,_
1436-11,TO050,1436,1436,12,hai,hai,avere,AUX,_
1436-12,TO050,1436,1436,13,beccato,beccato,beccare,VERB,_
1436-13,TO050,1436,1436,14,la,la,il,DET,_
1436-14,TO050,1436,1436,15,{P},{P},_,_,_
1436-15,TO050,1436,1436,16,il,il,il,DET,_
1436-16,TO050,1436,1436,17,momento,momento,momento,NOUN,_
1436-17,TO050,1436,1436,18,giu~,giu~,giu~,X,Interrupted=Yes
1436-18,TO050,1436,1436,19,il,il,il,DET,_
1436-19,TO050,1436,1436,20,momento,momento,momento,NOUN,_
1436-20,TO050,1436,1436,21,storico,storico,storico,ADJ,_
1436-21,TO050,1436,1436,22,[giusto,giusto,giusto,ADJ,_
1436-22,TO050,1436,1436,23,"(che,)]",che,che,PRON,Intonation=weakly_rising
1437-0,TO048,1437,1437,1,[e,e,e,CCONJ,_
1437-1,TO048,1437,1437,2,io,io,io,PRON,_
1437-2,TO048,1437,1437,3,sono,sono,essere,AUX,_
1437-3,TO048,1437,1437,4,sempre],sempre,sempre,ADV,_
1437-4,TO048,1437,1437,5,stata,stata,essere,AUX,_
1437-5,TO048,1437,1437,6,una:,una,uno,DET,_
1437-6,TO048,1437,1437,7,che,che,che,PRON,_
1437-7,TO048,1437,1437,8,ha:,ha,avere,AUX,_
1437-8,TO048,1437,1437,9,previsto,previsto,prevedere,VERB,_
1437-9,TO048,1437,1437,10,le,le,il,DET,_
1437-10,TO048,1437,1437,11,mode,mode,moda,NOUN,_
1437-11,TO048,1437,1437,12,d',d',di,ADP,SpaceAfter=No
1437-12,TO048,1437,1437,13,altronde,altronde,altronde,ADV,_
1437-13,TO048,1437,1437,14,lo,lo,lo,PRON,_
1437-14,TO048,1437,1437,15,sappiamo,sappiamo,sapere,VERB,_
1437-15,TO048,1437,1437,16,tutti,tutti,tutto,PRON,_
1437-16,TO048,1437,1437,17,no?,no,no,ADV,Intonation=rising
1438-0,TO048,1438,1438,1,eh,eh,eh,INTJ,_
1438-1,TO048,1438,1438,2,eh.,eh,eh,INTJ,Intonation=falling
1439-0,TO052,1439,1439,1,montale,montale,Montale,PROPN,_
1439-1,TO052,1439,1439,2,e:h,eh,eh,NOUN,_
1439-2,TO052,1439,1439,3,no,no,no,ADV,_
1439-3,TO052,1439,1439,4,°montale,montale,Montale,PROPN,Volume=low
1439-4,TO052,1439,1439,5-14,scusami°,scusami,_,_,Volume=low
1439-4a,_,_,1439,5,_,scusa,scusare,VERB,
1439-4b,_,_,1439,14,_,mi,mi,PRON,
1439-5,TO052,1439,1439,6,{P},{P},_,_,_
1439-6,TO052,1439,1439,7,moravia,moravia,Moravia,PROPN,_
1439-7,TO052,1439,1439,8,critico,critico,critico,NOUN,_
1439-8,TO052,1439,1439,9,in,in,in,ADP,_
1439-9,TO052,1439,1439,10,realtà:,realtà,realtà,NOUN,_
1439-10,TO052,1439,1439,11,°sta,sta,questo,DET,Volume=low
1439-11,TO052,1439,1439,12,[xx,x,x,X,Volume=low
1439-12,TO052,1439,1439,13,xx°],x,x,X,Volume=low
1440-0,TO048,1440,1440,1,[moravia,moravia,Moravia ,PROPN,_
1440-1,TO048,1440,1440,2,critico,critico,critico,NOUN,_
1440-2,TO048,1440,1440,3,i]o,io,io,PRON,_
1440-3,TO048,1440,1440,4,e,e,e,CCONJ,_
1440-4,TO048,1440,1440,5,le,le,il,DET,_
1440-5,TO048,1440,1440,6,quattro,quattro,quattro,NUM,_
1440-6,TO048,1440,1440,7,persone,persone,persona,NOUN,_
1440-7,TO048,1440,1440,8,che,che,che,PRON,_
1440-8,TO048,1440,1440,9,ce,ce,ce,PRON,_
1440-9,TO048,1440,1440,10,ne,ne,ne,PRON,_
1440-10,TO048,1440,1440,11,siamo,siamo,essere,AUX,_
1440-11,TO048,1440,1440,12,occupate,occupate,occupare,VERB,_
1440-12,TO048,1440,1440,13,in,in,in,ADP,_
1440-13,TO048,1440,1440,14,realtà,realtà,realtà,NOUN,_
1440-14,TO048,1440,1440,15-16,dalla,dalla,_,_,_
1440-14a,_,_,1440,15,_,da,da,ADP,_
1440-14b,_,_,1440,16,_,la,il,DET,_
1440-15,TO048,1440,1440,17,mia,mia,mio,DET,_
1440-16,TO048,1440,1440,18,tesi,tesi,tesi,NOUN,_
1440-17,TO048,1440,1440,19,in,in,in,ADP,_
1440-18,TO048,1440,1440,20,poi::,poi,poi,ADV,_
1440-19,TO048,1440,1440,21,oh,oh,oh,INTJ,_
1440-20,TO048,1440,1440,22,intanto,intanto,intanto,ADV,_
1440-21,TO048,1440,1440,23,è,è,essere,AUX,_
1440-22,TO048,1440,1440,24,scaricatissima,scaricatissima,scaricato,ADJ,_
1440-23,TO048,1440,1440,25,su,su,su,ADP,_
1440-24,TO048,1440,1440,26,academia,academia,academia,NOUN,_
1440-25,TO048,1440,1440,27,edu.,edu,edu,NOUN,Intonation=falling
1441-0,TO050,1441,1441,0,{ride},{ride},_,X,_
1442-0,TO048,1442,1442,1,cioè,cioè,cioè,CCONJ,_
1442-1,TO048,1442,1442,2,si,si,si,PRON,_
1442-2,TO048,1442,1442,3,vede,vede,vedere,VERB,_
1442-3,TO048,1442,1442,4,che,che,che,SCONJ,_
1442-4,TO048,1442,1442,5,ce,ce,ce,PRON,_
1442-5,TO048,1442,1442,6,ne,ne,ne,PRON,_
1442-6,TO048,1442,1442,7,siamo,siamo,essere,AUX,_
1442-7,TO048,1442,1442,8,occupati,occupati,occupare,VERB,_
1442-8,TO048,1442,1442,9,in,in,in,ADP,_
1442-9,TO048,1442,1442,10,tre.,tre,tre,NUM,Intonation=falling
1443-0,TO052,1443,1443,1,io,io,io,PRON,_
1443-1,TO052,1443,1443,2-3,glielo,glielo,_,_,_
1443-1a,_,_,1443,2,_,glie,gli,PRON,_
1443-1b,_,_,1443,3,_,lo,lo,PRON,_
1443-2,TO052,1443,1443,4,direi,direi,dire,VERB,_
1443-3,TO052,1443,1443,5,a::,a,a,ADP,_
1443-4,TO052,1443,1443,6,a,a,a,ADP,_
1443-5,TO052,1443,1443,7,qualche,qualche,qualche,DET,_
1443-6,TO052,1443,1443,8,casa,casa,casa,NOUN,_
1443-7,TO052,1443,1443,9,editrice:::,editrice,editore,ADJ,_
1443-8,TO052,1443,1443,10,lo,lo,lo,PRON,_
1443-9,TO052,1443,1443,11,farei,farei,fare,AUX,_
1443-10,TO052,1443,1443,12,pubblicare.,pubblicare,pubblicare,VERB,Intonation=falling
1443-11,TO052,1443,1443,13,{ride},{ride},_,_,_
1444-0,TO048,1444,1444,1,ti,ti,ti,PRON,_
1444-1,TO048,1444,1444,2,giuro,giuro,giurare,VERB,_
1444-2,TO048,1444,1444,3,che,che,che,SCONJ,_
1444-3,TO048,1444,1444,4,è,è,essere,AUX,_
1444-4,TO048,1444,1444,5,scaricatissima,scaricatissima,scaricato,ADJ,_
1444-5,TO048,1444,1444,6,[vero,vero,vero,ADJ,_
1444-6,TO048,1444,1444,7,la,la,il,DET,_
1444-7,TO048,1444,1444,8,mia,mia,mio,DET,_
1444-8,TO048,1444,1444,9,tesi,tesi,tesi,NOUN,_
1444-9,TO048,1444,1444,10,triennale,triennale,triennale,ADJ,_
1444-10,TO048,1444,1444,11,ma,ma,ma,CCONJ,_
1444-11,TO048,1444,1444,12,io,io,io,PRON,_
1444-12,TO048,1444,1444,13,non,non,non,ADV,_
1444-13,TO048,1444,1444,14,capisco],capisco,capire,VERB,_
1444-14,TO048,1444,1444,15,perché.,perché,perché,SCONJ,Intonation=falling
1445-0,TO052,1445,1445,1,[sì,sì,sì,ADV,_
1445-1,TO052,1445,1445,2,ma,ma,ma,CCONJ,_
1445-2,TO052,1445,1445,3,ma,ma,ma,CCONJ,_
1445-3,TO052,1445,1445,4,appunt~,appunt~,appunt~,X,Interrupted=Yes
1445-4,TO052,1445,1445,5,cioè,cioè,cioè,CCONJ,_
1445-5,TO052,1445,1445,6,ti,ti,ti,PRON,_
1445-6,TO052,1445,1445,7,voglio,voglio,volere,AUX,_
1445-7,TO052,1445,1445,8,"dire],",dire,dire,VERB,Intonation=weakly_rising
1446-0,TO052,1446,1446,1,ma,ma,ma,CCONJ,_
1446-1,TO052,1446,1446,2,ti,ti,ti,PRON,_
1446-2,TO052,1446,1446,3,voglio,voglio,volere,VERB,_
1446-3,TO052,1446,1446,4,no,no,no,ADV,_
1446-4,TO052,1446,1446,5,perché,perché,perché,SCONJ,_
1446-5,TO052,1446,1446,6,{P},{P},_,_,_
1446-6,TO052,1446,1446,7,[eh],eh,eh,INTJ,_
1446-7,TO052,1446,1446,8,{P},{P},_,_,_
1446-8,TO052,1446,1446,9,perché,perché,perché,SCONJ,_
1446-9,TO052,1446,1446,10,è,è,essere,AUX,_
1446-10,TO052,1446,1446,11,fatta,fatta,fare,VERB,_
1446-11,TO052,1446,1446,12,b[ene].,bene,bene,ADV,Intonation=falling
1447-0,TO050,1447,1447,1,[è,è,essere,AUX,_
1447-1,TO050,1447,1447,2,fatta,fatta,fare,VERB,_
1447-2,TO050,1447,1447,3,bene].,bene,bene,ADV,Intonation=falling
1448-0,TO048,1448,1448,1,[ma,ma,ma,CCONJ,_
1448-1,TO048,1448,1448,2,è,è,essere,AUX,_
1448-2,TO048,1448,1448,3,una,una,uno,DET,_
1448-3,TO048,1448,1448,4,t]esi,tesi,tesi,NOUN,_
1448-4,TO048,1448,1448,5,triennale.,triennale,triennale,ADJ,Intonation=falling
1449-0,TO052,1449,1449,1,sì:,sì,sì,ADV,_
1449-1,TO052,1449,1449,2,ma,ma,ma,CCONJ,_
1449-2,TO052,1449,1449,3,anche,anche,anche,ADV,_
1449-3,TO052,1449,1449,4,se,se,se,SCONJ,_
1449-4,TO052,1449,1449,5,magari,magari,magari,ADV,_
1449-5,TO052,1449,1449,6,i[o,io,io,PRON,_
1449-6,TO052,1449,1449,7,non,non,non,ADV,_
1449-7,TO052,1449,1449,8,lo,lo,lo,PRON,_
1449-8,TO052,1449,1449,9,so,so,sapere,VERB,_
1449-9,TO052,1449,1449,10,com',com',come,SCONJ,Truncated=Yes
1449-10,TO052,1449,1449,11,è,è,essere,AUX,_
1449-11,TO052,1449,1449,12,giusto]?,giusto,giusto,ADJ,Intonation=rising
1450-0,TO050,1450,1450,1,[è,è,essere,AUX,_
1450-1,TO050,1450,1450,2,interessante,interessante,interessante,ADJ,_
1450-2,TO050,1450,1450,3,sicura]mente,sicuramente,sicuramente,ADV,_
1450-3,TO050,1450,1450,4,il,il,il,DET,_
1450-4,TO050,1450,1450,5,l~,l~,l~,X,Interrupted=Yes
1450-5,TO050,1450,1450,6,(<l',l',il,DET,Truncated=Yes
1450-6,TO050,1450,1450,7,"approva[zione:>,)]",approvazione,approvazione,NOUN,Intonation=weakly_rising
1451-0,TO052,1451,1451,1,[se,se,se,SCONJ,_
1451-1,TO052,1451,1451,2,non,non,non,ADV,_
1451-2,TO052,1451,1451,3,c',c',ci,PRON,Truncated=Yes
1451-3,TO052,1451,1451,4,è,è,essere,VERB,_
1451-4,TO052,1451,1451,5,u]n,un,uno,DET,_
1451-5,TO052,1451,1451,6,testo,testo,testo,NOUN,_
1451-6,TO052,1451,1451,7,{P},{P},_,_,_
1451-7,TO052,1451,1451,8,come,come,come,ADP,_
1451-8,TO052,1451,1451,9,mi,mi,mi,PRON,_
1451-9,TO052,1451,1451,10,hai,hai,avere,AUX,_
1451-10,TO052,1451,1451,11,detto,detto,dire,VERB,_
1451-11,TO052,1451,1451,12,"tu,",tu,tu,PRON,Intonation=weakly_rising
1452-0,TO052,1452,1452,1,se,se,se,SCONJ,_
1452-1,TO052,1452,1452,2,come,come,come,ADP,_
1452-2,TO052,1452,1452,3,mi,mi,mi,PRON,_
1452-3,TO052,1452,1452,4,hai,hai,avere,AUX,_
1452-4,TO052,1452,1452,5,detto,detto,dire,VERB,_
1452-5,TO052,1452,1452,6,tu,tu,tu,PRON,_
1452-6,TO052,1452,1452,7,non,non,non,ADV,_
1452-7,TO052,1452,1452,8,c',c',ci,PRON,Truncated=Yes
1452-8,TO052,1452,1452,9,è,è,essere,VERB,_
1452-9,TO052,1452,1452,10,{P},{P},_,_,_
1452-10,TO052,1452,1452,11,un,un,uno,DET,_
1452-11,TO052,1452,1452,12,"testo,",testo,testo,NOUN,Intonation=weakly_rising
1453-0,TO052,1453,1453,1,eh,eh,eh,INTJ,_
1453-1,TO052,1453,1453,2,in,in,in,ADP,_
1453-2,TO052,1453,1453,3,"commercio,",commercio,commercio,NOUN,Intonation=weakly_rising
1454-0,TO052,1454,1454,1,che,che,che,PRON,_
1454-1,TO052,1454,1454,2,spiega,spiega,spiegare,VERB,_
1454-2,TO052,1454,1454,3,questa,questa,questo,DET,_
1454-3,TO052,1454,1454,4,"cosa,",cosa,cosa,NOUN,Intonation=weakly_rising
1455-0,TO052,1455,1455,1,lo,lo,lo,PRON,_
1455-1,TO052,1455,1455,2,vanno,vanno,andare,VERB,_
1455-2,TO052,1455,1455,3,a,a,a,ADP,_
1455-3,TO052,1455,1455,4,vedere,vedere,vedere,VERB,_
1455-4,TO052,1455,1455,5,da,da,da,ADP,_
1455-5,TO052,1455,1455,6,te,te,te,PRON,_
1455-6,TO052,1455,1455,7,vedono,vedono,vedere,VERB,_
1455-7,TO052,1455,1455,8,che,che,che,SCONJ,_
1455-8,TO052,1455,1455,9,hai,hai,avere,VERB,_
1455-9,TO052,1455,1455,10,una,una,uno,DET,_
1455-10,TO052,1455,1455,11,scrittura,scrittura,scrittura,NOUN,_
1455-11,TO052,1455,1455,12,chiara,chiara,chiaro,ADJ,_
1455-12,TO052,1455,1455,13,poi,poi,poi,ADV,_
1455-13,TO052,1455,1455,14,io,io,io,PRON,_
1455-14,TO052,1455,1455,15,non,non,non,ADV,_
1455-15,TO052,1455,1455,16,lo,lo,lo,PRON,_
1455-16,TO052,1455,1455,17,so,so,sapere,VERB,_
1455-17,TO052,1455,1455,18,magari,magari,magari,ADV,_
1455-18,TO052,1455,1455,19,{P},{P},_,_,_
1455-19,TO052,1455,1455,20,essendo,essendo,essere,AUX,_
1455-20,TO052,1455,1455,21,magari,magari,magari,ADV,_
1455-21,TO052,1455,1455,22,essendo,essendo,essere,AUX,_
1455-22,TO052,1455,1455,23,eh,eh,eh,INTJ,_
1455-23,TO052,1455,1455,24,di,di,di,ADP,_
1455-24,TO052,1455,1455,25,di,di,di,ADP,_
1455-25,TO052,1455,1455,26,triennale,triennale,triennale,ADJ,_
1455-26,TO052,1455,1455,27,non,non,non,ADV,_
1455-27,TO052,1455,1455,28,lo,lo,lo,PRON,_
1455-28,TO052,1455,1455,29,so,so,sapere,VERB,_
1455-29,TO052,1455,1455,30,eh,eh,eh,INTJ,_
1455-30,TO052,1455,1455,31,oggettivamente,oggettivamente,oggettivo,ADV,_
1455-31,TO052,1455,1455,32,non,non,non,ADV,_
1455-32,TO052,1455,1455,33,c',c',ci,PRON,Truncated=Yes
1455-33,TO052,1455,1455,34,è,è,essere,VERB,_
1455-34,TO052,1455,1455,35,magari,magari,magari,ADV,_
1455-35,TO052,1455,1455,36,u:n,un,uno,DET,_
1455-36,TO052,1455,1455,37,risvolto,risvolto,risvolto,NOUN,_
1455-37,TO052,1455,1455,38,critico,critico,critico,ADJ,_
1455-38,TO052,1455,1455,39,pazzesco,pazzesco,pazzesco,ADJ,_
1455-39,TO052,1455,1455,40,"però,",però,però,ADV,Intonation=weakly_rising
1456-0,TO048,1456,1456,0,{ride},{ride},_,X,_
1457-0,TO052,1457,1457,1,in,in,in,ADP,_
1457-1,TO052,1457,1457,2,ogni,ogni,ogni,DET,_
1457-2,TO052,1457,1457,3,"caso,",caso,caso,NOUN,Intonation=weakly_rising
1458-0,TO052,1458,1458,1,è,è,essere,AUX,_
1458-1,TO052,1458,1458,2,un',un',uno,DET,Truncated=Yes
1458-2,TO052,1458,1458,3,opera,opera,opera,NOUN,_
1458-3,TO052,1458,1458,4,divulgativa,divulgativa,divulgativo,ADJ,_
1458-4,TO052,1458,1458,5,fatta,fatta,fare,VERB,_
1458-5,TO052,1458,1458,6,"bene,",bene,bene,ADV,Intonation=weakly_rising
1459-0,TO052,1459,1459,1,e,e,e,CCONJ,_
1459-1,TO052,1459,1459,2,e,e,e,CCONJ,_
1459-2,TO052,1459,1459,3,quindi,quindi,quindi,ADV,_
1459-3,TO052,1459,1459,4,{P},{P},_,_,_
1459-4,TO052,1459,1459,5,loro,loro,loro,PRON,_
1459-5,TO052,1459,1459,6,{P},{P},_,_,_
1459-6,TO052,1459,1459,7,lo,lo,lo,PRON,_
1459-7,TO052,1459,1459,8,prendono,prendono,prendere,VERB,_
1459-8,TO052,1459,1459,9,"come:::,",come,come,ADP,Intonation=weakly_rising
1460-0,TO052,1460,1460,1,perché,perché,perché,SCONJ,_
1460-1,TO052,1460,1460,2,(li),li,li,PRON,_
1460-2,TO052,1460,1460,3,sei,sei,essere,AUX,_
1460-3,TO052,1460,1460,4,riuscita,riuscita,riuscire,VERB,_
1460-4,TO052,1460,1460,5,a,a,a,ADP,_
1460-5,TO052,1460,1460,6,mettere,mettere,mettere,VERB,_
1460-6,TO052,1460,1460,7,insieme,insieme,insieme,ADV,_
1460-7,TO052,1460,1460,8,e,e,e,CCONJ,_
1460-8,TO052,1460,1460,9,fare,fare,fare,VERB,_
1460-9,TO052,1460,1460,10,un,un,uno,DET,_
1460-10,TO052,1460,1460,11,quadro,quadro,quadro,NOUN,_
1460-11,TO052,1460,1460,12,"onesto,",onesto,onesto,ADJ,Intonation=weakly_rising
1461-0,TO052,1461,1461,1,"e:::h,",eh,eh,INTJ,Intonation=weakly_rising
1462-0,TO050,1462,1462,1,°onesto,onesto,onesto,PRON,Volume=low
1462-1,TO050,1462,1462,2,pare.°,pare,parere,VERB,Intonation=falling|Volume=low
1463-0,TO052,1463,1463,1,e,e,e,CCONJ,_
1463-1,TO052,1463,1463,2,"quindi,",quindi,quindi,ADV,Intonation=weakly_rising
1464-0,TO052,1464,1464,1,io,io,io,PRON,_
1464-1,TO052,1464,1464,2,lo,lo,lo,PRON,_
1464-2,TO052,1464,1464,3,direi.,direi,dire,VERB,Intonation=falling
1465-0,TO052,1465,1465,1,e,e,e,CCONJ,_
1465-1,TO052,1465,1465,2,e,e,e,CCONJ,_
1465-2,TO052,1465,1465,3,anche,anche,anche,ADV,_
1465-3,TO052,1465,1465,4,a,a,a,ADP,_
1465-4,TO052,1465,1465,5,tatiana,tatiana,Tatiana,PROPN,_
1465-5,TO052,1465,1465,6,se,se,se,SCONJ,_
1465-6,TO052,1465,1465,7,lo,lo,il,DET,_
1465-7,TO052,1465,1465,8,sai,sai,sapere,VERB,_
1465-8,TO052,1465,1465,9,che,che,che,PRON,_
1465-9,TO052,1465,1465,10,hai,hai,avere,AUX,_
1465-10,TO052,1465,1465,11,scaricato,scaricato,scaricare,VERB,_
1465-11,TO052,1465,1465,12,seicento,seicento,seicento,NUM,_
1465-12,TO052,1465,1465,13,"cose,",cose,cosa,NOUN,Intonation=weakly_rising
1466-0,TO052,1466,1466,1,perché,perché,perché,SCONJ,_
1466-1,TO052,1466,1466,2,non,non,non,ADV,_
1466-2,TO052,1466,1466,3-4,glielo,glielo,_,_,_
1466-2a,_,_,1466,3,_,glie,gli,PRON,_
1466-2b,_,_,1466,4,_,lo,il,PRON,_
1466-3,TO052,1466,1466,5,[xx].,xx,x,X,Intonation=falling
1467-0,TO048,1467,1467,1,[tatiana],tatiana,Tatiana,PROPN,_
1467-1,TO048,1467,1467,2,non,non,non,ADV,_
1467-2,TO048,1467,1467,3,fa,fa,fare,VERB,_
1467-3,TO048,1467,1467,4,saggistica.,saggistica,saggistico,ADJ,Intonation=falling
1468-0,TO050,1468,1468,1,{ride},{ride},_,_,_
1468-1,TO050,1468,1468,2,"sarebbe,",sarebbe,essere,AUX,Intonation=weakly_rising
1469-0,TO052,1469,1469,1,ma,ma,ma,CCONJ,_
1469-1,TO052,1469,1469,2,in,in,in,ADP,_
1469-2,TO052,1469,1469,3,realtà,realtà,realtà,NOUN,_
1469-3,TO052,1469,1469,4,a,a,a,ADP,_
1469-4,TO052,1469,1469,5,me,me,me,PRON,_
1469-5,TO052,1469,1469,6,lei,lei,lei,PRON,_
1469-6,TO052,1469,1469,7,ha,ha,avere,AUX,_
1469-7,TO052,1469,1469,8,de[tto,detto,dire,VERB,_
1469-8,TO052,1469,1469,9,"che::],",che,che,SCONJ,Intonation=weakly_rising
1470-0,TO050,1470,1470,1,[°va,va,andare,VERB,Volume=low
1470-1,TO050,1470,1470,2,bene,bene,bene,ADV,Volume=low
1470-2,TO050,1470,1470,3,molto],molto,molto,ADV,Volume=low
1470-3,TO050,1470,1470,4-5,sui,sui,suus,ADJ,Volume=low
1470-4,TO050,1470,1470,6,"generis,°",generis,genus,NOUN,Intonation=weakly_rising|Volume=low
1471-0,TO052,1471,1471,1,lei,lei,lei,PRON,_
1471-1,TO052,1471,1471,2,mi,mi,mi,PRON,_
1471-2,TO052,1471,1471,3,ha,ha,avere,AUX,_
1471-3,TO052,1471,1471,4,detto,detto,dire,VERB,_
1471-4,TO052,1471,1471,5,che,che,che,SCONJ,_
1471-5,TO052,1471,1471,6,[faceva,faceva,fare,VERB,_
1471-6,TO052,1471,1471,7,"anche],",anche,anche,ADV,Intonation=weakly_rising
1472-0,TO050,1472,1472,1,[(come,come,come,ADV,_
1472-1,TO050,1472,1472,2,a,a,a,ADP,_
1472-2,TO050,1472,1472,3,"scelta,)]",scelta,scelta,NOUN,Intonation=weakly_rising
1473-0,TO052,1473,1473,1,ma,ma,ma,CCONJ,_
1473-1,TO052,1473,1473,2,lei,lei,lei,PRON,_
1473-2,TO052,1473,1473,3,mi,mi,mi,PRON,_
1473-3,TO052,1473,1473,4,ha,ha,avere,AUX,_
1473-4,TO052,1473,1473,5,detto,detto,dire,VERB,_
1473-5,TO052,1473,1473,6,che,che,che,SCONJ,_
1473-6,TO052,1473,1473,7,voleva,voleva,volere,AUX,_
1473-7,TO052,1473,1473,8,fare,fare,fare,VERB,_
1473-8,TO052,1473,1473,9,anche,anche,anche,ADV,_
1473-9,TO052,1473,1473,10,saggistica.,saggistica,saggistico,ADJ,Intonation=falling
1474-0,TO048,1474,1474,1-2,sui,sui,suus,ADJ,_
1474-1,TO048,1474,1474,3,generis?,generis,genus,NOUN,Intonation=rising
1475-0,TO052,1475,1475,1,sì,sì,sì,INTJ,_
1475-1,TO052,1475,1475,2,non,non,non,ADV,_
1475-2,TO052,1475,1475,3,so,so,sapere,VERB,_
1475-3,TO052,1475,1475,4,perché,perché,perché,SCONJ,_
1475-4,TO052,1475,1475,5,mi,mi,mi,PRON,_
1475-5,TO052,1475,1475,6,ha,ha,avere,VERB,_
1475-6,TO052,1475,1475,7,a,a,a,ADP,_
1475-7,TO052,1475,1475,8,un,un,uno,DET,_
1475-8,TO052,1475,1475,9,certo,certo,certo,ADJ,_
1475-9,TO052,1475,1475,10,punto:,punto,punto,NOUN,_
1475-10,TO052,1475,1475,11,una,una,uno,DET,_
1475-11,TO052,1475,1475,12,volta,volta,volta,NOUN,_
1475-12,TO052,1475,1475,13,ha,ha,avere,AUX,_
1475-13,TO052,1475,1475,14,detto,detto,dire,VERB,_
1475-14,TO052,1475,1475,15,(c',c',ci,PRON,Truncated=Yes
1475-15,TO052,1475,1475,16,era,era,essere,VERB,_
1475-16,TO052,1475,1475,17,uno),uno,uno,PRON,_
1475-17,TO052,1475,1475,18,che,che,che,SCONJ,_
1475-18,TO052,1475,1475,19,m:h,mh,mh,INTJ,_
1475-19,TO052,1475,1475,20,{P},{P},_,_,_
1475-20,TO052,1475,1475,21,no:,no,no,ADV,_
1475-21,TO052,1475,1475,22,voleva,voleva,volere,AUX,_
1475-22,TO052,1475,1475,23,fare,fare,fare,VERB,_
1475-23,TO052,1475,1475,24,{P},{P},_,_,_
1475-24,TO052,1475,1475,25,la,la,il,DET,_
1475-25,TO052,1475,1475,26,cosa,cosa,cosa,NOUN,_
1475-26,TO052,1475,1475,27-28,sui,sui,_,_,_
1475-26a,_,_,1475,27,_,su,su,ADP,_
1475-26b,_,_,1475,28,_,i,il,DET,_
1475-27,TO052,1475,1475,29,racconti,racconti,racconto,NOUN,_
1475-28,TO052,1475,1475,30,di:,di,di,ADP,_
1475-29,TO052,1475,1475,31,"calvi:no:,",calvino,Calvino,PROPN,Intonation=weakly_rising
1476-0,TO052,1476,1476,1,e:h,eh,eh,INTJ,_
1476-1,TO052,1476,1476,2-3,gliel',gliel',_,_,Truncated=Yes
1476-1a,_,_,1476,2,_,glie,gli,PRON,_
1476-1b,_,_,1476,3,_,l',lo,PRON,_
1476-2,TO052,1476,1476,4,ha,ha,avere,AUX,_
1476-3,TO052,1476,1476,5,chiesta,chiesta,chiedere,VERB,_
1476-4,TO052,1476,1476,6-7,alla,alla,_,_,_
1476-4a,_,_,1476,6,_,a,a,ADP,_
1476-4b,_,_,1476,7,_,la,il,DET,_
1476-5,TO052,1476,1476,8,"beige:,",beige,Beige,PROPN,Intonation=weakly_rising
1477-0,TO048,1477,1477,1,a:h.,ah,ah,INTJ,Intonation=falling
1478-0,TO048,1478,1478,1,quella,quella,quello,DET,_
1478-1,TO048,1478,1478,2,cosa,cosa,cosa,NOUN,_
1478-2,TO048,1478,1478,3,là,là,là,ADV,_
1478-3,TO048,1478,1478,4,no,no,no,ADV,_
1478-4,TO048,1478,1478,5,vabbè,vabbè,vabbé,INTJ,_
1478-5,TO048,1478,1478,6,doveva,doveva,dovere,AUX,_
1478-6,TO048,1478,1478,7,essere,essere,essere,AUX,_
1478-7,TO048,1478,1478,8,una,una,uno,DET,_
1478-8,TO048,1478,1478,9,collana,collana,collana,NOUN,_
1478-9,TO048,1478,1478,10,"ma:,",ma,ma,CCONJ,Intonation=weakly_rising
1479-0,TO052,1479,1479,1,ah,ah,ah,INTJ,_
1479-1,TO052,1479,1479,2,è,è,essere,AUX,_
1479-2,TO052,1479,1479,3,andata,andata,andare,VERB,_
1479-3,TO052,1479,1479,4,a,a,a,ADP,_
1479-4,TO052,1479,1479,5,fanculo.,fanculo,fanculo,NOUN,Intonation=falling
1480-0,TO048,1480,1480,1,si,si,si,PRON,_
1480-1,TO048,1480,1480,2,è,è,essere,AUX,_
1480-2,TO048,1480,1480,3,un,un,uno,DET,_
1480-3,TO048,1480,1480,4,po',po',poco,ADV,_
1480-4,TO048,1480,1480,5,persa,persa,perso,ADJ,_
1480-5,TO048,1480,1480,6,di,di,di,ADP,_
1480-6,TO048,1480,1480,7,vista,vista,vista,NOUN,_
1480-7,TO048,1480,1480,8,(tra),tra,tra,ADP,_
1480-8,TO048,1480,1480,9,le,le,il,DET,_
1480-9,TO048,1480,1480,10,tantissime,tantissime,tanto,ADJ,_
1480-10,TO048,1480,1480,11,idee,idee,idea,NOUN,_
1480-11,TO048,1480,1480,12,po~,po~,po~,X,Interrupted=Yes
1480-12,TO048,1480,1480,13,°in,in,in,ADP,Volume=low
1480-13,TO048,1480,1480,14,questo,questo,questo,DET,Volume=low
1480-14,TO048,1480,1480,15,senso.°,senso,senso,NOUN,Intonation=falling|Volume=low
1481-0,TO052,1481,1481,1,"vabbè,",vabbè,vabbé,INTJ,Intonation=weakly_rising
1482-0,TO052,1482,1482,1,voglio,voglio,volere,AUX,_
1482-1,TO052,1482,1482,2,dire,dire,dire,VERB,_
1482-2,TO052,1482,1482,3,e::h,eh,eh,INTJ,_
1482-3,TO052,1482,1482,4,si,si,si,PRON,_
1482-4,TO052,1482,1482,5,è,è,essere,AUX,_
1482-5,TO052,1482,1482,6,indirizzata,indirizzata,indirizzare,VERB,_
1482-6,TO052,1482,1482,7,su,su,su,ADP,_
1482-7,TO052,1482,1482,8,altro,altro,altro,PRON,_
1482-8,TO052,1482,1482,9,non,non,non,ADV,_
1482-9,TO052,1482,1482,10,è,è,essere,VERB,_
1482-10,TO052,1482,1482,11,che,che,che,SCONJ,_
1482-11,TO052,1482,1482,12,per,per,per,ADP,_
1482-12,TO052,1482,1482,13,forza,forza,forza,NOUN,_
1482-13,TO052,1482,1482,14,tutto,tutto,tutto,PRON,_
1482-14,TO052,1482,1482,15,d[eve,deve,dovere,AUX,_
1482-15,TO052,1482,1482,16,"(avere:,)]",avere,avere,VERB,Intonation=weakly_rising
1483-0,TO048,1483,1483,1,[infatti,infatti,infatti,ADV,_
1483-1,TO048,1483,1483,2,ma,ma,ma,CCONJ,_
1483-2,TO048,1483,1483,3,non,non,non,ADV,_
1483-3,TO048,1483,1483,4,è],è,essere,VERB,_
1483-4,TO048,1483,1483,5,che,che,che,SCONJ,_
1483-5,TO048,1483,1483,6,deve,deve,dovere,AUX,_
1483-6,TO048,1483,1483,7,[avere,avere,avere,VERB,_
1483-7,TO048,1483,1483,8,"tutto],",tutto,tutto,PRON,Intonation=weakly_rising
1484-0,TO052,1484,1484,1,[no,no,no,ADV,_
1484-1,TO052,1484,1484,2,no,no,no,ADV,_
1484-2,TO052,1484,1484,3,però,però,però,ADV,_
1484-3,TO052,1484,1484,4,io],io,io,PRON,_
1484-4,TO052,1484,1484,5,credevo,credevo,credere,VERB,_
1484-5,TO052,1484,1484,6,che,che,che,SCONJ,_
1484-6,TO052,1484,1484,7,fosse,fosse,essere,AUX,_
1484-7,TO052,1484,1484,8,una,una,uno,DET,_
1484-8,TO052,1484,1484,9,cosa,cosa,cosa,NOUN,_
1484-9,TO052,1484,1484,10,ancora,ancora,ancora,ADV,_
1484-10,TO052,1484,1484,11,in,in,in,ADP,_
1484-11,TO052,1484,1484,12,cantiere.,cantiere,cantiere,NOUN,Intonation=falling
1485-0,TO052,1485,1485,1,però,però,però,ADV,_
1485-1,TO052,1485,1485,2,va,va,andare,VERB,_
1485-2,TO052,1485,1485,3,bene.,bene,bene,ADV,Intonation=falling
1486-0,TO048,1486,1486,1,[stavo,stavo,stavo,NOUN,_
1486-1,TO048,1486,1486,2,pensando,pensando,pensare,VERB,_
1486-2,TO048,1486,1486,3,che,che,che,SCONJ,_
1486-3,TO048,1486,1486,4,s]pero,spero,sperare,VERB,_
1486-4,TO048,1486,1486,5,che,che,che,SCONJ,_
1486-5,TO048,1486,1486,6,vada,vada,andare,VERB,_
1486-6,TO048,1486,1486,7,avanti,avanti,avanti,ADV,_
1486-7,TO048,1486,1486,8,con,con,con,ADP,_
1486-8,TO048,1486,1486,9,quella,quella,quello,PRON,_
1486-9,TO048,1486,1486,10,di,di,di,ADP,_
1486-10,TO048,1486,1486,11,teatro.,teatro,teatro,NOUN,Intonation=falling
1487-0,TO052,1487,1487,1,[e:h,eh,eh,INTJ,_
1487-1,TO052,1487,1487,2,per,per,per,ADP,_
1487-2,TO052,1487,1487,3,"questo],",questo,questo,PRON,Intonation=weakly_rising
1488-0,TO048,1488,1488,1,è,è,essere,AUX,_
1488-1,TO048,1488,1488,2,una,una,uno,DET,_
1488-2,TO048,1488,1488,3,genialata,genialata,genialata,NOUN,_
1488-3,TO048,1488,1488,4,a,a,a,ADP,_
1488-4,TO048,1488,1488,5,me,me,me,PRON,_
1488-5,TO048,1488,1488,6,mi,mi,mi,PRON,_
1488-6,TO048,1488,1488,7,piace,piace,piacere,VERB,_
1488-7,TO048,1488,1488,8,un,un,uno,DET,_
1488-8,TO048,1488,1488,9,sacco,sacco,sacco,NOUN,_
1488-9,TO048,1488,1488,10,xx[xx,x,x,X,_
1488-10,TO048,1488,1488,11,di,di,di,ADP,_
1488-11,TO048,1488,1488,12,teatro].,teatro,teatro,NOUN,Intonation=falling
1489-0,TO052,1489,1489,1,[sì,sì,sì,ADV,_
1489-1,TO052,1489,1489,2,quella,quella,quello,PRON,_
1489-2,TO052,1489,1489,3,di,di,di,ADP,_
1489-3,TO052,1489,1489,4,teatro,teatro,teatro,NOUN,_
1489-4,TO052,1489,1489,5,è,è,essere,AUX,_
1489-5,TO052,1489,1489,6,molto],molto,molto,ADV,_
1489-6,TO052,1489,1489,7,bella.,bella,bello,ADJ,Intonation=falling
1490-0,TO052,1490,1490,1,ma,ma,ma,CCONJ,_
1490-1,TO052,1490,1490,2,anche,anche,anche,ADV,_
1490-2,TO052,1490,1490,3,l',l',il,DET,Truncated=Yes
1490-3,TO052,1490,1490,4,iconografica,iconografica,iconografica,NOUN,_
1490-4,TO052,1490,1490,5,è,è,essere,AUX,_
1490-5,TO052,1490,1490,6,pazzesca.,pazzesca,pazzesco,ADJ,Intonation=falling
1491-0,TO048,1491,1491,1,infatti,infatti,infatti,ADV,_
1491-1,TO048,1491,1491,2,spero,spero,sperare,VERB,_
1491-2,TO048,1491,1491,3,che,che,che,SCONJ,_
1491-3,TO048,1491,1491,4,vada,vada,andare,VERB,_
1491-4,TO048,1491,1491,5,ava[nti].,avanti,avanti,ADV,Intonation=falling
1492-0,TO050,1492,1492,1,[anti]gone,antigone,Antigone,PROPN,_
1492-1,TO050,1492,1492,2,mi,mi,mi,PRON,_
1492-2,TO050,1492,1492,3,piace,piace,piacere,VERB,_
1492-3,TO050,1492,1492,4,tantissimo,tantissimo,tanto,ADV,_
1492-4,TO050,1492,1492,5,[(come,come,come,ADP,_
1492-5,TO050,1492,1492,6,libro,libro,libro,NOUN,_
1492-6,TO050,1492,1492,7,di,di,di,ADP,_
1492-7,TO050,1492,1492,8,"illustrazione,)]",illustrazione,illustrazione,NOUN,Intonation=weakly_rising
1493-0,TO052,1493,1493,1,[come,come,come,ADP,_
1493-1,TO052,1493,1493,2,oggetto,oggetto,oggetto,NOUN,_
1493-2,TO052,1493,1493,3,libro,libro,libro,ADP,_
1493-3,TO052,1493,1493,4,{P},{P},_,_,_
1493-4,TO052,1493,1493,5,i,i,il,DET,_
1493-5,TO052,1493,1493,6,due],due,due,NUM,_
1493-6,TO052,1493,1493,7,che,che,che,PRON,_
1493-7,TO052,1493,1493,8,ho,ho,avere,AUX,_
1493-8,TO052,1493,1493,9,visto,visto,vedere,VERB,_
1493-9,TO052,1493,1493,10,da,da,da,ADP,_
1493-10,TO052,1493,1493,11,lui,lui,lui,PRON,_
1493-11,TO052,1493,1493,12,no?,no,no,ADV,Intonation=rising
1493-12,TO052,1493,1493,13,eh,eh,eh,INTJ,_
1493-13,TO052,1493,1493,14,[il],il,il,DET,_
1493-14,TO052,1493,1493,15,m[er~,mer~,mer~,X,Interrupted=Yes
1493-15,TO052,1493,1493,16,sono,sono,essere,AUX,_
1493-16,TO052,1493,1493,17,i,i,il,DET,_
1493-17,TO052,1493,1493,18,più,più,più,ADV,_
1493-18,TO052,1493,1493,19,belli].,belli,bello,ADJ,Intonation=falling
1494-0,TO048,1494,1494,1,[sì].,sì,sì,ADV,Intonation=falling
1495-0,TO048,1495,1495,1,[sono,sono,essere,AUX,_
1495-1,TO048,1495,1495,2,bellissimi,bellissimi,belle,ADJ,_
1495-2,TO048,1495,1495,3,so]no,sono,essere,AUX,_
1495-3,TO048,1495,1495,4,i,i,il,DET,_
1495-4,TO048,1495,1495,5,più,più,più,ADV,_
1495-5,TO048,1495,1495,6,belli.,belli,bello,ADJ,Intonation=falling
1496-0,TO050,1496,1496,1,e,e,e,CCONJ,_
1496-1,TO050,1496,1496,2,sono,sono,essere,AUX,_
1496-2,TO050,1496,1496,3,xx,x,x,X,_
1496-3,TO050,1496,1496,4,gli,gli,il,DET,_
1496-4,TO050,1496,1496,5,amici,amici,amico,NOUN,_
1496-5,TO050,1496,1496,6,tuoi,tuoi,tuo,ADJ,_
1496-6,TO050,1496,1496,7,di,di,di,ADP,_
1496-7,TO050,1496,1496,8,"teatro,",teatro,teatro,NOUN,Intonation=weakly_rising
1497-0,TO048,1497,1497,1,sì.,sì,sì,ADV,Intonation=falling
1498-0,TO048,1498,1498,1,spe[ro,spero,sperare,VERB,_
1498-1,TO048,1498,1498,2,che,che,che,SCONJ,_
1498-2,TO048,1498,1498,3,continui,continui,continuare,VERB,_
1498-3,TO048,1498,1498,4,con,con,con,ADP,_
1498-4,TO048,1498,1498,5,la,la,il,DET,_
1498-5,TO048,1498,1498,6,stessa,stessa,stesso,ADJ,_
1498-6,TO048,1498,1498,7,qualità].,qualità,qualità,NOUN,Intonation=falling
1499-0,TO052,1499,1499,1,[infatti,infatti,infatti,ADV,_
1499-1,TO052,1499,1499,2,infatti,infatti,infatti,ADV,_
1499-2,TO052,1499,1499,3,facevo,facevo,fare,VERB,_
1499-3,TO052,1499,1499,4,la,la,il,DET,_
1499-4,TO052,1499,1499,5,battu]ta,battuta,battuta,NOUN,_
1499-5,TO052,1499,1499,6,[l',l',il,DET,Truncated=Yes
1499-6,TO052,1499,1499,7,altra,altra,altro,ADJ,_
1499-7,TO052,1499,1499,8,"volta],",volta,volta,NOUN,Intonation=weakly_rising
1500-0,TO050,1500,1500,1,[certo,certo,certo,ADV,_
1500-1,TO050,1500,1500,2,xx,x,x,X,_
1500-2,TO050,1500,1500,3,me]ttere,mettere,mettere,VERB,_
1500-3,TO050,1500,1500,4,il,il,il,DET,_
1500-4,TO050,1500,1500,5,"numero,",numero,numero,NOUN,Intonation=weakly_rising
1501-0,TO048,1501,1501,1,sì:?,sì,sì,ADV,Intonation=rising
1502-0,TO050,1502,1502,1,su,su,su,ADP,_
1502-1,TO050,1502,1502,2,x~,x~,x~,X,Interrupted=Yes
1502-2,TO050,1502,1502,3,su,su,su,ADP,_
1502-3,TO050,1502,1502,4,antigone,antigone,Antigone,PROPN,_
1502-4,TO050,1502,1502,5,non,non,non,ADV,_
1502-5,TO050,1502,1502,6,c',c',ci,PRON,Truncated=Yes
1502-6,TO050,1502,1502,7,è,è,essere,VERB,_
1502-7,TO050,1502,1502,8,il,il,il,DET,_
1502-8,TO050,1502,1502,9,n[umero].,numero,numero,NOUN,Intonation=falling
1503-0,TO048,1503,1503,1,[mamma],mamma,mamma,NOUN,_
1503-1,TO048,1503,1503,2,mia,mia,mio,DET,_
1503-2,TO048,1503,1503,3,ma,ma,ma,CCONJ,_
1503-3,TO048,1503,1503,4,perché,perché,perché,SCONJ,_
1503-4,TO048,1503,1503,5,si,si,si,PRON,_
1503-5,TO048,1503,1503,6,scorda,scorda,scordare,VERB,_
1503-6,TO048,1503,1503,7,sempre,sempre,sempre,ADV,_
1503-7,TO048,1503,1503,8,qualcosa,qualcosa,qualcosa,PRON,_
1503-8,TO048,1503,1503,9,d[io,dio,dio,NOUN,_
1503-9,TO048,1503,1503,10,"santo],",santo,santo,ADJ,Intonation=weakly_rising
1504-0,TO050,1504,1504,1,[capite,capite,capire,VERB,_
1504-1,TO050,1504,1504,2,è,è,essere,AUX,_
1504-2,TO050,1504,1504,3,assur]do,assurdo,assurdo,ADJ,_
1504-3,TO050,1504,1504,4,pure,pure,pure,ADV,_
1504-4,TO050,1504,1504,5-6,della,della,_,_,_
1504-4a,_,_,1504,5,_,di,di,ADP,_
1504-4b,_,_,1504,6,_,la,il,DET,_
1504-5,TO050,1504,1504,7,collana,collana,collana,NOUN,_
1504-6,TO050,1504,1504,8,una,una,uno,DET,_
1504-7,TO050,1504,1504,9,"vol[ta:],",volta,volta,NOUN,Intonation=weakly_rising
1505-0,TO048,1505,1505,1,[si,si,si,PRON,_
1505-1,TO048,1505,1505,2,sc]orda,scorda,scordare,VERB,_
1505-2,TO048,1505,1505,3,o,o,o,CCONJ,_
1505-3,TO048,1505,1505,4,si,si,si,PRON,_
1505-4,TO048,1505,1505,5,scorda,scorda,scordare,VERB,_
1505-5,TO048,1505,1505,6,l',l',il,DET,Truncated=Yes
1505-6,TO048,1505,1505,7,auto~,auto~,auto~,X,Interrupted=Yes
1505-7,TO048,1505,1505,8,tipo,tipo,tipo,NOUN,_
1505-8,TO048,1505,1505,9,una,una,uno,DET,_
1505-9,TO048,1505,1505,10,volta,volta,volta,NOUN,_
1505-10,TO048,1505,1505,11,ha,ha,avere,AUX,_
1505-11,TO048,1505,1505,12,fatto,fatto,fare,VERB,_
1505-12,TO048,1505,1505,13,la,la,il,DET,_
1505-13,TO048,1505,1505,14,minchiata,minchiata,minchiata,NOUN,_
1505-14,TO048,1505,1505,15,che,che,che,PRON,_
1505-15,TO048,1505,1505,16,si,si,si,PRON,_
1505-16,TO048,1505,1505,17,è,è,essere,AUX,_
1505-17,TO048,1505,1505,18,scordata,scordata,scordare,VERB,_
1505-18,TO048,1505,1505,19,l',l',il,DET,Truncated=Yes
1505-19,TO048,1505,1505,20,autore,autore,autore,NOUN,_
1505-20,TO048,1505,1505,21,quindi,quindi,quindi,ADV,_
1505-21,TO048,1505,1505,22,poi,poi,poi,ADV,_
1505-22,TO048,1505,1505,23,ha,ha,avere,AUX,_
1505-23,TO048,1505,1505,24,dovuto,dovuto,dovere,AUX,_
1505-24,TO048,1505,1505,25,fare,fare,fare,VERB,_
1505-25,TO048,1505,1505,26,la,la,il,DET,_
1505-26,TO048,1505,1505,27,bandella,bandella,bandella,NOUN,_
1505-27,TO048,1505,1505,28,solo,solo,solo,ADV,_
1505-28,TO048,1505,1505,29,eh,eh,eh,INTJ,_
1505-29,TO048,1505,1505,30,la,la,la,DET,_
1505-30,TO048,1505,1505,31,la,la,il,DET,_
1505-31,TO048,1505,1505,32,sovraccoperta,sovraccoperta,sovraccoperta,NOUN,_
1505-32,TO048,1505,1505,33,{P},{P},_,_,_
1505-33,TO048,1505,1505,34,di,di,di,ADP,_
1505-34,TO048,1505,1505,35,>storia,storia,storia,NOUN,_
1505-35,TO048,1505,1505,36-37,della,della,_,_,_
1505-35a,_,_,1505,36,_,di,di,ADP,_
1505-35b,_,_,1505,37,_,la,il,DET,_
1505-36,TO048,1505,1505,38,filosofia,filosofia,filosofia,NOUN,_
1505-37,TO048,1505,1505,39,a,a,a,ADP,_
1505-38,TO048,1505,1505,40,sonetti<,sonetti,sonetto,NOUN,_
1505-39,TO048,1505,1505,41,per,per,per,ADP,_
1505-40,TO048,1505,1505,42,"mettere,",mettere,mettere,VERB,Intonation=weakly_rising
1506-0,TO048,1506,1506,1,"i::l,",il,il,DET,Intonation=weakly_rising
1507-0,TO050,1507,1507,1,l',l',il,DET,Truncated=Yes
1507-1,TO050,1507,1507,2,autore?,autore,autore,NOUN,Intonation=rising
1508-0,TO048,1508,1508,1,gli,gli,il,DET,_
1508-1,TO048,1508,1508,2,autori,autori,autore,NOUN,_
1508-2,TO048,1508,1508,3-4,"della,",della,_,_,Intonation=weakly_rising
1508-2a,_,_,1508,3,_,di,di,ADP,_
1508-2b,_,_,1508,4,_,la,il,DET,_
1509-0,TO050,1509,1509,1,infatti,infatti,infatti,ADV,_
1509-1,TO050,1509,1509,2,questa,questa,questo,DET,_
1509-2,TO050,1509,1509,3,"e:h,",eh,eh,INTJ,Intonation=weakly_rising
1510-0,TO048,1510,1510,1,però,però,però,ADV,_
1510-1,TO048,1510,1510,2,pove[ra,povera,povero,ADJ,_
1510-2,TO048,1510,1510,3,che,che,che,PRON,_
1510-3,TO048,1510,1510,4,penso,penso,pensare,VERB,_
1510-4,TO048,1510,1510,5,che,che,che,SCONJ,_
1510-5,TO048,1510,1510,6,da],da,da,ADP,_
1510-6,TO048,1510,1510,7,un,un,uno,DET,_
1510-7,TO048,1510,1510,8,lato,lato,lato,NOUN,_
1510-8,TO048,1510,1510,9,eh,eh,eh,INTJ,_
1510-9,TO048,1510,1510,10,lo,lo,lo,PRON,_
1510-10,TO048,1510,1510,11,guardiamo,guardiamo,guardare,VERB,_
1510-11,TO048,1510,1510,12,in,in,in,ADP,_
1510-12,TO048,1510,1510,13,milioni,milioni,milione,NOUN,_
1510-13,TO048,1510,1510,14,di,di,di,ADP,_
1510-14,TO048,1510,1510,15,persone,persone,persona,NOUN,_
1510-15,TO048,1510,1510,16,e,e,e,CCONJ,_
1510-16,TO048,1510,1510,17,non,non,non,ADV,_
1510-17,TO048,1510,1510,18,se,se,se,PRON,_
1510-18,TO048,1510,1510,19,ne,ne,ne,PRON,_
1510-19,TO048,1510,1510,20,accorge,accorge,accorgere,VERB,_
1510-20,TO048,1510,1510,21,mai,mai,mai,ADV,_
1510-21,TO048,1510,1510,22,nessuno,nessuno,nessuno,PRON,_
1510-22,TO048,1510,1510,23,pure,pure,pure,ADV,_
1510-23,TO048,1510,1510,24,questo,questo,questo,PRON,_
1510-24,TO048,1510,1510,25,c',c',ci,PRON,Truncated=Yes
1510-25,TO048,1510,1510,26,è,è,essere,VERB,_
1510-26,TO048,1510,1510,27,da,da,da,ADP,_
1510-27,TO048,1510,1510,28,dire.,dire,dire,VERB,Intonation=falling
1511-0,TO052,1511,1511,1,[ma,ma,ma,CCONJ,_
1511-1,TO052,1511,1511,2-4,scusami,scusami,_,_,_
1511-1a,_,_,1511,2,_,scusa,scusare,VERB,
1511-1b,_,_,1511,4,_,mi,mi,PRON,
1511-2,TO052,1511,1511,3,"ma],",ma,ma,CCONJ,Intonation=weakly_rising
1512-0,TO052,1512,1512,1,[ci,ci,ci,PRON,_
1512-1,TO052,1512,1512,2,vorrebbe,vorrebbe,volere,VERB,_
1512-2,TO052,1512,1512,3,un,un,uno,DET,_
1512-3,TO052,1512,1512,4,segretario,segretario,segretario,NOUN,_
1512-4,TO052,1512,1512,5,di,di,di,ADP,_
1512-5,TO052,1512,1512,6,edizioni].,edizioni,edizione,NOUN,Intonation=falling
1513-0,TO050,1513,1513,1,[sì,sì,sì,ADV,_
1513-1,TO050,1513,1513,2,però,però,però,ADV,_
1513-2,TO050,1513,1513,3,perché,perché,perché,SCONJ,_
1513-3,TO050,1513,1513,4,{P},{P},_,_,_
1513-4,TO050,1513,1513,5,è,è,essere,AUX,_
1513-5,TO050,1513,1513,6,anche,anche,anche,ADV,_
1513-6,TO050,1513,1513,7,vero,vero,vero,ADJ,_
1513-7,TO050,1513,1513,8,che,che,che,SCONJ,_
1513-8,TO050,1513,1513,9,non,non,non,ADV,_
1513-9,TO050,1513,1513,10,si~],si~,si~,X,Interrupted=Yes
1513-10,TO050,1513,1513,11,sì,sì,sì,ADV,_
1513-11,TO050,1513,1513,12,è,è,essere,AUX,_
1513-12,TO050,1513,1513,13,anche,anche,anche,ADV,_
1513-13,TO050,1513,1513,14,vero,vero,vero,ADJ,_
1513-14,TO050,1513,1513,15,che,che,che,SCONJ,_
1513-15,TO050,1513,1513,16,non,non,non,ADV,_
1513-16,TO050,1513,1513,17,siete,siete,essere,AUX,_
1513-17,TO050,1513,1513,18,persone,persone,persona,NOUN,_
1513-18,TO050,1513,1513,19,pagate,pagate,pagare,VERB,_
1513-19,TO050,1513,1513,20,p[er,per,per,ADP,_
1513-20,TO050,1513,1513,21,fare,fare,fare,VERB,_
1513-21,TO050,1513,1513,22,questo].,questo,questo,PRON,Intonation=falling
1514-0,TO048,1514,1514,1,[no,no,no,ADV,_
1514-1,TO048,1514,1514,2,non,non,non,ADV,_
1514-2,TO048,1514,1514,3,siamo],siamo,essere,AUX,_
1514-3,TO048,1514,1514,4,siste[matiche],sistematiche,sistematico,ADJ,_
1514-4,TO048,1514,1514,5,e,e,e,CCONJ,_
1514-5,TO048,1514,1514,6,lei,lei,lei,PRON,_
1514-6,TO048,1514,1514,7,fa,fa,fare,VERB,_
1514-7,TO048,1514,1514,8,tutto,tutto,tutto,PRON,_
1514-8,TO048,1514,1514,9,sola,sola,solo,ADJ,_
1514-9,TO048,1514,1514,10,i[l,il,il,DET,_
1514-10,TO048,1514,1514,11,che,che,che,PRON,_
1514-11,TO048,1514,1514,12,ci,ci,ci,PRON,_
1514-12,TO048,1514,1514,13,vuole],vuole,volere,VERB,_
1514-13,TO048,1514,1514,14,un,un,uno,DET,_
1514-14,TO048,1514,1514,15,sacco,sacco,sacco,NOUN,_
1514-15,TO048,1514,1514,16,di,di,di,ADP,_
1514-16,TO048,1514,1514,17,pazienza.,pazienza,pazienza,NOUN,Intonation=falling
1515-0,TO050,1515,1515,1,[e,e,e,CCONJ,_
1515-1,TO050,1515,1515,2,"quindi],",quindi,quindi,ADV,Intonation=weakly_rising
1516-0,TO050,1516,1516,1,[capito]?,capito,capire,VERB,Intonation=rising
1517-0,TO050,1517,1517,1,questo,questo,questo,PRON,_
1517-1,TO050,1517,1517,2,è,è,essere,AUX,_
1517-2,TO050,1517,1517,3,il,il,il,DET,_
1517-3,TO050,1517,1517,4,"eh,",eh,eh,INTJ,Intonation=weakly_rising
1518-0,TO050,1518,1518,1,il,il,il,DET,_
1518-1,TO050,1518,1518,2,punto.,punto,punto,NOUN,Intonation=falling
1519-0,TO052,1519,1519,1,e,e,e,CCONJ,_
1519-1,TO052,1519,1519,2,una,una,uno,DET,_
1519-2,TO052,1519,1519,3,persona,persona,persona,NOUN,_
1519-3,TO052,1519,1519,4,sola,sola,solo,ADJ,_
1519-4,TO052,1519,1519,5,e,e,e,CCONJ,_
1519-5,TO052,1519,1519,6,non,non,non,ADV,_
1519-6,TO052,1519,1519,7,può,può,potere,AUX,_
1519-7,TO052,1519,1519,8-9,farlo.,farlo,_,_,Intonation=falling
1519-7a,_,_,1519,8,_,far,fare,VERB,_
1519-7b,_,_,1519,9,_,lo,lo,PRON,_
1520-0,TO052,1520,1520,1,°in,in,in,ADP,Volume=low
1520-1,TO052,1520,1520,2,realtà,realtà,realtà,NOUN,Volume=low
1520-2,TO052,1520,1520,3,non,non,non,ADV,Volume=low
1520-3,TO052,1520,1520,4,ho,ho,avere,VERB,Volume=low
1520-4,TO052,1520,1520,5,la,la,il,DET,Volume=low
1520-5,TO052,1520,1520,6,verità,verità,verità,NOUN,Volume=low
1520-6,TO052,1520,1520,7,non,non,non,ADV,Volume=low
1520-7,TO052,1520,1520,8,lo,lo,lo,PRON,Volume=low
1520-8,TO052,1520,1520,9,s[o.°],so,sapere,VERB,Intonation=falling|Volume=low
1521-0,TO048,1521,1521,1,[pe]rò:,però,però,ADV,_
1521-1,TO048,1521,1521,2,non,non,non,ADV,_
1521-2,TO048,1521,1521,3,può,può,potere,AUX,_
1521-3,TO048,1521,1521,4,pagare:,pagare,pagare,VERB,_
1521-4,TO048,1521,1521,5,{P},{P},_,_,_
1521-5,TO048,1521,1521,6,altre,altre,altro,DET,_
1521-6,TO048,1521,1521,7,persone,persone,persona,NOUN,_
1521-7,TO048,1521,1521,8-9,al,al,_,_,_
1521-7a,_,_,1521,8,_,a,a,ADP,_
1521-7b,_,_,1521,9,_,il,il,DET,_
1521-8,TO048,1521,1521,10,momento.,momento,momento,NOUN,Intonation=falling
1522-0,TO052,1522,1522,1,[ah,ah,ah,INTJ,_
1522-1,TO052,1522,1522,2,beh,beh,beh,INTJ,_
1522-2,TO052,1522,1522,3,chia]ro.,chiaro,chiaro,ADJ,Intonation=falling
1523-0,TO050,1523,1523,1,[°certo.°],certo,certo,ADV,Intonation=falling|Volume=low
1524-0,TO048,1524,1524,1,e,e,e,CCONJ,_
1524-1,TO048,1524,1524,2,"quindi::,",quindi,quindi,ADV,Intonation=weakly_rising
1525-0,TO052,1525,1525,1,no,no,no,ADV,_
1525-1,TO052,1525,1525,2,ma,ma,ma,CCONJ,_
1525-2,TO052,1525,1525,3,comunque,comunque,comunque,ADV,_
1525-3,TO052,1525,1525,4,stanno,stanno,stare,AUX,_
1525-4,TO052,1525,1525,5,riuscendo,riuscendo,riuscire,VERB,_
1525-5,TO052,1525,1525,6,bene,bene,bene,ADV,_
1525-6,TO052,1525,1525,7,io,io,io,PRON,_
1525-7,TO052,1525,1525,8,l',l',il,DET,Truncated=Yes
1525-8,TO052,1525,1525,9,altra,altra,altro,ADJ,_
1525-9,TO052,1525,1525,10,volta,volta,volta,NOUN,_
1525-10,TO052,1525,1525,11,eh,eh,eh,INTJ,_
1525-11,TO052,1525,1525,12,per,per,per,ADP,_
1525-12,TO052,1525,1525,13,scherzo,scherzo,scherzo,NOUN,_
1525-13,TO052,1525,1525,14,gli,gli,lo,PRON,_
1525-14,TO052,1525,1525,15,ho,ho,avere,AUX,_
1525-15,TO052,1525,1525,16,detto,detto,dire,VERB,_
1525-16,TO052,1525,1525,17,a,a,a,ADP,_
1525-17,TO052,1525,1525,18,lu:i,lui,lui,PRON,_
1525-18,TO052,1525,1525,19,e,e,e,CCONJ,_
1525-19,TO052,1525,1525,20,a,a,a,ADP,_
1525-20,TO052,1525,1525,21,"caterina,",caterina,Caterina,PROPN,Intonation=weakly_rising
1526-0,TO052,1526,1526,1,e::h,eh,eh,INTJ,_
1526-1,TO052,1526,1526,2,mi,mi,mi,PRON,_
1526-2,TO052,1526,1526,3,pubblichi:::,pubblichi,pubblicare,VERB,_
1526-3,TO052,1526,1526,4,ventitre,ventitre,ventitre,NUM,_
1526-4,TO052,1526,1526,5,trentacinque:,trentacinque,trentacinque,NUM,_
1526-5,TO052,1526,1526,6-7,nella,nella,_,_,_
1526-5a,_,_,1526,6,_,in,in,ADP,_
1526-5b,_,_,1526,7,_,la,il,DET,_
1526-6,TO052,1526,1526,8,collana,collana,collana,NOUN,_
1526-7,TO052,1526,1526,9,di,di,di,ADP,_
1526-8,TO052,1526,1526,10,teatro?,teatro,teatro,NOUN,Intonation=rising
1527-0,TO052,1527,1527,1,{ride},{ride},_,_,_
1527-1,TO052,1527,1527,2,me,me,me,PRON,_
1527-2,TO052,1527,1527,3,lo,lo,lo,PRON,_
1527-3,TO052,1527,1527,4,trasforma,trasforma,trasformare,VERB,_
1527-4,TO052,1527,1527,5,in,in,in,ADP,_
1527-5,TO052,1527,1527,6,un,un,uno,DET,_
1527-6,TO052,1527,1527,7,testo,testo,testo,NOUN,_
1527-7,TO052,1527,1527,8,teatrale.,teatrale,teatrale,ADJ,Intonation=falling
1528-0,TO048,1528,1528,1,no,no,no,ADV,_
1528-1,TO048,1528,1528,2,però,però,però,ADV,_
1528-2,TO048,1528,1528,3,lo,lo,il,PRON,_
1528-3,TO048,1528,1528,4,potresti,potresti,potere,AUX,_
1528-4,TO048,1528,1528,5,trasformare,trasformare,trasformare,VERB,_
1528-5,TO048,1528,1528,6,in,in,in,ADP,_
1528-6,TO048,1528,1528,7,un,un,uno,DET,_
1528-7,TO048,1528,1528,8,testo,testo,testo,NOUN,_
1528-8,TO048,1528,1528,9,filosofico,filosofico,filosofico,ADJ,_
1528-9,TO048,1528,1528,10,e,e,e,CCONJ,_
1528-10,TO048,1528,1528,11,finirebbe,finirebbe,finire,VERB,_
1528-11,TO048,1528,1528,12-13,nella,nella,_,_,_
1528-11a,_,_,1528,12,_,in,in,ADP,_
1528-11b,_,_,1528,13,_,la,il,DET,_
1528-12,TO048,1528,1528,14,collana,collana,collana,NOUN,_
1528-13,TO048,1528,1528,15,di,di,di,ADP,_
1528-14,TO048,1528,1528,16,"filosofia,",filosofia,filosofia,NOUN,Intonation=weakly_rising
1529-0,TO048,1529,1529,1,pure,pure,pure,ADV,_
1529-1,TO048,1529,1529,2,quella,quella,quello,PRON,_
1529-2,TO048,1529,1529,3,è,è,essere,AUX,_
1529-3,TO048,1529,1529,4,molto,molto,molto,ADV,_
1529-4,TO048,1529,1529,5,bella.,bella,bello,ADJ,Intonation=falling
1530-0,TO052,1530,1530,1,ma,ma,ma,CCONJ,_
1530-1,TO052,1530,1530,2,la,la,il,DET,_
1530-2,TO052,1530,1530,3,cio~,cio~,cio~,X,Interrupted=Yes
1530-3,TO052,1530,1530,4,(con),con,con,ADP,_
1530-4,TO052,1530,1530,5,eh,eh,eh,INTJ,_
1530-5,TO052,1530,1530,6,la,la,il,DET,_
1530-6,TO052,1530,1530,7,collana,collana,collana,NOUN,_
1530-7,TO052,1530,1530,8,di,di,di,ADP,_
1530-8,TO052,1530,1530,9,filosofia,filosofia,filosofia,NOUN,_
1530-9,TO052,1530,1530,10,°(cos',cos',cos',PRON,Truncated=Yes|Volume=low
1530-10,TO052,1530,1530,11,ha,ha,avere,AUX,Volume=low
1530-11,TO052,1530,1530,12,fatto)°?,fatto,fare,VERB,Intonation=rising|Volume=low
1531-0,TO048,1531,1531,1,>la,la,il,DET,_
1531-1,TO048,1531,1531,2,storia,storia,storia,NOUN,_
1531-2,TO048,1531,1531,3-4,della,della,_,_,_
1531-2a,_,_,1531,3,_,di,di,ADP,_
1531-2b,_,_,1531,4,_,la,il,DET,_
1531-3,TO048,1531,1531,5,filosofia,filosofia,filosofia,NOUN,_
1531-4,TO048,1531,1531,6,a,a,a,ADP,_
1531-5,TO048,1531,1531,7,sonetti,sonetti,sonetto,NOUN,_
1531-6,TO048,1531,1531,8,e,e,e,CCONJ,_
1531-7,TO048,1531,1531,9,il,il,il,DET,_
1531-8,TO048,1531,1531,10,professor,professor,professore,NOUN,_
1531-9,TO048,1531,1531,11,kappa,kappa,Kappa,PROPN,_
1531-10,TO048,1531,1531,12,e,e,e,CCONJ,_
1531-11,TO048,1531,1531,13,la,la,il,DET,_
1531-12,TO048,1531,1531,14,scoperta,scoperta,scoperta,NOUN,_
1531-13,TO048,1531,1531,15-16,della,della,_,_,_
1531-13a,_,_,1531,15,_,di,di,ADP,_
1531-13b,_,_,1531,16,_,la,il,DET,_
1531-14,TO048,1531,1531,17,[bellezza,bellezza,bellezza,NOUN,_
1531-15,TO048,1531,1531,18,che,che,che,PRON,_
1531-16,TO048,1531,1531,19,è,è,essere,AUX,_
1531-17,TO048,1531,1531,20,veramente,veramente,veramente,ADV,_
1531-18,TO048,1531,1531,21,bello<].,bello,bello,ADJ,Intonation=falling
1532-0,TO052,1532,1532,1,[ma,ma,ma,CCONJ,_
1532-1,TO052,1532,1532,2,sono,sono,essere,AUX,_
1532-2,TO052,1532,1532,3,testi,testi,testo,NOUN,_
1532-3,TO052,1532,1532,4,completamente,completamente,completamente,ADV,_
1532-4,TO052,1532,1532,5,divers]i,diversi,diverso,ADJ,_
1532-5,TO052,1532,1532,6,come,come,come,ADP,_
1532-6,TO052,1532,1532,7,ma::i,mai,mai,ADV,_
1532-7,TO052,1532,1532,8,li,li,li,PRON,_
1532-8,TO052,1532,1532,9,ha,ha,avere,AUX,_
1532-9,TO052,1532,1532,10,messi,messi,mettere,VERB,_
1532-10,TO052,1532,1532,11,tutti,tutti,tutto,PRON,_
1532-11,TO052,1532,1532,12,e,e,e,CCONJ,_
1532-12,TO052,1532,1532,13,due,due,due,NUM,_
1532-13,TO052,1532,1532,14,"perché::,",perché,perché,SCONJ,Intonation=weakly_rising
1533-0,TO048,1533,1533,1,perché,perché,perché,SCONJ,_
1533-1,TO048,1533,1533,2,voleva,voleva,volere,VERB,_
1533-2,TO048,1533,1533,3,uno,uno,uno,PRON,_
1533-3,TO048,1533,1533,4,di,di,di,ADP,_
1533-4,TO048,1533,1533,5,quei,quei,quello,DET,_
1533-5,TO048,1533,1533,6,{ride},{ride},_,_,_
1534-0,TO052,1534,1534,1,sì,sì,sì,ADV,_
1534-1,TO052,1534,1534,2,ma,ma,ma,CCONJ,_
1534-2,TO052,1534,1534,3-4,nel,nel,_,_,_
1534-2a,_,_,1534,3,_,in,in,ADP,_
1534-2b,_,_,1534,4,_,il,il,DET,_
1534-3,TO052,1534,1534,5,senso,senso,senso,NOUN,_
1534-4,TO052,1534,1534,6,{P},{P},_,_,_
1534-5,TO052,1534,1534,7,[cioè,cioè,cioè,CCONJ,_
1534-6,TO052,1534,1534,8,io,io,io,PRON,_
1534-7,TO052,1534,1534,9,pensavo,pensavo,pensare,VERB,_
1534-8,TO052,1534,1534,10,che,che,che,SCONJ,_
1534-9,TO052,1534,1534,11,"fosse],",fosse,essere,AUX,Intonation=weakly_rising
1535-0,TO050,1535,1535,1,[forse,forse,forse,ADV,_
1535-1,TO050,1535,1535,2,xx,x,x,X,_
1535-2,TO050,1535,1535,3,intere]ss~,interess~,interess~,X,Interrupted=Yes
1535-3,TO050,1535,1535,4,inte[ressa,interessa,interessare,VERB,_
1535-4,TO050,1535,1535,5-6,al,al,_,_,_
1535-4a,_,_,1535,5,_,a,a,ADP,_
1535-4b,_,_,1535,6,_,il,il,DET,_
1535-5,TO050,1535,1535,7,"lettore],",lettore,lettore,NOUN,Intonation=weakly_rising
1536-0,TO052,1536,1536,1,[io,io,io,PRON,_
1536-1,TO052,1536,1536,2,pensavo,pensavo,pensare,VERB,_
1536-2,TO052,1536,1536,3,che,che,che,SCONJ,_
1536-3,TO052,1536,1536,4,fosse,fosse,essere,AUX,_
1536-4,TO052,1536,1536,5-6,nella],nella,_,_,_
1536-4a,_,_,1536,5,_,in,in,ADP,_
1536-4b,_,_,1536,6,_,la,il,DET,_
1536-5,TO052,1536,1536,7,corda,corda,corda,NOUN,_
1536-6,TO052,1536,1536,8,pazza,pazza,pazzo,ADJ,_
1536-7,TO052,1536,1536,9,e,e,e,CCONJ,_
1536-8,TO052,1536,1536,10,la,la,il,DET,_
1536-9,TO052,1536,1536,11,filosofia,filosofia,filosofia,NOUN,_
1536-10,TO052,1536,1536,12,fuga::~,fuga~,fuga~,X,Interrupted=Yes
1536-11,TO052,1536,1536,13,eh,eh,eh,INTJ,_
1536-12,TO052,1536,1536,14,"a[ss~],",ass~,ass~,X,Intonation=weakly_rising
1537-0,TO048,1537,1537,1,[no,no,no,ADV,_
1537-1,TO048,1537,1537,2,in,in,in,ADP,_
1537-2,TO048,1537,1537,3,r]ealtà,realtà,realtà,NOUN,_
1537-3,TO048,1537,1537,4,è,è,essere,AUX,_
1537-4,TO048,1537,1537,5-6,nella,nella,_,_,_
1537-4a,_,_,1537,5,_,in,in,ADP,_
1537-4b,_,_,1537,6,_,la,il,DET,_
1537-5,TO048,1537,1537,7,corda,corda,corda,NOUN,_
1537-6,TO048,1537,1537,8,pazza,pazza,pazzo,ADJ,_
1537-7,TO048,1537,1537,9,però,però,però,ADV,_
1537-8,TO048,1537,1537,10,"tati,",tati,Tati,PROPN,Intonation=weakly_rising
1538-0,TO048,1538,1538,1,si,si,si,PRON,_
1538-1,TO048,1538,1538,2,è,è,essere,AUX,_
1538-2,TO048,1538,1538,3,dimenticata,dimenticata,dimenticare,VERB,_
1538-3,TO048,1538,1538,4,le,le,il,DET,_
1538-4,TO048,1538,1538,5,collane.,collane,collana,NOUN,Intonation=falling
1539-0,TO048,1539,1539,1-2,nel,nel,_,_,_
1539-0a,_,_,1539,1,_,in,in,ADP,_
1539-0b,_,_,1539,2,_,il,il,DET,_
1539-1,TO048,1539,1539,3,senso,senso,senso,NOUN,_
1539-2,TO048,1539,1539,4,che,che,che,PRON,_
1539-3,TO048,1539,1539,5,ha,ha,avere,AUX,_
1539-4,TO048,1539,1539,6,stampato,stampato,stampare,VERB,_
1539-5,TO048,1539,1539,7,il,il,il,DET,_
1539-6,TO048,1539,1539,8,"catalogo,",catalogo,catalogo,NOUN,Intonation=weakly_rising
1540-0,TO048,1540,1540,1,io,io,io,PRON,_
1540-1,TO048,1540,1540,2,l',l',lo,PRON,Truncated=Yes
1540-2,TO048,1540,1540,3,ho,ho,avere,AUX,_
1540-3,TO048,1540,1540,4,aperto,aperto,aprire,VERB,_
1540-4,TO048,1540,1540,5,ho,ho,avere,AUX,_
1540-5,TO048,1540,1540,6,detto,detto,dire,VERB,_
1540-6,TO048,1540,1540,7,che,che,che,SCONJ,_
1540-7,TO048,1540,1540,8,bello,bello,bello,ADJ,_
1540-8,TO048,1540,1540,9,questo,questo,questo,DET,_
1540-9,TO048,1540,1540,10,catalogo,catalogo,catalogo,NOUN,_
1540-10,TO048,1540,1540,11,tati,tati,Tati,PROPN,_
1540-11,TO048,1540,1540,12,"ma,",ma,ma,CCONJ,Intonation=weakly_rising
1541-0,TO048,1541,1541,1,ha,ha,avere,AUX,_
1541-1,TO048,1541,1541,2,diviso,diviso,dividere,VERB,_
1541-2,TO048,1541,1541,3,tipo,tipo,tipo,NOUN,_
1541-3,TO048,1541,1541,4,"narrativa,",narrativa,narrativo,ADJ,Intonation=weakly_rising
1541-4,TO048,1541,1541,5,"filosofia,",filosofia,filosofia,NOUN,Intonation=weakly_rising
1541-5,TO048,1541,1541,6,"teatro,",teatro,teatro,NOUN,Intonation=weakly_rising
1541-6,TO048,1541,1541,7,poesia,poesia,poesia,NOUN,_
1541-7,TO048,1541,1541,8,"blablabla,",blablabla,blablabla,INTJ,Intonation=weakly_rising
1542-0,TO048,1542,1542,1,che,che,che,SCONJ,_
1542-1,TO048,1542,1542,2,poi,poi,poi,ADV,_
1542-2,TO048,1542,1542,3,ha,ha,avere,AUX,_
1542-3,TO048,1542,1542,4,diviso,diviso,dividere,VERB,_
1542-4,TO048,1542,1542,5,un,un,uno,DET,_
1542-5,TO048,1542,1542,6,po',po',poco,ADV,_
1542-6,TO048,1542,1542,7,per,per,per,ADP,_
1542-7,TO048,1542,1542,8,genere,genere,genere,NOUN,_
1542-8,TO048,1542,1542,9,un,un,uno,DET,_
1542-9,TO048,1542,1542,10,po',po',poco,ADV,_
1542-10,TO048,1542,1542,11,per,per,per,ADP,_
1542-11,TO048,1542,1542,12,tematiche,tematiche,tematica,NOUN,_
1542-12,TO048,1542,1542,13,e,e,e,CCONJ,_
1542-13,TO048,1542,1542,14,io,io,io,PRON,_
1542-14,TO048,1542,1542,15,[le,le,le,PRON,_
1542-15,TO048,1542,1542,16,ho,ho,avere,AUX,_
1542-16,TO048,1542,1542,17,"detto],",detto,dire,VERB,Intonation=weakly_rising
1543-0,TO052,1543,1543,1,[(ma),ma,ma,CCONJ,_
1543-1,TO052,1543,1543,2,di,di,di,ADP,_
1543-2,TO052,1543,1543,3,poesi]a,poesia,poesia,NOUN,_
1543-3,TO052,1543,1543,4,non,non,non,ADV,_
1543-4,TO052,1543,1543,5,c',c',ci,PRON,Truncated=Yes
1543-5,TO052,1543,1543,6,è,è,essere,VERB,_
1543-6,TO052,1543,1543,7,niente,niente,niente,PRON,_
1543-7,TO052,1543,1543,8,"ancora,",ancora,ancora,ADV,Intonation=weakly_rising
1544-0,TO048,1544,1544,1,no.,no,no,ADV,Intonation=falling
1545-0,TO048,1545,1545,1,e,e,e,CCONJ,_
1545-1,TO048,1545,1545,2,io:,io,io,PRON,_
1545-2,TO048,1545,1545,3,no.,no,no,ADV,Intonation=falling
1545-3,TO048,1545,1545,4,in,in,in,ADP,_
1545-4,TO048,1545,1545,5,realtà::,realtà,realtà,NOUN,_
1545-5,TO048,1545,1545,6,la,la,il,DET,_
1545-6,TO048,1545,1545,7,storia,storia,storia,NOUN,_
1545-7,TO048,1545,1545,8-9,della,della,_,_,_
1545-7a,_,_,1545,8,_,di,di,ADP,_
1545-7b,_,_,1545,9,_,la,il,DET,_
1545-8,TO048,1545,1545,10,filosofia,filosofia,filosofia,NOUN,_
1545-9,TO048,1545,1545,11,a,a,a,ADP,_
1545-10,TO048,1545,1545,12,sonetti,sonetti,sonetto,NOUN,_
1545-11,TO048,1545,1545,13,è,è,essere,AUX,_
1545-12,TO048,1545,1545,14,po[esia.,poesia,poesia,NOUN,Intonation=falling
1545-13,TO048,1545,1545,15,sono,sono,essere,AUX,_
1545-14,TO048,1545,1545,16,sonetti].,sonetti,sonetto,NOUN,Intonation=falling
1546-0,TO052,1546,1546,1,[beh,beh,beh,INTJ,_
1546-1,TO052,1546,1546,2,cer]to,certo,certo,ADV,_
1546-2,TO052,1546,1546,3,sì,sì,sì,ADV,_
1546-3,TO052,1546,1546,4,però,però,però,ADV,_
1546-4,TO052,1546,1546,5-6,nel,nel,_,_,_
1546-4a,_,_,1546,5,_,in,in,ADP,_
1546-4b,_,_,1546,6,_,il,il,DET,_
1546-5,TO052,1546,1546,7,"senso,",senso,senso,NOUN,Intonation=weakly_rising
1547-0,TO052,1547,1547,1,°scusa.°,scusa,scusare,VERB,Intonation=falling|Volume=low
1548-0,TO048,1548,1548,1,e,e,e,CCONJ,_
1548-1,TO048,1548,1548,2,io,io,io,PRON,_
1548-2,TO048,1548,1548,3,le,le,le,PRON,_
1548-3,TO048,1548,1548,4,"faccio,",faccio,fare,VERB,Intonation=weakly_rising
1549-0,TO048,1549,1549,1,"[tati,",tati,Tati,PROPN,Intonation=weakly_rising
1549-1,TO048,1549,1549,2,ma,ma,ma,CCONJ,_
1549-2,TO048,1549,1549,3,dove,dove,dove,ADV,_
1549-3,TO048,1549,1549,4,sono,sono,essere,AUX,_
1549-4,TO048,1549,1549,5,le,le,il,DET,_
1549-5,TO048,1549,1549,6,col]lane?,collane,collana,NOUN,Intonation=rising
1550-0,TO050,1550,1550,1,[xxxx],x,x,X,_
1551-0,TO048,1551,1551,1,perché,perché,perché,SCONJ,_
1551-1,TO048,1551,1551,2,non,non,non,ADV,_
1551-2,TO048,1551,1551,3,le,le,le,PRON,_
1551-3,TO048,1551,1551,4,hai,hai,avere,AUX,_
1551-4,TO048,1551,1551,5,messe?,messe,mettere,VERB,Intonation=rising
1552-0,TO048,1552,1552,1,e,e,e,CCONJ,_
1552-1,TO048,1552,1552,2,tati,tati,Tati,PROPN,_
1552-2,TO048,1552,1552,3,mi,mi,mi,PRON,_
1552-3,TO048,1552,1552,4,guarda,guarda,guardare,VERB,_
1552-4,TO048,1552,1552,5,e,e,e,CCONJ,_
1552-5,TO048,1552,1552,6,mi,mi,mi,PRON,_
1552-6,TO048,1552,1552,7,"fa,",fa,fare,VERB,Intonation=weakly_rising
1553-0,TO048,1553,1553,1,ah,ah,ah,INTJ,_
1553-1,TO048,1553,1553,2,me,me,me,PRON,_
1553-2,TO048,1553,1553,3,ne,ne,ne,PRON,_
1553-3,TO048,1553,1553,4,sono,sono,essere,AUX,_
1553-4,TO048,1553,1553,5,dimenticata.,dimenticata,dimenticare,VERB,Intonation=falling
1554-0,TO048,1554,1554,1,{ride},{ride},_,_,_
1554-1,TO048,1554,1554,2,cioè,cioè,cioè,CCONJ,_
1554-2,TO048,1554,1554,3,dimenticata,dimenticata,dimenticare,VERB,_
1554-3,TO048,1554,1554,4,di,di,di,ADP,_
1554-4,TO048,1554,1554,5,dividere,dividere,dividere,VERB,_
1554-5,TO048,1554,1554,6,il,il,il,DET,_
1554-6,TO048,1554,1554,7,catalogo,catalogo,catalogo,NOUN,_
1554-7,TO048,1554,1554,8-9,(nelle),nelle,_,_,_
1554-7a,_,_,1554,8,_,in,in,ADP,_
1554-7b,_,_,1554,9,_,le,il,DET,_
1554-8,TO048,1554,1554,10,collane.,collane,collana,NOUN,Intonation=falling
1555-0,TO050,1555,1555,1,e,e,e,CCONJ,_
1555-1,TO050,1555,1555,2,quindi,quindi,quindi,ADV,_
1555-2,TO050,1555,1555,3,l',l',lo,PRON,Truncated=Yes
1555-3,TO050,1555,1555,4,ha,ha,avere,AUX,_
1555-4,TO050,1555,1555,5,diviso,diviso,dividere,VERB,_
1555-5,TO050,1555,1555,6,per,per,per,ADP,_
1555-6,TO050,1555,1555,7,generi?,generi,genere,NOUN,Intonation=rising
1556-0,TO048,1556,1556,1,"sì:,",sì,sì,ADV,Intonation=weakly_rising
1557-0,TO050,1557,1557,1,ha,ha,avere,AUX,_
1557-1,TO050,1557,1557,2,[(troppo)],troppo,troppo,ADV,_
1557-2,TO050,1557,1557,3,mischiato,mischiato,mischiare,VERB,_
1557-3,TO050,1557,1557,4,xx,x,x,X,_
1557-4,TO050,1557,1557,5,xx.,xx,x,X,Intonation=falling
1558-0,TO048,1558,1558,1,[io,io,io,PRON,_
1558-1,TO048,1558,1558,2,ci~],ci~,ci~,X,Interrupted=Yes
1559-0,TO048,1559,1559,1,[ci,ci,ci,PRON,_
1559-1,TO048,1559,1559,2,sono,sono,essere,AUX,_
1559-2,TO048,1559,1559,3,rimasta],rimasta,rimanere,VERB,_
1559-3,TO048,1559,1559,4,male,male,male,ADV,_
1559-4,TO048,1559,1559,5,perché,perché,perché,SCONJ,_
1559-5,TO048,1559,1559,6,ho,ho,avere,AUX,_
1559-6,TO048,1559,1559,7,proprio,proprio,proprio,ADV,_
1559-7,TO048,1559,1559,8,pensato,pensato,pensare,VERB,_
1559-8,TO048,1559,1559,9,cavolo,cavolo,cavolo,NOUN,_
1559-9,TO048,1559,1559,10,cioè,cioè,cioè,CCONJ,_
1559-10,TO048,1559,1559,11,no:n,non,non,ADV,_
1559-11,TO048,1559,1559,12,può,può,potere,AUX,_
1559-12,TO048,1559,1559,13,fare,fare,fare,VERB,_
1559-13,TO048,1559,1559,14,tutto,tutto,tutto,PRON,_
1559-14,TO048,1559,1559,15,da,da,da,ADP,_
1559-15,TO048,1559,1559,16,sola.,sola,solo,ADJ,Intonation=falling
1560-0,TO048,1560,1560,1,esce,esce,uscire,VERB,_
1560-1,TO048,1560,1560,2,pazza,pazza,pazzo,NOUN,_
1560-2,TO048,1560,1560,3,a,a,a,ADP,_
1560-3,TO048,1560,1560,4,un,un,uno,DET,_
1560-4,TO048,1560,1560,5,"certo,",certo,certo,ADJ,Intonation=weakly_rising
1561-0,TO052,1561,1561,1,le,le,il,DET,_
1561-1,TO052,1561,1561,2,collane,collane,collana,NOUN,_
1561-2,TO052,1561,1561,3,sono,sono,essere,AUX,_
1561-3,TO052,1561,1561,4,la,la,il,DET,_
1561-4,TO052,1561,1561,5,corda,corda,corda,NOUN,_
1561-5,TO052,1561,1561,6,pazza,pazza,pazzo,ADJ,_
1561-6,TO052,1561,1561,7,e,e,e,CCONJ,_
1561-7,TO052,1561,1561,8,quella,quella,quello,PRON,_
1561-8,TO052,1561,1561,9,de,de,de,ADP,_
1561-9,TO052,1561,1561,10-11,del,del,_,_,_
1561-9a,_,_,1561,10,_,di,di,ADP,_
1561-9b,_,_,1561,11,_,il,il,DET,_
1561-10,TO052,1561,1561,12-13,del,del,_,_,_
1561-10a,_,_,1561,12,_,di,di,ADP,_
1561-10b,_,_,1561,13,_,il,il,DET,_
1561-11,TO052,1561,1561,14,ridere?,ridere,ridere,VERB,Intonation=rising
1562-0,TO052,1562,1562,1,e,e,e,CCONJ,_
1562-1,TO052,1562,1562,2,poi,poi,poi,ADV,_
1562-2,TO052,1562,1562,3,non,non,non,ADV,_
1562-3,TO052,1562,1562,4,mi,mi,mi,PRON,_
1562-4,TO052,1562,1562,5,ricordo,ricordo,ricordare,VERB,_
1562-5,TO052,1562,1562,6,le,le,il,DET,_
1562-6,TO052,1562,1562,7,altre,altre,altro,ADJ,_
1562-7,TO052,1562,1562,8,due.,due,due,NUM,Intonation=falling
1563-0,TO048,1563,1563,1,allora,allora,allora,ADV,_
1563-1,TO048,1563,1563,2,aspetta,aspetta,aspettare,VERB,_
1563-2,TO048,1563,1563,3,ciampa,ciampa,Ciampa,PROPN,_
1563-3,TO048,1563,1563,4,e,e,e,CCONJ,_
1563-4,TO048,1563,1563,5,la,la,il,DET,_
1563-5,TO048,1563,1563,6,corda,corda,corda,NOUN,_
1563-6,TO048,1563,1563,7,"pazza,",pazza,pazzo,ADJ,Intonation=weakly_rising
1564-0,TO050,1564,1564,1,clerici,clerici,Clerici,PROPN,_
1564-1,TO050,1564,1564,2,e,e,e,CCONJ,_
1564-2,TO050,1564,1564,3,il,il,il,DET,_
1564-3,TO050,1564,1564,4,minotau[ro].,minotauro,minotauro,NOUN,Intonation=falling
1565-0,TO048,1565,1565,1,"[e]::h,",eh,eh,INTJ,Intonation=weakly_rising
1566-0,TO050,1566,1566,1,quella,quella,quello,PRON,_
1566-1,TO050,1566,1566,2-3,del,del,_,_,_
1566-1a,_,_,1566,2,_,di,di,ADP,_
1566-1b,_,_,1566,3,_,il,il,DET,_
1566-2,TO050,1566,1566,4,"teatro,",teatro,teatro,NOUN,Intonation=weakly_rising
1567-0,TO048,1567,1567,1,"sì:,",sì,sì,ADV,Intonation=weakly_rising
1568-0,TO048,1568,1568,1,karl,karl,Karl,PROPN,_
1568-1,TO048,1568,1568,2,"kraus,",kraus,Kraus,PROPN,Intonation=weakly_rising
1569-0,TO048,1569,1569,1,e,e,e,CCONJ,_
1569-1,TO048,1569,1569,2,quella,quella,quello,PRON,_
1569-2,TO048,1569,1569,3,"là:::,",là,là,ADV,Intonation=weakly_rising
1570-0,TO048,1570,1570,1,"(<serie>,)",serie,serie,NOUN,Intonation=weakly_rising
1571-0,TO048,1571,1571,1,mamma,mamma,mamma,NOUN,_
1571-1,TO048,1571,1571,2,che,che,che,PRON,_
1571-2,TO048,1571,1571,3,lapsus,lapsus,lapsus,NOUN,_
1571-3,TO048,1571,1571,4,s,s,s,X,_
1571-4,TO048,1571,1571,5,non,non,non,ADV,_
1571-5,TO048,1571,1571,6,mi,mi,mi,PRON,_
1571-6,TO048,1571,1571,7,ricordo.,ricordo,ricordare,VERB,Intonation=falling
1572-0,TO048,1572,1572,1,di,di,di,ADP,_
1572-1,TO048,1572,1572,2,solito,solito,solito,NOUN,_
1572-2,TO048,1572,1572,3,lo,lo,lo,PRON,_
1572-3,TO048,1572,1572,4,so,so,sapere,VERB,_
1572-4,TO048,1572,1572,5,ma,ma,ma,CCONJ,_
1572-5,TO048,1572,1572,6,non,non,non,ADV,_
1572-6,TO048,1572,1572,7,me,me,me,PRON,_
1572-7,TO048,1572,1572,8,lo,lo,lo,PRON,_
1572-8,TO048,1572,1572,9,ricordo,ricordo,ricordare,VERB,_
1572-9,TO048,1572,1572,10,°in,in,in,ADP,Volume=low
1572-10,TO048,1572,1572,11,questo,questo,questo,DET,Volume=low
1572-11,TO048,1572,1572,12,momento.°,momento,momento,NOUN,Intonation=falling|Volume=low
1573-0,TO048,1573,1573,1,karl,karl,Karl,PROPN,_
1573-1,TO048,1573,1573,2,klaus,klaus,Klaus,PROPN,_
1573-2,TO048,1573,1573,3,kraus,kraus,Kraus,PROPN,_
1573-3,TO048,1573,1573,4,sarebbe::,sarebbe,essere,AUX,_
1573-4,TO048,1573,1573,5,un,un,uno,DET,_
1573-5,TO048,1573,1573,6,editore,editore,editore,NOUN,_
1573-6,TO048,1573,1573,7,tedesco,tedesco,tedesco,ADJ,_
1573-7,TO048,1573,1573,8,che,che,che,PRON,_
1573-8,TO048,1573,1573,9,ha,ha,avere,AUX,_
1573-9,TO048,1573,1573,10,pubblicato,pubblicato,pubblicare,VERB,_
1573-10,TO048,1573,1573,11,per,per,per,ADP,_
1573-11,TO048,1573,1573,12,esempio,esempio,esempio,NOUN,_
1573-12,TO048,1573,1573,13,kafka.,kafka,Kafka,PROPN,Intonation=falling
1574-0,TO052,1574,1574,1,klar,klar,Klar,PROPN,_
1574-1,TO052,1574,1574,2,klaus,klaus,Klaus,PROPN,_
1574-2,TO052,1574,1574,3,in,in,in,ADP,_
1574-3,TO052,1574,1574,4,realtà,realtà,realtà,NOUN,_
1574-4,TO052,1574,1574,5,non,non,non,ADV,_
1574-5,TO052,1574,1574,6,è,è,essere,AUX,_
1574-6,TO052,1574,1574,7,è:,è,essere,AUX,_
1574-7,TO052,1574,1574,8,"u:n:,",un,uno,DET,Intonation=weakly_rising
1575-0,TO050,1575,1575,1,xx,x,x,X,_
1575-1,TO050,1575,1575,2,[xxx],x,x,X,_
1576-0,TO052,1576,1576,1,[è,è,essere,AUX,_
1576-1,TO052,1576,1576,2,un,un,uno,DET,_
1576-2,TO052,1576,1576,3,autore],autore,autore,NOUN,_
1576-3,TO052,1576,1576,4,tedesco.,tedesco,tedesco,ADJ,Intonation=falling
1577-0,TO048,1577,1577,1,è,è,essere,AUX,_
1577-1,TO048,1577,1577,2,stato,stato,essere,AUX,_
1577-2,TO048,1577,1577,3,anche,anche,anche,ADV,_
1577-3,TO048,1577,1577,4,un,un,uno,DET,_
1577-4,TO048,1577,1577,5,editore.,editore,editore,NOUN,Intonation=falling
1578-0,TO048,1578,1578,1,e:::,e,e,CCONJ,_
1578-1,TO048,1578,1578,2,quindi,quindi,quindi,ADV,_
1578-2,TO048,1578,1578,3,si,si,si,PRON,_
1578-3,TO048,1578,1578,4,chiama,chiama,chiamare,VERB,_
1578-4,TO048,1578,1578,5,karl,karl,Karl,PROPN,_
1578-5,TO048,1578,1578,6,kraus,kraus,Kraus,PROPN,_
1578-6,TO048,1578,1578,7,"e,",e,e,CCONJ,Intonation=weakly_rising
1579-0,TO048,1579,1579,1,"qualcosa,",qualcosa,qualcosa,PRON,Intonation=weakly_rising
1580-0,TO048,1580,1580,1,poi,poi,poi,ADV,_
1580-1,TO048,1580,1580,2,c',c',ci,PRON,Truncated=Yes
1580-2,TO048,1580,1580,3,è:,è,essere,VERB,_
1580-3,TO048,1580,1580,4,il,il,il,DET,_
1580-4,TO048,1580,1580,5,minotauro,minotauro,minotauro,NOUN,_
1580-5,TO048,1580,1580,6,"sì,",sì,sì,ADV,Intonation=weakly_rising
1581-0,TO048,1581,1581,1,°queste,queste,questo,DET,Volume=low
1581-1,TO048,1581,1581,2,tre,tre,tre,NUM,Volume=low
1581-2,TO048,1581,1581,3,sono,sono,essere,AUX,Volume=low
1581-3,TO048,1581,1581,4,mi,mi,mi,PRON,Volume=low
1581-4,TO048,1581,1581,5,pare.°,pare,parere,VERB,Intonation=falling|Volume=low
1582-0,TO048,1582,1582,1,boh,boh,boh,INTJ,_
1582-1,TO048,1582,1582,2,solo,solo,solo,ADV,_
1582-2,TO048,1582,1582,3,che,che,che,SCONJ,_
1582-3,TO048,1582,1582,4,era,era,essere,AUX,_
1582-4,TO048,1582,1582,5,affascinante,affascinante,affascinante,ADJ,_
1582-5,TO048,1582,1582,6,dividere,dividere,dividere,VERB,_
1582-6,TO048,1582,1582,7,teatro,teatro,teatro,NOUN,_
1582-7,TO048,1582,1582,8,e,e,e,CCONJ,_
1582-8,TO048,1582,1582,9,filosofia,filosofia,filosofia,NOUN,_
1582-9,TO048,1582,1582,10,per,per,per,ADP,_
1582-10,TO048,1582,1582,11,"tematica,",tematica,tematica,NOUN,Intonation=weakly_rising
1583-0,TO048,1583,1583,1,però,però,però,ADV,_
1583-1,TO048,1583,1583,2,mentre,mentre,mentre,SCONJ,_
1583-2,TO048,1583,1583,3,testo,testo,testo,NOUN,_
1583-3,TO048,1583,1583,4,teatrale,teatrale,teatrale,ADJ,_
1583-4,TO048,1583,1583,5,funziona,funziona,funzionare,VERB,_
1583-5,TO048,1583,1583,6,sia,sia,sia,CCONJ,_
1583-6,TO048,1583,1583,7,per,per,per,ADP,_
1583-7,TO048,1583,1583,8,tematica,tematica,tematica,NOUN,_
1583-8,TO048,1583,1583,9,che,che,che,PRON,_
1583-9,TO048,1583,1583,10,per,per,per,ADP,_
1583-10,TO048,1583,1583,11,genere,genere,genere,NOUN,_
1583-11,TO048,1583,1583,12,già,già,già,ADV,_
1583-12,TO048,1583,1583,13,storia,storia,storia,NOUN,_
1583-13,TO048,1583,1583,14-15,della,della,_,_,_
1583-13a,_,_,1583,14,_,di,di,ADP,_
1583-13b,_,_,1583,15,_,la,il,DET,_
1583-14,TO048,1583,1583,16,filosofia,filosofia,filosofia,NOUN,_
1583-15,TO048,1583,1583,17,a,a,a,ADP,_
1583-16,TO048,1583,1583,18,sonetti,sonetti,sonetto,NOUN,_
1583-17,TO048,1583,1583,19,in,in,in,ADP,_
1583-18,TO048,1583,1583,20,una,una,uno,DET,_
1583-19,TO048,1583,1583,21,collana,collana,collana,NOUN,_
1583-20,TO048,1583,1583,22,di,di,di,ADP,_
1583-21,TO048,1583,1583,23,filosofia,filosofia,filosofia,NOUN,_
1583-22,TO048,1583,1583,24,non,non,non,ADV,_
1583-23,TO048,1583,1583,25,significa,significa,significare,VERB,_
1583-24,TO048,1583,1583,26,niente,niente,niente,PRON,_
1583-25,TO048,1583,1583,27,perché,perché,perchè,SCONJ,_
1583-26,TO048,1583,1583,28,uno,uno,uno,PRON,_
1583-27,TO048,1583,1583,29,è,è,essere,AUX,_
1583-28,TO048,1583,1583,30,un,un,uno,DET,_
1583-29,TO048,1583,1583,31,romanzo,romanzo,romanzo,NOUN,_
1583-30,TO048,1583,1583,32,(e,e,e,CCONJ,_
1583-31,TO048,1583,1583,33,"una),",una,uno,DET,Intonation=weakly_rising
1584-0,TO048,1584,1584,1,è,è,essere,AUX,_
1584-1,TO048,1584,1584,2,una,una,uno,DET,_
1584-2,TO048,1584,1584,3,raccolta,raccolta,raccolta,NOUN,_
1584-3,TO048,1584,1584,4,di,di,di,ADP,_
1584-4,TO048,1584,1584,5,poesie.,poesie,poesia,NOUN,Intonation=falling
1585-0,TO048,1585,1585,1,quindi,quindi,quindi,ADV,_
1585-1,TO048,1585,1585,2,non,non,non,ADV,_
1585-2,TO048,1585,1585,3,{P},{P},_,_,_
1585-3,TO048,1585,1585,4,cioè,cioè,cioè,CCONJ,_
1585-4,TO048,1585,1585,5,o,o,o,CCONJ,_
1585-5,TO048,1585,1585,6,le,le,le,PRON,_
1585-6,TO048,1585,1585,7,m[etti,metti,metti,NOUN,_
1585-7,TO048,1585,1585,8,per,per,per,ADP,_
1585-8,TO048,1585,1585,9,la,la,il,DET,_
1585-9,TO048,1585,1585,10,tematica,tematica,tematica,NOUN,_
1585-10,TO048,1585,1585,11,o,o,o,CCONJ,_
1585-11,TO048,1585,1585,12,le,le,le,PRON,_
1585-12,TO048,1585,1585,13,m~],m~,m~,X,Interrupted=Yes
1586-0,TO052,1586,1586,1,[ma,ma,ma,CCONJ,_
1586-1,TO052,1586,1586,2,poi,poi,poi,ADV,_
1586-2,TO052,1586,1586,3,uno,uno,uno,PRON,_
1586-3,TO052,1586,1586,4,è,è,essere,AUX,_
1586-4,TO052,1586,1586,5,se:rio,serio,serio,ADJ,_
1586-5,TO052,1586,1586,6,dicia]mo,diciamo,dire,VERB,_
1586-6,TO052,1586,1586,7,e,e,e,CCONJ,_
1586-7,TO052,1586,1586,8,uno,uno,uno,PRON,_
1586-8,TO052,1586,1586,9,invece::,invece,invece,ADV,_
1587-0,TO048,1587,1587,1,quindi,quindi,quindi,ADV,_
1587-1,TO048,1587,1587,2,un,un,uno,DET,_
1587-2,TO048,1587,1587,3,po',po',poco,ADV,_
1587-3,TO048,1587,1587,4,questo,questo,questo,PRON,_
1587-4,TO048,1587,1587,5,io,io,io,PRON,_
1587-5,TO048,1587,1587,6,le,le,le,PRON,_
1587-6,TO048,1587,1587,7,dicevo,dicevo,dire,VERB,_
1587-7,TO048,1587,1587,8,che,che,che,SCONJ,_
1587-8,TO048,1587,1587,9,secondo,secondo,secondo,ADP,_
1587-9,TO048,1587,1587,10,"me,",me,me,PRON,Intonation=weakly_rising
1588-0,TO050,1588,1588,1,più,più,più,ADV,_
1588-1,TO050,1588,1588,2,che,che,che,ADP,_
1588-2,TO050,1588,1588,3,altro,altro,altro,PRON,_
1588-3,TO050,1588,1588,4-5,[(nella),nella,_,_,_
1588-3a,_,_,1588,4,_,in,in,ADP,_
1588-3b,_,_,1588,5,_,la,il,DET,_
1588-4,TO050,1588,1588,6,distinzione,distinzione,distinzione,NOUN,_
1588-5,TO050,1588,1588,7,tea]tro,teatro,teatro,NOUN,_
1588-6,TO050,1588,1588,8,poesia,poesia,poesia,NOUN,_
1588-7,TO050,1588,1588,9,prosa,prosa,prosa,NOUN,_
1588-8,TO050,1588,1588,10,(quindi),quindi,quindi,ADV,_
1588-9,TO050,1588,1588,11,creando,creando,creare,VERB,_
1588-10,TO050,1588,1588,12,questa,questa,questo,DET,_
1588-11,TO050,1588,1588,13,divisione,divisione,divisione,NOUN,_
1588-12,TO050,1588,1588,14,"diciamo,",diciamo,dire,VERB,Intonation=weakly_rising
1589-0,TO048,1589,1589,1,[si,si,si,PRON,_
1589-1,TO048,1589,1589,2,era,era,essere,AUX,_
1589-2,TO048,1589,1589,3,persa,persa,persa,VERB,_
1589-3,TO048,1589,1589,4,per,per,per,ADP,_
1589-4,TO048,1589,1589,5,stra~],stra~,stra~,X,Interrupted=Yes
1590-0,TO052,1590,1590,1,xxxxxx,x,x,X,_
1591-0,TO050,1591,1591,1,"°diciamo,°",diciamo,dire,VERB,Intonation=weakly_rising|Volume=low
1592-0,TO050,1592,1592,1,"(ma:::,)",ma,ma,CCONJ,Intonation=weakly_rising
1593-0,TO050,1593,1593,1,cioè,cioè,cioè,CCONJ,_
1593-1,TO050,1593,1593,2,funziona,funziona,funzionare,VERB,_
1593-2,TO050,1593,1593,3,però,però,però,ADV,_
1593-3,TO050,1593,1593,4-5,nel,nel,_,_,_
1593-3a,_,_,1593,4,_,in,in,ADP,_
1593-3b,_,_,1593,5,_,il,il,DET,_
1593-4,TO050,1593,1593,6,momento,momento,momento,NOUN,_
1593-5,TO050,1593,1593,7,in,in,in,ADP,_
1593-6,TO050,1593,1593,8,cui,cui,cui,PRON,_
1593-7,TO050,1593,1593,9,la,la,il,DET,_
1593-8,TO050,1593,1593,10,poesia,poesia,poesia,NOUN,_
1593-9,TO050,1593,1593,11,"è,",è,essere,AUX,Intonation=weakly_rising
1594-0,TO050,1594,1594,1,cioè,cioè,cioè,CCONJ,_
1594-1,TO050,1594,1594,2,funziona,funziona,funzionare,VERB,_
1594-2,TO050,1594,1594,3,però,però,però,ADV,_
1594-3,TO050,1594,1594,4,che,che,che,SCONJ,_
1594-4,TO050,1594,1594,5,a,a,a,ADP,_
1594-5,TO050,1594,1594,6,un,un,uno,DET,_
1594-6,TO050,1594,1594,7,certo,certo,certo,ADJ,_
1594-7,TO050,1594,1594,8,punto,punto,punto,NOUN,_
1594-8,TO050,1594,1594,9,(avesse),avesse,avere,VERB,_
1594-9,TO050,1594,1594,10,una,una,uno,DET,_
1594-10,TO050,1594,1594,11,collana,collana,collana,NOUN,_
1594-11,TO050,1594,1594,12,co:n,con,con,ADP,_
1594-12,TO050,1594,1594,13,<romanzi>,romanzi,romanzo,NOUN,_
1594-13,TO050,1594,1594,14,di,di,di,ADP,_
1594-14,TO050,1594,1594,15,tutti,tutti,tutto,DET,_
1594-15,TO050,1594,1594,16,i,i,il,DET,_
1594-16,TO050,1594,1594,17,"tipi,",tipi,tipo,NOUN,Intonation=weakly_rising
1595-0,TO050,1595,1595,1,e,e,e,CCONJ,_
1595-1,TO050,1595,1595,2,poi,poi,poi,ADV,_
1595-2,TO050,1595,1595,3,poesia,poesia,poesia,NOUN,_
1595-3,TO050,1595,1595,4,magari,magari,magari,ADV,_
1595-4,TO050,1595,1595,5,(te),te,te,PRON,_
1595-5,TO050,1595,1595,6,ne,ne,ne,PRON,_
1595-6,TO050,1595,1595,7,rimane,rimane,rimanere,VERB,_
1595-7,TO050,1595,1595,8,uno,uno,uno,DET,_
1595-8,TO050,1595,1595,9,due,due,due,NUM,_
1595-9,TO050,1595,1595,10,tre,tre,tre,NUM,_
1595-10,TO050,1595,1595,11,(meno),meno,meno,ADV,_
1595-11,TO050,1595,1595,12,ne,ne,ne,PRON,_
1595-12,TO050,1595,1595,13,pubbli[chi,pubblichi,pubblicare,VERB,_
1595-13,TO050,1595,1595,14,xx,x,x,X,_
1595-14,TO050,1595,1595,15,xx,x,x,X,_
1595-15,TO050,1595,1595,16,"xx],",xx,x,X,Intonation=weakly_rising
1596-0,TO048,1596,1596,1,[(ma),ma,ma,CCONJ,_
1596-1,TO048,1596,1596,2,tra,tra,tra,ADP,_
1596-2,TO048,1596,1596,3,l',l',il,DET,Truncated=Yes
1596-3,TO048,1596,1596,4,altro,altro,altro,PRON,_
1596-4,TO048,1596,1596,5,lei,lei,lei,PRON,_
1596-5,TO048,1596,1596,6,sta,sta,stare,AUX,_
1596-6,TO048,1596,1596,7,ricevendo,ricevendo,ricevere,VERB,_
1596-7,TO048,1596,1596,8,proposte,proposte,proposta,NOUN,_
1596-8,TO048,1596,1596,9,edito]riali,editoriali,editoriale,ADJ,_
1596-9,TO048,1596,1596,10,di,di,di,ADP,_
1596-10,TO048,1596,1596,11,poesia,poesia,poesia,NOUN,_
1596-11,TO048,1596,1596,12,che,che,che,PRON,_
1596-12,TO048,1596,1596,13,sta,sta,stare,AUX,_
1596-13,TO048,1596,1596,14,rifiutando.,rifiutando,rifiutare,VERB,Intonation=falling
1597-0,TO048,1597,1597,1,perché,perché,perché,SCONJ,_
1597-1,TO048,1597,1597,2,non,non,non,ADV,_
1597-2,TO048,1597,1597,3,ha,ha,avere,VERB,_
1597-3,TO048,1597,1597,4,non,non,non,ADV,_
1597-4,TO048,1597,1597,5,vuole,vuole,volere,AUX,_
1597-5,TO048,1597,1597,6,fare,fare,fare,VERB,_
1597-6,TO048,1597,1597,7,una,una,uno,DET,_
1597-7,TO048,1597,1597,8,collana,collana,collana,NOUN,_
1597-8,TO048,1597,1597,9,di,di,di,ADP,_
1597-9,TO048,1597,1597,10,poesie.,poesie,poesia,NOUN,Intonation=falling
1598-0,TO050,1598,1598,1,e,e,e,CCONJ,_
1598-1,TO050,1598,1598,2,allora,allora,allora,ADV,_
1598-2,TO050,1598,1598,3,fa,fa,fare,VERB,_
1598-3,TO050,1598,1598,4,bene,bene,bene,ADV,_
1598-4,TO050,1598,1598,5,a,a,a,ADP,_
1598-5,TO050,1598,1598,6,fare,fare,fare,VERB,_
1598-6,TO050,1598,1598,7,di,di,di,ADP,_
1598-7,TO050,1598,1598,8,per,per,per,ADP,_
1598-8,TO050,1598,1598,9,tematiche.,tematiche,tematica,NOUN,Intonation=falling
1599-0,TO050,1599,1599,1,però,però,però,ADV,_
1599-1,TO050,1599,1599,2,deve,deve,dovere,AUX,_
1599-2,TO050,1599,1599,3,rimanere,rimanere,rimanere,VERB,_
1599-3,TO050,1599,1599,4,coerente,coerente,coerente,ADJ,_
1599-4,TO050,1599,1599,5-6,sulle,sulle,_,_,_
1599-4a,_,_,1599,5,_,su,su,ADP,_
1599-4b,_,_,1599,6,_,le,il,DET,_
1599-5,TO050,1599,1599,7,tematiche.,tematiche,tematica,NOUN,Intonation=falling
1600-0,TO050,1600,1600,1,quindi,quindi,quindi,ADV,_
1600-1,TO050,1600,1600,2,ci,ci,ci,PRON,_
1600-2,TO050,1600,1600,3,sta.,sta,stare,VERB,Intonation=falling
1601-0,TO052,1601,1601,1,ah,ah,ah,INTJ,_
1601-1,TO052,1601,1601,2,beh,beh,beh,INTJ,_
1601-2,TO052,1601,1601,3,la,la,il,DET,_
1601-3,TO052,1601,1601,4,poesia:::,poesia,poesia,NOUN,_
1601-4,TO052,1601,1601,5,[è,è,essere,AUX,_
1601-5,TO052,1601,1601,6,{P},{P},_,_,_
1601-6,TO052,1601,1601,7,cioè,cioè,cioè,CCONJ,_
1601-7,TO052,1601,1601,8,i]n,in,in,ADP,_
1601-8,TO052,1601,1601,9,queste,queste,questo,DET,_
1601-9,TO052,1601,1601,10,condizioni,condizioni,condizione,NOUN,_
1601-10,TO052,1601,1601,11,in,in,in,ADP,_
1601-11,TO052,1601,1601,12,cui,cui,cui,PRON,_
1601-12,TO052,1601,1601,13,"è,",è,essere,VERB,Intonation=weakly_rising
1602-0,TO050,1602,1602,1,[secondo,secondo,secondo,ADP,_
1602-1,TO050,1602,1602,2,me,me,me,PRON,_
1602-2,TO050,1602,1602,3,ci,ci,ci,PRON,_
1602-3,TO050,1602,1602,4,sta].,sta,stare,VERB,Intonation=falling
1603-0,TO052,1603,1603,1,si,si,si,PRON,_
1603-1,TO052,1603,1603,2,indebita,indebita,indebitare,VERB,_
1603-2,TO052,1603,1603,3,ancora,ancora,ancora,ADV,_
1603-3,TO052,1603,1603,4,cioè,cioè,cioè,CCONJ,_
1603-4,TO052,1603,1603,5,si,si,si,PRON,_
1603-5,TO052,1603,1603,6,"si::,",si,si,PRON,Intonation=weakly_rising
1604-0,TO048,1604,1604,1,no:,no,no,ADV,_
1604-1,TO048,1604,1604,2,a,a,a,ADP,_
1604-2,TO048,1604,1604,3,parte,parte,parte,NOUN,_
1604-3,TO048,1604,1604,4,che,che,che,SCONJ,_
1604-4,TO048,1604,1604,5,ci~,ci~,ci~,X,Interrupted=Yes
1604-5,TO048,1604,1604,6,c',c',ci,PRON,Truncated=Yes
1604-6,TO048,1604,1604,7,è::,è,essere,VERB,_
1604-7,TO048,1604,1604,8,[miraggi,miraggi,miraggio,NOUN,_
1604-8,TO048,1604,1604,9,che,che,che,PRON,_
1604-9,TO048,1604,1604,10,"f]a::,",fa,fare,VERB,Intonation=weakly_rising
1605-0,TO052,1605,1605,1,[xxx],x,x,X,_
1606-0,TO050,1606,1606,1,xx[xx],x,x,X,_
1607-0,TO048,1607,1607,1,[che,che,che,PRON,_
1607-1,TO048,1607,1607,2,fa,fa,fare,VERB,_
1607-2,TO048,1607,1607,3,poe]sie.,poesie,poesia,NOUN,Intonation=falling
1608-0,TO050,1608,1608,1,storia,storia,storia,NOUN,_
1608-1,TO050,1608,1608,2-3,della,della,_,_,_
1608-1a,_,_,1608,2,_,di,di,ADP,_
1608-1b,_,_,1608,3,_,la,il,DET,_
1608-2,TO050,1608,1608,4,filosofia,filosofia,filosofia,NOUN,_
1608-3,TO050,1608,1608,5,a,a,a,ADP,_
1608-4,TO050,1608,1608,6,sonetti,sonetti,sonetto,NOUN,_
1608-5,TO050,1608,1608,7,"è:::,",è,essere,AUX,Intonation=weakly_rising
1609-0,TO050,1609,1609,1,è,è,essere,AUX,_
1609-1,TO050,1609,1609,2,diverso.,diverso,diverso,ADJ,Intonation=falling
1610-0,TO048,1610,1610,1,e,e,e,CCONJ,_
1610-1,TO048,1610,1610,2,infatti,infatti,infatti,ADV,_
1610-2,TO048,1610,1610,3,francesco,francesco,Francesco,PROPN,_
1610-3,TO048,1610,1610,4,deiana,deiana,Deiana,PROPN,_
1610-4,TO048,1610,1610,5,ha,ha,avere,AUX,_
1610-5,TO048,1610,1610,6,pubblicato,pubblicato,pubblicare,VERB,_
1610-6,TO048,1610,1610,7,con,con,con,ADP,_
1610-7,TO048,1610,1610,8,miraggi,miraggi,miraggio,NOUN,_
1610-8,TO048,1610,1610,9,perché,perché,perché,SCONJ,_
1610-9,TO048,1610,1610,10,ha,ha,avere,AUX,_
1610-10,TO048,1610,1610,11,fatto,fatto,fare,VERB,_
1610-11,TO048,1610,1610,12,una,una,uno,DET,_
1610-12,TO048,1610,1610,13,"colla[na],",collana,collana,NOUN,Intonation=weakly_rising
1611-0,TO052,1611,1611,1,[m]a,ma,ma,CCONJ,_
1611-1,TO052,1611,1611,2,in,in,in,ADP,_
1611-2,TO052,1611,1611,3,realtà,realtà,realtà,NOUN,_
1611-3,TO052,1611,1611,4,miraggi,miraggi,miraggio,NOUN,_
1611-4,TO052,1611,1611,5,mi,mi,mi,PRON,_
1611-5,TO052,1611,1611,6,dicevate,dicevate,dire,VERB,_
1611-6,TO052,1611,1611,7,che,che,che,SCONJ,_
1611-7,TO052,1611,1611,8,però,però,però,ADV,_
1611-8,TO052,1611,1611,9,pubblica,pubblica,pubblicare,VERB,_
1611-9,TO052,1611,1611,10,poesia,poesia,poesia,NOUN,_
1611-10,TO052,1611,1611,11-12,"all[a:::],",alla,_,_,Intonation=weakly_rising
1611-10a,_,_,1611,11,_,a,a,ADP,_
1611-10b,_,_,1611,12,_,la,il,DET,_
1612-0,TO048,1612,1612,1,[simone,simone,Simone,PROPN,_
1612-1,TO048,1612,1612,2,ca]rta.,carta,Carta,PROPN,Intonation=falling
1613-0,TO052,1613,1613,1,non,non,non,ADV,_
1613-1,TO052,1613,1613,2,so,so,sapere,VERB,_
1613-2,TO052,1613,1613,3,chi,chi,chi,PRON,_
1613-3,TO052,1613,1613,4,è,è,essere,VERB,_
1613-4,TO052,1613,1613,5,simone,simone,Simone,PROPN,_
1613-5,TO052,1613,1613,6,[carta].,carta,Carta,PROPN,Intonation=falling
1614-0,TO048,1614,1614,1,[appun]to.,appunto,appunto,ADV,Intonation=falling
1615-0,TO052,1615,1615,1,quelle,quelle,quello,DET,_
1615-1,TO052,1615,1615,2,cose::,cose,cosa,NOUN,_
1615-2,TO052,1615,1615,3,{P},{P},_,_,_
1615-3,TO052,1615,1615,4,quella,quella,quello,DET,_
1615-4,TO052,1615,1615,5,quella:,quella,quello,DET,_
1615-5,TO052,1615,1615,6,poesia:,poesia,poesia,NOUN,_
1615-6,TO052,1615,1615,7,[da,da,da,ADP,_
1615-7,TO052,1615,1615,8,facebook],facebook,facebook,NOUN,_
1615-8,TO052,1615,1615,9,no?,no,no,ADV,Intonation=rising
1616-0,TO048,1616,1616,1,[da,da,da,ADP,_
1616-1,TO048,1616,1616,2,facebook].,facebook,facebook,NOUN,Intonation=falling
1617-0,TO048,1617,1617,1,esattamente.,esattamente,esattamente,ADV,Intonation=falling
1618-0,TO052,1618,1618,1,jonh,jonh,John,PROPN,_
1618-1,TO052,1618,1618,2,doe,doe,Doe,PROPN,_
1618-2,TO052,1618,1618,3,come,come,come,SCONJ,_
1618-3,TO052,1618,1618,4,si,si,si,PRON,_
1618-4,TO052,1618,1618,5,chiama,chiama,chiamare,VERB,_
1618-5,TO052,1618,1618,6,°quello?,quello,quello,PRON,Intonation=rising|Volume=low
1618-6,TO052,1618,1618,7,"[john,°]",john,John,PROPN,Intonation=weakly_rising|Volume=low
1619-0,TO048,1619,1619,1,[eh,eh,eh,INTJ,_
1619-1,TO048,1619,1619,2,joe,joe,Joe,PROPN,_
1619-2,TO048,1619,1619,3,e]van.,evan,Evan,PROPN,Intonation=falling
1620-0,TO052,1620,1620,1,quelle,quelle,quello,DET,_
1620-1,TO052,1620,1620,2,cose,cose,cosa,NOUN,_
1620-2,TO052,1620,1620,3,"così,",così,così,ADV,Intonation=weakly_rising
1621-0,TO048,1621,1621,1,che,che,che,PRON,_
1621-1,TO048,1621,1621,2,sono,sono,essere,AUX,_
1621-2,TO048,1621,1621,3,i,i,il,DET,_
1621-3,TO048,1621,1621,4,guido,guido,Guido,PROPN,_
1621-4,TO048,1621,1621,5,gozzano::,gozzano,Gozzano,PROPN,_
1621-5,TO048,1621,1621,6,x,x,x,X,_
1621-6,TO048,1621,1621,7,x,x,x,X,_
1621-7,TO048,1621,1621,8,{ride},{ride},_,_,_
1622-0,TO048,1622,1622,1,i,i,il,DET,_
1622-1,TO048,1622,1622,2,guido,guido,Guido,PROPN,_
1622-2,TO048,1622,1622,3,catala:no:,catalano,Catalano,PROPN,_
1622-3,TO048,1622,1622,4,malri[usciti.,malriusciti,malriuscito,ADJ,Intonation=falling
1622-4,TO048,1622,1622,5,{ride},{ride},_,_,_
1622-5,TO048,1622,1622,6,"infatti],",infatti,infatti,ADV,Intonation=weakly_rising
1623-0,TO052,1623,1623,1,[non,non,non,ADV,_
1623-1,TO052,1623,1623,2,avete,avete,avere,VERB,_
1623-2,TO052,1623,1623,3,xx,x,x,X,_
1623-3,TO052,1623,1623,4,goz]zano,gozzano,Gozzano,PROPN,_
1623-4,TO052,1623,1623,5,x[x,x,x,X,_
1623-5,TO052,1623,1623,6,ma,ma,ma,CCONJ,_
1623-6,TO052,1623,1623,7,in,in,in,ADP,_
1623-7,TO052,1623,1623,8,che,che,che,DET,_
1623-8,TO052,1623,1623,9,senso]?,senso,senso,NOUN,Intonation=rising
1624-0,TO048,1624,1624,1,[pure,pure,pure,ADV,_
1624-1,TO048,1624,1624,2,io,io,io,PRON,_
1624-2,TO048,1624,1624,3,mi,mi,mi,PRON,_
1624-3,TO048,1624,1624,4,sono,sono,essere,AUX,_
1624-4,TO048,1624,1624,5,autodata,autodata,autodare,VERB,_
1624-5,TO048,1624,1624,6,un,un,uno,DET,_
1624-6,TO048,1624,1624,7,colpo].,colpo,colpo,NOUN,Intonation=falling
1625-0,TO048,1625,1625,1,sono,sono,essere,AUX,_
1625-1,TO048,1625,1625,2,i,i,il,DET,_
1625-2,TO048,1625,1625,3,guido,guido,Guido,PROPN,_
1625-3,TO048,1625,1625,4,catalano::,catalano,Catalano,PROPN,_
1625-4,TO048,1625,1625,5,malriusciti.,malriusciti,malriuscito,ADJ,Intonation=falling
1626-0,TO052,1626,1626,1,ma,ma,ma,CCONJ,_
1626-1,TO052,1626,1626,2,chi,chi,chi,PRON,_
1626-2,TO052,1626,1626,3,è,è,essere,AUX,_
1626-3,TO052,1626,1626,4,guido,guido,Guido,PROPN,_
1626-4,TO052,1626,1626,5,catalano?,catalano,Catalano,PROPN,Intonation=rising
1627-0,TO052,1627,1627,1,un,un,uno,DET,_
1627-1,TO052,1627,1627,2,altro,altro,altro,PRON,_
1627-2,TO052,1627,1627,3,ch[e,che,che,PRON,_
1627-3,TO052,1627,1627,4,è,è,essere,AUX,_
1627-4,TO052,1627,1627,5,stato,stato,essere,AUX,_
1627-5,TO052,1627,1627,6,°xxx.°],xxx,x,X,Intonation=falling|Volume=low
1628-0,TO048,1628,1628,1,[un,un,uno,DET,_
1628-1,TO048,1628,1628,2,poeta::,poeta,poeta,NOUN,_
1628-2,TO048,1628,1628,3,ca]pofila,capofila,capofila,NOUN,_
1628-3,TO048,1628,1628,4,di,di,di,ADP,_
1628-4,TO048,1628,1628,5,questa,questa,questo,DET,_
1628-5,TO048,1628,1628,6,cosa.,cosa,cosa,NOUN,Intonation=falling
1629-0,TO048,1629,1629,1,°torinese,torinese,torinese,ADJ,Volume=low
1629-1,TO048,1629,1629,2,"però:,°",però,però,ADV,Intonation=weakly_rising|Volume=low
1630-0,TO052,1630,1630,1,a:h,ah,ah,INTJ,_
1630-1,TO052,1630,1630,2,okay,okay,okay,INTJ,_
1630-2,TO052,1630,1630,3,quello,quello,quello,PRON,_
1630-3,TO052,1630,1630,4,c~,c~,c~,X,Interrupted=Yes
1630-4,TO052,1630,1630,5,su,su,su,ADP,_
1630-5,TO052,1630,1630,6,cui,cui,cui,PRON,_
1630-6,TO052,1630,1630,7,abbiamo,abbiamo,avere,AUX,_
1630-7,TO052,1630,1630,8,avuto,avuto,avere,VERB,_
1630-8,TO052,1630,1630,9,una,una,uno,DET,_
1630-9,TO052,1630,1630,10,discussione,discussione,discussione,NOUN,_
1630-10,TO052,1630,1630,11,con,con,con,ADP,_
1630-11,TO052,1630,1630,12,caterina,caterina,Caterina,PROPN,_
1630-12,TO052,1630,1630,13,perché,perché,perché,SCONJ,_
1630-13,TO052,1630,1630,14,mi,mi,mi,PRON,_
1630-14,TO052,1630,1630,15,di[ceva,diceva,dire,VERB,_
1630-15,TO052,1630,1630,16,che,che,che,SCONJ,_
1630-16,TO052,1630,1630,17,{P},{P},_,_,_
1630-17,TO052,1630,1630,18,che,che,che,SCONJ,_
1630-18,TO052,1630,1630,19,le~,le~,le~,X,Interrupted=Yes
1630-19,TO052,1630,1630,20,che,che,che,PRON,_
1630-20,TO052,1630,1630,21,l]ei,lei,lei,PRON,_
1630-21,TO052,1630,1630,22,che,che,che,PRON,_
1630-22,TO052,1630,1630,23,lei,lei,lei,PRON,_
1630-23,TO052,1630,1630,24,in,in,in,ADP,_
1630-24,TO052,1630,1630,25,realtà:::,realtà,realtà,NOUN,_
1630-25,TO052,1630,1630,26,lo,lo,lo,PRON,_
1630-26,TO052,1630,1630,27,apprezza,apprezza,apprezzare,VERB,_
1630-27,TO052,1630,1630,28,"e,",e,e,CCONJ,Intonation=weakly_rising
1631-0,TO050,1631,1631,1,[ah,ah,ah,INTJ,_
1631-1,TO050,1631,1631,2,sì,sì,sì,ADV,_
1631-2,TO050,1631,1631,3,quello,quello,quello,PRON,_
1631-3,TO050,1631,1631,4-5,delle,delle,_,_,_
1631-3a,_,_,1631,4,_,di,di,ADP,_
1631-3b,_,_,1631,5,_,le,il,DET,_
1631-4,TO050,1631,1631,6,xxx].,xxx,xxx,X,Intonation=falling
1632-0,TO052,1632,1632,1,°io,io,io,PRON,Volume=low
1632-1,TO052,1632,1632,2,l',l',lo,PRON,Truncated=Yes|Volume=low
1632-2,TO052,1632,1632,3,ho,ho,avere,AUX,Volume=low
1632-3,TO052,1632,1632,4,trovato,trovato,trovare,VERB,Volume=low
1632-4,TO052,1632,1632,5,pessimo.°,pessimo,pessimo,ADJ,Intonation=falling|Volume=low
1633-0,TO050,1633,1633,1,°secondo,secondo,secondo,ADP,Volume=low
1633-1,TO050,1633,1633,2,me,me,me,PRON,Volume=low
1633-2,TO050,1633,1633,3,lo,lo,lo,PRON,Volume=low
1633-3,TO050,1633,1633,4,apprezzi,apprezzi,apprezzare,VERB,Volume=low
1633-4,TO050,1633,1633,5,quando,quando,quando,SCONJ,Volume=low
1633-5,TO050,1633,1633,6,l',l',il,PRON,Truncated=Yes|Volume=low
1633-6,TO050,1633,1633,7,hai,hai,avere,AUX,Volume=low
1633-7,TO050,1633,1633,8,letto,letto,leggere,VERB,Volume=low
1633-8,TO050,1633,1633,9,una,una,uno,DET,Volume=low
1633-9,TO050,1633,1633,10,due,due,due,NUM,Volume=low
1633-10,TO050,1633,1633,11,tre,tre,tre,NUM,Volume=low
1633-11,TO050,1633,1633,12,(poi,poi,poi,ADV,Volume=low
1633-12,TO050,1633,1633,13,basta).°,basta,bastare,VERB,Intonation=falling|Volume=low
1634-0,TO048,1634,1634,1,sì,sì,sì,ADV,_
1634-1,TO048,1634,1634,2,ha,ha,avere,VERB,_
1634-2,TO048,1634,1634,3-4,de[lle,delle,_,_,_
1634-2a,_,_,1634,3,_,di,di,ADP,_
1634-2b,_,_,1634,4,_,le,il,DET,_
1634-3,TO048,1634,1634,5,idee,idee,idea,NOUN,_
1634-4,TO048,1634,1634,6,genia]li,geniali,geniale,ADJ,_
1634-5,TO048,1634,1634,7,però,però,però,ADV,_
1634-6,TO048,1634,1634,8,poi,poi,poi,ADV,_
1634-7,TO048,1634,1634,9-10,farlo,farlo,_,_,_
1634-7a,_,_,1634,9,_,far,fare,VERB,_
1634-7b,_,_,1634,10,_,lo,lo,PRON,_
1634-8,TO048,1634,1634,11,diventare,diventare,diventare,VERB,_
1634-9,TO048,1634,1634,12,{P},{P},_,_,_
1634-10,TO048,1634,1634,13,<un,un,uno,DET,_
1634-11,TO048,1634,1634,14,poeta>,poeta,poeta,NOUN,_
1634-12,TO048,1634,1634,15,punto,punto,punto,NOUN,_
1634-13,TO048,1634,1634,16,di,di,di,ADP,_
1634-14,TO048,1634,1634,17,"rifermento,",rifermento,rifermento,NOUN,Intonation=weakly_rising
1635-0,TO050,1635,1635,1,[xxx],x,x,X,_
1636-0,TO050,1636,1636,1,°è,è,essere,AUX,Volume=low
1636-1,TO050,1636,1636,2,assurdo.°,assurdo,assurdo,ADJ,Intonation=falling|Volume=low
1637-0,TO048,1637,1637,1,no,no,no,ADV,_
1637-1,TO048,1637,1637,2,perché,perché,perché,SCONJ,_
1637-2,TO048,1637,1637,3,secondo,secondo,secondo,ADP,_
1637-3,TO048,1637,1637,4,me,me,me,PRON,_
1637-4,TO048,1637,1637,5,se,se,se,SCONJ,_
1637-5,TO048,1637,1637,6,io,io,io,PRON,_
1637-6,TO048,1637,1637,7,dovessi,dovessi,dovere,AUX,_
1637-7,TO048,1637,1637,8,poi,poi,poi,ADV,_
1637-8,TO048,1637,1637,9,impiantare,impiantare,impiantare,VERB,_
1637-9,TO048,1637,1637,10,una,una,uno,DET,_
1637-10,TO048,1637,1637,11,"critica,",critica,critica,NOUN,Intonation=weakly_rising
1638-0,TO048,1638,1638,1,su,su,su,ADP,_
1638-1,TO048,1638,1638,2,questo,questo,questo,DET,_
1638-2,TO048,1638,1638,3,genere,genere,genere,NOUN,_
1638-3,TO048,1638,1638,4,di,di,di,ADP,_
1638-4,TO048,1638,1638,5,"poetica,",poetica,poetica,NOUN,Intonation=weakly_rising
1639-0,TO048,1639,1639,1,cioè,cioè,cioè,CCONJ,_
1639-1,TO048,1639,1639,2,sareste,sareste,essere,AUX,_
1639-2,TO048,1639,1639,3,tutti,tutti,tutto,DET,_
1639-3,TO048,1639,1639,4,disoccupati,disoccupati,disoccupato,ADJ,_
1639-4,TO048,1639,1639,5,se,se,se,SCONJ,_
1639-5,TO048,1639,1639,6,già,già,già,ADV,_
1639-6,TO048,1639,1639,7,non,non,non,ADV,_
1639-7,TO048,1639,1639,8,lo,lo,lo,PRON,_
1639-8,TO048,1639,1639,9,siete,siete,essere,AUX,_
1639-9,TO048,1639,1639,10,(voglio,voglio,volere,AUX,_
1639-10,TO048,1639,1639,11,dire),dire,dire,VERB,_
1639-11,TO048,1639,1639,12,perché,perché,perché,SCONJ,_
1639-12,TO048,1639,1639,13,non,non,non,ADV,_
1639-13,TO048,1639,1639,14,ci,ci,ci,PRON,_
1639-14,TO048,1639,1639,15,sarebbe,sarebbe,essere,VERB,_
1639-15,TO048,1639,1639,16,secondo,secondo,secondo,ADP,_
1639-16,TO048,1639,1639,17,me,me,me,PRON,_
1639-17,TO048,1639,1639,18,veramente,veramente,veramente,ADV,_
1639-18,TO048,1639,1639,19,"niente,",niente,niente,PRON,Intonation=weakly_rising
1640-0,TO048,1640,1640,1,di,di,di,ADP,_
1640-1,TO048,1640,1640,2,"trop[po::],",troppo,troppo,ADV,Intonation=weakly_rising
1641-0,TO050,1641,1641,1,[°un,un,uno,DET,Volume=low
1641-1,TO050,1641,1641,2,buon,buon,buono,ADJ,Volume=low
1641-2,TO050,1641,1641,3,lavo]ro,lavoro,lavoro,NOUN,Volume=low
1641-3,TO050,1641,1641,4,insomma,insomma,insomma,ADV,Volume=low
1641-4,TO050,1641,1641,5,xxx.,xxx,x,X,Intonation=falling|Volume=low
1641-5,TO050,1641,1641,6,{ride}°,{ride},_,_,Volume=low
1642-0,TO048,1642,1642,1,cioè,cioè,cioè,CCONJ,_
1642-1,TO048,1642,1642,2,non,non,non,ADV,_
1642-2,TO048,1642,1642,3,lo,lo,lo,PRON,_
1642-3,TO048,1642,1642,4,so,so,sapere,VERB,_
1642-4,TO048,1642,1642,5,veramente,veramente,veramente,ADV,_
1642-5,TO048,1642,1642,6,non,non,non,ADV,_
1642-6,TO048,1642,1642,7,capisco,capisco,capire,VERB,_
1642-7,TO048,1642,1642,8,proprio,proprio,proprio,ADV,_
1642-8,TO048,1642,1642,9,la,la,il,DET,_
1642-9,TO048,1642,1642,10,mh,mh,mh,INTJ,_
1642-10,TO048,1642,1642,11,secondo,secondo,secondo,ADP,_
1642-11,TO048,1642,1642,12,me,me,me,PRON,_
1642-12,TO048,1642,1642,13,c',c',ci,PRON,Truncated=Yes
1642-13,TO048,1642,1642,14,è,è,essere,VERB,_
1642-14,TO048,1642,1642,15,una,una,uno,DET,_
1642-15,TO048,1642,1642,16,vuotezza,vuotezza,vuotezza,NOUN,_
1642-16,TO048,1642,1642,17,di,di,di,ADP,_
1642-17,TO048,1642,1642,18,contenuti,contenuti,contenuto,NOUN,_
1642-18,TO048,1642,1642,19,che,che,che,PRON,_
1642-19,TO048,1642,1642,20,anche,anche,anche,ADV,_
1642-20,TO048,1642,1642,21,a,a,a,ADP,_
1642-21,TO048,1642,1642,22,livello,livello,livello,NOUN,_
1642-22,TO048,1642,1642,23,teorico,teorico,teorico,ADJ,_
1642-23,TO048,1642,1642,24,sarebbe,sarebbe,essere,AUX,_
1642-24,TO048,1642,1642,25,evidente.,evidente,evidente,ADJ,Intonation=falling
1643-0,TO048,1643,1643,1,però,però,però,ADV,_
1643-1,TO048,1643,1643,2,"boh,",boh,boh,INTJ,Intonation=weakly_rising
1644-0,TO048,1644,1644,1,io,io,io,PRON,_
1644-1,TO048,1644,1644,2,lo,lo,lo,PRON,_
1644-2,TO048,1644,1644,3,leggo,leggo,leggere,VERB,_
1644-3,TO048,1644,1644,4,sono,sono,essere,VERB,_
1644-4,TO048,1644,1644,5,su,su,su,ADP,_
1644-5,TO048,1644,1644,6,facebook,facebook,facebook,NOUN,_
1644-6,TO048,1644,1644,7,davvero,davvero,davvero,ADV,_
1644-7,TO048,1644,1644,8,ma,ma,ma,CCONJ,_
1644-8,TO048,1644,1644,9,il,il,il,DET,_
1644-9,TO048,1644,1644,10,fatto,fatto,fatto,NOUN,_
1644-10,TO048,1644,1644,11,che,che,che,SCONJ,_
1644-11,TO048,1644,1644,12,io,io,io,PRON,_
1644-12,TO048,1644,1644,13,le,le,le,PRON,_
1644-13,TO048,1644,1644,14,legga,legga,leggere,VERB,_
1644-14,TO048,1644,1644,15,su,su,su,ADP,_
1644-15,TO048,1644,1644,16,facebook,facebook,facebook,NOUN,_
1644-16,TO048,1644,1644,17,la,la,la,PRON,_
1644-17,TO048,1644,1644,18,dice,dice,dire,VERB,_
1644-18,TO048,1644,1644,19,lunga,lunga,lungo,ADJ,_
1644-19,TO048,1644,1644,20,su,su,su,ADP,_
1644-20,TO048,1644,1644,21,che,che,che,SCONJ,_
1644-21,TO048,1644,1644,22,genere,genere,genere,VERB,_
1644-22,TO048,1644,1644,23,{P},{P},_,_,_
1644-23,TO048,1644,1644,24,cioè,cioè,cioè,CCONJ,_
1644-24,TO048,1644,1644,25,non,non,non,ADV,_
1644-25,TO048,1644,1644,26,per,per,per,ADP,_
1644-26,TO048,1644,1644,27,{P},{P},_,_,_
1644-27,TO048,1644,1644,28,bistrattare,bistrattare,bistrattare,VERB,_
1644-28,TO048,1644,1644,29,facebook,facebook,facebook,NOUN,_
1644-29,TO048,1644,1644,30,è,è,essere,AUX,_
1644-30,TO048,1644,1644,31,carino,carino,carino,ADJ,_
1644-31,TO048,1644,1644,32,che,che,che,SCONJ,_
1644-32,TO048,1644,1644,33,forse,forse,forse,ADV,_
1644-33,TO048,1644,1644,34,l',l',il,DET,Truncated=Yes
1644-34,TO048,1644,1644,35,idea,idea,idea,NOUN,_
1644-35,TO048,1644,1644,36,di,di,di,ADP,_
1644-36,TO048,1644,1644,37,fare,fare,fare,VERB,_
1644-37,TO048,1644,1644,38,la,la,il,DET,_
1644-38,TO048,1644,1644,39,poesia,poesia,poesia,NOUN,_
1644-39,TO048,1644,1644,40,"pop,",pop,pop,NOUN,Intonation=weakly_rising
1645-0,TO048,1645,1645,1,però,però,però,ADV,_
1645-1,TO048,1645,1645,2,davvero,davvero,davvero,ADV,_
1645-2,TO048,1645,1645,3,{P},{P},_,_,_
1645-3,TO048,1645,1645,4,se,se,se,SCONJ,_
1645-4,TO048,1645,1645,5,pop,pop,pop,NOUN,_
1645-5,TO048,1645,1645,6,"significa,",significa,significare,VERB,Intonation=weakly_rising
1646-0,TO052,1646,1646,1,ban[ale].,banale,banale,ADJ,Intonation=falling
1647-0,TO048,1647,1647,1,[<co]mpletamente,completamente,completamente,ADV,_
1647-1,TO048,1647,1647,2,banale>,banale,banale,ADJ,_
1647-2,TO048,1647,1647,3,senza,senza,senza,ADP,_
1647-3,TO048,1647,1647,4,il,il,il,DET,_
1647-4,TO048,1647,1647,5,minimo,minimo,minimo,NOUN,_
1647-5,TO048,1647,1647,6,"di,",di,di,ADP,Intonation=weakly_rising
1648-0,TO048,1648,1648,1,ricercatezza,ricercatezza,ricercatezza,NOUN,_
1648-1,TO048,1648,1648,2,né,né,né,CCONJ,_
1648-2,TO048,1648,1648,3,formale,formale,formale,ADJ,_
1648-3,TO048,1648,1648,4,né,né,né,CCONJ,_
1648-4,TO048,1648,1648,5,cont[enutistico,contenutistico,contenutistico,ADJ,_
1648-5,TO048,1648,1648,6,che,che,che,PRON,_
1648-6,TO048,1648,1648,7,"disting]uono,",distinguono,distinguere,VERB,Intonation=weakly_rising
1649-0,TO050,1649,1649,1,[esatto,esatto,esatto,ADJ,_
1649-1,TO050,1649,1649,2,assolutamente].,assolutamente,assolutamente,ADV,Intonation=falling
1650-0,TO050,1650,1650,1,cioè,cioè,cioè,CCONJ,_
1650-1,TO050,1650,1650,2,[un,un,uno,DET,_
1650-2,TO050,1650,1650,3,conto,conto,conto,NOUN,_
1650-3,TO050,1650,1650,4,è,è,essere,AUX,_
1650-4,TO050,1650,1650,5,fare,fare,fare,VERB,_
1650-5,TO050,1650,1650,6,{P},{P},_,_,_
1650-6,TO050,1650,1650,7-8,(della),della,_,_,_
1650-6a,_,_,1650,7,_,di,di,ADP,_
1650-6b,_,_,1650,8,_,la,il,DET,_
1650-7,TO050,1650,1650,9,ricercatezza,ricercatezza,ricercatezza,NOUN,_
1650-8,TO050,1650,1650,10,in]formale,informale,informale,ADJ,_
1650-9,TO050,1650,1650,11,quindi,quindi,quindi,ADV,_
1650-10,TO050,1650,1650,12,"banalmente,",banalmente,banalmente,ADV,Intonation=weakly_rising
1651-0,TO048,1651,1651,1,[la~,la~,la~,X,Interrupted=Yes
1651-1,TO048,1651,1651,2,il,il,il,DET,_
1651-2,TO048,1651,1651,3,mio,mio,mio,DET,_
1651-3,TO048,1651,1651,4,status,status,status,NOUN,_
1651-4,TO048,1651,1651,5,di,di,di,ADP,_
1651-5,TO048,1651,1651,6,facebook,facebook,facebook,NOUN,_
1651-6,TO048,1651,1651,7,"è],",è,essere,AUX,Intonation=weakly_rising
1652-0,TO048,1652,1652,1,sì.,sì,sì,ADV,Intonation=falling
1653-0,TO050,1653,1653,1,[xxxxx],x,x,X,_
1654-0,TO048,1654,1654,1,[ah,ah,ah,INTJ,_
1654-1,TO048,1654,1654,2,ce,ce,ce,PRON,_
1654-2,TO048,1654,1654,3,n',n',ne,PRON,Truncated=Yes
1654-3,TO048,1654,1654,4,è,è,essere,VERB,_
1654-4,TO048,1654,1654,5,un,un,uno,DET,_
1654-5,TO048,1654,1654,6,altro,altro,altro,PRON,_
1654-6,TO048,1654,1654,7,di,di,di,ADP,_
1654-7,TO048,1654,1654,8,questi,questi,questo,PRON,_
1654-8,TO048,1654,1654,9,che,che,che,PRON,_
1654-9,TO048,1654,1654,10,si,si,si,PRON,_
1654-10,TO048,1654,1654,11,chiama,chiama,chiamare,VERB,_
1654-11,TO048,1654,1654,12,gianluca,gianluca,Gianluca,PROPN,_
1654-12,TO048,1654,1654,13,q]ualcosa.,qualcosa,qualcosa,PRON,Intonation=falling
1655-0,TO048,1655,1655,1,che,che,che,PRON,_
1655-1,TO048,1655,1655,2,scrive,scrive,scrivere,VERB,_
1655-2,TO048,1655,1655,3-4,delle,delle,_,_,_
1655-2a,_,_,1655,3,_,di,di,ADP,_
1655-2b,_,_,1655,4,_,le,il,DET,_
1655-3,TO048,1655,1655,5,frasette,frasette,frasetta,NOUN,_
1655-4,TO048,1655,1655,6,piccolissime,piccolissime,piccolo,ADJ,_
1655-5,TO048,1655,1655,7,e,e,e,CCONJ,_
1655-6,TO048,1655,1655,8,poi,poi,poi,ADV,_
1655-7,TO048,1655,1655,9,si,si,si,PRON,_
1655-8,TO048,1655,1655,10,firma,firma,firmare,VERB,_
1655-9,TO048,1655,1655,11,gianluca,gianluca,Gianluca,PROPN,_
1655-10,TO048,1655,1655,12,blablabla.,blablabla,blablabla,NOUN,Intonation=falling
1656-0,TO048,1656,1656,1,allora,allora,allora,ADV,_
1656-1,TO048,1656,1656,2,"livia,",livia,Livia,PROPN,Intonation=weakly_rising
1656-2,TO048,1656,1656,3,>ero,ero,essere,AUX,_
1656-3,TO048,1656,1656,4,con,con,con,ADP,_
1656-4,TO048,1656,1656,5,livia,livia,Livia,PROPN,_
1656-5,TO048,1656,1656,6,e,e,e,CCONJ,_
1656-6,TO048,1656,1656,7,maura,maura,Maura,PROPN,_
1656-7,TO048,1656,1656,8,quando,quando,quando,SCONJ,_
1656-8,TO048,1656,1656,9,lo,lo,lo,PRON,_
1656-9,TO048,1656,1656,10,leggevamo,leggevamo,leggere,VERB,_
1656-10,TO048,1656,1656,11,non,non,non,ADV,_
1656-11,TO048,1656,1656,12,mi,mi,mi,PRON,_
1656-12,TO048,1656,1656,13,ricordo,ricordo,ricordare,VERB,_
1656-13,TO048,1656,1656,14,il,il,il,DET,_
1656-14,TO048,1656,1656,15,cognome<.,cognome,cognome,NOUN,Intonation=falling
1657-0,TO048,1657,1657,1,ma,ma,ma,CCONJ,_
1657-1,TO048,1657,1657,2,è,è,essere,AUX,_
1657-2,TO048,1657,1657,3,un,un,uno,DET,_
1657-3,TO048,1657,1657,4,altro,altro,altro,PRON,_
1657-4,TO048,1657,1657,5,di,di,di,ADP,_
1657-5,TO048,1657,1657,6,questi,questi,questo,DET,_
1657-6,TO048,1657,1657,7,<pessimi>,pessimi,pessimo,ADJ,_
1657-7,TO048,1657,1657,8,proprio,proprio,proprio,ADV,_
1657-8,TO048,1657,1657,9,lo,lo,lo,PRON,_
1657-9,TO048,1657,1657,10,xxx,x,x,X,_
1657-10,TO048,1657,1657,11,ma,ma,ma,CCONJ,_
1657-11,TO048,1657,1657,12,frasi,frasi,frase,NOUN,_
1657-12,TO048,1657,1657,13,"tipo,",tipo,tipo,NOUN,Intonation=weakly_rising
1658-0,TO048,1658,1658,1,mi,mi,mi,PRON,_
1658-1,TO048,1658,1658,2,sono,sono,essere,AUX,_
1658-2,TO048,1658,1658,3,perso,perso,perdere,VERB,_
1658-3,TO048,1658,1658,4,o,o,o,CCONJ,_
1658-4,TO048,1658,1658,5,sono,sono,essere,AUX,_
1658-5,TO048,1658,1658,6,annegato,annegato,annegare,VERB,_
1658-6,TO048,1658,1658,7-8,nei,nei,_,_,_
1658-6a,_,_,1658,7,_,in,in,ADP,_
1658-6b,_,_,1658,8,_,i,il,DET,_
1658-7,TO048,1658,1658,9,tuoi,tuoi,tuo,DET,_
1658-8,TO048,1658,1658,10,occhi,occhi,occhio,NOUN,_
1658-9,TO048,1658,1658,11,profondi,profondi,profondo,ADJ,_
1658-10,TO048,1658,1658,12,come,come,come,ADP,_
1658-11,TO048,1658,1658,13,il,il,il,DET,_
1658-12,TO048,1658,1658,14,mare.,mare,mare,NOUN,Intonation=falling
1659-0,TO048,1659,1659,1,cioè,cioè,cioè,CCONJ,_
1659-1,TO048,1659,1659,2,quest~,quest~,quest~,X,Interrupted=Yes
1659-2,TO048,1659,1659,3,{P},{P},_,_,_
1659-3,TO048,1659,1659,4,l',l',il,DET,Truncated=Yes
1659-4,TO048,1659,1659,5,apice,apice,apice,NOUN,_
1659-5,TO048,1659,1659,6,proprio,proprio,proprio,ADV,_
1659-6,TO048,1659,1659,7-8,"della:,",della,_,_,Intonation=weakly_rising
1659-6a,_,_,1659,7,_,di,di,ADP,_
1659-6b,_,_,1659,8,_,la,il,DET,_
1660-0,TO048,1660,1660,1,e:h,eh,eh,INTJ,_
1660-1,TO048,1660,1660,2,e,e,e,CCONJ,_
1660-2,TO048,1660,1660,3,allora,allora,allora,ADV,_
1660-3,TO048,1660,1660,4,livia,livia,Livia,PROPN,_
1660-4,TO048,1660,1660,5,diceva,diceva,dire,VERB,_
1660-5,TO048,1660,1660,6,ma,ma,ma,CCONJ,_
1660-6,TO048,1660,1660,7,perché,perché,perché,SCONJ,_
1660-7,TO048,1660,1660,8,si,si,si,PRON,_
1660-8,TO048,1660,1660,9,firma?,firma,firmare,VERB,Intonation=rising
1661-0,TO048,1661,1661,1-2,sul,sul,_,_,_
1661-0a,_,_,1661,1,_,su,su,ADP,_
1661-0b,_,_,1661,2,_,il,il,DET,_
1661-1,TO048,1661,1661,3,suo,suo,suo,DET,_
1661-2,TO048,1661,1661,4,facebook?,facebook,facebook,NOUN,Intonation=rising
1662-0,TO048,1662,1662,1,e,e,e,CCONJ,_
1662-1,TO048,1662,1662,2,maura,maura,Maura,PROPN,_
1662-2,TO048,1662,1662,3,dice,dice,dire,VERB,_
1662-3,TO048,1662,1662,4,{P},{P},_,_,_
1662-4,TO048,1662,1662,5,ma,ma,ma,CCONJ,_
1662-5,TO048,1662,1662,6,secondo,secondo,secondo,ADP,_
1662-6,TO048,1662,1662,7,me,me,me,PRON,_
1662-7,TO048,1662,1662,8,si,si,si,PRON,_
1662-8,TO048,1662,1662,9,"firma,",firma,firmare,VERB,Intonation=weakly_rising
1663-0,TO048,1663,1663,1,"perché,",perché,perché,SCONJ,Intonation=weakly_rising
1664-0,TO048,1664,1664,1,la,la,il,DET,_
1664-1,TO048,1664,1664,2,firma,firma,firma,NOUN,_
1664-2,TO048,1664,1664,3,significa,significa,significare,VERB,_
1664-3,TO048,1664,1664,4,che,che,che,SCONJ,_
1664-4,TO048,1664,1664,5,è,è,essere,AUX,_
1664-5,TO048,1664,1664,6,una,una,uno,DET,_
1664-6,TO048,1664,1664,7,poesia,poesia,poesia,NOUN,_
1664-7,TO048,1664,1664,8,e,e,e,CCONJ,_
1664-8,TO048,1664,1664,9,non,non,non,ADV,_
1664-9,TO048,1664,1664,10,lo,lo,il,DET,_
1664-10,TO048,1664,1664,11,status,status,status,NOUN,_
1664-11,TO048,1664,1664,12,di,di,di,ADP,_
1664-12,TO048,1664,1664,13,facebo[ok,facebook,facebook,NOUN,_
1664-13,TO048,1664,1664,14,perché,perché,perchè,SCONJ,_
1664-14,TO048,1664,1664,15,s]iccome,siccome,siccome,SCONJ,_
1664-15,TO048,1664,1664,16,sono,sono,essere,AUX,_
1664-16,TO048,1664,1664,17,{P},{P},_,_,_
1664-17,TO048,1664,1664,18,così,così,così,ADV,_
1664-18,TO048,1664,1664,19,[banali,banali,banale,ADJ,_
1664-19,TO048,1664,1664,20,a,a,a,ADP,_
1664-20,TO048,1664,1664,21,volte,volte,volte,NOUN,_
1664-21,TO048,1664,1664,22,p]otrebbe,potrebbe,potere,AUX,_
1664-22,TO048,1664,1664,23,essere,essere,essere,AUX,_
1664-23,TO048,1664,1664,24,banalmente,banalmente,banalmente,ADV,_
1664-24,TO048,1664,1664,25,lo,lo,il,DET,_
1664-25,TO048,1664,1664,26,stato,stato,stato,NOUN,_
1664-26,TO048,1664,1664,27,facebook,facebook,facebook,NOUN,_
1664-27,TO048,1664,1664,28,invece,invece,invece,ADV,_
1664-28,TO048,1664,1664,29,se,se,se,SCONJ,_
1664-29,TO048,1664,1664,30,lui,lui,lui,PRON,_
1664-30,TO048,1664,1664,31,gli,gli,gli,PRON,_
1664-31,TO048,1664,1664,32,mette,mette,mettere,VERB,_
1664-32,TO048,1664,1664,33,nome,nome,nome,NOUN,_
1664-33,TO048,1664,1664,34,e,e,e,CCONJ,_
1664-34,TO048,1664,1664,35,cognome,cognome,cognome,NOUN,_
1664-35,TO048,1664,1664,36,è,è,essere,AUX,_
1664-36,TO048,1664,1664,37,la,la,il,DET,_
1664-37,TO048,1664,1664,38,poesia.,poesia,poesia,NOUN,Intonation=falling
1665-0,TO050,1665,1665,1,[mh,mh,mh,INTJ,ProsodicLink=Yes
1665-1,TO050,1665,1665,2,"mh],",mh,mh,INTJ,Intonation=weakly_rising
1666-0,TO050,1666,1666,1,[sì,sì,sì,ADV,_
1666-1,TO050,1666,1666,2,sì,sì,sì,ADV,_
1666-2,TO050,1666,1666,3,sì].,sì,sì,ADV,Intonation=falling
1667-0,TO050,1667,1667,1,sì.,sì,sì,ADV,Intonation=falling
1668-0,TO048,1668,1668,1,ma,ma,ma,CCONJ,_
1668-1,TO048,1668,1668,2,è,è,essere,AUX,_
1668-2,TO048,1668,1668,3,vero,vero,vero,ADJ,_
1668-3,TO048,1668,1668,4,perché,perché,perché,SCONJ,_
1668-4,TO048,1668,1668,5,sono,sono,essere,AUX,_
1668-5,TO048,1668,1668,6-7,delle,delle,_,_,_
1668-5a,_,_,1668,6,_,di,di,ADP,_
1668-5b,_,_,1668,7,_,le,il,DET,_
1668-6,TO048,1668,1668,8,frasi,frasi,frase,NOUN,_
1668-7,TO048,1668,1668,9,<così,così,così,ADV,_
1668-8,TO048,1668,1668,10,coglione>,coglione,coglione,NOUN,_
1668-9,TO048,1668,1668,11,"che,",che,che,SCONJ,Intonation=weakly_rising
1669-0,TO048,1669,1669,1,"cioè,",cioè,cioè,CCONJ,Intonation=weakly_rising
1670-0,TO048,1670,1670,1,anc~,anc~,anc~,X,Interrupted=Yes
1670-1,TO048,1670,1670,2,mh,mh,mh,INTJ,_
1670-2,TO048,1670,1670,3,mh,mh,mh,INTJ,_
1670-3,TO048,1670,1670,4,mh,mh,mh,INTJ,_
1670-4,TO048,1670,1670,5,un,un,uno,DET,_
1670-5,TO048,1670,1670,6,cretino,cretino,cretino,NOUN,_
1670-6,TO048,1670,1670,7,le,le,le,PRON,_
1670-7,TO048,1670,1670,8,scriverebbe,scriverebbe,scrivere,VERB,_
1670-8,TO048,1670,1670,9,su,su,su,ADP,_
1670-9,TO048,1670,1670,10,facebook,facebook,facebook,NOUN,_
1670-10,TO048,1670,1670,11,pensa,pensa,pensare,VERB,_
1670-11,TO048,1670,1670,12,se,se,se,SCONJ,_
1670-12,TO048,1670,1670,13,quelle,quelle,quello,DET,_
1670-13,TO048,1670,1670,14,<poesie>,poesie,poesia,NOUN,_
1670-14,TO048,1670,1670,15,cioè,cioè,cioè,CCONJ,_
1670-15,TO048,1670,1670,16,con,con,con,ADP,_
1670-16,TO048,1670,1670,17,tutto,tutto,tutto,PRON,_
1670-17,TO048,1670,1670,18,l',l',il,DET,Truncated=Yes
1670-18,TO048,1670,1670,19,amore,amore,amore,NOUN,_
1670-19,TO048,1670,1670,20-21,del,del,_,_,_
1670-19a,_,_,1670,20,_,di,di,ADP,_
1670-19b,_,_,1670,21,_,il,il,DET,_
1670-20,TO048,1670,1670,22,mondo,mondo,mondo,NOUN,_
1670-21,TO048,1670,1670,23,capito,capito,capito,VERB,_
1670-22,TO048,1670,1670,24,in,in,in,ADP,_
1670-23,TO048,1670,1670,25,che,che,che,DET,_
1670-24,TO048,1670,1670,26,senso?,senso,senso,NOUN,Intonation=rising
1671-0,TO050,1671,1671,1,cioè,cioè,cioé,CCONJ,_
1671-1,TO050,1671,1671,2,che,che,che,SCONJ,_
1671-2,TO050,1671,1671,3,a,a,a,ADP,_
1671-3,TO050,1671,1671,4,xxx,x,x,X,_
1671-4,TO050,1671,1671,5,lo,lo,lo,PRON,_
1671-5,TO050,1671,1671,6,fanno,fanno,fare,VERB,_
1671-6,TO050,1671,1671,7,presidente,presidente,presidente,NOUN,_
1671-7,TO050,1671,1671,8-9,della,della,_,_,_
1671-7a,_,_,1671,8,_,di,di,ADP,_
1671-7b,_,_,1671,9,_,la,il,DET,_
1671-8,TO050,1671,1671,10,repubblica.,repubblica,repubblica,NOUN,Intonation=falling
1672-0,TO048,1672,1672,1,bravo,bravo,bravo,ADJ,_
1672-1,TO048,1672,1672,2,a,a,a,ADP,_
1672-2,TO048,1672,1672,3,lilla,lilla,Lilla,PROPN,_
1672-3,TO048,1672,1672,4,premio,premio,premio,NOUN,_
1672-4,TO048,1672,1672,5,nobel,nobel,Nobel,PROPN,_
1672-5,TO048,1672,1672,6,per,per,per,ADP,_
1672-6,TO048,1672,1672,7,la,la,il,DET,_
1672-7,TO048,1672,1672,8,letteratura,letteratura,letteratura,NOUN,_
1672-8,TO048,1672,1672,9,l',l',il,DET,Truncated=Yes
1672-9,TO048,1672,1672,10,anno,anno,anno,NOUN,_
1672-10,TO048,1672,1672,11,prossimo.,prossimo,prossimo,ADJ,Intonation=falling
1673-0,TO048,1673,1673,1,"cioè,",cioè,cioè,CCONJ,Intonation=weakly_rising
1673-1,TO048,1673,1673,2,{ride},{ride},_,_,_
1674-0,TO050,1674,1674,1,no,no,no,ADV,_
1674-1,TO050,1674,1674,2,perché,perché,perché,SCONJ,_
1674-2,TO050,1674,1674,3,poi,poi,poi,ADV,_
1674-3,TO050,1674,1674,4,rischiano,rischiano,rischiare,VERB,_
1674-4,TO050,1674,1674,5,xx,x,x,X,_
1674-5,TO050,1674,1674,6,xx.,xx,x,X,Intonation=falling
1675-0,TO048,1675,1675,1,ah,ah,ah,INTJ,_
1675-1,TO048,1675,1675,2,per,per,per,ADP,_
1675-2,TO048,1675,1675,3,la,la,il,DET,_
1675-3,TO048,1675,1675,4,pace.,pace,pace,NOUN,Intonation=falling
1676-0,TO050,1676,1676,1,°esatto.°,esatto,esatto,ADJ,Intonation=falling|Volume=low
1677-0,TO048,1677,1677,1,x,x,x,X,_
1677-1,TO048,1677,1677,2,x.,x,x,X,Intonation=falling
1678-0,TO052,1678,1678,1,perché,perché,perché,SCONJ,_
1678-1,TO052,1678,1678,2,per,per,per,ADP,_
1678-2,TO052,1678,1678,3,la,la,il,DET,_
1678-3,TO052,1678,1678,4,pace?,pace,pace,NOUN,Intonation=rising
1679-0,TO048,1679,1679,1,vabbè,vabbè,vabbè,INTJ,_
1679-1,TO048,1679,1679,2,perché,perché,perché,SCONJ,_
1679-2,TO048,1679,1679,3,è,è,essere,AUX,_
1679-3,TO048,1679,1679,4,molto,molto,molto,ADV,_
1679-4,TO048,1679,1679,5,impegnato.,impegnato,impegnare,VERB,Intonation=falling
1680-0,TO048,1680,1680,1,politicamente,politicamente,politicamente,ADV,_
1680-1,TO048,1680,1680,2,parlando,parlando,parlare,VERB,_
1680-2,TO048,1680,1680,3,è,è,essere,AUX,_
1680-3,TO048,1680,1680,4,è,è,essere,AUX,_
1680-4,TO048,1680,1680,5,mh,mh,mh,INTJ,_
1680-5,TO048,1680,1680,6,"pe:r,",per,per,ADP,Intonation=weakly_rising
1681-0,TO048,1681,1681,1,i,i,il,DET,_
1681-1,TO048,1681,1681,2,diritt[i,diritti,diritto,NOUN,_
1681-2,TO048,1681,1681,3-4,"delle],",delle,_,_,Intonation=weakly_rising
1681-2a,_,_,1681,3,_,di,di,ADP,_
1681-2b,_,_,1681,4,_,le,il,DET,_
1682-0,TO050,1682,1682,1,[xx],x,x,X,_
1682-1,TO050,1682,1682,2,x,x,x,X,_
1682-2,TO050,1682,1682,3,[xxxxxxxxxx],x,x,X,_
1682-3,TO050,1682,1682,4,x,x,x,X,_
1682-4,TO050,1682,1682,5,[xx],x,x,SYM,_
1683-0,TO048,1683,1683,1,[<minoranze:>,minoranze,minoranza,NOUN,_
1683-1,TO048,1683,1683,2,la,la,il,DET,_
1683-2,TO048,1683,1683,3,violenza,violenza,violenza,NOUN,_
1683-3,TO048,1683,1683,4-5,sulle,sulle,_,_,_
1683-3a,_,_,1683,4,_,su,su,ADP,_
1683-3b,_,_,1683,5,_,le,il,DET,_
1683-4,TO048,1683,1683,6,"donne],",donne,donna,NOUN,Intonation=weakly_rising
1684-0,TO048,1684,1684,1,[esatto:,esatto,esatto,ADJ,_
1684-1,TO048,1684,1684,2,il],il,il,DET,_
1684-2,TO048,1684,1684,3,la,la,il,DET,_
1684-3,TO048,1684,1684,4,sua,sua,suo,DET,_
1684-4,TO048,1684,1684,5,antropolo[gia,antropologia,antropologia,NOUN,_
1684-5,TO048,1684,1684,6,"profonda::],",profonda,profondo,ADJ,Intonation=weakly_rising
1685-0,TO050,1685,1685,1,[un,un,uno,DET,_
1685-1,TO050,1685,1685,2,approccio::,approccio,approccio,NOUN,_
1685-2,TO050,1685,1685,3,socio]crit[ico].,sociocritico,sociocritico,ADJ,Intonation=falling
1686-0,TO048,1686,1686,1,[e]h,eh,eh,INTJ,_
1686-1,TO048,1686,1686,2,sociocritico.,sociocritico,sociocritico,ADJ,Intonation=falling
1687-0,TO048,1687,1687,1,sì,sì,sì,ADV,_
1687-1,TO048,1687,1687,2,sì,sì,sì,ADV,_
1687-2,TO048,1687,1687,3,no:,no,no,ADV,_
1687-3,TO048,1687,1687,4,tu,tu,tu,PRON,ProsodicLink=Yes
1687-4,TO048,1687,1687,5,t~,t~,t~,X,Interrupted=Yes
1687-5,TO048,1687,1687,6,ti,ti,ti,PRON,_
1687-6,TO048,1687,1687,7,invito,invito,invitare,VERB,_
1687-7,TO048,1687,1687,8,se,se,se,SCONJ,_
1687-8,TO048,1687,1687,9,non,non,non,ADV,_
1687-9,TO048,1687,1687,10,l',l',lo,PRON,Truncated=Yes
1687-10,TO048,1687,1687,11,hai,hai,avere,AUX,_
1687-11,TO048,1687,1687,12,mai,mai,mai,ADV,_
1687-12,TO048,1687,1687,13,frequentato,frequentato,frequentare,VERB,_
1687-13,TO048,1687,1687,14,"a::,",a,a,ADP,Intonation=weakly_rising
1688-0,TO048,1688,1688,1,frequentare,frequentare,frequentare,VERB,_
1688-1,TO048,1688,1688,2,il,il,il,DET,_
1688-2,TO048,1688,1688,3,suo,suo,suo,DET,_
1688-3,TO048,1688,1688,4,facebook,facebook,facebook,NOUN,_
1688-4,TO048,1688,1688,5,perché,perché,perché,SCONJ,_
1688-5,TO048,1688,1688,6,ti,ti,ti,PRON,_
1688-6,TO048,1688,1688,7,illuminerà.,illuminerà,illuminare,VERB,Intonation=falling
1689-0,TO048,1689,1689,1,"troverai,",troverai,trovare,VERB,Intonation=weakly_rising
1690-0,TO048,1690,1690,1,un,un,uno,DET,_
1690-1,TO048,1690,1690,2,nuovo,nuovo,nuovo,ADJ,_
1690-2,TO048,1690,1690,3,approccio,approccio,approccio,NOUN,_
1690-3,TO048,1690,1690,4,"dopo::,",dopo,dopo,ADP,Intonation=weakly_rising
1691-0,TO052,1691,1691,1,°bourdieu.°,bourdieu,Bourdieu,PROPN,Intonation=falling|Volume=low
1692-0,TO048,1692,1692,1,dopo::,dopo,dopo,ADV,_
1692-1,TO048,1692,1692,2,sì,sì,sì,ADV,_
1692-2,TO048,1692,1692,3,dopo,dopo,dopo,ADP,_
1692-3,TO048,1692,1692,4,bourdieu,bourdieu,Bourdieu,PROPN,_
1692-4,TO048,1692,1692,5,[ci,ci,ci,PRON,_
1692-5,TO048,1692,1692,6,sarà,sarà,essere,VERB,_
1692-6,TO048,1692,1692,7,lilla].,lilla,Lilla,PROPN,Intonation=falling
1693-0,TO050,1693,1693,1,[xxx],x,x,X,_
1693-1,TO050,1693,1693,2,xx,x,x,X,_
1693-2,TO050,1693,1693,3,[xxx],x,x,X,_
1694-0,TO048,1694,1694,1,[sì,sì,sì,ADV,_
1694-1,TO048,1694,1694,2,sì,sì,sì,ADV,_
1694-2,TO048,1694,1694,3,sì,sì,sì,ADV,_
1694-3,TO048,1694,1694,4,sì,sì,sì,ADV,_
1694-4,TO048,1694,1694,5,sì].,sì,sì,ADV,Intonation=falling
1695-0,TO048,1695,1695,1,categorie:,categorie,categoria,NOUN,_
1695-1,TO048,1695,1695,2,e,e,e,CCONJ,_
1695-2,TO048,1695,1695,3,nu[ove,nuove,nuovo,ADJ,_
1695-3,TO048,1695,1695,4,prospettive,prospettive,prospettiva,NOUN,_
1695-4,TO048,1695,1695,5,xxx].,xxx,x,X,Intonation=falling
1696-0,TO052,1696,1696,1,[però,però,però,ADV,_
1696-1,TO052,1696,1696,2,pensavo,pensavo,pensare,VERB,_
1696-2,TO052,1696,1696,3,veramente,veramente,veramente,ADV,_
1696-3,TO052,1696,1696,4,s]e,se,se,SCONJ,_
1696-4,TO052,1696,1696,5,tu,tu,tu,PRON,_
1696-5,TO052,1696,1696,6,ti,ti,ti,PRON,_
1696-6,TO052,1696,1696,7,chiami,chiami,chiamare,VERB,_
1696-7,TO052,1696,1696,8,lilla,lilla,Lilla,PROPN,_
1696-8,TO052,1696,1696,9,poi,poi,poi,ADV,_
1696-9,TO052,1696,1696,10,magari,magari,magari,ADV,_
1696-10,TO052,1696,1696,11,diventi,diventi,diventare,VERB,_
1696-11,TO052,1696,1696,12,anche,anche,anche,ADV,_
1696-12,TO052,1696,1696,13,una,una,uno,DET,_
1696-13,TO052,1696,1696,14,persona,persona,persona,NOUN,_
1696-14,TO052,1696,1696,15,pazzesca,pazzesca,pazzesco,ADJ,_
1696-15,TO052,1696,1696,16,famosa,famosa,famoso,ADJ,_
1696-16,TO052,1696,1696,17,però,però,però,ADV,_
1696-17,TO052,1696,1696,18,poi,poi,poi,ADV,_
1696-18,TO052,1696,1696,19,professor,professor,professore,NOUN,_
1696-19,TO052,1696,1696,20,"lilla,",lilla,Lilla,PROPN,Intonation=weakly_rising
1697-0,TO050,1697,1697,1,no,no,no,ADV,_
1697-1,TO050,1697,1697,2,no,no,no,ADV,_
1697-2,TO050,1697,1697,3,invece,invece,invece,ADV,_
1697-3,TO050,1697,1697,4,guarda,guarda,guardare,VERB,_
1697-4,TO050,1697,1697,5,che,che,che,SCONJ,_
1697-5,TO050,1697,1697,6,può,può,potere,AUX,_
1697-6,TO050,1697,1697,7-8,farlo,farlo,_,_,_
1697-6a,_,_,1697,7,_,far,fare,VERB,_
1697-6b,_,_,1697,8,_,lo,lo,PRON,_
1697-7,TO050,1697,1697,9,[xx,x,x,X,_
1697-8,TO050,1697,1697,10,funzionale,funzionale,funzionale,ADJ,_
1697-9,TO050,1697,1697,11,lilla].,lilla,Lilla,PROPN,Intonation=falling
1698-0,TO052,1698,1698,1,[i:::l,il,il,DET,_
1698-1,TO052,1698,1698,2,{P},{P},_,_,_
1698-2,TO052,1698,1698,3,presidente,presidente,presidente,NOUN,_
1698-3,TO052,1698,1698,4,pa]cchiarotti.,pacchiarotti,Pacchiarotti,PROPN,Intonation=falling
1699-0,TO050,1699,1699,1,abbiamo,abbiamo,avere,VERB,_
1699-1,TO050,1699,1699,2,un,un,uno,DET,_
1699-2,TO050,1699,1699,3,presidente,presidente,presidente,NOUN,_
1699-3,TO050,1699,1699,4,che,che,che,PRON,_
1699-4,TO050,1699,1699,5,si,si,si,PRON,_
1699-5,TO050,1699,1699,6,chiama,chiama,chiamare,VERB,_
1699-6,TO050,1699,1699,7,mattarella.,mattarella,Mattarella,PROPN,Intonation=falling
1700-0,TO050,1700,1700,1,a,a,a,ADP,_
1700-1,TO050,1700,1700,2,me,me,me,PRON,_
1700-2,TO050,1700,1700,3,fa,fa,fare,VERB,_
1700-3,TO050,1700,1700,4,ridere,ridere,ridere,VERB,_
1700-4,TO050,1700,1700,5,un,un,uno,DET,_
1700-5,TO050,1700,1700,6,sacco,sacco,sacco,NOUN,_
1700-6,TO050,1700,1700,7,mattarella.,mattarella,Mattarella,PROPN,Intonation=falling
1701-0,TO050,1701,1701,1,non,non,non,ADV,_
1701-1,TO050,1701,1701,2,"è::,",è,essere,AUX,Intonation=weakly_rising
1702-0,TO048,1702,1702,1,ma,ma,ma,CCONJ,_
1702-1,TO048,1702,1702,2,scusa,scusa,scusare,ADJ,_
1702-2,TO048,1702,1702,3,ma,ma,ma,CCONJ,_
1702-3,TO048,1702,1702,4,lilla,lilla,Lilla,PROPN,_
1702-4,TO048,1702,1702,5,fa,fa,fare,VERB,_
1702-5,TO048,1702,1702,6,ridere,ridere,ridere,VERB,_
1702-6,TO048,1702,1702,7,solo,solo,solo,ADV,_
1702-7,TO048,1702,1702,8,a,a,a,ADP,_
1702-8,TO048,1702,1702,9,noi,noi,noi,PRON,_
1702-9,TO048,1702,1702,10,che,che,che,PRON,_
1702-10,TO048,1702,1702,11,siamo,siamo,essere,AUX,_
1702-11,TO048,1702,1702,12,siciliani?,siciliani,siciliano,ADJ,Intonation=rising
1703-0,TO048,1703,1703,1,capito,capito,capire,VERB,_
1703-1,TO048,1703,1703,2,che,che,che,SCONJ,_
1703-2,TO048,1703,1703,3,"già,",già,già,ADV,Intonation=weakly_rising
1704-0,TO050,1704,1704,1,ah,ah,ah,INTJ,_
1704-1,TO050,1704,1704,2,g[ià].,già,già,ADV,Intonation=falling
1705-0,TO048,1705,1705,1,[ad],ad,a,ADP,_
1705-1,TO048,1705,1705,2,marco.,marco,Marco,PROPN,Intonation=falling
1706-0,TO048,1706,1706,1,no,no,no,ADV,_
1706-1,TO048,1706,1706,2,non,non,non,ADV,_
1706-2,TO048,1706,1706,3,gli,gli,gli,PRON,_
1706-3,TO048,1706,1706,4,xxx~,xxx~,x,X,Interrupted=Yes
1707-0,TO050,1707,1707,1,ma,ma,ma,CCONJ,_
1707-1,TO050,1707,1707,2,infatti,infatti,infatti,ADV,_
1707-2,TO050,1707,1707,3,io,io,io,PRON,_
1707-3,TO050,1707,1707,4,non,non,non,ADV,_
1707-4,TO050,1707,1707,5,stato,stato,stare,AUX,_
1707-5,TO050,1707,1707,6,cogliendo,cogliendo,cogliere,VERB,_
1707-6,TO050,1707,1707,7,lilla.,lilla,Lilla,PROPN,Intonation=falling
1708-0,TO048,1708,1708,1,"e:h,",eh,eh,INTJ,Intonation=weakly_rising
1709-0,TO048,1709,1709,1,vedi?,vedi,vedere,VERB,Intonation=rising
1710-0,TO048,1710,1710,1,la,la,il,DET,_
1710-1,TO048,1710,1710,2,la,la,la,PRON,_
1710-2,TO048,1710,1710,3,"cioè,",cioè,cioè,CCONJ,Intonation=weakly_rising
1711-0,TO052,1711,1711,1,come::,come,come,ADP,_
1711-1,TO052,1711,1711,2,eh,eh,eh,INTJ,_
1711-2,TO052,1711,1711,3,l',l',il,DET,Truncated=Yes
1711-3,TO052,1711,1711,4,altra,altra,altro,ADJ,_
1711-4,TO052,1711,1711,5,volta,volta,volta,NOUN,_
1711-5,TO052,1711,1711,6,so~,so~,so~,X,Interrupted=Yes
1711-6,TO052,1711,1711,7,eh,eh,eh,INTJ,_
1711-7,TO052,1711,1711,8,tempo,tempo,tempo,NOUN,_
1711-8,TO052,1711,1711,9,fa,fa,fa,ADV,_
1711-9,TO052,1711,1711,10,sono,sono,essere,AUX,_
1711-10,TO052,1711,1711,11,andato,andato,andare,VERB,_
1711-11,TO052,1711,1711,12,da,da,da,ADP,_
1711-12,TO052,1711,1711,13,un,un,uno,DET,_
1711-13,TO052,1711,1711,14,proctologo,proctologo,proctologo,NOUN,_
1711-14,TO052,1711,1711,15,che,che,che,PRON,_
1711-15,TO052,1711,1711,16,si,si,si,PRON,_
1711-16,TO052,1711,1711,17,chiamava,chiamava,chiamare,VERB,_
1711-17,TO052,1711,1711,18,[pecore]lla.,pecorella,Pecorella,PROPN,Intonation=falling
1712-0,TO048,1712,1712,1,[da,da,da,ADP,_
1712-1,TO048,1712,1712,2,che]?,che,che,DET,Intonation=rising
1713-0,TO050,1713,1713,0,{ride},{ride},_,X,_
1714-0,TO048,1714,1714,1,{ride},{ride},_,_,_
1714-1,TO048,1714,1714,2,però,però,però,ADV,_
1714-2,TO048,1714,1714,3,un,un,uno,DET,_
1714-3,TO048,1714,1714,4,medico.,medico,medico,NOUN,Intonation=falling
1715-0,TO052,1715,1715,1,il,il,il,DET,_
1715-1,TO052,1715,1715,2,proctologo,proctologo,proctologo,NOUN,_
1715-2,TO052,1715,1715,3,è,è,essere,AUX,_
1715-3,TO052,1715,1715,4,il,il,il,DET,_
1715-4,TO052,1715,1715,5,medico,medico,medico,NOUN,_
1715-5,TO052,1715,1715,6-7,dell',dell',_,_,Truncated=Yes
1715-5a,_,_,1715,6,_,di,di,ADP,_
1715-5b,_,_,1715,7,_,l',il,DET,_
1715-6,TO052,1715,1715,8,ano.,ano,ano,NOUN,Intonation=falling
1716-0,TO052,1716,1716,1,si,si,si,PRON,_
1716-1,TO052,1716,1716,2,chiama,chiama,chiamare,VERB,_
1716-2,TO052,1716,1716,3,pecorella.,pecorella,Pecorella,PROPN,Intonation=falling
1717-0,TO050,1717,1717,1,{ride},{ride},_,_,_
1717-1,TO050,1717,1717,2,no,no,no,ADV,_
1717-2,TO050,1717,1717,3,ti,ti,ti,PRON,_
1717-3,TO050,1717,1717,4,prego.,prego,pregare,VERB,Intonation=falling
1718-0,TO048,1718,1718,1,allora,allora,allora,ADV,_
1718-1,TO048,1718,1718,2,aspetta,aspetta,aspettare,VERB,_
1718-2,TO048,1718,1718,3,ricostruiamo,ricostruiamo,ricostruire,VERB,_
1718-3,TO048,1718,1718,4,tutto,tutto,tutto,PRON,_
1718-4,TO048,1718,1718,5,(la),la,la,PRON,_
1718-5,TO048,1718,1718,6,discorso.,discorso,discorso,NOUN,Intonation=falling
1718-6,TO048,1718,1718,7,l',l',il,DET,Truncated=Yes
1718-7,TO048,1718,1718,8,altra,altra,altro,ADJ,_
1718-8,TO048,1718,1718,9,volta,volta,volta,NOUN,_
1718-9,TO048,1718,1718,10,sono,sono,essere,AUX,_
1718-10,TO048,1718,1718,11,"andato,",andato,andare,VERB,Intonation=weakly_rising
1719-0,TO052,1719,1719,1,da,da,da,ADP,_
1719-1,TO052,1719,1719,2,un,un,uno,DET,_
1719-2,TO052,1719,1719,3,proctologo.,proctologo,proctologo,NOUN,Intonation=falling
1720-0,TO048,1720,1720,1,da,da,da,ADP,_
1720-1,TO048,1720,1720,2,un?,un,uno,DET,Intonation=rising
1721-0,TO052,1721,1721,1,proctolo[go].,proctologo,proctologo,NOUN,Intonation=falling
1722-0,TO048,1722,1722,1,[<pro]c[tologo>].,proctologo,proctologo,NOUN,Intonation=falling
1723-0,TO052,1723,1723,1,[che,che,che,PRON,_
1723-1,TO052,1723,1723,2,si,si,si,PRON,_
1723-2,TO052,1723,1723,3,chiama,chiama,chiamare,VERB,_
1723-3,TO052,1723,1723,4,p]ecor[ella].,pecorella,Pecorella,PROPN,Intonation=falling
1724-0,TO048,1724,1724,1,[che,che,che,PRON,_
1724-1,TO048,1724,1724,2,si],si,si,PRON,_
1724-2,TO048,1724,1724,3,chiama,chiama,chiamare,VERB,_
1724-3,TO048,1724,1724,4,pecorella.,pecorella,Pecorella,PROPN,Intonation=falling
1725-0,TO048,1725,1725,1,perché,perché,perché,SCONJ,_
1725-1,TO048,1725,1725,2,tu,tu,tu,PRON,_
1725-2,TO048,1725,1725,3,sei,sei,essere,AUX,_
1725-3,TO048,1725,1725,4,andato,andato,andare,VERB,_
1725-4,TO048,1725,1725,5,da,da,da,ADP,_
1725-5,TO048,1725,1725,6,un,un,uno,DET,_
1725-6,TO048,1725,1725,7,proctologo?,proctologo,proctologo,NOUN,Intonation=rising
1726-0,TO050,1726,1726,1,perché,perché,perché,SCONJ,_
1726-1,TO050,1726,1726,2,si,si,si,PRON,_
1726-2,TO050,1726,1726,3,chiama,chiama,chiamare,VERB,_
1726-3,TO050,1726,1726,4,pecorella.,pecorella,Pecorella,PROPN,Intonation=falling
1727-0,TO052,1727,1727,1,°perché?°,perché,perché,SCONJ,Intonation=rising|Volume=low
1728-0,TO050,1728,1728,1,forse,forse,forse,ADV,_
1728-1,TO050,1728,1728,2,questa,questa,questo,PRON,_
1728-2,TO050,1728,1728,3,non,non,non,ADV,_
1728-3,TO050,1728,1728,4,è,è,essere,AUX,_
1728-4,TO050,1728,1728,5,una,una,uno,DET,_
1728-5,TO050,1728,1728,6,domanda,domanda,domanda,NOUN,_
1728-6,TO050,1728,1728,7,che,che,che,PRON,_
1728-7,TO050,1728,1728,8,voleva.,voleva,volere,VERB,Intonation=falling
1729-0,TO048,1729,1729,0,{ride},{ride},_,X,_
1730-0,TO052,1730,1730,1,°perché,perché,perché,SCONJ,Volume=low
1730-1,TO052,1730,1730,2,ho,ho,avere,VERB,Volume=low
1730-2,TO052,1730,1730,3,bisogno,bisogno,bisogno,NOUN,Volume=low
1730-3,TO052,1730,1730,4,"di::,°",di,di,ADP,Intonation=weakly_rising|Volume=low
1731-0,TO052,1731,1731,1,°di,di,di,ADP,Volume=low
1731-1,TO052,1731,1731,2-6,farmi,farmi,_,_,Volume=low
1731-1a,_,_,1731,2,_,far,fare,VERB,
1731-1b,_,_,1731,6,_,mi,mi,PRON,
1731-2,TO052,1731,1731,3,visitare,visitare,visitare,VERB,Volume=low
1731-3,TO052,1731,1731,4,il,il,il,DET,Volume=low
1731-4,TO052,1731,1731,5,culo.°,culo,culo,NOUN,Intonation=falling|Volume=low
1732-0,TO048,1732,1732,1,ah.,ah,ah,INTJ,Intonation=falling
1733-0,TO052,1733,1733,1,°xx,x,x,X,Volume=low
1733-1,TO052,1733,1733,2,possiamo,possiamo,potere,AUX,Volume=low
1733-2,TO052,1733,1733,3-4,parlarne,parlarne,_,_,Volume=low
1733-2a,_,_,1733,3,_,parlar,parlare,VERB,_
1733-2b,_,_,1733,4,_,ne,ne,PRON,_
1733-3,TO052,1733,1733,5,molto,molto,molto,DET,Volume=low
1733-4,TO052,1733,1733,6,tempo,tempo,tempo,NOUN,Volume=low
1733-5,TO052,1733,1733,7,fa,fa,fare,VERB,Volume=low
1733-6,TO052,1733,1733,8,però,però,però,ADV,Volume=low
1733-7,TO052,1733,1733,9,okay.°,okay,ok,INTJ,Intonation=falling|Volume=low
1734-0,TO048,1734,1734,1,m:h,mh,mh,INTJ,_
1734-1,TO048,1734,1734,2,vedi,vedi,vedere,VERB,_
1734-2,TO048,1734,1734,3,che,che,che,SCONJ,_
1734-3,TO048,1734,1734,4,sono,sono,essere,AUX,_
1734-4,TO048,1734,1734,5,soltanto,soltanto,soltanto,ADV,_
1734-5,TO048,1734,1734,6,state,state,essere,VERB,_
1734-6,TO048,1734,1734,7,{ride},{ride},_,_,_
1734-7,TO048,1734,1734,8-9,alle,alle,_,_,_
1734-7a,_,_,1734,8,_,a,a,ADP,_
1734-7b,_,_,1734,9,_,le,il,DET,_
1734-8,TO048,1734,1734,10,sue,sue,suo,DET,_
1734-9,TO048,1734,1734,11,parole,parole,parola,NOUN,_
1734-10,TO048,1734,1734,12,mh,mh,mh,INTJ,_
1734-11,TO048,1734,1734,13,c',c',ci,PRON,Truncated=Yes
1734-12,TO048,1734,1734,14,è,è,essere,VERB,_
1734-13,TO048,1734,1734,15,una,una,uno,DET,_
1734-14,TO048,1734,1734,16,ingenuità,ingenuità,ingenuità,NOUN,_
1734-15,TO048,1734,1734,17,incredibile,incredibile,incredibile,ADJ,_
1734-16,TO048,1734,1734,18,se,se,se,SCONJ,_
1734-17,TO048,1734,1734,19,uno,uno,uno,PRON,_
1734-18,TO048,1734,1734,20,non,non,non,ADV,_
1734-19,TO048,1734,1734,21,"contestualizzasse,",contestualizzasse,contestualizzare,VERB,Intonation=weakly_rising
1735-0,TO048,1735,1735,1,cioè,cioè,cioè,CCONJ,_
1735-1,TO048,1735,1735,2,prendi,prendi,prendere,VERB,_
1735-2,TO048,1735,1735,3,le,le,il,DET,_
1735-3,TO048,1735,1735,4,frasi,frasi,frase,NOUN,_
1735-4,TO048,1735,1735,5,come,come,come,SCONJ,_
1735-5,TO048,1735,1735,6,"vengono,",vengono,venire,VERB,Intonation=weakly_rising
1736-0,TO048,1736,1736,1,c',c',ci,PRON,Truncated=Yes
1736-1,TO048,1736,1736,2,è,è,essere,VERB,_
1736-2,TO048,1736,1736,3,una,una,uno,DET,_
1736-3,TO048,1736,1736,4,"[xxx~],",xxx~,x,X,Intonation=weakly_rising
1737-0,TO052,1737,1737,1,[avevo,avevo,avere,VERB,_
1737-1,TO052,1737,1737,2,ave]vo,avevo,avere,VERB,_
1737-2,TO052,1737,1737,3,una,una,uno,DET,_
1737-3,TO052,1737,1737,4,ragade.,ragade,ragade,NOUN,Intonation=falling
1738-0,TO052,1738,1738,1,"ne:::ll,",nell,nell,NOUN,Intonation=weakly_rising
1739-0,TO050,1739,1739,1,ma,ma,ma,CCONJ,_
1739-1,TO050,1739,1739,2,{P},{P},_,_,_
1739-2,TO050,1739,1739,3,una,una,uno,DET,_
1739-3,TO050,1739,1739,4,ragade,ragade,ragade,NOUN,_
1739-4,TO050,1739,1739,5,non,non,non,ADV,_
1739-5,TO050,1739,1739,6,"è,",è,essere,AUX,Intonation=weakly_rising
1740-0,TO048,1740,1740,1,cos',cos',cosa,PRON,Truncated=Yes
1740-1,TO048,1740,1740,2,è,è,essere,AUX,_
1740-2,TO048,1740,1740,3,una,una,uno,DET,_
1740-3,TO048,1740,1740,4,rag[ade]?,ragade,ragade,NOUN,Intonation=rising
1741-0,TO050,1741,1741,1,[una],una,uno,DET,_
1741-1,TO050,1741,1741,2,xx,x,x,X,_
1741-2,TO050,1741,1741,3,vero?,vero,vero,ADJ,Intonation=rising
1742-0,TO052,1742,1742,1,no,no,no,ADV,_
1742-1,TO052,1742,1742,2,è,è,essere,AUX,_
1742-2,TO052,1742,1742,3,un,un,uno,DET,_
1742-3,TO052,1742,1742,4,graffio.,graffio,graffio,NOUN,Intonation=falling
1743-0,TO048,1743,1743,0,{ride},{ride},_,X,_
1744-0,TO052,1744,1744,1,avevo,avevo,avere,VERB,_
1744-1,TO052,1744,1744,2,un,un,uno,DET,_
1744-2,TO052,1744,1744,3,graffio,graffio,graffio,NOUN,_
1744-3,TO052,1744,1744,4-5,nell',nell',_,_,Truncated=Yes
1744-3a,_,_,1744,4,_,in,in,ADP,_
1744-3b,_,_,1744,5,_,l',il,DET,_
1744-4,TO052,1744,1744,6,ultima,ultima,ultimo,ADJ,_
1744-5,TO052,1744,1744,7,parte,parte,parte,NOUN,_
1744-6,TO052,1744,1744,8-9,dell',dell',_,_,Truncated=Yes
1744-6a,_,_,1744,8,_,di,di,ADP,_
1744-6b,_,_,1744,9,_,l',il,DET,_
1744-7,TO052,1744,1744,10,intestino.,intestino,intestino,NOUN,Intonation=falling
1745-0,TO052,1745,1745,1,e,e,e,CCONJ,_
1745-1,TO052,1745,1745,2,quindi,quindi,quindi,ADV,_
1745-2,TO052,1745,1745,3,ogni,ogni,ogni,DET,_
1745-3,TO052,1745,1745,4,volta,volta,volta,NOUN,_
1745-4,TO052,1745,1745,5,che,che,che,SCONJ,_
1745-5,TO052,1745,1745,6,cagavo,cagavo,cagare,VERB,_
1745-6,TO052,1745,1745,7,era,era,essere,AUX,_
1745-7,TO052,1745,1745,8,xx,x,x,X,_
1745-8,TO052,1745,1745,9,x,x,x,X,_
1745-9,TO052,1745,1745,10,xx.,xx,x,X,Intonation=falling
1746-0,TO048,1746,1746,1,sedere,sedere,sedere,VERB,_
1746-1,TO048,1746,1746,2,a,a,a,ADP,_
1746-2,TO048,1746,1746,3,botte,botte,botte,NOUN,_
1746-3,TO048,1746,1746,4,dio.,dio,dio,NOUN,Intonation=falling
1746-4,TO048,1746,1746,5,CHE,che,che,PRON,Volume=high
1746-5,TO048,1746,1746,6,BOOOTTE.,boootte,botte,NOUN,Intonation=falling|Volume=high
1747-0,TO052,1747,1747,1,"quindi:,",quindi,quindi,ADV,Intonation=weakly_rising
1748-0,TO052,1748,1748,1,sono,sono,essere,AUX,_
1748-1,TO052,1748,1748,2,andato,andato,andare,VERB,_
1748-2,TO052,1748,1748,3,"lì,",lì,lì,ADV,Intonation=weakly_rising
1749-0,TO052,1749,1749,1,"dicendo,",dicendo,dire,VERB,Intonation=weakly_rising
1750-0,TO052,1750,1750,1,che,che,che,DET,_
1750-1,TO052,1750,1750,2,cosa,cosa,cosa,NOUN,_
1750-2,TO052,1750,1750,3,succede,succede,succedere,VERB,_
1750-3,TO052,1750,1750,4,mi,mi,mi,PRON,_
1750-4,TO052,1750,1750,5,ha,ha,avere,AUX,_
1750-5,TO052,1750,1750,6,detto,detto,dire,VERB,_
1750-6,TO052,1750,1750,7,che,che,che,SCONJ,_
1750-7,TO052,1750,1750,8,cos',cos',cosi,PRON,Truncated=Yes
1750-8,TO052,1750,1750,9,era,era,essere,AUX,_
1750-9,TO052,1750,1750,10,e:,e,e,CCONJ,_
1750-10,TO052,1750,1750,11,"poi,",poi,poi,ADV,Intonation=weakly_rising
1751-0,TO048,1751,1751,1,ma,ma,ma,CCONJ,_
1751-1,TO048,1751,1751,2,come,come,come,ADP,_
1751-2,TO048,1751,1751,3,[te,te,te,PRON,_
1751-3,TO048,1751,1751,4,l',l',lo,PRON,Truncated=Yes
1751-4,TO048,1751,1751,5,ha,ha,avere,AUX,_
1751-5,TO048,1751,1751,6,fatta,fatta,fare,VERB,_
1751-6,TO048,1751,1751,7,la,la,il,DET,_
1751-7,TO048,1751,1751,8,visi]ta?,visita,visita,NOUN,Intonation=rising
1752-0,TO052,1752,1752,1,[l',l',lo,PRON,Truncated=Yes
1752-1,TO052,1752,1752,2,ha,ha,avere,AUX,_
1752-2,TO052,1752,1752,3,curata].,curata,curare,VERB,Intonation=falling
1753-0,TO052,1753,1753,1,mi,mi,mi,PRON,_
1753-1,TO052,1753,1753,2,ha,ha,avere,AUX,_
1753-2,TO052,1753,1753,3,fatto,fatto,fare,VERB,_
1753-3,TO052,1753,1753,4,mettere,mettere,mettere,VERB,_
1753-4,TO052,1753,1753,5,a,a,a,ADP,_
1753-5,TO052,1753,1753,6,pecorella,pecorella,pecorella,NOUN,_
1753-6,TO052,1753,1753,7,{ride},{ride},_,_,_
1754-0,TO052,1754,1754,0,{ride},{ride},_,X,_
1755-0,TO048,1755,1755,0,{ride},{ride},_,X,_
1756-0,TO050,1756,1756,0,{ride},{ride},_,X,_
1757-0,TO052,1757,1757,1,capito,capito,capire,VERB,_
1757-1,TO052,1757,1757,2,perché,perché,perché,SCONJ,_
1757-2,TO052,1757,1757,3,fa,fa,fare,AUX,_
1757-3,TO052,1757,1757,4,ridere?,ridere,ridere,VERB,Intonation=rising
1758-0,TO052,1758,1758,1,che,che,che,SCONJ,_
1758-1,TO052,1758,1758,2,c',c',ci,PRON,Truncated=Yes
1758-2,TO052,1758,1758,3,è,è,essere,VERB,_
1758-3,TO052,1758,1758,4,{ride},{ride},_,_,_
1758-4,TO052,1758,1758,5,c',c',ci,PRON,Truncated=Yes
1758-5,TO052,1758,1758,6,è,è,essere,VERB,_
1758-6,TO052,1758,1758,7,lo,lo,il,DET,_
1758-7,TO052,1758,1758,8,sai,sai,sapere,VERB,_
1758-8,TO052,1758,1758,9,che,che,che,PRON,_
1758-9,TO052,1758,1758,10,di,di,di,ADP,_
1758-10,TO052,1758,1758,11,solito,solito,solito,NOUN,_
1758-11,TO052,1758,1758,12,c',c',ci,PRON,Truncated=Yes
1758-12,TO052,1758,1758,13,è,è,essere,VERB,_
1758-13,TO052,1758,1758,14,il,il,il,DET,_
1758-14,TO052,1758,1758,15,lettino,lettino,lettino,NOUN,_
1758-15,TO052,1758,1758,16,e,e,e,CCONJ,_
1758-16,TO052,1758,1758,17,il,il,il,DET,_
1758-17,TO052,1758,1758,18,lettino,lettino,lettino,NOUN,_
1758-18,TO052,1758,1758,19,era,era,essere,AUX,_
1758-19,TO052,1758,1758,20,tipo,tipo,tipo,NOUN,_
1758-20,TO052,1758,1758,21,{ride},{ride},_,_,_
1758-21,TO052,1758,1758,22,xxx,x,x,X,_
1758-22,TO052,1758,1758,23,x,x,x,X,_
1758-23,TO052,1758,1758,24,xx.,xx,xx,X,Intonation=falling
1759-0,TO048,1759,1759,1,(no,no,no,ADV,_
1759-1,TO048,1759,1759,2,lamette.),lamette,lametta,NOUN,Intonation=falling
1760-0,TO052,1760,1760,0,{ride},{ride},_,X,_
1761-0,TO048,1761,1761,0,{ride},{ride},_,X,_
1762-0,TO050,1762,1762,0,{ride},{ride},_,X,_
1763-0,TO048,1763,1763,1,"però,",però,però,ADV,Intonation=weakly_rising
1764-0,TO048,1764,1764,1,che,che,che,SCONJ,_
1764-1,TO048,1764,1764,2,fantasie,fantasie,fantasia,NOUN,_
1764-2,TO048,1764,1764,3,erotiche,erotiche,erotico,ADJ,_
1764-3,TO048,1764,1764,4,incredi[bili,incredibili,incredibile,ADJ,_
1764-4,TO048,1764,1764,5,che,che,che,PRON,_
1764-5,TO048,1764,1764,6,si,si,si,PRON,_
1764-6,TO048,1764,1764,7,fa~],fa~,fare,VERB,Interrupted=Yes
1765-0,TO050,1765,1765,1,[ti,ti,ti,PRON,_
1765-1,TO050,1765,1765,2,immagini,immagini,immaginare,VERB,_
1765-2,TO050,1765,1765,3,se,se,se,SCONJ,_
1765-3,TO050,1765,1765,4,il,il,il,DET,_
1765-4,TO050,1765,1765,5,pro]ctologo,proctologo,proctologo,NOUN,_
1765-5,TO050,1765,1765,6,era,era,essere,VERB,_
1765-6,TO050,1765,1765,7,come,come,come,ADP,_
1765-7,TO050,1765,1765,8,il,il,il,DET,_
1765-8,TO050,1765,1765,9,mio,mio,mio,DET,_
1765-9,TO050,1765,1765,10,dermatologo.,dermatologo,dermatologo,NOUN,Intonation=falling
1766-0,TO048,1766,1766,1,{ride},{ride},_,_,_
1766-1,TO048,1766,1766,2,m::h,mh,mh,INTJ,_
1766-2,TO048,1766,1766,3,(palossi),palossi,Palossi,PROPN,_
1766-3,TO048,1766,1766,4,è,è,essere,AUX,_
1766-4,TO048,1766,1766,5,il,il,il,DET,_
1766-5,TO048,1766,1766,6,proctologo.,proctologo,proctologo,NOUN,Intonation=falling
1767-0,TO048,1767,1767,1,su,su,su,ADP,_
1767-1,TO048,1767,1767,2,quel,quel,quello,DET,_
1767-2,TO048,1767,1767,3,d~,d~,d~,X,Interrupted=Yes
1767-3,TO048,1767,1767,4,[su,su,su,ADP,_
1767-4,TO048,1767,1767,5,quel,quel,quello,DET,_
1767-5,TO048,1767,1767,6,lettino].,lettino,lettino,NOUN,Intonation=falling
1768-0,TO050,1768,1768,1,[xxx],x,x,X,_
1769-0,TO052,1769,1769,1,[che,che,che,SCONJ,_
1769-1,TO052,1769,1769,2,car]ino.,carino,carino,ADJ,Intonation=falling
1770-0,TO050,1770,1770,1,di,di,di,ADP,_
1770-1,TO050,1770,1770,2,faccia,faccia,faccia,NOUN,_
1770-2,TO050,1770,1770,3,non,non,non,ADV,_
1770-3,TO050,1770,1770,4,tanto,tanto,tanto,SCONJ,_
1770-4,TO050,1770,1770,5,però,però,però,ADV,_
1770-5,TO050,1770,1770,6,"è,",è,essere,AUX,Intonation=weakly_rising
1771-0,TO048,1771,1771,1,a,a,a,ADP,_
1771-1,TO048,1771,1771,2,ma,ma,ma,CCONJ,_
1771-2,TO048,1771,1771,3,lara,lara,Lara,PROPN,_
1771-3,TO048,1771,1771,4,marroni,marroni,Marroni,PROPN,_
1771-4,TO048,1771,1771,5,ti,ti,ti,PRON,_
1771-5,TO048,1771,1771,6,ha,ha,avere,AUX,_
1771-6,TO048,1771,1771,7,chiesto,chiesto,chiedere,VERB,_
1771-7,TO048,1771,1771,8-9,del,del,_,_,_
1771-7a,_,_,1771,8,_,di,di,ADP,_
1771-7b,_,_,1771,9,_,il,il,DET,_
1771-8,TO048,1771,1771,10,dermatolo[go?,dermatologo,dermatologo,NOUN,Intonation=rising
1771-9,TO048,1771,1771,11,pe]rché,perché,perché,SCONJ,_
1771-10,TO048,1771,1771,12,mi,mi,mi,PRON,_
1771-11,TO048,1771,1771,13,ha,ha,avere,AUX,_
1771-12,TO048,1771,1771,14,chiesto,chiesto,chiedere,VERB,_
1771-13,TO048,1771,1771,15,se,se,se,SCONJ,_
1771-14,TO048,1771,1771,16,tu,tu,tu,PRON,_
1771-15,TO048,1771,1771,17,lo,lo,il,DET,_
1771-16,TO048,1771,1771,18,conosces~,conosces~,conosces~,X,Interrupted=Yes
1771-17,TO048,1771,1771,19,eh,eh,eh,INTJ,_
1771-18,TO048,1771,1771,20,>io,io,io,PRON,_
1771-19,TO048,1771,1771,21,conoscevo,conoscevo,conoscere,VERB,_
1771-20,TO048,1771,1771,22,il,il,il,DET,_
1771-21,TO048,1771,1771,23,dermatologo,dermatologo,dermatologo,NOUN,_
1771-22,TO048,1771,1771,24,e,e,e,CCONJ,_
1771-23,TO048,1771,1771,25,le,le,le,PRON,_
1771-24,TO048,1771,1771,26,ho,ho,avere,AUX,_
1771-25,TO048,1771,1771,27,detto,detto,dire,VERB,_
1771-26,TO048,1771,1771,28,no,no,no,ADV,_
1771-27,TO048,1771,1771,29,ma,ma,ma,CCONJ,_
1771-28,TO048,1771,1771,30,che,che,che,SCONJ,_
1771-29,TO048,1771,1771,31,tu,tu,tu,PRON,_
1771-30,TO048,1771,1771,32,lo,lo,lo,PRON,_
1771-31,TO048,1771,1771,33,conoscevi<.,conoscevi,conoscere,VERB,Intonation=falling
1772-0,TO050,1772,1772,1,[sì].,sì,sì,ADV,Intonation=falling
1773-0,TO048,1773,1773,1,e,e,e,CCONJ,_
1773-1,TO048,1773,1773,2,le,le,le,PRON,_
1773-2,TO048,1773,1773,3,hai,hai,avere,AUX,_
1773-3,TO048,1773,1773,4,dato,dato,dare,VERB,_
1773-4,TO048,1773,1773,5,il,il,il,DET,_
1773-5,TO048,1773,1773,6,contatto?,contatto,contatto,NOUN,Intonation=rising
1774-0,TO048,1774,1774,1,bene.,bene,bene,ADV,Intonation=falling
1775-0,TO050,1775,1775,1-2,gliel',gliel',_,_,Truncated=Yes
1775-0a,_,_,1775,1,_,glie,gli,PRON,_
1775-0b,_,_,1775,2,_,l',lo,PRON,_
1775-1,TO050,1775,1775,3,ho,ho,avere,AUX,_
1775-2,TO050,1775,1775,4,mandato,mandato,mandato,VERB,_
1775-3,TO050,1775,1775,5,"dirett[amente:],",direttamente,direttamente,ADV,Intonation=weakly_rising
1776-0,TO052,1776,1776,1,[anche,anche,anche,ADV,_
1776-1,TO052,1776,1776,2,io,io,io,PRON,_
1776-2,TO052,1776,1776,3,quando,quando,quando,SCONJ,_
1776-3,TO052,1776,1776,4,s]ono,sono,essere,AUX,_
1776-4,TO052,1776,1776,5,entrato,entrato,entrare,VERB,_
1776-5,TO052,1776,1776,6,la,la,il,DET,_
1776-6,TO052,1776,1776,7,prima,prima,primo,ADJ,_
1776-7,TO052,1776,1776,8,cosa,cosa,cosa,NOUN,_
1776-8,TO052,1776,1776,9,che,che,che,PRON,_
1776-9,TO052,1776,1776,10,ho,ho,avere,AUX,_
1776-10,TO052,1776,1776,11,[pensato,pensato,pensare,VERB,_
1776-11,TO052,1776,1776,12,è,è,essere,AUX,_
1776-12,TO052,1776,1776,13,{P},{P},_,_,_
1776-13,TO052,1776,1776,14,ma,ma,ma,CCONJ,_
1776-14,TO052,1776,1776,15,tu,tu,tu,PRON,_
1776-15,TO052,1776,1776,16,pensa,pensa,pensare,VERB,_
1776-16,TO052,1776,1776,17,se,se,se,SCONJ,_
1776-17,TO052,1776,1776,18,deve:]:,deve,dovere,AUX,_
1776-18,TO052,1776,1776,19,se,se,se,PRON,_
1776-19,TO052,1776,1776,20,deve,deve,devere,VERB,_
1776-20,TO052,1776,1776,21,quando,quando,quando,SCONJ,_
1776-21,TO052,1776,1776,22,deve,deve,dovere,AUX,_
1776-22,TO052,1776,1776,23,visitare,visitare,visitare,VERB,_
1776-23,TO052,1776,1776,24,le,le,il,DET,_
1776-24,TO052,1776,1776,25,donne.,donne,donna,NOUN,Intonation=falling
1777-0,TO050,1777,1777,1,[xxxx],x,x,X,_
1778-0,TO050,1778,1778,1-2,scusami.,scusami,_,_,Intonation=falling
1778-0a,_,_,1778,1,_,scusa,scusare,VERB,
1778-0b,_,_,1778,2,_,mi,mi,PRON,
1779-0,TO052,1779,1779,0,{ride},{ride},_,X,_
1780-0,TO048,1780,1780,0,{ride},{ride},_,X,_
1781-0,TO050,1781,1781,0,{ride},{ride},_,X,_
1782-0,TO050,1782,1782,1-2,scusami.,scusami,_,_,Intonation=falling
1782-0a,_,_,1782,1,_,scusa,scusare,VERB,
1782-0b,_,_,1782,2,_,mi,mi,PRON,
1783-0,TO050,1783,1783,1,come,come,come,ADP,_
1783-1,TO050,1783,1783,2,una,una,uno,DET,_
1783-2,TO050,1783,1783,3,"cortesia,",cortesia,cortesia,NOUN,Intonation=weakly_rising
1784-0,TO052,1784,1784,0,{ride},{ride},_,X,_
1785-0,TO048,1785,1785,0,{ride},{ride},_,X,_
1786-0,TO050,1786,1786,0,{ride},{ride},_,X,_
1787-0,TO048,1787,1787,1,volevo,volevo,volere,AUX,_
1787-1,TO048,1787,1787,2,ascoltare,ascoltare,ascoltare,VERB,_
1787-2,TO048,1787,1787,3,tutti,tutti,tutto,PRON,_
1787-3,TO048,1787,1787,4,e,e,e,CCONJ,_
1787-4,TO048,1787,1787,5,due.,due,due,NUM,Intonation=falling
1788-0,TO050,1788,1788,1,xxxx,x,x,X,_
1789-0,TO048,1789,1789,1,ho,ho,avere,AUX,_
1789-1,TO048,1789,1789,2,capito,capito,capire,VERB,_
1789-2,TO048,1789,1789,3,"però,",però,però,ADV,Intonation=weakly_rising
1790-0,TO052,1790,1790,1,che,che,che,SCONJ,_
1790-1,TO052,1790,1790,2,stai,stai,stare,VERB,_
1790-2,TO052,1790,1790,3,a,a,a,ADP,_
1790-3,TO052,1790,1790,4,pe~,pe~,pe~,X,Interrupted=Yes
1791-0,TO050,1791,1791,1,xxx,x,x,X,_
1792-0,TO048,1792,1792,1,lui,lui,lui,PRON,_
1792-1,TO048,1792,1792,2,stava,stava,stare,AUX,_
1792-2,TO048,1792,1792,3,dicendo,dicendo,dire,VERB,_
1792-3,TO048,1792,1792,4,che,che,che,SCONJ,_
1792-4,TO048,1792,1792,5,ha,ha,avere,AUX,_
1792-5,TO048,1792,1792,6,pensato,pensato,pensare,VERB,_
1792-6,TO048,1792,1792,7,a,a,a,ADP,_
1792-7,TO048,1792,1792,8,a,a,a,ADP,_
1792-8,TO048,1792,1792,9,quando,quando,quando,SCONJ,_
1792-9,TO048,1792,1792,10,deve,deve,dovere,AUX,_
1792-10,TO048,1792,1792,11,visitare,visitare,visitare,VERB,_
1792-11,TO048,1792,1792,12,le,le,il,DET,_
1792-12,TO048,1792,1792,13,donne,donne,donna,NOUN,_
1792-13,TO048,1792,1792,14,e,e,e,CCONJ,_
1792-14,TO048,1792,1792,15,tu,tu,tu,PRON,_
1792-15,TO048,1792,1792,16,stavi,stavi,stare,AUX,_
1792-16,TO048,1792,1792,17,dicendo,dicendo,dire,VERB,_
1792-17,TO048,1792,1792,18,che,che,che,SCONJ,_
1792-18,TO048,1792,1792,19,hai,hai,avere,AUX,_
1792-19,TO048,1792,1792,20,mandato,mandato,mandato,VERB,_
1792-20,TO048,1792,1792,21,direttamente,direttamente,direttamente,ADV,_
1792-21,TO048,1792,1792,22,il,il,il,DET,_
1792-22,TO048,1792,1792,23,contatto,contatto,contatto,NOUN,_
1792-23,TO048,1792,1792,24,a,a,a,ADP,_
1792-24,TO048,1792,1792,25,"[lara],",lara,Lara,PROPN,Intonation=weakly_rising
1793-0,TO050,1793,1793,1,[no,no,no,ADV,_
1793-1,TO050,1793,1793,2,che],che,che,SCONJ,_
1793-2,TO050,1793,1793,3,le,le,le,PRON,_
1793-3,TO050,1793,1793,4,ho,ho,avere,AUX,_
1793-4,TO050,1793,1793,5,mandato,mandato,mandare,VERB,_
1793-5,TO050,1793,1793,6,il,il,il,DET,_
1793-6,TO050,1793,1793,7,sito,sito,sito,NOUN,_
1793-7,TO050,1793,1793,8,web,web,web,NOUN,_
1793-8,TO050,1793,1793,9,xx,x,x,X,_
1793-9,TO050,1793,1793,10,xx,x,x,X,_
1793-10,TO050,1793,1793,11,punto,punto,punto,NOUN,_
1793-11,TO050,1793,1793,12,com,com,com,NOUN,_
1793-12,TO050,1793,1793,13,perché,perché,perché,SCONJ,_
1793-13,TO050,1793,1793,14,un,un,uno,DET,_
1793-14,TO050,1793,1793,15,dermatologo,dermatologo,dermatologo,NOUN,_
1793-15,TO050,1793,1793,16,che,che,che,PRON,_
1793-16,TO050,1793,1793,17,c',c',ci,PRON,Truncated=Yes
1793-17,TO050,1793,1793,18,ha,ha,avere,VERB,_
1793-18,TO050,1793,1793,19,un,un,uno,DET,_
1793-19,TO050,1793,1793,20,sito,sito,sito,NOUN,_
1793-20,TO050,1793,1793,21,"web,",web,web,NOUN,Intonation=weakly_rising
1794-0,TO050,1794,1794,1,cioè,cioè,cioè,CCONJ,_
1794-1,TO050,1794,1794,2,mo~,mo~,mo~,X,Interrupted=Yes
1794-2,TO050,1794,1794,3,molti,molti,molto,DET,_
1794-3,TO050,1794,1794,4,medici,medici,medico,NOUN,_
1794-4,TO050,1794,1794,5,ce,ce,ce,PRON,_
1794-5,TO050,1794,1794,6,l',l',lo,PRON,Truncated=Yes
1794-6,TO050,1794,1794,7,hanno,hanno,avere,VERB,_
1794-7,TO050,1794,1794,8,"però,",però,però,ADV,Intonation=weakly_rising
1795-0,TO050,1795,1795,1,mi,mi,mi,PRON,_
1795-1,TO050,1795,1795,2,fa,fa,fare,VERB,_
1795-2,TO050,1795,1795,3,xx,x,x,X,_
1795-3,TO050,1795,1795,4,[xx].,xx,xx,X,Intonation=falling
1796-0,TO048,1796,1796,1,[mia,mia,mio,DET,_
1796-1,TO048,1796,1796,2,ma]mma,mamma,mamma,NOUN,_
1796-2,TO048,1796,1796,3,non,non,non,ADV,_
1796-3,TO048,1796,1796,4,ha,ha,avere,VERB,_
1796-4,TO048,1796,1796,5,un,un,uno,DET,_
1796-5,TO048,1796,1796,6,sito,sito,sito,NOUN,_
1796-6,TO048,1796,1796,7,web.,web,web,NOUN,Intonation=falling
1797-0,TO048,1797,1797,1,°peccato.°,peccato,peccato,NOUN,Intonation=falling|Volume=low
1798-0,TO052,1798,1798,1,potrebbe,potrebbe,potere,AUX,_
1798-1,TO052,1798,1798,2,ancora,ancora,ancora,ADV,_
1798-2,TO052,1798,1798,3-5,farse[lo].,farselo,_,_,Intonation=falling
1798-2a,_,_,1798,3,_,far,fare,VERB,_
1798-2b,_,_,1798,4,_,se,se,PRON,_
1798-2c,_,_,1798,5,_,lo,lo,PRON,_
1799-0,TO048,1799,1799,1,[per]ò,però,però,ADV,_
1799-1,TO048,1799,1799,2,mio,mio,mio,DET,_
1799-2,TO048,1799,1799,3,padre,padre,padre,NOUN,_
1799-3,TO048,1799,1799,4,h~,h~,h~,X,Interrupted=Yes
1799-4,TO048,1799,1799,5,ha,ha,avere,VERB,_
1799-5,TO048,1799,1799,6,un,un,uno,DET,_
1799-6,TO048,1799,1799,7,sacco,sacco,sacco,NOUN,_
1799-7,TO048,1799,1799,8,di,di,di,ADP,_
1799-8,TO048,1799,1799,9,video,video,video,NOUN,_
1799-9,TO048,1799,1799,10,su,su,su,ADP,_
1799-10,TO048,1799,1799,11,youtube.,youtube,youtube,NOUN,Intonation=falling
1800-0,TO050,1800,1800,1,ma,ma,ma,CCONJ,_
1800-1,TO050,1800,1800,2,il,il,il,DET,_
1800-2,TO050,1800,1800,3,dottor,dottor,dottore,NOUN,_
1800-3,TO050,1800,1800,4,violi,violi,Violi,PROPN,_
1800-4,TO050,1800,1800,5,"è,",è,essere,AUX,Intonation=weakly_rising
1801-0,TO050,1801,1801,1,(si,si,si,PRON,_
1801-1,TO050,1801,1801,2,"compen[sa,)]",compensa,compensare,VERB,Intonation=weakly_rising
1802-0,TO048,1802,1802,1,[ah],ah,ah,INTJ,_
1802-1,TO048,1802,1802,2,oggi,oggi,oggi,ADV,_
1802-2,TO048,1802,1802,3,mio,mio,mio,DET,_
1802-3,TO048,1802,1802,4,padre,padre,padre,NOUN,_
1802-4,TO048,1802,1802,5,ha,ha,avere,AUX,_
1802-5,TO048,1802,1802,6,pubblicato,pubblicato,pubblicare,VERB,_
1802-6,TO048,1802,1802,7-8,sul,sul,_,_,_
1802-6a,_,_,1802,7,_,su,su,ADP,_
1802-6b,_,_,1802,8,_,il,il,DET,_
1802-7,TO048,1802,1802,9,suo,suo,suo,DET,_
1802-8,TO048,1802,1802,10,facebook,facebook,facebook,NOUN,_
1802-9,TO048,1802,1802,11,il,il,il,DET,_
1802-10,TO048,1802,1802,12,suo,suo,suo,DET,_
1802-11,TO048,1802,1802,13,singolo,singolo,singolo,NOUN,_
1802-12,TO048,1802,1802,14,l',l',il,DET,Truncated=Yes
1802-13,TO048,1802,1802,15,amore,amore,amore,NOUN,_
1802-14,TO048,1802,1802,16,"è,",è,essere,AUX,Intonation=weakly_rising
1803-0,TO050,1803,1803,1,"°no::,°",no,no,ADV,Intonation=weakly_rising|Volume=low
1804-0,TO048,1804,1804,1,peccato,peccato,peccato,NOUN,_
1804-1,TO048,1804,1804,2,che,che,che,SCONJ,_
1804-2,TO048,1804,1804,3,non,non,non,ADV,_
1804-3,TO048,1804,1804,4,ce,ce,ce,PRON,_
1804-4,TO048,1804,1804,5,l',l',lo,PRON,Truncated=Yes
1804-5,TO048,1804,1804,6,avete,avete,avere,VERB,_
1804-6,TO048,1804,1804,7,su,su,su,ADP,_
1804-7,TO048,1804,1804,8,facebook,facebook,facebook,NOUN,_
1804-8,TO048,1804,1804,9,potevate,potevate,potere,AUX,_
1804-9,TO048,1804,1804,10,"godere,",godere,godere,VERB,Intonation=weakly_rising
1805-0,TO050,1805,1805,1,°perché,perché,perché,SCONJ,Volume=low
1805-1,TO050,1805,1805,2,noi,noi,noi,PRON,Volume=low
1805-2,TO050,1805,1805,3,non,non,non,ADV,Volume=low
1805-3,TO050,1805,1805,4,"abbiamo,°",abbiamo,avere,VERB,Intonation=weakly_rising|Volume=low
1806-0,TO052,1806,1806,1,non,non,non,ADV,_
1806-1,TO052,1806,1806,2,l',l',lo,PRON,Truncated=Yes
1806-2,TO052,1806,1806,3,ha,ha,avere,AUX,_
1806-3,TO052,1806,1806,4,pubblicato,pubblicato,pubblicare,VERB,_
1806-4,TO052,1806,1806,5,su,su,su,ADP,_
1806-5,TO052,1806,1806,6,youtube?,youtube,youtube,NOUN,Intonation=rising
1807-0,TO048,1807,1807,1,"sì,",sì,sì,ADV,Intonation=weakly_rising
1808-0,TO048,1808,1808,1,anni,anni,anno,NOUN,_
1808-1,TO048,1808,1808,2,fa,fa,fa,ADV,_
1808-2,TO048,1808,1808,3,però,però,però,ADV,_
1808-3,TO048,1808,1808,4,oggi,oggi,oggi,ADV,_
1808-4,TO048,1808,1808,5,l',l',lo,PRON,Truncated=Yes
1808-5,TO048,1808,1808,6,ha,ha,avere,AUX,_
1808-6,TO048,1808,1808,7,messo,messo,mettere,VERB,_
1808-7,TO048,1808,1808,8,su,su,su,ADP,_
1808-8,TO048,1808,1808,9,facebook.,facebook,facebook,NOUN,Intonation=falling
1809-0,TO048,1809,1809,1,dovresti,dovresti,dovere,AUX,_
1809-1,TO048,1809,1809,2-3,farvi,farvi,_,_,_
1809-1a,_,_,1809,2,_,far,fare,VERB,_
1809-1b,_,_,1809,3,_,vi,vi,ADV,_
1809-2,TO048,1809,1809,4,facebook,facebook,facebook,NOUN,_
1809-3,TO048,1809,1809,5,[solo,solo,solo,ADV,_
1809-4,TO048,1809,1809,6,per,per,per,ADP,_
1809-5,TO048,1809,1809,7,stalkerare,stalkerare,stalkerare,VERB,_
1809-6,TO048,1809,1809,8,(mio),mio,mio,DET,_
1809-7,TO048,1809,1809,9,papà].,papà,papà,NOUN,Intonation=falling
1810-0,TO052,1810,1810,1,[perché,perché,perché,SCONJ,_
1810-1,TO052,1810,1810,2,lui,lui,lui,PRON,_
1810-2,TO052,1810,1810,3,fa,fa,fare,VERB,_
1810-3,TO052,1810,1810,4,<lui,lui,lui,PRON,_
1810-4,TO052,1810,1810,5,scri]ve:,scrive,scrivere,VERB,_
1810-5,TO052,1810,1810,6,"musica::>,",musica,musica,NOUN,Intonation=weakly_rising
1811-0,TO048,1811,1811,0,{sospira},{sospira},_,X,_
1812-0,TO052,1812,1812,1,°canta°?,canta,cantare,VERB,Intonation=rising|Volume=low
1813-0,TO050,1813,1813,1,°non,non,non,ADV,Volume=low
1813-1,TO050,1813,1813,2,la,la,la,DET,Volume=low
1813-2,TO050,1813,1813,3,xxx,x,x,X,Volume=low
1813-3,TO050,1813,1813,4,"da:i,°",dai,dare,VERB,Intonation=weakly_rising|Volume=low
1814-0,TO052,1814,1814,1,°è,è,essere,AUX,Volume=low
1814-1,TO052,1814,1814,2,musica,musica,musica,NOUN,Volume=low
1814-2,TO052,1814,1814,3,imbarazzante?°,imbarazzante,imbarazzante,ADJ,Intonation=rising|Volume=low
1815-0,TO052,1815,1815,1,°non,non,non,ADV,Volume=low
1815-1,TO052,1815,1815,2,ti,ti,ti,PRON,Volume=low
1815-2,TO052,1815,1815,3,preoccupare.°,preoccupare,preoccupare,VERB,Intonation=falling|Volume=low
1816-0,TO050,1816,1816,1,ma,ma,ma,CCONJ,_
1816-1,TO050,1816,1816,2,secondo,secondo,secondo,ADP,_
1816-2,TO050,1816,1816,3,me,me,me,PRON,_
1816-3,TO050,1816,1816,4,xx,x,x,X,_
1816-4,TO050,1816,1816,5,xx,x,x,X,_
1816-5,TO050,1816,1816,6,secondo,secondo,secondo,ADP,_
1816-6,TO050,1816,1816,7,me,me,me,PRON,_
1816-7,TO050,1816,1816,8,fa,fa,fare,VERB,_
1816-8,TO050,1816,1816,9,musica,musica,musica,NOUN,_
1816-9,TO050,1816,1816,10,carina.,carina,carina,NOUN,Intonation=falling
1817-0,TO052,1817,1817,1,ora,ora,ora,ADV,_
1817-1,TO052,1817,1817,2,però,però,però,ADV,_
1817-2,TO052,1817,1817,3,lo,lo,il,PRON,_
1817-3,TO052,1817,1817,4,voglio,voglio,volere,AUX,_
1817-4,TO052,1817,1817,5,sentire.,sentire,sentire,VERB,Intonation=falling
1818-0,TO050,1818,1818,1,può,può,potere,AUX,_
1818-1,TO050,1818,1818,2,mai,mai,mai,ADV,_
1818-2,TO050,1818,1818,3,essere,essere,essere,AUX,_
1818-3,TO050,1818,1818,4,peggio,peggio,peggio,ADJ,_
1818-4,TO050,1818,1818,5,di,di,di,ADP,_
1818-5,TO050,1818,1818,6,alessandra,alessandra,Alessandra,PROPN,_
1818-6,TO050,1818,1818,7,amoroso?,amoroso,Amoroso,PROPN,Intonation=rising
1819-0,TO052,1819,1819,1,°sì.°,sì,sì,ADV,Intonation=falling|Volume=low
1820-0,TO052,1820,1820,1,non,non,non,ADV,_
1820-1,TO052,1820,1820,2,per,per,per,ADP,_
1820-2,TO052,1820,1820,3,suo,suo,suo,DET,_
1820-3,TO052,1820,1820,4,"padre,",padre,padre,NOUN,Intonation=weakly_rising
1821-0,TO050,1821,1821,1,ma,ma,ma,CCONJ,_
1821-1,TO050,1821,1821,2,perché,perché,perché,ADV,_
1821-2,TO050,1821,1821,3,alessandra,alessandra,Alessandra,PROPN,_
1821-3,TO050,1821,1821,4,amoroso,amoroso,Amoroso,PROPN,_
1821-4,TO050,1821,1821,5,non,non,non,ADV,_
1821-5,TO050,1821,1821,6,è,è,essere,AUX,_
1821-6,TO050,1821,1821,7,così.,così,così,ADV,Intonation=falling
1822-0,TO048,1822,1822,1,{ride},{ride},_,_,_
1822-1,TO048,1822,1822,2,xx,x,x,X,_
1822-2,TO048,1822,1822,3,xx,x,x,X,_
1822-3,TO048,1822,1822,4,con,con,con,ADP,_
1822-4,TO048,1822,1822,5,alessandra,alessandra,Alessandra,PROPN,_
1822-5,TO048,1822,1822,6,amoroso.,amoroso,Amoroso,PROPN,Intonation=falling
1823-0,TO052,1823,1823,0,{ride},{ride},_,X,_
1824-0,TO048,1824,1824,1,può,può,potere,AUX,_
1824-1,TO048,1824,1824,2,mai,mai,mai,ADV,_
1824-2,TO048,1824,1824,3,essere,essere,essere,AUX,_
1824-3,TO048,1824,1824,4,peggio,peggio,peggio,ADJ,_
1824-4,TO048,1824,1824,5,di,di,di,ADP,_
1824-5,TO048,1824,1824,6,nek?,nek,Nek,PROPN,Intonation=rising
1825-0,TO048,1825,1825,1,"m::h,",mh,mh,INTJ,Intonation=weakly_rising
1826-0,TO050,1826,1826,1,fiorella,fiorella,Fiorella,PROPN,_
1826-1,TO050,1826,1826,2,mannoia?,mannoia,Mannoia,PROPN,Intonation=rising
1827-0,TO048,1827,1827,1,m::h,mh,mh,INTJ,ProsodicLink=Yes
1827-1,TO048,1827,1827,2,no,no,no,ADV,_
1827-2,TO048,1827,1827,3,fiorella,fiorella,Fiorella,PROPN,_
1827-3,TO048,1827,1827,4,mannoia,mannoia,Mannoia,PROPN,_
1827-4,TO048,1827,1827,5,però,però,però,ADV,_
1827-5,TO048,1827,1827,6,xxx,x,x,X,_
1827-6,TO048,1827,1827,7-8,alla,alla,_,_,_
1827-6a,_,_,1827,7,_,a,a,ADP,_
1827-6b,_,_,1827,8,_,la,il,DET,_
1827-7,TO048,1827,1827,9,voce.,voce,voce,NOUN,Intonation=falling
1828-0,TO052,1828,1828,1,no,no,no,ADV,_
1828-1,TO052,1828,1828,2,ma,ma,ma,CCONJ,_
1828-2,TO052,1828,1828,3,non,non,non,ADV,_
1828-3,TO052,1828,1828,4,solo,solo,solo,ADV,_
1828-4,TO052,1828,1828,5,dipende,dipende,dipendere,VERB,_
1828-5,TO052,1828,1828,6,anche,anche,anche,ADV,_
1828-6,TO052,1828,1828,7-8,dal,dal,_,_,_
1828-6a,_,_,1828,7,_,da,da,ADP,_
1828-6b,_,_,1828,8,_,il,il,DET,_
1828-7,TO052,1828,1828,9,pezzo.,pezzo,pezzo,NOUN,Intonation=falling
1829-0,TO052,1829,1829,1,l',l',il,DET,Truncated=Yes
1829-1,TO052,1829,1829,2,ultimo,ultimo,ultimo,NOUN,_
1829-2,TO052,1829,1829,3,fa,fa,fare,AUX,_
1829-3,TO052,1829,1829,4,cagare,cagare,cagare,VERB,_
1829-4,TO052,1829,1829,5,ma,ma,ma,CCONJ,_
1829-5,TO052,1829,1829,6,°quelli,quelli,quello,PRON,Volume=low
1829-6,TO052,1829,1829,7,di,di,di,ADP,Volume=low
1829-7,TO052,1829,1829,8,prima,prima,prima,ADV,Volume=low
1829-8,TO052,1829,1829,9,erano,erano,essere,AUX,Volume=low
1829-9,TO052,1829,1829,10,bellissimi,bellissimi,bello,ADJ,Volume=low
1829-10,TO052,1829,1829,11,i,i,il,DET,Volume=low
1829-11,TO052,1829,1829,12,treni,treni,treno,NOUN,Volume=low
1829-12,TO052,1829,1829,13,a,a,a,ADP,Volume=low
1829-13,TO052,1829,1829,14,vapore,vapore,vapore,NOUN,Volume=low
1829-14,TO052,1829,1829,15,stavo,stavo,stavo,ADJ,Volume=low
1829-15,TO052,1829,1829,16,scherzando.°,scherzando,scherzare,VERB,Intonation=falling|Volume=low
1830-0,TO052,1830,1830,1,°il,il,il,DET,Volume=low
1830-1,TO052,1830,1830,2,cielo,cielo,cielo,NOUN,Volume=low
1830-2,TO052,1830,1830,3,d',d',di,ADP,SpaceAfter=No|Volume=low
1830-3,TO052,1830,1830,4,irlanda.°,irlanda,Irlanda,PROPN,Intonation=falling|Volume=low
1831-0,TO050,1831,1831,1,x,x,x,X,_
1832-0,TO048,1832,1832,1,°è,è,essere,AUX,Volume=low
1832-1,TO048,1832,1832,2,vera,vera,vero,ADJ,Volume=low
1832-2,TO048,1832,1832,3,{P},{P},_,_,Volume=low
1832-3,TO048,1832,1832,4,<botte,botte,botte,NOUN,Volume=low
1832-4,TO048,1832,1832,5,di>,di,di,ADP,Volume=low
1832-5,TO048,1832,1832,6,{P},{P},_,_,Volume=low
1832-6,TO048,1832,1832,7,xxx.°,xxx,x,X,Intonation=falling|Volume=low
1833-0,TO052,1833,1833,1,dai,dai,dare,VERB,_
1833-1,TO052,1833,1833,2-3,fatemi,fatemi,_,_,_
1833-1a,_,_,1833,2,_,fate,fare,VERB,_
1833-1b,_,_,1833,3,_,mi,mi,PRON,_
1833-2,TO052,1833,1833,4,vedere,vedere,vedere,VERB,_
1833-3,TO052,1833,1833,5,l',l',il,DET,Truncated=Yes
1833-4,TO052,1833,1833,6,amore,amore,amore,NOUN,_
1833-5,TO052,1833,1833,7,è.,è,essere,AUX,Intonation=falling
1834-0,TO048,1834,1834,1,no.,no,no,ADV,Intonation=falling
1835-0,TO052,1835,1835,1-4,dammi,dammi,_,_,_
1835-0a,_,_,1835,1,_,dam,dare,VERB,
1835-0b,_,_,1835,4,_,mi,mi,PRON,
1835-1,TO052,1835,1835,2,il,il,il,DET,_
1835-2,TO052,1835,1835,3,[telefono].,telefono,telefono,NOUN,Intonation=falling
1836-0,TO048,1836,1836,1,[te,te,te,PRON,_
1836-1,TO048,1836,1836,2,lo,lo,lo,PRON,_
1836-2,TO048,1836,1836,3,puoi],puoi,potere,AUX,_
1836-3,TO048,1836,1836,4,scordare.,scordare,scordare,VERB,Intonation=falling
1837-0,TO052,1837,1837,1,vabbè,vabbè,vabbè,INTJ,_
1837-1,TO052,1837,1837,2,lo,lo,il,DET,_
1837-2,TO052,1837,1837,3,guardo,guardo,guardare,VERB,_
1837-3,TO052,1837,1837,4,poi,poi,poi,ADV,_
1837-4,TO052,1837,1837,5,"dopo,",dopo,dopo,ADP,Intonation=weakly_rising
1838-0,TO052,1838,1838,1-2,°sappilo.°,sappilo,sappilo,_,Intonation=falling|Volume=low
1838-0a,_,_,1838,1,_,sappi ,sapere,VERB,
1838-0b,_,_,1838,2,_,lo,lo,PRON,
1839-0,TO048,1839,1839,1,ma,ma,ma,CCONJ,_
1839-1,TO048,1839,1839,2,quindi,quindi,quindi,ADV,_
1839-2,TO048,1839,1839,3,aspetta,aspetta,aspettare,VERB,_
1839-3,TO048,1839,1839,4,prima,prima,prima,ADV,_
1839-4,TO048,1839,1839,5,di,di,di,ADP,_
1839-5,TO048,1839,1839,6,parlare,parlare,parlare,VERB,_
1839-6,TO048,1839,1839,7-8,del,del,_,_,_
1839-6a,_,_,1839,7,_,di,di,ADP,_
1839-6b,_,_,1839,8,_,il,il,DET,_
1839-7,TO048,1839,1839,9,{P},{P},_,_,_
1839-8,TO048,1839,1839,10,"proctologo,",proctologo,proctologo,NOUN,Intonation=weakly_rising
1840-0,TO052,1840,1840,1,"sì,",sì,sì,ADV,Intonation=weakly_rising
1841-0,TO048,1841,1841,1,ma,ma,ma,CCONJ,_
1841-1,TO048,1841,1841,2,x~,x~,x,X,Interrupted=Yes
1841-2,TO048,1841,1841,3,da,da,da,ADP,_
1841-3,TO048,1841,1841,4,dove,dove,dove,ADV,_
1841-4,TO048,1841,1841,5,viene,viene,venire,VERB,_
1841-5,TO048,1841,1841,6,proctologo?,proctologo,proctologo,NOUN,Intonation=rising
1842-0,TO052,1842,1842,1,non,non,non,ADV,_
1842-1,TO052,1842,1842,2,ne,ne,ne,PRON,_
1842-2,TO052,1842,1842,3,ho,ho,avere,VERB,_
1842-3,TO052,1842,1842,4,la,la,il,DET,_
1842-4,TO052,1842,1842,5,pi[ù,più,più,ADV,_
1842-5,TO052,1842,1842,6,"pallida:],",pallida,pallido,ADJ,Intonation=weakly_rising
1843-0,TO048,1843,1843,1,[<proc~],proc~,proc~,X,Interrupted=Yes
1843-1,TO048,1843,1843,2,{P},{P},_,_,_
1843-2,TO048,1843,1843,3,"to:s>,",tos,tos,NOUN,Intonation=weakly_rising
1844-0,TO048,1844,1844,1,e,e,e,CCONJ,_
1844-1,TO048,1844,1844,2,proctos,proctos,proctos,PROPN,_
1844-2,TO048,1844,1844,3,significa,significa,significare,VERB,_
1844-3,TO048,1844,1844,4,buco?,buco,buco,NOUN,Intonation=rising
1845-0,TO052,1845,1845,1,o,o,o,CCONJ,_
1845-1,TO052,1845,1845,2,intestino.,intestino,intestino,NOUN,Intonation=falling
1846-0,TO050,1846,1846,1,se,se,se,SCONJ,_
1846-1,TO050,1846,1846,2,xx,x,x,X,_
1846-2,TO050,1846,1846,3,xxx,x,x,X,_
1846-3,TO050,1846,1846,4,era,era,essere,AUX,_
1846-4,TO050,1846,1846,5,pertuso,pertuso,pertuso,NOUN,_
1846-5,TO050,1846,1846,6,{P},{P},_,_,_
1846-6,TO050,1846,1846,7,no.,no,no,ADV,Intonation=falling
1847-0,TO048,1847,1847,1,[tessi~],tessi~,tessi~,X,Interrupted=Yes
1848-0,TO052,1848,1848,1,[no,no,no,ADV,_
1848-1,TO052,1848,1848,2,secondo],secondo,secondo,ADP,_
1848-2,TO052,1848,1848,3,me,me,me,PRON,_
1848-3,TO052,1848,1848,4,è,è,essere,AUX,_
1848-4,TO052,1848,1848,5-6,dell',dell',_,_,Truncated=Yes
1848-4a,_,_,1848,5,_,di,di,ADP,_
1848-4b,_,_,1848,6,_,l',il,DET,_
1848-5,TO052,1848,1848,7,intestino.,intestino,intestino,NOUN,Intonation=falling
1849-0,TO050,1849,1849,1,a:[h,ah,ah,INTJ,_
1849-1,TO050,1849,1849,2,sì,sì,sì,ADV,_
1849-2,TO050,1849,1849,3,può,può,potere,AUX,_
1849-3,TO050,1849,1849,4,essere].,essere,essere,AUX,Intonation=falling
1850-0,TO052,1850,1850,1,[perché,perché,perché,SCONJ,_
1850-1,TO052,1850,1850,2,perché,perché,perché,SCONJ,_
1850-2,TO052,1850,1850,3,non,non,non,ADV,_
1850-3,TO052,1850,1850,4,è,è,essere,AUX,_
1850-4,TO052,1850,1850,5,il,il,il,DET,_
1850-5,TO052,1850,1850,6,dottore,dottore,dottore,NOUN,_
1850-6,TO052,1850,1850,7,solo,solo,solo,ADJ,_
1850-7,TO052,1850,1850,8-9,del,del,_,_,_
1850-7a,_,_,1850,8,_,di,di,ADP,_
1850-7b,_,_,1850,9,_,il,il,DET,_
1850-8,TO052,1850,1850,10,culo,culo,culo,NOUN,_
1850-9,TO052,1850,1850,11,in,in,in,ADP,_
1850-10,TO052,1850,1850,12,re]altà,realtà,realtà,NOUN,_
1850-11,TO052,1850,1850,13,cioè,cioè,cioè,CCONJ,_
1850-12,TO052,1850,1850,14-15,n[el,nel,_,_,_
1850-12a,_,_,1850,14,_,in,in,ADP,_
1850-12b,_,_,1850,15,_,il,il,DET,_
1850-13,TO052,1850,1850,16,se]nso,senso,senso,NOUN,_
1850-14,TO052,1850,1850,17,tu,tu,tu,PRON,_
1850-15,TO052,1850,1850,18,ci,ci,ci,PRON,_
1850-16,TO052,1850,1850,19,vai,vai,andare,VERB,_
1850-17,TO052,1850,1850,20,"per,",per,per,ADP,Intonation=weakly_rising
1851-0,TO048,1851,1851,1,[xxxx],x,x,X,_
1852-0,TO050,1852,1852,1,[sì].,sì,sì,ADV,Intonation=falling
1853-0,TO052,1853,1853,1,per,per,per,ADP,_
1853-1,TO052,1853,1853,2,vari:,vari,vario,DET,_
1853-2,TO052,1853,1853,3,problemi:,problemi,problema,NOUN,_
1853-3,TO052,1853,1853,4,"le[gati:],",legati,legare,VERB,Intonation=weakly_rising
1854-0,TO050,1854,1854,1,[che,che,che,SCONJ,_
1854-1,TO050,1854,1854,2,non,non,non,ADV,_
1854-2,TO050,1854,1854,3,ci,ci,ci,PRON,_
1854-3,TO050,1854,1854,4,vai,vai,andare,VERB,_
1854-4,TO050,1854,1854,5,p]er,per,per,ADP,_
1854-5,TO050,1854,1854,6,le,le,il,DET,_
1854-6,TO050,1854,1854,7,smagliature,smagliature,smagliatura,NOUN,_
1854-7,TO050,1854,1854,8,ma,ma,ma,CCONJ,_
1854-8,TO050,1854,1854,9,ci,ci,ci,PRON,_
1854-9,TO050,1854,1854,10,vai,vai,andare,VERB,_
1854-10,TO050,1854,1854,11,per,per,per,ADP,_
1854-11,TO050,1854,1854,12,xx,x,x,X,_
1854-12,TO050,1854,1854,13,culo,culo,culo,NOUN,_
1854-13,TO050,1854,1854,14,cioè,cioè,cioè,CCONJ,_
1854-14,TO050,1854,1854,15,l',l',il,DET,Truncated=Yes
1854-15,TO050,1854,1854,16,intestino.,intestino,intestino,NOUN,Intonation=falling
1855-0,TO052,1855,1855,1,ci,ci,ci,PRON,_
1855-1,TO052,1855,1855,2,vai,vai,andare,VERB,_
1855-2,TO052,1855,1855,3,anche,anche,anche,ADV,_
1855-3,TO052,1855,1855,4,per,per,per,ADP,_
1855-4,TO052,1855,1855,5,vari,vari,vario,DET,_
1855-5,TO052,1855,1855,6,problemi::,problemi,problema,NOUN,_
1855-6,TO052,1855,1855,7,non,non,non,ADV,_
1855-7,TO052,1855,1855,8,lo,lo,lo,PRON,_
1855-8,TO052,1855,1855,9,"so::,",so,sapere,VERB,Intonation=weakly_rising
1856-0,TO052,1856,1856,1,tipo,tipo,tipo,NOUN,_
1856-1,TO052,1856,1856,2,che,che,che,PRON,_
1856-2,TO052,1856,1856,3,ne,ne,ne,PRON,_
1856-3,TO052,1856,1856,4,so,so,sapere,VERB,_
1856-4,TO052,1856,1856,5,se,se,se,SCONJ,_
1856-5,TO052,1856,1856,6,{P},{P},_,_,_
1856-6,TO052,1856,1856,7,m::h,mh,mh,INTJ,_
1856-7,TO052,1856,1856,8,se,se,se,SCONJ,_
1856-8,TO052,1856,1856,9,hai,hai,avere,VERB,_
1856-9,TO052,1856,1856,10,una,una,uno,DET,_
1856-10,TO052,1856,1856,11,emorragia,emorragia,emorragia,NOUN,_
1856-11,TO052,1856,1856,12,interna,interna,interno,ADJ,_
1856-12,TO052,1856,1856,13-14,all',all',_,_,Truncated=Yes
1856-12a,_,_,1856,13,_,a,a,ADP,_
1856-12b,_,_,1856,14,_,l',il,DET,_
1856-13,TO052,1856,1856,15,"intestino,",intestino,intestino,NOUN,Intonation=weakly_rising
1857-0,TO052,1857,1857,1,e,e,e,CCONJ,_
1857-1,TO052,1857,1857,2,caghi,caghi,cagare,VERB,_
1857-2,TO052,1857,1857,3,"sangue,",sangue,sangue,NOUN,Intonation=weakly_rising
1858-0,TO052,1858,1858,1,"e::h,",eh,eh,INTJ,Intonation=weakly_rising
1859-0,TO050,1859,1859,1,°xxxxx°,x,x,X,Volume=low
1860-0,TO050,1860,1860,1,però,però,però,ADV,_
1860-1,TO050,1860,1860,2,questo,questo,questo,PRON,_
1860-2,TO050,1860,1860,3,è,è,essere,AUX,_
1860-3,TO050,1860,1860,4,un,un,uno,DET,_
1860-4,TO050,1860,1860,5,discorso,discorso,discorso,NOUN,_
1860-5,TO050,1860,1860,6,che,che,che,PRON,_
1860-6,TO050,1860,1860,7,non,non,non,ADV,_
1860-7,TO050,1860,1860,8,dobbiamo,dobbiamo,dovere,AUX,_
1860-8,TO050,1860,1860,9,fare.,fare,fare,VERB,Intonation=falling
1861-0,TO050,1861,1861,1,eh,eh,eh,INTJ,_
1861-1,TO050,1861,1861,2,ci,ci,ci,PRON,_
1861-2,TO050,1861,1861,3,pensate,pensate,pensare,VERB,_
1861-3,TO050,1861,1861,4,che,che,che,SCONJ,_
1861-4,TO050,1861,1861,5,è,è,essere,AUX,_
1861-5,TO050,1861,1861,6,proprio,proprio,proprio,ADV,_
1861-6,TO050,1861,1861,7,stranissimo,stranissimo,strano,ADJ,_
1861-7,TO050,1861,1861,8,la,la,il,DET,_
1861-8,TO050,1861,1861,9,cacca,cacca,cacca,NOUN,_
1861-9,TO050,1861,1861,10,e,e,e,CCONJ,_
1861-10,TO050,1861,1861,11,la,la,il,DET,_
1861-11,TO050,1861,1861,12,pipì.,pipì,pipì,NOUN,Intonation=falling
1862-0,TO050,1862,1862,1,mh,mh,mh,INTJ,_
1862-1,TO050,1862,1862,2,mh,mh,mh,INTJ,_
1862-2,TO050,1862,1862,3,sono,sono,essere,AUX,_
1862-3,TO050,1862,1862,4,cose,cose,cosa,NOUN,_
1862-4,TO050,1862,1862,5,strane.,strane,strano,ADJ,Intonation=falling
1863-0,TO050,1863,1863,1,cioè,cioè,cioè,CCONJ,_
1863-1,TO050,1863,1863,2,è,è,essere,AUX,_
1863-2,TO050,1863,1863,3,strano,strano,strano,ADJ,_
1863-3,TO050,1863,1863,4,capito,capito,capire,VERB,_
1863-4,TO050,1863,1863,5,che,che,che,SCONJ,_
1863-5,TO050,1863,1863,6-7,nella,nella,_,_,_
1863-5a,_,_,1863,6,_,in,in,ADP,_
1863-5b,_,_,1863,7,_,la,il,DET,_
1863-6,TO050,1863,1863,8,vita,vita,vita,NOUN,_
1863-7,TO050,1863,1863,9,uno,uno,uno,PRON,_
1863-8,TO050,1863,1863,10,deve,deve,dovere,AUX,_
1863-9,TO050,1863,1863,11,cioè,cioè,cioè,CCONJ,_
1863-10,TO050,1863,1863,12,ogni,ogni,ogni,DET,_
1863-11,TO050,1863,1863,13,giorno,giorno,giorno,NOUN,_
1863-12,TO050,1863,1863,14,eh,eh,eh,INTJ,_
1863-13,TO050,1863,1863,15,se,se,se,SCONJ,_
1863-14,TO050,1863,1863,16,sei,sei,essere,AUX,_
1863-15,TO050,1863,1863,17,fortunato,fortunato,fortunato,VERB,_
1863-16,TO050,1863,1863,18,"insomma,",insomma,insomma,ADV,Intonation=weakly_rising
1864-0,TO052,1864,1864,1,eh,eh,eh,INTJ,_
1864-1,TO052,1864,1864,2,se,se,se,SCONJ,_
1864-2,TO052,1864,1864,3,sei,sei,essere,AUX,_
1864-3,TO052,1864,1864,4,"fortu[nato],",fortunato,fortunato,VERB,Intonation=weakly_rising
1865-0,TO050,1865,1865,1,[comu]nque,comunque,comunque,ADV,_
1865-1,TO050,1865,1865,2,xx,x,x,X,_
1865-2,TO050,1865,1865,3,xx,x,x,X,_
1865-3,TO050,1865,1865,4,"pipì,",pipì,pipì,NOUN,Intonation=weakly_rising
1866-0,TO050,1866,1866,1,e,e,e,CCONJ,_
1866-1,TO050,1866,1866,2,tu,tu,tu,PRON,_
1866-2,TO050,1866,1866,3,più,più,più,ADV,_
1866-3,TO050,1866,1866,4,volte,volte,volta,NOUN,_
1866-4,TO050,1866,1866,5,xx,x,x,X,_
1866-5,TO050,1866,1866,6,a,a,a,ADP,_
1866-6,TO050,1866,1866,7,volte,volte,volte,NOUN,_
1866-7,TO050,1866,1866,8,ta[ntissimo,tantissimo,tanto,ADJ,_
1866-8,TO050,1866,1866,9,a,a,a,ADP,_
1866-9,TO050,1866,1866,10,volte,volte,volte,NOUN,_
1866-10,TO050,1866,1866,11,no]?,no,no,ADV,Intonation=rising
1867-0,TO048,1867,1867,1,[ah,ah,ah,INTJ,_
1867-1,TO048,1867,1867,2,quello,quello,quello,PRON,_
1867-2,TO048,1867,1867,3,sempre].,sempre,sempre,ADV,Intonation=falling
1868-0,TO050,1868,1868,1,fai,fai,fare,VERB,_
1868-1,TO050,1868,1868,2,pipì,pipì,pipì,NOUN,_
1868-2,TO050,1868,1868,3,che,che,che,SCONJ,_
1868-3,TO050,1868,1868,4,"espelli,",espelli,espellere,VERB,Intonation=weakly_rising
1869-0,TO050,1869,1869,1,e,e,e,CCONJ,_
1869-1,TO050,1869,1869,2,espelli,espelli,espellere,VERB,_
1869-2,TO050,1869,1869,3,"attraverso,",attraverso,attraverso,ADP,Intonation=weakly_rising
1870-0,TO052,1870,1870,1,vabbè,vabbè,vabbè,INTJ,_
1870-1,TO052,1870,1870,2,quello,quello,quello,PRON,_
1870-2,TO052,1870,1870,3,che,che,che,PRON,_
1870-3,TO052,1870,1870,4,entra,entra,entrare,VERB,_
1870-4,TO052,1870,1870,5,(è),è,essere,AUX,_
1870-5,TO052,1870,1870,6,q[uello,quello,quello,PRON,_
1870-6,TO052,1870,1870,7,che,che,che,PRON,_
1870-7,TO052,1870,1870,8,esce].,esce,uscire,VERB,Intonation=falling
1871-0,TO050,1871,1871,1,[quello,quello,quello,PRON,_
1871-1,TO050,1871,1871,2,che,che,che,PRON,_
1871-2,TO050,1871,1871,3,esce].,esce,uscire,VERB,Intonation=falling
1872-0,TO050,1872,1872,1,sì,sì,sì,ADV,_
1872-1,TO050,1872,1872,2,(questo,questo,questo,PRON,_
1872-2,TO050,1872,1872,3,è,è,essere,VERB,_
1872-3,TO050,1872,1872,4,come,come,come,ADV,_
1872-4,TO050,1872,1872,5,se,se,se,SCONJ,_
1872-5,TO050,1872,1872,6,fosse,fosse,essere,AUX,_
1872-6,TO050,1872,1872,7,spiegato,spiegato,spiegare,VERB,_
1872-7,TO050,1872,1872,8-9,ai),ai,_,_,_
1872-7a,_,_,1872,8,_,a,a,ADP,_
1872-7b,_,_,1872,9,_,i,il,DET,_
1872-8,TO050,1872,1872,10,bambini,bambini,bambino,NOUN,_
1872-9,TO050,1872,1872,11,non,non,non,ADV,_
1872-10,TO050,1872,1872,12,ti,ti,ti,PRON,_
1872-11,TO050,1872,1872,13,dicono,dicono,dire,VERB,_
1872-12,TO050,1872,1872,14,tutta,tutta,tutto,DET,_
1872-13,TO050,1872,1872,15,la,la,il,DET,_
1872-14,TO050,1872,1872,16,verità.,verità,verità,NOUN,Intonation=falling
1873-0,TO052,1873,1873,1,no,no,no,ADV,_
1873-1,TO052,1873,1873,2,io,io,io,PRON,_
1873-2,TO052,1873,1873,3,per,per,per,ADP,_
1873-3,TO052,1873,1873,4,la,la,il,DET,_
1873-4,TO052,1873,1873,5,cosa,cosa,cosa,NOUN,_
1873-5,TO052,1873,1873,6,su,su,su,ADP,_
1873-6,TO052,1873,1873,7,cui,cui,cui,PRON,_
1873-7,TO052,1873,1873,8,avevo,avevo,avere,AUX,_
1873-8,TO052,1873,1873,9,ragionato,ragionato,ragionare,VERB,_
1873-9,TO052,1873,1873,10,"invece,",invece,invece,ADV,Intonation=weakly_rising
1874-0,TO052,1874,1874,1,è,è,essere,AUX,_
1874-1,TO052,1874,1874,2,strano,strano,strano,ADJ,_
1874-2,TO052,1874,1874,3,"che,",che,che,SCONJ,Intonation=weakly_rising
1875-0,TO052,1875,1875,1,"e:h,",eh,eh,INTJ,Intonation=weakly_rising
1876-0,TO052,1876,1876,1,mh,mh,mh,INTJ,_
1876-1,TO052,1876,1876,2-3,nell',nell',_,_,Truncated=Yes
1876-1a,_,_,1876,2,_,in,in,ADP,_
1876-1b,_,_,1876,3,_,l',il,DET,_
1876-2,TO052,1876,1876,4,economia,economia,economia,NOUN,_
1876-3,TO052,1876,1876,5-6,del,del,_,_,_
1876-3a,_,_,1876,5,_,di,di,ADP,_
1876-3b,_,_,1876,6,_,il,il,DET,_
1876-4,TO052,1876,1876,7,"corpo,",corpo,corpo,NOUN,Intonation=weakly_rising
1877-0,TO052,1877,1877,1,e::h,eh,eh,INTJ,ProsodicLink=Yes
1877-1,TO052,1877,1877,2,la,la,il,DET,_
1877-2,TO052,1877,1877,3,cacca,cacca,cacca,NOUN,_
1877-3,TO052,1877,1877,4,e,e,e,CCONJ,_
1877-4,TO052,1877,1877,5,la,la,il,DET,_
1877-5,TO052,1877,1877,6,p~,p~,p~,X,Interrupted=Yes
1877-6,TO052,1877,1877,7,la,la,il,DET,_
1877-7,TO052,1877,1877,8,pipì:,pipì,pipì,NOUN,_
1877-8,TO052,1877,1877,9,{P},{P},_,_,_
1877-9,TO052,1877,1877,10,sono,sono,essere,AUX,_
1877-10,TO052,1877,1877,11,x~,x~,x,X,Interrupted=Yes
1877-11,TO052,1877,1877,12,invece,invece,invece,ADV,_
1877-12,TO052,1877,1877,13,di,di,di,ADP,_
1877-13,TO052,1877,1877,14,essere,essere,essere,AUX,_
1877-14,TO052,1877,1877,15,as~,as~,as~,X,Interrupted=Yes
1877-15,TO052,1877,1877,16,e::h,eh,eh,INTJ,ProsodicLink=Yes
1877-16,TO052,1877,1877,17,mh,mh,mh,INTJ,_
1877-17,TO052,1877,1877,18,un,un,uno,DET,_
1877-18,TO052,1877,1877,19,posto,posto,posto,NOUN,_
1877-19,TO052,1877,1877,20,{P},{P},_,_,_
1877-20,TO052,1877,1877,21,"unico,",unico,unico,ADJ,Intonation=weakly_rising
1878-0,TO052,1878,1878,1,sono,sono,essere,AUX,_
1878-1,TO052,1878,1878,2,in,in,in,ADP,_
1878-2,TO052,1878,1878,3,due,due,due,NUM,_
1878-3,TO052,1878,1878,4,posti,posti,posto,NOUN,_
1878-4,TO052,1878,1878,5,diversi,diversi,diverso,ADJ,_
1878-5,TO052,1878,1878,6,{P},{P},_,_,_
1878-6,TO052,1878,1878,7,e,e,e,CCONJ,_
1878-7,TO052,1878,1878,8,la,la,il,DET,_
1878-8,TO052,1878,1878,9,pipì,pipì,pipì,NOUN,_
1878-9,TO052,1878,1878,10,è,è,essere,AUX,_
1878-10,TO052,1878,1878,11-12,nello,nello,_,_,_
1878-10a,_,_,1878,11,_,in,in,ADP,_
1878-10b,_,_,1878,12,_,lo,il,DET,_
1878-11,TO052,1878,1878,13,stesso,stesso,stesso,ADJ,_
1878-12,TO052,1878,1878,14,posto,posto,posto,NOUN,_
1878-13,TO052,1878,1878,15,che,che,che,PRON,_
1878-14,TO052,1878,1878,16,è,è,essere,AUX,_
1878-15,TO052,1878,1878,17,anche,anche,anche,ADV,_
1878-16,TO052,1878,1878,18,{P},{P},_,_,_
1878-17,TO052,1878,1878,19,l',l',il,DET,Truncated=Yes
1878-18,TO052,1878,1878,20,apparato,apparato,apparato,NOUN,_
1878-19,TO052,1878,1878,21,ripr[oduttivo,riproduttivo,riproduttivo,ADJ,_
1878-20,TO052,1878,1878,22,{P},{P},_,_,_
1878-21,TO052,1878,1878,23,que]llo,quello,quello,PRON,_
1878-22,TO052,1878,1878,24,è,è,essere,AUX,_
1878-23,TO052,1878,1878,25,strano,strano,strano,ADJ,_
1878-24,TO052,1878,1878,26,"perché,",perché,perché,SCONJ,Intonation=weakly_rising
1879-0,TO050,1879,1879,1,[quello,quello,quello,PRON,_
1879-1,TO050,1879,1879,2,è,è,essere,AUX,_
1879-2,TO050,1879,1879,3,strano].,strano,strano,ADJ,Intonation=falling
1880-0,TO052,1880,1880,1,l',l',il,DET,Truncated=Yes
1880-1,TO052,1880,1880,2,apparato,apparato,apparato,NOUN,_
1880-2,TO052,1880,1880,3,riproduttivo,riproduttivo,riproduttivo,ADJ,_
1880-3,TO052,1880,1880,4,deve,deve,dovere,AUX,_
1880-4,TO052,1880,1880,5,essere,essere,essere,AUX,_
1880-5,TO052,1880,1880,6,"associato,",associato,associare,VERB,Intonation=weakly_rising
1881-0,TO052,1881,1881,1,al~,al~,al~,X,Interrupted=Yes
1881-1,TO052,1881,1881,2-3,"al[le:],",alle,_,_,Intonation=weakly_rising
1881-1a,_,_,1881,2,_,a,a,ADP,_
1881-1b,_,_,1881,3,_,le,il,DET,_
1882-0,TO050,1882,1882,1,[secondo,secondo,secondo,ADP,_
1882-1,TO050,1882,1882,2,m]e,me,me,PRON,_
1882-2,TO050,1882,1882,3,si,si,si,PRON,_
1882-3,TO050,1882,1882,4,è,è,essere,AUX,_
1882-4,TO050,1882,1882,5,associato,associato,associare,VERB,_
1882-5,TO050,1882,1882,6-7,n[el,nel,_,_,_
1882-5a,_,_,1882,6,_,in,in,ADP,_
1882-5b,_,_,1882,7,_,il,il,DET,_
1882-6,TO050,1882,1882,8,tem]po,tempo,tempo,NOUN,_
1882-7,TO050,1882,1882,9,prima,prima,prima,ADV,_
1882-8,TO050,1882,1882,10,[erano,erano,essere,AUX,_
1882-9,TO050,1882,1882,11,staccati].,staccati,staccare,VERB,Intonation=falling
1883-0,TO052,1883,1883,1-2,"[alle],",alle,_,_,Intonation=weakly_rising
1883-0a,_,_,1883,1,_,a,a,ADP,_
1883-0b,_,_,1883,2,_,le,il,DET,_
1884-0,TO052,1884,1884,1-2,[alle:,alle,_,_,ProsodicLink=Yes
1884-0a,_,_,1884,1,_,a,a,ADP,_
1884-0b,_,_,1884,2,_,le,il,DET,_
1884-1,TO052,1884,1884,3,"m:h],",mh,mh,INTJ,Intonation=weakly_rising
1885-0,TO052,1885,1885,1,a:l~,al~,al~,X,Interrupted=Yes
1885-1,TO052,1885,1885,2-3,alla,alla,_,_,_
1885-1a,_,_,1885,2,_,a,a,ADP,_
1885-1b,_,_,1885,3,_,la,la,DET,_
1885-2,TO052,1885,1885,4-5,all',all',_,_,Truncated=Yes
1885-2a,_,_,1885,4,_,a,a,ADP,_
1885-2b,_,_,1885,5,_,l',il,DET,_
1885-3,TO052,1885,1885,6,apparato,apparato,apparato,NOUN,_
1885-4,TO052,1885,1885,7,{P},{P},_,_,_
1885-5,TO052,1885,1885,8,in,in,in,ADP,_
1885-6,TO052,1885,1885,9,qualche,qualche,qualche,DET,_
1885-7,TO052,1885,1885,10,modo,modo,modo,NOUN,_
1885-8,TO052,1885,1885,11,escretore,escretore,escretore,ADJ,_
1885-9,TO052,1885,1885,12,"sia:::,",sia,essere,AUX,Intonation=weakly_rising
1886-0,TO052,1886,1886,1,"[m:::h],",mh,mh,INTJ,Intonation=weakly_rising
1887-0,TO050,1887,1887,1,[sicuramente],sicuramente,sicuramente,ADV,_
1887-1,TO050,1887,1887,2,vabbè,vabbè,vabbè,INTJ,_
1887-2,TO050,1887,1887,3,a,a,a,ADP,_
1887-3,TO050,1887,1887,4,un,un,uno,DET,_
1887-4,TO050,1887,1887,5,certo,certo,certo,ADJ,_
1887-5,TO050,1887,1887,6,punto,punto,punto,NOUN,_
1887-6,TO050,1887,1887,7,[hanno,hanno,avere,AUX,_
1887-7,TO050,1887,1887,8,(dovuto,dovuto,dovere,AUX,_
1887-8,TO050,1887,1887,9,dividere)].,dividere,dividere,VERB,Intonation=falling
1888-0,TO048,1888,1888,1,[però,però,però,ADV,_
1888-1,TO048,1888,1888,2,guarda,guarda,guardare,VERB,_
1888-2,TO048,1888,1888,3,che,che,che,SCONJ,_
1888-3,TO048,1888,1888,4,i],i,il,DET,_
1888-4,TO048,1888,1888,5,due,due,due,NUM,_
1888-5,TO048,1888,1888,6,canali,canali,canale,NOUN,_
1888-6,TO048,1888,1888,7,da,da,da,ADP,_
1888-7,TO048,1888,1888,8,cui,cui,cui,PRON,_
1888-8,TO048,1888,1888,9,esce,esce,uscire,VERB,_
1888-9,TO048,1888,1888,10,tipo,tipo,tipo,NOUN,_
1888-10,TO048,1888,1888,11-12,nella,nella,_,_,_
1888-10a,_,_,1888,11,_,in,in,ADP,_
1888-10b,_,_,1888,12,_,la,il,DET,_
1888-11,TO048,1888,1888,13,donna,donna,donna,NOUN,_
1888-12,TO048,1888,1888,14,i,i,il,DET,_
1888-13,TO048,1888,1888,15,due,due,due,NUM,_
1888-14,TO048,1888,1888,16,canali,canali,canale,NOUN,_
1888-15,TO048,1888,1888,17,da,da,da,ADP,_
1888-16,TO048,1888,1888,18,cui,cui,cui,PRON,_
1888-17,TO048,1888,1888,19,esce,esce,uscire,VERB,_
1888-18,TO048,1888,1888,20,la,la,il,DET,_
1888-19,TO048,1888,1888,21,"pipì,",pipì,pipì,NOUN,Intonation=weakly_rising
1889-0,TO048,1889,1889,1,e,e,e,CCONJ,_
1889-1,TO048,1889,1889,2,da,da,da,ADP,_
1889-2,TO048,1889,1889,3,cui,cui,cui,PRON,_
1889-3,TO048,1889,1889,4,per,per,per,ADP,_
1889-4,TO048,1889,1889,5,esempio,esempio,esempio,NOUN,_
1889-5,TO048,1889,1889,6,escono,escono,uscire,VERB,_
1889-6,TO048,1889,1889,7,gli,gli,il,DET,_
1889-7,TO048,1889,1889,8,"umori::,",umori,umore,NOUN,Intonation=weakly_rising
1890-0,TO048,1890,1890,1,quando,quando,quando,SCONJ,_
1890-1,TO048,1890,1890,2,ti,ti,ti,PRON,_
1890-2,TO048,1890,1890,3,bagni,bagni,bagnare,VERB,_
1890-3,TO048,1890,1890,4,non,non,non,ADV,_
1890-4,TO048,1890,1890,5,è,è,essere,AUX,_
1890-5,TO048,1890,1890,6,non,non,non,ADV,_
1890-6,TO048,1890,1890,7,sono,sono,essere,AUX,_
1890-7,TO048,1890,1890,8,gli,gli,il,DET,_
1890-8,TO048,1890,1890,9,stessi,stessi,stesso,PRON,_
1890-9,TO048,1890,1890,10,è,è,essere,AUX,_
1890-10,TO048,1890,1890,11,che,che,che,PRON,_
1890-11,TO048,1890,1890,12,<se[mbrano>,sembrano,sembrare,VERB,_
1890-12,TO048,1890,1890,13-14,nello,nello,_,_,_
1890-12a,_,_,1890,13,_,in,in,ADP,_
1890-12b,_,_,1890,14,_,lo,il,DET,_
1890-13,TO048,1890,1890,15,stes]so,stesso,stesso,ADJ,_
1890-14,TO048,1890,1890,16,[punto].,punto,punto,NOUN,Intonation=falling
1891-0,TO052,1891,1891,1,[no,no,no,INTJ,_
1891-1,TO052,1891,1891,2,però,però,però,ADV,_
1891-2,TO052,1891,1891,3,"sono],",sono,essere,AUX,Intonation=weakly_rising
1892-0,TO050,1892,1892,1,[sì,sì,sì,ADV,_
1892-1,TO050,1892,1892,2,sì].,sì,sì,ADV,Intonation=falling
1893-0,TO052,1893,1893,1,[no,no,no,ADV,_
1893-1,TO052,1893,1893,2,ma,ma,ma,CCONJ,_
1893-2,TO052,1893,1893,3,"tu],",tu,tu,PRON,Intonation=weakly_rising
1894-0,TO048,1894,1894,1,[(non),non,non,ADV,_
1894-1,TO048,1894,1894,2,sono,sono,essere,AUX,_
1894-2,TO048,1894,1894,3,vicini].,vicini,vicino,ADJ,Intonation=falling
1895-0,TO050,1895,1895,1,[perché,perché,perché,SCONJ,_
1895-1,TO050,1895,1895,2,seco]ndo,secondo,secondo,ADP,_
1895-2,TO050,1895,1895,3,me,me,me,PRON,_
1895-3,TO050,1895,1895,4,si,si,si,PRON,_
1895-4,TO050,1895,1895,5,sono,sono,essere,AUX,_
1895-5,TO050,1895,1895,6,avvicinati,avvicinati,avvicinare,VERB,_
1895-6,TO050,1895,1895,7,con,con,con,ADP,_
1895-7,TO050,1895,1895,8,l',l',il,DET,Truncated=Yes
1895-8,TO050,1895,1895,9,evoluzio[ne].,evoluzione,evoluzione,NOUN,Intonation=falling
1896-0,TO052,1896,1896,1,[ci]oè,cioè,cioè,CCONJ,_
1896-1,TO052,1896,1896,2,per,per,per,ADP,_
1896-2,TO052,1896,1896,3,l',l',il,DET,Truncated=Yes
1896-3,TO052,1896,1896,4,uomo,uomo,uomo,NOUN,_
1896-4,TO052,1896,1896,5,è,è,essere,AUX,_
1896-5,TO052,1896,1896,6,proprio,proprio,proprio,ADV,_
1896-6,TO052,1896,1896,7,[lo,lo,il,DET,_
1896-7,TO052,1896,1896,8,stesso].,stesso,stesso,ADJ,Intonation=falling
1897-0,TO050,1897,1897,1,[quindi,quindi,quindi,ADV,_
1897-1,TO050,1897,1897,2,bisogna,bisogna,bisognare,VERB,_
1897-2,TO050,1897,1897,3,capire],capire,capire,VERB,_
1897-3,TO050,1897,1897,4,più,più,più,ADV,_
1897-4,TO050,1897,1897,5,che,che,che,SCONJ,_
1897-5,TO050,1897,1897,6,altro,altro,altro,PRON,_
1897-6,TO050,1897,1897,7,quale,quale,quale,PRON,_
1897-7,TO050,1897,1897,8,è,è,essere,AUX,_
1897-8,TO050,1897,1897,9,stato,stato,essere,AUX,_
1897-9,TO050,1897,1897,10,il,il,il,DET,_
1897-10,TO050,1897,1897,11,ragionamento,ragionamento,ragionamento,NOUN,_
1898-0,TO050,1898,1898,1,ragionamento,ragionamento,ragionamento,NOUN,_
1898-1,TO050,1898,1898,2,che,che,che,PRON,_
1898-2,TO050,1898,1898,3,si,si,si,PRON,_
1898-3,TO050,1898,1898,4,>xxxà<.,xxxà,x,X,Intonation=falling
1899-0,TO050,1899,1899,1,xx,x,x,X,_
1899-1,TO050,1899,1899,2,la,la,il,DET,_
1899-2,TO050,1899,1899,3,logica,logica,logica,NOUN,_
1899-3,TO050,1899,1899,4,che,che,che,PRON,_
1899-4,TO050,1899,1899,5,"ha:,",ha,avere,VERB,Intonation=weakly_rising
1900-0,TO048,1900,1900,1,per,per,per,ADP,_
1900-1,TO048,1900,1900,2,l',l',il,DET,Truncated=Yes
1900-2,TO048,1900,1900,3,uomo,uomo,uomo,NOUN,_
1900-3,TO048,1900,1900,4,non,non,non,ADV,_
1900-4,TO048,1900,1900,5,è,è,essere,AUX,_
1900-5,TO048,1900,1900,6,lo,lo,il,DET,_
1900-6,TO048,1900,1900,7,stesso,stesso,stesso,ADJ,_
1900-7,TO048,1900,1900,8,o,o,o,CCONJ,_
1900-8,TO048,1900,1900,9,sì?,sì,sì,ADV,Intonation=rising
1901-0,TO048,1901,1901,1,c',c',ci,PRON,Truncated=Yes
1901-1,TO048,1901,1901,2,è,è,essere,VERB,_
1901-2,TO048,1901,1901,3,[un,un,uno,DET,_
1901-3,TO048,1901,1901,4,solo,solo,solo,ADJ,_
1901-4,TO048,1901,1901,5,canale]?,canale,canale,NOUN,Intonation=rising
1902-0,TO052,1902,1902,1,[x,x,x,X,_
1902-1,TO052,1902,1902,2,è,è,essere,AUX,_
1902-2,TO052,1902,1902,3,lo,lo,il,DET,_
1902-3,TO052,1902,1902,4,stesso].,stesso,stesso,ADJ,Intonation=falling
1903-0,TO050,1903,1903,1,[sì],sì,sì,ADV,_
1903-1,TO050,1903,1903,2,anche,anche,anche,ADV,_
1903-2,TO050,1903,1903,3,io,io,io,PRON,_
1903-3,TO050,1903,1903,4,da,da,da,ADP,_
1903-4,TO050,1903,1903,5,piccolo,piccolo,piccolo,ADJ,_
1903-5,TO050,1903,1903,6,pensavo,pensavo,pensare,VERB,_
1903-6,TO050,1903,1903,7,che,che,che,SCONJ,_
1903-7,TO050,1903,1903,8,invece,invece,invece,ADV,_
1903-8,TO050,1903,1903,9,fossero,fossero,essere,AUX,_
1903-9,TO050,1903,1903,10,diversi,diversi,diverso,ADJ,_
1903-10,TO050,1903,1903,11,ma,ma,ma,CCONJ,_
1903-11,TO050,1903,1903,12,invece,invece,invece,ADV,_
1903-12,TO050,1903,1903,13,è,è,essere,AUX,_
1903-13,TO050,1903,1903,14,lo,lo,il,DET,_
1903-14,TO050,1903,1903,15,stesso.,stesso,stesso,ADJ,Intonation=falling
1904-0,TO050,1904,1904,1,da,da,da,ADP,_
1904-1,TO050,1904,1904,2,piccolo,piccolo,piccolo,ADJ,_
1904-2,TO050,1904,1904,3,non,non,non,ADV,_
1904-3,TO050,1904,1904,4,sapevo,sapevo,sapere,VERB,_
1904-4,TO050,1904,1904,5,che,che,che,SCONJ,_
1904-5,TO050,1904,1904,6,fossero,fossero,essere,AUX,_
1904-6,TO050,1904,1904,7,separati.,separati,separare,VERB,Intonation=falling
1905-0,TO048,1905,1905,1,aspetta,aspetta,aspettare,VERB,_
1905-1,TO048,1905,1905,2,"cioè,",cioè,cioè,CCONJ,Intonation=weakly_rising
1906-0,TO050,1906,1906,1,na,na,na,X,ProsodicLink=Yes
1906-1,TO050,1906,1906,2,mh,mh,mh,INTJ,_
1906-2,TO050,1906,1906,3,esce,esce,uscire,VERB,_
1906-3,TO050,1906,1906,4,sempre,sempre,sempre,ADV,_
1906-4,TO050,1906,1906,5,da,da,da,ADP,_
1906-5,TO050,1906,1906,6,x~,x~,x~,X,Interrupted=Yes
1906-6,TO050,1906,1906,7,[è,è,essere,AUX,_
1906-7,TO050,1906,1906,8,solo,solo,solo,ADV,_
1906-8,TO050,1906,1906,9,mh,mh,mh,INTJ,_
1906-9,TO050,1906,1906,10,xx,x,x,X,_
1906-10,TO050,1906,1906,11,xx,x,x,X,_
1906-11,TO050,1906,1906,12,xx],x,x,X,_
1907-0,TO052,1907,1907,1,[è,è,essere,AUX,_
1907-1,TO052,1907,1907,2,lo,lo,il,DET,_
1907-2,TO052,1907,1907,3,"stesso:],",stesso,stesso,ADJ,Intonation=weakly_rising
1908-0,TO048,1908,1908,1,[eh,eh,eh,INTJ,_
1908-1,TO048,1908,1908,2,ma,ma,ma,CCONJ,_
1908-2,TO048,1908,1908,3,sono,sono,essere,AUX,_
1908-3,TO048,1908,1908,4,due,due,due,NUM,_
1908-4,TO048,1908,1908,5,diversi,diversi,diverso,NOUN,_
1908-5,TO048,1908,1908,6,però].,però,però,ADV,Intonation=falling
1909-0,TO050,1909,1909,1,c',c',ci,PRON,Truncated=Yes
1909-1,TO050,1909,1909,2,è,è,essere,VERB,_
1909-2,TO050,1909,1909,3,un,un,uno,DET,_
1909-3,TO050,1909,1909,4,solo,solo,solo,ADJ,_
1909-4,TO050,1909,1909,5,buco.,buco,buco,NOUN,Intonation=falling
1910-0,TO048,1910,1910,1,<il,il,il,DET,_
1910-1,TO048,1910,1910,2,buco,buco,buco,NOUN,_
1910-2,TO048,1910,1910,3,lo,lo,lo,PRON,_
1910-3,TO048,1910,1910,4,so.,so,sapere,VERB,Intonation=falling
1910-4,TO048,1910,1910,5,[i,i,il,DET,_
1910-5,TO048,1910,1910,6,"due:>],",due,due,NUM,Intonation=weakly_rising
1911-0,TO052,1911,1911,1,[il,il,il,DET,_
1911-1,TO052,1911,1911,2,canale,canale,canale,NOUN,_
1911-2,TO052,1911,1911,3,è,è,essere,AUX,_
1911-3,TO052,1911,1911,4,u]guale.,uguale,uguale,ADJ,Intonation=falling
1912-0,TO052,1912,1912,1,quel~,quel~,quello,PRON,Interrupted=Yes
1912-1,TO052,1912,1912,2,quello,quello,quello,PRON,_
1912-2,TO052,1912,1912,3-4,"del[la:],",della,_,_,Intonation=weakly_rising
1912-2a,_,_,1912,3,_,di,di,ADP,_
1912-2b,_,_,1912,4,_,la,il,DET,_
1913-0,TO050,1913,1913,1,[no,no,no,ADV,_
1913-1,TO050,1913,1913,2,la,la,il,DET,_
1913-2,TO050,1913,1913,3,(part]e),parte,parte,NOUN,_
1913-3,TO050,1913,1913,4,prima,prima,prima,ADV,_
1913-4,TO050,1913,1913,5-6,del,del,_,_,_
1913-4a,_,_,1913,5,_,di,di,ADP,_
1913-4b,_,_,1913,6,_,il,il,DET,_
1913-5,TO050,1913,1913,7,canale,canale,canale,NOUN,_
1913-6,TO050,1913,1913,8,è,è,essere,AUX,_
1913-7,TO050,1913,1913,9,uguale,uguale,uguale,ADJ,_
1913-8,TO050,1913,1913,10,p[erò,però,però,ADV,_
1913-9,TO050,1913,1913,11,"una]::,",una,uno,DET,Intonation=weakly_rising
1914-0,TO048,1914,1914,1,"[sì],",sì,sì,ADV,Intonation=weakly_rising
1915-0,TO052,1915,1915,1,[sì].,sì,sì,ADV,Intonation=falling
1916-0,TO052,1916,1916,1,sì.,sì,sì,ADV,Intonation=falling
1917-0,TO050,1917,1917,1,cioè,cioè,cioè,CCONJ,_
1917-1,TO050,1917,1917,2,si,si,si,PRON,_
1917-2,TO050,1917,1917,3,uniscono,uniscono,unire,VERB,_
1917-3,TO050,1917,1917,4,dentro,dentro,dentro,ADV,_
1917-4,TO050,1917,1917,5,prima,prima,prima,ADV,_
1917-5,TO050,1917,1917,6,di,di,di,ADP,_
1917-6,TO050,1917,1917,7,uscire,uscire,uscire,VERB,_
1917-7,TO050,1917,1917,8,cioè,cioè,cioè,CCONJ,_
1917-8,TO050,1917,1917,9,no:[n,non,non,ADV,_
1917-9,TO050,1917,1917,10,dentro,dentro,dentro,ADV,_
1917-10,TO050,1917,1917,11,xx].,xx,x,X,Intonation=falling
1918-0,TO048,1918,1918,1,[ah,ah,ah,INTJ,_
1918-1,TO048,1918,1918,2,okay.,okay,ok,INTJ,Intonation=falling
1918-2,TO048,1918,1918,3,{P},{P},_,_,_
1918-3,TO048,1918,1918,4,però,però,però,ADV,_
1918-4,TO048,1918,1918,5,sono],sono,essere,AUX,_
1918-5,TO048,1918,1918,6,due.,due,due,NUM,Intonation=falling
1919-0,TO048,1919,1919,1,<in,in,in,ADP,_
1919-1,TO048,1919,1919,2,origi[ne>].,origine,origine,NOUN,Intonation=falling
1920-0,TO052,1920,1920,1,[sì],sì,sì,INTJ,_
1920-1,TO052,1920,1920,2,però,però,però,ADV,_
1920-2,TO052,1920,1920,3,poi,poi,poi,ADV,_
1920-3,TO052,1920,1920,4,l',l',il,DET,Truncated=Yes
1920-4,TO052,1920,1920,5,ultima,ultima,ultimo,ADJ,_
1920-5,TO052,1920,1920,6,parte,parte,parte,NOUN,_
1920-6,TO052,1920,1920,7,è,è,essere,AUX,_
1920-7,TO052,1920,1920,8,[unico].,unico,unico,ADJ,Intonation=falling
1921-0,TO048,1921,1921,1,[ah,ah,ah,INTJ,_
1921-1,TO048,1921,1921,2,sì],sì,sì,ADV,_
1921-2,TO048,1921,1921,3,sì,sì,sì,INTJ,_
1921-3,TO048,1921,1921,4,okay.,okay,ok,INTJ,Intonation=falling
1922-0,TO050,1922,1922,1,per,per,per,ADP,_
1922-1,TO050,1922,1922,2,questo,questo,questo,PRON,_
1922-2,TO050,1922,1922,3,in,in,in,ADP,_
1922-3,TO050,1922,1922,4,realtà,realtà,realtà,NOUN,_
1922-4,TO050,1922,1922,5,quando,quando,quando,SCONJ,_
1922-5,TO050,1922,1922,6,fai,fai,fare,VERB,_
1922-6,TO050,1922,1922,7,pipì,pipì,pipì,NOUN,_
1922-7,TO050,1922,1922,8,(può),può,potere,AUX,_
1922-8,TO050,1922,1922,9,fuoriuscire,fuoriuscire,fuoriuscire,VERB,_
1922-9,TO050,1922,1922,10-11,(dal),dal,_,_,_
1922-9a,_,_,1922,10,_,da,da,ADP,_
1922-9b,_,_,1922,11,_,il,il,DET,_
1922-10,TO050,1922,1922,12,"canale,",canale,canale,NOUN,Intonation=weakly_rising
1923-0,TO050,1923,1923,1,per,per,per,ADP,_
1923-1,TO050,1923,1923,2,lo,lo,il,DET,_
1923-2,TO050,1923,1923,3,sperma.,sperma,sperma,NOUN,Intonation=falling
1924-0,TO048,1924,1924,1,ho,ho,avere,AUX,_
1924-1,TO048,1924,1924,2,pensato,pensato,pensare,VERB,_
1924-2,TO048,1924,1924,3,una,una,uno,DET,_
1924-3,TO048,1924,1924,4,cosa,cosa,cosa,NOUN,_
1924-4,TO048,1924,1924,5,(proprio),proprio,proprio,ADV,_
1924-5,TO048,1924,1924,6,disgustosa,disgustosa,disgustoso,ADJ,_
1924-6,TO048,1924,1924,7,"però,",però,però,ADV,Intonation=weakly_rising
1925-0,TO048,1925,1925,1-2,sulle,sulle,_,_,_
1925-0a,_,_,1925,1,_,su,su,ADP,_
1925-0b,_,_,1925,2,_,le,il,DET,_
1925-1,TO048,1925,1925,3,mestruazioni,mestruazioni,mestruazione,NOUN,_
1925-2,TO048,1925,1925,4,"mh,",mh,mh,INTJ,Intonation=weakly_rising
1926-0,TO050,1926,1926,1,no,no,no,ADV,_
1926-1,TO050,1926,1926,2,non,non,non,ADV,_
1926-2,TO050,1926,1926,3,lo,lo,lo,PRON,_
1926-3,TO050,1926,1926,4,voglio,voglio,volere,AUX,_
1926-4,TO050,1926,1926,5,sapere.,sapere,sapere,VERB,Intonation=falling
1927-0,TO050,1927,1927,1,xx,x,x,X,_
1927-1,TO050,1927,1927,2,[xxxx],x,x,X,_
1928-0,TO048,1928,1928,1,[no,no,no,ADV,_
1928-1,TO048,1928,1928,2,{P},{P},_,_,_
1928-2,TO048,1928,1928,3,non,non,non,ADV,_
1928-3,TO048,1928,1928,4,la,la,la,PRON,_
1928-4,TO048,1928,1928,5,vuoi,vuoi,volere,AUX,_
1928-5,TO048,1928,1928,6,sapere].,sapere,sapere,VERB,Intonation=falling
1929-0,TO050,1929,1929,1,eh?,eh,eh,INTJ,Intonation=rising
1930-0,TO048,1930,1930,1,°non,non,non,ADV,Volume=low
1930-1,TO048,1930,1930,2,la,la,la,PRON,Volume=low
1930-2,TO048,1930,1930,3,vuoi,vuoi,volere,AUX,Volume=low
1930-3,TO048,1930,1930,4,sapere.°,sapere,sapere,VERB,Intonation=falling|Volume=low
1931-0,TO050,1931,1931,1,xxx,x,x,X,_
1931-1,TO050,1931,1931,2,[xxx],x,x,X,_
1932-0,TO048,1932,1932,1,[però,però,però,ADV,_
1932-1,TO048,1932,1932,2,e]cco,ecco,ecco,ADV,_
1932-2,TO048,1932,1932,3,anche,anche,anche,ADV,_
1932-3,TO048,1932,1932,4,una,una,uno,DET,_
1932-4,TO048,1932,1932,5,prova,prova,prova,NOUN,_
1932-5,TO048,1932,1932,6-7,del,del,_,_,_
1932-5a,_,_,1932,6,_,di,di,ADP,_
1932-5b,_,_,1932,7,_,il,il,DET,_
1932-6,TO048,1932,1932,8,fatto,fatto,fatto,NOUN,_
1932-7,TO048,1932,1932,9,che,che,che,SCONJ,_
1932-8,TO048,1932,1932,10,lo,lo,il,DET,_
1932-9,TO048,1932,1932,11,squirting,squirting,squirting,NOUN,_
1932-10,TO048,1932,1932,12,non,non,non,ADV,_
1932-11,TO048,1932,1932,13,è,è,essere,AUX,_
1932-12,TO048,1932,1932,14,pipì.,pipì,pipì,NOUN,Intonation=falling
1933-0,TO048,1933,1933,1,è:,è,essere,AUX,_
1933-1,TO048,1933,1933,2,dovuto,dovuto,dovere,VERB,_
1933-2,TO048,1933,1933,3-4,al,al,_,_,_
1933-2a,_,_,1933,3,_,a,a,ADP,_
1933-2b,_,_,1933,4,_,il,il,DET,_
1933-3,TO048,1933,1933,5,fatto,fatto,fatto,NOUN,_
1933-4,TO048,1933,1933,6,che,che,che,SCONJ,_
1933-5,TO048,1933,1933,7,squirting,squirting,squirting,NOUN,_
1933-6,TO048,1933,1933,8,cioè,cioè,cioè,CCONJ,_
1933-7,TO048,1933,1933,9,il,il,il,DET,_
1933-8,TO048,1933,1933,10,liquido,liquido,liquido,NOUN,_
1933-9,TO048,1933,1933,11-12,dello,dello,_,_,_
1933-9a,_,_,1933,11,_,di,di,ADP,_
1933-9b,_,_,1933,12,_,lo,il,DET,_
1933-10,TO048,1933,1933,13,squirting,squirting,squirting,NOUN,_
1933-11,TO048,1933,1933,14,non,non,non,ADV,_
1933-12,TO048,1933,1933,15,esce,esce,uscire,VERB,_
1933-13,TO048,1933,1933,16-17,dallo,dallo,_,_,_
1933-13a,_,_,1933,16,_,da,da,ADP,_
1933-13b,_,_,1933,17,_,lo,il,DET,_
1933-14,TO048,1933,1933,18,stesso,stesso,stesso,ADJ,_
1933-15,TO048,1933,1933,19,buco.,buco,buco,NOUN,Intonation=falling
1933-16,TO048,1933,1933,20,anche,anche,anche,ADV,_
1933-17,TO048,1933,1933,21,se,se,se,SCONJ,_
1933-18,TO048,1933,1933,22,è,è,essere,AUX,_
1933-19,TO048,1933,1933,23,diffiicile,diffiicile,diffiicle,ADJ,_
1933-20,TO048,1933,1933,24,capire.,capire,capire,VERB,Intonation=falling
1934-0,TO048,1934,1934,1,questa,questa,questo,DET,_
1934-1,TO048,1934,1934,2,cosa,cosa,coso,NOUN,_
1934-2,TO048,1934,1934,3,perché,perché,perché,SCONJ,_
1934-3,TO048,1934,1934,4,bom,bom,bom,INTJ,_
1934-4,TO048,1934,1934,5,"però,",però,però,ADV,Intonation=weakly_rising
1935-0,TO050,1935,1935,1,certo.,certo,certo,ADV,Intonation=falling
1936-0,TO048,1936,1936,1,cioè,cioè,cioè,CCONJ,_
1936-1,TO048,1936,1936,2,non,non,non,ADV,_
1936-2,TO048,1936,1936,3,han~,han~,han~,X,Interrupted=Yes
1936-3,TO048,1936,1936,4,non,non,non,ADV,_
1936-4,TO048,1936,1936,5,arriva,arriva,arrivare,VERB,_
1936-5,TO048,1936,1936,6-7,dallo,dallo,_,_,_
1936-5a,_,_,1936,6,_,da,da,ADP,_
1936-5b,_,_,1936,7,_,lo,il,DET,_
1936-6,TO048,1936,1936,8,stesso,stesso,stesso,ADJ,_
1936-7,TO048,1936,1936,9,canale.,canale,canale,NOUN,Intonation=falling
1937-0,TO050,1937,1937,1,ma,ma,ma,CCONJ,_
1937-1,TO050,1937,1937,2,perché,perché,perché,ADV,_
1937-2,TO050,1937,1937,3,in,in,in,ADP,_
1937-3,TO050,1937,1937,4,realtà,realtà,realtà,NOUN,_
1937-4,TO050,1937,1937,5,la,la,il,DET,_
1937-5,TO050,1937,1937,6,vagina,vagina,vagina,NOUN,_
1937-6,TO050,1937,1937,7,finisce,finisce,finire,VERB,_
1937-7,TO050,1937,1937,8,prima,prima,prima,ADV,_
1937-8,TO050,1937,1937,9-10,del,del,_,_,_
1937-8a,_,_,1937,9,_,di,di,ADP,_
1937-8b,_,_,1937,10,_,il,il,DET,_
1937-9,TO050,1937,1937,11,(pene).,pene,pene,NOUN,Intonation=falling
1938-0,TO050,1938,1938,1,invece,invece,invece,ADV,_
1938-1,TO050,1938,1938,2,il,il,il,DET,_
1938-2,TO050,1938,1938,3,pene,pene,pene,NOUN,_
1938-3,TO050,1938,1938,4,ha,ha,avere,VERB,_
1938-4,TO050,1938,1938,5,ancora,ancora,ancora,ADV,_
1938-5,TO050,1938,1938,6,tutta,tutta,tutto,DET,_
1938-6,TO050,1938,1938,7,una,una,uno,DET,_
1938-7,TO050,1938,1938,8,continuazione,continuazione,continuazione,NOUN,_
1938-8,TO050,1938,1938,9,interna.,interna,interno,ADJ,Intonation=falling
1939-0,TO050,1939,1939,1,quindi,quindi,quindi,ADV,_
1939-1,TO050,1939,1939,2,in,in,in,ADP,_
1939-2,TO050,1939,1939,3,[realtà],realtà,realtà,NOUN,_
1939-3,TO050,1939,1939,4,i,i,il,DET,_
1939-4,TO050,1939,1939,5,canali,canali,canale,NOUN,_
1939-5,TO050,1939,1939,6,sono,sono,essere,AUX,_
1939-6,TO050,1939,1939,7,simili,simili,simile,ADJ,_
1939-7,TO050,1939,1939,8,penso,penso,pensare,VERB,_
1939-8,TO050,1939,1939,9-10,nell',nell',_,_,Truncated=Yes
1939-8a,_,_,1939,9,_,in,in,ADP,_
1939-8b,_,_,1939,10,_,l',il,DET,_
1939-9,TO050,1939,1939,11,uomo.,uomo,uomo,NOUN,Intonation=falling
1940-0,TO048,1940,1940,1,"[cioè],",cioè,cioè,CCONJ,Intonation=weakly_rising
1941-0,TO050,1941,1941,1,solo,solo,solo,ADV,_
1941-1,TO050,1941,1941,2,che,che,che,SCONJ,_
1941-2,TO050,1941,1941,3,a,a,a,ADP,_
1941-3,TO050,1941,1941,4,un,un,uno,DET,_
1941-4,TO050,1941,1941,5,certo,certo,certo,ADJ,_
1941-5,TO050,1941,1941,6,punto::,punto,punto,NOUN,_
1941-6,TO050,1941,1941,7,(c',c',ci,PRON,Truncated=Yes
1941-7,TO050,1941,1941,8,è,è,essere,VERB,_
1941-8,TO050,1941,1941,9,il,il,il,DET,_
1941-9,TO050,1941,1941,10,pene).,pene,pene,NOUN,Intonation=falling
1942-0,TO050,1942,1942,1,e,e,e,CCONJ,_
1942-1,TO050,1942,1942,2,quindi,quindi,quindi,ADV,_
1942-2,TO050,1942,1942,3,diciamo,diciamo,dire,VERB,_
1942-3,TO050,1942,1942,4,la,la,il,DET,_
1942-4,TO050,1942,1942,5,divisione,divisione,divisione,NOUN,_
1942-5,TO050,1942,1942,6,per,per,per,ADP,_
1942-6,TO050,1942,1942,7,"voi,",voi,voi,PRON,Intonation=weakly_rising
1943-0,TO050,1943,1943,1,cioè,cioè,cioè,CCONJ,_
1943-1,TO050,1943,1943,2,voi,voi,voi,PRON,_
1943-2,TO050,1943,1943,3,siete,siete,essere,AUX,_
1943-3,TO050,1943,1943,4,più,più,più,ADV,_
1943-4,TO050,1943,1943,5,aperte,aperte,aperto,ADJ,_
1943-5,TO050,1943,1943,6,no?,no,no,ADV,Intonation=rising
1943-6,TO050,1943,1943,7,"più,",più,più,ADV,Intonation=weakly_rising
1944-0,TO052,1944,1944,1,eh,eh,eh,INTJ,_
1944-1,TO052,1944,1944,2,ma,ma,ma,CCONJ,_
1944-2,TO052,1944,1944,3,comunque,comunque,comunque,ADV,_
1944-3,TO052,1944,1944,4,è,è,essere,AUX,_
1944-4,TO052,1944,1944,5,strano,strano,strano,ADJ,_
1944-5,TO052,1944,1944,6,che,che,che,SCONJ,_
1944-6,TO052,1944,1944,7,"siano,",siano,essere,AUX,Intonation=weakly_rising
1945-0,TO052,1945,1945,1,"associati,",associati,associare,VERB,Intonation=weakly_rising
1946-0,TO052,1946,1946,1,aveva,aveva,avere,VERB,_
1946-1,TO052,1946,1946,2,più,più,più,ADV,_
1946-2,TO052,1946,1946,3,senso,senso,senso,NOUN,_
1946-3,TO052,1946,1946,4,che,che,che,SCONJ,_
1946-4,TO052,1946,1946,5,si,si,si,PRON,_
1946-5,TO052,1946,1946,6,faceva,faceva,fare,VERB,_
1946-6,TO052,1946,1946,7,cacca,cacca,cacca,NOUN,_
1946-7,TO052,1946,1946,8,e,e,e,CCONJ,_
1946-8,TO052,1946,1946,9,pipì,pipì,pipì,NOUN,_
1946-9,TO052,1946,1946,10-11,(allo),allo,_,_,_
1946-9a,_,_,1946,10,_,a,a,ADP,_
1946-9b,_,_,1946,11,_,lo,il,DET,_
1946-10,TO052,1946,1946,12,stesso,stesso,stesso,ADJ,_
1946-11,TO052,1946,1946,13,bu[co].,buco,buco,NOUN,Intonation=falling
1947-0,TO050,1947,1947,1,[no,no,no,ADV,_
1947-1,TO050,1947,1947,2-3,dallo,dallo,_,_,_
1947-1a,_,_,1947,2,_,da,da,ADP,_
1947-1b,_,_,1947,3,_,lo,il,DET,_
1947-2,TO050,1947,1947,4,ste]sso,stesso,stesso,PRON,_
1947-3,TO050,1947,1947,5,no,no,no,ADV,_
1947-4,TO050,1947,1947,6,perché,perché,perché,SCONJ,_
1947-5,TO050,1947,1947,7,>xx,x,x,X,_
1947-6,TO050,1947,1947,8,xx,x,x,X,_
1947-7,TO050,1947,1947,9,xxx,x,x,X,_
1947-8,TO050,1947,1947,10,la,la,il,DET,_
1947-9,TO050,1947,1947,11,pipì,pipì,pipì,NOUN,_
1947-10,TO050,1947,1947,12,e,e,e,CCONJ,_
1947-11,TO050,1947,1947,13,la,la,il,DET,_
1947-12,TO050,1947,1947,14,cacca,cacca,cacca,NOUN,_
1947-13,TO050,1947,1947,15,sono,sono,essere,AUX,_
1947-14,TO050,1947,1947,16,diverse,diverse,diverso,ADJ,_
1947-15,TO050,1947,1947,17,quindi,quindi,quindi,ADV,_
1947-16,TO050,1947,1947,18,e~,e~,e~,X,Interrupted=Yes
1947-17,TO050,1947,1947,19,eliminano,eliminano,eliminare,VERB,_
1947-18,TO050,1947,1947,20,sostanze,sostanze,sostanza,NOUN,_
1947-19,TO050,1947,1947,21,diverse<.,diverse,diverso,ADJ,Intonation=falling
1948-0,TO048,1948,1948,1,sì,sì,sì,ADV,_
1948-1,TO048,1948,1948,2,esatto,esatto,esatto,ADJ,_
1948-2,TO048,1948,1948,3,troppa,troppa,troppo,DET,_
1948-3,TO048,1948,1948,4,"flora:,",flora,flora,NOUN,Intonation=weakly_rising
1949-0,TO048,1949,1949,1,batterica,batterica,batterico,ADJ,_
1949-1,TO048,1949,1949,2,cioè,cioè,cioè,CCONJ,_
1949-2,TO048,1949,1949,3,"no,",no,no,ADV,Intonation=weakly_rising
1950-0,TO052,1950,1950,1,<e,e,e,CCONJ,_
1950-1,TO052,1950,1950,2,però:,però,però,ADV,_
1950-2,TO052,1950,1950,3,[perché,perché,perché,SCONJ,_
1950-3,TO052,1950,1950,4,un]o,uno,uno,PRON,_
1950-4,TO052,1950,1950,5,ha,ha,avere,VERB,_
1950-5,TO052,1950,1950,6,l',l',il,DET,Truncated=Yes
1950-6,TO052,1950,1950,7,apparato,apparato,apparato,NOUN,_
1950-7,TO052,1950,1950,8,escre~,escre~,escre~,X,Interrupted=Yes
1950-8,TO052,1950,1950,9-10,dell',dell',_,_,Truncated=Yes
1950-8a,_,_,1950,9,_,di,di,ADP,_
1950-8b,_,_,1950,10,_,l',il,DET,_
1950-9,TO052,1950,1950,11,apparato,apparato,apparato,NOUN,_
1950-10,TO052,1950,1950,12,"riproduttivo>,",riproduttivo,riproduttivo,ADJ,Intonation=weakly_rising
1951-0,TO048,1951,1951,1,[non,non,non,ADV,_
1951-1,TO048,1951,1951,2,c',c',ci,PRON,Truncated=Yes
1951-2,TO048,1951,1951,3,è,è,essere,VERB,_
1951-3,TO048,1951,1951,4,xx].,xx,x,X,Intonation=falling
1952-0,TO050,1952,1952,1,più,più,più,ADV,_
1952-1,TO050,1952,1952,2,che,che,che,ADP,_
1952-2,TO050,1952,1952,3,[altro],altro,altro,PRON,_
1952-3,TO050,1952,1952,4,fare,fare,fare,VERB,_
1953-0,TO052,1953,1953,1,[xxxx],x,x,X,_
1954-0,TO050,1954,1954,1,xxx,x,x,X,_
1955-0,TO052,1955,1955,1,potevamo,potevamo,potere,AUX,_
1955-1,TO052,1955,1955,2-3,averlo,averlo,_,_,_
1955-1a,_,_,1955,2,_,aver,avere,AUX,_
1955-1b,_,_,1955,3,_,lo,lo,PRON,_
1955-2,TO052,1955,1955,4,in,in,in,ADP,_
1955-3,TO052,1955,1955,5,faccia.,faccia,faccia,NOUN,Intonation=falling
1956-0,TO048,1956,1956,1,{ride},{ride},_,_,_
1956-1,TO048,1956,1956,2,non,non,non,ADV,_
1956-2,TO048,1956,1956,3,"è,",è,essere,AUX,Intonation=weakly_rising
1957-0,TO050,1957,1957,1,come,come,come,ADV,_
1957-1,TO050,1957,1957,2,in,in,in,ADP,_
1957-2,TO050,1957,1957,3,scary,scary,scary,ADJ,_
1957-3,TO050,1957,1957,4,movie,movie,movie,NOUN,_
1957-4,TO050,1957,1957,5,quando,quando,quando,SCONJ,_
1957-5,TO050,1957,1957,6,arrivano,arrivano,arrivare,VERB,_
1957-6,TO050,1957,1957,7,gli,gli,il,DET,_
1957-7,TO050,1957,1957,8,alieni,alieni,alieno,NOUN,_
1957-8,TO050,1957,1957,9,e,e,e,CCONJ,_
1957-9,TO050,1957,1957,10,fanno,fanno,fare,VERB,_
1957-10,TO050,1957,1957,11,pipì,pipì,pipì,NOUN,_
1957-11,TO050,1957,1957,12-13,dal,dal,_,_,_
1957-11a,_,_,1957,12,_,da,da,ADP,_
1957-11b,_,_,1957,13,_,il,il,DET,_
1957-12,TO050,1957,1957,14,dito.,dito,dito,NOUN,Intonation=falling
1958-0,TO050,1958,1958,1,eh,eh,eh,INTJ,_
1958-1,TO050,1958,1958,2,sì.,sì,sì,ADV,Intonation=falling
1958-2,TO050,1958,1958,3,e,e,e,CCONJ,_
1958-3,TO050,1958,1958,4,poi,poi,poi,ADV,_
1958-4,TO050,1958,1958,5,il,il,il,DET,_
1958-5,TO050,1958,1958,6,presidente,presidente,presidente,NOUN,_
1958-6,TO050,1958,1958,7-8,degli,degli,_,_,_
1958-6a,_,_,1958,7,_,di,di,ADP,_
1958-6b,_,_,1958,8,_,gli,il,DET,_
1958-7,TO050,1958,1958,9,stati,stati,stato,NOUN,_
1958-8,TO050,1958,1958,10,uniti,uniti,unito,ADJ,_
1958-9,TO050,1958,1958,11,fa,fa,fare,VERB,_
1958-10,TO050,1958,1958,12,pipì,pipì,pipì,NOUN,_
1958-11,TO050,1958,1958,13-14,dal,dal,_,_,_
1958-11a,_,_,1958,13,_,da,da,ADP,_
1958-11b,_,_,1958,14,_,il,il,DET,_
1958-12,TO050,1958,1958,15,dito.,dito,dito,NOUN,Intonation=falling
1958-13,TO050,1958,1958,16,ci,ci,ci,PRON,_
1958-14,TO050,1958,1958,17,pensiamo,pensiamo,pensare,VERB,_
1958-15,TO050,1958,1958,18,così,così,così,ADV,_
1958-16,TO050,1958,1958,19,diversi.,diversi,diverso,ADJ,Intonation=falling
1959-0,TO048,1959,1959,0,{ride},{ride},_,X,_
1960-0,TO050,1960,1960,1,[e,e,e,CCONJ,_
1960-1,TO050,1960,1960,2,s]ì,sì,sì,ADV,_
1960-2,TO050,1960,1960,3,infatti,infatti,infatti,ADV,_
1960-3,TO050,1960,1960,4,fa,fa,fare,VERB,_
1960-4,TO050,1960,1960,5,così.,così,così,ADV,Intonation=falling
1961-0,TO048,1961,1961,1,[no].,no,no,ADV,Intonation=falling
1962-0,TO050,1962,1962,1,tipo,tipo,tipo,NOUN,_
1962-1,TO050,1962,1962,2,l[a,la,il,DET,_
1962-2,TO050,1962,1962,3,(scrollatina)],scrollatina,scrollatina,NOUN,_
1962-3,TO050,1962,1962,4,{ride},{ride},_,_,_
1963-0,TO048,1963,1963,1,[xx,x,x,X,_
1963-1,TO048,1963,1963,2,la,la,il,DET,_
1963-2,TO048,1963,1963,3,scrollatina,scrollatina,scrollatina,NOUN,_
1963-3,TO048,1963,1963,4,esatto].,esatto,esatto,ADJ,Intonation=falling
1964-0,TO048,1964,1964,1,che,che,che,DET,_
1964-1,TO048,1964,1964,2,schifo.,schifo,schifo,NOUN,Intonation=falling
1965-0,TO052,1965,1965,1,sì,sì,sì,ADV,_
1965-1,TO052,1965,1965,2,comunque,comunque,comunque,ADV,_
1965-2,TO052,1965,1965,3-4,al,al,_,_,_
1965-2a,_,_,1965,3,_,a,a,ADP,_
1965-2b,_,_,1965,4,_,il,il,DET,_
1965-3,TO052,1965,1965,5,di,di,di,ADP,_
1965-4,TO052,1965,1965,6,là,là,là,ADV,_
1965-5,TO052,1965,1965,7,di,di,di,ADP,_
1965-6,TO052,1965,1965,8,questi,questi,questo,DET,_
1965-7,TO052,1965,1965,9,discorsi,discorsi,discorso,NOUN,_
1965-8,TO052,1965,1965,10,stavi,stavi,stare,AUX,_
1965-9,TO052,1965,1965,11,parlando,parlando,parlare,VERB,_
1965-10,TO052,1965,1965,12,prima,prima,prima,ADV,_
1965-11,TO052,1965,1965,13,di,di,di,ADP,_
1965-12,TO052,1965,1965,14,"cose:,",cose,cosa,NOUN,Intonation=weakly_rising
1966-0,TO048,1966,1966,1,di,di,di,ADP,_
1966-1,TO048,1966,1966,2,cosa?,cosa,cosa,NOUN,Intonation=rising
1967-0,TO052,1967,1967,1,di,di,di,ADP,_
1967-1,TO052,1967,1967,2,altre,altre,altro,ADJ,_
1967-2,TO052,1967,1967,3,cose.,cose,cosa,NOUN,Intonation=falling
1968-0,TO052,1968,1968,1,e,e,e,CCONJ,_
1968-1,TO052,1968,1968,2,tu,tu,tu,PRON,_
1968-2,TO052,1968,1968,3,hai,hai,avere,AUX,_
1968-3,TO052,1968,1968,4,detto,detto,dire,VERB,_
1968-4,TO052,1968,1968,5,lasciando,lasciando,lasciare,VERB,_
1968-5,TO052,1968,1968,6,stare,stare,stare,VERB,_
1968-6,TO052,1968,1968,7,il,il,il,DET,_
1968-7,TO052,1968,1968,8,proctologo,proctologo,proctologo,NOUN,_
1968-8,TO052,1968,1968,9,e,e,e,CCONJ,_
1968-9,TO052,1968,1968,10,poi,poi,poi,ADV,_
1968-10,TO052,1968,1968,11,"fai,",fai,fare,VERB,Intonation=weakly_rising
1969-0,TO052,1969,1969,1,<ma,ma,ma,CCONJ,_
1969-1,TO052,1969,1969,2,cosa,cosa,cosa,PRON,_
1969-2,TO052,1969,1969,3,vuol,vuol,volere,AUX,_
1969-3,TO052,1969,1969,4,dire,dire,dire,VERB,_
1969-4,TO052,1969,1969,5,proctologo>?,proctologo,proctologo,NOUN,Intonation=rising
1969-5,TO052,1969,1969,6,però,però,però,ADV,_
1969-6,TO052,1969,1969,7,{P},{P},_,_,_
1969-7,TO052,1969,1969,8,stavi,stavi,stare,AUX,_
1969-8,TO052,1969,1969,9,dicendo,dicendo,dire,VERB,_
1969-9,TO052,1969,1969,10,qualcosa.,qualcosa,qualcosa,PRON,Intonation=falling
1970-0,TO050,1970,1970,1,°(culo.)°,culo,culo,NOUN,Intonation=falling|Volume=low
1971-0,TO052,1971,1971,1,lasciando,lasciando,lasciare,VERB,_
1971-1,TO052,1971,1971,2,perdere,perdere,perdere,VERB,_
1971-2,TO052,1971,1971,3,il,il,il,DET,_
1971-3,TO052,1971,1971,4,"proctologo,",proctologo,proctologo,NOUN,Intonation=weakly_rising
1972-0,TO050,1972,1972,1,xxxx,x,x,X,_
1973-0,TO052,1973,1973,1,di,di,di,ADP,_
1973-1,TO052,1973,1973,2,tuo,tuo,tuo,DET,_
1973-2,TO052,1973,1973,3,padre,padre,padre,NOUN,_
1973-3,TO052,1973,1973,4,prima,prima,prima,ADV,_
1973-4,TO052,1973,1973,5,stavi,stavi,stare,AUX,_
1973-5,TO052,1973,1973,6,parlan[do].,parlando,parlare,VERB,Intonation=falling
1974-0,TO050,1974,1974,1,[no,no,no,ADV,_
1974-1,TO050,1974,1974,2,per]ché,perché,perché,SCONJ,_
1974-2,TO050,1974,1974,3,hai,hai,avere,AUX,_
1974-3,TO050,1974,1974,4,detto,detto,dire,VERB,_
1974-4,TO050,1974,1974,5-6,de:l,del,_,_,_
1974-4a,_,_,1974,5,_,di,di,ADP,_
1974-4b,_,_,1974,6,_,il,il,DET,_
1974-5,TO050,1974,1974,7,proctologo,proctologo,proctologo,NOUN,_
1974-6,TO050,1974,1974,8,ah,ah,ah,INTJ,_
1974-7,TO050,1974,1974,9,pecorella,pecorella,Pecorella,PROPN,_
1974-8,TO050,1974,1974,10,io,io,io,PRON,_
1974-9,TO050,1974,1974,11,stavo,stavo,stare,AUX,_
1974-10,TO050,1974,1974,12,dicendo,dicendo,dire,VERB,_
1974-11,TO050,1974,1974,13,il,il,il,DET,_
1974-12,TO050,1974,1974,14,"mio:,",mio,mio,DET,Intonation=weakly_rising
1975-0,TO052,1975,1975,1,[lilla].,lilla,Lilla,PROPN,Intonation=falling
1976-0,TO050,1976,1976,1,[dermatol]ogo,dermatologo,dermatologo,NOUN,_
1976-1,TO050,1976,1976,2,lilla.,lilla,Lilla,PROPN,Intonation=falling
1977-0,TO048,1977,1977,1,minchia,minchia,minchia,NOUN,_
1977-1,TO048,1977,1977,2,li[lla].,lilla,Lilla,PROPN,Intonation=falling
1978-0,TO052,1978,1978,1,[lilla],lilla,Lilla,PROPN,_
1978-1,TO052,1978,1978,2,"e::h,",eh,eh,INTJ,Intonation=weakly_rising
1979-0,TO048,1979,1979,1,è,è,essere,AUX,_
1979-1,TO048,1979,1979,2,proprio,proprio,proprio,ADV,_
1979-2,TO048,1979,1979,3,l',l',il,DET,Truncated=Yes
1979-3,TO048,1979,1979,4,anello,anello,anello,NOUN,_
1979-4,TO048,1979,1979,5,di,di,di,ADP,_
1979-5,TO048,1979,1979,6,congiunzione,congiunzione,congiunzione,NOUN,_
1979-6,TO048,1979,1979,7,fra,fra,fra,ADP,_
1979-7,TO048,1979,1979,8,il,il,il,DET,_
1979-8,TO048,1979,1979,9,nonsense,nonsense,nonsense,NOUN,_
1979-9,TO048,1979,1979,10,e,e,e,CCONJ,_
1979-10,TO048,1979,1979,11,il,il,il,DET,_
1979-11,TO048,1979,1979,12,nonsense.,nonsense,nonsense,NOUN,Intonation=falling
1980-0,TO048,1980,1980,0,{ride},{ride},_,X,_
1981-0,TO050,1981,1981,1,[li]lla,lilla,Lilla,PROPN,_
1981-1,TO050,1981,1981,2,è,è,essere,AUX,_
1981-2,TO050,1981,1981,3,il,il,il,DET,_
1981-3,TO050,1981,1981,4,tutto.,tutto,tutto,PRON,Intonation=falling
1982-0,TO048,1982,1982,1,"[eh],",eh,eh,INTJ,Intonation=weakly_rising
1983-0,TO048,1983,1983,1,lilla,lilla,Lilla,PROPN,_
1983-1,TO048,1983,1983,2,mi,mi,mi,PRON,_
1983-2,TO048,1983,1983,3,urta,urta,urtare,VERB,_
1983-3,TO048,1983,1983,4,con,con,con,ADP,_
1983-4,TO048,1983,1983,5,le,le,il,DET,_
1983-5,TO048,1983,1983,6,sue,sue,suo,DET,_
1983-6,TO048,1983,1983,7,fotografie,fotografie,fotografia,NOUN,_
1983-7,TO048,1983,1983,8,con,con,con,ADP,_
1983-8,TO048,1983,1983,9,l',l',il,DET,Truncated=Yes
1983-9,TO048,1983,1983,10,attuale,attuale,attuale,ADJ,_
1983-10,TO048,1983,1983,11,fidanzata.,fidanzata,fidanzata,NOUN,Intonation=falling
1984-0,TO050,1984,1984,1-2,°<eccola>.°,eccola,_,_,Intonation=falling|Volume=low
1984-0a,_,_,1984,1,_,ecco,ecco,ADV,
1984-0b,_,_,1984,2,_,la,la,PRON,
1985-0,TO048,1985,1985,1,(posate).,posate,posare,VERB,Intonation=falling
1985-1,TO048,1985,1985,2,non,non,non,ADV,_
1985-2,TO048,1985,1985,3,è,è,essere,AUX,_
1985-3,TO048,1985,1985,4,che,che,che,PRON,_
1985-4,TO048,1985,1985,5,sono,sono,essere,AUX,_
1985-5,TO048,1985,1985,6,gelosa,gelosa,geloso,ADJ,_
1985-6,TO048,1985,1985,7,però,però,però,ADV,_
1985-7,TO048,1985,1985,8,mi,mi,mi,PRON,_
1985-8,TO048,1985,1985,9,urta.,urta,urtare,VERB,Intonation=falling
1986-0,TO048,1986,1986,1,perché,perché,perché,SCONJ,_
1986-1,TO048,1986,1986,2,deve,deve,dovere,AUX,_
1986-2,TO048,1986,1986,3,"[°mettere°],",mettere,mettere,VERB,Intonation=weakly_rising|Volume=low
1987-0,TO052,1987,1987,1,[tranquilli],tranquilli,tranquillo,ADJ,_
1987-1,TO052,1987,1987,2,io,io,io,PRON,_
1987-2,TO052,1987,1987,3,a,a,a,ADP,_
1987-3,TO052,1987,1987,4,distanza,distanza,distanza,NOUN,_
1987-4,TO052,1987,1987,5,di,di,di,ADP,_
1987-5,TO052,1987,1987,6,quattro,quattro,quattro,NUM,_
1987-6,TO052,1987,1987,7,anni,anni,anno,NOUN,_
1987-7,TO052,1987,1987,8,ancora,ancora,ancora,ADV,_
1987-8,TO052,1987,1987,9,vado,vado,andare,VERB,_
1987-9,TO052,1987,1987,10,a,a,a,ADP,_
1987-10,TO052,1987,1987,11,vedere,vedere,vedere,VERB,_
1987-11,TO052,1987,1987,12,a,a,a,ADP,_
1987-12,TO052,1987,1987,13,volte,volte,volte,NOUN,_
1987-13,TO052,1987,1987,14,eh,eh,eh,INTJ,_
1987-14,TO052,1987,1987,15,il,il,il,DET,_
1987-15,TO052,1987,1987,16,profilo,profilo,profilo,NOUN,_
1987-16,TO052,1987,1987,17,[di,di,di,ADP,_
1987-17,TO052,1987,1987,18,(isa)].,isa,Isa,PROPN,Intonation=falling
1988-0,TO048,1988,1988,1,[ma,ma,ma,CCONJ,_
1988-1,TO048,1988,1988,2,tu,tu,tu,PRON,_
1988-2,TO048,1988,1988,3,non,non,non,ADV,_
1988-3,TO048,1988,1988,4,mi,mi,mi,PRON,_
1988-4,TO048,1988,1988,5,hai,hai,avere,AUX,_
1988-5,TO048,1988,1988,6,ra]ccontato,raccontato,raccontare,VERB,_
1988-6,TO048,1988,1988,7,{P},{P},_,_,_
1988-7,TO048,1988,1988,8,>brevemente,brevemente,brevemente,ADV,_
1988-8,TO048,1988,1988,9,perché,perché,perché,SCONJ,_
1988-9,TO048,1988,1988,10,è,è,essere,AUX,_
1988-10,TO048,1988,1988,11,tardissimo,tardissimo,tardi,ADV,_
1988-11,TO048,1988,1988,12,io,io,io,PRON,_
1988-12,TO048,1988,1988,13,domani,domani,domani,ADV,_
1988-13,TO048,1988,1988,14,devo,devo,dovere,AUX,_
1988-14,TO048,1988,1988,15,lavorare<,lavorare,lavorare,VERB,_
1988-15,TO048,1988,1988,16,non,non,non,ADV,_
1988-16,TO048,1988,1988,17,mi,mi,mi,PRON,_
1988-17,TO048,1988,1988,18,hai,hai,avere,AUX,_
1988-18,TO048,1988,1988,19,raccontato,raccontato,raccontare,VERB,_
1988-19,TO048,1988,1988,20,niente,niente,niente,PRON,_
1988-20,TO048,1988,1988,21,"di:,",di,di,ADP,Intonation=weakly_rising
1989-0,TO052,1989,1989,1,°eh,eh,eh,INTJ,Volume=low
1989-1,TO052,1989,1989,2,lo,lo,lo,PRON,Volume=low
1989-2,TO052,1989,1989,3,so.°,so,sapere,VERB,Intonation=falling|Volume=low
1990-0,TO050,1990,1990,1,°ma,ma,ma,CCONJ,Volume=low
1990-1,TO050,1990,1990,2,che,che,che,DET,Volume=low
1990-2,TO050,1990,1990,3,ore,ore,ora,NOUN,Volume=low
1990-3,TO050,1990,1990,4,sono?°,sono,essere,AUX,Intonation=rising|Volume=low
1991-0,TO048,1991,1991,1,l',l',l',DET,Truncated=Yes
1991-1,TO048,1991,1991,2,una.,una,uno,DET,Intonation=falling
1992-0,TO052,1992,1992,1,ne,ne,ne,PRON,_
1992-1,TO052,1992,1992,2,parleremo.,parleremo,parlare,VERB,Intonation=falling
1993-0,TO052,1993,1993,1,ne,ne,ne,PRON,_
1993-1,TO052,1993,1993,2,parleremo.,parleremo,parlare,VERB,Intonation=falling
1994-0,TO052,1994,1994,1,siamo,siamo,essere,AUX,_
1994-1,TO052,1994,1994,2,ancora,ancora,ancora,ADV,_
1994-2,TO052,1994,1994,3,separati.,separati,separare,VERB,Intonation=falling
1995-0,TO052,1995,1995,1,chiaramente.,chiaramente,chiaramente,ADV,Intonation=falling
1996-0,TO052,1996,1996,1,°però,però,però,ADV,Volume=low
1996-1,TO052,1996,1996,2,per,per,per,ADP,Volume=low
1996-2,TO052,1996,1996,3,la,la,il,DET,Volume=low
1996-3,TO052,1996,1996,4,bambina,bambina,bambino,NOUN,Volume=low
1996-4,TO052,1996,1996,5,è,è,essere,AUX,Volume=low
1996-5,TO052,1996,1996,6,stato,stato,essere,AUX,Volume=low
1996-6,TO052,1996,1996,7,bello.°,bello,bello,ADJ,Intonation=falling|Volume=low
1997-0,TO052,1997,1997,1,chiama,chiama,chiamare,VERB,_
1997-1,TO052,1997,1997,2,"<papà:>,",papà,papà,NOUN,Intonation=weakly_rising
1998-0,TO052,1998,1998,_,"<papà>.,","papà.,",papà,NOUN,_
1999-0,TO052,1999,1999,1,"ridendo,",ridendo,ridere,VERB,Intonation=weakly_rising
1999-1,TO052,1999,1999,2,{ride},{ride},_,_,_
2000-0,TO052,2000,2000,1,(mi),mi,mi,PRON,_
2000-1,TO052,2000,2000,2,incontra,incontra,incontrare,VERB,_
2000-2,TO052,2000,2000,3,"e:,",e,e,CCONJ,Intonation=weakly_rising
2001-0,TO052,2001,2001,1,viene,viene,venire,VERB,_
2001-1,TO052,2001,2001,2,in,in,in,ADP,_
2001-2,TO052,2001,2001,3,braccio,braccio,braccio,NOUN,_
2001-3,TO052,2001,2001,4,e,e,e,CCONJ,_
2001-4,TO052,2001,2001,5,mi,mi,mi,PRON,_
2001-5,TO052,2001,2001,6,sbaciucchia.,sbaciucchia,sbaciucchiare,VERB,Intonation=falling
2002-0,TO052,2002,2002,1,siamo,siamo,essere,AUX,_
2002-1,TO052,2002,2002,2,stati,stati,essere,AUX,_
2002-2,TO052,2002,2002,3,anche,anche,anche,ADV,_
2002-3,TO052,2002,2002,4-5,al,al,_,_,_
2002-3a,_,_,2002,4,_,a,a,ADP,_
2002-3b,_,_,2002,5,_,il,il,DET,_
2002-4,TO052,2002,2002,6,"mare,",mare,mare,NOUN,Intonation=weakly_rising
2003-0,TO048,2003,2003,1,ho,ho,avere,AUX,_
2003-1,TO048,2003,2003,2,visto,visto,vedere,VERB,_
2003-2,TO048,2003,2003,3,la,la,il,DET,_
2003-3,TO048,2003,2003,4,foto.,foto,foto,NOUN,Intonation=falling
2004-0,TO052,2004,2004,1,no,no,no,ADV,_
2004-1,TO052,2004,2004,2,la,la,il,DET,_
2004-2,TO052,2004,2004,3,foto,foto,foto,NOUN,_
2004-3,TO052,2004,2004,4,quella,quella,quello,PRON,_
2004-4,TO052,2004,2004,5,è,è,essere,AUX,_
2004-5,TO052,2004,2004,6-7,dell',dell',_,_,Truncated=Yes
2004-5a,_,_,2004,6,_,di,di,ADP,_
2004-5b,_,_,2004,7,_,l',il,DET,_
2004-6,TO052,2004,2004,8,anno,anno,anno,NOUN,_
2004-7,TO052,2004,2004,9,scorso.,scorso,scorso,ADJ,Intonation=falling
2005-0,TO052,2005,2005,1,°ora,ora,ora,ADV,Volume=low
2005-1,TO052,2005,2005,2,è,è,essere,AUX,Volume=low
2005-2,TO052,2005,2005,3,una,una,uno,DET,Volume=low
2005-3,TO052,2005,2005,4,bambina,bambina,bambino,NOUN,Volume=low
2005-4,TO052,2005,2005,5,pratica[mente.°],praticamente,praticamente,ADV,Intonation=falling|Volume=low
2006-0,TO048,2006,2006,1,[in,in,in,ADP,_
2006-1,TO048,2006,2006,2,eff]etti,effetti,effetto,NOUN,_
2006-2,TO048,2006,2006,3,certo,certo,certo,ADV,_
2006-3,TO048,2006,2006,4,xx,x,x,X,_
2006-4,TO048,2006,2006,5,è,è,essere,AUX,_
2006-5,TO048,2006,2006,6,piccola.,piccola,piccolo,ADJ,Intonation=falling
2007-0,TO048,2007,2007,1,"eh,",eh,eh,INTJ,Intonation=weakly_rising
2008-0,TO052,2008,2008,1,con,con,con,ADP,_
2008-1,TO052,2008,2008,2,marzia,marzia,Marzia,PROPN,_
2008-2,TO052,2008,2008,3,poi,poi,poi,ADV,_
2008-3,TO052,2008,2008,4,ne:,ne,ne,PRON,_
2008-4,TO052,2008,2008,5,riparleremo.,riparleremo,riparlare,VERB,Intonation=falling
2009-0,TO052,2009,2009,1,"però,",però,però,ADV,Intonation=weakly_rising
2010-0,TO052,2010,2010,1,lei,lei,lei,PRON,_
2010-1,TO052,2010,2010,2,vorrebbe,vorrebbe,volere,AUX,_
2010-2,TO052,2010,2010,3,tornare,tornare,tornare,VERB,_
2010-3,TO052,2010,2010,4,insieme,insieme,insieme,ADV,_
2010-4,TO052,2010,2010,5,però,però,però,ADV,_
2010-5,TO052,2010,2010,6,io,io,io,PRON,_
2010-6,TO052,2010,2010,7,non,non,non,ADV,_
2010-7,TO052,2010,2010,8,mi,mi,mi,PRON,_
2010-8,TO052,2010,2010,9,fido,fido,fidare,VERB,_
2010-9,TO052,2010,2010,10,°cioè,cioè,cioè,CCONJ,Volume=low
2010-10,TO052,2010,2010,11-12,nel,nel,_,_,Volume=low
2010-10a,_,_,2010,11,_,in,in,ADP,_
2010-10b,_,_,2010,12,_,il,il,DET,_
2010-11,TO052,2010,2010,13,"senso°,",senso,senso,NOUN,Intonation=weakly_rising|Volume=low
2011-0,TO052,2011,2011,1,è,è,essere,AUX,_
2011-1,TO052,2011,2011,2,una,una,uno,DET,_
2011-2,TO052,2011,2011,3,cosa::,cosa,cosa,NOUN,ProsodicLink=Yes
2011-3,TO052,2011,2011,4,"m:h,",mh,mh,INTJ,Intonation=weakly_rising
2012-0,TO052,2012,2012,1,no,no,no,ADV,_
2012-1,TO052,2012,2012,2,ti,ti,ti,PRON,_
2012-2,TO052,2012,2012,3,voglio,voglio,volere,AUX,_
2012-3,TO052,2012,2012,4,dire,dire,dire,VERB,_
2012-4,TO052,2012,2012,5,lei,lei,lei,PRON,_
2012-5,TO052,2012,2012,6,fa,fa,fare,VERB,_
2012-6,TO052,2012,2012,7,le,le,il,DET,_
2012-7,TO052,2012,2012,8,cose,cose,cosa,NOUN,_
2012-8,TO052,2012,2012,9,facili.,facili,facile,ADJ,Intonation=falling
2013-0,TO052,2013,2013,1,capito?,capito,capire,VERB,Intonation=rising
2014-0,TO052,2014,2014,1,mi,mi,mi,PRON,_
2014-1,TO052,2014,2014,2,fa,fa,fare,VERB,_
2014-2,TO052,2014,2014,3,capire,capire,capire,VERB,_
2014-3,TO052,2014,2014,4,che,che,che,SCONJ,_
2014-4,TO052,2014,2014,5,non,non,non,ADV,_
2014-5,TO052,2014,2014,6,ha::,ha,avere,VERB,_
2014-6,TO052,2014,2014,7,che,che,che,SCONJ,_
2014-7,TO052,2014,2014,8,non,non,non,ADV,_
2014-8,TO052,2014,2014,9,ha,ha,avere,AUX,_
2014-9,TO052,2014,2014,10,{P},{P},_,_,_
2014-10,TO052,2014,2014,11,compreso,compreso,comprendere,VERB,_
2014-11,TO052,2014,2014,12,quel,quel,quello,DET,_
2014-12,TO052,2014,2014,13,problema.,problema,problema,NOUN,Intonation=falling
2015-0,TO052,2015,2015,1,che,che,che,PRON,_
2015-1,TO052,2015,2015,2,passa,passa,passare,VERB,_
2015-2,TO052,2015,2015,3,sopra,sopra,sopra,ADP,_
2015-3,TO052,2015,2015,4,tutto,tutto,tutto,DET,_
2015-4,TO052,2015,2015,5,capito?,capito,capire,VERB,Intonation=rising