token_id,speaker,tu_id,unit,id,span,form,lemma,upos,jefferson_feats
0-0,BO039,0,0,1,"°salve,°",salve,salve,INTJ,
1-0,BO026,1,1,1,abbiamo:,abbiamo,avere,AUX,
1-1,BO026,1,1,2,concluso,concluso,concludere,VERB,
1-2,BO026,1,1,3,con,con,con,ADP,
1-3,BO026,1,1,4,"voi,",voi,voi,PRON,
1-4,BO026,1,1,5,vero?,vero,vero,ADJ,
2-0,BO039,2,2,1,e::h,eh,eh,INTJ,
2-1,BO039,2,2,2,no.,no,no,ADV,
3-0,BO039,3,3,1,ci,ci,ci,PRON,
3-1,BO039,3,3,2,[so]no,sono,essere,AUX,
3-2,BO039,3,3,3,altr[e::],altre,altro,PRON,
4-0,BO038,4,4,1,[no].,no,no,ADV,
5-0,BO038,5,5,1,[e::h,eh,eh,INTJ,
5-1,BO038,5,5,2,credo,credo,credere,VERB,
5-2,BO038,5,5,3,c]he,che,che,SCONJ,
5-3,BO038,5,5,4,siano,siano,essere,AUX,
5-4,BO038,5,5,5,altre,altre,altro,ADJ,
5-5,BO038,5,5,6,quattro,quattro,quattro,NUM,
5-6,BO038,5,5,7,di,di,di,ADP,
5-7,BO038,5,5,8,(conversazione).,conversazione,conversazione,NOUN,
5-8,BO038,5,5,9,non,non,non,ADV,
5-9,BO038,5,5,10,so,so,sapere,VERB,
5-10,BO038,5,5,11,per[ò:],però,però,CCONJ,
6-0,BO026,6,6,1,[due]?,due,due,NUM,
7-0,BO039,7,7,1,[sì].,sì,sì,ADV,
8-0,BO038,8,8,1,l',l',il,DET,
8-1,BO038,8,8,2,urgenza.,urgenza,urgenza,NOUN,
9-0,BO039,9,9,1,possiam[o]?,possiamo,potere,VERB,
10-0,BO026,10,10,1,[pr]ego.,prego,prego,INTJ,
10-1,BO026,10,10,2,sì.,sì,sì,ADV,
11-0,BO039,11,11,1,e::h,eh,eh,INTJ,
11-1,BO039,11,11,2,noi,noi,noi,PRON,
11-2,BO039,11,11,3,siamo:,siamo,essere,VERB,
11-3,BO039,11,11,4,qui,qui,qui,ADV,
11-4,BO039,11,11,5,per,per,per,ADP,
11-5,BO039,11,11,6,il,il,il,DET,
11-6,BO039,11,11,7,learning,learning,learning,NOUN,
11-7,BO039,11,11,8,agreement,agreement,agreement,NOUN,
11-8,BO039,11,11,9,per,per,per,ADP,
11-9,BO039,11,11,10,copenaghen.,copenaghen,Copenaghen,PROPN,
12-0,BO026,12,12,1,mh,mh,mh,INTJ,
12-1,BO026,12,12,2,mh.,mh,mh,INTJ,
13-0,BO026,13,13,1,voi,voi,voi,PRON,
13-1,BO026,13,13,2,avete,avete,avere,AUX,
13-2,BO026,13,13,3,fatto::,fatto,fare,VERB,
13-3,BO026,13,13,4,la::,la,il,DET,
13-4,BO026,13,13,5,{P},{P},_,_,
13-5,BO026,13,13,6,domanda?,domanda,domanda,NOUN,
14-0,BO039,14,14,1,sì.,sì,sì,ADV,
15-0,BO038,15,15,1,>sì,sì,sì,ADV,
15-1,BO038,15,15,2,sì,sì,sì,ADV,
15-2,BO038,15,15,3,sì<.,sì,sì,ADV,
16-0,BO039,16,16,1,noi,noi,noi,PRON,
16-1,BO039,16,16,2,siamo,siamo,essere,AUX,
16-2,BO039,16,16,3,le:,le,il,DET,
16-3,BO039,16,16,4,le,le,il,DET,
16-4,BO039,16,16,5,vincitrici.,vincitrici,vincitore,NOUN,
17-0,BO026,17,17,1,le,le,il,DET,
17-1,BO026,17,17,2,vincitrici,vincitrici,vincitore,NOUN,
17-2,BO026,17,17,3-4,del,del,_,_,
17-2a,_,_,17,3,_,di,di,ADP,
17-2b,_,_,17,4,_,il,il,DET,
17-3,BO026,17,17,5,learning,learning,learning,NOUN,
17-4,BO026,17,17,6,agreement.,agreement,agreement,NOUN,
17-5,BO026,17,17,7,sì.,sì,sì,ADV,
18-0,BO039,18,18,1,e::h,eh,eh,INTJ,
18-1,BO039,18,18,2,ci,ci,ci,PRON,
18-2,BO039,18,18,3,hanno,hanno,avere,AUX,
18-3,BO039,18,18,4,fatto,fatto,fare,VERB,
18-4,BO039,18,18,5,sapere,sapere,sapere,VERB,
18-5,BO039,18,18,6,da:,da,da,ADP,
18-6,BO039,18,18,7,pochi,pochi,poco,ADJ,
18-7,BO039,18,18,8,"giorni,",giorni,giorno,NOUN,
19-0,BO026,19,19,1,mh,mh,mh,INTJ,
19-1,BO026,19,19,2,m[h].,mh,mh,INTJ,
20-0,BO039,20,20,1,che:,che,che,SCONJ,
20-1,BO039,20,20,2,siamo,siamo,essere,AUX,
20-2,BO039,20,20,3,state,state,essere,AUX,
20-3,BO039,20,20,4,"prese,",prese,prendere,VERB,
21-0,BO039,21,21,1,e,e,e,CCONJ,
21-1,BO039,21,21,2,quindi:,quindi,quindi,CCONJ,
21-2,BO039,21,21,3,dobbiamo,dobbiamo,dovere,AUX,
21-3,BO039,21,21,4,compilare,compilare,compilare,VERB,
21-4,BO039,21,21,5,il,il,il,DET,
21-5,BO039,21,21,6,learning,learning,learning,NOUN,
21-6,BO039,21,21,7,entro,entro,entro,ADP,
21-7,BO039,21,21,8,il,il,il,DET,
21-8,BO039,21,21,9,ventuno,ventuno,ventuno,NUM,
21-9,BO039,21,21,10,giu~,giu~,x,X,
21-10,BO039,21,21,11,cioè,cioè,cioè,CCONJ,
21-11,BO039,21,21,12,dobbiamo,dobbiamo,dovere,AUX,
21-12,BO039,21,21,13,fare,fare,fare,VERB,
21-13,BO039,21,21,14,la,la,il,DET,
21-14,BO039,21,21,15,domanda,domanda,domanda,NOUN,
21-15,BO039,21,21,16-17,al,al,_,_,
21-15a,_,_,21,16,_,a,a,ADP,
21-15b,_,_,21,17,_,il,il,DET,
21-16,BO039,21,21,18,loro::,loro,loro,ADJ,
21-17,BO039,21,21,19-20,ai,ai,_,_,
21-17a,_,_,21,19,_,a,a,ADP,
21-17b,_,_,21,20,_,i,il,DET,
21-18,BO039,21,21,21,corsi,corsi,corso,NOUN,
21-19,BO039,21,21,22,dobbiamo,dobbiamo,dovere,AUX,
21-20,BO039,21,21,23,iscriver[e,iscrivere,iscrivere,VERB,
21-21,BO039,21,21,24-25,ai,ai,_,_,
21-21a,_,_,21,24,_,a,a,ADP,
21-21b,_,_,21,25,_,i,il,DET,
21-22,BO039,21,21,26,co]rsi,corsi,corso,NOUN,
21-23,BO039,21,21,27,singoli.,singoli,singolo,ADJ,
22-0,BO026,22,22,1,[mh,mh,mh,INTJ,
22-1,BO026,22,22,2,mh].,mh,mh,INTJ,
23-0,BO039,23,23,1,e,e,e,CCONJ,
23-1,BO039,23,23,2,quindi,quindi,quindi,CCONJ,
23-2,BO039,23,23,3,abbiamo,abbiamo,avere,AUX,
23-3,BO039,23,23,4,fatto,fatto,fare,VERB,
23-4,BO039,23,23,5,una,una,uno,DET,
23-5,BO039,23,23,6,bozza,bozza,bozza,NOUN,
23-6,BO039,23,23,7-8,del,del,_,_,
23-6a,_,_,23,7,_,di,di,ADP,
23-6b,_,_,23,8,_,il,il,DET,
23-7,BO039,23,23,9,[lea]rning,learning,learning,NOUN,
23-8,BO039,23,23,10,per,per,per,SCONJ,
23-9,BO039,23,23,11,v[edere,vedere,vedere,VERB,
23-10,BO039,23,23,12,se::],se,se,SCONJ,
24-0,BO026,24,24,1,[sì].,sì,sì,ADV,
25-0,BO026,25,25,1,[avete:,avete,avere,AUX,
25-1,BO026,25,25,2,cerca]to,cercato,cercare,VERB,
25-2,BO026,25,25,3,di,di,di,SCONJ,
25-3,BO026,25,25,4,di::,di,di,SCONJ,
26-0,BO039,26,26,1,sì.,sì,sì,ADV,
26-1,BO039,26,26,2,"[io],",io,io,PRON,
27-0,BO026,27,27,1,[di,di,di,SCONJ,
27-1,BO026,27,27,2,tr]ovare,trovare,trovare,VERB,
27-2,BO026,27,27,3,discipline::,discipline,disciplina,NOUN,
28-0,BO026,28,28,1,>mi,mi,mi,PRON,
28-1,BO026,28,28,2,ricordo,ricordo,ricordare,VERB,
28-2,BO026,28,28,3,di,di,di,SCONJ,
28-3,BO026,28,28,4,aver,aver,avere,AUX,
28-4,BO026,28,28,5,parlato,parlato,parlare,VERB,
28-5,BO026,28,28,6,con,con,con,ADP,
28-6,BO026,28,28,7,lei,lei,lei,PRON,
28-7,BO026,28,28,8,avevo,avevo,avere,AUX,
28-8,BO026,28,28,9,parlato,parlato,parlare,VERB,
28-9,BO026,28,28,10,anche,anche,anche,ADV,
28-10,BO026,28,28,11,con,con,con,ADP,
28-11,BO026,28,28,12,[lei,lei,lei,PRON,
28-12,BO026,28,28,13,quando:<],quando,quando,SCONJ,
29-0,BO039,29,29,1,[no,no,no,ADV,
29-1,BO039,29,29,2,no,no,no,ADV,
29-2,BO039,29,29,3,no].,no,no,ADV,
30-0,BO038,30,30,1,[io,io,io,PRON,
30-1,BO038,30,30,2,s~],s~,x,X,
30-2,BO038,30,30,3,(no,no,no,ADV,
30-3,BO038,30,30,4,sì),sì,sì,ADV,
30-4,BO038,30,30,5,io,io,io,PRON,
30-5,BO038,30,30,6,son[o,sono,essere,AUX,
30-6,BO038,30,30,7,venuta::],venuta,venire,VERB,
31-0,BO026,31,31,1,[però,però,però,CCONJ,
31-1,BO026,31,31,2,lei,lei,lei,PRON,
31-2,BO026,31,31,3,ha,ha,avere,AUX,
31-3,BO026,31,31,4,f]atto,fatto,fare,VERB,
31-4,BO026,31,31,5,il,il,il,DET,
31-5,BO026,31,31,6,"colloquio,",colloquio,colloquio,NOUN,
32-0,BO039,32,32,1,e:h,eh,eh,INTJ,
32-1,BO039,32,32,2,con,con,con,ADP,
32-2,BO039,32,32,3,la,la,il,DET,
32-3,BO039,32,32,4,ro[ssi],rossi,Rossi,PROPN,
32-4,BO039,32,32,5,l',l',lo,PRON,
32-5,BO039,32,32,6,ho,ho,avere,AUX,
32-6,BO039,32,32,7,fatto.,fatto,fare,VERB,
32-7,BO039,32,32,8,[sì].,sì,sì,ADV,
33-0,BO026,33,33,1,[sì],sì,sì,ADV,
34-0,BO026,34,34,1,[sì],sì,sì,ADV,
34-1,BO026,34,34,2,sì.,sì,sì,ADV,
35-0,BO026,35,35,1,anche,anche,anche,ADV,
35-1,BO026,35,35,2,lei?,lei,lei,PRON,
36-0,BO038,36,36,1,sì.,sì,sì,ADV,
36-1,BO038,36,36,2,{P},{P},_,_,
36-2,BO038,36,36,3,sì,sì,sì,ADV,
36-3,BO038,36,36,4,per~,per~,x,X,
36-4,BO038,36,36,5,cioè,cioè,cioè,CCONJ,
36-5,BO038,36,36,6,io,io,io,PRON,
36-6,BO038,36,36,7,sono,sono,essere,AUX,
36-7,BO038,36,36,8,venuta,venuta,venire,VERB,
36-8,BO038,36,36,9,anche:,anche,anche,ADV,
36-9,BO038,36,36,10,[a,a,a,ADP,
36-10,BO038,36,36,11,ricevimento,ricevimento,ricevimento,NOUN,
36-11,BO038,36,36,12,con,con,con,ADP,
36-12,BO038,36,36,13,lei].,lei,lei,PRON,
36-13,BO038,36,36,14,sì,sì,sì,ADV,
36-14,BO038,36,36,15,sì,sì,sì,ADV,
36-15,BO038,36,36,16,pe::r,per,per,ADP,
36-16,BO038,36,36,17,[mh],mh,mh,INTJ,
37-0,BO026,37,37,1-2,[al,al,_,_,
37-0a,_,_,37,1,_,a,a,ADP,
37-0b,_,_,37,2,_,il,il,DET,
37-1,BO026,37,37,3,colloquio,colloquio,colloquio,NOUN,
37-2,BO026,37,37,4,con,con,con,ADP,
37-3,BO026,37,37,5,me.,me,me,PRON,
37-4,BO026,37,37,6,sì].,sì,sì,ADV,
38-0,BO026,38,38,1,[e:]:h,eh,eh,INTJ,
38-1,BO026,38,38,2,mh,mh,mh,INTJ,
39-0,BO026,39,39,1,e::h,eh,eh,INTJ,
39-1,BO026,39,39,2,"dunque,",dunque,dunque,CCONJ,
40-0,BO026,40,40,1,avete,avete,avere,AUX,
40-1,BO026,40,40,2,trovato,trovato,trovare,VERB,
40-2,BO026,40,40,3,disciplin[e::,discipline,disciplina,NOUN,
40-3,BO026,40,40,4,<abbastanza>],abbastanza,abbastanza,ADV,
40-4,BO026,40,40,5,vici[ne,vicine,vicino,ADJ,
40-5,BO026,40,40,6,"no],",no,no,ADV,
40-6,BO026,40,40,7,che,che,che,SCONJ,
40-7,BO026,40,40,8,non,non,non,ADV,
40-8,BO026,40,40,9,ci,ci,ci,PRON,
40-9,BO026,40,40,10,"siano,",siano,essere,VERB,
41-0,BO039,41,41,1,[sì,sì,sì,ADV,
41-1,BO039,41,41,2,abbastanza::],abbastanza,abbastanza,ADV,
42-0,BO039,42,42,1,[sì].,sì,sì,ADV,
43-0,BO026,43,43,1-2,<delle,delle,_,_,
43-0a,_,_,43,1,_,di,di,ADP,
43-0b,_,_,43,2,_,le,il,DET,
43-1,BO026,43,43,3,curiose,curiose,curioso,ADJ,
43-2,BO026,43,43,4,scelte::>,scelte,scelta,NOUN,
44-0,BO038,44,44,1,no.,no,no,ADV,
45-0,BO038,45,45,1,cioè,cioè,cioè,CCONJ,
45-1,BO038,45,45,2-3,n[el,nel,_,_,
45-1a,_,_,45,2,_,in,in,ADP,
45-1b,_,_,45,3,_,il,il,DET,
45-2,BO038,45,45,4,"senso],",senso,senso,NOUN,
46-0,BO039,46,46,1,[no,no,no,ADV,
46-1,BO039,46,46,2,no,no,no,ADV,
46-2,BO039,46,46,3,sono,sono,essere,AUX,
46-3,BO039,46,46,4,a]bbastanza::,abbastanza,abbastanza,ADV,
47-0,BO026,47,47,1,[vediamo.,vediamo,vedere,VERB,
47-1,BO026,47,47,2,vediamo].,vediamo,vedere,VERB,
48-0,BO038,48,48,1,[e:h,eh,eh,INTJ,
48-1,BO038,48,48,2,mh,mh,mh,INTJ,
48-2,BO038,48,48,3,l]ì,lì,lì,ADV,
48-3,BO038,48,48,4,era,era,essere,AUX,
48-4,BO038,48,48,5,"allora,",allora,allora,CCONJ,
49-0,BO038,49,49,1,in,in,in,ADP,
49-1,BO038,49,49,2,realtà,realtà,realtà,NOUN,
49-2,BO038,49,49,3,eh,eh,eh,INTJ,
49-3,BO038,49,49,4,m::h,mh,mh,INTJ,
49-4,BO038,49,49,5,quando,quando,quando,SCONJ,
49-5,BO038,49,49,6,abbiamo,abbiamo,avere,AUX,
49-6,BO038,49,49,7,fatto,fatto,fare,VERB,
49-7,BO038,49,49,8,domanda,domanda,domanda,NOUN,
49-8,BO038,49,49,9,direttamen[te,direttamente,direttamente,ADV,
49-9,BO038,49,49,10,a,a,a,ADP,
49-10,BO038,49,49,11,"l]oro,",loro,loro,PRON,
50-0,BO026,50,50,1,[mh,mh,mh,NOUN,
50-1,BO026,50,50,2,mh],mh,mh,NOUN,
51-0,BO038,51,51,1,quindi,quindi,quindi,ADV,
51-1,BO038,51,51,2,a,a,a,ADP,
51-2,BO038,51,51,3,parte,parte,parte,NOUN,
51-3,BO038,51,51,4,il,il,il,DET,
51-4,BO038,51,51,5,m::h,mh,mh,NOUN,
51-5,BO038,51,51,6,diciamo,diciamo,dire,VERB,
51-6,BO038,51,51,7,la,la,il,DET,
51-7,BO038,51,51,8,bozza,bozza,bozza,NOUN,
51-8,BO038,51,51,9,di,di,di,ADP,
51-9,BO038,51,51,10,esami,esami,esame,NOUN,
51-10,BO038,51,51,11,da,da,da,SCONJ,
51-11,BO038,51,51,12,dare,dare,dare,VERB,
51-12,BO038,51,51,13,che,che,che,PRON,
51-13,BO038,51,51,14,abbiamo,abbiamo,avere,AUX,
51-14,BO038,51,51,15,{P},{P},_,_,
51-15,BO038,51,51,16,inoltrato,inoltrato,inoltrare,VERB,
51-16,BO038,51,51,17,con,con,con,ADP,
51-17,BO038,51,51,18,la::,la,il,DET,
51-18,BO038,51,51,19,"lettera,",lettera,lettera,NOUN,
52-0,BO026,52,52,1,sì.,sì,sì,ADV,
53-0,BO038,53,53,1,e:h,eh,eh,INTJ,
53-1,BO038,53,53,2,m::h,mh,mh,INTJ,
53-2,BO038,53,53,3,loro,loro,loro,PRON,
53-3,BO038,53,53,4,poi,poi,poi,ADV,
53-4,BO038,53,53,5,ci,ci,ci,PRON,
53-5,BO038,53,53,6,hanno,hanno,avere,AUX,
53-6,BO038,53,53,7,mandato,mandato,mandare,VERB,
53-7,BO038,53,53,8,a,a,a,ADP,
53-8,BO038,53,53,9,"entrambe,",entrambe,entrambi,PRON,
54-0,BO038,54,54,1,eh,eh,eh,INTJ,
54-1,BO038,54,54,2,m:h,mh,mh,INTJ,
54-2,BO038,54,54,3,la:,la,il,DET,
54-3,BO038,54,54,4,mh,mh,mh,INTJ,
54-4,BO038,54,54,5,l',l',il,DET,
54-5,BO038,54,54,6,ammissione,ammissione,ammissione,NOUN,
54-6,BO038,54,54,7,a,a,a,ADP,
54-7,BO038,54,54,8-9,dei,dei,_,_,
54-7a,_,_,54,8,_,di,di,ADP,
54-7b,_,_,54,9,_,i,il,DET,
54-8,BO038,54,54,10,dipartimenti.,dipartimenti,dipartimento,NOUN,
55-0,BO026,55,55,1,mh,mh,mh,INTJ,
55-1,BO026,55,55,2,m[h].,mh,mh,INTJ,
56-0,BO038,56,56,1,[ci]oè,cioè,cioè,CCONJ,
56-1,BO038,56,56,2-3,nello,nello,_,_,
56-1a,_,_,56,2,_,in,in,ADP,
56-1b,_,_,56,3,_,lo,il,DET,
56-2,BO038,56,56,4,"specifico,",specifico,specifico,ADJ,
57-0,BO038,57,57,1,io,io,io,PRON,
57-1,BO038,57,57,2,sono,sono,essere,AUX,
57-2,BO038,57,57,3,stata,stata,essere,AUX,
57-3,BO038,57,57,4,ammessa,ammessa,ammettere,VERB,
57-4,BO038,57,57,5,a,a,a,ADP,
57-5,BO038,57,57,6,italian,italian,Italian,ADJ,
57-6,BO038,57,57,7,"[studi]es,",studies,study,NOUN,
58-0,BO026,58,58,1,[sì].,sì,sì,ADV,
59-0,BO038,59,59,1,e,e,e,CCONJ,
59-1,BO038,59,59,2-3,al,al,_,_,
59-1a,_,_,59,2,_,a,a,ADP,
59-1b,_,_,59,3,_,il,il,DET,
59-2,BO038,59,59,4,dipartimento,dipartimento,dipartimento,NOUN,
59-3,BO038,59,59,5,vabbè,vabbè,vabbè,INTJ,
59-4,BO038,59,59,6,fon[damentalmente,fondamentalmente,fondamentalmente,ADV,
59-5,BO038,59,59,7-8,al,al,_,_,
59-5a,_,_,59,7,_,a,a,ADP,
59-5b,_,_,59,8,_,il,il,DET,
59-6,BO038,59,59,9,dipartimento,dipartimento,dipartimento,NOUN,
59-7,BO038,59,59,10,di,di,di,ADP,
59-8,BO038,59,59,11,lingue,lingue,lingua,NOUN,
59-9,BO038,59,59,12,romanze].,romanze,romanzo,ADJ,
60-0,BO026,60,60,1,[e,e,e,CCONJ,
60-1,BO026,60,60,2,quindi,quindi,quindi,CCONJ,
60-2,BO026,60,60,3,le,le,il,DET,
60-3,BO026,60,60,4,le,le,il,DET,
60-4,BO026,60,60,5,le,le,il,DET,
60-5,BO026,60,60,6,disc]ipline,discipline,disciplina,NOUN,
60-6,BO026,60,60,7,che,che,che,PRON,
60-7,BO026,60,60,8,sono,sono,essere,AUX,
60-8,BO026,60,60,9,insegnate,insegnate,insegnare,VERB,
60-9,BO026,60,60,10,[lì].,lì,lì,ADV,
61-0,BO039,61,61,1,[esatto.,esatto,esatto,ADV,
61-1,BO039,61,61,2,sì].,sì,sì,ADV,
62-0,BO038,62,62,1,[esatto].,esatto,esatto,ADV,
63-0,BO038,63,63,1,"quindi,",quindi,quindi,CCONJ,
64-0,BO038,64,64,1,[m:]h,mh,mh,INTJ,
64-1,BO038,64,64,2,cioè,cioè,cioè,CCONJ,
64-2,BO038,64,64,3,è,è,essere,VERB,
64-3,BO038,64,64,4,solo,solo,solo,ADV,
64-4,BO038,64,64,5,per,per,per,ADP,
64-5,BO038,64,64,6,quelle,quelle,quello,ADJ,
64-6,BO038,64,64,7,discipline,discipline,disciplina,NOUN,
64-7,BO038,64,64,8,lì.,lì,lì,ADV,
65-0,BO026,65,65,1,[sì].,sì,sì,ADV,
66-0,BO038,66,66,1,e:h,eh,eh,INTJ,
66-1,BO038,66,66,2,mh,mh,mh,INTJ,
66-2,BO038,66,66,3,"allora,",allora,allora,CCONJ,
67-0,BO038,67,67,1,io,io,io,PRON,
67-1,BO038,67,67,2-3,nello,nello,_,_,
67-1a,_,_,67,2,_,in,in,ADP,
67-1b,_,_,67,3,_,lo,il,DET,
67-2,BO038,67,67,4,specifico,specifico,specifico,ADJ,
67-3,BO038,67,67,5,ho,ho,avere,AUX,
67-4,BO038,67,67,6,trovato,trovato,trovare,VERB,
67-5,BO038,67,67,7,un,un,uno,DET,
67-6,BO038,67,67,8,esame,esame,esame,NOUN,
67-7,BO038,67,67,9,di,di,di,ADP,
67-8,BO038,67,67,10,lingua,lingua,lingua,NOUN,
67-9,BO038,67,67,11,"spagnola,",spagnola,spagnolo,ADJ,
68-0,BO026,68,68,1,mh,mh,mh,INTJ,
68-1,BO026,68,68,2,mh.,mh,mh,INTJ,
69-0,BO038,69,69,1,che,che,che,PRON,
69-1,BO038,69,69,2,avrei,avrei,avere,AUX,
69-2,BO038,69,69,3,avuto,avuto,avere,VERB,
69-3,BO038,69,69,4,quest',quest',questo,DET,
69-4,BO038,69,69,5,anno,anno,anno,NOUN,
69-5,BO038,69,69,6,però,però,però,CCONJ,
69-6,BO038,69,69,7,contavo,contavo,contare,VERB,
69-7,BO038,69,69,8,di,di,di,SCONJ,
69-8,BO038,69,69,9,dare:,dare,dare,VERB,
69-9,BO038,69,69,10,in,in,in,ADP,
69-10,BO038,69,69,11,erasmus.,erasmus,Erasmus,PROPN,
70-0,BO026,70,70,1,mh,mh,mh,INTJ,
70-1,BO026,70,70,2,mh.,mh,mh,INTJ,
71-0,BO038,71,71,1,che,che,che,PRON,
71-1,BO038,71,71,2,più,più,più,ADV,
71-2,BO038,71,71,3,o,o,o,CCONJ,
71-3,BO038,71,71,4,meno,meno,meno,ADV,
71-4,BO038,71,71,5,è,è,essere,VERB,
71-5,BO038,71,71,6,la,la,il,DET,
71-6,BO038,71,71,7,stessa,stessa,stesso,ADJ,
71-7,BO038,71,71,8,cosa,cosa,cosa,NOUN,
71-8,BO038,71,71,9,perché,perché,perché,SCONJ,
71-9,BO038,71,71,10,si,si,si,PRON,
71-10,BO038,71,71,11,parla,parla,parlare,VERB,
71-11,BO038,71,71,12,di,di,di,ADP,
71-12,BO038,71,71,13,analisi,analisi,analisi,NOUN,
71-13,BO038,71,71,14-15,del,del,_,_,
71-13a,_,_,71,14,_,di,di,ADP,
71-13b,_,_,71,15,_,il,il,DET,
71-14,BO038,71,71,16,"discorso,",discorso,discorso,NOUN,
71-15,BO038,71,71,17,quindi,quindi,quindi,CCONJ,
71-16,BO038,71,71,18,"analisi,",analisi,analisi,NOUN,
72-0,BO026,72,72,1,e,e,e,CCONJ,
72-1,BO026,72,72,2,di,di,di,ADP,
72-2,BO026,72,72,3,variazione,variazione,variazione,NOUN,
72-3,BO026,72,72,4,"sociolingui[stica],",sociolinguistica,sociolinguistico,ADJ,
73-0,BO038,73,73,1,[esatto].,esatto,esatto,ADV,
74-0,BO039,74,74,1,[qu]ello:,quello,quello,DET,
74-1,BO039,74,74,2,[stesso,stesso,stesso,PRON,
74-2,BO039,74,74,3,ch]e,che,che,PRON,
74-3,BO039,74,74,4,ha,ha,avere,AUX,
74-4,BO039,74,74,5,trovato,trovato,trovare,VERB,
74-5,BO039,74,74,6,lei,lei,lui,PRON,
74-6,BO039,74,74,7,io,io,io,PRON,
74-7,BO039,74,74,8,lo,lo,lo,PRON,
74-8,BO039,74,74,9,vorrei,vorrei,volere,AUX,
74-9,BO039,74,74,10,fare,fare,fare,VERB,
74-10,BO039,74,74,11,per,per,per,ADP,
74-11,BO039,74,74,12,spanish,spanish,Spanish,ADJ,
74-12,BO039,74,74,13,linguistic,linguistic,linguistics,NOUN,
74-13,BO039,74,74,14,qui.,qui,qui,ADV,
75-0,BO026,75,75,1,[okay].,okay,ok,INTJ,
76-0,BO039,76,76,1,per,per,per,ADP,
76-1,BO039,76,76,2,linguistica,linguistica,linguistica,NOUN,
76-2,BO039,76,76,3,spagnola.,spagnola,spagnolo,ADJ,
77-0,BO026,77,77,1,mh.,mh,mh,INTJ,
78-0,BO038,78,78,1,e::h,eh,eh,INTJ,
78-1,BO038,78,78,2,io,io,io,PRON,
78-2,BO038,78,78,3,lingua,lingua,lingua,NOUN,
78-3,BO038,78,78,4,spagnola,spagnola,spagnolo,ADJ,
78-4,BO038,78,78,5,erano::,erano,essere,AUX,
78-5,BO038,78,78,6,e::h,eh,eh,INTJ,
78-6,BO038,78,78,7,due,due,due,NUM,
78-7,BO038,78,78,8,"traduzioni,",traduzioni,traduzione,NOUN,
79-0,BO026,79,79,1,ma,ma,ma,CCONJ,
79-1,BO026,79,79,2,questo,questo,questo,PRON,
79-2,BO026,79,79,3,è,è,essere,VERB,
79-3,BO026,79,79,4,non,non,non,ADV,
79-4,BO026,79,79,5,è,è,essere,VERB,
79-5,BO026,79,79,6,il,il,il,DET,
79-6,BO026,79,79,7,"lettorato,",lettorato,lettorato,NOUN,
79-7,BO026,79,79,8,"no,",no,no,ADV,
80-0,BO038,80,80,1,eh,eh,eh,INTJ,
80-1,BO038,80,80,2,[c',c',ci,PRON,
80-2,BO038,80,80,3,è,è,essere,VERB,
80-3,BO038,80,80,4,anche,anche,anche,ADV,
80-4,BO038,80,80,5,no,no,no,ADV,
80-5,BO038,80,80,6,non,non,non,ADV,
80-6,BO038,80,80,7,è,è,essere,AUX,
80-7,BO038,80,80,8,non,non,non,ADV,
80-8,BO038,80,80,9,è,è,essere,AUX,
80-9,BO038,80,80,10,{P},{P},_,_,
80-10,BO038,80,80,11,sì].,sì,sì,ADV,
81-0,BO026,81,81,1,[lingua,lingua,lingua,NOUN,
81-1,BO026,81,81,2,spagnola,spagnola,spagnolo,ADJ,
81-2,BO026,81,81,3,c',c',ci,PRON,
81-3,BO026,81,81,4,è,è,essere,AUX,
81-4,BO026,81,81,5,anche,anche,anche,ADV,
81-5,BO026,81,81,6,compreso,compreso,comprendere,VERB,
81-6,BO026,81,81,7,il,il,il,DET,
81-7,BO026,81,81,8,lettora~,lettora~,lettorato,NOUN,
81-8,BO026,81,81,9,il].,il,il,DET,
82-0,BO038,82,82,1,è,è,essere,VERB,
82-1,BO038,82,82,2,tutto,tutto,tutto,PRON,
82-2,BO038,82,82,3,insieme.,insieme,insieme,ADV,
83-0,BO038,83,83,1,cioè,cioè,cioè,CCONJ,
83-1,BO038,83,83,2,lingua,lingua,lingua,NOUN,
83-2,BO038,83,83,3,spagnola,spagnola,spagnolo,ADJ,
83-3,BO038,83,83,4,a,a,a,ADP,
83-4,BO038,83,83,5,italiano,italiano,italiano,NOUN,
83-5,BO038,83,83,6,per,per,per,ADP,
83-6,BO038,83,83,7,stranieri,stranieri,straniero,NOUN,
83-7,BO038,83,83,8,ha,ha,avere,VERB,
83-8,BO038,83,83,9,sia,sia,sia,CCONJ,
83-9,BO038,83,83,10,lingua,lingua,lingua,NOUN,
83-10,BO038,83,83,11,che,che,che,CCONJ,
83-11,BO038,83,83,12,lettora[to].,lettorato,lettorato,NOUN,
84-0,BO039,84,84,1,[sì],sì,sì,ADV,
84-1,BO039,84,84,2,anche,anche,anche,ADV,
84-2,BO039,84,84,3,a:::,a,a,ADP,
84-3,BO039,84,84,4,language,language,language,NOUN,
84-4,BO039,84,84,5,>society<,society,society,NOUN,
84-5,BO039,84,84,6,and,and,and,CCONJ,
84-6,BO039,84,84,7,communication.,communication,communication,NOUN,
85-0,BO026,85,85,1,[sì].,sì,sì,ADV,
86-0,BO038,86,86,1,[e::]h,eh,eh,INTJ,
86-1,BO038,86,86,2,mh,mh,mh,INTJ,
86-2,BO038,86,86,3,e,e,e,CCONJ,
86-3,BO038,86,86,4,quindi,quindi,quindi,CCONJ,
86-4,BO038,86,86,5,questo,questo,questo,PRON,
86-5,BO038,86,86,6,è,è,essere,AUX,
86-6,BO038,86,86,7,appunto,appunto,appunto,ADV,
86-7,BO038,86,86,8,un,un,uno,DET,
86-8,BO038,86,86,9,esame,esame,esame,NOUN,
86-9,BO038,86,86,10,di,di,di,ADP,
86-10,BO038,86,86,11,"spagnolo,",spagnolo,spagnolo,NOUN,
87-0,BO026,87,87,1,[mh,mh,mh,INTJ,
87-1,BO026,87,87,2,mh].,mh,mh,INTJ,
88-0,BO038,88,88,1,e::h,eh,eh,INTJ,
88-1,BO038,88,88,2,questo,questo,questo,PRON,
88-2,BO038,88,88,3,credo,credo,credere,VERB,
88-3,BO038,88,88,4,di,di,di,SCONJ,
88-4,BO038,88,88,5,non,non,non,ADV,
88-5,BO038,88,88,6-7,poterlo,poterlo,_,_,
88-5a,_,_,88,6,_,poter,potere,AUX,
88-5b,_,_,88,7,_,lo,lo,PRON,
88-6,BO038,88,88,8,dare,dare,dare,VERB,
88-7,BO038,88,88,9,perché,perché,perché,SCONJ,
88-8,BO038,88,88,10,in,in,in,ADP,
88-9,BO038,88,88,11,realtà,realtà,realtà,NOUN,
88-10,BO038,88,88,12,l',l',lo,PRON,
88-11,BO038,88,88,13,avevo,avevo,avere,AUX,
88-12,BO038,88,88,14,messo,messo,mettere,VERB,
88-13,BO038,88,88,15,però:,però,però,CCONJ,
88-14,BO038,88,88,16,e::h,eh,eh,INTJ,
88-15,BO038,88,88,17,probabilmente,probabilmente,probabilmente,ADV,
88-16,BO038,88,88,18,non,non,non,ADV,
88-17,BO038,88,88,19,riesc~,riesc~,x,X,
88-18,BO038,88,88,20,non,non,non,ADV,
88-19,BO038,88,88,21,potrò,potrò,potere,AUX,
88-20,BO038,88,88,22-23,darlo,darlo,_,_,
88-20a,_,_,88,22,_,dar,dare,VERB,
88-20b,_,_,88,23,_,lo,lo,PRON,
88-21,BO038,88,88,24,perché,perché,perché,SCONJ,
88-22,BO038,88,88,25,antropologia,antropologia,antropologia,NOUN,
88-23,BO038,88,88,26,fa,fa,fare,VERB,
88-24,BO038,88,88,27,parte,parte,parte,NOUN,
88-25,BO038,88,88,28,di,di,di,ADP,
88-26,BO038,88,88,29,un,un,uno,DET,
88-27,BO038,88,88,30,altro,altro,altro,ADJ,
88-28,BO038,88,88,31,dipartimento.,dipartimento,dipartimento,NOUN,
89-0,BO026,89,89,1,ah,ah,ah,INTJ,
89-1,BO026,89,89,2,sì.,sì,sì,ADV,
90-0,BO038,90,90,1,quindi,quindi,quindi,CCONJ,
90-1,BO038,90,90,2,avevo,avevo,avere,AUX,
90-2,BO038,90,90,3,visto,visto,vedere,VERB,
90-3,BO038,90,90,4,ieri,ieri,ieri,ADV,
90-4,BO038,90,90,5,però,però,però,CCONJ,
90-5,BO038,90,90,6,effettivamente,effettivamente,effettivamente,ADV,
90-6,BO038,90,90,7,cioè,cioè,cioè,CCONJ,
90-7,BO038,90,90,8,antropolo[gia,antropologia,antropologia,NOUN,
90-8,BO038,90,90,9,da,da,da,ADP,
90-9,BO038,90,90,10,"loro],",loro,loro,PRON,
91-0,BO026,91,91,1,[sì,sì,sì,ADV,
91-1,BO026,91,91,2,è,è,essere,AUX,
91-2,BO026,91,91,3,vero,vero,vero,ADJ,
91-3,BO026,91,91,4-5,dalla],dalla,_,_,
91-3a,_,_,91,4,_,da,da,ADP,
91-3b,_,_,91,5,_,la,il,DET,
91-4,BO026,91,91,6,dicitur[a::,dicitura,dicitura,NOUN,
91-5,BO026,91,91,7,sembrerebbe],sembrerebbe,sembrare,VERB,
91-6,BO026,91,91,8,m:h,mh,mh,INTJ,
91-7,BO026,91,91,9,equivalente.,equivalente,equivalente,ADJ,
91-8,BO026,91,91,10,"però,",però,però,CCONJ,
92-0,BO038,92,92,1,[fa,fa,fare,VERB,
92-1,BO038,92,92,2,parte,parte,parte,NOUN,
92-2,BO038,92,92,3,di,di,di,ADP,
92-3,BO038,92,92,4,un,un,uno,DET,
92-4,BO038,92,92,5,altro,altro,altro,ADJ,
92-5,BO038,92,92,6,dipartimento]?,dipartimento,dipartimento,NOUN,
93-0,BO026,93,93,1,(pote[te),potete,potere,AUX,
93-1,BO026,93,93,2,vedere],vedere,vedere,VERB,
93-2,BO026,93,93,3,anche,anche,anche,ADV,
93-3,BO026,93,93,4,cosa,cosa,cosa,PRON,
93-4,BO026,93,93,5,vuol,vuol,volere,AUX,
93-5,BO026,93,93,6,dire,dire,dire,VERB,
93-6,BO026,93,93,7,"no,",no,no,ADV,
94-0,BO038,94,94,1,[e::h],eh,eh,INTJ,
95-0,BO026,95,95,1,vabbè,vabbè,vabbè,INTJ,
95-1,BO026,95,95,2,current,current,current,ADJ,
95-2,BO026,95,95,3,issues,issues,issue,NOUN,
95-3,BO026,95,95,4,i[n,in,in,ADP,
95-4,BO026,95,95,5,ethnology].,ethnology,ethnology,NOUN,
96-0,BO038,96,96,1,[sì,sì,sì,ADV,
96-1,BO038,96,96,2,cioè,cioè,cioè,CCONJ,
96-2,BO038,96,96,3,in,in,in,ADP,
96-3,BO038,96,96,4,realtà,realtà,realtà,NOUN,
96-4,BO038,96,96,5,i,i,il,DET,
96-5,BO038,96,96,6,program]mi,programmi,programma,NOUN,
96-6,BO038,96,96,7,sono,sono,essere,AUX,
96-7,BO038,96,96,8,molto,molto,molto,ADV,
96-8,BO038,96,96,9,si[mili,simili,simile,ADJ,
96-9,BO038,96,96,10,perch]é,perché,perché,SCONJ,
96-10,BO038,96,96,11,questo,questo,questo,PRON,
96-11,BO038,96,96,12,poi,poi,poi,ADV,
96-12,BO038,96,96,13,è,è,essere,AUX,
96-13,BO038,96,96,14,cioè,cioè,cioè,CCONJ,
96-14,BO038,96,96,15,quello,quello,quello,PRON,
96-15,BO038,96,96,16,che,che,che,PRON,
96-16,BO038,96,96,17,d~,d~,x,X,
96-17,BO038,96,96,18,che,che,che,PRON,
96-18,BO038,96,96,19,avrei,avrei,avere,AUX,
96-19,BO038,96,96,20,dovuto,dovuto,dovere,AUX,
96-20,BO038,96,96,21,dare,dare,dare,VERB,
96-21,BO038,96,96,22,qui,qui,qui,ADV,
96-22,BO038,96,96,23,a,a,a,ADP,
96-23,BO038,96,96,24,bologna,bologna,Bologna,PROPN,
96-24,BO038,96,96,25,è,è,essere,VERB,
96-25,BO038,96,96,26-27,sui,sui,_,_,
96-25a,_,_,96,26,_,su,su,ADP,
96-25b,_,_,96,27,_,i,il,DET,
96-26,BO038,96,96,28,processi,processi,processo,NOUN,
96-27,BO038,96,96,29,migratori,migratori,migratorio,ADJ,
96-28,BO038,96,96,30,q[uindi,quindi,quindi,CCONJ,
96-29,BO038,96,96,31,(fa]nno),fanno,fare,VERB,
96-30,BO038,96,96,32,"comunque,",comunque,comunque,ADV,
97-0,BO026,97,97,1,[mh,mh,mh,INTJ,
97-1,BO026,97,97,2,mh].,mh,mh,INTJ,
98-0,BO026,98,98,1,[mh,mh,mh,INTJ,
98-1,BO026,98,98,2,mh].,mh,mh,INTJ,
99-0,BO026,99,99,1,questo,questo,questo,PRON,
99-1,BO026,99,99,2,è,è,essere,AUX,
99-2,BO026,99,99,3,quello,quello,quello,PRON,
99-3,BO026,99,99,4,di,di,di,ADP,
99-4,BO026,99,99,5,verdi,verdi,Verdi,PROPN,
99-5,BO026,99,99,6,"no,",no,no,ADV,
100-0,BO038,100,100,1,sì.,sì,sì,ADV,
101-0,BO026,101,101,1,e::,e,e,CCONJ,
101-1,BO026,101,101,2,e,e,e,CCONJ,
101-2,BO026,101,101,3,non,non,non,ADV,
101-3,BO026,101,101,4,può,può,potere,VERB,
101-4,BO026,101,101,5,essere::,essere,essere,VERB,
101-5,BO026,101,101,6,no,no,no,ADV,
101-6,BO026,101,101,7,p[erché,perché,perché,SCONJ,
101-7,BO026,101,101,8,deve,deve,dovere,AUX,
101-8,BO026,101,101,9,essere,essere,essere,VERB,
101-9,BO026,101,101,10-11,all',all',_,_,
101-9a,_,_,101,10,_,a,a,ADP,
101-9b,_,_,101,11,_,l',il,DET,
101-10,BO026,101,101,12,inte~],inte~,x,X,
102-0,BO038,102,102,1,[non,non,non,ADV,
102-1,BO038,102,102,2,lo,lo,lo,PRON,
102-2,BO038,102,102,3,so,so,sapere,VERB,
102-3,BO038,102,102,4,dovrei,dovrei,dovere,AUX,
102-4,BO038,102,102,5,scrivere],scrivere,scrivere,VERB,
102-5,BO038,102,102,6,a,a,a,ADP,
102-6,BO038,102,102,7,loro,loro,loro,PRON,
102-7,BO038,102,102,8,io,io,io,PRON,
102-8,BO038,102,102,9,pensavo,pensavo,pensare,VERB,
102-9,BO038,102,102,10,di,di,di,SCONJ,
102-10,BO038,102,102,11,metter~,metter~,x,X,
102-11,BO038,102,102,12,cioè,cioè,cioè,CCONJ,
102-12,BO038,102,102,13,pensavo,pensavo,pensare,VERB,
102-13,BO038,102,102,14,di,di,di,SCONJ,
102-14,BO038,102,102,15,scrivere,scrivere,scrivere,VERB,
102-15,BO038,102,102,16,una,una,uno,DET,
102-16,BO038,102,102,17,mail,mail,mail,NOUN,
102-17,BO038,102,102,18,a,a,a,ADP,
102-18,BO038,102,102,19,loro,loro,loro,PRON,
102-19,BO038,102,102,20,e,e,e,CCONJ,
102-20,BO038,102,102,21-22,chiedergli,chiedergli,_,_,
102-20a,_,_,102,21,_,chieder,chiedere,VERB,
102-20b,_,_,102,22,_,gli,gli,PRON,
102-21,BO038,102,102,23,se:,se,se,SCONJ,
102-22,BO038,102,102,24,perché,perché,perché,SCONJ,
102-23,BO038,102,102,25,io,io,io,PRON,
102-24,BO038,102,102,26,non,non,non,ADV,
102-25,BO038,102,102,27,ho,ho,avere,AUX,
102-26,BO038,102,102,28,fatto,fatto,fare,VERB,
102-27,BO038,102,102,29,domanda,domanda,domanda,NOUN,
102-28,BO038,102,102,30,per,per,per,ADP,
102-29,BO038,102,102,31,il,il,il,DET,
102-30,BO038,102,102,32,dipartimento,dipartimento,dipartimento,NOUN,
102-31,BO038,102,102,33,di,di,di,ADP,
102-32,BO038,102,102,34,antropol[ogia].,antropologia,antropologia,NOUN,
103-0,BO026,103,103,1,[mh].,mh,mh,INTJ,
103-1,BO026,103,103,2,{P},{P},_,_,
103-2,BO026,103,103,3,m[h].,mh,mh,INTJ,
104-0,BO038,104,104,1,[cioè],cioè,cioè,CCONJ,
104-1,BO038,104,104,2,loro,loro,loro,PRON,
104-2,BO038,104,104,3,mi,mi,mi,PRON,
104-3,BO038,104,104,4,hanno,hanno,avere,AUX,
104-4,BO038,104,104,5,ammesso,ammesso,ammettere,VERB,
104-5,BO038,104,104,6-7,al,al,_,_,
104-5a,_,_,104,6,_,a,a,ADP,
104-5b,_,_,104,7,_,il,il,DET,
104-6,BO038,104,104,8,dipartim[ento,dipartimento,dipartimento,NOUN,
104-7,BO038,104,104,9,di,di,di,ADP,
104-8,BO038,104,104,10,lingue,lingue,lingua,NOUN,
104-9,BO038,104,104,11,romanze].,romanze,romanzo,ADJ,
105-0,BO026,105,105,1,[certo.,certo,certo,ADV,
105-1,BO026,105,105,2,certo].,certo,certo,ADV,
106-0,BO026,106,106,1,°certo.°,certo,certo,ADV,
107-0,BO038,107,107,1,quindi,quindi,quindi,CCONJ,
107-1,BO038,107,107,2,{P},{P},_,_,
107-2,BO038,107,107,3,devo,devo,dovere,AUX,
107-3,BO038,107,107,4,chiedere,chiedere,chiedere,VERB,
107-4,BO038,107,107,5,a,a,a,ADP,
107-5,BO038,107,107,6,loro,loro,loro,PRON,
107-6,BO038,107,107,7,se,se,se,SCONJ,
107-7,BO038,107,107,8,posso,posso,potere,AUX,
107-8,BO038,107,107,9,"inserire,",inserire,inserire,VERB,
108-0,BO038,108,108,1,un,un,uno,DET,
108-1,BO038,108,108,2,mh,mh,mh,INTJ,
108-2,BO038,108,108,3,un,un,uno,DET,
108-3,BO038,108,108,4,esame,esame,esame,NOUN,
108-4,BO038,108,108,5,che,che,che,PRON,
108-5,BO038,108,108,6,non,non,non,ADV,
108-6,BO038,108,108,7,fa,fa,fare,VERB,
108-7,BO038,108,108,8,parte,parte,parte,NOUN,
108-8,BO038,108,108,9-10,del,del,_,_,
108-8a,_,_,108,9,_,di,di,ADP,
108-8b,_,_,108,10,_,il,il,DET,
108-9,BO038,108,108,11,dipartimento,dipartimento,dipartimento,NOUN,
108-10,BO038,108,108,12,a,a,a,ADP,
108-11,BO038,108,108,13,[cui,cui,cui,PRON,
108-12,BO038,108,108,14,sono,sono,essere,AUX,
108-13,BO038,108,108,15,iscri]tta.,iscritta,iscrivere,VERB,
108-14,BO038,108,108,16,fondamentalmente.,fondamentalmente,fondamentalmente,ADV,
109-0,BO026,109,109,1,[mh,mh,mh,INTJ,
109-1,BO026,109,109,2,mh].,mh,mh,INTJ,
110-0,BO038,110,110,1,e,e,e,CCONJ,
110-1,BO038,110,110,2,l',l',il,DET,
110-2,BO038,110,110,3,ultimo,ultimo,ultimo,PRON,
110-3,BO038,110,110,4,è:,è,essere,AUX,
110-4,BO038,110,110,5,m:h,mh,mh,INTJ,
110-5,BO038,110,110,6,letteratura,letteratura,letteratura,NOUN,
110-6,BO038,110,110,7,angl~,angl~,angloamericano,ADJ,
110-7,BO038,110,110,8,m:h,mh,mh,INTJ,
110-8,BO038,110,110,9,"[anglo]americana,",angloamericana,angloamericano,ADJ,
111-0,BO026,111,111,1,[mh,mh,mh,INTJ,
111-1,BO026,111,111,2,mh].,mh,mh,INTJ,
112-0,BO038,112,112,1,e::[h,eh,eh,INTJ,
112-1,BO038,112,112,2,"qui],",qui,qui,ADV,
113-0,BO026,113,113,1,[che,che,che,PRON,
113-1,BO026,113,113,2,qui,qui,qui,ADV,
113-2,BO026,113,113,3,sar]ebbe,sarebbe,essere,AUX,
113-3,BO026,113,113,4,a[merican,american,American,ADJ,
113-4,BO026,113,113,5,literature]:,literature,literature,NOUN,
113-5,BO026,113,113,6,mh.,mh,mh,INTJ,
114-0,BO038,114,114,1,[che,che,che,PRON,
114-1,BO038,114,114,2,questo,questo,questo,PRON,
114-2,BO038,114,114,3,"è,",è,essere,AUX,
114-3,BO038,114,114,4,sì].,sì,sì,ADV,
115-0,BO038,115,115,1,afroamericana,afroamericana,afroamericano,ADJ,
115-1,BO038,115,115,2,[e::,e,e,CCONJ,
115-2,BO038,115,115,3,però],però,però,CCONJ,
115-3,BO038,115,115,4,comunque,comunque,comunque,ADV,
115-4,BO038,115,115,5,{P},{P},_,_,
115-5,BO038,115,115,6,[è,è,essere,AUX,
115-6,BO038,115,115,7,u:n,un,uno,DET,
115-7,BO038,115,115,8,è,è,essere,AUX,
115-8,BO038,115,115,9,angloamericana].,angloamericana,angloamericano,ADJ,
116-0,BO026,116,116,1,[sì].,sì,sì,ADV,
117-0,BO026,117,117,1,[sì:,sì,sì,ADV,
117-1,BO026,117,117,2,sì,sì,sì,ADV,
117-2,BO026,117,117,3,direi,direi,dire,VERB,
117-3,BO026,117,117,4,di,di,di,ADP,
117-4,BO026,117,117,5,sì].,sì,sì,ADV,
118-0,BO026,118,118,1,sono,sono,essere,AUX,
118-1,BO026,118,118,2,queste,queste,questo,ADJ,
118-2,BO026,118,118,3,tre?,tre,tre,NUM,
119-0,BO038,119,119,1,e:h,eh,eh,INTJ,
119-1,BO038,119,119,2,no,no,no,ADV,
119-2,BO038,119,119,3,in,in,in,ADP,
119-3,BO038,119,119,4,realtà,realtà,realtà,NOUN,
119-4,BO038,119,119,5,sì.,sì,sì,ADV,
119-5,BO038,119,119,6,l',l',il,DET,
119-6,BO038,119,119,7,ul~,ul~,x,X,
119-7,BO038,119,119,8,l',l',il,DET,
119-8,BO038,119,119,9,unica::,unica,unico,ADJ,
119-9,BO038,119,119,10,cosa,cosa,cosa,NOUN,
119-10,BO038,119,119,11,è,è,essere,VERB,
119-11,BO038,119,119,12,che,che,che,SCONJ,
119-12,BO038,119,119,13,io,io,io,PRON,
119-13,BO038,119,119,14-15,al,al,_,_,
119-13a,_,_,119,14,_,a,a,ADP,
119-13b,_,_,119,15,_,il,il,DET,
119-14,BO038,119,119,16,secondo,secondo,secondo,ADJ,
119-15,BO038,119,119,17,"anno,",anno,anno,NOUN,
120-0,BO038,120,120,1,ho,ho,avere,VERB,
120-1,BO038,120,120,2,{P},{P},_,_,
120-2,BO038,120,120,3,il,il,il,DET,
120-3,BO038,120,120,4,blocco,blocco,blocco,NOUN,
120-4,BO038,120,120,5,quello,quello,quello,PRON,
120-5,BO038,120,120,6-7,degli,degli,_,_,
120-5a,_,_,120,6,_,di,di,ADP,
120-5b,_,_,120,7,_,gli,il,DET,
120-6,BO038,120,120,8,esami::,esami,esame,NOUN,
120-7,BO038,120,120,9,{P},{P},_,_,
120-8,BO038,120,120,10,e::h,eh,eh,INTJ,
120-9,BO038,120,120,11,mh,mh,mh,INTJ,
121-0,BO038,121,121,1,a,a,a,ADP,
121-1,BO038,121,121,2,scelta,scelta,scelta,NOUN,
121-2,BO038,121,121,3,tra,tra,tra,ADP,
121-3,BO038,121,121,4,vir[golette].,virgolette,virgoletta,NOUN,
122-0,BO026,122,122,1,[mh,mh,mh,INTJ,
122-1,BO026,122,122,2,mh].,mh,mh,INTJ,
123-0,BO038,123,123,1,ho,ho,avere,VERB,
123-1,BO038,123,123,2,due,due,due,NUM,
123-2,BO038,123,123,3,esami,esami,esame,NOUN,
123-3,BO038,123,123,4,da,da,da,ADP,
123-4,BO038,123,123,5,sei.,sei,sei,NUM,
124-0,BO026,124,124,1,mh,mh,mh,INTJ,
124-1,BO026,124,124,2,mh.,mh,mh,INTJ,
125-0,BO038,125,125,1,cioè,cioè,cioè,CCONJ,
125-1,BO038,125,125,2,devo,devo,dovere,AUX,
125-2,BO038,125,125,3,raggiungere,raggiungere,raggiungere,VERB,
125-3,BO038,125,125,4,dodici,dodici,dodici,NUM,
125-4,BO038,125,125,5,crediti.,crediti,credito,NOUN,
126-0,BO038,126,126,1,e:,e,e,CCONJ,
126-1,BO038,126,126,2,se,se,se,SCONJ,
126-2,BO038,126,126,3,no:n,non,non,ADV,
126-3,BO038,126,126,4,non,non,non,ADV,
126-4,BO038,126,126,5,mh,mh,mh,INTJ,
126-5,BO038,126,126,6,{P},{P},_,_,
126-6,BO038,126,126,7,non,non,non,ADV,
126-7,BO038,126,126,8,dove[ss~],dovess~,dovere,VERB,
127-0,BO026,127,127,1,[non,non,non,ADV,
127-1,BO026,127,127,2,è],è,essere,AUX,
127-2,BO026,127,127,3,pos[sibile,possibile,possibile,ADJ,
127-3,BO026,127,127,4,inserire,inserire,inserire,VERB,
127-4,BO026,127,127,5,"xx],",xx,x,X,
128-0,BO038,128,128,1,[fare,fare,fare,VERB,
128-1,BO038,128,128,2,questo.,questo,questo,PRON,
128-2,BO038,128,128,3,avevo,avevo,avere,AUX,
128-3,BO038,128,128,4,pensato],pensato,pensare,VERB,
128-4,BO038,128,128,5,d~,d~,di,SCONJ,
128-5,BO038,128,128,6,di,di,di,SCONJ,
128-6,BO038,128,128,7,inserire,inserire,inserire,VERB,
128-7,BO038,128,128,8,{P},{P},_,_,
128-8,BO038,128,128,9,questo,questo,questo,PRON,
128-9,BO038,128,128,10,che,che,che,PRON,
128-10,BO038,128,128,11,è,è,essere,VERB,
128-11,BO038,128,128,12,sempre,sempre,sempre,ADV,
128-12,BO038,128,128,13,sotto,sotto,sotto,ADP,
128-13,BO038,128,128,14,a,a,a,ADP,
128-14,BO038,128,128,15,english,english,English,ADJ,
128-15,BO038,128,128,16,"studies,",studies,study,NOUN,
129-0,BO026,129,129,1,mh,mh,mh,INTJ,
129-1,BO026,129,129,2,mh.,mh,mh,INTJ,
130-0,BO038,130,130,1,ed,ed,e,CCONJ,
130-1,BO038,130,130,2,è,è,essere,VERB,
130-2,BO038,130,130,3,da,da,da,ADP,
130-3,BO038,130,130,4,quindici,quindici,quindici,NUM,
130-4,BO038,130,130,5,crediti.,crediti,credito,NOUN,
131-0,BO038,131,131,1,quindi,quindi,quindi,CCONJ,
131-1,BO038,131,131,2,raggrupperei,raggrupperei,raggruppare,VERB,
131-2,BO038,131,131,3,quei,quei,quello,DET,
131-3,BO038,131,131,4,due,due,due,NUM,
131-4,BO038,131,131,5,esami,esami,esame,NOUN,
131-5,BO038,131,131,6,a,a,a,ADP,
131-6,BO038,131,131,7,"scelta,",scelta,scelta,NOUN,
132-0,BO026,132,132,1,però,però,però,CCONJ,
132-1,BO026,132,132,2,bisogna,bisogna,bisognare,AUX,
132-2,BO026,132,132,3,ve~,ve~,verificare,VERB,
132-3,BO026,132,132,4,<verificare>,verificare,verificare,VERB,
132-4,BO026,132,132,5,co::n,con,con,ADP,
132-5,BO026,132,132,6,se,se,se,SCONJ,
132-6,BO026,132,132,7,questo,questo,questo,PRON,
132-7,BO026,132,132,8,è,è,essere,AUX,
132-8,BO026,132,132,9,possibile,possibile,possibile,ADJ,
132-9,BO026,132,132,10,"eh,",eh,eh,INTJ,
133-0,BO038,133,133,1,eh,eh,eh,INTJ,
133-1,BO038,133,133,2,per,per,per,ADP,
133-2,BO038,133,133,3,quello,quello,quello,PRON,
133-3,BO038,133,133,4,chiedevo,chiedevo,chiedere,VERB,
133-4,BO038,133,133,5,perché,perché,perché,SCONJ,
133-5,BO038,133,133,6,comunque::,comunque,comunque,ADV,
133-6,BO038,133,133,7,m::h,mh,mh,INTJ,
134-0,BO026,134,134,1,proprio,proprio,proprio,ADV,
134-1,BO026,134,134,2,tecnicamente,tecnicamente,tecnicamente,ADV,
134-2,BO026,134,134,3,se,se,se,SCONJ,
134-3,BO026,134,134,4,è,è,essere,AUX,
134-4,BO026,134,134,5,possibile,possibile,possibile,ADJ,
134-5,BO026,134,134,6,lo,lo,lo,PRON,
134-6,BO026,134,134,7,s~,s~,x,X,
134-7,BO026,134,134,8,lo,lo,lo,PRON,
134-8,BO026,134,134,9,verificherei,verificherei,verificare,VERB,
134-9,BO026,134,134,10,anche,anche,anche,ADV,
134-10,BO026,134,134,11-12,all',all',_,_,
134-10a,_,_,134,11,_,a,a,ADP,
134-10b,_,_,134,12,_,l',il,DET,
134-11,BO026,134,134,13,ufficio:,ufficio,ufficio,NOUN,
134-12,BO026,134,134,14,erasmus.,erasmus,Erasmus,PROPN,
134-13,BO026,134,134,15,"cioè,",cioè,cioè,CCONJ,
135-0,BO026,135,135,1,se,se,se,SCONJ,
135-1,BO026,135,135,2,quella,quella,quello,DET,
135-2,BO026,135,135,3,somma,somma,somma,NOUN,
135-3,BO026,135,135,4,di,di,di,ADP,
135-4,BO026,135,135,5,crediti,crediti,credito,NOUN,
135-5,BO026,135,135,6,può,può,potere,AUX,
135-6,BO026,135,135,7,essere,essere,essere,AUX,
135-7,BO026,135,135,8,data,data,dare,VERB,
135-8,BO026,135,135,9-10,da:i:,dai,_,_,
135-8a,_,_,135,9,_,da,da,ADP,
135-8b,_,_,135,10,_,i,il,DET,
135-9,BO026,135,135,11,due,due,due,NUM,
135-10,BO026,135,135,12,esami::,esami,esame,NOUN,
136-0,BO026,136,136,1,"perché,",perché,perché,SCONJ,
137-0,BO026,137,137,1,qu~,qu~,quanto,ADJ,
137-1,BO026,137,137,2,quanti,quanti,quanto,ADJ,
137-2,BO026,137,137,3,crediti,crediti,credito,NOUN,
137-3,BO026,137,137,4,ha,ha,avere,VERB,
137-4,BO026,137,137,5,l[a,la,il,DET,
137-5,BO026,137,137,6,disciplina],disciplina,disciplina,NOUN,
137-6,BO026,137,137,7,{P},{P},_,_,
137-7,BO026,137,137,8,in,in,in,ADP,
137-8,BO026,137,137,9,"italia,",italia,Italia,PROPN,
138-0,BO038,138,138,1,[questo,questo,questo,PRON,
138-1,BO038,138,138,2,è,è,essere,VERB,
138-2,BO038,138,138,3,da,da,da,ADP,
138-3,BO038,138,138,4,quin~],quin~,quindici,NUM,
139-0,BO038,139,139,1,e:[h,eh,eh,INTJ,
139-1,BO038,139,139,2,m:]h,mh,mh,INTJ,
139-2,BO038,139,139,3,io,io,io,PRON,
139-3,BO038,139,139,4,no~,no~,x,X,
139-4,BO038,139,139,5,cioè,cioè,cioè,CCONJ,
139-5,BO038,139,139,6-7,nel,nel,_,_,
139-5a,_,_,139,6,_,in,in,ADP,
139-5b,_,_,139,7,_,il,il,DET,
139-6,BO038,139,139,8,senso,senso,senso,NOUN,
139-7,BO038,139,139,9,{P},{P},_,_,
139-8,BO038,139,139,10,lì,lì,lì,ADV,
139-9,BO038,139,139,11,sono,sono,essere,VERB,
139-10,BO038,139,139,12,da,da,da,SCONJ,
139-11,BO038,139,139,13,raggiungere,raggiungere,raggiungere,VERB,
139-12,BO038,139,139,14,dodici,dodici,dodici,NUM,
139-13,BO038,139,139,15,"[cre]diti,",crediti,credito,NOUN,
140-0,BO026,140,140,1,[°a,a,a,ADP,
140-1,BO026,140,140,2,bologna.°],bologna,Bologna,PROPN,
141-0,BO026,141,141,1,[sì].,sì,sì,ADV,
142-0,BO038,142,142,1,c',c',ci,PRON,
142-1,BO038,142,142,2,è,è,essere,AUX,
142-2,BO038,142,142,3,indicato,indicato,indicare,VERB,
142-3,BO038,142,142,4-5,sul,sul,_,_,
142-3a,_,_,142,4,_,su,su,ADP,
142-3b,_,_,142,5,_,il,il,DET,
142-4,BO038,142,142,6,sito.,sito,sito,NOUN,
143-0,BO026,143,143,1,mh,mh,mh,INTJ,
143-1,BO026,143,143,2,mh.,mh,mh,INTJ,
144-0,BO038,144,144,1,quindi,quindi,quindi,CCONJ,
144-1,BO038,144,144,2,e:h,eh,eh,INTJ,
144-2,BO038,144,144,3,mh,mh,mh,INTJ,
144-3,BO038,144,144,4,eventualmente,eventualmente,eventualmente,ADV,
144-4,BO038,144,144,5,o,o,o,CCONJ,
144-5,BO038,144,144,6,scegliere,scegliere,scegliere,VERB,
144-6,BO038,144,144,7,due,due,due,NUM,
144-7,BO038,144,144,8,esami,esami,esame,NOUN,
144-8,BO038,144,144,9,da,da,da,ADP,
144-9,BO038,144,144,10,"sei,",sei,sei,NUM,
145-0,BO026,145,145,1,mh,mh,mh,INTJ,
145-1,BO026,145,145,2,mh.,mh,mh,INTJ,
146-0,BO038,146,146,1,oppure,oppure,oppure,CCONJ,
146-1,BO038,146,146,2,io,io,io,PRON,
146-2,BO038,146,146,3,pensavo,pensavo,pensare,VERB,
146-3,BO038,146,146,4,in,in,in,ADP,
146-4,BO038,146,146,5,realtà,realtà,realtà,NOUN,
146-5,BO038,146,146,6,di,di,di,SCONJ,
146-6,BO038,146,146,7,inserire,inserire,inserire,VERB,
146-7,BO038,146,146,8,un,un,uno,DET,
146-8,BO038,146,146,9,esame,esame,esame,NOUN,
146-9,BO038,146,146,10,di,di,di,ADP,
146-10,BO038,146,146,11,un,un,uno,DET,
146-11,BO038,146,146,12,altro::,altro,altro,ADJ,
146-12,BO038,146,146,13,>di,di,di,ADP,
146-13,BO038,146,146,14,un,un,uno,DET,
146-14,BO038,146,146,15,altro,altro,altro,ADJ,
146-15,BO038,146,146,16,dipartimento,dipartimento,dipartimento,NOUN,
146-16,BO038,146,146,17,[qui,qui,qui,ADV,
146-17,BO038,146,146,18,a,a,a,ADP,
146-18,BO038,146,146,19,bo]logna<.,bologna,Bologna,PROPN,
147-0,BO026,147,147,1,[mh].,mh,mh,INTJ,
148-0,BO026,148,148,1,qui,qui,qui,ADV,
148-1,BO026,148,148,2,bisogna,bisogna,bisognare,VERB,
148-2,BO026,148,148,3,allora,allora,allora,CCONJ,
148-3,BO026,148,148,4,quali,quali,quale,PRON,
148-4,BO026,148,148,5,sarebbe,sarebbe,essere,AUX,
148-5,BO026,148,148,6,la,la,il,DET,
148-6,BO026,148,148,7,materia,materia,materia,NOUN,
148-7,BO026,148,148,8,quali,quali,quale,PRON,
148-8,BO026,148,148,9,sarebbero,sarebbero,essere,AUX,
148-9,BO026,148,148,10,le,le,il,DET,
148-10,BO026,148,148,11,materie,materie,materia,NOUN,
148-11,BO026,148,148,12,da,da,da,ADP,
148-12,BO026,148,148,13,ess~,ess~,x,X,
148-13,BO026,148,148,14,da:,da,da,ADP,
148-14,BO026,148,148,15,sei,sei,sei,NUM,
148-15,BO026,148,148,16,"crediti,",crediti,credito,NOUN,
149-0,BO026,149,149,1,[in~,in~,x,X,
149-1,BO026,149,149,2,a:,a,a,ADP,
149-2,BO026,149,149,3,a,a,a,ADP,
149-3,BO026,149,149,4,copenaghen].,copenaghen,Copenaghen,PROPN,
150-0,BO038,150,150,1,[n~,n~,ne,PRON,
150-1,BO038,150,150,2,ne,ne,ne,PRON,
150-2,BO038,150,150,3,sono,sono,essere,AUX,
150-3,BO038,150,150,4,dive]rsi,diversi,diverso,PRON,
150-4,BO038,150,150,5,in,in,in,ADP,
150-5,BO038,150,150,6,realtà.,realtà,realtà,NOUN,
150-6,BO038,150,150,7,no~,no~,x,X,
150-7,BO038,150,150,8,questa,questa,questo,PRON,
150-8,BO038,150,150,9,è,è,essere,AUX,
150-9,BO038,150,150,10,una:,una,uno,DET,
150-10,BO038,150,150,11,è,è,essere,AUX,
150-11,BO038,150,150,12,un,un,uno,DET,
150-12,BO038,150,150,13,esame,esame,esame,NOUN,
150-13,BO038,150,150,14,da,da,da,ADP,
150-14,BO038,150,150,15,quindici.,quindici,quindici,NUM,
151-0,BO038,151,151,1,a,a,a,ADP,
151-1,BO038,151,151,2,copenaghen.,copenaghen,Copenaghen,NOUN,
152-0,BO026,152,152,1,sì.,sì,sì,ADV,
153-0,BO038,153,153,1,ed,ed,e,CCONJ,
153-1,BO038,153,153,2,è,è,essere,AUX,
153-2,BO038,153,153,3,e::h,eh,eh,INTJ,
153-3,BO038,153,153,4,m::h,mh,mh,INTJ,
153-4,BO038,153,153,5,m::h,mh,mh,INTJ,
154-0,BO038,154,154,1,linguaggio,linguaggio,linguaggio,NOUN,
154-1,BO038,154,154,2,e::,e,e,CCONJ,
154-2,BO038,154,154,3,m:h,mh,mh,INTJ,
155-0,BO026,155,155,1,e,e,e,CCONJ,
155-1,BO026,155,155,2,lei,lei,lei,PRON,
155-2,BO026,155,155,3,con,con,con,ADP,
155-3,BO026,155,155,4,che,che,che,PRON,
155-4,BO026,155,155,5,cosa,cosa,cosa,PRON,
155-5,BO026,155,155,6,lo,lo,lo,PRON,
155-6,BO026,155,155,7,{P},{P},_,_,
155-7,BO026,155,155,8,lo:,lo,lo,PRON,
155-8,BO026,155,155,9,sostituirebbe,sostituirebbe,sostituire,VERB,
155-9,BO026,155,155,10,con,con,con,ADP,
155-10,BO026,155,155,11,la,la,il,DET,
155-11,BO026,155,155,12,"disciplina,",disciplina,disciplina,NOUN,
156-0,BO026,156,156,1-2,dai,dai,_,_,
156-0a,_,_,156,1,_,da,da,ADP,
156-0b,_,_,156,2,_,i,il,DET,
156-1,BO026,156,156,3,[sei,sei,sei,NUM,
156-2,BO026,156,156,4,cred~,cred~,credito,NOUN,
156-3,BO026,156,156,5,a,a,a,ADP,
156-4,BO026,156,156,6,bol]ogna.,bologna,Bologna,PROPN,
157-0,BO038,157,157,1,[qui,qui,qui,ADV,
157-1,BO038,157,157,2,a,a,a,ADP,
157-2,BO038,157,157,3,bologna]?,bologna,Bologna,PROPN,
158-0,BO038,158,158,1,non,non,non,ADV,
158-1,BO038,158,158,2,so,so,sapere,VERB,
158-2,BO038,158,158,3,io,io,io,PRON,
158-3,BO038,158,158,4,pensavo,pensavo,pensare,VERB,
158-4,BO038,158,158,5,di,di,di,SCONJ,
158-5,BO038,158,158,6,cioè,cioè,cioè,CCONJ,
158-6,BO038,158,158,7,di:,di,di,SCONJ,
158-7,BO038,158,158,8,indicare,indicare,indicare,VERB,
158-8,BO038,158,158,9,DUE,due,due,NUM,
158-9,BO038,158,158,10,"esami,",esami,esame,NOUN,
159-0,BO038,159,159,1,in,in,in,ADP,
159-1,BO038,159,159,2,modo,modo,modo,NOUN,
159-2,BO038,159,159,3,tale,tale,tale,ADJ,
159-3,BO038,159,159,4,da,da,da,SCONJ,
159-4,BO038,159,159,5,far,far,fare,AUX,
159-5,BO038,159,159,6,valere,valere,valere,VERB,
159-6,BO038,159,159,7,due,due,due,NUM,
159-7,BO038,159,159,8,esami,esami,esame,NOUN,
159-8,BO038,159,159,9,qui,qui,qui,ADV,
159-9,BO038,159,159,10,a,a,a,ADP,
159-10,BO038,159,159,11,bologna,bologna,Bologna,PROPN,
159-11,BO038,159,159,12,come,come,come,ADP,
159-12,BO038,159,159,13,un,un,uno,DET,
159-13,BO038,159,159,14,[unico,unico,unico,ADJ,
159-14,BO038,159,159,15,esa]me,esame,esame,NOUN,
159-15,BO038,159,159,16,"lì,",lì,lì,ADV,
159-16,BO038,159,159,17,perché,perché,perché,SCONJ,
159-17,BO038,159,159,18,comunque,comunque,comunque,ADV,
159-18,BO038,159,159,19,sono,sono,essere,AUX,
159-19,BO038,159,159,20,dodici,dodici,dodici,NUM,
159-20,BO038,159,159,21,cre[diti,crediti,credito,NOUN,
159-21,BO038,159,159,22,in,in,in,ADP,
159-22,BO038,159,159,23,"totale],",totale,totale,NOUN,
160-0,BO026,160,160,1,[sì].,sì,sì,ADV,
161-0,BO026,161,161,1,[allora,allora,allora,CCONJ,
161-1,BO026,161,161,2,è,è,essere,VERB,
161-2,BO026,161,161,3,in,in,in,ADP,
161-3,BO026,161,161,4,questa],questa,questo,DET,
161-4,BO026,161,161,5,corrispondenza,corrispondenza,corrispondenza,NOUN,
161-5,BO026,161,161,6,che,che,che,SCONJ,
161-6,BO026,161,161,7,va,va,andare,AUX,
161-7,BO026,161,161,8,verificata:,verificata,verificare,VERB,
161-8,BO026,161,161,9,la::,la,il,DET,
162-0,BO026,162,162,1,per,per,per,ADP,
162-1,BO026,162,162,2,"esempio,",esempio,esempio,NOUN,
163-0,BO026,163,163,1,e::,e,e,CCONJ,
163-1,BO026,163,163,2,se:,se,se,SCONJ,
163-2,BO026,163,163,3,non,non,non,ADV,
163-3,BO026,163,163,4,so,so,sapere,VERB,
163-4,BO026,163,163,5,poniamo,poniamo,porre,VERB,
163-5,BO026,163,163,6,che,che,che,SCONJ,
163-6,BO026,163,163,7,sia,sia,essere,AUX,
163-7,BO026,163,163,8,questo,questo,questo,PRON,
163-8,BO026,163,163,9,a,a,a,ADP,
163-9,BO026,163,163,10,scelta,scelta,scelta,NOUN,
163-10,BO026,163,163,11,"no,",no,no,ADV,
163-11,BO026,163,163,12,"antropologia,",antropologia,antropologia,NOUN,
164-0,BO038,164,164,1,°sì.°,sì,sì,ADV,
165-0,BO026,165,165,1,e,e,e,CCONJ,
165-1,BO026,165,165,2,antropologia,antropologia,antropologia,NOUN,
165-2,BO026,165,165,3,qui:,qui,qui,ADV,
165-3,BO026,165,165,4,a:,a,a,ADP,
165-4,BO026,165,165,5,bologna,bologna,Bologna,PROPN,
165-5,BO026,165,165,6,è,è,essere,VERB,
165-6,BO026,165,165,7,da,da,da,ADP,
165-7,BO026,165,165,8,nove,nove,nove,NUM,
165-8,BO026,165,165,9,cre[diti],crediti,credito,NOUN,
165-9,BO026,165,165,10,e,e,e,CCONJ,
165-10,BO026,165,165,11,lì,lì,lì,ADV,
165-11,BO026,165,165,12,è,è,essere,VERB,
165-12,BO026,165,165,13,da,da,da,ADP,
165-13,BO026,165,165,14,"sei,",sei,sei,NUM,
165-14,BO026,165,165,15,{P},{P},_,_,
165-15,BO026,165,165,16,non,non,non,ADV,
165-16,BO026,165,165,17,può,può,potere,AUX,
165-17,BO026,165,165,18,fare,fare,fare,VERB,
165-18,BO026,165,165,19,uno,uno,uno,PRON,
165-19,BO026,165,165,20,da,da,da,ADP,
165-20,BO026,165,165,21,"sei,",sei,sei,NUM,
166-0,BO038,166,166,1,[°sì.°],sì,sì,ADV,
167-0,BO038,167,167,1,>no,no,no,ADV,
167-1,BO038,167,167,2,[no,no,no,ADV,
167-2,BO038,167,167,3,lo,lo,lo,PRON,
167-3,BO038,167,167,4,so,so,sapere,VERB,
167-4,BO038,167,167,5,che:,che,che,SCONJ,
167-5,BO038,167,167,6,lì,lì,lì,ADV,
167-6,BO038,167,167,7,deve,deve,dovere,AUX,
167-7,BO038,167,167,8,devono,devono,dovere,AUX,
167-8,BO038,167,167,9,essere],essere,essere,AUX,
167-9,BO038,167,167,10,maggiori,maggiori,maggiore,ADJ,
167-10,BO038,167,167,11,i,i,il,DET,
167-11,BO038,167,167,12,crediti,crediti,credito,NOUN,
167-12,BO038,167,167,13,infatti,infatti,infatti,CCONJ,
167-13,BO038,167,167,14,per,per,per,ADP,
167-14,BO038,167,167,15,questo,questo,questo,PRON,
167-15,BO038,167,167,16,non,non,non,ADV,
167-16,BO038,167,167,17,ci,ci,ci,PRON,
167-17,BO038,167,167,18,sarebbero,sarebbero,essere,AUX,
167-18,BO038,167,167,19,problemi,problemi,problema,NOUN,
167-19,BO038,167,167,20,perché,perché,perché,SCONJ,
167-20,BO038,167,167,21,antropologia,antropologia,antropologia,NOUN,
167-21,BO038,167,167,22,qui,qui,qui,ADV,
167-22,BO038,167,167,23,da,da,da,ADP,
167-23,BO038,167,167,24,noi,noi,noi,PRON,
167-24,BO038,167,167,25,è,è,essere,VERB,
167-25,BO038,167,167,26,da,da,da,ADP,
167-26,BO038,167,167,27,nove,nove,nove,NUM,
167-27,BO038,167,167,28,però,però,però,CCONJ,
167-28,BO038,167,167,29,a,a,a,ADP,
167-29,BO038,167,167,30,copenaghen,copenaghen,Copenaghen,PROPN,
167-30,BO038,167,167,31,è,è,essere,VERB,
167-31,BO038,167,167,32,da,da,da,ADP,
167-32,BO038,167,167,33,quindi[ci]<.,quindici,quindici,NUM,
168-0,BO026,168,168,1,[integrato,integrato,integrare,VERB,
168-1,BO026,168,168,2,poi,poi,poi,ADV,
168-2,BO026,168,168,3,{P},{P},_,_,
168-3,BO026,168,168,4,sì].,sì,sì,ADV,
169-0,BO026,169,169,1,[°sì.°],sì,sì,ADV,
170-0,BO038,170,170,1,"quindi,",quindi,quindi,CCONJ,
171-0,BO038,171,171,1,"volendo,",volendo,volere,VERB,
172-0,BO038,172,172,1,anche,anche,anche,ADV,
172-1,BO038,172,172,2,perché,perché,perché,SCONJ,
172-2,BO038,172,172,3-4,sull',sull',_,_,
172-2a,_,_,172,3,_,su,su,ADP,
172-2b,_,_,172,4,_,l',il,DET,
172-3,BO038,172,172,5,a::,a,x,X,
172-4,BO038,172,172,6,mh,mh,mh,INTJ,
172-5,BO038,172,172,7-8,sull',sull',_,_,
172-5a,_,_,172,7,_,su,su,ADP,
172-5b,_,_,172,8,_,l',il,DET,
172-6,BO038,172,172,9,a,a,x,X,
172-7,BO038,172,172,10-11,sull',sull',_,_,
172-7a,_,_,172,10,_,su,su,ADP,
172-7b,_,_,172,11,_,l',il,DET,
172-8,BO038,172,172,12,ammissione,ammissione,ammissione,NOUN,
172-9,BO038,172,172,13,c',c',ci,PRON,
172-10,BO038,172,172,14,è,è,essere,AUX,
172-11,BO038,172,172,15,scritto,scritto,scrivere,VERB,
172-12,BO038,172,172,16,{P},{P},_,_,
172-13,BO038,172,172,17,poi,poi,poi,ADV,
172-14,BO038,172,172,18,p~,p~,per,ADP,
172-15,BO038,172,172,19,per,per,per,ADP,
172-16,BO038,172,172,20,questa,questa,questo,DET,
172-17,BO038,172,172,21,cosa,cosa,cosa,NOUN,
172-18,BO038,172,172,22,dobbiamo,dobbiamo,dovere,AUX,
172-19,BO038,172,172,23,anche,anche,anche,ADV,
172-20,BO038,172,172,24,chiedere,chiedere,chiedere,VERB,
172-21,BO038,172,172,25,perché,perché,perché,SCONJ,
172-22,BO038,172,172,26,no:n,non,non,ADV,
172-23,BO038,172,172,27,c',c',ci,PRON,
172-24,BO038,172,172,28,è,è,essere,AUX,
172-25,BO038,172,172,29,chiara.,chiara,chiaro,ADJ,
173-0,BO038,173,173,1,che,che,che,SCONJ,
173-1,BO038,173,173,2,eh,eh,eh,INTJ,
173-2,BO038,173,173,3,sono,sono,essere,AUX,
173-3,BO038,173,173,4,obbligatori,obbligatori,obbligatorio,ADJ,
173-4,BO038,173,173,5,trenta,trenta,trenta,NUM,
173-5,BO038,173,173,6,crediti,crediti,credito,NOUN,
173-6,BO038,173,173,7,per,per,per,ADP,
173-7,BO038,173,173,8,semestre.,semestre,semestre,NOUN,
174-0,BO038,174,174,1,a,a,a,ADP,
174-1,BO038,174,174,2,copenaghen.,copenaghen,Copenaghen,PROPN,
175-0,BO026,175,175,1,mh,mh,mh,INTJ,
175-1,BO026,175,175,2,mh.,mh,mh,INTJ,
176-0,BO038,176,176,1-2,nel,nel,_,_,
176-0a,_,_,176,1,_,in,in,ADP,
176-0b,_,_,176,2,_,il,il,DET,
176-1,BO038,176,176,3,caso,caso,caso,NOUN,
176-2,BO038,176,176,4,in,in,in,ADP,
176-3,BO038,176,176,5,cui,cui,cui,PRON,
176-4,BO038,176,176,6,a[ntropol~],antropol~,antropologia,NOUN,
177-0,BO026,177,177,1,[voi,voi,voi,PRON,
177-1,BO026,177,177,2,p]er,per,per,ADP,
177-2,BO026,177,177,3,quanto,quanto,quanto,ADJ,
177-3,BO026,177,177,4,tempo,tempo,tempo,NOUN,
177-4,BO026,177,177,5,le,le,le,PRON,
177-5,BO026,177,177,6,avete,avete,avere,AUX,
177-6,BO026,177,177,7,fatte,fatte,fare,VERB,
177-7,BO026,177,177,8,°le,le,il,DET,
177-8,BO026,177,177,9,[doman~,doman~,domanda,NOUN,
177-9,BO026,177,177,10,{P},{P},_,_,
177-10,BO026,177,177,11,due,due,due,NUM,
177-11,BO026,177,177,12,"semestri,°]",semestri,semestre,NOUN,
178-0,BO039,178,178,1,[io,io,io,PRON,
178-1,BO039,178,178,2,due,due,due,NUM,
178-2,BO039,178,178,3,semestri].,semestri,semestre,NOUN,
179-0,BO038,179,179,1,[io,io,io,PRON,
179-1,BO038,179,179,2,solo,solo,solo,ADV,
179-2,BO038,179,179,3,il,il,il,DET,
179-3,BO038,179,179,4,pri]mo.,primo,primo,ADJ,
180-0,BO026,180,180,1,mh.,mh,mh,INTJ,
181-0,BO038,181,181,1,quindi,quindi,quindi,CCONJ,
181-1,BO038,181,181,2-3,nel,nel,_,_,
181-1a,_,_,181,2,_,in,in,ADP,
181-1b,_,_,181,3,_,il,il,DET,
181-2,BO038,181,181,4,caso,caso,caso,NOUN,
181-3,BO038,181,181,5,in,in,in,ADP,
181-4,BO038,181,181,6,cui,cui,cui,PRON,
181-5,BO038,181,181,7,io,io,io,PRON,
181-6,BO038,181,181,8,riuscissi,riuscissi,riuscire,VERB,
181-7,BO038,181,181,9,a,a,a,SCONJ,
181-8,BO038,181,181,10,dare,dare,dare,VERB,
181-9,BO038,181,181,11,solo,solo,solo,ADV,
181-10,BO038,181,181,12,due,due,due,NUM,
181-11,BO038,181,181,13,"esami,",esami,esame,NOUN,
181-12,BO038,181,181,14,questi,questi,questo,DET,
181-13,BO038,181,181,15,due,due,due,NUM,
181-14,BO038,181,181,16,"che,",che,che,PRON,
182-0,BO038,182,182,1,penso,penso,pensare,VERB,
182-1,BO038,182,182,2,che,che,che,SCONJ,
182-2,BO038,182,182,3,siano,siano,essere,AUX,
182-3,BO038,182,182,4,quelli,quelli,quello,PRON,
182-4,BO038,182,182,5,"che,",che,che,PRON,
183-0,BO026,183,183,1,sì.,sì,sì,ADV,
184-0,BO038,184,184,1,sono,sono,essere,VERB,
184-1,BO038,184,184,2,un,un,uno,DET,
184-2,BO038,184,184,3,po',po',poco,NOUN,
184-3,BO038,184,184,4,più::,più,più,ADV,
185-0,BO038,185,185,1,[m::h],mh,mh,INTJ,
186-0,BO026,186,186,1,"[diciamo],",diciamo,dire,VERB,
187-0,BO038,187,187,1,compa[tibili,compatibili,compatibile,ADJ,
187-1,BO038,187,187,2,tra,tra,tra,ADP,
187-2,BO038,187,187,3,virgolette].,virgolette,virgoletta,NOUN,
188-0,BO026,188,188,1,[con,con,con,ADP,
188-1,BO026,188,188,2,i,i,il,DET,
188-2,BO026,188,188,3,"quali,",quali,quale,PRON,
188-3,BO026,188,188,4,sì.,sì,sì,ADV,
188-4,BO026,188,188,5,sì].,sì,sì,ADV,
189-0,BO038,189,189,1,e::h,eh,eh,INTJ,
189-1,BO038,189,189,2,raggiungerei,raggiungerei,raggiungere,VERB,
189-2,BO038,189,189,3,venticinque,venticinque,venticinque,NUM,
189-3,BO038,189,189,4,crediti,crediti,credito,NOUN,
189-4,BO038,189,189,5,non,non,non,ADV,
189-5,BO038,189,189,6,trenta.,trenta,trenta,NUM,
190-0,BO039,190,190,1,ma,ma,ma,CCONJ,
190-1,BO039,190,190,2,io,io,io,PRON,
190-2,BO039,190,190,3,ho,ho,avere,AUX,
190-3,BO039,190,190,4,scritto,scritto,scrivere,VERB,
190-4,BO039,190,190,5,una,una,uno,DET,
190-5,BO039,190,190,6,"[mail],",mail,mail,NOUN,
191-0,BO026,191,191,1,[quindi,quindi,quindi,CCONJ,
191-1,BO026,191,191,2,ne,ne,ne,PRON,
191-2,BO026,191,191,3,resta:],resta,restare,VERB,
192-0,BO038,192,192,1,quindi,quindi,quindi,CCONJ,
192-1,BO038,192,192,2,[restano,restano,restare,VERB,
192-2,BO038,192,192,3,cinque,cinque,cinque,NUM,
192-3,BO038,192,192,4,crediti,crediti,credito,NOUN,
192-4,BO038,192,192,5,fuori].,fuori,fuori,ADV,
193-0,BO026,193,193,1,[°resta,resta,restare,VERB,
193-1,BO026,193,193,2,{P},{P},_,_,
193-2,BO026,193,193,3,cinque,cinque,cinque,NUM,
193-3,BO026,193,193,4,cre]diti.°,crediti,credito,NOUN,
194-0,BO038,194,194,1,e,e,e,CCONJ,
194-1,BO038,194,194,2,non,non,non,ADV,
194-2,BO038,194,194,3,[su~],su~,x,X,
195-0,BO026,195,195,1,[e,e,e,CCONJ,
195-1,BO026,195,195,2,no]n,non,non,ADV,
195-2,BO026,195,195,3,troverà,troverà,trovare,VERB,
195-3,BO026,195,195,4,un,un,uno,DET,
195-4,BO026,195,195,5,esame,esame,esame,NOUN,
195-5,BO026,195,195,6,<da>,da,da,ADP,
195-6,BO026,195,195,7,cinque,cinque,cinque,NUM,
195-7,BO026,195,195,8,crediti,crediti,credito,NOUN,
195-8,BO026,195,195,9,ne,ne,ne,PRON,
195-9,BO026,195,195,10,trove[rà],troverà,trovare,VERB,
195-10,BO026,195,195,11,uno,uno,uno,PRON,
195-11,BO026,195,195,12,[da,da,da,ADP,
195-12,BO026,195,195,13,<sei>,sei,sei,NUM,
195-13,BO026,195,195,14,da,da,da,ADP,
195-14,BO026,195,195,15,q~,q~,x,X,
195-15,BO026,195,195,16,da,da,da,ADP,
195-16,BO026,195,195,17,sett~,sett~,sette,NUM,
195-17,BO026,195,195,18,sì].,sì,sì,ADV,
196-0,BO038,196,196,1,[no].,no,no,ADV,
197-0,BO038,197,197,1,[sono::,sono,essere,VERB,
197-1,BO038,197,197,2,sette,sette,sette,NUM,
197-2,BO038,197,197,3,sette,sette,sette,NUM,
197-3,BO038,197,197,4,punto,punto,punto,NOUN,
197-4,BO038,197,197,5,cinqu]e,cinque,cinque,NUM,
197-5,BO038,197,197,6,e,e,e,CCONJ,
197-6,BO038,197,197,7,quin[dici].,quindici,quindici,NUM,
198-0,BO039,198,198,1,[io,io,io,PRON,
198-1,BO039,198,198,2,però,però,però,CCONJ,
198-2,BO039,198,198,3,ho,ho,avere,AUX,
198-3,BO039,198,198,4,chi]es~,chies~,chiedere,VERB,
198-4,BO039,198,198,5,ho,ho,avere,AUX,
198-5,BO039,198,198,6,mandato,mandato,mandare,VERB,
198-6,BO039,198,198,7,una,una,uno,DET,
198-7,BO039,198,198,8,mai:l,mail,mail,NOUN,
198-8,BO039,198,198,9,per,per,per,SCONJ,
198-9,BO039,198,198,10,chiedere,chiedere,chiedere,VERB,
198-10,BO039,198,198,11,ap[punto,appunto,appunto,ADV,
198-11,BO039,198,198,12,di,di,di,ADP,
198-12,BO039,198,198,13,questo,questo,questo,DET,
198-13,BO039,198,198,14,"problema],",problema,problema,NOUN,
199-0,BO026,199,199,1,[ma,ma,ma,CCONJ,
199-1,BO026,199,199,2,non,non,non,ADV,
199-2,BO026,199,199,3,non,non,non,ADV,
199-3,BO026,199,199,4,non,non,non,ADV,
199-4,BO026,199,199,5,fanno,fanno,fare,VERB,
199-5,BO026,199,199,6,nea]nche,neanche,neanche,ADV,
199-6,BO026,199,199,7,cioè,cioè,cioè,CCONJ,
199-7,BO026,199,199,8,non,non,non,ADV,
199-8,BO026,199,199,9,è,è,essere,VERB,
199-9,BO026,199,199,10,che,che,che,SCONJ,
199-10,BO026,199,199,11,lo,lo,lo,PRON,
199-11,BO026,199,199,12,può,può,potere,AUX,
199-12,BO026,199,199,13,ridurre.,ridurre,ridurre,VERB,
199-13,BO026,199,199,14,lei,lei,lei,PRON,
199-14,BO026,199,199,15,farà,farà,fare,VERB,
199-15,BO026,199,199,16,quello,quello,quello,PRON,
199-16,BO026,199,199,17,da,da,da,ADP,
199-17,BO026,199,199,18,[sette],sette,sette,NUM,
199-18,BO026,199,199,19,e,e,e,CCONJ,
199-19,BO026,199,199,20,cin[que,cinque,cinque,NUM,
199-20,BO026,199,199,21,e:],e,e,CCONJ,
200-0,BO038,200,200,1,[sì].,sì,sì,ADV,
201-0,BO038,201,201,1,[>no,no,no,ADV,
201-1,BO038,201,201,2,no,no,no,ADV,
201-2,BO038,201,201,3,no<,no,no,ADV,
201-3,BO038,201,201,4,ma,ma,ma,CCONJ,
201-4,BO038,201,201,5,per,per,per,ADP,
201-5,BO038,201,201,6,me,me,me,PRON,
201-6,BO038,201,201,7,va],va,andare,VERB,
201-7,BO038,201,201,8,benissimo,benissimo,bene,ADV,
201-8,BO038,201,201,9,non,non,non,ADV,
201-9,BO038,201,201,10,è,è,essere,AUX,
201-10,BO038,201,201,11,quello,quello,quello,PRON,
201-11,BO038,201,201,12,il,il,il,DET,
201-12,BO038,201,201,13,problema,problema,problema,NOUN,
201-13,BO038,201,201,14,è,è,essere,VERB,
201-14,BO038,201,201,15,solo,solo,solo,ADV,
201-15,BO038,201,201,16,che,che,che,SCONJ,
201-16,BO038,201,201,17,se,se,se,SCONJ,
201-17,BO038,201,201,18,appunto,appunto,appunto,ADV,
201-18,BO038,201,201,19,non,non,non,ADV,
201-19,BO038,201,201,20,riesco,riesco,riuscire,VERB,
201-20,BO038,201,201,21,a,a,a,SCONJ,
201-21,BO038,201,201,22,inserire,inserire,inserire,VERB,
201-22,BO038,201,201,23,antropologia,antropologia,antropologia,NOUN,
201-23,BO038,201,201,24,avevo,avevo,avere,AUX,
201-24,BO038,201,201,25,pensato,pensato,pensare,VERB,
201-25,BO038,201,201,26,di:,di,di,SCONJ,
201-26,BO038,201,201,27,fare,fare,fare,VERB,
201-27,BO038,201,201,28,questo,questo,questo,PRON,
201-28,BO038,201,201,29,"qui,",qui,qui,ADV,
202-0,BO038,202,202,1,anche,anche,anche,ADV,
202-1,BO038,202,202,2-3,farlo,farlo,_,_,
202-1a,_,_,202,2,_,far,fare,AUX,
202-1b,_,_,202,3,_,lo,lo,PRON,
202-2,BO038,202,202,4,valere,valere,valere,VERB,
202-3,BO038,202,202,5,come,come,come,ADP,
202-4,BO038,202,202,6,un,un,uno,DET,
202-5,BO038,202,202,7,solo,solo,solo,ADJ,
202-6,BO038,202,202,8,es[ame].,esame,esame,NOUN,
203-0,BO026,203,203,1,[°mh,mh,mh,INTJ,
203-1,BO026,203,203,2,m]h.°,mh,mh,INTJ,
204-0,BO038,204,204,1,"cioè,",cioè,cioè,CCONJ,
205-0,BO038,205,205,1,farei:,farei,fare,VERB,
205-1,BO038,205,205,2,quindici,quindici,quindici,NUM,
205-2,BO038,205,205,3,crediti,crediti,credito,NOUN,
205-3,BO038,205,205,4,lì,lì,lì,ADV,
205-4,BO038,205,205,5,a,a,a,ADP,
205-5,BO038,205,205,6,copenaghen,copenaghen,Copenaghen,PROPN,
205-6,BO038,205,205,7,che,che,che,PRON,
205-7,BO038,205,205,8,{P},{P},_,_,
205-8,BO038,205,205,9,varrebbero,varrebbero,valere,VERB,
205-9,BO038,205,205,10,solo,solo,solo,ADV,
205-10,BO038,205,205,11,sei,sei,sei,NUM,
205-11,BO038,205,205,12,qui,qui,qui,ADV,
205-12,BO038,205,205,13,da,da,da,ADP,
205-13,BO038,205,205,14,[noi].,noi,noi,PRON,
206-0,BO026,206,206,1,[<°lan]guage,language,language,NOUN,
206-1,BO026,206,206,2,and,and,and,CCONJ,
206-2,BO026,206,206,3,cognition,cognition,cognition,NOUN,
206-3,BO026,206,206,4,inter(linear),interlinear,interlinear,ADJ,
206-4,BO026,206,206,5,englishes°.,englishes,English,NOUN,
207-0,BO038,207,207,1,lì,lì,lì,ADV,
207-1,BO038,207,207,2,[cioè,cioè,cioè,ADV,
207-2,BO038,207,207,3,lì,lì,lì,ADV,
207-3,BO038,207,207,4,in,in,in,ADP,
207-4,BO038,207,207,5,realtà,realtà,realtà,NOUN,
207-5,BO038,207,207,6,non,non,non,ADV,
207-6,BO038,207,207,7,ho,ho,avere,AUX,
207-7,BO038,207,207,8,messo,messo,mettere,VERB,
207-8,BO038,207,207,9,nien~],nien~,niente,PRON,
208-0,BO026,208,208,1,[sì.,sì,sì,ADV,
208-1,BO026,208,208,2,no,no,no,ADV,
208-2,BO026,208,208,3,no,no,no,ADV,
208-3,BO026,208,208,4,non,non,non,ADV,
208-4,BO026,208,208,5,c',c',ci,PRON,
208-5,BO026,208,208,6,è,è,essere,VERB,
208-6,BO026,208,208,7,sovrapposizio]ne,sovrapposizione,sovrapposizione,NOUN,
208-7,BO026,208,208,8,perché,perché,perché,SCONJ,
208-8,BO026,208,208,9,questo,questo,questo,PRON,
208-9,BO026,208,208,10,è::,è,essere,AUX,
208-10,BO026,208,208,11,american,american,American,ADJ,
208-11,BO026,208,208,12,literature,literature,literature,NOUN,
208-12,BO026,208,208,13,{P},{P},_,_,
208-13,BO026,208,208,14,"no,",no,no,ADV,
209-0,BO038,209,209,1,sì.,sì,sì,ADV,
210-0,BO038,210,210,1,>sì,sì,sì,ADV,
210-1,BO038,210,210,2,sì,sì,sì,ADV,
210-2,BO038,210,210,3,sì<.,sì,sì,ADV,
211-0,BO026,211,211,1,sì,sì,sì,ADV,
211-1,BO026,211,211,2,potrebbe,potrebbe,potere,AUX,
211-2,BO026,211,211,3,essere.,essere,essere,VERB,
212-0,BO038,212,212,1,cioè,cioè,cioè,CCONJ,
212-1,BO038,212,212,2,eh,eh,eh,INTJ,
212-2,BO038,212,212,3,mh,mh,mh,INTJ,
212-3,BO038,212,212,4,[non,non,non,ADV,
212-4,BO038,212,212,5,"saprei],",saprei,sapere,VERB,
213-0,BO026,213,213,1,[ah,ah,ah,INTJ,
213-1,BO026,213,213,2,m:h],mh,mh,INTJ,
214-0,BO038,214,214,1,ci,ci,ci,PRON,
214-1,BO038,214,214,2,sono,sono,essere,VERB,
214-2,BO038,214,214,3,{P},{P},_,_,
214-3,BO038,214,214,4,c',c',ci,PRON,
214-4,BO038,214,214,5,è,è,essere,VERB,
214-5,BO038,214,214,6,sicuramente,sicuramente,sicuramente,ADV,
214-6,BO038,214,214,7,c',c',ci,PRON,
214-7,BO038,214,214,8,è,è,essere,VERB,
214-8,BO038,214,214,9,tipo,tipo,tipo,NOUN,
214-9,BO038,214,214,10,storia,storia,storia,NOUN,
214-10,BO038,214,214,11-12,dell',dell',_,_,
214-10a,_,_,214,11,_,di,di,ADP,
214-10b,_,_,214,12,_,l',il,DET,
214-11,BO038,214,214,13,educazione,educazione,educazione,NOUN,
214-12,BO038,214,214,14,una,una,uno,DET,
214-13,BO038,214,214,15,cosa,cosa,cosa,NOUN,
214-14,BO038,214,214,16-17,d[el,del,_,_,
214-14a,_,_,214,16,_,di,di,ADP,
214-14b,_,_,214,17,_,il,il,DET,
214-15,BO038,214,214,18,ge]nere,genere,genere,NOUN,
214-16,BO038,214,214,19-20,al,al,_,_,
214-16a,_,_,214,19,_,a,a,ADP,
214-16b,_,_,214,20,_,il,il,DET,
214-17,BO038,214,214,21,[e:h],eh,eh,INTJ,
215-0,BO026,215,215,1,[mh].,mh,mh,INTJ,
216-0,BO026,216,216,1,[no,no,no,ADV,
216-1,BO026,216,216,2,qu]esto,questo,questo,PRON,
216-2,BO026,216,216,3,può,può,potere,AUX,
216-3,BO026,216,216,4,essere,essere,essere,VERB,
216-4,BO026,216,216,5,perché,perché,perché,SCONJ,
216-5,BO026,216,216,6,è,è,essere,AUX,
216-6,BO026,216,216,7,molto::,molto,molto,ADV,
217-0,BO038,217,217,1,però,però,però,CCONJ,
217-1,BO038,217,217,2,comunque,comunque,comunque,ADV,
217-2,BO038,217,217,3,cioè,cioè,cioè,CCONJ,
217-3,BO038,217,217,4,è,è,essere,VERB,
217-4,BO038,217,217,5,comunque,comunque,comunque,ADV,
217-5,BO038,217,217,6,rientrerebbe,rientrerebbe,rientrare,VERB,
217-6,BO038,217,217,7,anche,anche,anche,ADV,
217-7,BO038,217,217,8,"con,",con,con,ADP,
217-8,BO038,217,217,9,cioè,cioè,cioè,CCONJ,
217-9,BO038,217,217,10,intelligibility,intelligibility,intelligibility,NOUN,
217-10,BO038,217,217,11,of,of,of,ADP,
217-11,BO038,217,217,12,englishes,englishes,English,NOUN,
217-12,BO038,217,217,13,comunque,comunque,comunque,ADV,
217-13,BO038,217,217,14,è,è,essere,AUX,
217-14,BO038,217,217,15,interes[sante,interessante,interessante,ADJ,
217-15,BO038,217,217,16,<an]che,anche,anche,ADV,
217-16,BO038,217,217,17,per,per,per,ADP,
217-17,BO038,217,217,18,me>,me,me,PRON,
217-18,BO038,217,217,19,cioè,cioè,cioè,CCONJ,
217-19,BO038,217,217,20,per,per,per,ADP,
217-20,BO038,217,217,21,quello,quello,quello,PRON,
217-21,BO038,217,217,22,che,che,che,PRON,
217-22,BO038,217,217,23,sto,sto,stare,AUX,
217-23,BO038,217,217,24,studiando,studiando,studiare,VERB,
217-24,BO038,217,217,25,io,io,io,PRON,
217-25,BO038,217,217,26,"perché,",perché,perché,SCONJ,
218-0,BO026,218,218,1,[sì].,sì,sì,ADV,
219-0,BO026,219,219,1,poi,poi,poi,ADV,
219-1,BO026,219,219,2,tenete,tenete,tenere,VERB,
219-2,BO026,219,219,3,conto,conto,conto,NOUN,
219-3,BO026,219,219,4,che,che,che,SCONJ,
219-4,BO026,219,219,5,voi,voi,voi,PRON,
219-5,BO026,219,219,6,potete,potete,potere,AUX,
219-6,BO026,219,219,7,adesso,adesso,adesso,ADV,
219-7,BO026,219,219,8,inviate,inviate,inviare,VERB,
219-8,BO026,219,219,9,preparate,preparate,preparare,VERB,
219-9,BO026,219,219,10,un,un,uno,DET,
219-10,BO026,219,219,11,{P},{P},_,_,
219-11,BO026,219,219,12,un,un,uno,DET,
219-12,BO026,219,219,13,lear[ning],learning,learning,NOUN,
219-13,BO026,219,219,14,un,un,uno,DET,
219-14,BO026,219,219,15,learning,learning,learning,NOUN,
219-15,BO026,219,219,16,agreement,agreement,agreement,NOUN,
219-16,BO026,219,219,17,che,che,che,PRON,
219-17,BO026,219,219,18,può,può,potere,AUX,
219-18,BO026,219,219,19,essere,essere,essere,AUX,
219-19,BO026,219,219,20,parzialmente,parzialmente,parzialmente,ADV,
219-20,BO026,219,219,21,modificato,modificato,modificare,VERB,
219-21,BO026,219,219,22,quando,quando,quando,SCONJ,
219-22,BO026,219,219,23,siete,siete,essere,VERB,
219-23,BO026,219,219,24,[lì,lì,lì,ADV,
219-24,BO026,219,219,25,e,e,e,CCONJ,
219-25,BO026,219,219,26,avete,avete,avere,AUX,
219-26,BO026,219,219,27,"vi]sto,",visto,vedere,VERB,
220-0,BO039,220,220,1,[sì].,sì,sì,ADV,
221-0,BO039,221,221,1,[>sì,sì,sì,ADV,
221-1,BO039,221,221,2,sì,sì,sì,ADV,
221-2,BO039,221,221,3,sì<].,sì,sì,ADV,
222-0,BO026,222,222,1,in,in,in,ADP,
222-1,BO026,222,222,2,dettaglio,dettaglio,dettaglio,NOUN,
222-2,BO026,222,222,3,il,il,il,DET,
222-3,BO026,222,222,4,programma,programma,programma,NOUN,
222-4,BO026,222,222,5,avete,avete,avere,AUX,
222-5,BO026,222,222,6,iniziato,iniziato,iniziare,VERB,
222-6,BO026,222,222,7,a,a,a,SCONJ,
222-7,BO026,222,222,8,"seguire,",seguire,seguire,VERB,
222-8,BO026,222,222,9,e,e,e,CCONJ,
222-9,BO026,222,222,10,"pote[te],",potete,potere,AUX,
223-0,BO039,223,223,1,[sì],sì,sì,ADV,
223-1,BO039,223,223,2,per[ò,però,però,CCONJ,
223-2,BO039,223,223,3,se,se,se,SCONJ,
223-3,BO039,223,223,4,ho,ho,avere,AUX,
223-4,BO039,223,223,5,capito,capito,capire,VERB,
223-5,BO039,223,223,6,"bene],",bene,bene,ADV,
224-0,BO026,224,224,1,[apportare,apportare,apportare,VERB,
224-1,BO026,224,224,2-3,delle,delle,_,_,
224-1a,_,_,224,2,_,di,di,ADP,
224-1b,_,_,224,3,_,le,il,DET,
224-2,BO026,224,224,4,var]iazioni,variazioni,variazione,NOUN,
224-3,BO026,224,224,5,non,non,non,ADV,
224-4,BO026,224,224,6-7,stravolgerlo.,stravolgerlo,_,_,
224-4a,_,_,224,6,_,stravolger,stravolgere,VERB,
224-4b,_,_,224,7,_,lo,lo,PRON,
225-0,BO026,225,225,1,ma,ma,ma,CCONJ,
225-1,BO026,225,225,2,una,una,uno,NUM,
225-2,BO026,225,225,3,o,o,o,CCONJ,
225-3,BO026,225,225,4,due,due,due,NUM,
225-4,BO026,225,225,5,varia[zioni,variazioni,variazione,NOUN,
225-5,BO026,225,225,6,possono,possono,potere,AUX,
225-6,BO026,225,225,7,"essere],",essere,essere,AUX,
226-0,BO039,226,226,1,[°sì.°,sì,sì,ADV,
226-1,BO039,226,226,2,{P},{P},_,_,
226-2,BO039,226,226,3,il,il,il,DET,
226-3,BO039,226,226,4,problema,problema,problema,NOUN,
226-4,BO039,226,226,5,cre]do,credo,credere,VERB,
226-5,BO039,226,226,6,che,che,che,SCONJ,
226-6,BO039,226,226,7,sia::,sia,essere,VERB,
226-7,BO039,226,226,8,presso,presso,presso,ADP,
226-8,BO039,226,226,9,l',l',il,DET,
226-9,BO039,226,226,10,università,università,università,NOUN,
226-10,BO039,226,226,11,di,di,di,ADP,
226-11,BO039,226,226,12,copenaghen,copenaghen,Copenaghen,PROPN,
226-12,BO039,226,226,13,che,che,che,SCONJ,
226-13,BO039,226,226,14,una,una,uno,DET,
226-14,BO039,226,226,15,volta,volta,volta,NOUN,
226-15,BO039,226,226,16,fatta,fatta,fare,VERB,
226-16,BO039,226,226,17,domanda,domanda,domanda,NOUN,
226-17,BO039,226,226,18,e,e,e,CCONJ,
226-18,BO039,226,226,19,s~,s~,x,X,
226-19,BO039,226,226,20,e,e,e,CCONJ,
226-20,BO039,226,226,21,essere:,essere,essere,VERB,
226-21,BO039,226,226,22,una,una,uno,DET,
226-22,BO039,226,226,23,volta,volta,volta,NOUN,
226-23,BO039,226,226,24,che,che,che,SCONJ,
226-24,BO039,226,226,25,siamo,siamo,essere,AUX,
226-25,BO039,226,226,26,state,state,essere,AUX,
226-26,BO039,226,226,27,ammesse,ammesse,ammettere,VERB,
226-27,BO039,226,226,28,a,a,a,ADP,
226-28,BO039,226,226,29,questi,questi,questo,DET,
226-29,BO039,226,226,30,"co[rsi],",corsi,corso,NOUN,
227-0,BO026,227,227,1,[°mh,mh,mh,INTJ,
227-1,BO026,227,227,2,"m]h,°",mh,mh,INTJ,
228-0,BO039,228,228,1,non,non,non,ADV,
228-1,BO039,228,228,2,cr~,cr~,x,X,
228-2,BO039,228,228,3,non,non,non,ADV,
228-3,BO039,228,228,4,so,so,sapere,VERB,
228-4,BO039,228,228,5,se,se,se,SCONJ,
228-5,BO039,228,228,6,possiamo,possiamo,potere,AUX,
228-6,BO039,228,228,7-8,cambiarli.,cambiarli,_,_,
228-6a,_,_,228,7,_,cambiar,cambiare,VERB,
228-6b,_,_,228,8,_,li,lo,PRON,
229-0,BO026,229,229,1,allora,allora,allora,CCONJ,
229-1,BO026,229,229,2-3,nella,nella,_,_,
229-1a,_,_,229,2,_,in,in,ADP,
229-1b,_,_,229,3,_,la,il,DET,
229-2,BO026,229,229,4,regola,regola,regola,NOUN,
229-3,BO026,229,229,5-6,del,del,_,_,
229-3a,_,_,229,5,_,di,di,ADP,
229-3b,_,_,229,6,_,il,il,DET,
229-4,BO026,229,229,7,learning,learning,learning,NOUN,
229-5,BO026,229,229,8,agreement,agreement,agreement,NOUN,
229-6,BO026,229,229,9,>a,a,a,ADP,
229-7,BO026,229,229,10,meno,meno,meno,ADV,
229-8,BO026,229,229,11,che,che,che,SCONJ,
229-9,BO026,229,229,12,non,non,non,ADV,
229-10,BO026,229,229,13,l',l',lo,PRON,
229-11,BO026,229,229,14,abbiano,abbiano,avere,AUX,
229-12,BO026,229,229,15,cambiata,cambiata,cambiare,VERB,
229-13,BO026,229,229,16,d[i,di,di,ADP,
229-14,BO026,229,229,17,"recente<],",recente,recente,ADJ,
230-0,BO039,230,230,1,[no.,no,no,ADV,
230-1,BO039,230,230,2,quella,quella,quello,PRON,
230-2,BO039,230,230,3,de~],de~,di,ADP,
230-3,BO039,230,230,4,m:h,mh,mh,INTJ,
230-4,BO039,230,230,5,di,di,di,ADP,
230-5,BO039,230,230,6,unibo,unibo,UniBo,PROPN,
230-6,BO039,230,230,7,sì.,sì,sì,ADV,
230-7,BO039,230,230,8,noi,noi,noi,PRON,
230-8,BO039,230,230,9,possiamo,possiamo,potere,AUX,
230-9,BO039,230,230,10-11,cambiarlo,cambiarlo,_,_,
230-9a,_,_,230,10,_,cambiar,cambiare,VERB,
230-9b,_,_,230,11,_,lo,lo,PRON,
230-10,BO039,230,230,12,an[che,anche,anche,ADV,
230-11,BO039,230,230,13,un,un,uno,DET,
230-12,BO039,230,230,14,"corso],",corso,corso,NOUN,
231-0,BO026,231,231,1,[°ma,ma,ma,CCONJ,
231-1,BO026,231,231,2,in,in,in,ADP,
231-2,BO026,231,231,3,generale],generale,generale,ADJ,
231-3,BO026,231,231,4,dovrebbe,dovrebbe,dovere,AUX,
231-4,BO026,231,231,5,esser[e:::,essere,essere,AUX,
231-5,BO026,231,231,6,"erasmus,°]",erasmus,Erasmus,PROPN,
232-0,BO038,232,232,1,[eh,eh,eh,INTJ,
232-1,BO038,232,232,2,perché,perché,perché,SCONJ,
232-2,BO038,232,232,3,lì,lì,lì,ADV,
232-3,BO038,232,232,4,c',c',ci,PRON,
232-4,BO038,232,232,5,è,è,essere,AUX,
232-5,BO038,232,232,6,scritto,scritto,scrivere,VERB,
232-6,BO038,232,232,7,in,in,in,ADP,
232-7,BO038,232,232,8,realtà,realtà,realtà,NOUN,
232-8,BO038,232,232,9,che,che,che,SCONJ,
232-9,BO038,232,232,10,{P},{P},_,_,
232-10,BO038,232,232,11,dobbiamo,dobbiamo,dovere,AUX,
232-11,BO038,232,232,12-13,"iscriverci],",iscriverci,_,_,
232-11a,_,_,232,12,_,iscriver,iscrivere,VERB,
232-11b,_,_,232,13,_,ci,ci,PRON,
233-0,BO039,233,233,1,[però,però,però,CCONJ,
233-1,BO039,233,233,2,là,là,là,ADV,
233-2,BO039,233,233,3,xx,x,x,X,
233-3,BO039,233,233,4-5,iscriversi,iscriversi,_,_,
233-3a,_,_,233,4,_,iscriver,iscrivere,VERB,
233-3b,_,_,233,5,_,si,si,PRON,
233-4,BO039,233,233,6-7,ai,ai,_,_,
233-4a,_,_,233,6,_,a,a,ADP,
233-4b,_,_,233,7,_,i,il,DET,
233-5,BO039,233,233,8,si]ngoli,singoli,singolo,ADJ,
233-6,BO039,233,233,9,cor[si].,corsi,corso,NOUN,
234-0,BO038,234,234,1,[<pe]rché>,perché,perché,SCONJ,
234-1,BO038,234,234,2,cioè,cioè,cioè,CCONJ,
234-2,BO038,234,234,3,dobbiamo,dobbiamo,dovere,AUX,
234-3,BO038,234,234,4,"[mandare],",mandare,mandare,VERB,
235-0,BO026,235,235,1,[perché,perché,perché,SCONJ,
235-1,BO026,235,235,2,loro,loro,loro,PRON,
235-2,BO026,235,235,3,de]vono,devono,dovere,AUX,
235-3,BO026,235,235,4,avere,avere,avere,VERB,
235-4,BO026,235,235,5,un[a:],una,uno,DET,
236-0,BO038,236,236,1,[sì],sì,sì,ADV,
236-1,BO038,236,236,2,perché,perché,perché,SCONJ,
236-2,BO038,236,236,3,avr~,avr~,avere,VERB,
236-3,BO038,236,236,4,avranno,avranno,avere,VERB,
236-4,BO038,236,236,5-6,dei,dei,del,DET,
236-5,BO038,236,236,7,posti::,posti,posto,NOUN,
237-0,BO026,237,237,1,sì.,sì,sì,ADV,
238-0,BO039,238,238,1,hanno,hanno,avere,VERB,
238-1,BO039,238,238,2-3,dei,dei,del,DET,
238-2,BO039,238,238,4,po~,po~,posto,NOUN,
238-3,BO039,238,238,5,posti,posti,posto,NOUN,
238-4,BO039,238,238,6,numerati,numerati,numerato,ADJ,
238-5,BO039,238,238,7,quin[di::],quindi,quindi,CCONJ,
239-0,BO038,239,239,1,[°ecco.°],ecco,ecco,ADV,
240-0,BO026,240,240,1,no,no,no,ADV,
240-1,BO026,240,240,2,non,non,non,ADV,
240-2,BO026,240,240,3,potete,potete,potere,AUX,
240-3,BO026,240,240,4-5,<approfittarne>,approfittarne,_,_,
240-3a,_,_,240,4,_,approfittar,approfittare,VERB,
240-3b,_,_,240,5,_,ne,ne,PRON,
240-4,BO026,240,240,6-7,della,della,_,_,
240-4a,_,_,240,6,_,di,di,ADP,
240-4b,_,_,240,7,_,la,il,DET,
240-5,BO026,240,240,8-9,della,della,_,_,
240-5a,_,_,240,8,_,di,di,ADP,
240-5b,_,_,240,9,_,la,il,DET,
240-6,BO026,240,240,10,possibilità,possibilità,possibilità,NOUN,
240-7,BO026,240,240,11,di,di,di,SCONJ,
240-8,BO026,240,240,12,inserire,inserire,inserire,VERB,
240-9,BO026,240,240,13,una,una,uno,DET,
240-10,BO026,240,240,14,variazione,variazione,variazione,NOUN,
240-11,BO026,240,240,15,ma,ma,ma,CCONJ,
240-12,BO026,240,240,16,non,non,non,ADV,
240-13,BO026,240,240,17,è,è,essere,AUX,
240-14,BO026,240,240,18,impossib[ile].,impossibile,impossibile,ADJ,
241-0,BO038,241,241,1,[>no,no,no,ADV,
241-1,BO038,241,241,2,n]o,no,no,ADV,
241-2,BO038,241,241,3,no,no,no,ADV,
241-3,BO038,241,241,4,no<.,no,no,ADV,
242-0,BO026,242,242,1,[°dopo,dopo,dopo,ADP,
242-1,BO026,242,242,2,di,di,di,ADP,
242-2,BO026,242,242,3,che:°],che,che,PRON,
243-0,BO038,243,243,1,[però,però,però,CCONJ,
243-1,BO038,243,243,2,"vabbè],",vabbè,vabbè,INTJ,
244-0,BO038,244,244,1,io,io,io,PRON,
244-1,BO038,244,244,2,in,in,in,ADP,
244-2,BO038,244,244,3,ogni,ogni,ogni,DET,
244-3,BO038,244,244,4,caso,caso,caso,NOUN,
244-4,BO038,244,244,5,adesso:,adesso,adesso,ADV,
244-5,BO038,244,244,6,cioè,cioè,cioè,CCONJ,
244-6,BO038,244,244,7,vedo,vedo,vedere,VERB,
244-7,BO038,244,244,8,scrivo,scrivo,scrivere,VERB,
244-8,BO038,244,244,9,a,a,a,ADP,
244-9,BO038,244,244,10,loro,loro,loro,PRON,
244-10,BO038,244,244,11,per,per,per,ADP,
244-11,BO038,244,244,12,qu[e~,que~,x,X,
244-12,BO038,244,244,13,perché,perché,perché,SCONJ,
244-13,BO038,244,244,14,com~],com~,x,X,
245-0,BO026,245,245,1,[ma,ma,ma,CCONJ,
245-1,BO026,245,245,2,questa,questa,questo,PRON,
245-2,BO026,245,245,3,mi],mi,mi,PRON,
245-3,BO026,245,245,4,sembrano,sembrano,sembrare,VERB,
245-5,BO026,245,245,6,ragione(voli),ragionevoli,ragionevole,ADJ,
245-6,BO026,245,245,7-8,nel,nel,_,_,
245-6a,_,_,245,7,_,in,in,ADP,
245-6b,_,_,245,8,_,il,il,DET,
245-7,BO026,245,245,9,senso,senso,senso,NOUN,
245-8,BO026,245,245,10,che,che,che,SCONJ,
245-9,BO026,245,245,11,qui,qui,qui,ADV,
245-10,BO026,245,245,12,c',c',ci,PRON,
245-11,BO026,245,245,13,è,è,essere,AUX,
245-12,BO026,245,245,14,proprio,proprio,proprio,ADV,
245-13,BO026,245,245,15,"corrispondenza,",corrispondenza,corrispondenza,NOUN,
246-0,BO038,246,246,1,sì,sì,sì,ADV,
246-1,BO038,246,246,2,c',c',ci,PRON,
246-2,BO038,246,246,3,è.,è,essere,AUX,
247-0,BO026,247,247,1,se,se,se,SCONJ,
247-1,BO026,247,247,2,ci,ci,ci,PRON,
247-2,BO026,247,247,3,fosse,fosse,essere,AUX,
247-3,BO026,247,247,4,la,la,il,DET,
247-4,BO026,247,247,5,possibilità,possibilità,possibilità,NOUN,
247-5,BO026,247,247,6,di,di,di,SCONJ,
247-6,BO026,247,247,7,di,di,di,SCONJ,
247-7,BO026,247,247,8,di:,di,di,SCONJ,
247-8,BO026,247,247,9,inserire,inserire,inserire,VERB,
247-9,BO026,247,247,10,anche,anche,anche,ADV,
247-10,BO026,247,247,11,questo,questo,questo,PRON,
247-11,BO026,247,247,12,perché,perché,perché,SCONJ,
247-12,BO026,247,247,13,{P},{P},_,_,
247-13,BO026,247,247,14,è,è,essere,VERB,
247-14,BO026,247,247,15-16,nel,nel,_,_,
247-14a,_,_,247,15,_,in,in,ADP,
247-14b,_,_,247,16,_,il,il,DET,
247-15,BO026,247,247,17,piano,piano,piano,NOUN,
247-16,BO026,247,247,18,di,di,di,ADP,
247-17,BO026,247,247,19,studi,studi,studio,NOUN,
247-18,BO026,247,247,20,{P},{P},_,_,
247-19,BO026,247,247,21,è,è,essere,VERB,
247-20,BO026,247,247,22,solo,solo,solo,ADV,
247-21,BO026,247,247,23,che,che,che,SCONJ,
247-22,BO026,247,247,24,non,non,non,ADV,
247-23,BO026,247,247,25,è,è,essere,AUX,
247-24,BO026,247,247,26,il,il,il,DET,
247-25,BO026,247,247,27,diparti[mento].,dipartimento,dipartimento,NOUN,
248-0,BO038,248,248,1,[non,non,non,ADV,
248-1,BO038,248,248,2,è,è,essere,AUX,
248-2,BO038,248,248,3,non,non,non,ADV,
248-3,BO038,248,248,4,è],è,essere,AUX,
248-4,BO038,248,248,5,lo,lo,il,DET,
248-5,BO038,248,248,6,[stes]so,stesso,stesso,ADJ,
248-6,BO038,248,248,7,[dipa]rtimento,dipartimento,dipartimento,NOUN,
248-7,BO038,248,248,8,cioè,cioè,cioè,CCONJ,
248-8,BO038,248,248,9,eh,eh,eh,INTJ,
248-9,BO038,248,248,10,m:h,mh,mh,INTJ,
248-10,BO038,248,248,11,<è,è,essere,VERB,
248-11,BO038,248,248,12,tra,tra,tra,ADP,
248-12,BO038,248,248,13,gli,gli,il,DET,
248-13,BO038,248,248,14,esami,esami,esame,NOUN,
248-14,BO038,248,248,15,che>,che,che,PRON,
248-15,BO038,248,248,16,{P},{P},_,_,
248-16,BO038,248,248,17,possono,possono,potere,AUX,
248-17,BO038,248,248,18,essere,essere,essere,AUX,
248-18,BO038,248,248,19,dati,dati,dare,VERB,
248-19,BO038,248,248,20,per,per,per,ADP,
248-20,BO038,248,248,21,gli,gli,il,DET,
248-21,BO038,248,248,22,erasmus.,erasmus,Erasmus,PROPN,
249-0,BO039,249,249,1,[sì].,sì,sì,ADV,
250-0,BO026,250,250,1,[°mh.°],mh,mh,INTJ,
251-0,BO026,251,251,1,sì.,sì,sì,ADV,
252-0,BO038,252,252,1,perché,perché,perché,SCONJ,
252-1,BO038,252,252,2,fa,fa,fare,VERB,
252-2,BO038,252,252,3,parte,parte,parte,NOUN,
252-3,BO038,252,252,4,di,di,di,ADP,
252-4,BO038,252,252,5,quel[la,quella,quello,DET,
252-5,BO038,252,252,6,li]sta.,lista,lista,NOUN,
252-6,BO038,252,252,7,però,però,però,CCONJ,
252-7,BO038,252,252,8,non,non,non,ADV,
252-8,BO038,252,252,9,è,è,essere,VERB,
252-9,BO038,252,252,10-11,nel,nel,_,_,
252-9a,_,_,252,10,_,in,in,ADP,
252-9b,_,_,252,11,_,il,il,DET,
252-10,BO038,252,252,12,dipartimento,dipartimento,dipartimento,NOUN,
252-11,BO038,252,252,13,di::,di,di,ADP,
252-12,BO038,252,252,14,german,german,German,ADJ,
252-13,BO038,252,252,15,and,and,and,CCONJ,
252-14,BO038,252,252,16,rom[ance,romance,Romance,ADJ,
252-15,BO038,252,252,17,studies].,studies,study,NOUN,
253-0,BO026,253,253,1,[sì].,sì,sì,ADV,
254-0,BO026,254,254,1-2,[verificatelo],verificatelo,_,_,
254-0a,_,_,254,1,_,verificate,verificare,VERB,
254-0b,_,_,254,2,_,lo,lo,PRON,
254-1,BO026,254,254,3,con,con,con,ADP,
254-2,BO026,254,254,4,loro.,loro,loro,PRON,
255-0,BO038,255,255,1,quindi,quindi,quindi,CCONJ,
255-1,BO038,255,255,2,devo,devo,dovere,AUX,
255-2,BO038,255,255,3,[comunque],comunque,comunque,ADV,
255-3,BO038,255,255,4,{P},{P},_,_,
255-4,BO038,255,255,5-6,scusami.,scusami,_,_,
255-4a,_,_,255,5,_,scusa,scusare,VERB,
255-4b,_,_,255,6,_,mi,mi,PRON,
256-0,BO026,256,256,1,[sì].,sì,sì,ADV,
257-0,BO039,257,257,1,[°no,no,no,ADV,
257-1,BO039,257,257,2,no.°],no,no,ADV,
258-0,BO026,258,258,1,[però,però,però,CCONJ,
258-1,BO026,258,258,2,mi,mi,mi,PRON,
258-2,BO026,258,258,3,"s]embra,",sembra,sembrare,VERB,
258-3,BO026,258,258,4,mi,mi,mi,PRON,
258-4,BO026,258,258,5,sembra,sembra,sembrare,VERB,
258-5,BO026,258,258,6,una,una,uno,DET,
258-6,BO026,258,258,7,buona,buona,buono,ADJ,
258-7,BO026,258,258,8,scelta,scelta,scelta,NOUN,
258-8,BO026,258,258,9,e,e,e,CCONJ,
258-9,BO026,258,258,10,anche,anche,anche,ADV,
258-10,BO026,258,258,11,[quest]o.,questo,questo,PRON,
259-0,BO038,259,259,1,[oka~].,oka~,ok,INTJ,
260-0,BO038,260,260,1,eh,eh,eh,INTJ,
260-1,BO038,260,260,2,questo,questo,questo,PRON,
260-2,BO038,260,260,3,vedo,vedo,vedere,VERB,
260-3,BO038,260,260,4,un,un,uno,DET,
260-4,BO038,260,260,5,attimo:,attimo,attimo,NOUN,
260-5,BO038,260,260,6,perché,perché,perché,SCONJ,
260-6,BO038,260,260,7,non,non,non,ADV,
260-7,BO038,260,260,8,so,so,sapere,VERB,
260-8,BO038,260,260,9,se,se,se,SCONJ,
260-9,BO038,260,260,10-11,inserirne,inserirne,_,_,
260-9a,_,_,260,10,_,inserir,inserire,VERB,
260-9b,_,_,260,11,_,ne,ne,PRON,
260-10,BO038,260,260,12,ancora,ancora,ancora,ADV,
260-11,BO038,260,260,13,tre,tre,tre,NUM,
260-12,BO038,260,260,14,[o,o,o,CCONJ,
260-13,BO038,260,260,15,quattro].,quattro,quattro,NUM,
261-0,BO026,261,261,1,[di,di,di,ADP,
261-1,BO026,261,261,2,quanti,quanti,quanto,ADJ,
261-2,BO026,261,261,3,cre]diti,crediti,credito,NOUN,
261-3,BO026,261,261,4,ha,ha,avere,VERB,
261-4,BO026,261,261,5,questo?,questo,questo,PRON,
262-0,BO039,262,262,1,[quindici].,quindici,quindici,NUM,
263-0,BO038,263,263,1,[questo,questo,questo,PRON,
263-1,BO038,263,263,2,è,è,essere,VERB,
263-2,BO038,263,263,3,da,da,da,ADP,
263-3,BO038,263,263,4,qui]ndici.,quindici,quindici,NUM,
264-0,BO026,264,264,1,a,a,a,ADP,
264-1,BO026,264,264,2,lei,lei,lei,PRON,
264-2,BO026,264,264,3,ne,ne,ne,PRON,
264-3,BO026,264,264,4,servirebbero,servirebbero,servire,VERB,
264-4,BO026,264,264,5,{P},{P},_,_,
264-5,BO026,264,264,6,cinque.,cinque,cinque,NUM,
265-0,BO038,265,265,1,a,a,a,ADP,
265-1,BO038,265,265,2,me,me,me,PRON,
265-2,BO038,265,265,3,ne,ne,ne,PRON,
265-3,BO038,265,265,4,servirebbero,servirebbero,servire,VERB,
265-4,BO038,265,265,5,"sei,",sei,sei,NUM,
265-5,BO038,265,265,6,{P},{P},_,_,
265-6,BO038,265,265,7,[però,però,però,CCONJ,
265-7,BO038,265,265,8,s]e,se,se,SCONJ,
265-8,BO038,265,265,9,io,io,io,PRON,
265-9,BO038,265,265,10,con,con,con,ADP,
265-10,BO038,265,265,11,[que]sto,questo,questo,DET,
265-11,BO038,265,265,12,esame,esame,esame,NOUN,
265-12,BO038,265,265,13,riesco,riesco,riuscire,VERB,
265-13,BO038,265,265,14,a,a,a,SCONJ,
265-14,BO038,265,265,15-16,<farne,farne,_,_,
265-14a,_,_,265,15,_,far,fare,VERB,
265-14b,_,_,265,16,_,ne,ne,PRON,
265-15,BO038,265,265,17,fuori>,fuori,fuori,ADV,
265-16,BO038,265,265,18,tra,tra,tra,ADP,
265-17,BO038,265,265,19,virgolette,virgolette,virgoletta,NOUN,
265-18,BO038,265,265,20,due,due,due,NUM,
265-19,BO038,265,265,21,qui:,qui,qui,ADV,
265-20,BO038,265,265,22,cioè,cioè,cioè,CCONJ,
265-21,BO038,265,265,23,fare,fare,fare,VERB,
265-22,BO038,265,265,24,tutto,tutto,tutto,DET,
265-23,BO038,265,265,25,il,il,il,DET,
265-24,BO038,265,265,26,blocco,blocco,blocco,NOUN,
265-25,BO038,265,265,27-28,degli,degli,_,_,
265-25a,_,_,265,27,_,di,di,ADP,
265-25b,_,_,265,28,_,gli,il,DET,
265-26,BO038,265,265,29,esami,esami,esame,NOUN,
265-27,BO038,265,265,30,a,a,a,ADP,
265-28,BO038,265,265,31,scelta,scelta,scelta,NOUN,
265-29,BO038,265,265,32,che,che,che,PRON,
265-30,BO038,265,265,33,ho,ho,avere,VERB,
265-31,BO038,265,265,34,qui.,qui,qui,ADV,
266-0,BO026,266,266,1,[sei].,sei,sei,NUM,
267-0,BO026,267,267,1,[mh].,mh,mh,INTJ,
268-0,BO038,268,268,1,quindi,quindi,quindi,CCONJ,
268-1,BO038,268,268,2,f~,f~,x,X,
268-2,BO038,268,268,3,{P},{P},_,_,
268-3,BO038,268,268,4,dod[ici,dodici,dodici,NUM,
268-4,BO038,268,268,5,crediti].,crediti,credito,NOUN,
269-0,BO026,269,269,1,[è,è,essere,AUX,
269-1,BO026,269,269,2,questo,questo,questo,PRON,
269-2,BO026,269,269,3,che],che,che,SCONJ,
269-3,BO026,269,269,4,deve,deve,dovere,AUX,
269-4,BO026,269,269,5,verificare,verificare,verificare,VERB,
269-5,BO026,269,269,6,anche,anche,anche,ADV,
269-6,BO026,269,269,7,qui,qui,qui,ADV,
269-7,BO026,269,269,8,parlando,parlando,parlare,VERB,
269-8,BO026,269,269,9,anche,anche,anche,ADV,
269-9,BO026,269,269,10,co::n,con,con,ADP,
269-10,BO026,269,269,11,{P},{P},_,_,
269-11,BO026,269,269,12,perché,perché,perché,SCONJ,
269-12,BO026,269,269,13,poi,poi,poi,ADV,
269-13,BO026,269,269,14,c',c',ci,PRON,
269-14,BO026,269,269,15,è,è,essere,AUX,
269-15,BO026,269,269,16,una,una,uno,DET,
269-16,BO026,269,269,17,commissione,commissione,commissione,NOUN,
269-17,BO026,269,269,18,che,che,che,PRON,
269-18,BO026,269,269,19,{P},{P},_,_,
269-19,BO026,269,269,20,[valuta],valuta,valutare,VERB,
269-20,BO026,269,269,21,le,le,il,DET,
269-21,BO026,269,269,22,vostr[e,vostre,vostro,ADJ,
269-22,BO026,269,269,23,equivalenze].,equivalenze,equivalenza,NOUN,
270-0,BO038,270,270,1,[>sì,sì,sì,ADV,
270-1,BO038,270,270,2,sì,sì,sì,ADV,
270-2,BO038,270,270,3,sì<].,sì,sì,ADV,
271-0,BO038,271,271,1,[però,però,però,CCONJ,
271-1,BO038,271,271,2,se]:,se,se,SCONJ,
271-2,BO038,271,271,3,se,se,se,SCONJ,
271-3,BO038,271,271,4,loro,loro,loro,PRON,
271-4,BO038,271,271,5,[mi,mi,mi,PRON,
271-5,BO038,271,271,6,danno,danno,dare,VERB,
271-6,BO038,271,271,7,un~],un~,x,X,
272-0,BO026,272,272,1,[parlando,parlando,parlare,VERB,
272-1,BO026,272,272,2,an]che,anche,anche,ADV,
272-2,BO026,272,272,3,le,le,il,DET,
272-3,BO026,272,272,4,la,la,il,DET,
272-4,BO026,272,272,5,docente,docente,docente,NOUN,
272-5,BO026,272,272,6-7,della,della,_,_,
272-5a,_,_,272,6,_,di,di,ADP,
272-5b,_,_,272,7,_,la,il,DET,
272-6,BO026,272,272,8,disciplina,disciplina,disciplina,NOUN,
272-7,BO026,272,272,9,<la,la,il,DET,
272-8,BO026,272,272,10,o,o,o,CCONJ,
272-9,BO026,272,272,11,il,il,il,DET,
272-10,BO026,272,272,12,docente>,docente,docente,NOUN,
272-11,BO026,272,272,13-14,della,della,_,_,
272-11a,_,_,272,13,_,di,di,ADP,
272-11b,_,_,272,14,_,la,il,DET,
272-12,BO026,272,272,15,disciplina,disciplina,disciplina,NOUN,
272-13,BO026,272,272,16,con,con,con,ADP,
272-14,BO026,272,272,17,cui,cui,cui,PRON,
272-15,BO026,272,272,18,{P},{P},_,_,
272-16,BO026,272,272,19,che,che,che,PRON,
272-17,BO026,272,272,20,lei,lei,lei,PRON,
272-18,BO026,272,272,21,"sceglierebbe,",sceglierebbe,scegliere,VERB,
273-0,BO026,273,273,1,"cioè,",cioè,cioè,CCONJ,
274-0,BO026,274,274,1,che,che,che,PRON,
274-1,BO026,274,274,2,sostituirebbe,sostituirebbe,sostituire,VERB,
274-2,BO026,274,274,3-4,del,del,_,_,
274-2a,_,_,274,3,_,di,di,ADP,
274-2b,_,_,274,4,_,il,il,DET,
274-3,BO026,274,274,5,piano,piano,piano,NOUN,
274-4,BO026,274,274,6,di,di,di,ADP,
274-5,BO026,274,274,7,studi,studi,studio,NOUN,
274-6,BO026,274,274,8,di,di,di,ADP,
274-7,BO026,274,274,9,"italiano,",italiano,italiano,NOUN,
275-0,BO038,275,275,1,mh,mh,mh,INTJ,
275-1,BO038,275,275,2,mh.,mh,mh,INTJ,
276-0,BO026,276,276,1,e:h,eh,eh,INTJ,
276-1,BO026,276,276,2,mh,mh,mh,INTJ,
276-2,BO026,276,276,3,con,con,con,ADP,
276-3,BO026,276,276,4,una,una,uno,DET,
276-4,BO026,276,276,5,materia,materia,materia,NOUN,
276-5,BO026,276,276,6,lì,lì,lì,ADV,
276-6,BO026,276,276,7,a,a,a,ADP,
276-7,BO026,276,276,8,copenaghen.,copenaghen,Copenaghen,PROPN,
277-0,BO038,277,277,1,però,però,però,CCONJ,
277-1,BO038,277,277,2-3,alla,alla,_,_,
277-1a,_,_,277,2,_,a,a,ADP,
277-1b,_,_,277,3,_,la,il,DET,
277-2,BO038,277,277,4,fine,fine,fine,NOUN,
277-3,BO038,277,277,5,se,se,se,SCONJ,
277-4,BO038,277,277,6,riesco,riesco,riuscire,VERB,
277-5,BO038,277,277,7,a,a,a,SCONJ,
277-6,BO038,277,277,8,inserire,inserire,inserire,VERB,
277-7,BO038,277,277,9,antropologia,antropologia,antropologia,NOUN,
277-8,BO038,277,277,10,il,il,il,DET,
277-9,BO038,277,277,11,problema,problema,problema,NOUN,
277-10,BO038,277,277,12,non,non,non,ADV,
277-11,BO038,277,277,13,si,si,si,PRON,
277-12,BO038,277,277,14,pone.,pone,porre,VERB,
278-0,BO026,278,278,1,infat[ti,infatti,infatti,CCONJ,
278-1,BO026,278,278,2,°infatti.°],infatti,infatti,CCONJ,
279-0,BO038,279,279,1,[il,il,il,DET,
279-1,BO038,279,279,2,mio,mio,mio,ADJ,
279-2,BO038,279,279,3,problema,problema,problema,NOUN,
279-3,BO038,279,279,4,era],era,essere,VERB,
279-4,BO038,279,279,5,semplicemente,semplicemente,semplicemente,ADV,
279-5,BO038,279,279,6,<per,per,per,ADP,
279-6,BO038,279,279,7,il,il,il,DET,
279-7,BO038,279,279,8,fat~>,fat~,fatto,NOUN,
279-8,BO038,279,279,9,il,il,il,DET,
279-9,BO038,279,279,10,fatto,fatto,fatto,NOUN,
279-10,BO038,279,279,11-12,dei:,dei,_,_,
279-10a,_,_,279,11,_,di,di,ADP,
279-10b,_,_,279,12,_,i,il,DET,
279-11,BO038,279,279,13,mh,mh,mh,INTJ,
279-12,BO038,279,279,14,{P},{P},_,_,
279-13,BO038,279,279,15,trenta,trenta,trenta,NUM,
279-14,BO038,279,279,16,c~,c~,x,X,
279-15,BO038,279,279,17,cosiddetti,cosiddetti,cosiddetto,ADJ,
279-16,BO038,279,279,18,trenta,trenta,trenta,NUM,
279-17,BO038,279,279,19,crediti,crediti,credito,NOUN,
279-18,BO038,279,279,20,obbliga[tori,obbligatori,obbligatorio,ADJ,
279-19,BO038,279,279,21,lì].,lì,lì,ADV,
280-0,BO026,280,280,1,[sì].,sì,sì,ADV,
281-0,BO026,281,281,1,°sì.°,sì,sì,ADV,
282-0,BO038,282,282,1,perché,perché,perché,SCONJ,
282-1,BO038,282,282,2,{P},{P},_,_,
282-2,BO038,282,282,3,avendo,avendo,avere,VERB,
282-3,BO038,282,282,4,solamente,solamente,solamente,ADV,
282-4,BO038,282,282,5,{P},{P},_,_,
282-5,BO038,282,282,6,potrei,potrei,potere,AUX,
282-6,BO038,282,282,7-8,farlo,farlo,_,_,
282-6a,_,_,282,7,_,far,fare,VERB,
282-6b,_,_,282,8,_,lo,lo,PRON,
282-7,BO038,282,282,9,perché,perché,perché,SCONJ,
282-8,BO038,282,282,10,per,per,per,SCONJ,
282-9,BO038,282,282,11,cioè,cioè,cioè,CCONJ,
282-10,BO038,282,282,12,per,per,per,SCONJ,
282-11,BO038,282,282,13,ritenere,ritenere,ritenere,VERB,
282-12,BO038,282,282,14,la,la,il,DET,
282-13,BO038,282,282,15,borsa,borsa,borsa,NOUN,
282-14,BO038,282,282,16,erasmus,erasmus,Erasmus,PROPN,
282-15,BO038,282,282,17,e,e,e,CCONJ,
282-16,BO038,282,282,18,lo,lo,il,DET,
282-17,BO038,282,282,19,status,status,status,NOUN,
282-18,BO038,282,282,20,di,di,di,ADP,
282-19,BO038,282,282,21,studente,studente,studente,NOUN,
282-20,BO038,282,282,22,erasmus,erasmus,Erasmus,PROPN,
282-21,BO038,282,282,23,mi,mi,mi,PRON,
282-22,BO038,282,282,24,basterebbero,basterebbero,bastare,VERB,
282-23,BO038,282,282,25,tre,tre,tre,NUM,
282-24,BO038,282,282,26,crediti.,crediti,credito,NOUN,
283-0,BO038,283,283,1,quind[i,quindi,quindi,CCONJ,
283-1,BO038,283,283,2-3,alla,alla,_,_,
283-1a,_,_,283,2,_,a,a,ADP,
283-1b,_,_,283,3,_,la,il,DET,
283-2,BO038,283,283,4,f]ine,fine,fine,NOUN,
283-3,BO038,283,283,5,potrei,potrei,potere,AUX,
283-4,BO038,283,283,6,mettere,mettere,mettere,VERB,
283-5,BO038,283,283,7-8,sul,sul,_,_,
283-5a,_,_,283,7,_,su,su,ADP,
283-5b,_,_,283,8,_,il,il,DET,
283-6,BO038,283,283,9,learning,learning,learning,NOUN,
283-7,BO038,283,283,10,agreement,agreement,agreement,NOUN,
283-8,BO038,283,283,11,anche,anche,anche,ADV,
283-9,BO038,283,283,12,due,due,due,NUM,
283-10,BO038,283,283,13,esami,esami,esame,NOUN,
283-11,BO038,283,283,14,non,non,non,ADV,
283-12,BO038,283,283,15,non,non,non,ADV,
283-13,BO038,283,283,16,è,è,essere,AUX,
283-14,BO038,283,283,17,{P},{P},_,_,
283-15,BO038,283,283,18,cioè,cioè,cioè,CCONJ,
283-16,BO038,283,283,19,non,non,non,ADV,
283-17,BO038,283,283,20,sarebbe,sarebbe,essere,AUX,
283-18,BO038,283,283,21,quello,quello,quello,PRON,
283-19,BO038,283,283,22,il,il,il,DET,
283-20,BO038,283,283,23,problema,problema,problema,NOUN,
283-21,BO038,283,283,24,[anche,anche,anche,ADV,
283-22,BO038,283,283,25,"perché],",perché,perché,SCONJ,
284-0,BO026,284,284,1,[°sì.°],sì,sì,ADV,
285-0,BO026,285,285,1,[°però],però,però,CCONJ,
285-1,BO026,285,285,2,se,se,se,SCONJ,
285-2,BO026,285,285,3,sta,sta,stare,VERB,
285-3,BO026,285,285,4,lì,lì,lì,ADV,
285-4,BO026,285,285,5,sei,sei,sei,NUM,
285-5,BO026,285,285,6,{P},{P},_,_,
285-6,BO026,285,285,7,(pe[r),per,per,ADP,
285-7,BO026,285,285,8,un,un,uno,DET,
285-8,BO026,285,285,9,sem]estre:°,semestre,semestre,NOUN,
286-0,BO038,286,286,1,[però,però,però,CCONJ,
286-1,BO038,286,286,2,"ovviamente],",ovviamente,ovviamente,ADV,
287-0,BO038,287,287,1,tre,tre,tre,NUM,
287-1,BO038,287,287,2,"esami,",esami,esame,NOUN,
288-0,BO026,288,288,1,sì.,sì,sì,ADV,
289-0,BO038,289,289,1,per,per,per,ADP,
289-1,BO038,289,289,2,me,me,me,PRON,
289-2,BO038,289,289,3,sarebbero,sarebbero,essere,AUX,
289-3,BO038,289,289,4,perfetti.,perfetti,perfetto,ADJ,
290-0,BO038,290,290,1,l',l',il,DET,
290-1,BO038,290,290,2,unica,unica,unico,ADJ,
290-2,BO038,290,290,3,cosa,cosa,cosa,NOUN,
290-3,BO038,290,290,4,è,è,essere,VERB,
290-4,BO038,290,290,5,che,che,che,SCONJ,
290-5,BO038,290,290,6,se,se,se,SCONJ,
290-6,BO038,290,290,7,se,se,se,SCONJ,
290-7,BO038,290,290,8,se,se,se,SCONJ,
290-8,BO038,290,290,9,questo,questo,questo,PRON,
290-9,BO038,290,290,10,non,non,non,ADV,
290-10,BO038,290,290,11,me,me,me,PRON,
290-11,BO038,290,290,12,lo,lo,lo,PRON,
290-12,BO038,290,290,13,accettano,accettano,accettare,VERB,
290-13,BO038,290,290,14,e,e,e,CCONJ,
290-14,BO038,290,290,15,devo,devo,dovere,AUX,
290-15,BO038,290,290,16-17,metterne,metterne,_,_,
290-15a,_,_,290,16,_,metter,mettere,VERB,
290-15b,_,_,290,17,_,ne,ne,PRON,
290-16,BO038,290,290,18,solo,solo,solo,ADV,
290-17,BO038,290,290,19,due,due,due,NUM,
290-18,BO038,290,290,20,non,non,non,ADV,
290-19,BO038,290,290,21,arrivo,arrivo,arrivare,VERB,
290-20,BO038,290,290,22,a,a,a,ADP,
290-21,BO038,290,290,23,questi,questi,questo,DET,
290-22,BO038,290,290,24,fantomatici,fantomatici,fantomatico,ADJ,
290-23,BO038,290,290,25,trenta,trenta,trenta,NUM,
290-24,BO038,290,290,26,crediti.,crediti,credito,NOUN,
291-0,BO026,291,291,1,[s]ì.,sì,sì,ADV,
292-0,BO038,292,292,1,è,è,essere,AUX,
292-1,BO038,292,292,2,solo,solo,solo,ADV,
292-2,BO038,292,292,3,quello,quello,quello,PRON,
292-3,BO038,292,292,4,il,il,il,DET,
292-4,BO038,292,292,5,[e::]h,eh,eh,INTJ,
293-0,BO026,293,293,1,[va,va,andare,VERB,
293-1,BO026,293,293,2,bene].,bene,bene,ADV,
294-0,BO038,294,294,1,però,però,però,CCONJ,
294-1,BO038,294,294,2,vabb~,vabb~,vabbè,INTJ,
295-0,BO039,295,295,1,invece,invece,invece,ADV,
295-1,BO039,295,295,2-3,nel,nel,_,_,
295-1a,_,_,295,2,_,in,in,ADP,
295-1b,_,_,295,3,_,il,il,DET,
295-2,BO039,295,295,4,caso,caso,caso,NOUN,
295-3,BO039,295,295,5,mio,mio,mio,ADJ,
295-4,BO039,295,295,6,è:,è,essere,AUX,
295-5,BO039,295,295,7,diverso,diverso,diverso,ADJ,
295-6,BO039,295,295,8,perché,perché,perché,SCONJ,
295-7,BO039,295,295,9,io,io,io,PRON,
295-8,BO039,295,295,10,ho,ho,avere,VERB,
295-9,BO039,295,295,11,un,un,uno,DET,
295-10,BO039,295,295,12,altro,altro,altro,ADJ,
295-11,BO039,295,295,13,piano,piano,piano,NOUN,
295-12,BO039,295,295,14,di,di,di,ADP,
295-13,BO039,295,295,15,studi,studi,studio,NOUN,
295-14,BO039,295,295,16,p[erché,perché,perché,SCONJ,
295-15,BO039,295,295,17,io,io,io,PRON,
295-16,BO039,295,295,18,so]no,sono,essere,VERB,
295-17,BO039,295,295,19,di,di,di,ADP,
295-18,BO039,295,295,20,language,language,language,NOUN,
295-19,BO039,295,295,21,society,society,society,NOUN,
295-20,BO039,295,295,22,and,and,and,CCONJ,
295-21,BO039,295,295,23,"communic[ation],",communication,communication,NOUN,
296-0,BO026,296,296,1,[mh,mh,mh,INTJ,
296-1,BO026,296,296,2,mh].,mh,mh,INTJ,
297-0,BO026,297,297,1,[mh,mh,mh,INTJ,
297-1,BO026,297,297,2,mh].,mh,mh,INTJ,
298-0,BO039,298,298,1,e,e,e,CCONJ,
298-1,BO039,298,298,2,avevo,avevo,avere,AUX,
298-2,BO039,298,298,3,messo,messo,mettere,VERB,
298-3,BO039,298,298,4,lo,lo,il,DET,
298-4,BO039,298,298,5,stesso,stesso,stesso,PRON,
298-5,BO039,298,298,6,che,che,che,PRON,
298-6,BO039,298,298,7,aveva,aveva,avere,AUX,
298-7,BO039,298,298,8,scelto,scelto,scegliere,VERB,
298-9,BO039,298,298,10,lei,lei,lei,PRON,
298-10,BO039,298,298,11,per,per,per,ADP,
298-11,BO039,298,298,12,"spagnolo,",spagnolo,spagnolo,NOUN,
299-0,BO039,299,299,1,perché,perché,perché,SCONJ,
299-1,BO039,299,299,2,leggendo,leggendo,leggere,VERB,
299-2,BO039,299,299,3,un,un,uno,DET,
299-3,BO039,299,299,4,po',po',poco,NOUN,
299-4,BO039,299,299,5,il,il,il,DET,
299-5,BO039,299,299,6,programma,programma,programma,NOUN,
299-6,BO039,299,299,7,anche,anche,anche,ADV,
299-7,BO039,299,299,8,i,i,il,DET,
299-8,BO039,299,299,9,mh,mh,mh,INTJ,
299-9,BO039,299,299,10,i,i,il,DET,
299-10,BO039,299,299,11,libri,libri,libro,NOUN,
299-11,BO039,299,299,12,proprio,proprio,proprio,ADV,
299-12,BO039,299,299,13,i,i,il,DET,
299-13,BO039,299,299,14,libri,libri,libro,NOUN,
299-14,BO039,299,299,15,di,di,di,ADP,
299-15,BO039,299,299,16,"testo,",testo,testo,NOUN,
300-0,BO039,300,300,1,è,è,essere,AUX,
300-1,BO039,300,300,2,molto,molto,molto,ADV,
300-2,BO039,300,300,3,improntato,improntato,improntare,VERB,
300-3,BO039,300,300,4-5,sulla,sulla,_,_,
300-3a,_,_,300,4,_,su,su,ADP,
300-3b,_,_,300,5,_,la,il,DET,
300-4,BO039,300,300,6,linguistica.,linguistica,linguistica,NOUN,
301-0,BO039,301,301,1,e,e,e,CCONJ,
301-1,BO039,301,301,2,io,io,io,PRON,
301-2,BO039,301,301,3,l',l',il,DET,
301-3,BO039,301,301,4,anno,anno,anno,NOUN,
301-4,BO039,301,301,5,prossimo,prossimo,prossimo,ADJ,
301-5,BO039,301,301,6,avrei,avrei,avere,VERB,
301-6,BO039,301,301,7,proprio,proprio,proprio,ADV,
301-7,BO039,301,301,8,l',l',il,DET,
301-8,BO039,301,301,9,esame,esame,esame,NOUN,
301-9,BO039,301,301,10,di,di,di,ADP,
301-10,BO039,301,301,11,linguistica::,linguistica,linguistica,NOUN,
301-11,BO039,301,301,12,spagnola.,spagnola,spagnolo,ADJ,
302-0,BO039,302,302,1,e::,e,e,CCONJ,
302-1,BO039,302,302,2,per,per,per,ADP,
302-2,BO039,302,302,3,inglese:,inglese,inglese,NOUN,
302-3,BO039,302,302,4,la,la,il,DET,
302-4,BO039,302,302,5,stessa,stessa,stesso,ADJ,
302-5,BO039,302,302,6,cosa,cosa,cosa,NOUN,
302-6,BO039,302,302,7,avrei,avrei,avere,VERB,
302-7,BO039,302,302,8,sia,sia,sia,CCONJ,
302-8,BO039,302,302,9,l',l',il,DET,
302-9,BO039,302,302,10,esame,esame,esame,NOUN,
302-10,BO039,302,302,11,di,di,di,ADP,
302-11,BO039,302,302,12,inglese,inglese,inglese,NOUN,
302-12,BO039,302,302,13,"linguistica,",linguistica,linguistica,NOUN,
303-0,BO039,303,303,1,o:,o,o,CCONJ,
303-1,BO039,303,303,2,potrei,potrei,potere,AUX,
303-2,BO039,303,303,3,scegliere,scegliere,scegliere,VERB,
303-3,BO039,303,303,4,english,english,English,NOUN,
303-4,BO039,303,303,5,for,for,for,ADP,
303-5,BO039,303,303,6,specific,specific,specific,ADJ,
303-6,BO039,303,303,7,purpose,purpose,purpose,NOUN,
303-7,BO039,303,303,8,{P},{P},_,_,
303-8,BO039,303,303,9,"qui,",qui,qui,ADV,
304-0,BO039,304,304,1,e::,e,e,CCONJ,
304-1,BO039,304,304,2,là,là,là,ADV,
304-2,BO039,304,304,3,volevo,volevo,volere,AUX,
304-3,BO039,304,304,4,fare,fare,fare,VERB,
304-4,BO039,304,304,5,o::,o,o,CCONJ,
304-5,BO039,304,304,6,questo,questo,questo,PRON,
304-6,BO039,304,304,7,qui,qui,qui,ADV,
304-7,BO039,304,304,8,language,language,language,NOUN,
304-8,BO039,304,304,9,and,and,and,CCONJ,
304-9,BO039,304,304,10,"cognition,",cognition,cognition,NOUN,
305-0,BO039,305,305,1,che,che,che,PRON,
305-1,BO039,305,305,2,sempre,sempre,sempre,ADV,
305-2,BO039,305,305,3-4,nel,nel,_,_,
305-2a,_,_,305,3,_,in,in,ADP,
305-2b,_,_,305,4,_,il,il,DET,
305-3,BO039,305,305,5,piano,piano,piano,NOUN,
305-4,BO039,305,305,6,di,di,di,ADP,
305-5,BO039,305,305,7,stu~,stu~,x,X,
305-6,BO039,305,305,8-9,nel,nel,_,_,
305-6a,_,_,305,8,_,in,in,ADP,
305-6b,_,_,305,9,_,il,il,DET,
305-7,BO039,305,305,10,programma,programma,programma,NOUN,
305-8,BO039,305,305,11,{P},{P},_,_,
305-9,BO039,305,305,12,mh,mh,mh,INTJ,
305-10,BO039,305,305,13,dice,dice,dire,VERB,
305-11,BO039,305,305,14,che,che,che,SCONJ,
305-12,BO039,305,305,15,si,si,si,PRON,
305-13,BO039,305,305,16,occupa,occupa,occupare,VERB,
305-14,BO039,305,305,17,anche,anche,anche,ADV,
305-15,BO039,305,305,18,molto,molto,molto,ADV,
305-16,BO039,305,305,19-20,della::,della,_,_,
305-16a,_,_,305,19,_,di,di,ADP,
305-16b,_,_,305,20,_,la,il,DET,
306-0,BO039,306,306,1,e::h,eh,eh,INTJ,
306-1,BO039,306,306,2-3,dell',dell',_,_,
306-1a,_,_,306,2,_,di,di,ADP,
306-1b,_,_,306,3,_,l',il,DET,
306-2,BO039,306,306,4,aspetto,aspetto,aspetto,NOUN,
306-3,BO039,306,306,5,"<linguistico>,",linguistico,linguistico,ADJ,
306-4,BO039,306,306,6,pragmatico.,pragmatico,pragmatico,ADJ,
307-0,BO039,307,307,1,oppure,oppure,oppure,CCONJ,
307-1,BO039,307,307,2,c',c',ci,PRON,
307-2,BO039,307,307,3,era,era,essere,AUX,
307-3,BO039,307,307,4,quest',quest',questo,DET,
307-4,BO039,307,307,5,altro,altro,altro,PRON,
307-5,BO039,307,307,6,che,che,che,PRON,
307-6,BO039,307,307,7,però,però,però,CCONJ,
307-7,BO039,307,307,8,forse,forse,forse,ADV,
307-8,BO039,307,307,9,è,è,essere,AUX,
307-9,BO039,307,307,10,un,un,uno,DET,
307-10,BO039,307,307,11,po',po',poco,NOUN,
307-11,BO039,307,307,12,più::,più,più,ADV,
308-0,BO039,308,308,1,mh,mh,mh,INTJ,
308-1,BO039,308,308,2,diciamo,diciamo,dire,VERB,
308-2,BO039,308,308,3,va,va,andare,VERB,
308-3,BO039,308,308,4,un,un,uno,DET,
308-4,BO039,308,308,5,po',po',poco,NOUN,
308-5,BO039,308,308,6,più,più,più,ADV,
308-6,BO039,308,308,7,fuori,fuori,fuori,ADP,
308-7,BO039,308,308,8,"tema,",tema,tema,NOUN,
309-0,BO039,309,309,1,che,che,che,PRON,
309-1,BO039,309,309,2,era,era,essere,AUX,
309-2,BO039,309,309,3,writing,writing,writing,VERB,
309-3,BO039,309,309,4,and,and,and,CCONJ,
309-4,BO039,309,309,5,foreign,foreign,foreign,ADJ,
309-5,BO039,309,309,6,"language,",language,language,NOUN,
310-0,BO039,310,310,1,e::h,eh,eh,INTJ,
310-1,BO039,310,310,2,plus,plus,plus,ADP,
310-2,BO039,310,310,3,cross,cross,cross,ADJ,
310-3,BO039,310,310,4,cultural,cultural,cultural,ADJ,
310-4,BO039,310,310,5,and,and,and,CCONJ,
310-5,BO039,310,310,6,pragmatics.,pragmatics,pragmatics,NOUN,
311-0,BO026,311,311,1,e,e,e,CCONJ,
311-1,BO026,311,311,2,questo,questo,questo,PRON,
311-2,BO026,311,311,3,è,è,essere,AUX,
311-3,BO026,311,311,4,proprio,proprio,proprio,ADV,
311-4,BO026,311,311,5,un,un,uno,DET,
311-5,BO026,311,311,6,corso,corso,corso,NOUN,
311-6,BO026,311,311,7,accademico,accademico,accademico,ADJ,
311-7,BO026,311,311,8,non,non,non,ADV,
311-8,BO026,311,311,9,è,è,essere,AUX,
311-9,BO026,311,311,10,un,un,uno,DET,
311-10,BO026,311,311,11,laboratorio,laboratorio,laboratorio,NOUN,
311-11,BO026,311,311,12,[non,non,non,ADV,
311-12,BO026,311,311,13,è,è,essere,AUX,
311-13,BO026,311,311,14,una::],una,uno,DET,
312-0,BO039,312,312,1,[>no,no,no,ADV,
312-1,BO039,312,312,2,no,no,no,ADV,
312-2,BO039,312,312,3,no<,no,no,ADV,
312-3,BO039,312,312,4,è,è,essere,AUX,
312-4,BO039,312,312,5,sempre],sempre,sempre,ADV,
312-6,BO039,,,,u::n,un,uno,DET,
312-5,BO039,312,312,6,corso.,corso,corso,NOUN,
313-0,BO039,313,313,1-2,nel,nel,_,_,
313-0a,_,_,313,1,_,in,in,ADP,
313-0b,_,_,313,2,_,il,il,DET,
313-1,BO039,313,313,3,dipartimen[to,dipartimento,dipartimento,NOUN,
313-2,BO039,313,313,4,di,di,di,ADP,
313-3,BO039,313,313,5,inglese].,inglese,inglese,NOUN,
314-0,BO026,314,314,1,[e,e,e,CCONJ,
314-1,BO026,314,314,2,quale,quale,quale,PRON,
314-2,BO026,314,314,3,e:,e,e,CCONJ,
314-3,BO026,314,314,4,quale],quale,quale,PRON,
314-4,BO026,314,314,5,corrispondente,corrispondente,corrispondere,VERB,
314-5,BO026,314,314,6,a,a,a,ADP,
314-6,BO026,314,314,7,quale,quale,quale,ADJ,
314-7,BO026,314,314,8,disciplina,disciplina,disciplina,NOUN,
314-8,BO026,314,314,9,qui?,qui,qui,ADV,
315-0,BO039,315,315,1,è,è,essere,AUX,
315-1,BO039,315,315,2,sempre:,sempre,sempre,ADV,
315-2,BO039,315,315,3,inglese:,inglese,inglese,ADJ,
315-3,BO039,315,315,4,linguistica.,linguistica,linguistica,NOUN,
316-0,BO039,316,316,1,[quindi,quindi,quindi,CCONJ,
316-1,BO039,316,316,2,forse,forse,forse,ADV,
316-2,BO039,316,316,3,primo::],primo,primo,ADJ,
317-0,BO026,317,317,1,[allora,allora,allora,ADV,
317-1,BO026,317,317,2,qui,qui,qui,ADV,
317-2,BO026,317,317,3,chi,chi,chi,PRON,
317-3,BO026,317,317,4,chi,chi,chi,PRON,
317-4,BO026,317,317,5,è,è,essere,VERB,
317-5,BO026,317,317,6,che,che,che,PRON,
317-6,BO026,317,317,7,ha],ha,avere,VERB,
317-7,BO026,317,317,8,li~,li~,x,X,
317-8,BO026,317,317,9,lingle~,lingle~,x,X,
317-9,BO026,317,317,10,linguistica,linguistica,linguistica,NOUN,
317-10,BO026,317,317,11,inglese:,inglese,inglese,ADJ,
317-11,BO026,317,317,12-13,°nel,nel,_,_,
317-11a,_,_,317,12,_,in,in,ADP,
317-11b,_,_,317,13,_,il,il,DET,
317-12,BO026,317,317,14,corso,corso,corso,NOUN,
317-13,BO026,317,317,15-16,della,della,_,_,
317-13a,_,_,317,15,_,di,di,ADP,
317-13b,_,_,317,16,_,la,il,DET,
317-14,BO026,317,317,17,magistrale,magistrale,magistrale,NOUN,
317-15,BO026,317,317,18,in,in,in,ADP,
317-16,BO026,317,317,19,language,language,language,NOUN,
317-17,BO026,317,317,20,and,and,and,CCONJ,
317-18,BO026,317,317,21,communication?°,communication,communication,NOUN,
318-0,BO039,318,318,1,non,non,non,ADV,
318-1,BO039,318,318,2,lo,lo,lo,PRON,
318-2,BO039,318,318,3,so,so,sapere,VERB,
318-3,BO039,318,318,4,perché::,perché,perché,SCONJ,
319-0,BO026,319,319,1,la,la,il,DET,
319-1,BO026,319,319,2,blu?,blu,Blu,PROPN,
320-0,BO039,320,320,1,è,è,essere,VERB,
320-1,BO039,320,320,2-3,dell',dell',_,_,
320-1a,_,_,320,2,_,di,di,ADP,
320-1b,_,_,320,3,_,l',il,DET,
320-2,BO039,320,320,4,anno,anno,anno,NOUN,
320-3,BO039,320,320,5,prossimo,prossimo,prossimo,ADJ,
320-4,BO039,320,320,6,quindi,quindi,quindi,CCONJ,
320-5,BO039,320,320,7,no::n,non,non,ADV,
321-0,BO026,321,321,1,°dovrebbe,dovrebbe,dovere,AUX,
321-1,BO026,321,321,2,essere,essere,essere,AUX,
321-2,BO026,321,321,3,la,la,il,DET,
321-3,BO026,321,321,4,professoressa,professoressa,professore,NOUN,
321-4,BO026,321,321,5,blu.°,blu,Blu,PROPN,
322-0,BO039,322,322,1,°dovre:i,dovrei,dovere,AUX,
322-1,BO039,322,322,2,controllare.°,controllare,controllare,VERB,
323-0,BO039,323,323,1,però,però,però,CCONJ,
323-1,BO039,323,323,2,diciamo,diciamo,dire,VERB,
323-2,BO039,323,323,3,que[sto,questo,questo,PRON,
323-3,BO039,323,323,4,"qua],",qua,qua,ADV,
324-0,BO026,324,324,1,[allora,allora,allora,ADV,
324-1,BO026,324,324,2,l',l',il,DET,
324-2,BO026,324,324,3,u]ltimo,ultimo,ultimo,PRON,
324-3,BO026,324,324,4,che,che,che,PRON,
324-4,BO026,324,324,5,ha,ha,avere,AUX,
324-5,BO026,324,324,6,menzionato,menzionato,menzionare,VERB,
324-6,BO026,324,324,7,è:,è,essere,AUX,
324-7,BO026,324,324,8,un,un,uno,DET,
324-8,BO026,324,324,9,po',po',poco,NOUN,
324-9,BO026,324,324,10,più::,più,più,ADV,
325-0,BO039,325,325,1,mh,mh,mh,INTJ,
325-1,BO039,325,325,2,e,e,e,CCONJ,
325-2,BO039,325,325,3,il,il,il,DET,
325-3,BO039,325,325,4,primo,primo,primo,PRON,
325-4,BO039,325,325,5,invece,invece,invece,ADV,
325-5,BO039,325,325,6,c',c',ci,PRON,
325-6,BO039,325,325,7,era,era,essere,VERB,
325-7,BO039,325,325,8,proprio::,proprio,proprio,ADV,
326-0,BO039,326,326,1,parlava,parlava,parlare,VERB,
326-1,BO039,326,326,2,proprio,proprio,proprio,ADV,
326-2,BO039,326,326,3,di,di,di,ADP,
326-3,BO039,326,326,4,lingui[stica]::,linguistica,linguistica,NOUN,
327-0,BO026,327,327,1,[°mh,mh,mh,INTJ,
327-1,BO026,327,327,2,mh.°],mh,mh,INTJ,
328-0,BO039,328,328,1,quindi,quindi,quindi,CCONJ,
328-1,BO039,328,328,2,sarebbe,sarebbe,essere,AUX,
328-2,BO039,328,328,3,stato,stato,essere,AUX,
328-3,BO039,328,328,4,mo~,mo~,x,X,
328-4,BO039,328,328,5,maga[ri,magari,magari,ADV,
328-5,BO039,328,328,6,più::],più,più,ADV,
329-0,BO026,329,329,1,[secondo,secondo,secondo,ADP,
329-1,BO026,329,329,2,me,me,me,PRON,
329-2,BO026,329,329,3,su~],su~,x,X,
329-3,BO026,329,329,5,su,su,su,ADP,
329-4,BO026,329,329,6-6,sull',sull',_,_,
329-4b,_,_,,,_,su,su,ADP,
329-4a,_,_,329,6,_,l',il,DET,
329-5,BO026,329,329,7,ultimo,ultimo,ultimo,PRON,
329-6,BO026,329,329,8,dovrebbe,dovrebbe,dovere,AUX,
329-7,BO026,329,329,9,chiedere,chiedere,chiedere,VERB,
329-8,BO026,329,329,10,[parl]are,parlare,parlare,VERB,
329-9,BO026,329,329,11,anche,anche,anche,ADV,
329-10,BO026,329,329,12,con,con,con,ADP,
329-11,BO026,329,329,13,la,la,il,DET,
329-12,BO026,329,329,14,docente,docente,docente,NOUN,
329-13,BO026,329,329,15-16,della,della,_,_,
329-13a,_,_,329,15,_,di,di,ADP,
329-13b,_,_,329,16,_,la,il,DET,
329-14,BO026,329,329,17,disci[plina,disciplina,disciplina,NOUN,
329-15,BO026,329,329,18,che,che,che,PRON,
329-16,BO026,329,329,19,sa]rà,sarà,essere,AUX,
329-17,BO026,329,329,20,la,la,il,DET,
329-18,BO026,329,329,21,stessa,stessa,stesso,PRON,
329-19,BO026,329,329,22,di,di,di,ADP,
329-20,BO026,329,329,23,quella,quella,quello,PRON,
329-21,BO026,329,329,24,di,di,di,ADP,
329-22,BO026,329,329,25,quest',quest',questo,DET,
329-23,BO026,329,329,26,"[ann]o,",anno,anno,NOUN,
330-0,BO039,330,330,1,[mh].,mh,mh,INTJ,
331-0,BO039,331,331,1,[io,io,io,PRON,
331-1,BO039,331,331,2,diciamo,diciamo,dire,VERB,
331-2,BO039,331,331,3,"ero],",ero,essere,AUX,
332-0,BO039,332,332,1,[sì].,sì,sì,ADV,
333-0,BO039,333,333,1,imma[gino,immagino,immaginare,NOUN,
333-1,BO039,333,333,2,sì,sì,sì,ADV,
333-2,BO039,333,333,3,{P},{P},_,_,
333-3,BO039,333,333,4,sì,sì,sì,ADV,
333-4,BO039,333,333,5,sì].,sì,sì,ADV,
334-0,BO026,334,334,1,[cambierà:,cambierà,cambiare,VERB,
334-1,BO026,334,334,2,parzi]almente,parzialmente,parzialmente,ADV,
334-2,BO026,334,334,3,il,il,il,DET,
334-3,BO026,334,334,4,programma,programma,programma,NOUN,
334-4,BO026,334,334,5,ma,ma,ma,CCONJ,
334-5,BO026,334,334,6,sarà,sarà,essere,AUX,
334-6,BO026,334,334,7,la,la,il,DET,
334-7,BO026,334,334,8,[stessa,stessa,stesso,PRON,
334-8,BO026,334,334,9,di,di,di,ADP,
334-9,BO026,334,334,10,quest',quest',questo,DET,
334-10,BO026,334,334,11,anno].,anno,anno,NOUN,
335-0,BO039,335,335,1,[no,no,no,ADV,
335-1,BO039,335,335,2,io,io,io,PRON,
335-2,BO039,335,335,3,diciamo,diciamo,dire,VERB,
335-3,BO039,335,335,4,che]:,che,che,SCONJ,
335-4,BO039,335,335,5,ero,ero,essere,AUX,
335-5,BO039,335,335,6,anche,anche,anche,ADV,
335-6,BO039,335,335,7,più,più,più,ADV,
335-7,BO039,335,335,8,improntata,improntata,improntare,VERB,
335-8,BO039,335,335,9,verso,verso,verso,ADP,
335-9,BO039,335,335,10,il,il,il,DET,
335-10,BO039,335,335,11,primo,primo,primo,PRON,
335-11,BO039,335,335,12,perché::,perché,perché,SCONJ,
335-12,BO039,335,335,13,è,è,essere,AUX,
335-13,BO039,335,335,14,il,il,il,DET,
335-14,BO039,335,335,15,primo,primo,primo,ADJ,
335-15,BO039,335,335,16,semestre.,semestre,semestre,NOUN,
336-0,BO039,336,336,1,perché,perché,perché,SCONJ,
336-1,BO039,336,336,2,io,io,io,PRON,
336-2,BO039,336,336,3,sono,sono,essere,VERB,
336-3,BO039,336,336,4,tutto,tutto,tutto,ADJ,
336-4,BO039,336,336,5,l',l',il,DET,
336-5,BO039,336,336,6,anno,anno,anno,NOUN,
336-6,BO039,336,336,7,e,e,e,CCONJ,
336-7,BO039,336,336,8,dovrei,dovrei,dovere,AUX,
336-8,BO039,336,336,9,anche,anche,anche,ADV,
336-9,BO039,336,336,10,fare,fare,fare,VERB,
336-10,BO039,336,336,11,la,la,il,DET,
336-11,BO039,336,336,12,ricerca,ricerca,ricerca,NOUN,
336-12,BO039,336,336,13,t[esi].,tesi,tesi,NOUN,
337-0,BO026,337,337,1,[qu]ello,quello,quello,PRON,
337-1,BO026,337,337,2,che,che,che,PRON,
337-2,BO026,337,337,3,vedo,vedo,vedere,VERB,
337-3,BO026,337,337,4,un,un,uno,DET,
337-4,BO026,337,337,5,po',po',poco,NOUN,
337-5,BO026,337,337,6,più:::,più,più,ADV,
338-0,BO026,338,338,1,meno,meno,meno,ADV,
338-1,BO026,338,338,2,sicuro,sicuro,sicuro,ADJ,
338-2,BO026,338,338,3,mh,mh,mh,INTJ,
338-3,BO026,338,338,4,meno,meno,meno,ADV,
338-4,BO026,338,338,5,sicuro,sicuro,sicuro,ADJ,
338-5,BO026,338,338,6,diciamo,diciamo,dire,VERB,
338-6,BO026,338,338,7,è,è,essere,AUX,
338-7,BO026,338,338,8,l',l',il,DET,
338-8,BO026,338,338,9,ultimo.,ultimo,ultimo,PRON,
339-0,BO039,339,339,1,sì.,sì,sì,ADV,
340-0,BO026,340,340,1,gli,gli,il,DET,
340-1,BO026,340,340,2,altri:,altri,altro,PRON,
340-2,BO026,340,340,3,va,va,andare,VERB,
340-3,BO026,340,340,4,bene,bene,bene,ADV,
340-4,BO026,340,340,5,"insomma,",insomma,insomma,ADV,
341-0,BO039,341,341,1,e:::h,eh,eh,INTJ,
341-1,BO039,341,341,2,poi,poi,poi,ADV,
341-2,BO039,341,341,3,io,io,io,PRON,
341-3,BO039,341,341,4,dovrei,dovrei,dovere,AUX,
341-4,BO039,341,341,5,fare,fare,fare,VERB,
341-5,BO039,341,341,6,l',l',il,DET,
341-6,BO039,341,341,7,esame,esame,esame,NOUN,
341-7,BO039,341,341,8,a,a,a,ADP,
341-8,BO039,341,341,9,"scelta,",scelta,scelta,NOUN,
342-0,BO039,342,342,1,e::h,eh,eh,INTJ,
342-1,BO039,342,342,2,avevo,avevo,avere,AUX,
342-2,BO039,342,342,3,scelto,scelto,scegliere,VERB,
342-3,BO039,342,342,4,qui,qui,qui,ADV,
342-4,BO039,342,342,5,{P},{P},_,_,
342-5,BO039,342,342,6,humanitarian,humanitarian,humanitarian,ADJ,
342-6,BO039,342,342,7,"communication,",communication,communication,NOUN,
343-0,BO039,343,343,1,che,che,che,PRON,
343-1,BO039,343,343,2,leggendo,leggendo,leggere,VERB,
343-2,BO039,343,343,3,il,il,il,DET,
343-3,BO039,343,343,4,programma,programma,programma,NOUN,
343-4,BO039,343,343,5,è,è,essere,AUX,
343-5,BO039,343,343,6,molto,molto,molto,ADV,
343-6,BO039,343,343,7,improntato,improntato,improntare,VERB,
343-7,BO039,343,343,8-9,sull',sull',_,_,
343-7a,_,_,343,8,_,su,su,ADP,
343-7b,_,_,343,9,_,l',il,DET,
343-8,BO039,343,343,10,organizzazione,organizzazione,organizzazione,NOUN,
343-9,BO039,343,343,11-12,delle,delle,_,_,
343-9a,_,_,343,11,_,di,di,ADP,
343-9b,_,_,343,12,_,le,il,DET,
343-10,BO039,343,343,13,oennegi,oennegi,ONG,PROPN,
344-0,BO026,344,344,1,e,e,e,CCONJ,
344-1,BO026,344,344,2,lì,lì,lì,ADV,
344-2,BO026,344,344,3,{P},{P},_,_,
344-3,BO026,344,344,4,[a,a,a,ADP,
344-4,BO026,344,344,5,"copenaghen],",copenaghen,Copenaghen,PROPN,
345-0,BO039,345,345,1,[e,e,e,CCONJ,
345-1,BO039,345,345,2,lì,lì,lì,ADV,
345-2,BO039,345,345,3,io,io,io,PRON,
345-3,BO039,345,345,4,ho,ho,avere,AUX,
345-4,BO039,345,345,5,fa]tto,fatto,fare,VERB,
345-5,BO039,345,345,6,anche,anche,anche,ADV,
345-6,BO039,345,345,7,la,la,il,DET,
345-7,BO039,345,345,8,domanda,domanda,domanda,NOUN,
345-8,BO039,345,345,9-10,al,al,_,_,
345-8a,_,_,345,9,_,a,a,ADP,
345-8b,_,_,345,10,_,il,il,DET,
345-9,BO039,345,345,11,dipartimento,dipartimento,dipartimento,NOUN,
345-10,BO039,345,345,12,di,di,di,ADP,
345-11,BO039,345,345,13,film,film,film,NOUN,
345-12,BO039,345,345,14,e,e,e,CCONJ,
345-13,BO039,345,345,15,media,media,media,NOUN,
345-14,BO039,345,345,16,perché,perché,perché,SCONJ,
345-15,BO039,345,345,17,language,language,language,NOUN,
345-16,BO039,345,345,18,and,and,and,CCONJ,
345-17,BO039,345,345,19,communication,communication,communication,NOUN,
345-18,BO039,345,345,20,ha,ha,avere,VERB,
345-19,BO039,345,345,21,molti,molti,molto,ADJ,
345-20,BO039,345,345,22,esami,esami,esame,NOUN,
345-21,BO039,345,345,23,su,su,su,ADP,
345-22,BO039,345,345,24,"questo,",questo,questo,PRON,
346-0,BO039,346,346,1,ci,ci,ci,PRON,
346-1,BO039,346,346,2,sarebbe,sarebbe,essere,AUX,
346-2,BO039,346,346,3,digital,digital,digital,ADJ,
346-3,BO039,346,346,4,strategic,strategic,strategic,ADJ,
346-4,BO039,346,346,5,communication.,communication,communication,NOUN,
347-0,BO039,347,347,1,che,che,che,PRON,
347-1,BO039,347,347,2,però,però,però,CCONJ,
347-2,BO039,347,347,3,vedendo,vedendo,vedere,VERB,
347-3,BO039,347,347,4,il,il,il,DET,
347-4,BO039,347,347,5,programma,programma,programma,NOUN,
347-5,BO039,347,347,6,tratta,tratta,trattare,VERB,
347-6,BO039,347,347,7,proprio,proprio,proprio,ADV,
347-7,BO039,347,347,8-9,delle,delle,_,_,
347-7a,_,_,347,8,_,di,di,ADP,
347-7b,_,_,347,9,_,le,il,DET,
347-8,BO039,347,347,10,strategie,strategie,strategia,NOUN,
347-9,BO039,347,347,11,di,di,di,ADP,
347-10,BO039,347,347,12,comunicazione,comunicazione,comunicazione,NOUN,
347-11,BO039,347,347,13,proprio,proprio,proprio,ADV,
347-12,BO039,347,347,14,specificamente,specificamente,specificatamente,ADV,
347-13,BO039,347,347,15-16,delle,delle,_,_,
347-13a,_,_,347,15,_,di,di,ADP,
347-13b,_,_,347,16,_,le,il,DET,
347-14,BO039,347,347,17,oennegi,oennegi,ONG,PROPN,
348-0,BO026,348,348,1,"ah,",ah,ah,INTJ,
349-0,BO039,349,349,1,quindi,quindi,quindi,CCONJ,
349-1,BO039,349,349,2,avrei,avrei,avere,VERB,
349-2,BO039,349,349,3,una,una,uno,DET,
349-3,BO039,349,349,4,certa:::,certa,certo,ADJ,
350-0,BO039,350,350,1,[diciamo,diciamo,dire,VERB,
350-1,BO039,350,350,2,affinità],affinità,affinità,NOUN,
350-2,BO039,350,350,3,didattica.,didattica,didattico,ADJ,
351-0,BO026,351,351,1,[e,e,e,CCONJ,
351-1,BO026,351,351,2,qui,qui,qui,ADV,
351-2,BO026,351,351,3,chi,chi,chi,PRON,
351-3,BO026,351,351,4,lo,lo,lo,PRON,
351-4,BO026,351,351,5,fa]?,fa,fare,VERB,
352-0,BO039,352,352,1,no,no,no,ADV,
352-1,BO039,352,352,2,no,no,no,ADV,
352-2,BO039,352,352,3,no,no,no,ADV,
352-3,BO039,352,352,4,devo,devo,dovere,AUX,
352-4,BO039,352,352,5,controllare.,controllare,controllare,VERB,
353-0,BO039,353,353,1,e::,e,e,CCONJ,
353-1,BO039,353,353,2,poi,poi,poi,ADV,
353-2,BO039,353,353,3,{P},{P},_,_,
353-3,BO039,353,353,4,avrei,avrei,avere,VERB,
353-4,BO039,353,353,5,l',l',il,DET,
353-5,BO039,353,353,6,ultimo,ultimo,ultimo,ADJ,
353-6,BO039,353,353,7,"esame,",esame,esame,NOUN,
353-7,BO039,353,353,8,in,in,in,ADP,
353-8,BO039,353,353,9,teoria,teoria,teoria,NOUN,
353-9,BO039,353,353,10,che,che,che,PRON,
353-10,BO039,353,353,11,"sarebbe,",sarebbe,essere,VERB,
354-0,BO039,354,354,1,"qui,",qui,qui,ADV,
354-1,BO039,354,354,2,{P},{P},_,_,
354-2,BO039,354,354,3,i:l,il,il,DET,
354-3,BO039,354,354,4,mh,mh,mh,INTJ,
354-4,BO039,354,354,5,l',l',il,DET,
354-5,BO039,354,354,6,esame,esame,esame,NOUN,
354-6,BO039,354,354,7,che,che,che,PRON,
354-7,BO039,354,354,8,dovrei:,dovrei,dovere,AUX,
354-8,BO039,354,354,9,che,che,che,PRON,
354-9,BO039,354,354,10,{P},{P},_,_,
354-10,BO039,354,354,11,libero.,libero,libero,ADJ,
354-11,BO039,354,354,12,[potrei,potrei,potere,AUX,
354-12,BO039,354,354,13,scegliere,scegliere,scegliere,VERB,
354-13,BO039,354,354,14,quello,quello,quello,PRON,
354-14,BO039,354,354,15,c~],c~,x,X,
355-0,BO026,355,355,1,[quindi,quindi,quindi,CCONJ,
355-1,BO026,355,355,2,quanti,quanti,quanto,ADJ,
355-2,BO026,355,355,3,ne,ne,ne,PRON,
355-3,BO026,355,355,4,fa]rebbe,farebbe,fare,VERB,
355-4,BO026,355,355,5,cinque?,cinque,cinque,NUM,
356-0,BO039,356,356,1,quattr~,quattr~,quattro,NUM,
356-1,BO039,356,356,2,[tre,tre,tre,NUM,
356-2,BO039,356,356,3,o,o,o,CCONJ,
356-3,BO039,356,356,4,qua]ttro.,quattro,quattro,NUM,
356-4,BO039,356,356,5,[perché,perché,perché,SCONJ,
356-5,BO039,356,356,6,e:]h,eh,eh,INTJ,
356-6,BO039,356,356,7,il,il,il,DET,
356-7,BO039,356,356,8,quarto,quarto,quarto,ADJ,
356-8,BO039,356,356,9,"esame,",esame,esame,NOUN,
357-0,BO026,357,357,1,[°quattr~°],quattr~,quattro,NUM,
358-0,BO026,358,358,1,[°tre,tre,tre,NUM,
358-1,BO026,358,358,2,o,o,o,CCONJ,
358-2,BO026,358,358,3,quattro.°],quattro,quattro,NUM,
359-0,BO039,359,359,1-2,nel,nel,_,_,
359-0a,_,_,359,1,_,in,in,ADP,
359-0b,_,_,359,2,_,il,il,DET,
359-1,BO039,359,359,3,mio,mio,mio,ADJ,
359-2,BO039,359,359,4,piano,piano,piano,NOUN,
359-3,BO039,359,359,5,di,di,di,ADP,
359-4,BO039,359,359,6,"studi,",studi,studio,NOUN,
360-0,BO039,360,360,1,o,o,o,CCONJ,
360-1,BO039,360,360,2,è,è,essere,VERB,
360-2,BO039,360,360,3,a,a,a,ADP,
360-3,BO039,360,360,4,scelta,scelta,scelta,NOUN,
360-4,BO039,360,360,5,comp~,comp~,completamente,ADV,
360-5,BO039,360,360,6,completamente,completamente,completamente,ADV,
360-6,BO039,360,360,7,libero,libero,libero,ADJ,
360-7,BO039,360,360,8,potrei,potrei,potere,AUX,
360-8,BO039,360,360,9,mettere,mettere,mettere,VERB,
360-9,BO039,360,360,10,qualsiasi,qualsiasi,qualsiasi,ADJ,
360-10,BO039,360,360,11,cosa.,cosa,cosa,NOUN,
361-0,BO039,361,361,1,oppure,oppure,oppure,CCONJ,
361-1,BO039,361,361,2,faccio,faccio,fare,VERB,
361-2,BO039,361,361,3,il,il,il,DET,
361-3,BO039,361,361,4,tirocinio.,tirocinio,tirocinio,NOUN,
362-0,BO039,362,362,1,e,e,e,CCONJ,
362-1,BO039,362,362,2,mi,mi,mi,PRON,
362-2,BO039,362,362,3,hanno,hanno,avere,AUX,
362-3,BO039,362,362,4,spiegato,spiegato,spiegare,VERB,
362-4,BO039,362,362,5-6,all',all',_,_,
362-4a,_,_,362,5,_,a,a,ADP,
362-4b,_,_,362,6,_,l',il,DET,
362-5,BO039,362,362,7,ufficio,ufficio,ufficio,NOUN,
362-6,BO039,362,362,8,"erasmus,",erasmus,Erasmus,PROPN,
363-0,BO039,363,363,1,che:,che,che,SCONJ,
364-0,BO039,364,364,1,il,il,il,DET,
364-1,BO039,364,364,2,tirocinio,tirocinio,tirocinio,NOUN,
364-2,BO039,364,364,3,al~,al~,x,X,
364-3,BO039,364,364,4,in,in,in,ADP,
364-4,BO039,364,364,5,erasmus,erasmus,Erasmus,PROPN,
364-5,BO039,364,364,6,ti:,ti,ti,PRON,
364-6,BO039,364,364,7,mh,mh,mh,INTJ,
364-7,BO039,364,364,8,ti,ti,ti,PRON,
364-8,BO039,364,364,9,viene,viene,venire,AUX,
364-9,BO039,364,364,10,convalidato,convalidato,convalidare,VERB,
364-10,BO039,364,364,11,a,a,a,ADP,
364-11,BO039,364,364,12,patto,patto,patto,NOUN,
364-12,BO039,364,364,13,che,che,che,SCONJ,
364-13,BO039,364,364,14,sia,sia,essere,VERB,
364-14,BO039,364,364,15-16,all',all',_,_,
364-14a,_,_,364,15,_,a,a,ADP,
364-14b,_,_,364,16,_,l',il,DET,
364-15,BO039,364,364,17,interno,interno,interno,NOUN,
364-16,BO039,364,364,18-19,dell',dell',_,_,
364-16a,_,_,364,18,_,di,di,ADP,
364-16b,_,_,364,19,_,l',il,DET,
364-17,BO039,364,364,20,università.,università,università,NOUN,
365-0,BO026,365,365,1,sì.,sì,sì,ADV,
366-0,BO039,366,366,1,quindi,quindi,quindi,CCONJ,
366-1,BO039,366,366,2,"io,",io,io,PRON,
367-0,BO039,367,367,1,vorrei,vorrei,volere,VERB,
367-1,BO039,367,367,2,anche,anche,anche,ADV,
367-2,BO039,367,367,3,per,per,per,ADP,
367-3,BO039,367,367,4,esperienza,esperienza,esperienza,NOUN,
367-4,BO039,367,367,5,"p[ersonale],",personale,personale,ADJ,
368-0,BO026,368,368,1,[questo,questo,questo,PRON,
368-1,BO026,368,368,2,lo,lo,lo,PRON,
368-2,BO026,368,368,3,può,può,potere,AUX,
368-3,BO026,368,368,4,ver]ificare,verificare,verificare,VERB,
368-4,BO026,368,368,5,quan[do,quando,quando,SCONJ,
368-5,BO026,368,368,6,è,è,essere,VERB,
368-6,BO026,368,368,7,lì,lì,lì,ADV,
368-7,BO026,368,368,8,{P},{P},_,_,
368-8,BO026,368,368,9,quando,quando,quando,SCONJ,
368-9,BO026,368,368,10,è,è,essere,VERB,
368-10,BO026,368,368,11,lì].,lì,lì,ADV,
369-0,BO039,369,369,1,[lo,lo,lo,PRON,
369-1,BO039,369,369,2,devo,devo,dovere,AUX,
369-2,BO039,369,369,3,poi,poi,poi,ADV,
369-3,BO039,369,369,4,sì,sì,sì,ADV,
369-4,BO039,369,369,5,lo,lo,lo,PRON,
369-5,BO039,369,369,6,devo,devo,dovere,AUX,
369-6,BO039,369,369,7,verificare,verificare,verificare,VERB,
369-7,BO039,369,369,8-9,ne]::l,nel,_,_,
369-7a,_,_,369,8,_,in,in,ADP,
369-7b,_,_,369,9,_,il,il,DET,
369-8,BO039,369,369,10,{P},{P},_,_,
369-9,BO039,369,369,11-12,[al,al,_,_,
369-9a,_,_,369,11,_,a,a,ADP,
369-9b,_,_,369,12,_,il,il,DET,
369-10,BO039,369,369,13,posto].,posto,posto,NOUN,
370-0,BO026,370,370,1,[le,le,il,DET,
370-1,BO026,370,370,2,prime,prime,primo,ADJ,
370-2,BO026,370,370,3,tre,tre,tre,NUM,
370-3,BO026,370,370,4,anche,anche,anche,ADV,
370-4,BO026,370,370,5,qui],qui,qui,ADV,
370-5,BO026,370,370,6,come,come,come,ADV,
370-6,BO026,370,370,7-8,nel,nel,_,_,
370-6a,_,_,370,7,_,in,in,ADP,
370-6b,_,_,370,8,_,il,il,DET,
370-7,BO026,370,370,9,suo,suo,suo,ADJ,
370-8,BO026,370,370,10,caso,caso,caso,NOUN,
370-9,BO026,370,370,11,mi,mi,mi,PRON,
370-10,BO026,370,370,12,sembrano:,sembrano,sembrare,VERB,
370-11,BO026,370,370,13,corrispond[enti,corrispondenti,corrispondente,ADJ,
370-12,BO026,370,370,14,abbastanza,abbastanza,abbastanza,ADV,
370-13,BO026,370,370,15,"corrispondenti],",corrispondenti,corrispondente,ADJ,
371-0,BO039,371,371,1,[sì,sì,sì,ADV,
371-1,BO039,371,371,2,l',l',il,DET,
371-2,BO039,371,371,3,unica,unica,unico,ADJ,
371-3,BO039,371,371,4,"cosa],",cosa,cosa,NOUN,
372-0,BO026,372,372,1,non,non,non,ADV,
372-1,BO026,372,372,2,dovranno,dovranno,dovere,AUX,
372-2,BO026,372,372,3,non,non,non,ADV,
372-3,BO026,372,372,4,porranno,porranno,porre,VERB,
372-4,BO026,372,372,5,problemi,problemi,problema,NOUN,
372-5,BO026,372,372,6,insomma,insomma,insomma,ADV,
372-6,BO026,372,372,7,[perché,perché,perché,SCONJ,
372-7,BO026,372,372,8,"sono],",sono,essere,AUX,
373-0,BO039,373,373,1,[perfetto,perfetto,perfetto,ADJ,
373-1,BO039,373,373,2,allora,allora,allora,ADV,
373-2,BO039,373,373,3,ma]gari:,magari,magari,ADV,
374-0,BO026,374,374,1,simili,simili,simile,ADJ,
374-1,BO026,374,374,2-3,ai,ai,_,_,
374-1a,_,_,374,2,_,a,a,ADP,
374-1b,_,_,374,3,_,i,il,DET,
374-2,BO026,374,374,4,programmi.,programmi,programma,NOUN,
374-3,BO026,374,374,5,eh,eh,eh,INTJ,
374-4,BO026,374,374,6,[m:h],mh,mh,INTJ,
375-0,BO039,375,375,1,[l',l',il,DET,
375-1,BO039,375,375,2,unica,unica,unico,ADJ,
375-2,BO039,375,375,3,co]sa,cosa,cosa,NOUN,
375-3,BO039,375,375,4,devo,devo,dovere,AUX,
375-4,BO039,375,375,5,controllare,controllare,controllare,VERB,
375-5,BO039,375,375,6,il,il,il,DET,
375-6,BO039,375,375,7,fatto,fatto,fatto,NOUN,
375-7,BO039,375,375,8,che,che,che,SCONJ,
375-8,BO039,375,375,9,se,se,se,SCONJ,
375-9,BO039,375,375,10,questi:,questi,questo,DET,
375-10,BO039,375,375,11,mh,mh,mh,INTJ,
375-11,BO039,375,375,12,trenta,trenta,trenta,NUM,
375-12,BO039,375,375,13,crediti,crediti,credito,NOUN,
375-13,BO039,375,375,14,per,per,per,ADP,
375-14,BO039,375,375,15,semestre,semestre,semestre,NOUN,
375-15,BO039,375,375,16,sono,sono,essere,AUX,
375-16,BO039,375,375,17,"obbligatori,",obbligatori,obbligatorio,ADJ,
376-0,BO039,376,376,1,io,io,io,PRON,
376-1,BO039,376,376,2,non,non,non,ADV,
376-2,BO039,376,376,3,posso,posso,potere,AUX,
376-3,BO039,376,376,4,fare,fare,fare,VERB,
376-4,BO039,376,376,5,il,il,il,DET,
376-5,BO039,376,376,6,tirocinio,tirocinio,tirocinio,NOUN,
376-6,BO039,376,376,7,là,là,là,ADV,
376-7,BO039,376,376,8,ma,ma,ma,CCONJ,
376-8,BO039,376,376,9,devo,devo,dovere,AUX,
376-9,BO039,376,376,10,aggiungere,aggiungere,aggiungere,VERB,
376-10,BO039,376,376,11,un,un,uno,DET,
376-11,BO039,376,376,12,altro,altro,altro,ADJ,
376-12,BO039,376,376,13,esame.,esame,esame,NOUN,
377-0,BO039,377,377,1,però:,però,però,CCONJ,
377-1,BO039,377,377,2,m:h,mh,mh,INTJ,
377-2,BO039,377,377,3,diciamo,diciamo,dire,VERB,
377-3,BO039,377,377,4,questa,questa,questo,PRON,
377-4,BO039,377,377,5,penso,penso,pensare,VERB,
377-5,BO039,377,377,6,che,che,che,PRON,
377-6,BO039,377,377,7,è,è,essere,AUX,
377-7,BO039,377,377,8,una,una,uno,DET,
377-8,BO039,377,377,9,cosa,cosa,cosa,NOUN,
377-9,BO039,377,377,10,che,che,che,PRON,
377-10,BO039,377,377,11,devo,devo,dovere,AUX,
377-11,BO039,377,377,12,vedere,vedere,vedere,VERB,
377-12,BO039,377,377,13,più,più,più,ADV,
377-13,BO039,377,377,14,[là].,là,là,ADV,
378-0,BO026,378,378,1,[que]sta,questa,questo,DET,
378-1,BO026,378,378,2,questo,questo,questo,DET,
378-2,BO026,378,378,3,aspetto,aspetto,aspetto,NOUN,
378-3,BO026,378,378,4,proprio,proprio,proprio,ADV,
378-4,BO026,378,378,5-6,del,del,_,_,
378-4a,_,_,378,5,_,di,di,ADP,
378-4b,_,_,378,6,_,il,il,DET,
378-5,BO026,378,378,7,conteggio,conteggio,conteggio,NOUN,
378-6,BO026,378,378,8,anche,anche,anche,ADV,
378-7,BO026,378,378,9,legato,legato,legare,VERB,
378-8,BO026,378,378,10-11,al,al,_,_,
378-8a,_,_,378,10,_,a,a,ADP,
378-8b,_,_,378,11,_,il,il,DET,
378-9,BO026,378,378,12,tirocinio,tirocinio,tirocinio,NOUN,
378-10,BO026,378,378,13,lo,lo,lo,PRON,
378-11,BO026,378,378,14,verificate,verificate,verificare,VERB,
378-12,BO026,378,378,15,anche,anche,anche,ADV,
378-13,BO026,378,378,16-17,negli,negli,_,_,
378-13a,_,_,378,16,_,in,in,ADP,
378-13b,_,_,378,17,_,gli,il,DET,
378-14,BO026,378,378,18,uffici,uffici,ufficio,NOUN,
378-15,BO026,378,378,19,"[(eh)],",eh,eh,INTJ,
379-0,BO039,379,379,1,[sì].,sì,sì,ADV,
379-1,BO039,379,379,2,{P},{P},_,_,
379-2,BO039,379,379,3,sì.,sì,sì,ADV,
380-0,BO026,380,380,1,perché::,perché,perché,SCONJ,
381-0,BO026,381,381,1,e::h,eh,eh,INTJ,
381-1,BO026,381,381,2,io,io,io,PRON,
381-2,BO026,381,381,3,sto,sto,stare,VERB,
381-3,BO026,381,381,4,<attenta>,attenta,attento,ADJ,
381-4,BO026,381,381,5,a,a,a,ADP,
381-5,BO026,381,381,6,"una,",una,uno,DET,
382-0,BO026,382,382,1,corris[pondenza].,corrispondenza,corrispondenza,NOUN,
383-0,BO038,383,383,1,[>sì,sì,sì,ADV,
383-1,BO038,383,383,2,sì,sì,sì,ADV,
383-2,BO038,383,383,3,sì<],sì,sì,ADV,
384-0,BO026,384,384,1,tra:,tra,tra,ADP,
384-1,BO026,384,384,2,le,le,il,DET,
384-2,BO026,384,384,3,discipline,discipline,disciplina,NOUN,
384-3,BO026,384,384,4,perché,perché,perché,SCONJ,
384-4,BO026,384,384,5,non,non,non,ADV,
384-5,BO026,384,384,6,potete:,potete,potere,AUX,
384-6,BO026,384,384,7,sì,sì,sì,ADV,
384-7,BO026,384,384,8,magari,magari,magari,ADV,
384-8,BO026,384,384,9,il,il,il,DET,
384-9,BO026,384,384,10,numero,numero,numero,NOUN,
384-10,BO026,384,384,11-12,dei,dei,_,_,
384-10a,_,_,384,11,_,di,di,ADP,
384-10b,_,_,384,12,_,i,il,DET,
384-11,BO026,384,384,13,crediti,crediti,credito,NOUN,
384-12,BO026,384,384,14,è,è,essere,AUX,
384-13,BO026,384,384,15,equivalente,equivalente,equivalente,ADJ,
384-14,BO026,384,384,16,ma,ma,ma,CCONJ,
384-15,BO026,384,384,17,avete,avete,avere,AUX,
384-16,BO026,384,384,18,fatto,fatto,fare,VERB,
384-17,BO026,384,384,19,tutt',tutt',tutto,ADJ,
384-18,BO026,384,384,20,altro,altro,altro,PRON,
384-19,BO026,384,384,21,[°xx°].,xx,x,X,
385-0,BO038,385,385,1,[°>sì,sì,sì,ADV,
385-1,BO038,385,385,2,sì,sì,sì,ADV,
385-2,BO038,385,385,3,sì<°],sì,sì,ADV,
386-0,BO039,386,386,1,[°no:],no,no,ADV,
386-1,BO039,386,386,2,{P},{P},_,_,
386-2,BO039,386,386,3,sì.°,sì,sì,ADV,
387-0,BO039,387,387,1,e::h,eh,eh,INTJ,
387-1,BO039,387,387,2,un',un',uno,DET,
387-2,BO039,387,387,3,ultima,ultima,ultimo,ADJ,
387-3,BO039,387,387,4,cosa,cosa,cosa,NOUN,
387-4,BO039,387,387,5,le,le,gli,PRON,
387-5,BO039,387,387,6,volevo,volevo,volere,AUX,
387-6,BO039,387,387,7,"chiedere,",chiedere,chiedere,VERB,
388-0,BO039,388,388,1-2,ne::lla,nella,_,_,
388-0a,_,_,388,1,_,in,in,ADP,
388-0b,_,_,388,2,_,la,il,DET,
388-1,BO039,388,388,3,domanda,domanda,domanda,NOUN,
388-2,BO039,388,388,4,de~,de~,x,X,
388-3,BO039,388,388,5-6,nel,nel,_,_,
388-3a,_,_,388,5,_,in,in,ADP,
388-3b,_,_,388,6,_,il,il,DET,
388-4,BO039,388,388,7,learning,learning,learning,NOUN,
388-5,BO039,388,388,8,"diciamo,",diciamo,dire,VERB,
389-0,BO026,389,389,1,mh,mh,mh,INTJ,
389-1,BO026,389,389,2,mh.,mh,mh,INTJ,
390-0,BO039,390,390,1,e::h,eh,eh,INTJ,
390-1,BO039,390,390,2,io,io,io,PRON,
390-2,BO039,390,390,3,ho,ho,avere,AUX,
390-3,BO039,390,390,4,inserito,inserito,inserire,VERB,
390-4,BO039,390,390,5,anche,anche,anche,ADV,
390-5,BO039,390,390,6,la,la,il,DET,
390-6,BO039,390,390,7,tesi,tesi,tesi,NOUN,
390-7,BO039,390,390,8,perché,perché,perché,SCONJ,
390-8,BO039,390,390,9,è,è,essere,AUX,
390-9,BO039,390,390,10,parte,parte,parte,NOUN,
390-10,BO039,390,390,11-12,de::l,del,_,_,
390-10a,_,_,390,11,_,di,di,ADP,
390-10b,_,_,390,12,_,il,il,DET,
390-11,BO039,390,390,13-14,del,del,_,_,
390-11a,_,_,390,13,_,di,di,ADP,
390-11b,_,_,390,14,_,il,il,DET,
390-12,BO039,390,390,15,curricu[lum].,curriculum,curriculum,NOUN,
391-0,BO026,391,391,1,[mh].,mh,mh,INTJ,
392-0,BO039,392,392,1,e::h,eh,eh,INTJ,
392-1,BO039,392,392,2,m:h,mh,mh,INTJ,
393-0,BO039,393,393,1,la,la,il,DET,
393-1,BO039,393,393,2,tesi,tesi,tesi,NOUN,
393-2,BO039,393,393,3,l',l',lo,PRON,
393-3,BO039,393,393,4,ho,ho,avere,AUX,
393-4,BO039,393,393,5,già,già,già,ADV,
393-5,BO039,393,393,6,accordata,accordata,accordare,VERB,
393-6,BO039,393,393,7,con,con,con,ADP,
393-7,BO039,393,393,8,la,la,il,DET,
393-8,BO039,393,393,9,professoressa,professoressa,professore,NOUN,
393-9,BO039,393,393,10,gialli,gialli,Gialli,PROPN,
393-10,BO039,393,393,11,di:,di,di,ADP,
393-11,BO039,393,393,12,di,di,di,ADP,
393-12,BO039,393,393,13,"mediaz[ion]e,",mediazione,mediazione,NOUN,
394-0,BO026,394,394,1,[sì].,sì,sì,ADV,
395-0,BO039,395,395,1,solo,solo,solo,ADV,
395-1,BO039,395,395,2,che,che,che,SCONJ,
395-2,BO039,395,395,3,abbiamo,abbiamo,avere,AUX,
395-3,BO039,395,395,4,diciamo,diciamo,dire,VERB,
395-4,BO039,395,395,5,accordato,accordato,accordare,VERB,
395-5,BO039,395,395,6,un,un,uno,DET,
395-6,BO039,395,395,7,argomento,argomento,argomento,NOUN,
395-7,BO039,395,395,8,ancora,ancora,ancora,ADV,
395-8,BO039,395,395,9,non,non,non,ADV,
395-9,BO039,395,395,10,abbiamo,abbiamo,avere,AUX,
395-10,BO039,395,395,11,dato,dato,dare,VERB,
395-11,BO039,395,395,12,un,un,uno,DET,
395-12,BO039,395,395,13,titolo::,titolo,titolo,NOUN,
396-0,BO026,396,396,1,mh,mh,mh,INTJ,
396-1,BO026,396,396,2,mh.,mh,mh,INTJ,
397-0,BO039,397,397,1,preciso.,preciso,preciso,ADJ,
398-0,BO039,398,398,1,e,e,e,CCONJ,
398-1,BO039,398,398,2,là,là,là,ADV,
398-2,BO039,398,398,3,me,me,me,PRON,
398-3,BO039,398,398,4,lo,lo,lo,PRON,
398-4,BO039,398,398,5,richiede,richiede,richiedere,VERB,
398-5,BO039,398,398,6,potrei,potrei,potere,AUX,
398-6,BO039,398,398,7,scrivere,scrivere,scrivere,VERB,
398-7,BO039,398,398,8,un,un,uno,DET,
398-8,BO039,398,398,9,titolo,titolo,titolo,NOUN,
398-9,BO039,398,398,10,orientativo,orientativo,orientativo,ADJ,
398-10,BO039,398,398,11,per,per,per,ADP,
398-11,BO039,398,398,12,far,far,fare,VERB,
398-12,BO039,398,398,13,capire,capire,capire,VERB,
398-13,BO039,398,398,14,i:l,il,il,DET,
399-0,BO026,399,399,1,lo,lo,lo,PRON,
399-1,BO026,399,399,2,indica,indica,indicare,VERB,
399-2,BO026,399,399,3,e,e,e,CCONJ,
399-3,BO026,399,399,4,dice,dice,dire,VERB,
399-4,BO026,399,399,5,mette,mette,mettere,VERB,
399-5,BO026,399,399,6,tra,tra,tra,ADP,
399-6,BO026,399,399,7,parentesi,parentesi,parentesi,NOUN,
399-7,BO026,399,399,8,titolo,titolo,titolo,NOUN,
399-8,BO026,399,399,9,provvis[orio].,provvisorio,provvisorio,ADJ,
400-0,BO039,400,400,1,[perfe]tto,perfetto,perfetto,ADJ,
400-1,BO039,400,400,2,allora,allora,allora,ADV,
400-2,BO039,400,400,3-4,nel,nel,_,_,
400-2a,_,_,400,3,_,in,in,ADP,
400-2b,_,_,400,4,_,il,il,DET,
400-3,BO039,400,400,5,learning,learning,learning,NOUN,
400-4,BO039,400,400,6,agreement,agreement,agreement,NOUN,
400-5,BO039,400,400,7,[lo]::,lo,lo,PRON,
400-6,BO039,400,400,8,inseri[sco],inserisco,inserire,VERB,
400-7,BO039,400,400,9,un,un,uno,DET,
400-8,BO039,400,400,10,tito:lo,titolo,titolo,NOUN,
400-9,BO039,400,400,11,provvisorio.,provvisorio,provvisorio,ADJ,
401-0,BO026,401,401,1,[°sì.°],sì,sì,ADV,
402-0,BO026,402,402,1,[°sì.°],sì,sì,ADV,
403-0,BO039,403,403,1,[(e,e,e,CCONJ,
403-1,BO039,403,403,2,che~)],che~,x,X,
404-0,BO026,404,404,1,[perché],perché,perché,SCONJ,
404-1,BO026,404,404,2,è,è,essere,AUX,
404-2,BO026,404,404,3,il,il,il,DET,
404-3,BO026,404,404,4,macrotema,macrotema,macrotema,NOUN,
404-4,BO026,404,404,5,[non,non,non,ADV,
404-5,BO026,404,404,6,ha,ha,avere,VERB,
404-6,BO026,404,404,7,ancora,ancora,ancora,ADV,
404-7,BO026,404,404,8,una,una,uno,DET,
404-8,BO026,404,404,9,f]ocalizza[zione,focalizzazione,focalizzazione,NOUN,
404-9,BO026,404,404,10,pr]ecisa.,precisa,preciso,ADJ,
405-0,BO039,405,405,1,[sì,sì,sì,ADV,
405-1,BO039,405,405,2,esatto].,esatto,esatto,ADJ,
406-0,BO039,406,406,1,[esatto].,esatto,esatto,ADJ,
407-0,BO026,407,407,1,e::h,eh,eh,INTJ,
407-1,BO026,407,407,2,sì.,sì,sì,ADV,
407-2,BO026,407,407,3,{P},{P},_,_,
407-3,BO026,407,407,4,lo,lo,lo,PRON,
407-4,BO026,407,407,5,concorda,concorda,concordare,VERB,
407-5,BO026,407,407,6,con,con,con,ADP,
407-6,BO026,407,407,7,la:,la,il,DET,
407-7,BO026,407,407,8,"gia[lli],",gialli,Gialli,PROPN,
408-0,BO039,408,408,1,[sì].,sì,sì,ADV,
409-0,BO026,409,409,1,°la,la,il,DET,
409-1,BO026,409,409,2,lidia,lidia,Lidia,PROPN,
409-2,BO026,409,409,3,gialli,gialli,Gialli,PROPN,
409-3,BO026,409,409,4,e::,e,e,CCONJ,
409-4,BO026,409,409,5,poi,poi,poi,ADV,
409-5,BO026,409,409,6,lo,lo,lo,PRON,
409-6,BO026,409,409,7,indica.°,indica,indicare,VERB,
410-0,BO039,410,410,1,va,va,andare,VERB,
410-1,BO039,410,410,2,bene.,bene,bene,ADV,
411-0,BO039,411,411,1,[e::h],eh,eh,INTJ,
412-0,BO026,412,412,1,[quindi,quindi,quindi,CCONJ,
412-1,BO026,412,412,2,lei,lei,lei,PRON,
412-2,BO026,412,412,3,far]à,farà,fare,VERB,
412-3,BO026,412,412,4,un,un,uno,DET,
412-4,BO026,412,412,5,"anno,",anno,anno,NOUN,
413-0,BO039,413,413,1,>sì,sì,sì,ADV,
413-1,BO039,413,413,2,un,un,uno,DET,
413-2,BO039,413,413,3,anno<,anno,anno,NOUN,
413-3,BO039,413,413,4,[sì].,sì,sì,ADV,
414-0,BO026,414,414,1,[un,un,uno,DET,
414-1,BO026,414,414,2,anno]:,anno,anno,NOUN,
414-2,BO026,414,414,3,accademic[o::],accademico,accademico,ADJ,
415-0,BO039,415,415,1,da:,da,da,ADP,
415-1,BO039,415,415,2,gi[u~,giu~,giugno,NOUN,
415-2,BO039,415,415,3,e:h],eh,eh,INTJ,
415-3,BO039,415,415,4,settembre,settembre,settembre,NOUN,
415-4,BO039,415,415,5,a::,a,a,ADP,
415-5,BO039,415,415,6,°giu(gno)°.,giugno,giugno,NOUN,
416-0,BO026,416,416,1,[pieno].,pieno,pieno,ADJ,
417-0,BO026,417,417,1,va,va,andare,VERB,
417-1,BO026,417,417,2,bene.,bene,bene,ADV,
418-0,BO026,418,418,1,quando,quando,quando,ADV,
418-1,BO026,418,418,2,partite?,partite,partire,VERB,
419-0,BO026,419,419,1,adesso,adesso,adesso,ADV,
419-1,BO026,419,419,2,a,a,a,ADP,
419-2,BO026,419,419,3,[s~,s~,x,X,
419-3,BO026,419,419,4,a::,a,a,ADP,
419-4,BO026,419,419,5,fine,fine,fine,NOUN,
419-5,BO026,419,419,6,agosto].,agosto,agosto,NOUN,
420-0,BO039,420,420,1,[fine,fine,fine,NOUN,
420-1,BO039,420,420,2,agosto].,agosto,agosto,NOUN,
421-0,BO038,421,421,1,[e::h,eh,eh,INTJ,
421-1,BO038,421,421,2,sì,sì,sì,ADV,
421-2,BO038,421,421,3,il,il,il,DET,
421-3,BO038,421,421,4,ve]ntinove,ventinove,ventinove,NUM,
421-4,BO038,421,421,5,perché,perché,perché,SCONJ,
421-5,BO038,421,421,6-7,da[l,dal,_,_,
421-5a,_,_,421,6,_,da,da,ADP,
421-5b,_,_,421,7,_,il,il,DET,
421-6,BO038,421,421,8,trenta,trenta,trenta,NUM,
421-7,BO038,421,421,9-10,al,al,_,_,
421-7a,_,_,421,9,_,a,a,ADP,
421-7b,_,_,421,10,_,il,il,DET,
421-8,BO038,421,421,11,"primo],",primo,primo,PRON,
422-0,BO026,422,422,1,[perché,perché,perché,SCONJ,
422-1,BO026,422,422,2,i,i,il,DET,
422-2,BO026,422,422,3,corsi,corsi,corso,NOUN,
422-3,BO026,422,422,4,comi:]ncia[no:,cominciano,cominciare,VERB,
422-4,BO026,422,422,5,presto].,presto,presto,ADV,
423-0,BO038,423,423,1,[i,i,il,DET,
423-1,BO038,423,423,2,corsi,corsi,corso,NOUN,
423-2,BO038,423,423,3,cominciano],cominciano,cominciare,VERB,
423-3,BO038,423,423,4,il,il,il,DET,
423-4,BO038,423,423,5,tre.,tre,tre,NUM,
424-0,BO039,424,424,1,e:,e,e,CCONJ,
424-1,BO039,424,424,2,mh,mh,mh,INTJ,
424-2,BO039,424,424,3,l',l',il,DET,
424-3,BO039,424,424,4,[orientamento]::,orientamento,orientamento,NOUN,
425-0,BO038,425,425,1,[però,però,però,CCONJ,
425-1,BO038,425,425,2,il,il,il,DET,
425-2,BO038,425,425,3,il,il,il,DET,
425-3,BO038,425,425,4,trentuno:],trentuno,trentuno,NUM,
426-0,BO038,426,426,1,io,io,io,PRON,
426-1,BO038,426,426,2,il,il,il,DET,
426-2,BO038,426,426,3,trentuno,trentuno,trentuno,NUM,
426-3,BO038,426,426,4,gennaio,gennaio,gennaio,NOUN,
426-4,BO038,426,426,5,ho,ho,avere,AUX,
426-5,BO038,426,426,6,finito.,finito,finere,VERB,
427-0,BO038,427,427,1,cioè,cioè,cioè,CCONJ,
427-1,BO038,427,427,2,[x,x,x,X,
427-2,BO038,427,427,3,gli,gli,il,DET,
427-3,BO038,427,427,4,es]ami,esami,esame,NOUN,
427-4,BO038,427,427,5,{P},{P},_,_,
427-5,BO038,427,427,6,massimo,massimo,massimo,ADV,
427-6,BO038,427,427,7,arri[vano],arrivano,arrivare,VERB,
427-7,BO038,427,427,8-9,al,al,_,_,
427-7a,_,_,427,8,_,a,a,ADP,
427-7b,_,_,427,9,_,il,il,DET,
427-8,BO038,427,427,10,trentuno,trentuno,trentuno,NUM,
427-9,BO038,427,427,11,gennaio.,gennaio,gennaio,NOUN,
428-0,BO026,428,428,1,[a:h,ah,ah,INTJ,
428-1,BO026,428,428,2,sì].,sì,sì,ADV,
429-0,BO039,429,429,1,[sì].,sì,sì,ADV,
430-0,BO038,430,430,1,quindi::,quindi,quindi,CCONJ,
431-0,BO038,431,431,1,i[nizia,inizia,iniziare,VERB,
431-1,BO038,431,431,2,presto,presto,presto,ADV,
431-2,BO038,431,431,3,"(ma)],",ma,ma,CCONJ,
432-0,BO026,432,432,1,[(vabbè),vabbè,vabbè,INTJ,
432-1,BO026,432,432,2,saranno,saranno,essere,AUX,
432-2,BO026,432,432,3,m]h,mh,mh,INTJ,
432-3,BO026,432,432,4,mh,mh,mh,INTJ,
432-4,BO026,432,432,5,un,un,uno,DET,
432-5,BO026,432,432,6,[semestre,semestre,semestre,NOUN,
432-6,BO026,432,432,7,fitto,fitto,fitto,ADJ,
432-7,BO026,432,432,8,intens]o.,intenso,intenso,ADJ,
433-0,BO038,433,433,1,[sì,sì,sì,ADV,
433-1,BO038,433,433,2,intenso].,intenso,intenso,ADJ,
433-2,BO038,433,433,3,{ride},{ride},_,_,
434-0,BO039,434,434,1,sì.,sì,sì,ADV,
435-0,BO039,435,435,1,e:h,eh,eh,INTJ,
435-1,BO039,435,435,2,[m:h],mh,mh,INTJ,
436-0,BO026,436,436,1,[FARÀ,farà,fare,VERB,
436-1,BO026,436,436,2,FRED]DO,freddo,freddo,ADJ,
436-2,BO026,436,436,3,°io°,io,io,PRON,
436-3,BO026,436,436,4,con,con,con,ADP,
436-4,BO026,436,436,5,la,la,il,DET,
436-5,BO026,436,436,6,[bicicle]tta,bicicletta,bicicletta,NOUN,
436-6,BO026,436,436,7,a,a,a,ADP,
436-7,BO026,436,436,8,copenaghen.,copenaghen,Copenaghen,PROPN,
437-0,BO038,437,437,1,[mamma,mamma,mamma,NOUN,
437-1,BO038,437,437,2,mia].,mia,mio,ADJ,
438-0,BO026,438,438,1,vanno,vanno,andare,VERB,
438-1,BO026,438,438,2,tutti,tutti,tutto,PRON,
438-2,BO026,438,438,3,in,in,in,ADP,
438-3,BO026,438,438,4,bicicletta,bicicletta,bicicletta,NOUN,
438-4,BO026,438,438,5,nonostante,nonostante,nonostante,ADP,
438-5,BO026,438,438,6,la,la,il,DET,
438-6,BO026,438,438,7,pioggia,pioggia,pioggia,NOUN,
438-7,BO026,438,438,8,e,e,e,CCONJ,
438-8,BO026,438,438,9,la:,la,il,DET,
439-0,BO038,439,439,1,no,no,no,ADV,
439-1,BO038,439,439,2,ma,ma,ma,CCONJ,
439-2,BO038,439,439,3,in,in,in,ADP,
439-3,BO038,439,439,4,questo,questo,questo,DET,
439-4,BO038,439,439,5,momento,momento,momento,NOUN,
439-5,BO038,439,439,6,proprio,proprio,proprio,ADV,
439-6,BO038,439,439,7,il,il,il,DET,
439-7,BO038,439,439,8,freddo.,freddo,freddo,NOUN,
440-0,BO038,440,440,1,però::,però,però,CCONJ,
440-1,BO038,440,440,2,mh,mh,mh,INTJ,
440-2,BO038,440,440,3,eh,eh,eh,INTJ,
440-3,BO038,440,440,4,quanto:,quanto,quanto,ADJ,
440-4,BO038,440,440,5,m:h,mh,mh,INTJ,
440-5,BO038,440,440,6,allora,allora,allora,ADV,
440-6,BO038,440,440,7,noi,noi,noi,PRON,
440-7,BO038,440,440,8,entro,entro,entro,ADP,
440-8,BO038,440,440,9,il,il,il,DET,
440-9,BO038,440,440,10,ventuno,ventuno,ventuno,NUM,
440-10,BO038,440,440,11,giugno,giugno,giugno,NOUN,
440-11,BO038,440,440,12,appunto,appunto,appunto,ADV,
440-12,BO038,440,440,13,dobbiamo,dobbiamo,dovere,AUX,
440-13,BO038,440,440,14,fare,fare,fare,VERB,
440-14,BO038,440,440,15,questa,questa,questo,DET,
440-15,BO038,440,440,16,iscrizione::,iscrizione,iscrizione,NOUN,
440-16,BO038,440,440,17-18,ai,ai,_,_,
440-16a,_,_,440,17,_,a,a,ADP,
440-16b,_,_,440,18,_,i,il,DET,
440-17,BO038,440,440,19,corsi,corsi,corso,NOUN,
440-18,BO038,440,440,20,presso,presso,presso,ADP,
440-19,BO038,440,440,21,proprio,proprio,proprio,ADV,
440-20,BO038,440,440,22,il,il,il,DET,
440-21,BO038,440,440,23,sito,sito,sito,NOUN,
440-22,BO038,440,440,24-25,dell',dell',_,_,
440-22a,_,_,440,24,_,di,di,ADP,
440-22b,_,_,440,25,_,l',il,DET,
440-23,BO038,440,440,26,univers[ità].,università,università,NOUN,
441-0,BO026,441,441,1,[sì].,sì,sì,ADV,
442-0,BO038,442,442,1,e::h,eh,eh,INTJ,
442-1,BO038,442,442,2,quindi,quindi,quindi,CCONJ,
442-2,BO038,442,442,3,comunque,comunque,comunque,ADV,
442-3,BO038,442,442,4,rientriamo,rientriamo,rientrare,VERB,
442-4,BO038,442,442,5-6,nei,nei,_,_,
442-4a,_,_,442,5,_,in,in,ADP,
442-4b,_,_,442,6,_,i,il,DET,
442-5,BO038,442,442,7,tempi,tempi,tempo,NOUN,
442-6,BO038,442,442,8,se,se,se,SCONJ,
442-7,BO038,442,442,9,facciamo,facciamo,fare,VERB,
442-8,BO038,442,442,10,domanda,domanda,domanda,NOUN,
442-9,BO038,442,442,11,per,per,per,ADP,
442-10,BO038,442,442,12,il,il,il,DET,
442-11,BO038,442,442,13,learning,learning,learning,NOUN,
442-12,BO038,442,442,14,agreement,agreement,agreement,NOUN,
442-13,BO038,442,442,15,tra,tra,tra,ADP,
442-14,BO038,442,442,16,oggi,oggi,oggi,ADV,
442-15,BO038,442,442,17,e,e,e,CCONJ,
442-16,BO038,442,442,18,"domani,",domani,domani,ADV,
443-0,BO038,443,443,1,a,a,a,ADP,
443-1,BO038,443,443,2,livello,livello,livello,NOUN,
443-2,BO038,443,443,3,"di,",di,di,ADP,
444-0,BO038,444,444,1,perché,perché,perché,SCONJ,
444-1,BO038,444,444,2,probabilmente,probabilmente,probabilmente,ADV,
444-2,BO038,444,444,3,noi,noi,noi,PRON,
444-3,BO038,444,444,4,dobbiamo,dobbiamo,dovere,AUX,
444-4,BO038,444,444,5,fare,fare,fare,VERB,
444-5,BO038,444,444,6,prima,prima,prima,ADV,
444-6,BO038,444,444,7,{P},{P},_,_,
444-7,BO038,444,444,8,dobbiamo,dobbiamo,dovere,AUX,
444-8,BO038,444,444,9,compilare,compilare,compilare,VERB,
444-9,BO038,444,444,10,il,il,il,DET,
444-10,BO038,444,444,11,learning,learning,learning,NOUN,
444-11,BO038,444,444,12,agreement,agreement,agreement,NOUN,
444-12,BO038,444,444,13,s~,s~,x,X,
444-13,BO038,444,444,14-15,sulla,sulla,_,_,
444-13a,_,_,444,14,_,su,su,ADP,
444-13b,_,_,444,15,_,la,il,DET,
444-14,BO038,444,444,16,pa[gina,pagina,pagina,NOUN,
444-15,BO038,444,444,17,{P},{P},_,_,
444-16,BO038,444,444,18,di,di,di,ADP,
444-17,BO038,444,444,19,almaesami].,almaesami,Almaesami,PROPN,
445-0,BO026,445,445,1,[scusate,scusate,scusare,VERB,
445-1,BO026,445,445,2,andate,andate,andare,VERB,
445-2,BO026,445,445,3,lì,lì,lì,ADV,
445-3,BO026,445,445,4-5,a]l,al,_,_,
445-3a,_,_,445,4,_,a,a,ADP,
445-3b,_,_,445,5,_,il,il,DET,
445-4,BO026,445,445,6,c',c',ci,PRON,
445-5,BO026,445,445,7,è,è,essere,AUX,
445-6,BO026,445,445,8,ancora:,ancora,ancora,ADV,
445-7,BO026,445,445,9,"marianna,",marianna,Marianna,PROPN,
446-0,BO026,446,446,1-2,dell',dell',_,_,
446-0a,_,_,446,1,_,di,di,ADP,
446-0b,_,_,446,2,_,l',il,DET,
446-1,BO026,446,446,3,ufficio,ufficio,ufficio,NOUN,
446-2,BO026,446,446,4,era[smus,erasmus,Erasmus,PROPN,
446-3,BO026,446,446,5,e],e,e,CCONJ,
446-4,BO026,446,446,6,questa:,questa,questo,DET,
446-5,BO026,446,446,7,°mh°,mh,mh,INTJ,
446-6,BO026,446,446,8,aspetto,aspetto,aspetto,NOUN,
446-7,BO026,446,446,9,burocratico,burocratico,burocratico,ADJ,
446-8,BO026,446,446,10,verificatelo,verificatelo,_,_,
446-8a,,,,,,verificate,verificare,VERB,
446-8b,,,,,,lo,lo,PRON,
446-9,BO026,446,446,11,con,con,con,ADP,
446-10,BO026,446,446,12,lei.,lei,lei,PRON,
447-0,BO039,447,447,1,[sì:],sì,sì,ADV,
448-0,BO038,448,448,1,[ah,ah,ah,INTJ,
448-1,BO038,448,448,2,ah].,ah,ah,INTJ,
449-0,BO038,449,449,1,perfe[tto].,perfetto,perfetto,ADJ,
450-0,BO026,450,450,1,[bussa]te,bussate,bussare,VERB,
450-1,BO026,450,450,2,e,e,e,CCONJ,
450-2,BO026,450,450,3,dite,dite,dire,VERB,
450-3,BO026,450,450,4,che,che,che,SCONJ,
450-4,BO026,450,450,5,la,la,il,DET,
450-5,BO026,450,450,6,azzurri,azzurri,Azzurri,PROPN,
450-6,BO026,450,450,7,vi,vi,vi,PRON,
450-7,BO026,450,450,8,ha,ha,avere,AUX,
450-8,BO026,450,450,9,vi,vi,vi,PRON,
450-9,BO026,450,450,10,ha:,ha,avere,AUX,
450-10,BO026,450,450,11,chiesto,chiesto,chiedere,VERB,
450-11,BO026,450,450,12,di,di,di,ADP,
450-12,BO026,450,450,13,chiedere,chiedere,chiedere,VERB,
450-13,BO026,450,450,14,a,a,a,ADP,
450-14,BO026,450,450,15,lei,lei,lei,PRON,
450-15,BO026,450,450,16,questa:,questa,questo,DET,
451-0,BO039,451,451,1,va,va,andare,VERB,
451-1,BO039,451,451,2,[bene].,bene,bene,ADV,
452-0,BO026,452,452,1,[ques]ta,questa,questo,DET,
452-1,BO026,452,452,2,questione,questione,questione,NOUN,
452-2,BO026,452,452,3-4,<dei,dei,_,_,
452-2a,_,_,452,3,_,di,di,ADP,
452-2b,_,_,452,4,_,i,il,DET,
452-3,BO026,452,452,5,tempi>,tempi,tempo,NOUN,
452-4,BO026,452,452,6,tra,tra,tra,ADP,
452-5,BO026,452,452,7,la,la,il,DET,
452-6,BO026,452,452,8,consegna,consegna,consegna,NOUN,
452-7,BO026,452,452,9-10,del,del,_,_,
452-7a,_,_,452,9,_,di,di,ADP,
452-7b,_,_,452,10,_,il,il,DET,
452-8,BO026,452,452,11,learning,learning,learning,NOUN,
452-9,BO026,452,452,12,agreement,agreement,agreement,NOUN,
452-10,BO026,452,452,13,e,e,e,CCONJ,
452-11,BO026,452,452,14,l',l',il,DET,
452-12,BO026,452,452,15,iscrizione,iscrizione,iscrizione,NOUN,
452-13,BO026,452,452,16,a,a,a,ADP,
452-14,BO026,452,452,17,copenaghen.,copenaghen,Copenaghen,PROPN,
453-0,BO038,453,453,1,perfetto.,perfetto,perfetto,ADJ,
454-0,BO026,454,454,1,non,non,non,ADV,
454-1,BO026,454,454,2,dovrebbero,dovrebbero,dovere,AUX,
454-2,BO026,454,454,3-4,esserci,esserci,_,_,
454-2a,_,_,454,3,_,esser,essere,VERB,
454-2b,_,_,454,4,_,ci,ci,PRON,
454-3,BO026,454,454,5,problemi,problemi,problema,NOUN,
454-4,BO026,454,454,6,[però,però,però,CCONJ,
454-5,BO026,454,454,7,per,per,per,ADP,
454-6,BO026,454,454,8,avere,avere,avere,VERB,
454-7,BO026,454,454,9,la,la,il,DET,
454-8,BO026,454,454,10,confe]rma,conferma,conferma,NOUN,
454-9,BO026,454,454,11,chiedetelo,chiedetelo,_,_,
454-9a,,,,,_,chiedete,chiedere,VERB,
454-9b,,,,,_,lo,lo,PRON,
454-10,BO026,454,454,12,anche,anche,anche,ADV,
454-11,BO026,454,454,13,[a,a,a,ADP,
454-12,BO026,454,454,14,lei].,lei,lei,PRON,
455-0,BO039,455,455,1,[no,no,no,ADV,
455-1,BO039,455,455,2,diciamo,diciamo,dire,VERB,
455-2,BO039,455,455,3,che,che,che,SCONJ,
455-3,BO039,455,455,4,io,io,io,PRON,
455-4,BO039,455,455,5,so,so,sapere,VERB,
455-5,BO039,455,455,6,"che],",che,che,SCONJ,
456-0,BO039,456,456,1,[la,la,il,DET,
456-1,BO039,456,456,2,conferma],conferma,conferma,NOUN,
456-2,BO039,456,456,3-4,del,del,_,_,
456-2a,_,_,456,3,_,di,di,ADP,
456-2b,_,_,456,4,_,il,il,DET,
456-3,BO039,456,456,5,learning,learning,learning,NOUN,
456-4,BO039,456,456,6,dovrebbe,dovrebbe,dovere,AUX,
456-5,BO039,456,456,7,arrivare,arrivare,arrivare,VERB,
456-6,BO039,456,456,8,i:n,in,in,ADP,
456-7,BO039,456,456,9,qualche,qualche,qualche,DET,
456-8,BO039,456,456,10,giorno.,giorno,giorno,NOUN,
457-0,BO026,457,457,1,sì.,sì,sì,ADV,
458-0,BO026,458,458,1,sì.,sì,sì,ADV,
459-0,BO038,459,459,1,quindi,quindi,quindi,CCONJ,
459-1,BO038,459,459,2,cioè,cioè,cioè,ADV,
459-2,BO038,459,459,3,no,no,no,ADV,
459-3,BO038,459,459,4,in,in,in,ADP,
459-4,BO038,459,459,5,"real[tà],",realtà,realtà,NOUN,
460-0,BO026,460,460,1,[il],il,il,DET,
460-1,BO026,460,460,2,ventuno.,ventuno,ventuno,NUM,
460-2,BO026,460,460,3,[mancano::,mancano,mancare,VERB,
460-3,BO026,460,460,4,venti,venti,venti,NUM,
460-4,BO026,460,460,5,"giorni],",giorni,giorno,NOUN,
461-0,BO038,461,461,1-2,[nei,nei,_,_,
461-0a,_,_,461,1,_,in,in,ADP,
461-0b,_,_,461,2,_,i,il,DET,
461-1,BO038,461,461,3,tempi,tempi,tempo,NOUN,
461-2,BO038,461,461,4,"dovremmo],",dovremmo,dovere,AUX,
462-0,BO039,462,462,1,[no:,no,no,ADV,
462-1,BO039,462,462,2,diciamo,diciamo,dire,VERB,
462-2,BO039,462,462,3,che,che,che,SCONJ,
462-3,BO039,462,462,4,il,il,il,DET,
462-4,BO039,462,462,5,problema,problema,problema,NOUN,
462-5,BO039,462,462,6,più,più,più,ADV,
462-6,BO039,462,462,7,che,che,che,PRON,
462-7,BO039,462,462,8,altro,altro,altro,PRON,
462-8,BO039,462,462,9,"sarebbe],",sarebbe,essere,AUX,
463-0,BO038,463,463,1,[sì,sì,sì,ADV,
463-1,BO038,463,463,2,sì,sì,sì,ADV,
463-2,BO038,463,463,3,no.,no,no,ADV,
463-3,BO038,463,463,4,dovremmo,dovremmo,dovere,AUX,
463-4,BO038,463,463,5-6,esser]ci,esserci,_,_,
463-4a,_,_,463,5,_,esser,essere,VERB,
463-4b,_,_,463,6,_,ci,ci,PRON,
463-5,BO038,463,463,7,"[però],",però,però,CCONJ,
464-0,BO039,464,464,1,[se],se,se,SCONJ,
464-1,BO039,464,464,2,facciamo,facciamo,fare,VERB,
464-2,BO039,464,464,3,adesso,adesso,adesso,ADV,
464-3,BO039,464,464,4,oggi,oggi,oggi,ADV,
464-4,BO039,464,464,5,il,il,il,DET,
464-5,BO039,464,464,6,learning,learning,learning,NOUN,
464-6,BO039,464,464,7,e,e,e,CCONJ,
464-7,BO039,464,464,8,in,in,in,ADP,
464-8,BO039,464,464,9,qualche,qualche,qualche,DET,
464-9,BO039,464,464,10,giorno,giorno,giorno,NOUN,
464-10,BO039,464,464,11,{P},{P},_,_,
464-11,BO039,464,464,12,sappiamo,sappiamo,sapere,VERB,
464-12,BO039,464,464,13,che,che,che,SCONJ,
464-13,BO039,464,464,14,va,va,andare,VERB,
464-14,BO039,464,464,15,bene,bene,bene,ADV,
464-15,BO039,464,464,16,noi,noi,noi,PRON,
464-16,BO039,464,464,17,fa[cciamo,facciamo,fare,VERB,
464-17,BO039,464,464,18,doma]nda,domanda,domanda,NOUN,
464-18,BO039,464,464,19-20,ai,ai,_,_,
464-18a,_,_,464,19,_,a,a,ADP,
464-18b,_,_,464,20,_,i,il,DET,
464-19,BO039,464,464,21,corsi:,corsi,corso,NOUN,
464-20,BO039,464,464,22,di,di,di,ADP,
464-21,BO039,464,464,23,copenaghen,copenaghen,Copenaghen,PROPN,
464-22,BO039,464,464,24,però,però,però,CCONJ,
464-23,BO039,464,464,25,loro,loro,loro,PRON,
464-24,BO039,464,464,26,potrebbero,potrebbero,potere,AUX,
464-25,BO039,464,464,27,anche,anche,anche,ADV,
464-26,BO039,464,464,28-29,scriverci,scriverci,_,_,
464-26a,_,_,464,28,_,scriver,scrivere,VERB,
464-26b,_,_,464,29,_,ci,ci,PRON,
464-27,BO039,464,464,30,che,che,che,SCONJ,
464-28,BO039,464,464,31-32,nel,nel,_,_,
464-28a,_,_,464,31,_,in,in,ADP,
464-28b,_,_,464,32,_,il,il,DET,
464-29,BO039,464,464,33,frattempo,frattempo,frattempo,NOUN,
464-30,BO039,464,464,34,si,si,si,PRON,
464-31,BO039,464,464,35,è,è,essere,AUX,
464-32,BO039,464,464,36,riempito,riempito,riempire,VERB,
464-33,BO039,464,464,37,il,il,il,DET,
464-34,BO039,464,464,38,corso.,corso,corso,NOUN,
465-0,BO026,465,465,1,[mh,mh,mh,INTJ,
465-1,BO026,465,465,2,mh].,mh,mh,INTJ,
466-0,BO039,466,466,1,quindi,quindi,quindi,CCONJ,
466-1,BO039,466,466,2,dovremmo,dovremmo,dovere,AUX,
466-2,BO039,466,466,3,{P},{P},_,_,
466-3,BO039,466,466,4,cambiare,cambiare,cambiare,VERB,
466-4,BO039,466,466,5,il,il,il,DET,
466-5,BO039,466,466,6,learning,learning,learning,NOUN,
466-6,BO039,466,466,7,e,e,e,CCONJ,
466-7,BO039,466,466,8-9,trovarne,trovarne,_,_,
466-7a,_,_,466,8,_,trovar,trovare,VERB,
466-7b,_,_,466,9,_,ne,ne,PRON,
466-8,BO039,466,466,10,u[n,un,uno,DET,
466-9,BO039,466,466,11,altro].,altro,altro,PRON,
467-0,BO026,467,467,1,[m:h],mh,mh,INTJ,
468-0,BO039,468,468,1,quello,quello,quello,PRON,
468-1,BO039,468,468,2,sarebbe,sarebbe,essere,AUX,
468-2,BO039,468,468,3,un,un,uno,DET,
468-3,BO039,468,468,4,po'::,po',poco,NOUN,
469-0,BO026,469,469,1,ma,ma,ma,CCONJ,
469-1,BO026,469,469,2,non,non,non,ADV,
469-2,BO026,469,469,3,{P},{P},_,_,
469-3,BO026,469,469,4,io,io,io,PRON,
469-4,BO026,469,469,5,penso,penso,pensare,VERB,
469-5,BO026,469,469,6,{P},{P},_,_,
469-6,BO026,469,469,7,s(e),se,se,SCONJ,
469-7,BO026,469,469,8,voi,voi,voi,PRON,
469-8,BO026,469,469,9,dite,dite,dire,VERB,
469-9,BO026,469,469,10,che,che,che,SCONJ,
469-10,BO026,469,469,11,così,così,così,ADV,
469-11,BO026,469,469,12,può,può,potere,AUX,
469-12,BO026,469,469,13,può,può,potere,AUX,
469-13,BO026,469,469,14,essere::,essere,essere,VERB,
469-14,BO026,469,469,15,può,può,potere,AUX,
469-15,BO026,469,469,16-17,esser[ci,esserci,_,_,
469-15a,_,_,469,16,_,esser,essere,VERB,
469-15b,_,_,469,17,_,ci,ci,PRON,
469-16,BO026,469,469,18,questo,questo,questo,DET,
469-17,BO026,469,469,19,rischio]?,rischio,rischio,NOUN,
470-0,BO039,470,470,1,[così,così,così,ADV,
470-1,BO039,470,470,2,dicono,dicono,dire,VERB,
470-2,BO039,470,470,3-4,nella,nella,_,_,
470-2a,_,_,470,3,_,in,in,ADP,
470-2b,_,_,470,4,_,la,il,DET,
470-3,BO039,470,470,5,ma]il,mail,mail,NOUN,
470-4,BO039,470,470,6,io,io,io,PRON,
470-5,BO039,470,470,7,n[o:n],non,non,ADV,
471-0,BO026,471,471,1,[ah].,ah,ah,INTJ,
472-0,BO039,472,472,1,spero,spero,sperare,VERB,
472-1,BO039,472,472,2,di,di,di,ADP,
472-2,BO039,472,472,3,no.,no,no,ADV,
472-3,BO039,472,472,4,però::,però,però,CCONJ,
473-0,BO026,473,473,1,perché,perché,perché,SCONJ,
473-1,BO026,473,473,2,se,se,se,SCONJ,
473-2,BO026,473,473,3,c',c',ci,PRON,
473-3,BO026,473,473,4,è,è,essere,AUX,
473-4,BO026,473,473,5,una,una,uno,DET,
473-5,BO026,473,473,6,scadenza,scadenza,scadenza,NOUN,
473-6,BO026,473,473,7,vabbè,vabbè,vabbè,INTJ,
473-7,BO026,473,473,8,la,la,il,DET,
473-8,BO026,473,473,9,la,la,il,DET,
473-9,BO026,473,473,10,la,la,il,DET,
473-10,BO026,473,473,11,l~,l~,il,DET,
473-11,BO026,473,473,12,la,la,il,DET,
473-12,BO026,473,473,13,regola,regola,regola,NOUN,
473-13,BO026,473,473,14,di:,di,di,ADP,
473-14,BO026,473,473,15,chi,chi,chi,PRON,
473-15,BO026,473,473,16,arriva,arriva,arrivare,VERB,
473-16,BO026,473,473,17,primo,primo,primo,PRON,
473-17,BO026,473,473,18,o,o,o,CCONJ,
473-18,BO026,473,473,19,chi,chi,chi,PRON,
473-19,BO026,473,473,20,si,si,si,PRON,
473-20,BO026,473,473,21,iscrive,iscrive,iscrivere,VERB,
473-21,BO026,473,473,22,"[prima],",prima,prima,ADV,
474-0,BO039,474,474,1,[però,però,però,CCONJ,
474-1,BO039,474,474,2,dicia]mo,diciamo,dire,VERB,
474-2,BO039,474,474,3,che,che,che,SCONJ,
474-3,BO039,474,474,4,comunque,comunque,comunque,ADV,
474-4,BO039,474,474,5,dobbiamo,dobbiamo,dovere,AUX,
474-5,BO039,474,474,6,prima,prima,prima,ADV,
474-6,BO039,474,474,7,{P},{P},_,_,
474-7,BO039,474,474,8,es[sere,essere,essere,AUX,
474-8,BO039,474,474,9,sicure,sicure,sicuro,ADJ,
474-9,BO039,474,474,10,che,che,che,SCONJ,
474-10,BO039,474,474,11,ce,ce,ce,PRON,
474-11,BO039,474,474,12,li,li,li,PRON,
474-12,BO039,474,474,13,convalidino].,convalidino,convalidare,VERB,
475-0,BO026,475,475,1,[allora,allora,allora,ADV,
475-1,BO026,475,475,2,intanto,intanto,intanto,ADV,
475-2,BO026,475,475,3,chiedete,chiedete,chiedere,VERB,
475-3,BO026,475,475,4,la,la,il,DET,
475-4,BO026,475,475,5,confer]ma,conferma,conferma,NOUN,
475-5,BO026,475,475,6,per,per,per,ADP,
475-6,BO026,475,475,7,questa,questa,questo,DET,
475-7,BO026,475,475,8,parte,parte,parte,NOUN,
475-8,BO026,475,475,9,°proprio:,proprio,proprio,ADV,
475-9,BO026,475,475,10,buro[cratica,burocratica,burocratico,ADJ,
475-10,BO026,475,475,11,xxx.°],xxx,x,X,
476-0,BO038,476,476,1,[>però,però,però,CCONJ,
476-1,BO038,476,476,2,in,in,in,ADP,
476-2,BO038,476,476,3,ogni,ogni,ogni,DET,
476-3,BO038,476,476,4,caso,caso,caso,NOUN,
476-4,BO038,476,476,5,non,non,non,ADV,
476-5,BO038,476,476,6,avremmo,avremmo,avere,AUX,
476-6,BO038,476,476,7,potu]to,potuto,potere,AUX,
476-7,BO038,476,476,8,fare,fare,fare,VERB,
476-8,BO038,476,476,9,nulla,nulla,nulla,PRON,
476-9,BO038,476,476,10,prima<,prima,prima,ADV,
476-10,BO038,476,476,11,[perché:,perché,perché,SCONJ,
476-11,BO038,476,476,12,la:,la,il,DET,
476-12,BO038,476,476,13,la,la,il,DET,
476-13,BO038,476,476,14,conferma,conferma,conferma,NOUN,
476-14,BO038,476,476,15,ci,ci,ci,PRON,
476-15,BO038,476,476,16,è,è,essere,AUX,
476-16,BO038,476,476,17,a]rrivata,arrivata,arrivare,VERB,
476-17,BO038,476,476,18,la,la,il,DET,
476-18,BO038,476,476,19,settimana,settimana,settimana,NOUN,
476-19,BO038,476,476,20,scorsa,scorsa,scorso,ADJ,
476-20,BO038,476,476,21,"quindi,",quindi,quindi,CCONJ,
477-0,BO026,477,477,1,[eh,eh,eh,INTJ,
477-1,BO026,477,477,2,infatti.,infatti,infatti,ADV,
477-2,BO026,477,477,3,{P},{P},_,_,
477-3,BO026,477,477,4,(infatti.)],infatti,infatti,ADV,
478-0,BO026,478,478,1,°infatti.°,infatti,infatti,ADV,
479-0,BO026,479,479,1,io,io,io,PRON,
479-1,BO026,479,479,2,penso,penso,pensare,VERB,
479-2,BO026,479,479,3,che,che,che,SCONJ,
479-3,BO026,479,479,4,apriranno,apriranno,aprire,VERB,
479-4,BO026,479,479,5,per,per,per,ADP,
479-5,BO026,479,479,6,tutti,tutti,tutto,PRON,
479-6,BO026,479,479,7,le,le,il,DET,
479-7,BO026,479,479,8,iscrizioni,iscrizioni,iscrizione,NOUN,
479-8,BO026,479,479,9-10,ai,ai,_,_,
479-8a,_,_,479,9,_,a,a,ADP,
479-8b,_,_,479,10,_,i,il,DET,
479-9,BO026,479,479,11,corsi:,corsi,corso,NOUN,
479-10,BO026,479,479,12,comu[(nque)].,comunque,comunque,ADV,
480-0,BO039,480,480,1,[>sì,sì,sì,ADV,
480-1,BO039,480,480,2,sì],sì,sì,ADV,
480-2,BO039,480,480,3,sì<.,sì,sì,ADV,
481-0,BO038,481,481,1,sì,sì,sì,ADV,
481-1,BO038,481,481,2,no:,no,no,ADV,
481-2,BO038,481,481,3,i:,i,il,DET,
481-3,BO038,481,481,4,programmi:,programmi,programma,NOUN,
481-4,BO038,481,481,5,eff[ettivi,effettivi,effettivo,ADJ,
481-5,BO038,481,481,6,sono,sono,essere,AUX,
481-6,BO038,481,481,7,usciti::],usciti,uscire,VERB,
482-0,BO026,482,482,1,[per,per,per,ADP,
482-1,BO026,482,482,2,gli,gli,il,DET,
482-2,BO026,482,482,3,immatricolati,immatricolati,immatricolato,NOUN,
482-3,BO026,482,482,4,n]ormali,normali,normale,ADJ,
482-4,BO026,482,482,5,e,e,e,CCONJ,
482-5,BO026,482,482,6,poi,poi,poi,ADV,
482-6,BO026,482,482,7,anche,anche,anche,ADV,
482-7,BO026,482,482,8,gli,gli,il,DET,
482-8,BO026,482,482,9,eras[mus].,erasmus,Erasmus,PROPN,
483-0,BO039,483,483,1,[°sì.°],sì,sì,ADV,
484-0,BO038,484,484,1,sono,sono,essere,AUX,
484-1,BO038,484,484,2,usciti,usciti,uscire,VERB,
484-2,BO038,484,484,3,adesso,adesso,adesso,ADV,
484-3,BO038,484,484,4,eff[etivamen~],effetivamen~,effettivamente,ADV,
485-0,BO026,485,485,1,[e,e,e,CCONJ,
485-1,BO026,485,485,2,"poi],",poi,poi,ADV,
486-0,BO026,486,486,1,voglio,voglio,volere,AUX,
486-1,BO026,486,486,2,sperare,sperare,sperare,VERB,
486-2,BO026,486,486,3,ca~,ca~,calcolare,VERB,
486-3,BO026,486,486,4,calcolino,calcolino,calcolare,VERB,
486-4,BO026,486,486,5,anche,anche,anche,ADV,
486-5,BO026,486,486,6,una,una,uno,DET,
486-6,BO026,486,486,7,{P},{P},_,_,
486-7,BO026,486,486,8,percentuale,percentuale,percentuale,NOUN,
486-8,BO026,486,486,9,(per,per,per,ADP,
486-9,BO026,486,486,10,le),le,il,DET,
486-10,BO026,486,486,11,di,di,di,ADP,
486-11,BO026,486,486,12,presenze,presenze,presenza,NOUN,
486-12,BO026,486,486,13-14,degli,degli,_,_,
486-12a,_,_,486,13,_,di,di,ADP,
486-12b,_,_,486,14,_,gli,il,DET,
486-13,BO026,486,486,15,studenti,studenti,studente,NOUN,
486-14,BO026,486,486,16,erasmus.,erasmus,Erasmus,PROPN,
487-0,BO039,487,487,1,sì,sì,sì,ADV,
487-1,BO039,487,487,2,sì.,sì,sì,ADV,
487-2,BO039,487,487,3,penso,penso,pensare,VERB,
487-3,BO039,487,487,4,di,di,di,ADP,
487-4,BO039,487,487,5,sì.,sì,sì,ADV,
488-0,BO039,488,488,1,diciamo,diciamo,dire,VERB,
488-1,BO039,488,488,2,io:,io,io,PRON,
488-2,BO039,488,488,3,per,per,per,ADP,
488-3,BO039,488,488,4,esempio,esempio,esempio,NOUN,
488-4,BO039,488,488,5-6,nel,nel,_,_,
488-4a,_,_,488,5,_,in,in,ADP,
488-4b,_,_,488,6,_,il,il,DET,
488-5,BO039,488,488,7,mio,mio,mio,ADJ,
488-6,BO039,488,488,8,caso,caso,caso,NOUN,
488-7,BO039,488,488,9,non,non,non,ADV,
488-8,BO039,488,488,10,si,si,si,PRON,
488-9,BO039,488,488,11,dovrebbe,dovrebbe,dovere,AUX,
488-10,BO039,488,488,12,porre,porre,porre,VERB,
488-11,BO039,488,488,13,più,più,più,ADV,
488-12,BO039,488,488,14,di,di,di,ADP,
488-13,BO039,488,488,15,tanto,tanto,tanto,ADV,
488-14,BO039,488,488,16,il,il,il,DET,
488-15,BO039,488,488,17,problema,problema,problema,NOUN,
488-16,BO039,488,488,18,pe[rché],perché,perché,SCONJ,
488-17,BO039,488,488,19,{P},{P},_,_,
488-18,BO039,488,488,20,gli,gli,il,DET,
488-19,BO039,488,488,21,esami,esami,esame,NOUN,
488-20,BO039,488,488,22-23,del,del,_,_,
488-20a,_,_,488,22,_,di,di,ADP,
488-20b,_,_,488,23,_,il,il,DET,
488-21,BO039,488,488,24,primo,primo,primo,ADJ,
488-22,BO039,488,488,25,semestre,semestre,semestre,NOUN,
488-23,BO039,488,488,26,dovrebbero,dovrebbero,dovere,AUX,
488-24,BO039,488,488,27,essere,essere,essere,AUX,
488-25,BO039,488,488,28,quei,quei,quello,DET,
488-26,BO039,488,488,29,due,due,due,NUM,
488-27,BO039,488,488,30,di,di,di,ADP,
488-28,BO039,488,488,31,spagnolo,spagnolo,spagnolo,NOUN,
488-29,BO039,488,488,32,e,e,e,CCONJ,
488-30,BO039,488,488,33,inglese,inglese,inglese,NOUN,
488-31,BO039,488,488,34,che,che,che,PRON,
488-32,BO039,488,488,35,il,il,il,DET,
488-33,BO039,488,488,36,programma,programma,programma,NOUN,
488-34,BO039,488,488,37,è,è,essere,AUX,
488-35,BO039,488,488,38,quasi,quasi,quasi,ADV,
488-36,BO039,488,488,39,uguale,uguale,uguale,ADJ,
488-37,BO039,488,488,40,a,a,a,ADP,
488-38,BO039,488,488,41,[quello]:,quello,quello,PRON,
488-39,BO039,488,488,42,di,di,di,ADP,
488-40,BO039,488,488,43,[qua].,qua,qua,ADV,
489-0,BO026,489,489,1,[mh,mh,mh,INTJ,
489-1,BO026,489,489,2,mh].,mh,mh,INTJ,
490-0,BO026,490,490,1,[sì].,sì,sì,ADV,
491-0,BO026,491,491,1,[sì].,sì,sì,ADV,
492-0,BO039,492,492,1,più,più,più,ADV,
492-1,BO039,492,492,2,che,che,che,ADP,
492-2,BO039,492,492,3,altro,altro,altro,PRON,
492-3,BO039,492,492,4,magari,magari,magari,ADV,
492-4,BO039,492,492,5,l',l',il,DET,
492-5,BO039,492,492,6,es[ame,esame,esame,NOUN,
492-6,BO039,492,492,7,a,a,a,ADP,
492-7,BO039,492,492,8,scelta:],scelta,scelta,NOUN,
493-0,BO026,493,493,1,[forse,forse,forse,ADV,
493-1,BO026,493,493,2,è,è,essere,AUX,
493-2,BO026,493,493,3,più,più,più,ADV,
493-3,BO026,493,493,4,simil]e,simile,simile,ADJ,
493-4,BO026,493,493,5,il,il,il,DET,
493-5,BO026,493,493,6,suo,suo,suo,PRON,
493-6,BO026,493,493,7,la,la,il,DET,
493-7,BO026,493,493,8,linguisti[ca,linguistica,linguistica,NOUN,
493-8,BO026,493,493,9,d]i,di,di,ADP,
493-9,BO026,493,493,10,linguistica,linguistica,linguistica,NOUN,
493-10,BO026,493,493,11,spagnola,spagnola,spagnolo,ADJ,
493-11,BO026,493,493,12,che,che,che,ADP,
493-12,BO026,493,493,13,non,non,non,ADV,
493-13,BO026,493,493,14,li:ngua,lingua,lingua,NOUN,
493-14,BO026,493,493,15,e,e,e,CCONJ,
493-15,BO026,493,493,16,linguistica.,linguistica,linguistica,NOUN,
494-0,BO039,494,494,1,[mh].,mh,mh,INTJ,
495-0,BO026,495,495,1,[anche,anche,anche,ADV,
495-1,BO026,495,495,2,s]e,se,se,SCONJ,
495-2,BO026,495,495,3-4,nella,nella,_,_,
495-2a,_,_,495,3,_,in,in,ADP,
495-2b,_,_,495,4,_,la,il,DET,
495-3,BO026,495,495,5,magistrale,magistrale,magistrale,NOUN,
495-4,BO026,495,495,6,>di,di,di,ADP,
495-5,BO026,495,495,7,didattica,didattica,didattica,NOUN,
495-6,BO026,495,495,8-9,dell',dell',_,_,
495-6a,_,_,495,8,_,di,di,ADP,
495-6b,_,_,495,9,_,l',il,DET,
495-7,BO026,495,495,10,italiano<,italiano,italiano,NOUN,
495-8,BO026,495,495,11,e,e,e,CCONJ,
495-9,BO026,495,495,12,di::,di,di,ADP,
495-10,BO026,495,495,13,lingua,lingua,lingua,NOUN,
495-11,BO026,495,495,14,e,e,e,CCONJ,
495-12,BO026,495,495,15,cultura,cultura,cultura,NOUN,
495-13,BO026,495,495,16,°italiana°,italiana,italiano,ADJ,
495-14,BO026,495,495,17,per,per,per,ADP,
495-15,BO026,495,495,18,"stranieri,",stranieri,straniero,NOUN,
496-0,BO039,496,496,1,[sì].,sì,sì,ADV,
497-0,BO026,497,497,1,tiene,tiene,tenere,VERB,
497-1,BO026,497,497,2,insieme,insieme,insieme,ADV,
497-2,BO026,497,497,3,no,no,no,ADV,
497-3,BO026,497,497,4,i,i,il,DET,
497-4,BO026,497,497,5,d[ue,due,due,NUM,
497-5,BO026,497,497,6,programmi].,programmi,programma,NOUN,
498-0,BO038,498,498,1,[sì,sì,sì,ADV,
498-1,BO038,498,498,2,>sì,sì,sì,ADV,
498-2,BO038,498,498,3,sì,sì,sì,ADV,
498-3,BO038,498,498,4,sì<],sì,sì,ADV,
498-4,BO038,498,498,5,noi,noi,noi,PRON,
498-5,BO038,498,498,6,eh,eh,eh,INTJ,
498-6,BO038,498,498,7,mh,mh,mh,INTJ,
498-7,BO038,498,498,8,e::h,eh,eh,INTJ,
498-8,BO038,498,498,9,mh,mh,mh,INTJ,
498-9,BO038,498,498,10,avremmo,avremmo,avere,VERB,
498-10,BO038,498,498,11,cioè,cioè,cioè,ADV,
498-11,BO038,498,498,12,l',l',il,DET,
498-12,BO038,498,498,13,esame,esame,esame,NOUN,
498-13,BO038,498,498,14,è,è,essere,AUX,
498-14,BO038,498,498,15,strutturato,strutturato,strutturare,VERB,
498-15,BO038,498,498,16,ha,ha,avere,VERB,
498-16,BO038,498,498,17,una,una,uno,DET,
498-17,BO038,498,498,18,traduzione:,traduzione,traduzione,NOUN,
499-0,BO038,499,499,1,con,con,con,ADP,
499-1,BO038,499,499,2,lingua,lingua,lingua,NOUN,
499-2,BO038,499,499,3,"e,",e,e,CCONJ,
500-0,BO038,500,500,1,una,una,uno,DET,
500-1,BO038,500,500,2,traduzione,traduzione,traduzione,NOUN,
500-2,BO038,500,500,3,un',un',uno,DET,
500-3,BO038,500,500,4,analisi,analisi,analisi,NOUN,
500-4,BO038,500,500,5-6,del,del,_,_,
500-4a,_,_,500,5,_,di,di,ADP,
500-4b,_,_,500,6,_,il,il,DET,
500-5,BO038,500,500,7,testo,testo,testo,NOUN,
500-6,BO038,500,500,8,co::n,con,con,ADP,
501-0,BO038,501,501,1,con,con,con,ADP,
501-1,BO038,501,501,2,lettorato.,lettorato,lettorato,NOUN,
502-0,BO038,502,502,1,quindi,quindi,quindi,CCONJ,
502-1,BO038,502,502,2-3,alla,alla,_,_,
502-1a,_,_,502,2,_,a,a,ADP,
502-1b,_,_,502,3,_,la,il,DET,
502-2,BO038,502,502,4,"fine,",fine,fine,NOUN,
503-0,BO038,503,503,1,comunque,comunque,comunque,ADV,
503-1,BO038,503,503,2,lì,lì,lì,ADV,
503-2,BO038,503,503,3,si,si,si,PRON,
503-3,BO038,503,503,4,tratta,tratta,trattare,VERB,
503-4,BO038,503,503,5,di,di,di,ADP,
503-5,BO038,503,503,6,analisi,analisi,analisi,NOUN,
503-6,BO038,503,503,7-8,del,del,_,_,
503-6a,_,_,503,7,_,di,di,ADP,
503-6b,_,_,503,8,_,il,il,DET,
503-7,BO038,503,503,9,discorso,discorso,discorso,NOUN,
503-8,BO038,503,503,10,quin[di,quindi,quindi,CCONJ,
503-9,BO038,503,503,11,è]:,è,essere,VERB,
503-10,BO038,503,503,12-13,al,al,_,_,
503-10a,_,_,503,12,_,a,a,ADP,
503-10b,_,_,503,13,_,il,il,DET,
503-11,BO038,503,503,14,liv[ello,livello,livello,NOUN,
503-12,BO038,503,503,15,di],di,di,ADP,
503-13,BO038,503,503,16,discorso,discorso,discorso,NOUN,
503-14,BO038,503,503,17,ma,ma,ma,CCONJ,
503-15,BO038,503,503,18,di,di,di,ADP,
503-16,BO038,503,503,19,testi,testi,testo,NOUN,
503-17,BO038,503,503,20,>cose,cose,cosa,NOUN,
503-18,BO038,503,503,21,così<,così,così,ADV,
503-19,BO038,503,503,22,quindi,quindi,quindi,CCONJ,
503-20,BO038,503,503,23,{P},{P},_,_,
503-21,BO038,503,503,24,"[fondamentalmente],",fondamentalmente,fondamentalmente,ADV,
504-0,BO026,504,504,1,[sì].,sì,sì,ADV,
505-0,BO026,505,505,1,[°sì.°],sì,sì,ADV,
506-0,BO026,506,506,1,[°sì.°,sì,sì,ADV,
506-1,BO026,506,506,2,{P},{P},_,_,
506-2,BO026,506,506,3,no,no,no,ADV,
506-3,BO026,506,506,4,no]:n,non,non,ADV,
506-4,BO026,506,506,5,{P},{P},_,_,
506-5,BO026,506,506,6,l',l',il,DET,
506-6,BO026,506,506,7,importante,importante,importante,NOUN,
506-7,BO026,506,506,8,è,è,essere,VERB,
506-8,BO026,506,506,9,che,che,che,SCONJ,
506-9,BO026,506,506,10,non,non,non,ADV,
506-10,BO026,506,506,11,"sia,",sia,essere,AUX,
507-0,BO026,507,507,1,non,non,non,ADV,
507-1,BO026,507,507,2,si,si,si,PRON,
507-2,BO026,507,507,3,intenda,intenda,intendere,VERB,
507-3,BO026,507,507,4,per,per,per,ADP,
507-4,BO026,507,507,5,lingua,lingua,lingua,NOUN,
507-5,BO026,507,507,6,spagnola,spagnola,spagnolo,ADJ,
507-6,BO026,507,507,7,le,le,il,DET,
507-7,BO026,507,507,8,le,le,il,DET,
507-8,BO026,507,507,9,le,le,il,DET,
507-9,BO026,507,507,10,esercita[zioni,esercitazioni,esercitazione,NOUN,
507-10,BO026,507,507,11-12,del,del,_,_,
507-10a,_,_,507,11,_,di,di,ADP,
507-10b,_,_,507,12,_,il,il,DET,
507-11,BO026,507,507,13,dottorato,dottorato,dottorato,NOUN,
507-12,BO026,507,507,14,e,e,e,CCONJ,
507-13,BO026,507,507,15,basta,basta,bastare,VERB,
507-14,BO026,507,507,16,no].,no,no,ADV,
508-0,BO039,508,508,1,[no:],no,no,ADV,
509-0,BO038,509,509,1,[no:,no,no,ADV,
509-1,BO038,509,509,2,>no,no,no,ADV,
509-2,BO038,509,509,3,no<,no,no,ADV,
509-3,BO038,509,509,4,è,è,essere,AUX,
509-4,BO038,509,509,5,tutto,tutto,tutto,PRON,
509-5,BO038,509,509,6,insieme].,insieme,insieme,ADV,
510-0,BO026,510,510,1,°è,è,essere,AUX,
510-1,BO026,510,510,2,anche,anche,anche,ADV,
510-2,BO026,510,510,3,linguistica.°,linguistica,linguistica,NOUN,
511-0,BO039,511,511,1,anche,anche,anche,ADV,
511-1,BO039,511,511,2,là,là,là,ADV,
511-2,BO039,511,511,3,è,è,essere,AUX,
511-3,BO039,511,511,4,mh,mh,mh,INTJ,
511-4,BO039,511,511,5,l',l',il,DET,
511-5,BO039,511,511,6,esame,esame,esame,NOUN,
511-6,BO039,511,511,7,di,di,di,ADP,
511-7,BO039,511,511,8,cope[naghen],copenaghen,Copenaghen,PROPN,
511-8,BO039,511,511,9,usi,usi,uso,NOUN,
511-9,BO039,511,511,10,e,e,e,CCONJ,
511-10,BO039,511,511,11,variazioni,variazioni,variazione,NOUN,
511-11,BO039,511,511,12-13,dello,dello,_,_,
511-11a,_,_,511,12,_,di,di,ADP,
511-11b,_,_,511,13,_,lo,il,DET,
511-12,BO039,511,511,14,spagnolo.,spagnolo,spagnolo,NOUN,
512-0,BO026,512,512,1,[°mh°],mh,mh,INTJ,
513-0,BO026,513,513,1,sì.,sì,sì,ADV,
514-0,BO039,514,514,1,e,e,e,CCONJ,
514-1,BO039,514,514,2,qui:,qui,qui,ADV,
514-2,BO039,514,514,3,per,per,per,ADP,
514-3,BO039,514,514,4,esempio,esempio,esempio,NOUN,
514-4,BO039,514,514,5,a,a,a,ADP,
514-5,BO039,514,514,6,"linguistica,",linguistica,linguistica,NOUN,
515-0,BO026,515,515,1,[°la,la,il,DET,
515-1,BO026,515,515,2,dimensione,dimensione,dimensione,NOUN,
515-2,BO026,515,515,3,soci]olingui[stica,sociolinguistica,sociolinguistico,ADJ,
515-3,BO026,515,515,4,sì.°],sì,sì,ADV,
516-0,BO039,516,516,1,[quello,quello,quello,PRON,
516-1,BO039,516,516,2,che,che,che,PRON,
516-2,BO039,516,516,3,fa,fa,fare,VERB,
516-3,BO039,516,516,4,la],la,il,DET,
516-4,BO039,516,516,5,neri,neri,Neri,PROPN,
516-5,BO039,516,516,6,è::,è,essere,AUX,
516-6,BO039,516,516,7,in,in,in,ADP,
516-7,BO039,516,516,8,[linguistica,linguistica,linguistica,NOUN,
516-8,BO039,516,516,9,è,è,essere,AUX,
516-9,BO039,516,516,10,proprio,proprio,proprio,ADV,
516-10,BO039,516,516,11,questo].,questo,questo,PRON,
517-0,BO026,517,517,1,[°(è),è,essere,AUX,
517-1,BO026,517,517,2,esattamente,esattamente,esattamente,ADV,
517-2,BO026,517,517,3,la,la,il,DET,
517-3,BO026,517,517,4,stessa,stessa,stesso,ADJ,
517-4,BO026,517,517,5,cosa],cosa,cosa,NOUN,
517-5,BO026,517,517,6,sì.°,sì,sì,ADV,
518-0,BO026,518,518,1-2,fatemi,fatemi,_,_,
518-0a,_,_,518,1,_,fate,fare,VERB,
518-0b,_,_,518,2,_,mi,mi,PRON,
518-1,BO026,518,518,3,sapere,sapere,sapere,VERB,
518-2,BO026,518,518,4,quando,quando,quando,SCONJ,
518-3,BO026,518,518,5,siete,siete,essere,VERB,
518-4,BO026,518,518,6,lì,lì,lì,ADV,
518-5,BO026,518,518,7,se,se,se,SCONJ,
518-6,BO026,518,518,8,c',c',ci,PRON,
518-7,BO026,518,518,9,è,è,essere,AUX,
518-8,BO026,518,518,10,qualcosa,qualcosa,qualcosa,PRON,
518-9,BO026,518,518,11,io,io,io,PRON,
518-10,BO026,518,518,12,o,o,o,CCONJ,
518-11,BO026,518,518,13,il,il,il,DET,
518-12,BO026,518,518,14,collega::,collega,collega,NOUN,
519-0,BO038,519,519,1,sì,sì,sì,ADV,
519-1,BO038,519,519,2,io,io,io,PRON,
519-2,BO038,519,519,3,comunque,comunque,comunque,ADV,
519-3,BO038,519,519,4,ho,ho,avere,VERB,
519-4,BO038,519,519,5,[la,la,il,DET,
519-5,BO038,519,519,6,mail,mail,mail,NOUN,
519-6,BO038,519,519,7,mi,mi,mi,PRON,
519-7,BO038,519,519,8,aveva,aveva,avere,AUX,
519-8,BO038,519,519,9,mi,mi,mi,PRON,
519-9,BO038,519,519,10,aveva,aveva,avere,AUX,
519-10,BO038,519,519,11,dato,dato,dare,VERB,
519-11,BO038,519,519,12,la,la,il,DET,
519-12,BO038,519,519,13,mail,mail,mail,NOUN,
519-13,BO038,519,519,14-15,de::l],del,_,_,
519-13a,_,_,519,14,_,di,di,ADP,
519-13b,_,_,519,15,_,il,il,DET,
520-0,BO026,520,520,1,em~,em~,Emilia,PROPN,
520-1,BO026,520,520,2,em~,em~,Emilia,PROPN,
520-2,BO026,520,520,3,emilia,emilia,Emilia,PROPN,
520-3,BO026,520,520,4,bianchi,bianchi,Bianchi,PROPN,
520-4,BO026,520,520,5,xxx,x,x,X,
521-0,BO026,521,521,1,"no,",no,no,ADV,
521-1,BO026,521,521,2,il,il,il,DET,
521-2,BO026,521,521,3,docente,docente,docente,NOUN,
521-3,BO026,521,521,4,di,di,di,ADP,
521-4,BO026,521,521,5,linguistica,linguistica,linguistica,NOUN,
521-5,BO026,521,521,6,"italiana,",italiana,italiano,ADJ,
522-0,BO026,522,522,1,e,e,e,CCONJ,
522-1,BO026,522,522,2-3,nel,nel,_,_,
522-1a,_,_,522,2,_,in,in,ADP,
522-1b,_,_,522,3,_,il,il,DET,
522-2,BO026,522,522,4,ca~,ca~,x,X,
522-3,BO026,522,522,5,lui,lui,lui,PRON,
522-4,BO026,522,522,6,è,è,essere,AUX,
522-5,BO026,522,522,7,il,il,il,DET,
522-6,BO026,522,522,8,referente,referente,referente,NOUN,
522-7,BO026,522,522,9,lì,lì,lì,ADV,
522-8,BO026,522,522,10,per,per,per,ADP,
522-9,BO026,522,522,11,voi,voi,voi,PRON,
522-10,BO026,522,522,12,"no,",no,no,ADV,
523-0,BO038,523,523,1,°>sì,sì,sì,ADV,
523-1,BO038,523,523,2,sì,sì,sì,ADV,
523-2,BO038,523,523,3,sì.°<,sì,sì,ADV,
524-0,BO039,524,524,1,°perf[etto].°,perfetto,perfetto,ADJ,
525-0,BO026,525,525,1,[°e:]:,e,e,CCONJ,
525-1,BO026,525,525,2,(per,per,per,ADP,
525-2,BO026,525,525,3,cui),cui,cui,PRON,
525-3,BO026,525,525,4,qualsiasi,qualsiasi,qualsiasi,ADJ,
525-4,BO026,525,525,5,cosa,cosa,cosa,NOUN,
525-5,BO026,525,525,6,potete,potete,potere,AUX,
525-6,BO026,525,525,7,rivolgervi,rivolgervi,_,_,
525-6a,,,,,_,rivolger,rivolgere,VERB,
525-6b,,,,,_,vi,vi,PRON,
525-7,BO026,525,525,8,[a,a,a,ADP,
525-8,BO026,525,525,9,xx.°],xx,x,X,
526-0,BO039,526,526,1,[>bene<,bene,bene,ADV,
526-1,BO039,526,526,2,quindi,quindi,quindi,CCONJ,
526-2,BO039,526,526,3,noi],noi,noi,PRON,
526-3,BO039,526,526,4,stesso,stesso,stesso,ADJ,
526-4,BO039,526,526,5,oggi,oggi,oggi,ADV,
526-5,BO039,526,526,6,facciamo,facciamo,fare,VERB,
526-6,BO039,526,526,7,la,la,il,DET,
526-7,BO039,526,526,8,domanda::,domanda,domanda,NOUN,
526-8,BO039,526,526,9,per,per,per,ADP,
526-9,BO039,526,526,10,il,il,il,DET,
526-10,BO039,526,526,11,piano,piano,piano,NOUN,
526-11,BO039,526,526,12,di,di,di,ADP,
526-12,BO039,526,526,13,stud~,stud~,x,X,
526-13,BO039,526,526,14,[per],per,per,ADP,
526-14,BO039,526,526,15,il,il,il,DET,
526-15,BO039,526,526,16,learning.,learning,learning,NOUN,
527-0,BO026,527,527,1,[sì].,sì,sì,ADV,
528-0,BO026,528,528,1,°sì.°,sì,sì,ADV,
529-0,BO039,529,529,1,e:,e,e,CCONJ,
529-1,BO039,529,529,2,per,per,per,ADP,
529-2,BO039,529,529,3,quanto,quanto,quanto,PRON,
529-3,BO039,529,529,4,riguarda,riguarda,riguardare,VERB,
529-4,BO039,529,529,5,i:l,il,il,DET,
529-5,BO039,529,529,6,tirocinio,tirocinio,tirocinio,NOUN,
529-6,BO039,529,529,7,che,che,che,PRON,
529-7,BO039,529,529,8,a,a,a,ADP,
529-8,BO039,529,529,9,me,me,me,PRON,
529-9,BO039,529,529,10,esce,esce,uscire,VERB,
529-10,BO039,529,529,11,come,come,come,ADV,
529-11,BO039,529,529,12,internship,internship,internship,NOUN,
529-12,BO039,529,529,13,es[ce,esce,uscire,VERB,
529-13,BO039,529,529,14,come,come,come,ADV,
529-14,BO039,529,529,15,un,un,uno,DET,
529-15,BO039,529,529,16,esame,esame,esame,NOUN,
529-16,BO039,529,529,17,di::],di,di,ADP,
530-0,BO026,530,530,1,[°ah,ah,ah,INTJ,
530-1,BO026,530,530,2,su,su,su,ADP,
530-2,BO026,530,530,3,questo,questo,questo,PRON,
530-3,BO026,530,530,4,no~,no~,x,X,
530-4,BO026,530,530,5,deve,deve,dovere,AUX,
530-5,BO026,530,530,6,chiedere],chiedere,chiedere,VERB,
530-6,BO026,530,530,7-8,all',all',_,_,
530-6a,_,_,530,7,_,a,a,ADP,
530-6b,_,_,530,8,_,l',il,DET,
530-7,BO026,530,530,9,ufficio,ufficio,ufficio,NOUN,
530-8,BO026,530,530,10,[perché,perché,perché,SCONJ,
530-9,BO026,530,530,11,"no,°]",no,no,ADV,
531-0,BO039,531,531,1,[no,no,no,ADV,
531-1,BO039,531,531,2,dico,dico,dire,VERB,
531-2,BO039,531,531,3,proprio,proprio,proprio,ADV,
531-3,BO039,531,531,4-5,s]ul,sul,_,_,
531-3a,_,_,531,4,_,su,su,ADP,
531-3b,_,_,531,5,_,il,il,DET,
531-4,BO039,531,531,6,learning,learning,learning,NOUN,
531-5,BO039,531,531,7,che,che,che,PRON,
531-6,BO039,531,531,8,mi,mi,mi,PRON,
531-7,BO039,531,531,9,esce,esce,uscire,VERB,
531-8,BO039,531,531,10,come,come,come,ADV,
531-9,BO039,531,531,11,esami,esami,esame,NOUN,
531-10,BO039,531,531,12,di,di,di,ADP,
531-11,BO039,531,531,13,nove,nove,nove,NUM,
531-12,BO039,531,531,14,crediti.,crediti,credito,NOUN,
532-0,BO039,532,532,1,però,però,però,CCONJ,
532-1,BO039,532,532,2,io,io,io,PRON,
532-2,BO039,532,532,3,{P},{P},_,_,
532-3,BO039,532,532,4,anche,anche,anche,ADV,
532-4,BO039,532,532,5,se,se,se,SCONJ,
532-5,BO039,532,532,6,mettessi,mettessi,mettere,VERB,
532-6,BO039,532,532,7,solo,solo,solo,ADV,
532-7,BO039,532,532,8,questi,questi,questo,DET,
532-8,BO039,532,532,9,esami,esami,esame,NOUN,
532-9,BO039,532,532,10,comunque,comunque,comunque,ADV,
532-10,BO039,532,532,11,con,con,con,ADP,
532-11,BO039,532,532,12,i,i,il,DET,
532-12,BO039,532,532,13,crediti,crediti,credito,NOUN,
532-13,BO039,532,532,14,mi,mi,mi,PRON,
532-14,BO039,532,532,15,troverei,troverei,trovare,VERB,
532-15,BO039,532,532,16-17,sul,sul,_,_,
532-15a,_,_,532,16,_,su,su,ADP,
532-15b,_,_,532,17,_,il,il,DET,
532-16,BO039,532,532,18,learning.,learning,learning,NOUN,
533-0,BO039,533,533,1,lo,lo,il,DET,
533-1,BO039,533,533,2,sp[ecif]i~,specifi~,x,X,
533-2,BO039,533,533,3,io,io,io,PRON,
533-3,BO039,533,533,4,l~,l~,x,X,
533-4,BO039,533,533,5-6,nel,nel,_,_,
533-4a,_,_,533,5,_,in,in,ADP,
533-4b,_,_,533,6,_,il,il,DET,
533-5,BO039,533,533,7,learning,learning,learning,NOUN,
533-6,BO039,533,533,8,provvisorio,provvisorio,provvisorio,ADJ,
533-7,BO039,533,533,9,ho,ho,avere,AUX,
533-8,BO039,533,533,10,messo,messo,mettere,VERB,
533-9,BO039,533,533,11,tirocinio,tirocinio,tirocinio,NOUN,
533-10,BO039,533,533,12,presso,presso,presso,ADP,
533-11,BO039,533,533,13,l',l',il,DET,
533-12,BO039,533,533,14,universi[tà,università,università,NOUN,
533-13,BO039,533,533,15,di,di,di,ADP,
533-14,BO039,533,533,16,"cope]naghen,",copenaghen,Copenaghen,PROPN,
534-0,BO026,534,534,1,[°mh,mh,mh,INTJ,
534-1,BO026,534,534,2,mh°],mh,mh,INTJ,
535-0,BO026,535,535,1,[sì].,sì,sì,ADV,
536-0,BO039,536,536,1,senza,senza,senza,ADP,
536-1,BO039,536,536,2,crediti.,crediti,credito,NOUN,
537-0,BO039,537,537,1,però::,però,però,CCONJ,
537-1,BO039,537,537,2,diciamo,diciamo,dire,VERB,
537-2,BO039,537,537,3,come,come,come,ADV,
537-3,BO039,537,537,4,cal[colo,calcolo,calcolo,NOUN,
537-4,BO039,537,537,5,di,di,di,ADP,
537-5,BO039,537,537,6,"cr]editi,",crediti,credito,NOUN,
538-0,BO026,538,538,1,[mh],mh,mh,INTJ,
539-0,BO039,539,539,1,mi,mi,mi,PRON,
539-1,BO039,539,539,2,vale?,vale,valere,VERB,
540-0,BO039,540,540,1,oppure,oppure,oppure,CCONJ,
540-1,BO039,540,540,2,mett[o::],metto,mettere,VERB,
541-0,BO026,541,541,1,[e,e,e,CCONJ,
541-1,BO026,541,541,2,quindi,quindi,quindi,CCONJ,
541-2,BO026,541,541,3,m]a,ma,ma,CCONJ,
541-3,BO026,541,541,4,questo,questo,questo,PRON,
541-4,BO026,541,541,5,eccede,eccede,eccedere,VERB,
541-5,BO026,541,541,6,il,il,il,DET,
541-6,BO026,541,541,7,numero,numero,numero,NOUN,
541-7,BO026,541,541,8,che,che,che,PRON,
541-8,BO026,541,541,9,lei,lei,lei,PRON,
541-9,BO026,541,541,10,è,è,essere,AUX,
541-10,BO026,541,541,11,tenuta::,tenuta,tenere,VERB,
541-11,BO026,541,541,12,m[h,mh,mh,INTJ,
541-12,BO026,541,541,13,ad],ad,a,ADP,
541-13,BO026,541,541,14,avere?,avere,avere,VERB,
542-0,BO039,542,542,1,[sì].,sì,sì,ADV,
543-0,BO026,543,543,1,[°ma°,ma,ma,CCONJ,
543-1,BO026,543,543,2,q]uesto,questo,questo,PRON,
543-2,BO026,543,543,3,lo,lo,lo,PRON,
543-3,BO026,543,543,4,deve,deve,dovere,AUX,
543-4,BO026,543,543,5,verificare,verificare,verificare,VERB,
543-5,BO026,543,543,6,in,in,in,ADP,
543-6,BO026,543,543,7,ufficio,ufficio,ufficio,NOUN,
543-7,BO026,543,543,8,°non,non,non,ADV,
543-8,BO026,543,543,9-10,glielo,glielo,_,_,
543-8a,_,_,543,9,_,glie,gli,PRON,
543-8b,_,_,543,10,_,lo,lo,PRON,
543-9,BO026,543,543,11,so,so,sapere,VERB,
543-10,BO026,543,543,12,dire.°,dire,dire,VERB,
544-0,BO039,544,544,1,[io,io,io,PRON,
544-1,BO039,544,544,2,se~],se~,x,X,
545-0,BO026,545,545,1,e::,e,e,CCONJ,
545-1,BO026,545,545,2,perché,perché,perché,SCONJ,
545-2,BO026,545,545,3,è,è,essere,AUX,
545-3,BO026,545,545,4,proprio,proprio,proprio,ADV,
545-4,BO026,545,545,5,una,una,uno,DET,
545-5,BO026,545,545,6,questione,questione,questione,NOUN,
545-6,BO026,545,545,7,di,di,di,ADP,
545-7,BO026,545,545,8,calcolo,calcolo,calcolo,NOUN,
545-8,BO026,545,545,9-10,dei,dei,_,_,
545-8a,_,_,545,9,_,di,di,ADP,
545-8b,_,_,545,10,_,i,il,DET,
545-9,BO026,545,545,11,crediti,crediti,credito,NOUN,
545-10,BO026,545,545,12,cioè,cioè,cioè,ADV,
545-11,BO026,545,545,13,se,se,se,SCONJ,
545-12,BO026,545,545,14,il,il,il,DET,
545-13,BO026,545,545,15,tirocinio,tirocinio,tirocinio,NOUN,
545-14,BO026,545,545,16,<rientra>,rientra,rientrare,VERB,
545-15,BO026,545,545,17-18,nel,nel,_,_,
545-15a,_,_,545,17,_,in,in,ADP,
545-15b,_,_,545,18,_,il,il,DET,
545-16,BO026,545,545,19,totale,totale,totale,NOUN,
545-17,BO026,545,545,20-21,de:i,dei,_,_,
545-17a,_,_,545,20,_,di,di,ADP,
545-17b,_,_,545,21,_,i,il,DET,
545-18,BO026,545,545,22,"trenta,",trenta,trenta,NUM,
546-0,BO026,546,546,1,"°no,°",no,no,ADV,
547-0,BO026,547,547,1,quanti,quanti,quanto,DET,
547-1,BO026,547,547,2,son~,son~,x,X,
547-2,BO026,547,547,3,no,no,no,ADV,
547-3,BO026,547,547,4,sono,sono,essere,VERB,
547-4,BO026,547,547,5,di,di,di,ADP,
547-5,BO026,547,547,6,più.,più,più,ADV,
548-0,BO039,548,548,1,sono,sono,essere,AUX,
548-1,BO039,548,548,2,trenta,trenta,trenta,NUM,
548-2,BO039,548,548,3,il,il,il,DET,
548-3,BO039,548,548,4,primo,primo,primo,ADJ,
548-4,BO039,548,548,5,semestre,semestre,semestre,NOUN,
548-5,BO039,548,548,6,[e,e,e,CCONJ,
548-6,BO039,548,548,7,trenta,trenta,trenta,NUM,
548-7,BO039,548,548,8,il,il,il,DET,
548-8,BO039,548,548,9,secondo].,secondo,secondo,PRON,
549-0,BO026,549,549,1,[e,e,e,CCONJ,
549-1,BO026,549,549,2,tr~,tr~,trenta,NUM,
549-2,BO026,549,549,3,trenta,trenta,trenta,NUM,
549-3,BO026,549,549,4,il,il,il,DET,
549-4,BO026,549,549,5,secondo].,secondo,secondo,PRON,
550-0,BO026,550,550,1,oppure,oppure,oppure,CCONJ,
550-1,BO026,550,550,2,se,se,se,SCONJ,
550-2,BO026,550,550,3,deve,deve,dovere,AUX,
550-3,BO026,550,550,4,fissare:::,fissare,fissare,VERB,
551-0,BO026,551,551,1,cioè,cioè,cioè,ADV,
551-1,BO026,551,551,2,se,se,se,SCONJ,
551-2,BO026,551,551,3,deve,deve,dovere,AUX,
551-3,BO026,551,551,4,essere,essere,essere,AUX,
551-4,BO026,551,551,5,esterno,esterno,esterno,ADJ,
551-5,BO026,551,551,6,a,a,a,ADP,
551-6,BO026,551,551,7,rispetto,rispetto,rispetto,ADP,
551-7,BO026,551,551,8-9,agli,agli,_,_,
551-7a,_,_,551,8,_,a,a,ADP,
551-7b,_,_,551,9,_,gli,il,DET,
551-8,BO026,551,551,10,esami.,esami,esame,NOUN,
552-0,BO039,552,552,1,ah,ah,ah,INTJ,
552-1,BO039,552,552,2,okay,okay,ok,INTJ,
552-2,BO039,552,552,3,va,va,andare,VERB,
552-3,BO039,552,552,4,bene,bene,bene,ADV,
552-4,BO039,552,552,5,allora,allora,allora,ADV,
552-5,BO039,552,552,6,vad[o:,vado,andare,VERB,
552-6,BO039,552,552,7,x],x,x,X,
553-0,BO026,553,553,1,[and~],and~,x,X,
553-1,BO026,553,553,2,perché,perché,perché,SCONJ,
553-2,BO026,553,553,3,so,so,sapere,VERB,
553-3,BO026,553,553,4,che,che,che,SCONJ,
553-4,BO026,553,553,5,l~,l~,x,X,
553-5,BO026,553,553,6,mh,mh,mh,INTJ,
553-6,BO026,553,553,7,marianna,marianna,Marianna,PROPN,
553-7,BO026,553,553,8,grigi,grigi,Grigi,PROPN,
553-8,BO026,553,553,9,è,è,essere,VERB,
553-9,BO026,553,553,10,qui,qui,qui,ADV,
553-10,BO026,553,553,11,fino,fino,fino,ADV,
553-11,BO026,553,553,12-13,alle,alle,_,_,
553-11a,_,_,553,12,_,a,a,ADP,
553-11b,_,_,553,13,_,le,il,DET,
553-12,BO026,553,553,14,cinque,cinque,cinque,NUM,
553-13,BO026,553,553,15,e,e,e,CCONJ,
553-14,BO026,553,553,16,mezza,mezza,mezzo,NOUN,
553-15,BO026,553,553,17,se,se,se,SCONJ,
553-16,BO026,553,553,18,voi,voi,voi,PRON,
553-17,BO026,553,553,19,anda[te,andate,andare,VERB,
553-18,BO026,553,553,20,(giù)].,giù,giù,ADV,
554-0,BO039,554,554,1,[ah,ah,ah,INTJ,
554-1,BO039,554,554,2,va,va,andare,VERB,
554-2,BO039,554,554,3,bene,bene,bene,ADV,
554-3,BO039,554,554,4,allora:],allora,allora,ADV,
555-0,BO038,555,555,1,[sì,sì,sì,ADV,
555-1,BO038,555,555,2,(magari,magari,magari,ADV,
555-2,BO038,555,555,3-4,al,al,_,_,
555-2a,_,_,555,3,_,a,a,ADP,
555-2b,_,_,555,4,_,il,il,DET,
555-3,BO038,555,555,5,volo:)],volo,volo,NOUN,
556-0,BO026,556,556,1,[la,la,la,PRON,
556-1,BO026,556,556,2,trovate,trovate,trovare,VERB,
556-2,BO026,556,556,3,ancora].,ancora,ancora,ADV,
557-0,BO026,557,557,1,non,non,non,ADV,
557-1,BO026,557,557,2,credo,credo,credere,VERB,
557-2,BO026,557,557,3,che,che,che,SCONJ,
557-3,BO026,557,557,4,faccia,faccia,fare,VERB,
557-4,BO026,557,557,5,ricevimento,ricevimento,ricevimento,NOUN,
557-5,BO026,557,557,6,però,però,però,CCONJ,
557-6,BO026,557,557,7,risolvete,risolvete,risolvere,VERB,
557-7,BO026,557,557,8,subito::,subito,subito,ADV,
557-8,BO026,557,557,9,qu[esto,questo,questo,PRON,
557-9,BO026,557,557,10-11,glielo,glielo,_,_,
557-9a,_,_,557,10,_,glie,gli,PRON,
557-9b,_,_,557,11,_,lo,lo,PRON,
557-10,BO026,557,557,12,dite,dite,dire,VERB,
557-11,BO026,557,557,13,"bussat]e,",bussate,bussare,VERB,
558-0,BO039,558,558,1,[va,va,andare,VERB,
558-1,BO039,558,558,2,bene,bene,bene,ADV,
558-2,BO039,558,558,3,magari,magari,magari,ADV,
558-3,BO039,558,558,4-5,glielo,glielo,_,_,
558-3a,_,_,558,4,_,glie,gli,PRON,
558-3b,_,_,558,5,_,lo,lo,PRON,
558-4,BO039,558,558,6,chiediamo:],chiediamo,chiedere,VERB,
559-0,BO038,559,559,1,e:,e,e,CCONJ,
559-1,BO038,559,559,2,io,io,io,PRON,
559-2,BO038,559,559,3,magari,magari,magari,ADV,
559-3,BO038,559,559,4,mi,mi,mi,PRON,
559-4,BO038,559,559,5,{P},{P},_,_,
559-5,BO038,559,559,6,a,a,a,ADP,
559-6,BO038,559,559,7,me,me,me,PRON,
559-7,BO038,559,559,8,magari,magari,magari,ADV,
559-8,BO038,559,559,9,conviene,conviene,convenire,VERB,
559-9,BO038,559,559,10,prima,prima,prima,ADV,
559-10,BO038,559,559,11,scrivere,scrivere,scrivere,VERB,
559-11,BO038,559,559,12,a,a,a,ADP,
559-12,BO038,559,559,13,loro,loro,loro,PRON,
559-13,BO038,559,559,14,e,e,e,CCONJ,
559-14,BO038,559,559,15,chiedere,chiedere,chiedere,VERB,
559-15,BO038,559,559,16,se,se,se,SCONJ,
559-16,BO038,559,559,17,posso:,posso,potere,AUX,
559-17,BO038,559,559,18,inserire,inserire,inserire,VERB,
559-18,BO038,559,559,19,antropologia.,antropologia,antropologia,NOUN,
560-0,BO026,560,560,1,sì.,sì,sì,ADV,
561-0,BO038,561,561,1-2,nel,nel,_,_,
561-0a,_,_,561,1,_,in,in,ADP,
561-0b,_,_,561,2,_,il,il,DET,
561-1,BO038,561,561,3,learn[ing,learning,learning,NOUN,
561-2,BO038,561,561,4,a]greement,agreement,agreement,NOUN,
561-3,BO038,561,561,5,e,e,e,CCONJ,
561-4,BO038,561,561,6,[poi,poi,poi,ADV,
561-5,BO038,561,561,7,p]ro~,pro~,procedere,VERB,
561-6,BO038,561,561,8,procedere,procedere,procedere,VERB,
561-7,BO038,561,561,9,[perché,perché,perché,SCONJ,
561-8,BO038,561,561,10,non,non,non,ADV,
561-9,BO038,561,561,11,"vorrei],",vorrei,volere,AUX,
562-0,BO026,562,562,1,[sì].,sì,sì,ADV,
563-0,BO026,563,563,1,[sì].,sì,sì,ADV,
564-0,BO026,564,564,1,[secondo,secondo,secondo,ADP,
564-1,BO026,564,564,2,me,me,me,PRON,
564-2,BO026,564,564,3,non,non,non,ADV,
564-3,BO026,564,564,4,dovr]ebbero,dovrebbero,dovere,AUX,
564-4,BO026,564,564,5-6,esserci,esserci,_,_,
564-4a,_,_,564,5,_,esser,essere,VERB,
564-4b,_,_,564,6,_,ci,ci,PRON,
564-5,BO026,564,564,7,problemi,problemi,problema,NOUN,
564-6,BO026,564,564,8,perché,perché,perché,SCONJ,
564-7,BO026,564,564,9,<se>,se,se,SCONJ,
564-8,BO026,564,564,10,non,non,non,ADV,
564-9,BO026,564,564,11,ricordo,ricordo,ricordare,VERB,
564-10,BO026,564,564,12,male,male,male,ADV,
564-11,BO026,564,564,13,in,in,in,ADP,
564-12,BO026,564,564,14,"passato,",passato,passato,NOUN,
565-0,BO026,565,565,1,e::ra,era,essere,VERB,
565-1,BO026,565,565,2,di,di,di,ADP,
565-2,BO026,565,565,3,un,un,uno,DET,
565-3,BO026,565,565,4,altro,altro,altro,ADJ,
565-4,BO026,565,565,5,dipartimento,dipartimento,dipartimento,NOUN,
565-5,BO026,565,565,6,ed,ed,e,CCONJ,
565-6,BO026,565,565,7,era,era,essere,AUX,
565-7,BO026,565,565,8,una,una,uno,DET,
565-8,BO026,565,565,9,scelta,scelta,scelta,NOUN,
565-9,BO026,565,565,10,libera,libera,libero,ADJ,
565-10,BO026,565,565,11,e,e,e,CCONJ,
565-11,BO026,565,565,12,lo,lo,il,DET,
565-12,BO026,565,565,13,studente:,studente,studente,NOUN,
565-13,BO026,565,565,14,a~,a~,x,X,
565-14,BO026,565,565,15,(o),o,o,CCONJ,
565-15,BO026,565,565,16,una,una,uno,DET,
565-16,BO026,565,565,17,student[e,studente,studente,NOUN,
565-17,BO026,565,565,18,era,era,essere,AUX,
565-18,BO026,565,565,19,"stata],",stata,essere,VERB,
566-0,BO038,566,566,1,[credo,credo,credere,VERB,
566-1,BO038,566,566,2,che,che,che,SCONJ,
566-2,BO038,566,566,3,sia,sia,essere,AUX,
566-3,BO038,566,566,4,ape]rto,aperto,aprire,VERB,
566-4,BO038,566,566,5-6,all',all',_,_,
566-4a,_,_,566,5,_,a,a,ADP,
566-4b,_,_,566,6,_,l',il,DET,
566-5,BO038,566,566,7,era~,era~,x,X,
566-6,BO038,566,566,8-9,al,al,_,_,
566-6a,_,_,566,8,_,a,a,ADP,
566-6b,_,_,566,9,_,il,il,DET,
566-7,BO038,566,566,10-11,[al],al,_,_,
566-7a,_,_,566,10,_,a,a,ADP,
566-7b,_,_,566,11,_,il,il,DET,
566-8,BO038,566,566,12-13,agli,agli,_,_,
566-8a,_,_,566,12,_,a,a,ADP,
566-8b,_,_,566,13,_,gli,il,DET,
566-9,BO038,566,566,14,e[rasmu:s,erasmus,Erasmus,PROPN,
566-10,BO038,566,566,15,perché,perché,perché,SCONJ,
566-11,BO038,566,566,16,io],io,io,PRON,
566-12,BO038,566,566,17,avevo,avevo,avere,AUX,
566-13,BO038,566,566,18,fatto,fatto,fare,VERB,
566-14,BO038,566,566,19,domanda,domanda,domanda,NOUN,
566-15,BO038,566,566,20,per,per,per,ADP,
566-16,BO038,566,566,21,eventualmente,eventualmente,eventualmente,ADV,
566-17,BO038,566,566,22,inserire,inserire,inserire,VERB,
566-18,BO038,566,566,23,"geografia,",geografia,geografia,NOUN,
567-0,BO026,567,567,1,[sì].,sì,sì,ADV,
568-0,BO026,568,568,1,[sì].,sì,sì,ADV,
569-0,BO039,569,569,1,[sì,sì,sì,ADV,
569-1,BO039,569,569,2,sì,sì,sì,ADV,
569-2,BO039,569,569,3,lo,lo,lo,PRON,
569-3,BO039,569,569,4,cre(do)],credo,credere,VERB,
570-0,BO038,570,570,1,per[ò,però,però,CCONJ,
570-1,BO038,570,570,2,mi,mi,mi,PRON,
570-2,BO038,570,570,3,h]anno::,hanno,avere,AUX,
570-3,BO038,570,570,4,declinato,declinato,declinare,VERB,
570-4,BO038,570,570,6,[da]:,da,da,ADP,
570-5,BO038,570,570,7-7,dal,dal,_,_,
570-5b,,,,,_,da,da,ADP,
570-5a,_,_,570,7,_,l,il,DET,
570-6,BO038,570,570,8,dipartimento,dipartimento,dipartimento,NOUN,
570-7,BO038,570,570,9,perché,perché,perché,SCONJ,
570-8,BO038,570,570,10,mi,mi,mi,PRON,
570-9,BO038,570,570,11,hanno,hanno,avere,AUX,
570-10,BO038,570,570,12,detto,detto,dire,VERB,
570-11,BO038,570,570,13,che,che,che,SCONJ,
570-12,BO038,570,570,14,cercano,cercano,cercare,VERB,
570-13,BO038,570,570,15,"comunque,",comunque,comunque,ADV,
571-0,BO026,571,571,1,[mh],mh,mh,INTJ,
572-0,BO026,572,572,1,[mh],mh,mh,INTJ,
573-0,BO038,573,573,1,cioè,cioè,cioè,ADV,
573-1,BO038,573,573,2,solitamente,solitamente,solitamente,ADV,
573-2,BO038,573,573,3,ammettono,ammettono,ammettere,VERB,
573-3,BO038,573,573,4,[persone,persone,persona,NOUN,
573-4,BO038,573,573,5,co:n],con,con,ADP,
573-5,BO038,573,573,6,e:h,eh,eh,INTJ,
574-0,BO026,574,574,1,[gli,gli,il,DET,
574-1,BO026,574,574,2,immatricola~],immatricola~,x,X,
575-0,BO038,575,575,1,con,con,con,ADP,
575-1,BO038,575,575,2,studi,studi,studio,NOUN,
575-2,BO038,575,575,3,un,un,uno,DET,
575-3,BO038,575,575,4,po',po',poco,NOUN,
575-4,BO038,575,575,5,pi[ù,più,più,ADV,
575-5,BO038,575,575,6,speci]fici.,specifici,specifico,ADJ,
576-0,BO026,576,576,1,[uh].,uh,uh,INTJ,
577-0,BO038,577,577,1,quindi,quindi,quindi,CCONJ,
577-1,BO038,577,577,2,geografia,geografia,geografia,NOUN,
577-2,BO038,577,577,3,non,non,non,ADV,
577-3,BO038,577,577,4,avrei,avrei,avere,AUX,
577-4,BO038,577,577,5,potuto,potuto,potere,AUX,
577-5,BO038,577,577,6-7,[metterl]a,metterla,_,_,
577-5a,_,_,577,6,_,metter,mettere,VERB,
577-5b,_,_,577,7,_,la,la,PRON,
577-6,BO038,577,577,8,{P},{P},_,_,
577-7,BO038,577,577,9,tra,tra,tra,ADP,
577-8,BO038,577,577,10,gli,gli,il,DET,
577-9,BO038,577,577,11,esami,esami,esame,NOUN,
577-10,BO038,577,577,12,a,a,a,ADP,
577-11,BO038,577,577,13,scelta,scelta,scelta,NOUN,
577-12,BO038,577,577,14,di,di,di,ADP,
577-13,BO038,577,577,15,quel,quel,quello,DET,
577-14,BO038,577,577,16,blo:c[co,blocco,blocco,NOUN,
577-15,BO038,577,577,17,blab]labla.,blablabla,blablabla,INTJ,
578-0,BO026,578,578,1,[mh,mh,mh,INTJ,
578-1,BO026,578,578,2,mh].,mh,mh,INTJ,
579-0,BO026,579,579,1,[sì:],sì,sì,ADV,
580-0,BO026,580,580,1,sì.,sì,sì,ADV,
581-0,BO038,581,581,1,solo,solo,solo,ADV,
581-1,BO038,581,581,2,che,che,che,SCONJ,
581-2,BO038,581,581,3,eventualmente,eventualmente,eventualmente,ADV,
581-3,BO038,581,581,4,{P},{P},_,_,
581-4,BO038,581,581,5,ecco,ecco,ecco,ADV,
581-5,BO038,581,581,6,antropologia,antropologia,antropologia,NOUN,
581-6,BO038,581,581,7,voglio,voglio,volere,AUX,
581-7,BO038,581,581,8,dire,dire,dire,VERB,
581-8,BO038,581,581,9-10,alla,alla,_,_,
581-8a,_,_,581,9,_,a,a,ADP,
581-8b,_,_,581,10,_,la,il,DET,
581-9,BO038,581,581,11,"fine,",fine,fine,NOUN,
582-0,BO038,582,582,1,okay,okay,ok,INTJ,
582-1,BO038,582,582,2,pe[rfetto].,perfetto,perfetto,ADJ,
583-0,BO026,583,583,1,[sì],sì,sì,ADV,
583-1,BO026,583,583,2,lei,lei,lei,PRON,
583-2,BO026,583,583,3,lo,lo,lo,PRON,
583-3,BO026,583,583,4,lo,lo,lo,PRON,
583-4,BO026,583,583,5,lo,lo,lo,PRON,
583-5,BO026,583,583,6,dica,dica,dire,VERB,
583-6,BO026,583,583,7,anche,anche,anche,ADV,
583-7,BO026,583,583,8,che::,che,che,SCONJ,
584-0,BO026,584,584,1,è,è,essere,AUX,
584-1,BO026,584,584,2,una,una,uno,DET,
584-2,BO026,584,584,3,scelta,scelta,scelta,NOUN,
584-3,BO026,584,584,4,sia,sia,sia,CCONJ,
584-4,BO026,584,584,5,per,per,per,ADP,
584-5,BO026,584,584,6,interesse,interesse,interesse,NOUN,
584-6,BO026,584,584,7,sia,sia,sia,CCONJ,
584-7,BO026,584,584,8,"perché,",perché,perché,SCONJ,
585-0,BO026,585,585,1,non,non,non,ADV,
585-1,BO026,585,585,2,crea:::,crea,creare,VERB,
585-2,BO026,585,585,3,insomma,insomma,insomma,ADV,
585-3,BO026,585,585,4,è,è,essere,AUX,
585-4,BO026,585,585,5,uh,uh,uh,INTJ,
585-5,BO026,585,585,6,risulta,risulta,risultare,VERB,
585-6,BO026,585,585,7,equiva[lente,equivalente,equivalente,ADJ,
585-7,BO026,585,585,8,a:],a,a,ADP,
586-0,BO038,586,586,1,[>sì,sì,sì,ADV,
586-1,BO038,586,586,2,sì,sì,sì,ADV,
586-2,BO038,586,586,3,sì,sì,sì,ADV,
586-3,BO038,586,586,4,sì,sì,sì,ADV,
586-4,BO038,586,586,5,sì,sì,sì,ADV,
586-5,BO038,586,586,6,s]ì,sì,sì,ADV,
586-6,BO038,586,586,7,o[vvio<].,ovvio,ovvio,ADJ,
587-0,BO026,587,587,1,[a,a,a,ADP,
587-1,BO026,587,587,2,que]lla,quella,quello,PRON,
587-2,BO026,587,587,3,italiana.,italiana,italiano,ADJ,
588-0,BO026,588,588,1,va,va,andare,VERB,
588-1,BO026,588,588,2,bene?,bene,bene,ADV,
589-0,BO039,589,589,1,va,va,andare,VERB,
589-1,BO039,589,589,2,[bene].,bene,bene,ADV,
590-0,BO038,590,590,1,[°beni]ssimo.°,benissimo,bene,ADV,
591-0,BO039,591,591,1,grazie,grazie,grazie,INTJ,
591-1,BO039,591,591,2,mille.,mille,mille,NUM,
592-0,BO038,592,592,1,gra[zie,grazie,grazie,INTJ,
592-1,BO038,592,592,2,mille].,mille,mille,NUM,
593-0,BO026,593,593,1,[buon,buon,buono,ADJ,
593-1,BO026,593,593,2,viaggio,viaggio,viaggio,NOUN,
593-2,BO026,593,593,3,allora,allora,allora,ADV,
593-3,BO026,593,593,4,xx].,xx,x,X,
594-0,BO039,594,594,1,[grazie].,grazie,grazie,INTJ,
595-0,BO038,595,595,1,[graz]ie.,grazie,grazie,INTJ,
596-0,BO026,596,596,1-2,a[rrivederci].,arrivederci,arrivederci,INTJ,
597-0,BO039,597,597,1-2,[arrivederci].,arrivederci,arrivederci,INTJ,
598-0,BO038,598,598,1-2,[arrivederci].,arrivederci,arrivederci,INTJ,